query_run_id,dataset_id,runtime_config_id,template_id,instance_id,severity_contract,severity_model_role,severity_score,severity_band,deployment_relative_intensity_score,wan_fetch_intensity_score,memory_spill_intensity_score,imbalance_intensity_score,capacity_intensity_score,corpus_relative_severity_score,sum_pressure_score,tail_pressure_score,capacity_relative_severity_score,timeout_relative_severity_score,severity_basis,execution_time_seconds,execution_time_corpus_percentile,hard_timeout_seconds,timeout_utilization_ratio,wan_output_rows,wan_output_bytes,wan_output_mb,wan_output_bytes_corpus_percentile,remote_region_tuple_bytes_sum,remote_region_tuple_bytes_corpus_percentile,regional_reduction_input_rows_proxy,regional_reduction_input_bytes_proxy,regional_reduction_input_mb_proxy,drf_rows_proxy,drf_bytes_proxy,temp_blocks_sum,temp_mb,temp_blocks_corpus_percentile,remote_region_rows_isf,remote_region_rows_isf_corpus_percentile,worker_task_scan_rows_isf,worker_task_scan_rows_isf_corpus_percentile,worker_task_within_region_scan_rows_isf_max,worker_task_within_region_scan_rows_isf_corpus_percentile,active_task_share,active_task_share_corpus_percentile,tasks_per_worker_ratio,tasks_per_worker_ratio_corpus_percentile,task_count_to_configured_region_shard_slots_ratio,task_count_to_configured_region_shard_slots_corpus_percentile,task_count_to_observed_region_shard_slots_ratio,task_count_to_observed_region_shard_slots_corpus_percentile
20260704T021650Z-clean-run-eu-us-gac-region-asymmetry--3bac889b763f--gion_global_user_join__lookback_days-30__limit_k-50,pilot-balanced-v1,default,gac_fdw_multiregion_global_user_join,asymmetry_mr_global_user_join__dataset-pilot-balanced-v1__runtime-default__gac_fdw_multiregion_global_user_join__lookback_days-30__limit_k-50,deployment_relative_pressure_proxy_v2,posthoc_audit_not_clustering_input,1.0,critical,1.0,0.9045749633561659,1.0,0.3351111111111111,1.0,,1.0,0.3351111111111111,1.0,0.01847704,"wan_fetch_intensity,memory_spill_intensity,imbalance_intensity,capacity_intensity,timeout_utilization",5.543112,,300.0,0.01847704,600000.0,19126272.0,18.240234375,,19126272.0,,600000.0,19126272.0,18.240234375,1.0,1.0,149049.0,1164.4453125,,1.0,,2.005333333333333,,2.005333333333333,,2.0,,32.0,,2.0,,2.0,
20260704T021714Z-clean-run-eu-us-gac-region-asymmetry--a9bb6af3e084--vent_filter_summary__lookback_days-1__min_value-900,pilot-balanced-v1,default,gac_fdw_multiregion_event_filter_summary,asymmetry_mr_event_filter_summary__dataset-pilot-balanced-v1__runtime-default__gac_fdw_multiregion_event_filter_summary__lookback_days-1__min_value-900,deployment_relative_pressure_proxy_v2,posthoc_audit_not_clustering_input,0.9202699384213825,high,0.9202699384213825,0.9202699384213825,0.0,0.14624987313508578,0.543457015946535,,0.9202699384213825,0.14624987313508578,0.543457015946535,0.0012943433333333333,"wan_fetch_intensity,memory_spill_intensity,imbalance_intensity,capacity_intensity,timeout_utilization",0.388303,,300.0,0.0012943433333333333,39935.0,638976.0,0.609375,,638976.0,,39935.0,638976.0,0.609375,1.0,1.0,0.0,0.0,,1.0130962814573683,,1.4199073494428447,,1.4387496194052574,,1.0,,16.0,,1.0,,1.0,
20260704T021730Z-clean-run-eu-us-gac-region-asymmetry--070dfdc21c67--lti_dimension_rollup__lookback_days-30__limit_k-100,pilot-balanced-v1,default,gac_fdw_multiregion_multi_dimension_rollup,asymmetry_mr_multi_dimension_rollup__dataset-pilot-balanced-v1__runtime-default__gac_fdw_multiregion_multi_dimension_rollup__lookback_days-30__limit_k-100,deployment_relative_pressure_proxy_v2,posthoc_audit_not_clustering_input,1.0,critical,1.0,0.7559186416722582,1.0,0.34330011074197114,1.0,,1.0,0.34330011074197114,1.0,0.01424082,"wan_fetch_intensity,memory_spill_intensity,imbalance_intensity,capacity_intensity,timeout_utilization",4.272246,,300.0,0.01424082,602000.0,17530880.0,16.71875,,17530880.0,,602000.0,17530880.0,16.71875,1.0,1.0,120253.0,939.4765625,,1.0,,2.0299003322259135,,2.0299003322259135,,2.03125,,32.5,,2.03125,,2.03125,
20260704T021750Z-clean-run-eu-us-gac-region-asymmetry--91b588442296--u_tenant_id-5__us_tenant_id-10800__lookback_days-30,pilot-balanced-v1,default,gac_fdw_multiregion_tenant_point_rollup,asymmetry_mr_tenant_point_control__dataset-pilot-balanced-v1__runtime-default__gac_fdw_multiregion_tenant_point_rollup__eu_tenant_id-5__us_tenant_id-10800__lookback_days-30,deployment_relative_pressure_proxy_v2,posthoc_audit_not_clustering_input,0.4602055994052901,low,0.4602055994052901,0.4602055994052901,0.0,0.0,0.0,,0.4602055994052901,0.0,0.0,0.00035560333333333334,"wan_fetch_intensity,memory_spill_intensity,imbalance_intensity,capacity_intensity,timeout_utilization",0.106681,,300.0,0.00035560333333333334,400.0,9600.0,0.0091552734375,,9600.0,,800.0,19200.0,0.018310546875,2.0,2.0,0.0,0.0,,1.0,,1.0,,1.0,,0.03125,,0.5,,0.03125,,0.03125,
20260704T021806Z-clean-run-eu-us-gac-region-asymmetry--14a824853ab9--rollup__lookback_days-30__min_value-500__limit_k-50,pilot-balanced-v1,default,gac_fdw_multiregion_daily_tenant_rollup,asymmetry_mr_daily_tenant_rollup__dataset-pilot-balanced-v1__runtime-default__gac_fdw_multiregion_daily_tenant_rollup__lookback_days-30__min_value-500__limit_k-50,deployment_relative_pressure_proxy_v2,posthoc_audit_not_clustering_input,1.0,critical,1.0,0.72039139270077,1.0,0.16685402280391845,0.543457015946535,,1.0,0.16685402280391845,0.543457015946535,0.004909823333333333,"wan_fetch_intensity,memory_spill_intensity,imbalance_intensity,capacity_intensity,timeout_utilization",1.472947,,300.0,0.004909823333333333,199954.0,4798464.0,4.576171875,,4798464.0,,199954.0,4798464.0,4.576171875,1.0,1.0,4414.0,34.484375,,1.003450793682547,,1.4953839383058103,,1.5005620684117553,,1.0,,16.0,,1.0,,1.0,
20260704T021822Z-clean-run-eu-us-gac-region-asymmetry--d7841d999c4a--u_tenant_id-1__us_tenant_id-10800__lookback_days-30,pilot-balanced-v1,default,gac_fdw_multiregion_tenant_point_rollup,asymmetry_mr_tenant_point_control__dataset-pilot-balanced-v1__runtime-default__gac_fdw_multiregion_tenant_point_rollup__eu_tenant_id-1__us_tenant_id-10800__lookback_days-30,deployment_relative_pressure_proxy_v2,posthoc_audit_not_clustering_input,0.4602055994052901,low,0.4602055994052901,0.4602055994052901,0.0,0.0,0.0,,0.4602055994052901,0.0,0.0,0.00035307333333333335,"wan_fetch_intensity,memory_spill_intensity,imbalance_intensity,capacity_intensity,timeout_utilization",0.105922,,300.0,0.00035307333333333335,400.0,9600.0,0.0091552734375,,9600.0,,800.0,19200.0,0.018310546875,2.0,2.0,0.0,0.0,,1.0,,1.0,,1.0,,0.03125,,0.5,,0.03125,,0.03125,
20260704T021838Z-clean-run-eu-us-gac-region-asymmetry--44da9e682816--_tenant_id-800__us_tenant_id-10100__lookback_days-7,pilot-balanced-v1,default,gac_fdw_multiregion_tenant_point_rollup,asymmetry_mr_tenant_point_control__dataset-pilot-balanced-v1__runtime-default__gac_fdw_multiregion_tenant_point_rollup__eu_tenant_id-800__us_tenant_id-10100__lookback_days-7,deployment_relative_pressure_proxy_v2,posthoc_audit_not_clustering_input,0.4602055994052901,low,0.4602055994052901,0.4602055994052901,0.0,0.0,0.0,,0.4602055994052901,0.0,0.0,0.00035337666666666667,"wan_fetch_intensity,memory_spill_intensity,imbalance_intensity,capacity_intensity,timeout_utilization",0.106013,,300.0,0.00035337666666666667,400.0,9600.0,0.0091552734375,,9600.0,,800.0,19200.0,0.018310546875,2.0,2.0,0.0,0.0,,1.0,,1.0,,1.0,,0.03125,,0.5,,0.03125,,0.03125,
20260704T021852Z-clean-run-eu-us-gac-region-asymmetry--3e0e26a4774c--eu_tenant_id-5__us_tenant_id-10005__lookback_days-7,pilot-balanced-v1,default,gac_fdw_multiregion_tenant_point_rollup,asymmetry_mr_tenant_point_control__dataset-pilot-balanced-v1__runtime-default__gac_fdw_multiregion_tenant_point_rollup__eu_tenant_id-5__us_tenant_id-10005__lookback_days-7,deployment_relative_pressure_proxy_v2,posthoc_audit_not_clustering_input,0.4602055994052901,low,0.4602055994052901,0.4602055994052901,0.0,0.0,0.0,,0.4602055994052901,0.0,0.0,0.00035739,"wan_fetch_intensity,memory_spill_intensity,imbalance_intensity,capacity_intensity,timeout_utilization",0.107217,,300.0,0.00035739,400.0,9600.0,0.0091552734375,,9600.0,,800.0,19200.0,0.018310546875,2.0,2.0,0.0,0.0,,1.0,,1.0,,1.0,,0.03125,,0.5,,0.03125,,0.03125,
20260704T021906Z-clean-run-eu-us-gac-region-asymmetry--afa8b901da6b--_tenant_id-100__us_tenant_id-10800__lookback_days-7,pilot-balanced-v1,default,gac_fdw_multiregion_tenant_point_rollup,asymmetry_mr_tenant_point_control__dataset-pilot-balanced-v1__runtime-default__gac_fdw_multiregion_tenant_point_rollup__eu_tenant_id-100__us_tenant_id-10800__lookback_days-7,deployment_relative_pressure_proxy_v2,posthoc_audit_not_clustering_input,0.4602055994052901,low,0.4602055994052901,0.4602055994052901,0.0,0.0,0.0,,0.4602055994052901,0.0,0.0,0.00034818666666666664,"wan_fetch_intensity,memory_spill_intensity,imbalance_intensity,capacity_intensity,timeout_utilization",0.104456,,300.0,0.00034818666666666664,400.0,9600.0,0.0091552734375,,9600.0,,800.0,19200.0,0.018310546875,2.0,2.0,0.0,0.0,,1.0,,1.0,,1.0,,0.03125,,0.5,,0.03125,,0.03125,
20260704T021920Z-clean-run-eu-us-gac-region-asymmetry--048de8461803--eu_tenant_id-5__us_tenant_id-10001__lookback_days-7,pilot-balanced-v1,default,gac_fdw_multiregion_tenant_point_rollup,asymmetry_mr_tenant_point_control__dataset-pilot-balanced-v1__runtime-default__gac_fdw_multiregion_tenant_point_rollup__eu_tenant_id-5__us_tenant_id-10001__lookback_days-7,deployment_relative_pressure_proxy_v2,posthoc_audit_not_clustering_input,0.4602055994052901,low,0.4602055994052901,0.4602055994052901,0.0,0.0,0.0,,0.4602055994052901,0.0,0.0,0.0003479066666666667,"wan_fetch_intensity,memory_spill_intensity,imbalance_intensity,capacity_intensity,timeout_utilization",0.104372,,300.0,0.0003479066666666667,400.0,9600.0,0.0091552734375,,9600.0,,800.0,19200.0,0.018310546875,2.0,2.0,0.0,0.0,,1.0,,1.0,,1.0,,0.03125,,0.5,,0.03125,,0.03125,
20260704T021934Z-clean-run-eu-us-gac-region-asymmetry--8feef1e53d5c--_rollup__lookback_days-1__min_value-500__limit_k-50,pilot-balanced-v1,default,gac_fdw_multiregion_daily_tenant_rollup,asymmetry_mr_daily_tenant_rollup__dataset-pilot-balanced-v1__runtime-default__gac_fdw_multiregion_daily_tenant_rollup__lookback_days-1__min_value-500__limit_k-50,deployment_relative_pressure_proxy_v2,posthoc_audit_not_clustering_input,0.8875123018479644,high,0.8875123018479644,0.72039139270077,0.8875123018479644,0.16685402280391845,0.543457015946535,,0.8875123018479644,0.16685402280391845,0.543457015946535,0.004129836666666667,"wan_fetch_intensity,memory_spill_intensity,imbalance_intensity,capacity_intensity,timeout_utilization",1.238951,,300.0,0.004129836666666667,199954.0,4798464.0,4.576171875,,4798464.0,,199954.0,4798464.0,4.576171875,1.0,1.0,1858.0,14.515625,,1.003450793682547,,1.4953839383058103,,1.5005620684117553,,1.0,,16.0,,1.0,,1.0,
20260704T021949Z-clean-run-eu-us-gac-region-asymmetry--3bd1475f5525--u_tenant_id-1__us_tenant_id-10100__lookback_days-30,pilot-balanced-v1,default,gac_fdw_multiregion_tenant_point_rollup,asymmetry_mr_tenant_point_control__dataset-pilot-balanced-v1__runtime-default__gac_fdw_multiregion_tenant_point_rollup__eu_tenant_id-1__us_tenant_id-10100__lookback_days-30,deployment_relative_pressure_proxy_v2,posthoc_audit_not_clustering_input,0.4602055994052901,low,0.4602055994052901,0.4602055994052901,0.0,0.0,0.0,,0.4602055994052901,0.0,0.0,0.0003764966666666666,"wan_fetch_intensity,memory_spill_intensity,imbalance_intensity,capacity_intensity,timeout_utilization",0.112949,,300.0,0.0003764966666666666,400.0,9600.0,0.0091552734375,,9600.0,,800.0,19200.0,0.018310546875,2.0,2.0,0.0,0.0,,1.0,,1.0,,1.0,,0.03125,,0.5,,0.03125,,0.03125,
20260704T022005Z-clean-run-eu-us-gac-region-asymmetry--14f57387442b--eu_tenant_id-5__us_tenant_id-10800__lookback_days-7,pilot-balanced-v1,default,gac_fdw_multiregion_tenant_point_rollup,asymmetry_mr_tenant_point_control__dataset-pilot-balanced-v1__runtime-default__gac_fdw_multiregion_tenant_point_rollup__eu_tenant_id-5__us_tenant_id-10800__lookback_days-7,deployment_relative_pressure_proxy_v2,posthoc_audit_not_clustering_input,0.4602055994052901,low,0.4602055994052901,0.4602055994052901,0.0,0.0,0.0,,0.4602055994052901,0.0,0.0,0.00039524,"wan_fetch_intensity,memory_spill_intensity,imbalance_intensity,capacity_intensity,timeout_utilization",0.118572,,300.0,0.00039524,400.0,9600.0,0.0091552734375,,9600.0,,800.0,19200.0,0.018310546875,2.0,2.0,0.0,0.0,,1.0,,1.0,,1.0,,0.03125,,0.5,,0.03125,,0.03125,
20260704T022019Z-clean-run-eu-us-gac-region-asymmetry--8962701ce130--ltiregion_top_tenants__lookback_days-30__limit_k-50,pilot-balanced-v1,default,gac_fdw_multiregion_top_tenants,asymmetry_mr_top_tenants__dataset-pilot-balanced-v1__runtime-default__gac_fdw_multiregion_top_tenants__lookback_days-30__limit_k-50,deployment_relative_pressure_proxy_v2,posthoc_audit_not_clustering_input,0.8868020655329737,high,0.8868020655329737,0.7806173193661903,0.8868020655329737,0.168,0.543457015946535,,0.8868020655329737,0.168,0.543457015946535,0.008431653333333334,"wan_fetch_intensity,memory_spill_intensity,imbalance_intensity,capacity_intensity,timeout_utilization",2.529496,,300.0,0.008431653333333334,400000.0,9601024.0,9.15625,,9601024.0,,400000.0,9601024.0,9.15625,1.0,1.0,3712.0,29.0,,1.0,,1.504,,1.504,,1.0,,16.0,,1.0,,1.0,
20260704T022035Z-clean-run-eu-us-gac-region-asymmetry--bbc75dad398d--u_tenant_id-1__us_tenant_id-10001__lookback_days-30,pilot-balanced-v1,default,gac_fdw_multiregion_tenant_point_rollup,asymmetry_mr_tenant_point_control__dataset-pilot-balanced-v1__runtime-default__gac_fdw_multiregion_tenant_point_rollup__eu_tenant_id-1__us_tenant_id-10001__lookback_days-30,deployment_relative_pressure_proxy_v2,posthoc_audit_not_clustering_input,0.4602055994052901,low,0.4602055994052901,0.4602055994052901,0.0,0.0,0.0,,0.4602055994052901,0.0,0.0,0.0003527366666666667,"wan_fetch_intensity,memory_spill_intensity,imbalance_intensity,capacity_intensity,timeout_utilization",0.105821,,300.0,0.0003527366666666667,400.0,9600.0,0.0091552734375,,9600.0,,800.0,19200.0,0.018310546875,2.0,2.0,0.0,0.0,,1.0,,1.0,,1.0,,0.03125,,0.5,,0.03125,,0.03125,
20260704T022049Z-clean-run-eu-us-gac-region-asymmetry--825cc13bd8b1--nt_rollup__lookback_days-1__min_value-0__limit_k-50,pilot-balanced-v1,default,gac_fdw_multiregion_daily_tenant_rollup,asymmetry_mr_daily_tenant_rollup__dataset-pilot-balanced-v1__runtime-default__gac_fdw_multiregion_daily_tenant_rollup__lookback_days-1__min_value-0__limit_k-50,deployment_relative_pressure_proxy_v2,posthoc_audit_not_clustering_input,0.8868020655329737,high,0.8868020655329737,0.7806173193661903,0.8868020655329737,0.168,0.543457015946535,,0.8868020655329737,0.168,0.543457015946535,0.007287910000000001,"wan_fetch_intensity,memory_spill_intensity,imbalance_intensity,capacity_intensity,timeout_utilization",2.186373,,300.0,0.007287910000000001,400000.0,9601024.0,9.15625,,9601024.0,,400000.0,9601024.0,9.15625,1.0,1.0,3712.0,29.0,,1.0,,1.504,,1.504,,1.0,,16.0,,1.0,,1.0,
20260704T022106Z-clean-run-eu-us-gac-region-asymmetry--9a7d87573b27--fdw_multiregion_raw_region_rollup__lookback_days-30,pilot-balanced-v1,default,gac_fdw_multiregion_raw_region_rollup,asymmetry_mr_raw_region_rollup__dataset-pilot-balanced-v1__runtime-default__gac_fdw_multiregion_raw_region_rollup__lookback_days-30,deployment_relative_pressure_proxy_v2,posthoc_audit_not_clustering_input,1.0,critical,1.0,1.0,0.9685167534680252,0.168,0.543457015946535,,1.0,0.168,0.543457015946535,0.008086973333333334,"wan_fetch_intensity,memory_spill_intensity,imbalance_intensity,capacity_intensity,timeout_utilization",2.426092,,300.0,0.008086973333333334,400000.0,6400000.0,6.103515625,,6400000.0,,400000.0,6400000.0,6.103515625,1.0,1.0,2932.0,22.90625,,1.0,,1.504,,1.504,,1.0,,16.0,,1.0,,1.0,
20260704T022123Z-clean-run-eu-us-gac-region-asymmetry--61745e31e697--_tenant_id-100__us_tenant_id-10100__lookback_days-7,pilot-balanced-v1,default,gac_fdw_multiregion_tenant_point_rollup,asymmetry_mr_tenant_point_control__dataset-pilot-balanced-v1__runtime-default__gac_fdw_multiregion_tenant_point_rollup__eu_tenant_id-100__us_tenant_id-10100__lookback_days-7,deployment_relative_pressure_proxy_v2,posthoc_audit_not_clustering_input,0.4602055994052901,low,0.4602055994052901,0.4602055994052901,0.0,0.0,0.0,,0.4602055994052901,0.0,0.0,0.0003570233333333333,"wan_fetch_intensity,memory_spill_intensity,imbalance_intensity,capacity_intensity,timeout_utilization",0.107107,,300.0,0.0003570233333333333,400.0,9600.0,0.0091552734375,,9600.0,,800.0,19200.0,0.018310546875,2.0,2.0,0.0,0.0,,1.0,,1.0,,1.0,,0.03125,,0.5,,0.03125,,0.03125,
20260704T022138Z-clean-run-eu-us-gac-region-asymmetry--a85d09d19f95--gion_global_user_join__lookback_days-30__limit_k-25,pilot-balanced-v1,default,gac_fdw_multiregion_global_user_join,asymmetry_mr_global_user_join__dataset-pilot-balanced-v1__runtime-default__gac_fdw_multiregion_global_user_join__lookback_days-30__limit_k-25,deployment_relative_pressure_proxy_v2,posthoc_audit_not_clustering_input,1.0,critical,1.0,0.9045749633561659,1.0,0.3351111111111111,1.0,,1.0,0.3351111111111111,1.0,0.01706391,"wan_fetch_intensity,memory_spill_intensity,imbalance_intensity,capacity_intensity,timeout_utilization",5.119173,,300.0,0.01706391,600000.0,19126272.0,18.240234375,,19126272.0,,600000.0,19126272.0,18.240234375,1.0,1.0,149010.0,1164.140625,,1.0,,2.005333333333333,,2.005333333333333,,2.0,,32.0,,2.0,,2.0,
20260704T022157Z-clean-run-eu-us-gac-region-asymmetry--bcb583497976--egion_global_user_join__lookback_days-7__limit_k-25,pilot-balanced-v1,default,gac_fdw_multiregion_global_user_join,asymmetry_mr_global_user_join__dataset-pilot-balanced-v1__runtime-default__gac_fdw_multiregion_global_user_join__lookback_days-7__limit_k-25,deployment_relative_pressure_proxy_v2,posthoc_audit_not_clustering_input,1.0,critical,1.0,0.9045749633561659,1.0,0.3351111111111111,1.0,,1.0,0.3351111111111111,1.0,0.01422305,"wan_fetch_intensity,memory_spill_intensity,imbalance_intensity,capacity_intensity,timeout_utilization",4.266915,,300.0,0.01422305,600000.0,19126272.0,18.240234375,,19126272.0,,600000.0,19126272.0,18.240234375,1.0,1.0,57803.0,451.5859375,,1.0,,2.005333333333333,,2.005333333333333,,2.0,,32.0,,2.0,,2.0,
20260704T022217Z-clean-run-eu-us-gac-region-asymmetry--c23090b2835e--ltiregion_top_tenants__lookback_days-30__limit_k-25,pilot-balanced-v1,default,gac_fdw_multiregion_top_tenants,asymmetry_mr_top_tenants__dataset-pilot-balanced-v1__runtime-default__gac_fdw_multiregion_top_tenants__lookback_days-30__limit_k-25,deployment_relative_pressure_proxy_v2,posthoc_audit_not_clustering_input,0.8868020655329737,high,0.8868020655329737,0.840823266205027,0.8868020655329737,0.168,0.543457015946535,,0.8868020655329737,0.168,0.543457015946535,0.008533733333333333,"wan_fetch_intensity,memory_spill_intensity,imbalance_intensity,capacity_intensity,timeout_utilization",2.56012,,300.0,0.008533733333333333,400000.0,9601024.0,9.15625,,9601024.0,,400000.0,9601024.0,9.15625,1.0,1.0,3712.0,29.0,,1.0,,1.504,,1.504,,1.0,,16.0,,1.0,,1.0,
20260704T022234Z-clean-run-eu-us-gac-region-asymmetry--f060ee84dee6--u_tenant_id-5__us_tenant_id-10001__lookback_days-30,pilot-balanced-v1,default,gac_fdw_multiregion_tenant_point_rollup,asymmetry_mr_tenant_point_control__dataset-pilot-balanced-v1__runtime-default__gac_fdw_multiregion_tenant_point_rollup__eu_tenant_id-5__us_tenant_id-10001__lookback_days-30,deployment_relative_pressure_proxy_v2,posthoc_audit_not_clustering_input,0.4602055994052901,low,0.4602055994052901,0.4602055994052901,0.0,0.0,0.0,,0.4602055994052901,0.0,0.0,0.00035980666666666664,"wan_fetch_intensity,memory_spill_intensity,imbalance_intensity,capacity_intensity,timeout_utilization",0.107942,,300.0,0.00035980666666666664,400.0,9600.0,0.0091552734375,,9600.0,,800.0,19200.0,0.018310546875,2.0,2.0,0.0,0.0,,1.0,,1.0,,1.0,,0.03125,,0.5,,0.03125,,0.03125,
20260704T022248Z-clean-run-eu-us-gac-region-asymmetry--0d1cb22390b0--tenant_id-100__us_tenant_id-10800__lookback_days-30,pilot-balanced-v1,default,gac_fdw_multiregion_tenant_point_rollup,asymmetry_mr_tenant_point_control__dataset-pilot-balanced-v1__runtime-default__gac_fdw_multiregion_tenant_point_rollup__eu_tenant_id-100__us_tenant_id-10800__lookback_days-30,deployment_relative_pressure_proxy_v2,posthoc_audit_not_clustering_input,0.4602055994052901,low,0.4602055994052901,0.4602055994052901,0.0,0.0,0.0,,0.4602055994052901,0.0,0.0,0.00034622,"wan_fetch_intensity,memory_spill_intensity,imbalance_intensity,capacity_intensity,timeout_utilization",0.103866,,300.0,0.00034622,400.0,9600.0,0.0091552734375,,9600.0,,800.0,19200.0,0.018310546875,2.0,2.0,0.0,0.0,,1.0,,1.0,,1.0,,0.03125,,0.5,,0.03125,,0.03125,
20260704T022303Z-clean-run-eu-us-gac-region-asymmetry--85ab3e76aa2b--u_tenant_id-20__us_tenant_id-10005__lookback_days-7,pilot-balanced-v1,default,gac_fdw_multiregion_tenant_point_rollup,asymmetry_mr_tenant_point_control__dataset-pilot-balanced-v1__runtime-default__gac_fdw_multiregion_tenant_point_rollup__eu_tenant_id-20__us_tenant_id-10005__lookback_days-7,deployment_relative_pressure_proxy_v2,posthoc_audit_not_clustering_input,0.4602055994052901,low,0.4602055994052901,0.4602055994052901,0.0,0.0,0.0,,0.4602055994052901,0.0,0.0,0.00036152,"wan_fetch_intensity,memory_spill_intensity,imbalance_intensity,capacity_intensity,timeout_utilization",0.108456,,300.0,0.00036152,400.0,9600.0,0.0091552734375,,9600.0,,800.0,19200.0,0.018310546875,2.0,2.0,0.0,0.0,,1.0,,1.0,,1.0,,0.03125,,0.5,,0.03125,,0.03125,
20260704T022318Z-clean-run-eu-us-gac-region-asymmetry--2c50cd617799--c_fdw_multiregion_event_full_scan_summary__case-001,pilot-balanced-v1,default,gac_fdw_multiregion_event_full_scan_summary,asymmetry_mr_event_full_scan_summary__dataset-pilot-balanced-v1__runtime-default__gac_fdw_multiregion_event_full_scan_summary__case-001,deployment_relative_pressure_proxy_v2,posthoc_audit_not_clustering_input,0.543457015946535,medium,0.543457015946535,0.060205946838836726,0.0,0.168,0.543457015946535,,0.060205946838836726,0.168,0.543457015946535,0.0007327533333333333,"wan_fetch_intensity,memory_spill_intensity,imbalance_intensity,capacity_intensity,timeout_utilization",0.219826,,300.0,0.0007327533333333333,2.0,2560.0,0.00244140625,,2560.0,,400000.0,512000000.0,488.28125,200000.0,200000.0,0.0,0.0,,1.0,,1.504,,1.504,,1.0,,16.0,,1.0,,1.0,
20260704T022332Z-clean-run-eu-us-gac-region-asymmetry--a9625e2ac05f--_tenant_id-20__us_tenant_id-10001__lookback_days-30,pilot-balanced-v1,default,gac_fdw_multiregion_tenant_point_rollup,asymmetry_mr_tenant_point_control__dataset-pilot-balanced-v1__runtime-default__gac_fdw_multiregion_tenant_point_rollup__eu_tenant_id-20__us_tenant_id-10001__lookback_days-30,deployment_relative_pressure_proxy_v2,posthoc_audit_not_clustering_input,0.4602055994052901,low,0.4602055994052901,0.4602055994052901,0.0,0.0,0.0,,0.4602055994052901,0.0,0.0,0.00036156,"wan_fetch_intensity,memory_spill_intensity,imbalance_intensity,capacity_intensity,timeout_utilization",0.108468,,300.0,0.00036156,400.0,9600.0,0.0091552734375,,9600.0,,800.0,19200.0,0.018310546875,2.0,2.0,0.0,0.0,,1.0,,1.0,,1.0,,0.03125,,0.5,,0.03125,,0.03125,
20260704T022346Z-clean-run-eu-us-gac-region-asymmetry--86a369de8ddd--tenant_id-800__us_tenant_id-10001__lookback_days-30,pilot-balanced-v1,default,gac_fdw_multiregion_tenant_point_rollup,asymmetry_mr_tenant_point_control__dataset-pilot-balanced-v1__runtime-default__gac_fdw_multiregion_tenant_point_rollup__eu_tenant_id-800__us_tenant_id-10001__lookback_days-30,deployment_relative_pressure_proxy_v2,posthoc_audit_not_clustering_input,0.4602055994052901,low,0.4602055994052901,0.4602055994052901,0.0,0.0,0.0,,0.4602055994052901,0.0,0.0,0.0003659033333333333,"wan_fetch_intensity,memory_spill_intensity,imbalance_intensity,capacity_intensity,timeout_utilization",0.109771,,300.0,0.0003659033333333333,400.0,9600.0,0.0091552734375,,9600.0,,800.0,19200.0,0.018310546875,2.0,2.0,0.0,0.0,,1.0,,1.0,,1.0,,0.03125,,0.5,,0.03125,,0.03125,
20260704T022400Z-clean-run-eu-us-gac-region-asymmetry--705ca06ba078--gion_user_segment_join__lookback_days-7__limit_k-25,pilot-balanced-v1,default,gac_fdw_multiregion_user_segment_join,asymmetry_mr_user_segment_join__dataset-pilot-balanced-v1__runtime-default__gac_fdw_multiregion_user_segment_join__lookback_days-7__limit_k-25,deployment_relative_pressure_proxy_v2,posthoc_audit_not_clustering_input,1.0,critical,1.0,0.9647809101950027,1.0,0.3351111111111111,1.0,,1.0,0.3351111111111111,1.0,0.013941033333333333,"wan_fetch_intensity,memory_spill_intensity,imbalance_intensity,capacity_intensity,timeout_utilization",4.18231,,300.0,0.013941033333333333,600000.0,18726912.0,17.859375,,18726912.0,,600000.0,18726912.0,17.859375,1.0,1.0,55814.0,436.046875,,1.0,,2.005333333333333,,2.005333333333333,,2.0,,32.0,,2.0,,2.0,
20260704T022419Z-clean-run-eu-us-gac-region-asymmetry--19ac42525edb--ultiregion_top_tenants__lookback_days-1__limit_k-25,pilot-balanced-v1,default,gac_fdw_multiregion_top_tenants,asymmetry_mr_top_tenants__dataset-pilot-balanced-v1__runtime-default__gac_fdw_multiregion_top_tenants__lookback_days-1__limit_k-25,deployment_relative_pressure_proxy_v2,posthoc_audit_not_clustering_input,0.8868020655329737,high,0.8868020655329737,0.840823266205027,0.8868020655329737,0.168,0.543457015946535,,0.8868020655329737,0.168,0.543457015946535,0.0074558,"wan_fetch_intensity,memory_spill_intensity,imbalance_intensity,capacity_intensity,timeout_utilization",2.23674,,300.0,0.0074558,400000.0,9601024.0,9.15625,,9601024.0,,400000.0,9601024.0,9.15625,1.0,1.0,3712.0,29.0,,1.0,,1.504,,1.504,,1.0,,16.0,,1.0,,1.0,
20260704T022435Z-clean-run-eu-us-gac-region-asymmetry--0b82b380da68--ent_filter_summary__lookback_days-30__min_value-900,pilot-balanced-v1,default,gac_fdw_multiregion_event_filter_summary,asymmetry_mr_event_filter_summary__dataset-pilot-balanced-v1__runtime-default__gac_fdw_multiregion_event_filter_summary__lookback_days-30__min_value-900,deployment_relative_pressure_proxy_v2,posthoc_audit_not_clustering_input,0.9202699384213825,high,0.9202699384213825,0.9202699384213825,0.0,0.14624987313508578,0.543457015946535,,0.9202699384213825,0.14624987313508578,0.543457015946535,0.0012366933333333335,"wan_fetch_intensity,memory_spill_intensity,imbalance_intensity,capacity_intensity,timeout_utilization",0.371008,,300.0,0.0012366933333333335,39935.0,638976.0,0.609375,,638976.0,,39935.0,638976.0,0.609375,1.0,1.0,0.0,0.0,,1.0130962814573683,,1.4199073494428447,,1.4387496194052574,,1.0,,16.0,,1.0,,1.0,
20260704T022450Z-clean-run-eu-us-gac-region-asymmetry--6e937252da52--ion_user_segment_join__lookback_days-30__limit_k-25,pilot-balanced-v1,default,gac_fdw_multiregion_user_segment_join,asymmetry_mr_user_segment_join__dataset-pilot-balanced-v1__runtime-default__gac_fdw_multiregion_user_segment_join__lookback_days-30__limit_k-25,deployment_relative_pressure_proxy_v2,posthoc_audit_not_clustering_input,1.0,critical,1.0,0.9647809101950027,1.0,0.3351111111111111,1.0,,1.0,0.3351111111111111,1.0,0.016170846666666665,"wan_fetch_intensity,memory_spill_intensity,imbalance_intensity,capacity_intensity,timeout_utilization",4.851254,,300.0,0.016170846666666665,600000.0,18726912.0,17.859375,,18726912.0,,600000.0,18726912.0,17.859375,1.0,1.0,144665.0,1130.1953125,,1.0,,2.005333333333333,,2.005333333333333,,2.0,,32.0,,2.0,,2.0,
20260704T022509Z-clean-run-eu-us-gac-region-asymmetry--17b1fd8e806e--nt_rollup__lookback_days-7__min_value-0__limit_k-50,pilot-balanced-v1,default,gac_fdw_multiregion_daily_tenant_rollup,asymmetry_mr_daily_tenant_rollup__dataset-pilot-balanced-v1__runtime-default__gac_fdw_multiregion_daily_tenant_rollup__lookback_days-7__min_value-0__limit_k-50,deployment_relative_pressure_proxy_v2,posthoc_audit_not_clustering_input,0.8868020655329737,high,0.8868020655329737,0.7806173193661903,0.8868020655329737,0.168,0.543457015946535,,0.8868020655329737,0.168,0.543457015946535,0.00856509,"wan_fetch_intensity,memory_spill_intensity,imbalance_intensity,capacity_intensity,timeout_utilization",2.569527,,300.0,0.00856509,400000.0,9601024.0,9.15625,,9601024.0,,400000.0,9601024.0,9.15625,1.0,1.0,3712.0,29.0,,1.0,,1.504,,1.504,,1.0,,16.0,,1.0,,1.0,
20260704T022527Z-clean-run-eu-us-gac-region-asymmetry--301ce7d87335--tenant_id-800__us_tenant_id-10800__lookback_days-30,pilot-balanced-v1,default,gac_fdw_multiregion_tenant_point_rollup,asymmetry_mr_tenant_point_control__dataset-pilot-balanced-v1__runtime-default__gac_fdw_multiregion_tenant_point_rollup__eu_tenant_id-800__us_tenant_id-10800__lookback_days-30,deployment_relative_pressure_proxy_v2,posthoc_audit_not_clustering_input,0.4602055994052901,low,0.4602055994052901,0.4602055994052901,0.0,0.0,0.0,,0.4602055994052901,0.0,0.0,0.00035445,"wan_fetch_intensity,memory_spill_intensity,imbalance_intensity,capacity_intensity,timeout_utilization",0.106335,,300.0,0.00035445,400.0,9600.0,0.0091552734375,,9600.0,,800.0,19200.0,0.018310546875,2.0,2.0,0.0,0.0,,1.0,,1.0,,1.0,,0.03125,,0.5,,0.03125,,0.03125,
20260704T022541Z-clean-run-eu-us-gac-region-asymmetry--1a553d4541c9--tenant_id-100__us_tenant_id-10005__lookback_days-30,pilot-balanced-v1,default,gac_fdw_multiregion_tenant_point_rollup,asymmetry_mr_tenant_point_control__dataset-pilot-balanced-v1__runtime-default__gac_fdw_multiregion_tenant_point_rollup__eu_tenant_id-100__us_tenant_id-10005__lookback_days-30,deployment_relative_pressure_proxy_v2,posthoc_audit_not_clustering_input,0.4602055994052901,low,0.4602055994052901,0.4602055994052901,0.0,0.0,0.0,,0.4602055994052901,0.0,0.0,0.0003488833333333333,"wan_fetch_intensity,memory_spill_intensity,imbalance_intensity,capacity_intensity,timeout_utilization",0.104665,,300.0,0.0003488833333333333,400.0,9600.0,0.0091552734375,,9600.0,,800.0,19200.0,0.018310546875,2.0,2.0,0.0,0.0,,1.0,,1.0,,1.0,,0.03125,,0.5,,0.03125,,0.03125,
20260704T022555Z-clean-run-eu-us-gac-region-asymmetry--e840c5d0824b--eu_tenant_id-1__us_tenant_id-10800__lookback_days-7,pilot-balanced-v1,default,gac_fdw_multiregion_tenant_point_rollup,asymmetry_mr_tenant_point_control__dataset-pilot-balanced-v1__runtime-default__gac_fdw_multiregion_tenant_point_rollup__eu_tenant_id-1__us_tenant_id-10800__lookback_days-7,deployment_relative_pressure_proxy_v2,posthoc_audit_not_clustering_input,0.4602055994052901,low,0.4602055994052901,0.4602055994052901,0.0,0.0,0.0,,0.4602055994052901,0.0,0.0,0.0003730333333333333,"wan_fetch_intensity,memory_spill_intensity,imbalance_intensity,capacity_intensity,timeout_utilization",0.11191,,300.0,0.0003730333333333333,400.0,9600.0,0.0091552734375,,9600.0,,800.0,19200.0,0.018310546875,2.0,2.0,0.0,0.0,,1.0,,1.0,,1.0,,0.03125,,0.5,,0.03125,,0.03125,
20260704T022610Z-clean-run-eu-us-gac-region-asymmetry--efab538e8ccb--tenant_id-800__us_tenant_id-10100__lookback_days-30,pilot-balanced-v1,default,gac_fdw_multiregion_tenant_point_rollup,asymmetry_mr_tenant_point_control__dataset-pilot-balanced-v1__runtime-default__gac_fdw_multiregion_tenant_point_rollup__eu_tenant_id-800__us_tenant_id-10100__lookback_days-30,deployment_relative_pressure_proxy_v2,posthoc_audit_not_clustering_input,0.4602055994052901,low,0.4602055994052901,0.4602055994052901,0.0,0.0,0.0,,0.4602055994052901,0.0,0.0,0.0003903933333333333,"wan_fetch_intensity,memory_spill_intensity,imbalance_intensity,capacity_intensity,timeout_utilization",0.117118,,300.0,0.0003903933333333333,400.0,9600.0,0.0091552734375,,9600.0,,800.0,19200.0,0.018310546875,2.0,2.0,0.0,0.0,,1.0,,1.0,,1.0,,0.03125,,0.5,,0.03125,,0.03125,
20260704T022625Z-clean-run-eu-us-gac-region-asymmetry--4932dee15afc--tenant_id-100__us_tenant_id-10020__lookback_days-30,pilot-balanced-v1,default,gac_fdw_multiregion_tenant_point_rollup,asymmetry_mr_tenant_point_control__dataset-pilot-balanced-v1__runtime-default__gac_fdw_multiregion_tenant_point_rollup__eu_tenant_id-100__us_tenant_id-10020__lookback_days-30,deployment_relative_pressure_proxy_v2,posthoc_audit_not_clustering_input,0.4602055994052901,low,0.4602055994052901,0.4602055994052901,0.0,0.0,0.0,,0.4602055994052901,0.0,0.0,0.0003445433333333333,"wan_fetch_intensity,memory_spill_intensity,imbalance_intensity,capacity_intensity,timeout_utilization",0.103363,,300.0,0.0003445433333333333,400.0,9600.0,0.0091552734375,,9600.0,,800.0,19200.0,0.018310546875,2.0,2.0,0.0,0.0,,1.0,,1.0,,1.0,,0.03125,,0.5,,0.03125,,0.03125,
20260704T022639Z-clean-run-eu-us-gac-region-asymmetry--3a7f7940bd9f--ultiregion_top_tenants__lookback_days-1__limit_k-50,pilot-balanced-v1,default,gac_fdw_multiregion_top_tenants,asymmetry_mr_top_tenants__dataset-pilot-balanced-v1__runtime-default__gac_fdw_multiregion_top_tenants__lookback_days-1__limit_k-50,deployment_relative_pressure_proxy_v2,posthoc_audit_not_clustering_input,0.8868020655329737,high,0.8868020655329737,0.7806173193661903,0.8868020655329737,0.168,0.543457015946535,,0.8868020655329737,0.168,0.543457015946535,0.007289946666666666,"wan_fetch_intensity,memory_spill_intensity,imbalance_intensity,capacity_intensity,timeout_utilization",2.186984,,300.0,0.007289946666666666,400000.0,9601024.0,9.15625,,9601024.0,,400000.0,9601024.0,9.15625,1.0,1.0,3712.0,29.0,,1.0,,1.504,,1.504,,1.0,,16.0,,1.0,,1.0,
20260704T022655Z-clean-run-eu-us-gac-region-asymmetry--291be4989ec1--tenant_id-800__us_tenant_id-10005__lookback_days-30,pilot-balanced-v1,default,gac_fdw_multiregion_tenant_point_rollup,asymmetry_mr_tenant_point_control__dataset-pilot-balanced-v1__runtime-default__gac_fdw_multiregion_tenant_point_rollup__eu_tenant_id-800__us_tenant_id-10005__lookback_days-30,deployment_relative_pressure_proxy_v2,posthoc_audit_not_clustering_input,0.4602055994052901,low,0.4602055994052901,0.4602055994052901,0.0,0.0,0.0,,0.4602055994052901,0.0,0.0,0.00035833666666666665,"wan_fetch_intensity,memory_spill_intensity,imbalance_intensity,capacity_intensity,timeout_utilization",0.107501,,300.0,0.00035833666666666665,400.0,9600.0,0.0091552734375,,9600.0,,800.0,19200.0,0.018310546875,2.0,2.0,0.0,0.0,,1.0,,1.0,,1.0,,0.03125,,0.5,,0.03125,,0.03125,
20260704T022710Z-clean-run-eu-us-gac-region-asymmetry--a77f9178750a--vent_filter_summary__lookback_days-7__min_value-500,pilot-balanced-v1,default,gac_fdw_multiregion_event_filter_summary,asymmetry_mr_event_filter_summary__dataset-pilot-balanced-v1__runtime-default__gac_fdw_multiregion_event_filter_summary__lookback_days-7__min_value-500,deployment_relative_pressure_proxy_v2,posthoc_audit_not_clustering_input,1.0,critical,1.0,1.0,0.9685167534680252,0.16685402280391845,0.543457015946535,,1.0,0.16685402280391845,0.543457015946535,0.0037888066666666663,"wan_fetch_intensity,memory_spill_intensity,imbalance_intensity,capacity_intensity,timeout_utilization",1.136642,,300.0,0.0037888066666666663,199954.0,3200000.0,3.0517578125,,3200000.0,,199954.0,3199999.9999999995,3.0517578124999996,1.0,0.9999999999999999,1466.0,11.453125,,1.003450793682547,,1.4953839383058103,,1.5005620684117553,,1.0,,16.0,,1.0,,1.0,
20260704T022727Z-clean-run-eu-us-gac-region-asymmetry--a3fe379e2a91--_fdw_multiregion_raw_region_rollup__lookback_days-7,pilot-balanced-v1,default,gac_fdw_multiregion_raw_region_rollup,asymmetry_mr_raw_region_rollup__dataset-pilot-balanced-v1__runtime-default__gac_fdw_multiregion_raw_region_rollup__lookback_days-7,deployment_relative_pressure_proxy_v2,posthoc_audit_not_clustering_input,1.0,critical,1.0,1.0,0.9685167534680252,0.168,0.543457015946535,,1.0,0.168,0.543457015946535,0.007393016666666667,"wan_fetch_intensity,memory_spill_intensity,imbalance_intensity,capacity_intensity,timeout_utilization",2.217905,,300.0,0.007393016666666667,400000.0,6400000.0,6.103515625,,6400000.0,,400000.0,6400000.0,6.103515625,1.0,1.0,2932.0,22.90625,,1.0,,1.504,,1.504,,1.0,,16.0,,1.0,,1.0,
20260704T022744Z-clean-run-eu-us-gac-region-asymmetry--e3f132dac080--u_tenant_id-1__us_tenant_id-10020__lookback_days-30,pilot-balanced-v1,default,gac_fdw_multiregion_tenant_point_rollup,asymmetry_mr_tenant_point_control__dataset-pilot-balanced-v1__runtime-default__gac_fdw_multiregion_tenant_point_rollup__eu_tenant_id-1__us_tenant_id-10020__lookback_days-30,deployment_relative_pressure_proxy_v2,posthoc_audit_not_clustering_input,0.4602055994052901,low,0.4602055994052901,0.4602055994052901,0.0,0.0,0.0,,0.4602055994052901,0.0,0.0,0.00036703333333333333,"wan_fetch_intensity,memory_spill_intensity,imbalance_intensity,capacity_intensity,timeout_utilization",0.11011,,300.0,0.00036703333333333333,400.0,9600.0,0.0091552734375,,9600.0,,800.0,19200.0,0.018310546875,2.0,2.0,0.0,0.0,,1.0,,1.0,,1.0,,0.03125,,0.5,,0.03125,,0.03125,
20260704T022758Z-clean-run-eu-us-gac-region-asymmetry--e59143778e2b--__limit_k-250__payload_repeat-16__payload_width-512,pilot-balanced-v1,default,gac_fdw_multiregion_event_raw_wide_sample,asymmetry_mr_raw_wide_sample__dataset-pilot-balanced-v1__runtime-default__gac_fdw_multiregion_event_raw_wide_sample__lookback_days-7__min_value-500__limit_k-250__payload_repeat-16__payload_width-512,deployment_relative_pressure_proxy_v2,posthoc_audit_not_clustering_input,0.813220245944475,high,0.813220245944475,0.5805975132563801,0.813220245944475,0.16685402280391845,0.543457015946535,,0.813220245944475,0.16685402280391845,0.543457015946535,0.00528963,"wan_fetch_intensity,memory_spill_intensity,imbalance_intensity,capacity_intensity,timeout_utilization",1.586889,,300.0,0.00528963,199954.0,7998464.0,7.6279296875,,7998464.0,,199954.0,7998464.0,7.6279296875,1.0,1.0,2638.0,20.609375,,1.003450793682547,,1.4953839383058103,,1.5005620684117553,,1.0,,16.0,,1.0,,1.0,
20260704T022814Z-clean-run-eu-us-gac-region-asymmetry--19323cdb9fd1--_tenant_id-20__us_tenant_id-10100__lookback_days-30,pilot-balanced-v1,default,gac_fdw_multiregion_tenant_point_rollup,asymmetry_mr_tenant_point_control__dataset-pilot-balanced-v1__runtime-default__gac_fdw_multiregion_tenant_point_rollup__eu_tenant_id-20__us_tenant_id-10100__lookback_days-30,deployment_relative_pressure_proxy_v2,posthoc_audit_not_clustering_input,0.4602055994052901,low,0.4602055994052901,0.4602055994052901,0.0,0.0,0.0,,0.4602055994052901,0.0,0.0,0.00039005333333333333,"wan_fetch_intensity,memory_spill_intensity,imbalance_intensity,capacity_intensity,timeout_utilization",0.117016,,300.0,0.00039005333333333333,400.0,9600.0,0.0091552734375,,9600.0,,800.0,19200.0,0.018310546875,2.0,2.0,0.0,0.0,,1.0,,1.0,,1.0,,0.03125,,0.5,,0.03125,,0.03125,
20260704T022829Z-clean-run-eu-us-gac-region-asymmetry--529744ab08b0--ulti_dimension_rollup__lookback_days-7__limit_k-100,pilot-balanced-v1,default,gac_fdw_multiregion_multi_dimension_rollup,asymmetry_mr_multi_dimension_rollup__dataset-pilot-balanced-v1__runtime-default__gac_fdw_multiregion_multi_dimension_rollup__lookback_days-7__limit_k-100,deployment_relative_pressure_proxy_v2,posthoc_audit_not_clustering_input,1.0,critical,1.0,0.7594643919845602,0.8581511019015621,0.34330011074197114,1.0,,0.8581511019015621,0.34330011074197114,1.0,0.01282962,"wan_fetch_intensity,memory_spill_intensity,imbalance_intensity,capacity_intensity,timeout_utilization",3.848886,,300.0,0.01282962,602000.0,17530880.0,16.71875,,17530880.0,,602000.0,17530880.0,16.71875,1.0,1.0,6376.0,49.8125,,1.0,,2.0299003322259135,,2.0299003322259135,,2.03125,,32.5,,2.03125,,2.03125,
20260704T022847Z-clean-run-eu-us-gac-region-asymmetry--e12307bfd499--multi_dimension_rollup__lookback_days-7__limit_k-50,pilot-balanced-v1,default,gac_fdw_multiregion_multi_dimension_rollup,asymmetry_mr_multi_dimension_rollup__dataset-pilot-balanced-v1__runtime-default__gac_fdw_multiregion_multi_dimension_rollup__lookback_days-7__limit_k-50,deployment_relative_pressure_proxy_v2,posthoc_audit_not_clustering_input,1.0,critical,1.0,0.8161245885110947,0.8581511019015621,0.34330011074197114,1.0,,0.8581511019015621,0.34330011074197114,1.0,0.012685256666666667,"wan_fetch_intensity,memory_spill_intensity,imbalance_intensity,capacity_intensity,timeout_utilization",3.805577,,300.0,0.012685256666666667,602000.0,17530880.0,16.71875,,17530880.0,,602000.0,17530880.0,16.71875,1.0,1.0,6376.0,49.8125,,1.0,,2.0299003322259135,,2.0299003322259135,,2.03125,,32.5,,2.03125,,2.03125,
20260704T022906Z-clean-run-eu-us-gac-region-asymmetry--c759d759f921--u_tenant_id-5__us_tenant_id-10005__lookback_days-30,pilot-balanced-v1,default,gac_fdw_multiregion_tenant_point_rollup,asymmetry_mr_tenant_point_control__dataset-pilot-balanced-v1__runtime-default__gac_fdw_multiregion_tenant_point_rollup__eu_tenant_id-5__us_tenant_id-10005__lookback_days-30,deployment_relative_pressure_proxy_v2,posthoc_audit_not_clustering_input,0.4602055994052901,low,0.4602055994052901,0.4602055994052901,0.0,0.0,0.0,,0.4602055994052901,0.0,0.0,0.0003656033333333333,"wan_fetch_intensity,memory_spill_intensity,imbalance_intensity,capacity_intensity,timeout_utilization",0.109681,,300.0,0.0003656033333333333,400.0,9600.0,0.0091552734375,,9600.0,,800.0,19200.0,0.018310546875,2.0,2.0,0.0,0.0,,1.0,,1.0,,1.0,,0.03125,,0.5,,0.03125,,0.03125,
20260704T022920Z-clean-run-eu-us-gac-region-asymmetry--53fdb70a8bb1--__limit_k-100__payload_repeat-16__payload_width-512,pilot-balanced-v1,default,gac_fdw_multiregion_event_raw_wide_sample,asymmetry_mr_raw_wide_sample__dataset-pilot-balanced-v1__runtime-default__gac_fdw_multiregion_event_raw_wide_sample__lookback_days-1__min_value-500__limit_k-100__payload_repeat-16__payload_width-512,deployment_relative_pressure_proxy_v2,posthoc_audit_not_clustering_input,0.813220245944475,high,0.813220245944475,0.6601854458619333,0.813220245944475,0.16685402280391845,0.543457015946535,,0.813220245944475,0.16685402280391845,0.543457015946535,0.005111923333333333,"wan_fetch_intensity,memory_spill_intensity,imbalance_intensity,capacity_intensity,timeout_utilization",1.533577,,300.0,0.005111923333333333,199954.0,7998464.0,7.6279296875,,7998464.0,,199954.0,7998464.0,7.6279296875,1.0,1.0,2638.0,20.609375,,1.003450793682547,,1.4953839383058103,,1.5005620684117553,,1.0,,16.0,,1.0,,1.0,
20260704T022936Z-clean-run-eu-us-gac-region-asymmetry--a344325ae132--u_tenant_id-20__us_tenant_id-10001__lookback_days-7,pilot-balanced-v1,default,gac_fdw_multiregion_tenant_point_rollup,asymmetry_mr_tenant_point_control__dataset-pilot-balanced-v1__runtime-default__gac_fdw_multiregion_tenant_point_rollup__eu_tenant_id-20__us_tenant_id-10001__lookback_days-7,deployment_relative_pressure_proxy_v2,posthoc_audit_not_clustering_input,0.4602055994052901,low,0.4602055994052901,0.4602055994052901,0.0,0.0,0.0,,0.4602055994052901,0.0,0.0,0.00036515,"wan_fetch_intensity,memory_spill_intensity,imbalance_intensity,capacity_intensity,timeout_utilization",0.109545,,300.0,0.00036515,400.0,9600.0,0.0091552734375,,9600.0,,800.0,19200.0,0.018310546875,2.0,2.0,0.0,0.0,,1.0,,1.0,,1.0,,0.03125,,0.5,,0.03125,,0.03125,
20260704T022951Z-clean-run-eu-us-gac-region-asymmetry--9011fbd57338--t__gac_etl_top_tenants__lookback_days-7__limit_k-25,pilot-balanced-v1,default,gac_etl_top_tenants,asymmetry_etl_top_tenants_control__dataset-pilot-balanced-v1__runtime-default__gac_etl_top_tenants__lookback_days-7__limit_k-25,deployment_relative_pressure_proxy_v2,posthoc_audit_not_clustering_input,0.00015927666666666667,low,0.00015927666666666667,,0.0,,,,0.0,,,0.00015927666666666667,"memory_spill_intensity,timeout_utilization",0.047783,,300.0,0.00015927666666666667,,,,,,,,,,,,0.0,0.0,,,,,,,,,,,,,,,
20260704T023005Z-clean-run-eu-us-gac-region-asymmetry--fb61b3b97909--u_tenant_id-5__us_tenant_id-10100__lookback_days-30,pilot-balanced-v1,default,gac_fdw_multiregion_tenant_point_rollup,asymmetry_mr_tenant_point_control__dataset-pilot-balanced-v1__runtime-default__gac_fdw_multiregion_tenant_point_rollup__eu_tenant_id-5__us_tenant_id-10100__lookback_days-30,deployment_relative_pressure_proxy_v2,posthoc_audit_not_clustering_input,0.4602055994052901,low,0.4602055994052901,0.4602055994052901,0.0,0.0,0.0,,0.4602055994052901,0.0,0.0,0.00041049,"wan_fetch_intensity,memory_spill_intensity,imbalance_intensity,capacity_intensity,timeout_utilization",0.123147,,300.0,0.00041049,400.0,9600.0,0.0091552734375,,9600.0,,800.0,19200.0,0.018310546875,2.0,2.0,0.0,0.0,,1.0,,1.0,,1.0,,0.03125,,0.5,,0.03125,,0.03125,
20260704T023020Z-clean-run-eu-us-gac-region-asymmetry--d630b1ebb970--eu_tenant_id-1__us_tenant_id-10100__lookback_days-7,pilot-balanced-v1,default,gac_fdw_multiregion_tenant_point_rollup,asymmetry_mr_tenant_point_control__dataset-pilot-balanced-v1__runtime-default__gac_fdw_multiregion_tenant_point_rollup__eu_tenant_id-1__us_tenant_id-10100__lookback_days-7,deployment_relative_pressure_proxy_v2,posthoc_audit_not_clustering_input,0.4602055994052901,low,0.4602055994052901,0.4602055994052901,0.0,0.0,0.0,,0.4602055994052901,0.0,0.0,0.00037359,"wan_fetch_intensity,memory_spill_intensity,imbalance_intensity,capacity_intensity,timeout_utilization",0.112077,,300.0,0.00037359,400.0,9600.0,0.0091552734375,,9600.0,,800.0,19200.0,0.018310546875,2.0,2.0,0.0,0.0,,1.0,,1.0,,1.0,,0.03125,,0.5,,0.03125,,0.03125,
20260704T023035Z-clean-run-eu-us-gac-region-asymmetry--c5792baccb15--event_filter_summary__lookback_days-30__min_value-0,pilot-balanced-v1,default,gac_fdw_multiregion_event_filter_summary,asymmetry_mr_event_filter_summary__dataset-pilot-balanced-v1__runtime-default__gac_fdw_multiregion_event_filter_summary__lookback_days-30__min_value-0,deployment_relative_pressure_proxy_v2,posthoc_audit_not_clustering_input,1.0,critical,1.0,1.0,0.9685167534680252,0.168,0.543457015946535,,1.0,0.168,0.543457015946535,0.007435723333333333,"wan_fetch_intensity,memory_spill_intensity,imbalance_intensity,capacity_intensity,timeout_utilization",2.230717,,300.0,0.007435723333333333,400000.0,6400000.0,6.103515625,,6400000.0,,400000.0,6400000.0,6.103515625,1.0,1.0,2932.0,22.90625,,1.0,,1.504,,1.504,,1.0,,16.0,,1.0,,1.0,
20260704T023051Z-clean-run-eu-us-gac-region-asymmetry--3ee8f271b095--eu_tenant_id-5__us_tenant_id-10020__lookback_days-7,pilot-balanced-v1,default,gac_fdw_multiregion_tenant_point_rollup,asymmetry_mr_tenant_point_control__dataset-pilot-balanced-v1__runtime-default__gac_fdw_multiregion_tenant_point_rollup__eu_tenant_id-5__us_tenant_id-10020__lookback_days-7,deployment_relative_pressure_proxy_v2,posthoc_audit_not_clustering_input,0.4602055994052901,low,0.4602055994052901,0.4602055994052901,0.0,0.0,0.0,,0.4602055994052901,0.0,0.0,0.0003742933333333333,"wan_fetch_intensity,memory_spill_intensity,imbalance_intensity,capacity_intensity,timeout_utilization",0.112288,,300.0,0.0003742933333333333,400.0,9600.0,0.0091552734375,,9600.0,,800.0,19200.0,0.018310546875,2.0,2.0,0.0,0.0,,1.0,,1.0,,1.0,,0.03125,,0.5,,0.03125,,0.03125,
20260704T023106Z-clean-run-eu-us-gac-region-asymmetry--0c8ad3c44596--_tenant_id-20__us_tenant_id-10005__lookback_days-30,pilot-balanced-v1,default,gac_fdw_multiregion_tenant_point_rollup,asymmetry_mr_tenant_point_control__dataset-pilot-balanced-v1__runtime-default__gac_fdw_multiregion_tenant_point_rollup__eu_tenant_id-20__us_tenant_id-10005__lookback_days-30,deployment_relative_pressure_proxy_v2,posthoc_audit_not_clustering_input,0.4602055994052901,low,0.4602055994052901,0.4602055994052901,0.0,0.0,0.0,,0.4602055994052901,0.0,0.0,0.0003612166666666667,"wan_fetch_intensity,memory_spill_intensity,imbalance_intensity,capacity_intensity,timeout_utilization",0.108365,,300.0,0.0003612166666666667,400.0,9600.0,0.0091552734375,,9600.0,,800.0,19200.0,0.018310546875,2.0,2.0,0.0,0.0,,1.0,,1.0,,1.0,,0.03125,,0.5,,0.03125,,0.03125,
20260704T023120Z-clean-run-eu-us-gac-region-asymmetry--200f64e551c3--_tenant_id-800__us_tenant_id-10005__lookback_days-7,pilot-balanced-v1,default,gac_fdw_multiregion_tenant_point_rollup,asymmetry_mr_tenant_point_control__dataset-pilot-balanced-v1__runtime-default__gac_fdw_multiregion_tenant_point_rollup__eu_tenant_id-800__us_tenant_id-10005__lookback_days-7,deployment_relative_pressure_proxy_v2,posthoc_audit_not_clustering_input,0.4602055994052901,low,0.4602055994052901,0.4602055994052901,0.0,0.0,0.0,,0.4602055994052901,0.0,0.0,0.00036679333333333334,"wan_fetch_intensity,memory_spill_intensity,imbalance_intensity,capacity_intensity,timeout_utilization",0.110038,,300.0,0.00036679333333333334,400.0,9600.0,0.0091552734375,,9600.0,,800.0,19200.0,0.018310546875,2.0,2.0,0.0,0.0,,1.0,,1.0,,1.0,,0.03125,,0.5,,0.03125,,0.03125,
20260704T023136Z-clean-run-eu-us-gac-region-asymmetry--05e2f25a2945--tenant_id-100__us_tenant_id-10100__lookback_days-30,pilot-balanced-v1,default,gac_fdw_multiregion_tenant_point_rollup,asymmetry_mr_tenant_point_control__dataset-pilot-balanced-v1__runtime-default__gac_fdw_multiregion_tenant_point_rollup__eu_tenant_id-100__us_tenant_id-10100__lookback_days-30,deployment_relative_pressure_proxy_v2,posthoc_audit_not_clustering_input,0.4602055994052901,low,0.4602055994052901,0.4602055994052901,0.0,0.0,0.0,,0.4602055994052901,0.0,0.0,0.0003433933333333333,"wan_fetch_intensity,memory_spill_intensity,imbalance_intensity,capacity_intensity,timeout_utilization",0.103018,,300.0,0.0003433933333333333,400.0,9600.0,0.0091552734375,,9600.0,,800.0,19200.0,0.018310546875,2.0,2.0,0.0,0.0,,1.0,,1.0,,1.0,,0.03125,,0.5,,0.03125,,0.03125,
20260704T023151Z-clean-run-eu-us-gac-region-asymmetry--ff147b2c812f--_tenant_id-100__us_tenant_id-10005__lookback_days-7,pilot-balanced-v1,default,gac_fdw_multiregion_tenant_point_rollup,asymmetry_mr_tenant_point_control__dataset-pilot-balanced-v1__runtime-default__gac_fdw_multiregion_tenant_point_rollup__eu_tenant_id-100__us_tenant_id-10005__lookback_days-7,deployment_relative_pressure_proxy_v2,posthoc_audit_not_clustering_input,0.4602055994052901,low,0.4602055994052901,0.4602055994052901,0.0,0.0,0.0,,0.4602055994052901,0.0,0.0,0.0003666866666666667,"wan_fetch_intensity,memory_spill_intensity,imbalance_intensity,capacity_intensity,timeout_utilization",0.110006,,300.0,0.0003666866666666667,400.0,9600.0,0.0091552734375,,9600.0,,800.0,19200.0,0.018310546875,2.0,2.0,0.0,0.0,,1.0,,1.0,,1.0,,0.03125,,0.5,,0.03125,,0.03125,
20260704T023207Z-clean-run-eu-us-gac-region-asymmetry--8c6057ff1baf--_tenant_id-800__us_tenant_id-10800__lookback_days-7,pilot-balanced-v1,default,gac_fdw_multiregion_tenant_point_rollup,asymmetry_mr_tenant_point_control__dataset-pilot-balanced-v1__runtime-default__gac_fdw_multiregion_tenant_point_rollup__eu_tenant_id-800__us_tenant_id-10800__lookback_days-7,deployment_relative_pressure_proxy_v2,posthoc_audit_not_clustering_input,0.4602055994052901,low,0.4602055994052901,0.4602055994052901,0.0,0.0,0.0,,0.4602055994052901,0.0,0.0,0.0003552233333333333,"wan_fetch_intensity,memory_spill_intensity,imbalance_intensity,capacity_intensity,timeout_utilization",0.106567,,300.0,0.0003552233333333333,400.0,9600.0,0.0091552734375,,9600.0,,800.0,19200.0,0.018310546875,2.0,2.0,0.0,0.0,,1.0,,1.0,,1.0,,0.03125,,0.5,,0.03125,,0.03125,
20260704T023221Z-clean-run-eu-us-gac-region-asymmetry--b42fbc52d59c--_tenant_id-800__us_tenant_id-10001__lookback_days-7,pilot-balanced-v1,default,gac_fdw_multiregion_tenant_point_rollup,asymmetry_mr_tenant_point_control__dataset-pilot-balanced-v1__runtime-default__gac_fdw_multiregion_tenant_point_rollup__eu_tenant_id-800__us_tenant_id-10001__lookback_days-7,deployment_relative_pressure_proxy_v2,posthoc_audit_not_clustering_input,0.4602055994052901,low,0.4602055994052901,0.4602055994052901,0.0,0.0,0.0,,0.4602055994052901,0.0,0.0,0.00036114,"wan_fetch_intensity,memory_spill_intensity,imbalance_intensity,capacity_intensity,timeout_utilization",0.108342,,300.0,0.00036114,400.0,9600.0,0.0091552734375,,9600.0,,800.0,19200.0,0.018310546875,2.0,2.0,0.0,0.0,,1.0,,1.0,,1.0,,0.03125,,0.5,,0.03125,,0.03125,
20260704T023237Z-clean-run-eu-us-gac-region-asymmetry--22d0b4db5ac4--__limit_k-100__payload_repeat-16__payload_width-512,pilot-balanced-v1,default,gac_fdw_multiregion_event_raw_wide_sample,asymmetry_mr_raw_wide_sample__dataset-pilot-balanced-v1__runtime-default__gac_fdw_multiregion_event_raw_wide_sample__lookback_days-7__min_value-500__limit_k-100__payload_repeat-16__payload_width-512,deployment_relative_pressure_proxy_v2,posthoc_audit_not_clustering_input,0.813220245944475,high,0.813220245944475,0.6601854458619333,0.813220245944475,0.16685402280391845,0.543457015946535,,0.813220245944475,0.16685402280391845,0.543457015946535,0.004935823333333334,"wan_fetch_intensity,memory_spill_intensity,imbalance_intensity,capacity_intensity,timeout_utilization",1.480747,,300.0,0.004935823333333334,199954.0,7998464.0,7.6279296875,,7998464.0,,199954.0,7998464.0,7.6279296875,1.0,1.0,2638.0,20.609375,,1.003450793682547,,1.4953839383058103,,1.5005620684117553,,1.0,,16.0,,1.0,,1.0,
20260704T023252Z-clean-run-eu-us-gac-region-asymmetry--9488ea0f8abc--eu_tenant_id-1__us_tenant_id-10001__lookback_days-7,pilot-balanced-v1,default,gac_fdw_multiregion_tenant_point_rollup,asymmetry_mr_tenant_point_control__dataset-pilot-balanced-v1__runtime-default__gac_fdw_multiregion_tenant_point_rollup__eu_tenant_id-1__us_tenant_id-10001__lookback_days-7,deployment_relative_pressure_proxy_v2,posthoc_audit_not_clustering_input,0.4602055994052901,low,0.4602055994052901,0.4602055994052901,0.0,0.0,0.0,,0.4602055994052901,0.0,0.0,0.00039419,"wan_fetch_intensity,memory_spill_intensity,imbalance_intensity,capacity_intensity,timeout_utilization",0.118257,,300.0,0.00039419,400.0,9600.0,0.0091552734375,,9600.0,,800.0,19200.0,0.018310546875,2.0,2.0,0.0,0.0,,1.0,,1.0,,1.0,,0.03125,,0.5,,0.03125,,0.03125,
20260704T023306Z-clean-run-eu-us-gac-region-asymmetry--1385a7c503d4--vent_filter_summary__lookback_days-7__min_value-900,pilot-balanced-v1,default,gac_fdw_multiregion_event_filter_summary,asymmetry_mr_event_filter_summary__dataset-pilot-balanced-v1__runtime-default__gac_fdw_multiregion_event_filter_summary__lookback_days-7__min_value-900,deployment_relative_pressure_proxy_v2,posthoc_audit_not_clustering_input,0.9202699384213825,high,0.9202699384213825,0.9202699384213825,0.0,0.14624987313508578,0.543457015946535,,0.9202699384213825,0.14624987313508578,0.543457015946535,0.00138254,"wan_fetch_intensity,memory_spill_intensity,imbalance_intensity,capacity_intensity,timeout_utilization",0.414762,,300.0,0.00138254,39935.0,638976.0,0.609375,,638976.0,,39935.0,638976.0,0.609375,1.0,1.0,0.0,0.0,,1.0130962814573683,,1.4199073494428447,,1.4387496194052574,,1.0,,16.0,,1.0,,1.0,
20260704T023321Z-clean-run-eu-us-gac-region-asymmetry--17a718312dda--egion_global_user_join__lookback_days-7__limit_k-50,pilot-balanced-v1,default,gac_fdw_multiregion_global_user_join,asymmetry_mr_global_user_join__dataset-pilot-balanced-v1__runtime-default__gac_fdw_multiregion_global_user_join__lookback_days-7__limit_k-50,deployment_relative_pressure_proxy_v2,posthoc_audit_not_clustering_input,1.0,critical,1.0,0.9045749633561659,1.0,0.3351111111111111,1.0,,1.0,0.3351111111111111,1.0,0.0124788,"wan_fetch_intensity,memory_spill_intensity,imbalance_intensity,capacity_intensity,timeout_utilization",3.74364,,300.0,0.0124788,600000.0,19126272.0,18.240234375,,19126272.0,,600000.0,19126272.0,18.240234375,1.0,1.0,57783.0,451.4296875,,1.0,,2.005333333333333,,2.005333333333333,,2.0,,32.0,,2.0,,2.0,
20260704T023342Z-clean-run-eu-us-gac-region-asymmetry--db3d7f271830--egion_tenant_tier_join__lookback_days-7__limit_k-50,pilot-balanced-v1,default,gac_fdw_multiregion_tenant_tier_join,asymmetry_mr_tenant_tier_join__dataset-pilot-balanced-v1__runtime-default__gac_fdw_multiregion_tenant_tier_join__lookback_days-7__limit_k-50,deployment_relative_pressure_proxy_v2,posthoc_audit_not_clustering_input,0.8852940657403475,high,0.8852940657403475,0.8448022284923494,0.8852940657403475,0.1810945273631841,0.5568298914528191,,0.8852940657403475,0.1810945273631841,0.5568298914528191,0.007702100000000001,"wan_fetch_intensity,memory_spill_intensity,imbalance_intensity,capacity_intensity,timeout_utilization",2.31063,,300.0,0.007702100000000001,402000.0,9631744.0,9.185546875,,9631744.0,,402000.0,9631744.0,9.185546875,1.0,1.0,3712.0,29.0,,1.0,,1.5432835820895523,,1.5432835820895523,,1.03125,,16.5,,1.03125,,1.03125,
20260704T023359Z-clean-run-eu-us-gac-region-asymmetry--3e6ed4d5241f--_tenant_id-100__us_tenant_id-10001__lookback_days-7,pilot-balanced-v1,default,gac_fdw_multiregion_tenant_point_rollup,asymmetry_mr_tenant_point_control__dataset-pilot-balanced-v1__runtime-default__gac_fdw_multiregion_tenant_point_rollup__eu_tenant_id-100__us_tenant_id-10001__lookback_days-7,deployment_relative_pressure_proxy_v2,posthoc_audit_not_clustering_input,0.4602055994052901,low,0.4602055994052901,0.4602055994052901,0.0,0.0,0.0,,0.4602055994052901,0.0,0.0,0.00036897333333333335,"wan_fetch_intensity,memory_spill_intensity,imbalance_intensity,capacity_intensity,timeout_utilization",0.110692,,300.0,0.00036897333333333335,400.0,9600.0,0.0091552734375,,9600.0,,800.0,19200.0,0.018310546875,2.0,2.0,0.0,0.0,,1.0,,1.0,,1.0,,0.03125,,0.5,,0.03125,,0.03125,
20260704T023413Z-clean-run-eu-us-gac-region-asymmetry--8fff880f2007--t_rollup__lookback_days-14__min_value-0__limit_k-50,pilot-balanced-v1,default,gac_fdw_multiregion_daily_tenant_rollup,asymmetry_mr_daily_tenant_rollup__dataset-pilot-balanced-v1__runtime-default__gac_fdw_multiregion_daily_tenant_rollup__lookback_days-14__min_value-0__limit_k-50,deployment_relative_pressure_proxy_v2,posthoc_audit_not_clustering_input,0.8868020655329737,high,0.8868020655329737,0.7806173193661903,0.8868020655329737,0.168,0.543457015946535,,0.8868020655329737,0.168,0.543457015946535,0.008161350000000001,"wan_fetch_intensity,memory_spill_intensity,imbalance_intensity,capacity_intensity,timeout_utilization",2.448405,,300.0,0.008161350000000001,400000.0,9601024.0,9.15625,,9601024.0,,400000.0,9601024.0,9.15625,1.0,1.0,3712.0,29.0,,1.0,,1.504,,1.504,,1.0,,16.0,,1.0,,1.0,
20260704T023430Z-clean-run-eu-us-gac-region-asymmetry--bbc458791215--ent_filter_summary__lookback_days-30__min_value-500,pilot-balanced-v1,default,gac_fdw_multiregion_event_filter_summary,asymmetry_mr_event_filter_summary__dataset-pilot-balanced-v1__runtime-default__gac_fdw_multiregion_event_filter_summary__lookback_days-30__min_value-500,deployment_relative_pressure_proxy_v2,posthoc_audit_not_clustering_input,1.0,critical,1.0,1.0,0.9685167534680252,0.16685402280391845,0.543457015946535,,1.0,0.16685402280391845,0.543457015946535,0.003954803333333334,"wan_fetch_intensity,memory_spill_intensity,imbalance_intensity,capacity_intensity,timeout_utilization",1.186441,,300.0,0.003954803333333334,199954.0,3200000.0,3.0517578125,,3200000.0,,199954.0,3199999.9999999995,3.0517578124999996,1.0,0.9999999999999999,1466.0,11.453125,,1.003450793682547,,1.4953839383058103,,1.5005620684117553,,1.0,,16.0,,1.0,,1.0,
20260704T023447Z-clean-run-eu-us-gac-region-asymmetry--2a2826736e2c--tenant_id-800__us_tenant_id-10020__lookback_days-30,pilot-balanced-v1,default,gac_fdw_multiregion_tenant_point_rollup,asymmetry_mr_tenant_point_control__dataset-pilot-balanced-v1__runtime-default__gac_fdw_multiregion_tenant_point_rollup__eu_tenant_id-800__us_tenant_id-10020__lookback_days-30,deployment_relative_pressure_proxy_v2,posthoc_audit_not_clustering_input,0.4602055994052901,low,0.4602055994052901,0.4602055994052901,0.0,0.0,0.0,,0.4602055994052901,0.0,0.0,0.00036632,"wan_fetch_intensity,memory_spill_intensity,imbalance_intensity,capacity_intensity,timeout_utilization",0.109896,,300.0,0.00036632,400.0,9600.0,0.0091552734375,,9600.0,,800.0,19200.0,0.018310546875,2.0,2.0,0.0,0.0,,1.0,,1.0,,1.0,,0.03125,,0.5,,0.03125,,0.03125,
20260704T023501Z-clean-run-eu-us-gac-region-asymmetry--660e758ab774--ion_user_segment_join__lookback_days-30__limit_k-50,pilot-balanced-v1,default,gac_fdw_multiregion_user_segment_join,asymmetry_mr_user_segment_join__dataset-pilot-balanced-v1__runtime-default__gac_fdw_multiregion_user_segment_join__lookback_days-30__limit_k-50,deployment_relative_pressure_proxy_v2,posthoc_audit_not_clustering_input,1.0,critical,1.0,0.9647809101950027,1.0,0.3351111111111111,1.0,,1.0,0.3351111111111111,1.0,0.01690653333333333,"wan_fetch_intensity,memory_spill_intensity,imbalance_intensity,capacity_intensity,timeout_utilization",5.07196,,300.0,0.01690653333333333,600000.0,18726912.0,17.859375,,18726912.0,,600000.0,18726912.0,17.859375,1.0,1.0,144665.0,1130.1953125,,1.0,,2.005333333333333,,2.005333333333333,,2.0,,32.0,,2.0,,2.0,
20260704T023521Z-clean-run-eu-us-gac-region-asymmetry--f2b05d0c6fee--eu_tenant_id-5__us_tenant_id-10100__lookback_days-7,pilot-balanced-v1,default,gac_fdw_multiregion_tenant_point_rollup,asymmetry_mr_tenant_point_control__dataset-pilot-balanced-v1__runtime-default__gac_fdw_multiregion_tenant_point_rollup__eu_tenant_id-5__us_tenant_id-10100__lookback_days-7,deployment_relative_pressure_proxy_v2,posthoc_audit_not_clustering_input,0.4602055994052901,low,0.4602055994052901,0.4602055994052901,0.0,0.0,0.0,,0.4602055994052901,0.0,0.0,0.0003763833333333333,"wan_fetch_intensity,memory_spill_intensity,imbalance_intensity,capacity_intensity,timeout_utilization",0.112915,,300.0,0.0003763833333333333,400.0,9600.0,0.0091552734375,,9600.0,,800.0,19200.0,0.018310546875,2.0,2.0,0.0,0.0,,1.0,,1.0,,1.0,,0.03125,,0.5,,0.03125,,0.03125,
20260704T023537Z-clean-run-eu-us-gac-region-asymmetry--e00346e7e557--t_rollup__lookback_days-30__min_value-0__limit_k-50,pilot-balanced-v1,default,gac_fdw_multiregion_daily_tenant_rollup,asymmetry_mr_daily_tenant_rollup__dataset-pilot-balanced-v1__runtime-default__gac_fdw_multiregion_daily_tenant_rollup__lookback_days-30__min_value-0__limit_k-50,deployment_relative_pressure_proxy_v2,posthoc_audit_not_clustering_input,1.0,critical,1.0,0.7806173193661903,1.0,0.168,0.543457015946535,,1.0,0.168,0.543457015946535,0.008693646666666666,"wan_fetch_intensity,memory_spill_intensity,imbalance_intensity,capacity_intensity,timeout_utilization",2.608094,,300.0,0.008693646666666666,400000.0,9601024.0,9.15625,,9601024.0,,400000.0,9601024.0,9.15625,1.0,1.0,6404.0,50.03125,,1.0,,1.504,,1.504,,1.0,,16.0,,1.0,,1.0,
20260704T023554Z-clean-run-eu-us-gac-region-asymmetry--cf9e07376251--_tenant_id-800__us_tenant_id-10020__lookback_days-7,pilot-balanced-v1,default,gac_fdw_multiregion_tenant_point_rollup,asymmetry_mr_tenant_point_control__dataset-pilot-balanced-v1__runtime-default__gac_fdw_multiregion_tenant_point_rollup__eu_tenant_id-800__us_tenant_id-10020__lookback_days-7,deployment_relative_pressure_proxy_v2,posthoc_audit_not_clustering_input,0.4602055994052901,low,0.4602055994052901,0.4602055994052901,0.0,0.0,0.0,,0.4602055994052901,0.0,0.0,0.00039001,"wan_fetch_intensity,memory_spill_intensity,imbalance_intensity,capacity_intensity,timeout_utilization",0.117003,,300.0,0.00039001,400.0,9600.0,0.0091552734375,,9600.0,,800.0,19200.0,0.018310546875,2.0,2.0,0.0,0.0,,1.0,,1.0,,1.0,,0.03125,,0.5,,0.03125,,0.03125,
20260704T023609Z-clean-run-eu-us-gac-region-asymmetry--5463079614c7--gion_user_segment_join__lookback_days-7__limit_k-50,pilot-balanced-v1,default,gac_fdw_multiregion_user_segment_join,asymmetry_mr_user_segment_join__dataset-pilot-balanced-v1__runtime-default__gac_fdw_multiregion_user_segment_join__lookback_days-7__limit_k-50,deployment_relative_pressure_proxy_v2,posthoc_audit_not_clustering_input,1.0,critical,1.0,0.9647809101950027,1.0,0.3351111111111111,1.0,,1.0,0.3351111111111111,1.0,0.01302217,"wan_fetch_intensity,memory_spill_intensity,imbalance_intensity,capacity_intensity,timeout_utilization",3.906651,,300.0,0.01302217,600000.0,18726912.0,17.859375,,18726912.0,,600000.0,18726912.0,17.859375,1.0,1.0,55814.0,436.046875,,1.0,,2.005333333333333,,2.005333333333333,,2.0,,32.0,,2.0,,2.0,
20260704T023627Z-clean-run-eu-us-gac-region-asymmetry--4497b1bb8ecc--eu_tenant_id-1__us_tenant_id-10005__lookback_days-7,pilot-balanced-v1,default,gac_fdw_multiregion_tenant_point_rollup,asymmetry_mr_tenant_point_control__dataset-pilot-balanced-v1__runtime-default__gac_fdw_multiregion_tenant_point_rollup__eu_tenant_id-1__us_tenant_id-10005__lookback_days-7,deployment_relative_pressure_proxy_v2,posthoc_audit_not_clustering_input,0.4602055994052901,low,0.4602055994052901,0.4602055994052901,0.0,0.0,0.0,,0.4602055994052901,0.0,0.0,0.00037336,"wan_fetch_intensity,memory_spill_intensity,imbalance_intensity,capacity_intensity,timeout_utilization",0.112008,,300.0,0.00037336,400.0,9600.0,0.0091552734375,,9600.0,,800.0,19200.0,0.018310546875,2.0,2.0,0.0,0.0,,1.0,,1.0,,1.0,,0.03125,,0.5,,0.03125,,0.03125,
20260704T023641Z-clean-run-eu-us-gac-region-asymmetry--eca066caf657--ulti_dimension_rollup__lookback_days-30__limit_k-50,pilot-balanced-v1,default,gac_fdw_multiregion_multi_dimension_rollup,asymmetry_mr_multi_dimension_rollup__dataset-pilot-balanced-v1__runtime-default__gac_fdw_multiregion_multi_dimension_rollup__lookback_days-30__limit_k-50,deployment_relative_pressure_proxy_v2,posthoc_audit_not_clustering_input,1.0,critical,1.0,0.8161245885110947,1.0,0.34330011074197114,1.0,,1.0,0.34330011074197114,1.0,0.014279966666666668,"wan_fetch_intensity,memory_spill_intensity,imbalance_intensity,capacity_intensity,timeout_utilization",4.28399,,300.0,0.014279966666666668,602000.0,17530880.0,16.71875,,17530880.0,,602000.0,17530880.0,16.71875,1.0,1.0,120234.0,939.328125,,1.0,,2.0299003322259135,,2.0299003322259135,,2.03125,,32.5,,2.03125,,2.03125,
20260704T023700Z-clean-run-eu-us-gac-region-asymmetry--b88dbb1240be--_fdw_multiregion_raw_region_rollup__lookback_days-1,pilot-balanced-v1,default,gac_fdw_multiregion_raw_region_rollup,asymmetry_mr_raw_region_rollup__dataset-pilot-balanced-v1__runtime-default__gac_fdw_multiregion_raw_region_rollup__lookback_days-1,deployment_relative_pressure_proxy_v2,posthoc_audit_not_clustering_input,1.0,critical,1.0,1.0,0.9685167534680252,0.168,0.543457015946535,,1.0,0.168,0.543457015946535,0.007291473333333333,"wan_fetch_intensity,memory_spill_intensity,imbalance_intensity,capacity_intensity,timeout_utilization",2.187442,,300.0,0.007291473333333333,400000.0,6400000.0,6.103515625,,6400000.0,,400000.0,6400000.0,6.103515625,1.0,1.0,2932.0,22.90625,,1.0,,1.504,,1.504,,1.0,,16.0,,1.0,,1.0,
20260704T023716Z-clean-run-eu-us-gac-region-asymmetry--1e076b382e88--u_tenant_id-20__us_tenant_id-10800__lookback_days-7,pilot-balanced-v1,default,gac_fdw_multiregion_tenant_point_rollup,asymmetry_mr_tenant_point_control__dataset-pilot-balanced-v1__runtime-default__gac_fdw_multiregion_tenant_point_rollup__eu_tenant_id-20__us_tenant_id-10800__lookback_days-7,deployment_relative_pressure_proxy_v2,posthoc_audit_not_clustering_input,0.4602055994052901,low,0.4602055994052901,0.4602055994052901,0.0,0.0,0.0,,0.4602055994052901,0.0,0.0,0.00037598666666666667,"wan_fetch_intensity,memory_spill_intensity,imbalance_intensity,capacity_intensity,timeout_utilization",0.112796,,300.0,0.00037598666666666667,400.0,9600.0,0.0091552734375,,9600.0,,800.0,19200.0,0.018310546875,2.0,2.0,0.0,0.0,,1.0,,1.0,,1.0,,0.03125,,0.5,,0.03125,,0.03125,
20260704T023730Z-clean-run-eu-us-gac-region-asymmetry--c1ae9260233e--_event_filter_summary__lookback_days-7__min_value-0,pilot-balanced-v1,default,gac_fdw_multiregion_event_filter_summary,asymmetry_mr_event_filter_summary__dataset-pilot-balanced-v1__runtime-default__gac_fdw_multiregion_event_filter_summary__lookback_days-7__min_value-0,deployment_relative_pressure_proxy_v2,posthoc_audit_not_clustering_input,1.0,critical,1.0,1.0,0.9685167534680252,0.168,0.543457015946535,,1.0,0.168,0.543457015946535,0.007416033333333334,"wan_fetch_intensity,memory_spill_intensity,imbalance_intensity,capacity_intensity,timeout_utilization",2.22481,,300.0,0.007416033333333334,400000.0,6400000.0,6.103515625,,6400000.0,,400000.0,6400000.0,6.103515625,1.0,1.0,2932.0,22.90625,,1.0,,1.504,,1.504,,1.0,,16.0,,1.0,,1.0,
20260704T023747Z-clean-run-eu-us-gac-region-asymmetry--39114deb76d4--vent_filter_summary__lookback_days-1__min_value-500,pilot-balanced-v1,default,gac_fdw_multiregion_event_filter_summary,asymmetry_mr_event_filter_summary__dataset-pilot-balanced-v1__runtime-default__gac_fdw_multiregion_event_filter_summary__lookback_days-1__min_value-500,deployment_relative_pressure_proxy_v2,posthoc_audit_not_clustering_input,1.0,critical,1.0,1.0,0.9685167534680252,0.16685402280391845,0.543457015946535,,1.0,0.16685402280391845,0.543457015946535,0.0037954033333333337,"wan_fetch_intensity,memory_spill_intensity,imbalance_intensity,capacity_intensity,timeout_utilization",1.138621,,300.0,0.0037954033333333337,199954.0,3200000.0,3.0517578125,,3200000.0,,199954.0,3199999.9999999995,3.0517578124999996,1.0,0.9999999999999999,1466.0,11.453125,,1.003450793682547,,1.4953839383058103,,1.5005620684117553,,1.0,,16.0,,1.0,,1.0,
20260704T023803Z-clean-run-eu-us-gac-region-asymmetry--c72e1b7b6197--_tenant_id-100__us_tenant_id-10020__lookback_days-7,pilot-balanced-v1,default,gac_fdw_multiregion_tenant_point_rollup,asymmetry_mr_tenant_point_control__dataset-pilot-balanced-v1__runtime-default__gac_fdw_multiregion_tenant_point_rollup__eu_tenant_id-100__us_tenant_id-10020__lookback_days-7,deployment_relative_pressure_proxy_v2,posthoc_audit_not_clustering_input,0.4602055994052901,low,0.4602055994052901,0.4602055994052901,0.0,0.0,0.0,,0.4602055994052901,0.0,0.0,0.00035489666666666664,"wan_fetch_intensity,memory_spill_intensity,imbalance_intensity,capacity_intensity,timeout_utilization",0.106469,,300.0,0.00035489666666666664,400.0,9600.0,0.0091552734375,,9600.0,,800.0,19200.0,0.018310546875,2.0,2.0,0.0,0.0,,1.0,,1.0,,1.0,,0.03125,,0.5,,0.03125,,0.03125,
20260704T023817Z-clean-run-eu-us-gac-region-asymmetry--470b16c5a833--ultiregion_top_tenants__lookback_days-7__limit_k-50,pilot-balanced-v1,default,gac_fdw_multiregion_top_tenants,asymmetry_mr_top_tenants__dataset-pilot-balanced-v1__runtime-default__gac_fdw_multiregion_top_tenants__lookback_days-7__limit_k-50,deployment_relative_pressure_proxy_v2,posthoc_audit_not_clustering_input,0.8868020655329737,high,0.8868020655329737,0.7806173193661903,0.8868020655329737,0.168,0.543457015946535,,0.8868020655329737,0.168,0.543457015946535,0.007775546666666666,"wan_fetch_intensity,memory_spill_intensity,imbalance_intensity,capacity_intensity,timeout_utilization",2.332664,,300.0,0.007775546666666666,400000.0,9601024.0,9.15625,,9601024.0,,400000.0,9601024.0,9.15625,1.0,1.0,3712.0,29.0,,1.0,,1.504,,1.504,,1.0,,16.0,,1.0,,1.0,
20260704T023833Z-clean-run-eu-us-gac-region-asymmetry--0d5790d2e0f5--ultiregion_top_tenants__lookback_days-7__limit_k-25,pilot-balanced-v1,default,gac_fdw_multiregion_top_tenants,asymmetry_mr_top_tenants__dataset-pilot-balanced-v1__runtime-default__gac_fdw_multiregion_top_tenants__lookback_days-7__limit_k-25,deployment_relative_pressure_proxy_v2,posthoc_audit_not_clustering_input,0.8868020655329737,high,0.8868020655329737,0.840823266205027,0.8868020655329737,0.168,0.543457015946535,,0.8868020655329737,0.168,0.543457015946535,0.007129873333333332,"wan_fetch_intensity,memory_spill_intensity,imbalance_intensity,capacity_intensity,timeout_utilization",2.138962,,300.0,0.007129873333333332,400000.0,9601024.0,9.15625,,9601024.0,,400000.0,9601024.0,9.15625,1.0,1.0,3712.0,29.0,,1.0,,1.504,,1.504,,1.0,,16.0,,1.0,,1.0,
20260704T023849Z-clean-run-eu-us-gac-region-asymmetry--362d4a7dd57e--u_tenant_id-20__us_tenant_id-10100__lookback_days-7,pilot-balanced-v1,default,gac_fdw_multiregion_tenant_point_rollup,asymmetry_mr_tenant_point_control__dataset-pilot-balanced-v1__runtime-default__gac_fdw_multiregion_tenant_point_rollup__eu_tenant_id-20__us_tenant_id-10100__lookback_days-7,deployment_relative_pressure_proxy_v2,posthoc_audit_not_clustering_input,0.4602055994052901,low,0.4602055994052901,0.4602055994052901,0.0,0.0,0.0,,0.4602055994052901,0.0,0.0,0.00034796333333333334,"wan_fetch_intensity,memory_spill_intensity,imbalance_intensity,capacity_intensity,timeout_utilization",0.104389,,300.0,0.00034796333333333334,400.0,9600.0,0.0091552734375,,9600.0,,800.0,19200.0,0.018310546875,2.0,2.0,0.0,0.0,,1.0,,1.0,,1.0,,0.03125,,0.5,,0.03125,,0.03125,
20260704T023904Z-clean-run-eu-us-gac-region-asymmetry--e43b8e0144b6--_tenant_id-20__us_tenant_id-10020__lookback_days-30,pilot-balanced-v1,default,gac_fdw_multiregion_tenant_point_rollup,asymmetry_mr_tenant_point_control__dataset-pilot-balanced-v1__runtime-default__gac_fdw_multiregion_tenant_point_rollup__eu_tenant_id-20__us_tenant_id-10020__lookback_days-30,deployment_relative_pressure_proxy_v2,posthoc_audit_not_clustering_input,0.4602055994052901,low,0.4602055994052901,0.4602055994052901,0.0,0.0,0.0,,0.4602055994052901,0.0,0.0,0.0003842,"wan_fetch_intensity,memory_spill_intensity,imbalance_intensity,capacity_intensity,timeout_utilization",0.11526,,300.0,0.0003842,400.0,9600.0,0.0091552734375,,9600.0,,800.0,19200.0,0.018310546875,2.0,2.0,0.0,0.0,,1.0,,1.0,,1.0,,0.03125,,0.5,,0.03125,,0.03125,
20260704T023918Z-clean-run-eu-us-gac-region-asymmetry--d96d9170920c--u_tenant_id-1__us_tenant_id-10005__lookback_days-30,pilot-balanced-v1,default,gac_fdw_multiregion_tenant_point_rollup,asymmetry_mr_tenant_point_control__dataset-pilot-balanced-v1__runtime-default__gac_fdw_multiregion_tenant_point_rollup__eu_tenant_id-1__us_tenant_id-10005__lookback_days-30,deployment_relative_pressure_proxy_v2,posthoc_audit_not_clustering_input,0.4602055994052901,low,0.4602055994052901,0.4602055994052901,0.0,0.0,0.0,,0.4602055994052901,0.0,0.0,0.0003574133333333333,"wan_fetch_intensity,memory_spill_intensity,imbalance_intensity,capacity_intensity,timeout_utilization",0.107224,,300.0,0.0003574133333333333,400.0,9600.0,0.0091552734375,,9600.0,,800.0,19200.0,0.018310546875,2.0,2.0,0.0,0.0,,1.0,,1.0,,1.0,,0.03125,,0.5,,0.03125,,0.03125,
20260704T023932Z-clean-run-eu-us-gac-region-asymmetry--4527f188a022--u_tenant_id-20__us_tenant_id-10020__lookback_days-7,pilot-balanced-v1,default,gac_fdw_multiregion_tenant_point_rollup,asymmetry_mr_tenant_point_control__dataset-pilot-balanced-v1__runtime-default__gac_fdw_multiregion_tenant_point_rollup__eu_tenant_id-20__us_tenant_id-10020__lookback_days-7,deployment_relative_pressure_proxy_v2,posthoc_audit_not_clustering_input,0.4602055994052901,low,0.4602055994052901,0.4602055994052901,0.0,0.0,0.0,,0.4602055994052901,0.0,0.0,0.00033763333333333337,"wan_fetch_intensity,memory_spill_intensity,imbalance_intensity,capacity_intensity,timeout_utilization",0.10129,,300.0,0.00033763333333333337,400.0,9600.0,0.0091552734375,,9600.0,,800.0,19200.0,0.018310546875,2.0,2.0,0.0,0.0,,1.0,,1.0,,1.0,,0.03125,,0.5,,0.03125,,0.03125,
20260704T023946Z-clean-run-eu-us-gac-region-asymmetry--d99fdf35990b--__gac_etl_top_tenants__lookback_days-30__limit_k-25,pilot-balanced-v1,default,gac_etl_top_tenants,asymmetry_etl_top_tenants_control__dataset-pilot-balanced-v1__runtime-default__gac_etl_top_tenants__lookback_days-30__limit_k-25,deployment_relative_pressure_proxy_v2,posthoc_audit_not_clustering_input,0.00014838666666666667,low,0.00014838666666666667,,0.0,,,,0.0,,,0.00014838666666666667,"memory_spill_intensity,timeout_utilization",0.044516,,300.0,0.00014838666666666667,,,,,,,,,,,,0.0,0.0,,,,,,,,,,,,,,,
20260704T024000Z-clean-run-eu-us-gac-region-asymmetry--425382644976--u_tenant_id-5__us_tenant_id-10020__lookback_days-30,pilot-balanced-v1,default,gac_fdw_multiregion_tenant_point_rollup,asymmetry_mr_tenant_point_control__dataset-pilot-balanced-v1__runtime-default__gac_fdw_multiregion_tenant_point_rollup__eu_tenant_id-5__us_tenant_id-10020__lookback_days-30,deployment_relative_pressure_proxy_v2,posthoc_audit_not_clustering_input,0.4602055994052901,low,0.4602055994052901,0.4602055994052901,0.0,0.0,0.0,,0.4602055994052901,0.0,0.0,0.0003890166666666667,"wan_fetch_intensity,memory_spill_intensity,imbalance_intensity,capacity_intensity,timeout_utilization",0.116705,,300.0,0.0003890166666666667,400.0,9600.0,0.0091552734375,,9600.0,,800.0,19200.0,0.018310546875,2.0,2.0,0.0,0.0,,1.0,,1.0,,1.0,,0.03125,,0.5,,0.03125,,0.03125,
20260704T024015Z-clean-run-eu-us-gac-region-asymmetry--b5fdd3eb3c01--_tenant_id-20__us_tenant_id-10800__lookback_days-30,pilot-balanced-v1,default,gac_fdw_multiregion_tenant_point_rollup,asymmetry_mr_tenant_point_control__dataset-pilot-balanced-v1__runtime-default__gac_fdw_multiregion_tenant_point_rollup__eu_tenant_id-20__us_tenant_id-10800__lookback_days-30,deployment_relative_pressure_proxy_v2,posthoc_audit_not_clustering_input,0.4602055994052901,low,0.4602055994052901,0.4602055994052901,0.0,0.0,0.0,,0.4602055994052901,0.0,0.0,0.00038267333333333336,"wan_fetch_intensity,memory_spill_intensity,imbalance_intensity,capacity_intensity,timeout_utilization",0.114802,,300.0,0.00038267333333333336,400.0,9600.0,0.0091552734375,,9600.0,,800.0,19200.0,0.018310546875,2.0,2.0,0.0,0.0,,1.0,,1.0,,1.0,,0.03125,,0.5,,0.03125,,0.03125,
20260704T024029Z-clean-run-eu-us-gac-region-asymmetry--301c8b68879c--rollup__lookback_days-14__min_value-500__limit_k-50,pilot-balanced-v1,default,gac_fdw_multiregion_daily_tenant_rollup,asymmetry_mr_daily_tenant_rollup__dataset-pilot-balanced-v1__runtime-default__gac_fdw_multiregion_daily_tenant_rollup__lookback_days-14__min_value-500__limit_k-50,deployment_relative_pressure_proxy_v2,posthoc_audit_not_clustering_input,0.8875123018479644,high,0.8875123018479644,0.72039139270077,0.8875123018479644,0.16685402280391845,0.543457015946535,,0.8875123018479644,0.16685402280391845,0.543457015946535,0.004314033333333333,"wan_fetch_intensity,memory_spill_intensity,imbalance_intensity,capacity_intensity,timeout_utilization",1.29421,,300.0,0.004314033333333333,199954.0,4798464.0,4.576171875,,4798464.0,,199954.0,4798464.0,4.576171875,1.0,1.0,1858.0,14.515625,,1.003450793682547,,1.4953839383058103,,1.5005620684117553,,1.0,,16.0,,1.0,,1.0,
20260704T024045Z-clean-run-eu-us-gac-region-asymmetry--4016de6cb6ab--tenant_id-100__us_tenant_id-10001__lookback_days-30,pilot-balanced-v1,default,gac_fdw_multiregion_tenant_point_rollup,asymmetry_mr_tenant_point_control__dataset-pilot-balanced-v1__runtime-default__gac_fdw_multiregion_tenant_point_rollup__eu_tenant_id-100__us_tenant_id-10001__lookback_days-30,deployment_relative_pressure_proxy_v2,posthoc_audit_not_clustering_input,0.4602055994052901,low,0.4602055994052901,0.4602055994052901,0.0,0.0,0.0,,0.4602055994052901,0.0,0.0,0.00037226333333333333,"wan_fetch_intensity,memory_spill_intensity,imbalance_intensity,capacity_intensity,timeout_utilization",0.111679,,300.0,0.00037226333333333333,400.0,9600.0,0.0091552734375,,9600.0,,800.0,19200.0,0.018310546875,2.0,2.0,0.0,0.0,,1.0,,1.0,,1.0,,0.03125,,0.5,,0.03125,,0.03125,
20260704T024059Z-clean-run-eu-us-gac-region-asymmetry--6f634031aeff--__limit_k-250__payload_repeat-16__payload_width-512,pilot-balanced-v1,default,gac_fdw_multiregion_event_raw_wide_sample,asymmetry_mr_raw_wide_sample__dataset-pilot-balanced-v1__runtime-default__gac_fdw_multiregion_event_raw_wide_sample__lookback_days-1__min_value-500__limit_k-250__payload_repeat-16__payload_width-512,deployment_relative_pressure_proxy_v2,posthoc_audit_not_clustering_input,0.813220245944475,high,0.813220245944475,0.5805975132563801,0.813220245944475,0.16685402280391845,0.543457015946535,,0.813220245944475,0.16685402280391845,0.543457015946535,0.004882106666666666,"wan_fetch_intensity,memory_spill_intensity,imbalance_intensity,capacity_intensity,timeout_utilization",1.464632,,300.0,0.004882106666666666,199954.0,7998464.0,7.6279296875,,7998464.0,,199954.0,7998464.0,7.6279296875,1.0,1.0,2638.0,20.609375,,1.003450793682547,,1.4953839383058103,,1.5005620684117553,,1.0,,16.0,,1.0,,1.0,
20260704T024115Z-clean-run-eu-us-gac-region-asymmetry--d29c00d8343b--_rollup__lookback_days-7__min_value-500__limit_k-50,pilot-balanced-v1,default,gac_fdw_multiregion_daily_tenant_rollup,asymmetry_mr_daily_tenant_rollup__dataset-pilot-balanced-v1__runtime-default__gac_fdw_multiregion_daily_tenant_rollup__lookback_days-7__min_value-500__limit_k-50,deployment_relative_pressure_proxy_v2,posthoc_audit_not_clustering_input,0.8875123018479644,high,0.8875123018479644,0.72039139270077,0.8875123018479644,0.16685402280391845,0.543457015946535,,0.8875123018479644,0.16685402280391845,0.543457015946535,0.0040692766666666665,"wan_fetch_intensity,memory_spill_intensity,imbalance_intensity,capacity_intensity,timeout_utilization",1.220783,,300.0,0.0040692766666666665,199954.0,4798464.0,4.576171875,,4798464.0,,199954.0,4798464.0,4.576171875,1.0,1.0,1858.0,14.515625,,1.003450793682547,,1.4953839383058103,,1.5005620684117553,,1.0,,16.0,,1.0,,1.0,
20260704T024130Z-clean-run-eu-us-gac-region-asymmetry--c06dbda276d7--_event_filter_summary__lookback_days-1__min_value-0,pilot-balanced-v1,default,gac_fdw_multiregion_event_filter_summary,asymmetry_mr_event_filter_summary__dataset-pilot-balanced-v1__runtime-default__gac_fdw_multiregion_event_filter_summary__lookback_days-1__min_value-0,deployment_relative_pressure_proxy_v2,posthoc_audit_not_clustering_input,1.0,critical,1.0,1.0,0.9685167534680252,0.168,0.543457015946535,,1.0,0.168,0.543457015946535,0.006951386666666667,"wan_fetch_intensity,memory_spill_intensity,imbalance_intensity,capacity_intensity,timeout_utilization",2.085416,,300.0,0.006951386666666667,400000.0,6400000.0,6.103515625,,6400000.0,,400000.0,6400000.0,6.103515625,1.0,1.0,2932.0,22.90625,,1.0,,1.504,,1.504,,1.0,,16.0,,1.0,,1.0,
20260704T024146Z-clean-run-eu-us-gac-region-asymmetry--3b3f74a67072--eu_tenant_id-1__us_tenant_id-10020__lookback_days-7,pilot-balanced-v1,default,gac_fdw_multiregion_tenant_point_rollup,asymmetry_mr_tenant_point_control__dataset-pilot-balanced-v1__runtime-default__gac_fdw_multiregion_tenant_point_rollup__eu_tenant_id-1__us_tenant_id-10020__lookback_days-7,deployment_relative_pressure_proxy_v2,posthoc_audit_not_clustering_input,0.4602055994052901,low,0.4602055994052901,0.4602055994052901,0.0,0.0,0.0,,0.4602055994052901,0.0,0.0,0.00036877,"wan_fetch_intensity,memory_spill_intensity,imbalance_intensity,capacity_intensity,timeout_utilization",0.110631,,300.0,0.00036877,400.0,9600.0,0.0091552734375,,9600.0,,800.0,19200.0,0.018310546875,2.0,2.0,0.0,0.0,,1.0,,1.0,,1.0,,0.03125,,0.5,,0.03125,,0.03125,
20260704T024245Z-clean-run-eu-us-gac-region-asymmetry--1a6cf824c757--ault__q10_top_tenants__lookback_days-30__limit_k-25,pilot-balanced-v1,default,q10_top_tenants,asymmetry_single_region_top_tenants_control__dataset-pilot-balanced-v1__runtime-default__q10_top_tenants__lookback_days-30__limit_k-25,deployment_relative_pressure_proxy_v2,posthoc_audit_not_clustering_input,0.7788439214298881,medium,0.7788439214298881,0.7788439214298881,0.0,,0.0,,0.7788439214298881,,0.0,0.0006225366666666667,"wan_fetch_intensity,memory_spill_intensity,capacity_intensity,timeout_utilization",0.186761,,300.0,0.0006225366666666667,195958.0,31760.0,0.0302886962890625,,,,195958.0,31760.0,0.0302886962890625,1.0,1.0,0.0,0.0,,,,,,,,1.0,,8.0,,0.5,,1.0,
20260704T024258Z-clean-run-eu-us-gac-region-asymmetry--29416c2c41fc--fault__q10_top_tenants__lookback_days-7__limit_k-25,pilot-balanced-v1,default,q10_top_tenants,asymmetry_single_region_top_tenants_control__dataset-pilot-balanced-v1__runtime-default__q10_top_tenants__lookback_days-7__limit_k-25,deployment_relative_pressure_proxy_v2,posthoc_audit_not_clustering_input,0.7130744811772868,medium,0.7130744811772868,0.7130744811772868,0.0,,0.0,,0.7130744811772868,,0.0,0.00049021,"wan_fetch_intensity,memory_spill_intensity,capacity_intensity,timeout_utilization",0.147063,,300.0,0.00049021,91900.0,31760.0,0.0302886962890625,,,,91900.0,31760.0,0.0302886962890625,1.0,1.0,0.0,0.0,,,,,,,,1.0,,8.0,,0.5,,1.0,
20260704T024439Z-clean-run-eu-us-gac-region-asymmetry--762d48c99651--eu_tenant_id-1__us_tenant_id-10020__lookback_days-7,pilot-region-imbalanced-v1,default,gac_fdw_multiregion_tenant_point_rollup,asymmetry_mr_tenant_point_control__dataset-pilot-region-imbalanced-v1__runtime-default__gac_fdw_multiregion_tenant_point_rollup__eu_tenant_id-1__us_tenant_id-10020__lookback_days-7,deployment_relative_pressure_proxy_v2,posthoc_audit_not_clustering_input,0.4602055994052901,low,0.4602055994052901,0.4602055994052901,0.0,0.0,0.0,,0.4602055994052901,0.0,0.0,0.00036220999999999996,"wan_fetch_intensity,memory_spill_intensity,imbalance_intensity,capacity_intensity,timeout_utilization",0.108663,,300.0,0.00036220999999999996,400.0,9600.0,0.0091552734375,,9600.0,,800.0,19200.0,0.018310546875,2.0,2.0,0.0,0.0,,1.0,,1.0,,1.0,,0.03125,,0.5,,0.03125,,0.03125,
20260704T024455Z-clean-run-eu-us-gac-region-asymmetry--af62d02abfd8--_tenant_id-800__us_tenant_id-10005__lookback_days-7,pilot-region-imbalanced-v1,default,gac_fdw_multiregion_tenant_point_rollup,asymmetry_mr_tenant_point_control__dataset-pilot-region-imbalanced-v1__runtime-default__gac_fdw_multiregion_tenant_point_rollup__eu_tenant_id-800__us_tenant_id-10005__lookback_days-7,deployment_relative_pressure_proxy_v2,posthoc_audit_not_clustering_input,0.4602055994052901,low,0.4602055994052901,0.4602055994052901,0.0,0.0,0.0,,0.4602055994052901,0.0,0.0,0.0005046800000000001,"wan_fetch_intensity,memory_spill_intensity,imbalance_intensity,capacity_intensity,timeout_utilization",0.151404,,300.0,0.0005046800000000001,400.0,9600.0,0.0091552734375,,9600.0,,800.0,19200.0,0.018310546875,2.0,2.0,0.0,0.0,,1.0,,1.0,,1.0,,0.03125,,0.5,,0.03125,,0.03125,
20260704T024510Z-clean-run-eu-us-gac-region-asymmetry--c166f0aaa71d--egion_global_user_join__lookback_days-7__limit_k-50,pilot-region-imbalanced-v1,default,gac_fdw_multiregion_global_user_join,asymmetry_mr_global_user_join__dataset-pilot-region-imbalanced-v1__runtime-default__gac_fdw_multiregion_global_user_join__lookback_days-7__limit_k-50,deployment_relative_pressure_proxy_v2,posthoc_audit_not_clustering_input,1.0,critical,1.0,0.9045749633561659,1.0,0.8001283971752622,1.0,,1.0,0.8001283971752622,1.0,0.014239736666666666,"wan_fetch_intensity,memory_spill_intensity,imbalance_intensity,capacity_intensity,timeout_utilization",4.271921,,300.0,0.014239736666666666,600000.0,19140608.0,18.25390625,,19140608.0,,600000.0,19140608.0,18.25390625,1.0,1.0,66157.0,516.8515625,,1.8,,2.8586666666666667,,2.56,,2.0,,32.0,,2.0,,2.0,
20260704T024529Z-clean-run-eu-us-gac-region-asymmetry--c367b25fee01--tenant_id-800__us_tenant_id-10005__lookback_days-30,pilot-region-imbalanced-v1,default,gac_fdw_multiregion_tenant_point_rollup,asymmetry_mr_tenant_point_control__dataset-pilot-region-imbalanced-v1__runtime-default__gac_fdw_multiregion_tenant_point_rollup__eu_tenant_id-800__us_tenant_id-10005__lookback_days-30,deployment_relative_pressure_proxy_v2,posthoc_audit_not_clustering_input,0.4602055994052901,low,0.4602055994052901,0.4602055994052901,0.0,0.0,0.0,,0.4602055994052901,0.0,0.0,0.0003853633333333333,"wan_fetch_intensity,memory_spill_intensity,imbalance_intensity,capacity_intensity,timeout_utilization",0.115609,,300.0,0.0003853633333333333,400.0,9600.0,0.0091552734375,,9600.0,,800.0,19200.0,0.018310546875,2.0,2.0,0.0,0.0,,1.0,,1.0,,1.0,,0.03125,,0.5,,0.03125,,0.03125,
20260704T024546Z-clean-run-eu-us-gac-region-asymmetry--04a528da1f91--u_tenant_id-20__us_tenant_id-10020__lookback_days-7,pilot-region-imbalanced-v1,default,gac_fdw_multiregion_tenant_point_rollup,asymmetry_mr_tenant_point_control__dataset-pilot-region-imbalanced-v1__runtime-default__gac_fdw_multiregion_tenant_point_rollup__eu_tenant_id-20__us_tenant_id-10020__lookback_days-7,deployment_relative_pressure_proxy_v2,posthoc_audit_not_clustering_input,0.4602055994052901,low,0.4602055994052901,0.4602055994052901,0.0,0.0,0.0,,0.4602055994052901,0.0,0.0,0.00034249666666666666,"wan_fetch_intensity,memory_spill_intensity,imbalance_intensity,capacity_intensity,timeout_utilization",0.102749,,300.0,0.00034249666666666666,400.0,9600.0,0.0091552734375,,9600.0,,800.0,19200.0,0.018310546875,2.0,2.0,0.0,0.0,,1.0,,1.0,,1.0,,0.03125,,0.5,,0.03125,,0.03125,
20260704T024600Z-clean-run-eu-us-gac-region-asymmetry--d41c1c076221--__limit_k-100__payload_repeat-16__payload_width-512,pilot-region-imbalanced-v1,default,gac_fdw_multiregion_event_raw_wide_sample,asymmetry_mr_raw_wide_sample__dataset-pilot-region-imbalanced-v1__runtime-default__gac_fdw_multiregion_event_raw_wide_sample__lookback_days-1__min_value-500__limit_k-100__payload_repeat-16__payload_width-512,deployment_relative_pressure_proxy_v2,posthoc_audit_not_clustering_input,0.8007826325365768,high,0.8007826325365768,0.6604677770152224,0.7661121389641261,0.8007826325365768,0.543457015946535,,0.7661121389641261,0.8007826325365768,0.543457015946535,0.00565899,"wan_fetch_intensity,memory_spill_intensity,imbalance_intensity,capacity_intensity,timeout_utilization",1.697697,,300.0,0.00565899,200605.0,8025088.0,7.6533203125,,8025088.0,,200605.0,8025088.000000001,7.653320312500001,1.0,1.0000000000000002,2382.0,18.609375,,1.8007826325365768,,2.12892001694873,,1.8880992893604245,,1.0,,16.0,,1.0,,1.0,
20260704T024617Z-clean-run-eu-us-gac-region-asymmetry--73105330cf8c--ent_filter_summary__lookback_days-30__min_value-900,pilot-region-imbalanced-v1,default,gac_fdw_multiregion_event_filter_summary,asymmetry_mr_event_filter_summary__dataset-pilot-region-imbalanced-v1__runtime-default__gac_fdw_multiregion_event_filter_summary__lookback_days-30__min_value-900,deployment_relative_pressure_proxy_v2,posthoc_audit_not_clustering_input,0.9210796047953835,high,0.9210796047953835,0.9210796047953835,0.0,0.8033689746706691,0.543457015946535,,0.9210796047953835,0.8033689746706691,0.543457015946535,0.0013733533333333333,"wan_fetch_intensity,memory_spill_intensity,imbalance_intensity,capacity_intensity,timeout_utilization",0.412006,,300.0,0.0013733533333333333,40309.0,645120.0,0.615234375,,645120.0,,40309.0,645120.0,0.615234375,1.0,1.0,0.0,0.0,,1.8033689746706691,,2.1386787069885136,,1.8168054504163513,,1.0,,16.0,,1.0,,1.0,
20260704T024634Z-clean-run-eu-us-gac-region-asymmetry--40958a892550--tenant_id-800__us_tenant_id-10020__lookback_days-30,pilot-region-imbalanced-v1,default,gac_fdw_multiregion_tenant_point_rollup,asymmetry_mr_tenant_point_control__dataset-pilot-region-imbalanced-v1__runtime-default__gac_fdw_multiregion_tenant_point_rollup__eu_tenant_id-800__us_tenant_id-10020__lookback_days-30,deployment_relative_pressure_proxy_v2,posthoc_audit_not_clustering_input,0.4602055994052901,low,0.4602055994052901,0.4602055994052901,0.0,0.0,0.0,,0.4602055994052901,0.0,0.0,0.00033985,"wan_fetch_intensity,memory_spill_intensity,imbalance_intensity,capacity_intensity,timeout_utilization",0.101955,,300.0,0.00033985,400.0,9600.0,0.0091552734375,,9600.0,,800.0,19200.0,0.018310546875,2.0,2.0,0.0,0.0,,1.0,,1.0,,1.0,,0.03125,,0.5,,0.03125,,0.03125,
20260704T024650Z-clean-run-eu-us-gac-region-asymmetry--b0d2373bfa1b--t_rollup__lookback_days-30__min_value-0__limit_k-50,pilot-region-imbalanced-v1,default,gac_fdw_multiregion_daily_tenant_rollup,asymmetry_mr_daily_tenant_rollup__dataset-pilot-region-imbalanced-v1__runtime-default__gac_fdw_multiregion_daily_tenant_rollup__lookback_days-30__min_value-0__limit_k-50,deployment_relative_pressure_proxy_v2,posthoc_audit_not_clustering_input,1.0,critical,1.0,0.7806173193661903,1.0,0.8,0.543457015946535,,1.0,0.8,0.543457015946535,0.00880797,"wan_fetch_intensity,memory_spill_intensity,imbalance_intensity,capacity_intensity,timeout_utilization",2.642391,,300.0,0.00880797,400000.0,9601024.0,9.15625,,9601024.0,,400000.0,9601024.0,9.15625,1.0,1.0,6040.0,47.1875,,1.8,,2.144,,1.92,,1.0,,16.0,,1.0,,1.0,
20260704T024706Z-clean-run-eu-us-gac-region-asymmetry--8951409e1b5a--eu_tenant_id-5__us_tenant_id-10100__lookback_days-7,pilot-region-imbalanced-v1,default,gac_fdw_multiregion_tenant_point_rollup,asymmetry_mr_tenant_point_control__dataset-pilot-region-imbalanced-v1__runtime-default__gac_fdw_multiregion_tenant_point_rollup__eu_tenant_id-5__us_tenant_id-10100__lookback_days-7,deployment_relative_pressure_proxy_v2,posthoc_audit_not_clustering_input,0.4602055994052901,low,0.4602055994052901,0.4602055994052901,0.0,0.0,0.0,,0.4602055994052901,0.0,0.0,0.00034258333333333336,"wan_fetch_intensity,memory_spill_intensity,imbalance_intensity,capacity_intensity,timeout_utilization",0.102775,,300.0,0.00034258333333333336,400.0,9600.0,0.0091552734375,,9600.0,,800.0,19200.0,0.018310546875,2.0,2.0,0.0,0.0,,1.0,,1.0,,1.0,,0.03125,,0.5,,0.03125,,0.03125,
20260704T024720Z-clean-run-eu-us-gac-region-asymmetry--e773743821c3--u_tenant_id-20__us_tenant_id-10001__lookback_days-7,pilot-region-imbalanced-v1,default,gac_fdw_multiregion_tenant_point_rollup,asymmetry_mr_tenant_point_control__dataset-pilot-region-imbalanced-v1__runtime-default__gac_fdw_multiregion_tenant_point_rollup__eu_tenant_id-20__us_tenant_id-10001__lookback_days-7,deployment_relative_pressure_proxy_v2,posthoc_audit_not_clustering_input,0.4602055994052901,low,0.4602055994052901,0.4602055994052901,0.0,0.11111111111111109,0.0,,0.4602055994052901,0.11111111111111109,0.0,0.0003351866666666667,"wan_fetch_intensity,memory_spill_intensity,imbalance_intensity,capacity_intensity,timeout_utilization",0.100556,,300.0,0.0003351866666666667,400.0,9600.0,0.0091552734375,,9600.0,,600.0,14400.0,0.01373291015625,1.5,1.5,0.0,0.0,,1.0,,1.3333333333333333,,1.0,,0.03125,,0.5,,0.03125,,0.03125,
20260704T024734Z-clean-run-eu-us-gac-region-asymmetry--d82e1c951abf--nt_rollup__lookback_days-7__min_value-0__limit_k-50,pilot-region-imbalanced-v1,default,gac_fdw_multiregion_daily_tenant_rollup,asymmetry_mr_daily_tenant_rollup__dataset-pilot-region-imbalanced-v1__runtime-default__gac_fdw_multiregion_daily_tenant_rollup__lookback_days-7__min_value-0__limit_k-50,deployment_relative_pressure_proxy_v2,posthoc_audit_not_clustering_input,0.8375774005486112,high,0.8375774005486112,0.7806173193661903,0.8375774005486112,0.8,0.543457015946535,,0.8375774005486112,0.8,0.543457015946535,0.00795395,"wan_fetch_intensity,memory_spill_intensity,imbalance_intensity,capacity_intensity,timeout_utilization",2.386185,,300.0,0.00795395,400000.0,9601024.0,9.15625,,9601024.0,,400000.0,9601024.0,9.15625,1.0,1.0,3340.0,26.09375,,1.8,,2.144,,1.92,,1.0,,16.0,,1.0,,1.0,
20260704T024751Z-clean-run-eu-us-gac-region-asymmetry--df1e9707ff47--event_filter_summary__lookback_days-30__min_value-0,pilot-region-imbalanced-v1,default,gac_fdw_multiregion_event_filter_summary,asymmetry_mr_event_filter_summary__dataset-pilot-region-imbalanced-v1__runtime-default__gac_fdw_multiregion_event_filter_summary__lookback_days-30__min_value-0,deployment_relative_pressure_proxy_v2,posthoc_audit_not_clustering_input,1.0,critical,1.0,1.0,0.917265149096888,0.8,0.543457015946535,,1.0,0.8,0.543457015946535,0.007175233333333333,"wan_fetch_intensity,memory_spill_intensity,imbalance_intensity,capacity_intensity,timeout_utilization",2.15257,,300.0,0.007175233333333333,400000.0,6400000.0,6.103515625,,6400000.0,,400000.0,6400000.0,6.103515625,1.0,1.0,2638.0,20.609375,,1.8,,2.144,,1.92,,1.0,,16.0,,1.0,,1.0,
20260704T024807Z-clean-run-eu-us-gac-region-asymmetry--545bf57949aa--_tenant_id-100__us_tenant_id-10001__lookback_days-7,pilot-region-imbalanced-v1,default,gac_fdw_multiregion_tenant_point_rollup,asymmetry_mr_tenant_point_control__dataset-pilot-region-imbalanced-v1__runtime-default__gac_fdw_multiregion_tenant_point_rollup__eu_tenant_id-100__us_tenant_id-10001__lookback_days-7,deployment_relative_pressure_proxy_v2,posthoc_audit_not_clustering_input,0.4602055994052901,low,0.4602055994052901,0.4602055994052901,0.0,0.11111111111111109,0.0,,0.4602055994052901,0.11111111111111109,0.0,0.00036165666666666666,"wan_fetch_intensity,memory_spill_intensity,imbalance_intensity,capacity_intensity,timeout_utilization",0.108497,,300.0,0.00036165666666666666,400.0,9600.0,0.0091552734375,,9600.0,,600.0,14400.0,0.01373291015625,1.5,1.5,0.0,0.0,,1.0,,1.3333333333333333,,1.0,,0.03125,,0.5,,0.03125,,0.03125,
20260704T024822Z-clean-run-eu-us-gac-region-asymmetry--2651e0c55b71--u_tenant_id-5__us_tenant_id-10001__lookback_days-30,pilot-region-imbalanced-v1,default,gac_fdw_multiregion_tenant_point_rollup,asymmetry_mr_tenant_point_control__dataset-pilot-region-imbalanced-v1__runtime-default__gac_fdw_multiregion_tenant_point_rollup__eu_tenant_id-5__us_tenant_id-10001__lookback_days-30,deployment_relative_pressure_proxy_v2,posthoc_audit_not_clustering_input,0.4602055994052901,low,0.4602055994052901,0.4602055994052901,0.0,0.11111111111111109,0.0,,0.4602055994052901,0.11111111111111109,0.0,0.00036229666666666666,"wan_fetch_intensity,memory_spill_intensity,imbalance_intensity,capacity_intensity,timeout_utilization",0.108689,,300.0,0.00036229666666666666,400.0,9600.0,0.0091552734375,,9600.0,,600.0,14400.0,0.01373291015625,1.5,1.5,0.0,0.0,,1.0,,1.3333333333333333,,1.0,,0.03125,,0.5,,0.03125,,0.03125,
20260704T024836Z-clean-run-eu-us-gac-region-asymmetry--09341e7ee50e--__limit_k-250__payload_repeat-16__payload_width-512,pilot-region-imbalanced-v1,default,gac_fdw_multiregion_event_raw_wide_sample,asymmetry_mr_raw_wide_sample__dataset-pilot-region-imbalanced-v1__runtime-default__gac_fdw_multiregion_event_raw_wide_sample__lookback_days-1__min_value-500__limit_k-250__payload_repeat-16__payload_width-512,deployment_relative_pressure_proxy_v2,posthoc_audit_not_clustering_input,0.8007826325365768,high,0.8007826325365768,0.5808798444096691,0.7661121389641261,0.8007826325365768,0.543457015946535,,0.7661121389641261,0.8007826325365768,0.543457015946535,0.004367663333333334,"wan_fetch_intensity,memory_spill_intensity,imbalance_intensity,capacity_intensity,timeout_utilization",1.310299,,300.0,0.004367663333333334,200605.0,8025088.0,7.6533203125,,8025088.0,,200605.0,8025088.000000001,7.653320312500001,1.0,1.0000000000000002,2382.0,18.609375,,1.8007826325365768,,2.12892001694873,,1.8880992893604245,,1.0,,16.0,,1.0,,1.0,
20260704T024852Z-clean-run-eu-us-gac-region-asymmetry--46fc206cba00--u_tenant_id-20__us_tenant_id-10005__lookback_days-7,pilot-region-imbalanced-v1,default,gac_fdw_multiregion_tenant_point_rollup,asymmetry_mr_tenant_point_control__dataset-pilot-region-imbalanced-v1__runtime-default__gac_fdw_multiregion_tenant_point_rollup__eu_tenant_id-20__us_tenant_id-10005__lookback_days-7,deployment_relative_pressure_proxy_v2,posthoc_audit_not_clustering_input,0.4602055994052901,low,0.4602055994052901,0.4602055994052901,0.0,0.0,0.0,,0.4602055994052901,0.0,0.0,0.00033800333333333334,"wan_fetch_intensity,memory_spill_intensity,imbalance_intensity,capacity_intensity,timeout_utilization",0.101401,,300.0,0.00033800333333333334,400.0,9600.0,0.0091552734375,,9600.0,,800.0,19200.0,0.018310546875,2.0,2.0,0.0,0.0,,1.0,,1.0,,1.0,,0.03125,,0.5,,0.03125,,0.03125,
20260704T024906Z-clean-run-eu-us-gac-region-asymmetry--d54161972cae--tenant_id-800__us_tenant_id-10800__lookback_days-30,pilot-region-imbalanced-v1,default,gac_fdw_multiregion_tenant_point_rollup,asymmetry_mr_tenant_point_control__dataset-pilot-region-imbalanced-v1__runtime-default__gac_fdw_multiregion_tenant_point_rollup__eu_tenant_id-800__us_tenant_id-10800__lookback_days-30,deployment_relative_pressure_proxy_v2,posthoc_audit_not_clustering_input,0.4602055994052901,low,0.4602055994052901,0.4602055994052901,0.0,0.3333333333333333,0.0,,0.4602055994052901,0.3333333333333333,0.0,0.0003625766666666667,"wan_fetch_intensity,memory_spill_intensity,imbalance_intensity,capacity_intensity,timeout_utilization",0.108773,,300.0,0.0003625766666666667,200.0,4800.0,0.00457763671875,,4800.0,,400.0,9600.0,0.0091552734375,2.0,2.0,0.0,0.0,,1.0,,2.0,,1.0,,0.0625,,0.5,,0.03125,,0.0625,
20260704T024921Z-clean-run-eu-us-gac-region-asymmetry--079a967ee66a--nt_rollup__lookback_days-1__min_value-0__limit_k-50,pilot-region-imbalanced-v1,default,gac_fdw_multiregion_daily_tenant_rollup,asymmetry_mr_daily_tenant_rollup__dataset-pilot-region-imbalanced-v1__runtime-default__gac_fdw_multiregion_daily_tenant_rollup__lookback_days-1__min_value-0__limit_k-50,deployment_relative_pressure_proxy_v2,posthoc_audit_not_clustering_input,0.8375774005486112,high,0.8375774005486112,0.7806173193661903,0.8375774005486112,0.8,0.543457015946535,,0.8375774005486112,0.8,0.543457015946535,0.007560976666666666,"wan_fetch_intensity,memory_spill_intensity,imbalance_intensity,capacity_intensity,timeout_utilization",2.268293,,300.0,0.007560976666666666,400000.0,9601024.0,9.15625,,9601024.0,,400000.0,9601024.0,9.15625,1.0,1.0,3340.0,26.09375,,1.8,,2.144,,1.92,,1.0,,16.0,,1.0,,1.0,
20260704T024938Z-clean-run-eu-us-gac-region-asymmetry--f901b9827d63--eu_tenant_id-1__us_tenant_id-10800__lookback_days-7,pilot-region-imbalanced-v1,default,gac_fdw_multiregion_tenant_point_rollup,asymmetry_mr_tenant_point_control__dataset-pilot-region-imbalanced-v1__runtime-default__gac_fdw_multiregion_tenant_point_rollup__eu_tenant_id-1__us_tenant_id-10800__lookback_days-7,deployment_relative_pressure_proxy_v2,posthoc_audit_not_clustering_input,0.4602055994052901,low,0.4602055994052901,0.4602055994052901,0.0,0.3333333333333333,0.0,,0.4602055994052901,0.3333333333333333,0.0,0.00034781333333333336,"wan_fetch_intensity,memory_spill_intensity,imbalance_intensity,capacity_intensity,timeout_utilization",0.104344,,300.0,0.00034781333333333336,200.0,4800.0,0.00457763671875,,4800.0,,400.0,9600.0,0.0091552734375,2.0,2.0,0.0,0.0,,1.0,,2.0,,1.0,,0.0625,,0.5,,0.03125,,0.0625,
20260704T024952Z-clean-run-eu-us-gac-region-asymmetry--30a71d69b7f1--_fdw_multiregion_raw_region_rollup__lookback_days-1,pilot-region-imbalanced-v1,default,gac_fdw_multiregion_raw_region_rollup,asymmetry_mr_raw_region_rollup__dataset-pilot-region-imbalanced-v1__runtime-default__gac_fdw_multiregion_raw_region_rollup__lookback_days-1,deployment_relative_pressure_proxy_v2,posthoc_audit_not_clustering_input,1.0,critical,1.0,1.0,0.917265149096888,0.8,0.543457015946535,,1.0,0.8,0.543457015946535,0.009539486666666666,"wan_fetch_intensity,memory_spill_intensity,imbalance_intensity,capacity_intensity,timeout_utilization",2.861846,,300.0,0.009539486666666666,400000.0,6400000.0,6.103515625,,6400000.0,,400000.0,6400000.0,6.103515625,1.0,1.0,2638.0,20.609375,,1.8,,2.144,,1.92,,1.0,,16.0,,1.0,,1.0,
20260704T025009Z-clean-run-eu-us-gac-region-asymmetry--fa349b98c441--_event_filter_summary__lookback_days-7__min_value-0,pilot-region-imbalanced-v1,default,gac_fdw_multiregion_event_filter_summary,asymmetry_mr_event_filter_summary__dataset-pilot-region-imbalanced-v1__runtime-default__gac_fdw_multiregion_event_filter_summary__lookback_days-7__min_value-0,deployment_relative_pressure_proxy_v2,posthoc_audit_not_clustering_input,1.0,critical,1.0,1.0,0.917265149096888,0.8,0.543457015946535,,1.0,0.8,0.543457015946535,0.00751996,"wan_fetch_intensity,memory_spill_intensity,imbalance_intensity,capacity_intensity,timeout_utilization",2.255988,,300.0,0.00751996,400000.0,6400000.0,6.103515625,,6400000.0,,400000.0,6400000.0,6.103515625,1.0,1.0,2638.0,20.609375,,1.8,,2.144,,1.92,,1.0,,16.0,,1.0,,1.0,
20260704T025025Z-clean-run-eu-us-gac-region-asymmetry--148d0e48100a--u_tenant_id-5__us_tenant_id-10020__lookback_days-30,pilot-region-imbalanced-v1,default,gac_fdw_multiregion_tenant_point_rollup,asymmetry_mr_tenant_point_control__dataset-pilot-region-imbalanced-v1__runtime-default__gac_fdw_multiregion_tenant_point_rollup__eu_tenant_id-5__us_tenant_id-10020__lookback_days-30,deployment_relative_pressure_proxy_v2,posthoc_audit_not_clustering_input,0.4602055994052901,low,0.4602055994052901,0.4602055994052901,0.0,0.0,0.0,,0.4602055994052901,0.0,0.0,0.0003458066666666667,"wan_fetch_intensity,memory_spill_intensity,imbalance_intensity,capacity_intensity,timeout_utilization",0.103742,,300.0,0.0003458066666666667,400.0,9600.0,0.0091552734375,,9600.0,,800.0,19200.0,0.018310546875,2.0,2.0,0.0,0.0,,1.0,,1.0,,1.0,,0.03125,,0.5,,0.03125,,0.03125,
20260704T025039Z-clean-run-eu-us-gac-region-asymmetry--6e2946b618af--ultiregion_top_tenants__lookback_days-1__limit_k-25,pilot-region-imbalanced-v1,default,gac_fdw_multiregion_top_tenants,asymmetry_mr_top_tenants__dataset-pilot-region-imbalanced-v1__runtime-default__gac_fdw_multiregion_top_tenants__lookback_days-1__limit_k-25,deployment_relative_pressure_proxy_v2,posthoc_audit_not_clustering_input,0.840823266205027,high,0.840823266205027,0.840823266205027,0.8375774005486112,0.8,0.543457015946535,,0.840823266205027,0.8,0.543457015946535,0.007459746666666667,"wan_fetch_intensity,memory_spill_intensity,imbalance_intensity,capacity_intensity,timeout_utilization",2.237924,,300.0,0.007459746666666667,400000.0,9601024.0,9.15625,,9601024.0,,400000.0,9601024.0,9.15625,1.0,1.0,3340.0,26.09375,,1.8,,2.144,,1.92,,1.0,,16.0,,1.0,,1.0,
20260704T025056Z-clean-run-eu-us-gac-region-asymmetry--7671648e5c9b--ultiregion_top_tenants__lookback_days-1__limit_k-50,pilot-region-imbalanced-v1,default,gac_fdw_multiregion_top_tenants,asymmetry_mr_top_tenants__dataset-pilot-region-imbalanced-v1__runtime-default__gac_fdw_multiregion_top_tenants__lookback_days-1__limit_k-50,deployment_relative_pressure_proxy_v2,posthoc_audit_not_clustering_input,0.8375774005486112,high,0.8375774005486112,0.7806173193661903,0.8375774005486112,0.8,0.543457015946535,,0.8375774005486112,0.8,0.543457015946535,0.008743233333333333,"wan_fetch_intensity,memory_spill_intensity,imbalance_intensity,capacity_intensity,timeout_utilization",2.62297,,300.0,0.008743233333333333,400000.0,9601024.0,9.15625,,9601024.0,,400000.0,9601024.0,9.15625,1.0,1.0,3340.0,26.09375,,1.8,,2.144,,1.92,,1.0,,16.0,,1.0,,1.0,
20260704T025113Z-clean-run-eu-us-gac-region-asymmetry--5d6feead5158--tenant_id-100__us_tenant_id-10020__lookback_days-30,pilot-region-imbalanced-v1,default,gac_fdw_multiregion_tenant_point_rollup,asymmetry_mr_tenant_point_control__dataset-pilot-region-imbalanced-v1__runtime-default__gac_fdw_multiregion_tenant_point_rollup__eu_tenant_id-100__us_tenant_id-10020__lookback_days-30,deployment_relative_pressure_proxy_v2,posthoc_audit_not_clustering_input,0.4602055994052901,low,0.4602055994052901,0.4602055994052901,0.0,0.0,0.0,,0.4602055994052901,0.0,0.0,0.00035912,"wan_fetch_intensity,memory_spill_intensity,imbalance_intensity,capacity_intensity,timeout_utilization",0.107736,,300.0,0.00035912,400.0,9600.0,0.0091552734375,,9600.0,,800.0,19200.0,0.018310546875,2.0,2.0,0.0,0.0,,1.0,,1.0,,1.0,,0.03125,,0.5,,0.03125,,0.03125,
20260704T025127Z-clean-run-eu-us-gac-region-asymmetry--06f83cca621c--_tenant_id-100__us_tenant_id-10020__lookback_days-7,pilot-region-imbalanced-v1,default,gac_fdw_multiregion_tenant_point_rollup,asymmetry_mr_tenant_point_control__dataset-pilot-region-imbalanced-v1__runtime-default__gac_fdw_multiregion_tenant_point_rollup__eu_tenant_id-100__us_tenant_id-10020__lookback_days-7,deployment_relative_pressure_proxy_v2,posthoc_audit_not_clustering_input,0.4602055994052901,low,0.4602055994052901,0.4602055994052901,0.0,0.0,0.0,,0.4602055994052901,0.0,0.0,0.0003626566666666667,"wan_fetch_intensity,memory_spill_intensity,imbalance_intensity,capacity_intensity,timeout_utilization",0.108797,,300.0,0.0003626566666666667,400.0,9600.0,0.0091552734375,,9600.0,,800.0,19200.0,0.018310546875,2.0,2.0,0.0,0.0,,1.0,,1.0,,1.0,,0.03125,,0.5,,0.03125,,0.03125,
20260704T025141Z-clean-run-eu-us-gac-region-asymmetry--2172348787f9--egion_global_user_join__lookback_days-7__limit_k-25,pilot-region-imbalanced-v1,default,gac_fdw_multiregion_global_user_join,asymmetry_mr_global_user_join__dataset-pilot-region-imbalanced-v1__runtime-default__gac_fdw_multiregion_global_user_join__lookback_days-7__limit_k-25,deployment_relative_pressure_proxy_v2,posthoc_audit_not_clustering_input,1.0,critical,1.0,0.9045749633561659,1.0,0.8001283971752622,1.0,,1.0,0.8001283971752622,1.0,0.01374396,"wan_fetch_intensity,memory_spill_intensity,imbalance_intensity,capacity_intensity,timeout_utilization",4.123188,,300.0,0.01374396,600000.0,19140608.0,18.25390625,,19140608.0,,600000.0,19140608.0,18.25390625,1.0,1.0,66137.0,516.6953125,,1.8,,2.8586666666666667,,2.56,,2.0,,32.0,,2.0,,2.0,
20260704T025201Z-clean-run-eu-us-gac-region-asymmetry--47a7a207bfd3--vent_filter_summary__lookback_days-1__min_value-500,pilot-region-imbalanced-v1,default,gac_fdw_multiregion_event_filter_summary,asymmetry_mr_event_filter_summary__dataset-pilot-region-imbalanced-v1__runtime-default__gac_fdw_multiregion_event_filter_summary__lookback_days-1__min_value-500,deployment_relative_pressure_proxy_v2,posthoc_audit_not_clustering_input,1.0,critical,1.0,1.0,0.9177003282586025,0.8008934269304404,0.543457015946535,,1.0,0.8008934269304404,0.543457015946535,0.003943250000000001,"wan_fetch_intensity,memory_spill_intensity,imbalance_intensity,capacity_intensity,timeout_utilization",1.182975,,300.0,0.003943250000000001,200605.0,3209216.0,3.060546875,,3209216.0,,200605.0,3209216.0,3.060546875,1.0,1.0,1324.0,10.34375,,1.8007826325365768,,2.12892001694873,,1.8880992893604245,,1.0,,16.0,,1.0,,1.0,
20260704T025217Z-clean-run-eu-us-gac-region-asymmetry--748c423d54f6--tenant_id-100__us_tenant_id-10001__lookback_days-30,pilot-region-imbalanced-v1,default,gac_fdw_multiregion_tenant_point_rollup,asymmetry_mr_tenant_point_control__dataset-pilot-region-imbalanced-v1__runtime-default__gac_fdw_multiregion_tenant_point_rollup__eu_tenant_id-100__us_tenant_id-10001__lookback_days-30,deployment_relative_pressure_proxy_v2,posthoc_audit_not_clustering_input,0.4602055994052901,low,0.4602055994052901,0.4602055994052901,0.0,0.11111111111111109,0.0,,0.4602055994052901,0.11111111111111109,0.0,0.0003756,"wan_fetch_intensity,memory_spill_intensity,imbalance_intensity,capacity_intensity,timeout_utilization",0.11268,,300.0,0.0003756,400.0,9600.0,0.0091552734375,,9600.0,,600.0,14400.0,0.01373291015625,1.5,1.5,0.0,0.0,,1.0,,1.3333333333333333,,1.0,,0.03125,,0.5,,0.03125,,0.03125,
20260704T025233Z-clean-run-eu-us-gac-region-asymmetry--f087fe22f99d--ultiregion_top_tenants__lookback_days-7__limit_k-50,pilot-region-imbalanced-v1,default,gac_fdw_multiregion_top_tenants,asymmetry_mr_top_tenants__dataset-pilot-region-imbalanced-v1__runtime-default__gac_fdw_multiregion_top_tenants__lookback_days-7__limit_k-50,deployment_relative_pressure_proxy_v2,posthoc_audit_not_clustering_input,0.8375774005486112,high,0.8375774005486112,0.7806173193661903,0.8375774005486112,0.8,0.543457015946535,,0.8375774005486112,0.8,0.543457015946535,0.00703136,"wan_fetch_intensity,memory_spill_intensity,imbalance_intensity,capacity_intensity,timeout_utilization",2.109408,,300.0,0.00703136,400000.0,9601024.0,9.15625,,9601024.0,,400000.0,9601024.0,9.15625,1.0,1.0,3340.0,26.09375,,1.8,,2.144,,1.92,,1.0,,16.0,,1.0,,1.0,
20260704T025249Z-clean-run-eu-us-gac-region-asymmetry--718f3eaa6f8f--t_rollup__lookback_days-14__min_value-0__limit_k-50,pilot-region-imbalanced-v1,default,gac_fdw_multiregion_daily_tenant_rollup,asymmetry_mr_daily_tenant_rollup__dataset-pilot-region-imbalanced-v1__runtime-default__gac_fdw_multiregion_daily_tenant_rollup__lookback_days-14__min_value-0__limit_k-50,deployment_relative_pressure_proxy_v2,posthoc_audit_not_clustering_input,0.8375774005486112,high,0.8375774005486112,0.7806173193661903,0.8375774005486112,0.8,0.543457015946535,,0.8375774005486112,0.8,0.543457015946535,0.00817756,"wan_fetch_intensity,memory_spill_intensity,imbalance_intensity,capacity_intensity,timeout_utilization",2.453268,,300.0,0.00817756,400000.0,9601024.0,9.15625,,9601024.0,,400000.0,9601024.0,9.15625,1.0,1.0,3340.0,26.09375,,1.8,,2.144,,1.92,,1.0,,16.0,,1.0,,1.0,
20260704T025309Z-clean-run-eu-us-gac-region-asymmetry--335454cf51b0--eu_tenant_id-1__us_tenant_id-10001__lookback_days-7,pilot-region-imbalanced-v1,default,gac_fdw_multiregion_tenant_point_rollup,asymmetry_mr_tenant_point_control__dataset-pilot-region-imbalanced-v1__runtime-default__gac_fdw_multiregion_tenant_point_rollup__eu_tenant_id-1__us_tenant_id-10001__lookback_days-7,deployment_relative_pressure_proxy_v2,posthoc_audit_not_clustering_input,0.4602055994052901,low,0.4602055994052901,0.4602055994052901,0.0,0.11111111111111109,0.0,,0.4602055994052901,0.11111111111111109,0.0,0.00038346,"wan_fetch_intensity,memory_spill_intensity,imbalance_intensity,capacity_intensity,timeout_utilization",0.115038,,300.0,0.00038346,400.0,9600.0,0.0091552734375,,9600.0,,600.0,14400.0,0.01373291015625,1.5,1.5,0.0,0.0,,1.0,,1.3333333333333333,,1.0,,0.03125,,0.5,,0.03125,,0.03125,
20260704T025324Z-clean-run-eu-us-gac-region-asymmetry--2ee951e037e4--_rollup__lookback_days-7__min_value-500__limit_k-50,pilot-region-imbalanced-v1,default,gac_fdw_multiregion_daily_tenant_rollup,asymmetry_mr_daily_tenant_rollup__dataset-pilot-region-imbalanced-v1__runtime-default__gac_fdw_multiregion_daily_tenant_rollup__lookback_days-7__min_value-500__limit_k-50,deployment_relative_pressure_proxy_v2,posthoc_audit_not_clustering_input,0.837953294002842,high,0.837953294002842,0.720673723854059,0.837953294002842,0.8008934269304404,0.543457015946535,,0.837953294002842,0.8008934269304404,0.543457015946535,0.004408856666666666,"wan_fetch_intensity,memory_spill_intensity,imbalance_intensity,capacity_intensity,timeout_utilization",1.322657,,300.0,0.004408856666666666,200605.0,4813824.0,4.5908203125,,4813824.0,,200605.0,4813824.0,4.5908203125,1.0,1.0,1676.0,13.09375,,1.8007826325365768,,2.12892001694873,,1.8880992893604245,,1.0,,16.0,,1.0,,1.0,
20260704T025342Z-clean-run-eu-us-gac-region-asymmetry--43736f2d47cb--ulti_dimension_rollup__lookback_days-7__limit_k-100,pilot-region-imbalanced-v1,default,gac_fdw_multiregion_multi_dimension_rollup,asymmetry_mr_multi_dimension_rollup__dataset-pilot-region-imbalanced-v1__runtime-default__gac_fdw_multiregion_multi_dimension_rollup__lookback_days-7__limit_k-100,deployment_relative_pressure_proxy_v2,posthoc_audit_not_clustering_input,1.0,critical,1.0,0.7594643919845602,1.0,0.800163622968634,1.0,,1.0,0.800163622968634,1.0,0.012112946666666667,"wan_fetch_intensity,memory_spill_intensity,imbalance_intensity,capacity_intensity,timeout_utilization",3.633884,,300.0,0.012112946666666667,602000.0,17545214.0,16.732419967651367,,17545214.0,,602000.0,17545214.0,16.732419967651367,1.0,1.0,13024.0,101.75,,1.8,,2.8936877076411958,,2.591362126245847,,2.03125,,32.5,,2.03125,,2.03125,
20260704T025401Z-clean-run-eu-us-gac-region-asymmetry--b0e4c0e85729--multi_dimension_rollup__lookback_days-7__limit_k-50,pilot-region-imbalanced-v1,default,gac_fdw_multiregion_multi_dimension_rollup,asymmetry_mr_multi_dimension_rollup__dataset-pilot-region-imbalanced-v1__runtime-default__gac_fdw_multiregion_multi_dimension_rollup__lookback_days-7__limit_k-50,deployment_relative_pressure_proxy_v2,posthoc_audit_not_clustering_input,1.0,critical,1.0,0.8161245885110947,1.0,0.800163622968634,1.0,,1.0,0.800163622968634,1.0,0.012889876666666668,"wan_fetch_intensity,memory_spill_intensity,imbalance_intensity,capacity_intensity,timeout_utilization",3.866963,,300.0,0.012889876666666668,602000.0,17545214.0,16.732419967651367,,17545214.0,,602000.0,17545214.0,16.732419967651367,1.0,1.0,13024.0,101.75,,1.8,,2.8936877076411958,,2.591362126245847,,2.03125,,32.5,,2.03125,,2.03125,
20260704T025422Z-clean-run-eu-us-gac-region-asymmetry--3332e590ebe4--ent_filter_summary__lookback_days-30__min_value-500,pilot-region-imbalanced-v1,default,gac_fdw_multiregion_event_filter_summary,asymmetry_mr_event_filter_summary__dataset-pilot-region-imbalanced-v1__runtime-default__gac_fdw_multiregion_event_filter_summary__lookback_days-30__min_value-500,deployment_relative_pressure_proxy_v2,posthoc_audit_not_clustering_input,1.0,critical,1.0,1.0,0.9177003282586025,0.8008934269304404,0.543457015946535,,1.0,0.8008934269304404,0.543457015946535,0.004354036666666667,"wan_fetch_intensity,memory_spill_intensity,imbalance_intensity,capacity_intensity,timeout_utilization",1.306211,,300.0,0.004354036666666667,200605.0,3209216.0,3.060546875,,3209216.0,,200605.0,3209216.0,3.060546875,1.0,1.0,1324.0,10.34375,,1.8007826325365768,,2.12892001694873,,1.8880992893604245,,1.0,,16.0,,1.0,,1.0,
20260704T025438Z-clean-run-eu-us-gac-region-asymmetry--3e757cc7ddb9--u_tenant_id-20__us_tenant_id-10800__lookback_days-7,pilot-region-imbalanced-v1,default,gac_fdw_multiregion_tenant_point_rollup,asymmetry_mr_tenant_point_control__dataset-pilot-region-imbalanced-v1__runtime-default__gac_fdw_multiregion_tenant_point_rollup__eu_tenant_id-20__us_tenant_id-10800__lookback_days-7,deployment_relative_pressure_proxy_v2,posthoc_audit_not_clustering_input,0.4602055994052901,low,0.4602055994052901,0.4602055994052901,0.0,0.3333333333333333,0.0,,0.4602055994052901,0.3333333333333333,0.0,0.00040885333333333336,"wan_fetch_intensity,memory_spill_intensity,imbalance_intensity,capacity_intensity,timeout_utilization",0.122656,,300.0,0.00040885333333333336,200.0,4800.0,0.00457763671875,,4800.0,,400.0,9600.0,0.0091552734375,2.0,2.0,0.0,0.0,,1.0,,2.0,,1.0,,0.0625,,0.5,,0.03125,,0.0625,
20260704T025452Z-clean-run-eu-us-gac-region-asymmetry--81a033f55069--_tenant_id-800__us_tenant_id-10020__lookback_days-7,pilot-region-imbalanced-v1,default,gac_fdw_multiregion_tenant_point_rollup,asymmetry_mr_tenant_point_control__dataset-pilot-region-imbalanced-v1__runtime-default__gac_fdw_multiregion_tenant_point_rollup__eu_tenant_id-800__us_tenant_id-10020__lookback_days-7,deployment_relative_pressure_proxy_v2,posthoc_audit_not_clustering_input,0.4602055994052901,low,0.4602055994052901,0.4602055994052901,0.0,0.0,0.0,,0.4602055994052901,0.0,0.0,0.00035174,"wan_fetch_intensity,memory_spill_intensity,imbalance_intensity,capacity_intensity,timeout_utilization",0.105522,,300.0,0.00035174,400.0,9600.0,0.0091552734375,,9600.0,,800.0,19200.0,0.018310546875,2.0,2.0,0.0,0.0,,1.0,,1.0,,1.0,,0.03125,,0.5,,0.03125,,0.03125,
20260704T025508Z-clean-run-eu-us-gac-region-asymmetry--fa1c3fd1fac5--_tenant_id-20__us_tenant_id-10800__lookback_days-30,pilot-region-imbalanced-v1,default,gac_fdw_multiregion_tenant_point_rollup,asymmetry_mr_tenant_point_control__dataset-pilot-region-imbalanced-v1__runtime-default__gac_fdw_multiregion_tenant_point_rollup__eu_tenant_id-20__us_tenant_id-10800__lookback_days-30,deployment_relative_pressure_proxy_v2,posthoc_audit_not_clustering_input,0.4602055994052901,low,0.4602055994052901,0.4602055994052901,0.0,0.3333333333333333,0.0,,0.4602055994052901,0.3333333333333333,0.0,0.00041401333333333334,"wan_fetch_intensity,memory_spill_intensity,imbalance_intensity,capacity_intensity,timeout_utilization",0.124204,,300.0,0.00041401333333333334,200.0,4800.0,0.00457763671875,,4800.0,,400.0,9600.0,0.0091552734375,2.0,2.0,0.0,0.0,,1.0,,2.0,,1.0,,0.0625,,0.5,,0.03125,,0.0625,
20260704T025522Z-clean-run-eu-us-gac-region-asymmetry--d307fb9fc759--ulti_dimension_rollup__lookback_days-30__limit_k-50,pilot-region-imbalanced-v1,default,gac_fdw_multiregion_multi_dimension_rollup,asymmetry_mr_multi_dimension_rollup__dataset-pilot-region-imbalanced-v1__runtime-default__gac_fdw_multiregion_multi_dimension_rollup__lookback_days-30__limit_k-50,deployment_relative_pressure_proxy_v2,posthoc_audit_not_clustering_input,1.0,critical,1.0,0.8161245885110947,1.0,0.800163622968634,1.0,,1.0,0.800163622968634,1.0,0.014541733333333333,"wan_fetch_intensity,memory_spill_intensity,imbalance_intensity,capacity_intensity,timeout_utilization",4.36252,,300.0,0.014541733333333333,602000.0,17545214.0,16.732419967651367,,17545214.0,,602000.0,17545214.0,16.732419967651367,1.0,1.0,129746.0,1013.640625,,1.8,,2.8936877076411958,,2.591362126245847,,2.03125,,32.5,,2.03125,,2.03125,
20260704T025541Z-clean-run-eu-us-gac-region-asymmetry--c091404ebdf7--_tenant_id-800__us_tenant_id-10100__lookback_days-7,pilot-region-imbalanced-v1,default,gac_fdw_multiregion_tenant_point_rollup,asymmetry_mr_tenant_point_control__dataset-pilot-region-imbalanced-v1__runtime-default__gac_fdw_multiregion_tenant_point_rollup__eu_tenant_id-800__us_tenant_id-10100__lookback_days-7,deployment_relative_pressure_proxy_v2,posthoc_audit_not_clustering_input,0.4602055994052901,low,0.4602055994052901,0.4602055994052901,0.0,0.0,0.0,,0.4602055994052901,0.0,0.0,0.00035676666666666665,"wan_fetch_intensity,memory_spill_intensity,imbalance_intensity,capacity_intensity,timeout_utilization",0.10703,,300.0,0.00035676666666666665,400.0,9600.0,0.0091552734375,,9600.0,,800.0,19200.0,0.018310546875,2.0,2.0,0.0,0.0,,1.0,,1.0,,1.0,,0.03125,,0.5,,0.03125,,0.03125,
20260704T025555Z-clean-run-eu-us-gac-region-asymmetry--62099388ea37--u_tenant_id-1__us_tenant_id-10100__lookback_days-30,pilot-region-imbalanced-v1,default,gac_fdw_multiregion_tenant_point_rollup,asymmetry_mr_tenant_point_control__dataset-pilot-region-imbalanced-v1__runtime-default__gac_fdw_multiregion_tenant_point_rollup__eu_tenant_id-1__us_tenant_id-10100__lookback_days-30,deployment_relative_pressure_proxy_v2,posthoc_audit_not_clustering_input,0.4602055994052901,low,0.4602055994052901,0.4602055994052901,0.0,0.0,0.0,,0.4602055994052901,0.0,0.0,0.00036574,"wan_fetch_intensity,memory_spill_intensity,imbalance_intensity,capacity_intensity,timeout_utilization",0.109722,,300.0,0.00036574,400.0,9600.0,0.0091552734375,,9600.0,,800.0,19200.0,0.018310546875,2.0,2.0,0.0,0.0,,1.0,,1.0,,1.0,,0.03125,,0.5,,0.03125,,0.03125,
20260704T025611Z-clean-run-eu-us-gac-region-asymmetry--5f2ff6a9934b--u_tenant_id-1__us_tenant_id-10005__lookback_days-30,pilot-region-imbalanced-v1,default,gac_fdw_multiregion_tenant_point_rollup,asymmetry_mr_tenant_point_control__dataset-pilot-region-imbalanced-v1__runtime-default__gac_fdw_multiregion_tenant_point_rollup__eu_tenant_id-1__us_tenant_id-10005__lookback_days-30,deployment_relative_pressure_proxy_v2,posthoc_audit_not_clustering_input,0.4602055994052901,low,0.4602055994052901,0.4602055994052901,0.0,0.0,0.0,,0.4602055994052901,0.0,0.0,0.00039404,"wan_fetch_intensity,memory_spill_intensity,imbalance_intensity,capacity_intensity,timeout_utilization",0.118212,,300.0,0.00039404,400.0,9600.0,0.0091552734375,,9600.0,,800.0,19200.0,0.018310546875,2.0,2.0,0.0,0.0,,1.0,,1.0,,1.0,,0.03125,,0.5,,0.03125,,0.03125,
20260704T025625Z-clean-run-eu-us-gac-region-asymmetry--49cc383ff5a1--tenant_id-800__us_tenant_id-10001__lookback_days-30,pilot-region-imbalanced-v1,default,gac_fdw_multiregion_tenant_point_rollup,asymmetry_mr_tenant_point_control__dataset-pilot-region-imbalanced-v1__runtime-default__gac_fdw_multiregion_tenant_point_rollup__eu_tenant_id-800__us_tenant_id-10001__lookback_days-30,deployment_relative_pressure_proxy_v2,posthoc_audit_not_clustering_input,0.4602055994052901,low,0.4602055994052901,0.4602055994052901,0.0,0.11111111111111109,0.0,,0.4602055994052901,0.11111111111111109,0.0,0.00039881333333333335,"wan_fetch_intensity,memory_spill_intensity,imbalance_intensity,capacity_intensity,timeout_utilization",0.119644,,300.0,0.00039881333333333335,400.0,9600.0,0.0091552734375,,9600.0,,600.0,14400.0,0.01373291015625,1.5,1.5,0.0,0.0,,1.0,,1.3333333333333333,,1.0,,0.03125,,0.5,,0.03125,,0.03125,
20260704T025639Z-clean-run-eu-us-gac-region-asymmetry--d568bdf73bf2--tenant_id-800__us_tenant_id-10100__lookback_days-30,pilot-region-imbalanced-v1,default,gac_fdw_multiregion_tenant_point_rollup,asymmetry_mr_tenant_point_control__dataset-pilot-region-imbalanced-v1__runtime-default__gac_fdw_multiregion_tenant_point_rollup__eu_tenant_id-800__us_tenant_id-10100__lookback_days-30,deployment_relative_pressure_proxy_v2,posthoc_audit_not_clustering_input,0.4602055994052901,low,0.4602055994052901,0.4602055994052901,0.0,0.0,0.0,,0.4602055994052901,0.0,0.0,0.00035646,"wan_fetch_intensity,memory_spill_intensity,imbalance_intensity,capacity_intensity,timeout_utilization",0.106938,,300.0,0.00035646,400.0,9600.0,0.0091552734375,,9600.0,,800.0,19200.0,0.018310546875,2.0,2.0,0.0,0.0,,1.0,,1.0,,1.0,,0.03125,,0.5,,0.03125,,0.03125,
20260704T025655Z-clean-run-eu-us-gac-region-asymmetry--8712b57d3901--__gac_etl_top_tenants__lookback_days-30__limit_k-25,pilot-region-imbalanced-v1,default,gac_etl_top_tenants,asymmetry_etl_top_tenants_control__dataset-pilot-region-imbalanced-v1__runtime-default__gac_etl_top_tenants__lookback_days-30__limit_k-25,deployment_relative_pressure_proxy_v2,posthoc_audit_not_clustering_input,0.00013728666666666667,low,0.00013728666666666667,,0.0,,,,0.0,,,0.00013728666666666667,"memory_spill_intensity,timeout_utilization",0.041186,,300.0,0.00013728666666666667,,,,,,,,,,,,0.0,0.0,,,,,,,,,,,,,,,
20260704T025714Z-clean-run-eu-us-gac-region-asymmetry--4df131f12d56--tenant_id-100__us_tenant_id-10100__lookback_days-30,pilot-region-imbalanced-v1,default,gac_fdw_multiregion_tenant_point_rollup,asymmetry_mr_tenant_point_control__dataset-pilot-region-imbalanced-v1__runtime-default__gac_fdw_multiregion_tenant_point_rollup__eu_tenant_id-100__us_tenant_id-10100__lookback_days-30,deployment_relative_pressure_proxy_v2,posthoc_audit_not_clustering_input,0.4602055994052901,low,0.4602055994052901,0.4602055994052901,0.0,0.0,0.0,,0.4602055994052901,0.0,0.0,0.00037324,"wan_fetch_intensity,memory_spill_intensity,imbalance_intensity,capacity_intensity,timeout_utilization",0.111972,,300.0,0.00037324,400.0,9600.0,0.0091552734375,,9600.0,,800.0,19200.0,0.018310546875,2.0,2.0,0.0,0.0,,1.0,,1.0,,1.0,,0.03125,,0.5,,0.03125,,0.03125,
20260704T025731Z-clean-run-eu-us-gac-region-asymmetry--40f04b0a3efa--eu_tenant_id-5__us_tenant_id-10800__lookback_days-7,pilot-region-imbalanced-v1,default,gac_fdw_multiregion_tenant_point_rollup,asymmetry_mr_tenant_point_control__dataset-pilot-region-imbalanced-v1__runtime-default__gac_fdw_multiregion_tenant_point_rollup__eu_tenant_id-5__us_tenant_id-10800__lookback_days-7,deployment_relative_pressure_proxy_v2,posthoc_audit_not_clustering_input,0.4602055994052901,low,0.4602055994052901,0.4602055994052901,0.0,0.3333333333333333,0.0,,0.4602055994052901,0.3333333333333333,0.0,0.00033818,"wan_fetch_intensity,memory_spill_intensity,imbalance_intensity,capacity_intensity,timeout_utilization",0.101454,,300.0,0.00033818,200.0,4800.0,0.00457763671875,,4800.0,,400.0,9600.0,0.0091552734375,2.0,2.0,0.0,0.0,,1.0,,2.0,,1.0,,0.0625,,0.5,,0.03125,,0.0625,
20260704T025748Z-clean-run-eu-us-gac-region-asymmetry--3efaacbb38d0--_rollup__lookback_days-1__min_value-500__limit_k-50,pilot-region-imbalanced-v1,default,gac_fdw_multiregion_daily_tenant_rollup,asymmetry_mr_daily_tenant_rollup__dataset-pilot-region-imbalanced-v1__runtime-default__gac_fdw_multiregion_daily_tenant_rollup__lookback_days-1__min_value-500__limit_k-50,deployment_relative_pressure_proxy_v2,posthoc_audit_not_clustering_input,0.837953294002842,high,0.837953294002842,0.720673723854059,0.837953294002842,0.8008934269304404,0.543457015946535,,0.837953294002842,0.8008934269304404,0.543457015946535,0.004115726666666666,"wan_fetch_intensity,memory_spill_intensity,imbalance_intensity,capacity_intensity,timeout_utilization",1.234718,,300.0,0.004115726666666666,200605.0,4813824.0,4.5908203125,,4813824.0,,200605.0,4813824.0,4.5908203125,1.0,1.0,1676.0,13.09375,,1.8007826325365768,,2.12892001694873,,1.8880992893604245,,1.0,,16.0,,1.0,,1.0,
20260704T025805Z-clean-run-eu-us-gac-region-asymmetry--ab2fecb10b69--ltiregion_top_tenants__lookback_days-30__limit_k-50,pilot-region-imbalanced-v1,default,gac_fdw_multiregion_top_tenants,asymmetry_mr_top_tenants__dataset-pilot-region-imbalanced-v1__runtime-default__gac_fdw_multiregion_top_tenants__lookback_days-30__limit_k-50,deployment_relative_pressure_proxy_v2,posthoc_audit_not_clustering_input,0.8375774005486112,high,0.8375774005486112,0.7806173193661903,0.8375774005486112,0.8,0.543457015946535,,0.8375774005486112,0.8,0.543457015946535,0.008166976666666666,"wan_fetch_intensity,memory_spill_intensity,imbalance_intensity,capacity_intensity,timeout_utilization",2.450093,,300.0,0.008166976666666666,400000.0,9601024.0,9.15625,,9601024.0,,400000.0,9601024.0,9.15625,1.0,1.0,3340.0,26.09375,,1.8,,2.144,,1.92,,1.0,,16.0,,1.0,,1.0,
20260704T025824Z-clean-run-eu-us-gac-region-asymmetry--9da4ca628521--gion_user_segment_join__lookback_days-7__limit_k-50,pilot-region-imbalanced-v1,default,gac_fdw_multiregion_user_segment_join,asymmetry_mr_user_segment_join__dataset-pilot-region-imbalanced-v1__runtime-default__gac_fdw_multiregion_user_segment_join__lookback_days-7__limit_k-50,deployment_relative_pressure_proxy_v2,posthoc_audit_not_clustering_input,1.0,critical,1.0,0.9647809101950027,1.0,0.8001202120102726,1.0,,1.0,0.8001202120102726,1.0,0.01253083,"wan_fetch_intensity,memory_spill_intensity,imbalance_intensity,capacity_intensity,timeout_utilization",3.759249,,300.0,0.01253083,600000.0,18740224.0,17.8720703125,,18740224.0,,600000.0,18740224.0,17.8720703125,1.0,1.0,63981.0,499.8515625,,1.8,,2.8586666666666667,,2.56,,2.0,,32.0,,2.0,,2.0,
20260704T025844Z-clean-run-eu-us-gac-region-asymmetry--bdeac4bbe9e6--ltiregion_top_tenants__lookback_days-30__limit_k-25,pilot-region-imbalanced-v1,default,gac_fdw_multiregion_top_tenants,asymmetry_mr_top_tenants__dataset-pilot-region-imbalanced-v1__runtime-default__gac_fdw_multiregion_top_tenants__lookback_days-30__limit_k-25,deployment_relative_pressure_proxy_v2,posthoc_audit_not_clustering_input,0.840823266205027,high,0.840823266205027,0.840823266205027,0.8375774005486112,0.8,0.543457015946535,,0.840823266205027,0.8,0.543457015946535,0.007864946666666667,"wan_fetch_intensity,memory_spill_intensity,imbalance_intensity,capacity_intensity,timeout_utilization",2.359484,,300.0,0.007864946666666667,400000.0,9601024.0,9.15625,,9601024.0,,400000.0,9601024.0,9.15625,1.0,1.0,3340.0,26.09375,,1.8,,2.144,,1.92,,1.0,,16.0,,1.0,,1.0,
20260704T025904Z-clean-run-eu-us-gac-region-asymmetry--fecf31322963--rollup__lookback_days-30__min_value-500__limit_k-50,pilot-region-imbalanced-v1,default,gac_fdw_multiregion_daily_tenant_rollup,asymmetry_mr_daily_tenant_rollup__dataset-pilot-region-imbalanced-v1__runtime-default__gac_fdw_multiregion_daily_tenant_rollup__lookback_days-30__min_value-500__limit_k-50,deployment_relative_pressure_proxy_v2,posthoc_audit_not_clustering_input,1.0,critical,1.0,0.720673723854059,1.0,0.8008934269304404,0.543457015946535,,1.0,0.8008934269304404,0.543457015946535,0.005457976666666667,"wan_fetch_intensity,memory_spill_intensity,imbalance_intensity,capacity_intensity,timeout_utilization",1.637393,,300.0,0.005457976666666667,200605.0,4813824.0,4.5908203125,,4813824.0,,200605.0,4813824.0,4.5908203125,1.0,1.0,4240.0,33.125,,1.8007826325365768,,2.12892001694873,,1.8880992893604245,,1.0,,16.0,,1.0,,1.0,
20260704T025924Z-clean-run-eu-us-gac-region-asymmetry--92aeca902928--gion_user_segment_join__lookback_days-7__limit_k-25,pilot-region-imbalanced-v1,default,gac_fdw_multiregion_user_segment_join,asymmetry_mr_user_segment_join__dataset-pilot-region-imbalanced-v1__runtime-default__gac_fdw_multiregion_user_segment_join__lookback_days-7__limit_k-25,deployment_relative_pressure_proxy_v2,posthoc_audit_not_clustering_input,1.0,critical,1.0,0.9647809101950027,1.0,0.8001202120102726,1.0,,1.0,0.8001202120102726,1.0,0.012773766666666665,"wan_fetch_intensity,memory_spill_intensity,imbalance_intensity,capacity_intensity,timeout_utilization",3.83213,,300.0,0.012773766666666665,600000.0,18740224.0,17.8720703125,,18740224.0,,600000.0,18740224.0,17.8720703125,1.0,1.0,63965.0,499.7265625,,1.8,,2.8586666666666667,,2.56,,2.0,,32.0,,2.0,,2.0,
20260704T025944Z-clean-run-eu-us-gac-region-asymmetry--bc5906f88660--u_tenant_id-20__us_tenant_id-10100__lookback_days-7,pilot-region-imbalanced-v1,default,gac_fdw_multiregion_tenant_point_rollup,asymmetry_mr_tenant_point_control__dataset-pilot-region-imbalanced-v1__runtime-default__gac_fdw_multiregion_tenant_point_rollup__eu_tenant_id-20__us_tenant_id-10100__lookback_days-7,deployment_relative_pressure_proxy_v2,posthoc_audit_not_clustering_input,0.4602055994052901,low,0.4602055994052901,0.4602055994052901,0.0,0.0,0.0,,0.4602055994052901,0.0,0.0,0.00034899333333333335,"wan_fetch_intensity,memory_spill_intensity,imbalance_intensity,capacity_intensity,timeout_utilization",0.104698,,300.0,0.00034899333333333335,400.0,9600.0,0.0091552734375,,9600.0,,800.0,19200.0,0.018310546875,2.0,2.0,0.0,0.0,,1.0,,1.0,,1.0,,0.03125,,0.5,,0.03125,,0.03125,
20260704T030000Z-clean-run-eu-us-gac-region-asymmetry--ee355044a3d3--tenant_id-100__us_tenant_id-10005__lookback_days-30,pilot-region-imbalanced-v1,default,gac_fdw_multiregion_tenant_point_rollup,asymmetry_mr_tenant_point_control__dataset-pilot-region-imbalanced-v1__runtime-default__gac_fdw_multiregion_tenant_point_rollup__eu_tenant_id-100__us_tenant_id-10005__lookback_days-30,deployment_relative_pressure_proxy_v2,posthoc_audit_not_clustering_input,0.4602055994052901,low,0.4602055994052901,0.4602055994052901,0.0,0.0,0.0,,0.4602055994052901,0.0,0.0,0.0004296,"wan_fetch_intensity,memory_spill_intensity,imbalance_intensity,capacity_intensity,timeout_utilization",0.12888,,300.0,0.0004296,400.0,9600.0,0.0091552734375,,9600.0,,800.0,19200.0,0.018310546875,2.0,2.0,0.0,0.0,,1.0,,1.0,,1.0,,0.03125,,0.5,,0.03125,,0.03125,
20260704T030017Z-clean-run-eu-us-gac-region-asymmetry--b745f82becc4--_tenant_id-800__us_tenant_id-10800__lookback_days-7,pilot-region-imbalanced-v1,default,gac_fdw_multiregion_tenant_point_rollup,asymmetry_mr_tenant_point_control__dataset-pilot-region-imbalanced-v1__runtime-default__gac_fdw_multiregion_tenant_point_rollup__eu_tenant_id-800__us_tenant_id-10800__lookback_days-7,deployment_relative_pressure_proxy_v2,posthoc_audit_not_clustering_input,0.4602055994052901,low,0.4602055994052901,0.4602055994052901,0.0,0.3333333333333333,0.0,,0.4602055994052901,0.3333333333333333,0.0,0.0003510633333333333,"wan_fetch_intensity,memory_spill_intensity,imbalance_intensity,capacity_intensity,timeout_utilization",0.105319,,300.0,0.0003510633333333333,200.0,4800.0,0.00457763671875,,4800.0,,400.0,9600.0,0.0091552734375,2.0,2.0,0.0,0.0,,1.0,,2.0,,1.0,,0.0625,,0.5,,0.03125,,0.0625,
20260704T030032Z-clean-run-eu-us-gac-region-asymmetry--714c774c5016--ion_user_segment_join__lookback_days-30__limit_k-25,pilot-region-imbalanced-v1,default,gac_fdw_multiregion_user_segment_join,asymmetry_mr_user_segment_join__dataset-pilot-region-imbalanced-v1__runtime-default__gac_fdw_multiregion_user_segment_join__lookback_days-30__limit_k-25,deployment_relative_pressure_proxy_v2,posthoc_audit_not_clustering_input,1.0,critical,1.0,0.9647809101950027,1.0,0.8001202120102726,1.0,,1.0,0.8001202120102726,1.0,0.015184783333333333,"wan_fetch_intensity,memory_spill_intensity,imbalance_intensity,capacity_intensity,timeout_utilization",4.555435,,300.0,0.015184783333333333,600000.0,18740224.0,17.8720703125,,18740224.0,,600000.0,18740224.0,17.8720703125,1.0,1.0,129435.0,1011.2109375,,1.8,,2.8586666666666667,,2.56,,2.0,,32.0,,2.0,,2.0,
20260704T030052Z-clean-run-eu-us-gac-region-asymmetry--320c0e64e151--eu_tenant_id-5__us_tenant_id-10001__lookback_days-7,pilot-region-imbalanced-v1,default,gac_fdw_multiregion_tenant_point_rollup,asymmetry_mr_tenant_point_control__dataset-pilot-region-imbalanced-v1__runtime-default__gac_fdw_multiregion_tenant_point_rollup__eu_tenant_id-5__us_tenant_id-10001__lookback_days-7,deployment_relative_pressure_proxy_v2,posthoc_audit_not_clustering_input,0.4602055994052901,low,0.4602055994052901,0.4602055994052901,0.0,0.11111111111111109,0.0,,0.4602055994052901,0.11111111111111109,0.0,0.00035447999999999995,"wan_fetch_intensity,memory_spill_intensity,imbalance_intensity,capacity_intensity,timeout_utilization",0.106344,,300.0,0.00035447999999999995,400.0,9600.0,0.0091552734375,,9600.0,,600.0,14400.0,0.01373291015625,1.5,1.5,0.0,0.0,,1.0,,1.3333333333333333,,1.0,,0.03125,,0.5,,0.03125,,0.03125,
20260704T030106Z-clean-run-eu-us-gac-region-asymmetry--b14e1737d4f6--ultiregion_top_tenants__lookback_days-7__limit_k-25,pilot-region-imbalanced-v1,default,gac_fdw_multiregion_top_tenants,asymmetry_mr_top_tenants__dataset-pilot-region-imbalanced-v1__runtime-default__gac_fdw_multiregion_top_tenants__lookback_days-7__limit_k-25,deployment_relative_pressure_proxy_v2,posthoc_audit_not_clustering_input,0.840823266205027,high,0.840823266205027,0.840823266205027,0.8375774005486112,0.8,0.543457015946535,,0.840823266205027,0.8,0.543457015946535,0.008453676666666667,"wan_fetch_intensity,memory_spill_intensity,imbalance_intensity,capacity_intensity,timeout_utilization",2.536103,,300.0,0.008453676666666667,400000.0,9601024.0,9.15625,,9601024.0,,400000.0,9601024.0,9.15625,1.0,1.0,3340.0,26.09375,,1.8,,2.144,,1.92,,1.0,,16.0,,1.0,,1.0,
20260704T030123Z-clean-run-eu-us-gac-region-asymmetry--787ab853f103--vent_filter_summary__lookback_days-1__min_value-900,pilot-region-imbalanced-v1,default,gac_fdw_multiregion_event_filter_summary,asymmetry_mr_event_filter_summary__dataset-pilot-region-imbalanced-v1__runtime-default__gac_fdw_multiregion_event_filter_summary__lookback_days-1__min_value-900,deployment_relative_pressure_proxy_v2,posthoc_audit_not_clustering_input,0.9210796047953835,high,0.9210796047953835,0.9210796047953835,0.0,0.8033689746706691,0.543457015946535,,0.9210796047953835,0.8033689746706691,0.543457015946535,0.00151446,"wan_fetch_intensity,memory_spill_intensity,imbalance_intensity,capacity_intensity,timeout_utilization",0.454338,,300.0,0.00151446,40309.0,645120.0,0.615234375,,645120.0,,40309.0,645120.0,0.615234375,1.0,1.0,0.0,0.0,,1.8033689746706691,,2.1386787069885136,,1.8168054504163513,,1.0,,16.0,,1.0,,1.0,
20260704T030137Z-clean-run-eu-us-gac-region-asymmetry--2ba7a9bdee81--u_tenant_id-1__us_tenant_id-10800__lookback_days-30,pilot-region-imbalanced-v1,default,gac_fdw_multiregion_tenant_point_rollup,asymmetry_mr_tenant_point_control__dataset-pilot-region-imbalanced-v1__runtime-default__gac_fdw_multiregion_tenant_point_rollup__eu_tenant_id-1__us_tenant_id-10800__lookback_days-30,deployment_relative_pressure_proxy_v2,posthoc_audit_not_clustering_input,0.4602055994052901,low,0.4602055994052901,0.4602055994052901,0.0,0.3333333333333333,0.0,,0.4602055994052901,0.3333333333333333,0.0,0.00037015,"wan_fetch_intensity,memory_spill_intensity,imbalance_intensity,capacity_intensity,timeout_utilization",0.111045,,300.0,0.00037015,200.0,4800.0,0.00457763671875,,4800.0,,400.0,9600.0,0.0091552734375,2.0,2.0,0.0,0.0,,1.0,,2.0,,1.0,,0.0625,,0.5,,0.03125,,0.0625,
20260704T030151Z-clean-run-eu-us-gac-region-asymmetry--d4bb1667bfa8--ion_user_segment_join__lookback_days-30__limit_k-50,pilot-region-imbalanced-v1,default,gac_fdw_multiregion_user_segment_join,asymmetry_mr_user_segment_join__dataset-pilot-region-imbalanced-v1__runtime-default__gac_fdw_multiregion_user_segment_join__lookback_days-30__limit_k-50,deployment_relative_pressure_proxy_v2,posthoc_audit_not_clustering_input,1.0,critical,1.0,0.9647809101950027,1.0,0.8001202120102726,1.0,,1.0,0.8001202120102726,1.0,0.01760805,"wan_fetch_intensity,memory_spill_intensity,imbalance_intensity,capacity_intensity,timeout_utilization",5.282415,,300.0,0.01760805,600000.0,18740224.0,17.8720703125,,18740224.0,,600000.0,18740224.0,17.8720703125,1.0,1.0,129435.0,1011.2109375,,1.8,,2.8586666666666667,,2.56,,2.0,,32.0,,2.0,,2.0,
20260704T030211Z-clean-run-eu-us-gac-region-asymmetry--de22e03429db--_tenant_id-100__us_tenant_id-10005__lookback_days-7,pilot-region-imbalanced-v1,default,gac_fdw_multiregion_tenant_point_rollup,asymmetry_mr_tenant_point_control__dataset-pilot-region-imbalanced-v1__runtime-default__gac_fdw_multiregion_tenant_point_rollup__eu_tenant_id-100__us_tenant_id-10005__lookback_days-7,deployment_relative_pressure_proxy_v2,posthoc_audit_not_clustering_input,0.4602055994052901,low,0.4602055994052901,0.4602055994052901,0.0,0.0,0.0,,0.4602055994052901,0.0,0.0,0.00036875333333333336,"wan_fetch_intensity,memory_spill_intensity,imbalance_intensity,capacity_intensity,timeout_utilization",0.110626,,300.0,0.00036875333333333336,400.0,9600.0,0.0091552734375,,9600.0,,800.0,19200.0,0.018310546875,2.0,2.0,0.0,0.0,,1.0,,1.0,,1.0,,0.03125,,0.5,,0.03125,,0.03125,
20260704T030225Z-clean-run-eu-us-gac-region-asymmetry--a118875f15bc--_tenant_id-800__us_tenant_id-10001__lookback_days-7,pilot-region-imbalanced-v1,default,gac_fdw_multiregion_tenant_point_rollup,asymmetry_mr_tenant_point_control__dataset-pilot-region-imbalanced-v1__runtime-default__gac_fdw_multiregion_tenant_point_rollup__eu_tenant_id-800__us_tenant_id-10001__lookback_days-7,deployment_relative_pressure_proxy_v2,posthoc_audit_not_clustering_input,0.4602055994052901,low,0.4602055994052901,0.4602055994052901,0.0,0.11111111111111109,0.0,,0.4602055994052901,0.11111111111111109,0.0,0.0003974,"wan_fetch_intensity,memory_spill_intensity,imbalance_intensity,capacity_intensity,timeout_utilization",0.11922,,300.0,0.0003974,400.0,9600.0,0.0091552734375,,9600.0,,600.0,14400.0,0.01373291015625,1.5,1.5,0.0,0.0,,1.0,,1.3333333333333333,,1.0,,0.03125,,0.5,,0.03125,,0.03125,
20260704T030239Z-clean-run-eu-us-gac-region-asymmetry--782df5e4e8ac--u_tenant_id-5__us_tenant_id-10005__lookback_days-30,pilot-region-imbalanced-v1,default,gac_fdw_multiregion_tenant_point_rollup,asymmetry_mr_tenant_point_control__dataset-pilot-region-imbalanced-v1__runtime-default__gac_fdw_multiregion_tenant_point_rollup__eu_tenant_id-5__us_tenant_id-10005__lookback_days-30,deployment_relative_pressure_proxy_v2,posthoc_audit_not_clustering_input,0.4602055994052901,low,0.4602055994052901,0.4602055994052901,0.0,0.0,0.0,,0.4602055994052901,0.0,0.0,0.00038801000000000005,"wan_fetch_intensity,memory_spill_intensity,imbalance_intensity,capacity_intensity,timeout_utilization",0.116403,,300.0,0.00038801000000000005,400.0,9600.0,0.0091552734375,,9600.0,,800.0,19200.0,0.018310546875,2.0,2.0,0.0,0.0,,1.0,,1.0,,1.0,,0.03125,,0.5,,0.03125,,0.03125,
20260704T030253Z-clean-run-eu-us-gac-region-asymmetry--da4d9e58a0df--_tenant_id-20__us_tenant_id-10100__lookback_days-30,pilot-region-imbalanced-v1,default,gac_fdw_multiregion_tenant_point_rollup,asymmetry_mr_tenant_point_control__dataset-pilot-region-imbalanced-v1__runtime-default__gac_fdw_multiregion_tenant_point_rollup__eu_tenant_id-20__us_tenant_id-10100__lookback_days-30,deployment_relative_pressure_proxy_v2,posthoc_audit_not_clustering_input,0.4602055994052901,low,0.4602055994052901,0.4602055994052901,0.0,0.0,0.0,,0.4602055994052901,0.0,0.0,0.0004882233333333334,"wan_fetch_intensity,memory_spill_intensity,imbalance_intensity,capacity_intensity,timeout_utilization",0.146467,,300.0,0.0004882233333333334,400.0,9600.0,0.0091552734375,,9600.0,,800.0,19200.0,0.018310546875,2.0,2.0,0.0,0.0,,1.0,,1.0,,1.0,,0.03125,,0.5,,0.03125,,0.03125,
20260704T030307Z-clean-run-eu-us-gac-region-asymmetry--debf69e18bda--__limit_k-100__payload_repeat-16__payload_width-512,pilot-region-imbalanced-v1,default,gac_fdw_multiregion_event_raw_wide_sample,asymmetry_mr_raw_wide_sample__dataset-pilot-region-imbalanced-v1__runtime-default__gac_fdw_multiregion_event_raw_wide_sample__lookback_days-7__min_value-500__limit_k-100__payload_repeat-16__payload_width-512,deployment_relative_pressure_proxy_v2,posthoc_audit_not_clustering_input,0.8007826325365768,high,0.8007826325365768,0.6604677770152224,0.7661121389641261,0.8007826325365768,0.543457015946535,,0.7661121389641261,0.8007826325365768,0.543457015946535,0.005338803333333334,"wan_fetch_intensity,memory_spill_intensity,imbalance_intensity,capacity_intensity,timeout_utilization",1.601641,,300.0,0.005338803333333334,200605.0,8025088.0,7.6533203125,,8025088.0,,200605.0,8025088.000000001,7.653320312500001,1.0,1.0000000000000002,2382.0,18.609375,,1.8007826325365768,,2.12892001694873,,1.8880992893604245,,1.0,,16.0,,1.0,,1.0,
20260704T030323Z-clean-run-eu-us-gac-region-asymmetry--2bf3be77bddc--u_tenant_id-5__us_tenant_id-10100__lookback_days-30,pilot-region-imbalanced-v1,default,gac_fdw_multiregion_tenant_point_rollup,asymmetry_mr_tenant_point_control__dataset-pilot-region-imbalanced-v1__runtime-default__gac_fdw_multiregion_tenant_point_rollup__eu_tenant_id-5__us_tenant_id-10100__lookback_days-30,deployment_relative_pressure_proxy_v2,posthoc_audit_not_clustering_input,0.4602055994052901,low,0.4602055994052901,0.4602055994052901,0.0,0.0,0.0,,0.4602055994052901,0.0,0.0,0.0003717766666666666,"wan_fetch_intensity,memory_spill_intensity,imbalance_intensity,capacity_intensity,timeout_utilization",0.111533,,300.0,0.0003717766666666666,400.0,9600.0,0.0091552734375,,9600.0,,800.0,19200.0,0.018310546875,2.0,2.0,0.0,0.0,,1.0,,1.0,,1.0,,0.03125,,0.5,,0.03125,,0.03125,
20260704T030337Z-clean-run-eu-us-gac-region-asymmetry--c72cedb53dc6--u_tenant_id-1__us_tenant_id-10020__lookback_days-30,pilot-region-imbalanced-v1,default,gac_fdw_multiregion_tenant_point_rollup,asymmetry_mr_tenant_point_control__dataset-pilot-region-imbalanced-v1__runtime-default__gac_fdw_multiregion_tenant_point_rollup__eu_tenant_id-1__us_tenant_id-10020__lookback_days-30,deployment_relative_pressure_proxy_v2,posthoc_audit_not_clustering_input,0.4602055994052901,low,0.4602055994052901,0.4602055994052901,0.0,0.0,0.0,,0.4602055994052901,0.0,0.0,0.00035277999999999997,"wan_fetch_intensity,memory_spill_intensity,imbalance_intensity,capacity_intensity,timeout_utilization",0.105834,,300.0,0.00035277999999999997,400.0,9600.0,0.0091552734375,,9600.0,,800.0,19200.0,0.018310546875,2.0,2.0,0.0,0.0,,1.0,,1.0,,1.0,,0.03125,,0.5,,0.03125,,0.03125,
20260704T030351Z-clean-run-eu-us-gac-region-asymmetry--a22ae174afd1--t__gac_etl_top_tenants__lookback_days-7__limit_k-25,pilot-region-imbalanced-v1,default,gac_etl_top_tenants,asymmetry_etl_top_tenants_control__dataset-pilot-region-imbalanced-v1__runtime-default__gac_etl_top_tenants__lookback_days-7__limit_k-25,deployment_relative_pressure_proxy_v2,posthoc_audit_not_clustering_input,0.00016935666666666665,low,0.00016935666666666665,,0.0,,,,0.0,,,0.00016935666666666665,"memory_spill_intensity,timeout_utilization",0.050807,,300.0,0.00016935666666666665,,,,,,,,,,,,0.0,0.0,,,,,,,,,,,,,,,
20260704T030405Z-clean-run-eu-us-gac-region-asymmetry--a4346e08af2f--_event_filter_summary__lookback_days-1__min_value-0,pilot-region-imbalanced-v1,default,gac_fdw_multiregion_event_filter_summary,asymmetry_mr_event_filter_summary__dataset-pilot-region-imbalanced-v1__runtime-default__gac_fdw_multiregion_event_filter_summary__lookback_days-1__min_value-0,deployment_relative_pressure_proxy_v2,posthoc_audit_not_clustering_input,1.0,critical,1.0,1.0,0.917265149096888,0.8,0.543457015946535,,1.0,0.8,0.543457015946535,0.00805149,"wan_fetch_intensity,memory_spill_intensity,imbalance_intensity,capacity_intensity,timeout_utilization",2.415447,,300.0,0.00805149,400000.0,6400000.0,6.103515625,,6400000.0,,400000.0,6400000.0,6.103515625,1.0,1.0,2638.0,20.609375,,1.8,,2.144,,1.92,,1.0,,16.0,,1.0,,1.0,
20260704T030422Z-clean-run-eu-us-gac-region-asymmetry--c8a1652343da--_tenant_id-100__us_tenant_id-10100__lookback_days-7,pilot-region-imbalanced-v1,default,gac_fdw_multiregion_tenant_point_rollup,asymmetry_mr_tenant_point_control__dataset-pilot-region-imbalanced-v1__runtime-default__gac_fdw_multiregion_tenant_point_rollup__eu_tenant_id-100__us_tenant_id-10100__lookback_days-7,deployment_relative_pressure_proxy_v2,posthoc_audit_not_clustering_input,0.4602055994052901,low,0.4602055994052901,0.4602055994052901,0.0,0.0,0.0,,0.4602055994052901,0.0,0.0,0.00035724,"wan_fetch_intensity,memory_spill_intensity,imbalance_intensity,capacity_intensity,timeout_utilization",0.107172,,300.0,0.00035724,400.0,9600.0,0.0091552734375,,9600.0,,800.0,19200.0,0.018310546875,2.0,2.0,0.0,0.0,,1.0,,1.0,,1.0,,0.03125,,0.5,,0.03125,,0.03125,
20260704T030437Z-clean-run-eu-us-gac-region-asymmetry--f98ea0a8c22d--fdw_multiregion_raw_region_rollup__lookback_days-30,pilot-region-imbalanced-v1,default,gac_fdw_multiregion_raw_region_rollup,asymmetry_mr_raw_region_rollup__dataset-pilot-region-imbalanced-v1__runtime-default__gac_fdw_multiregion_raw_region_rollup__lookback_days-30,deployment_relative_pressure_proxy_v2,posthoc_audit_not_clustering_input,1.0,critical,1.0,1.0,0.917265149096888,0.8,0.543457015946535,,1.0,0.8,0.543457015946535,0.008115483333333335,"wan_fetch_intensity,memory_spill_intensity,imbalance_intensity,capacity_intensity,timeout_utilization",2.434645,,300.0,0.008115483333333335,400000.0,6400000.0,6.103515625,,6400000.0,,400000.0,6400000.0,6.103515625,1.0,1.0,2638.0,20.609375,,1.8,,2.144,,1.92,,1.0,,16.0,,1.0,,1.0,
20260704T030453Z-clean-run-eu-us-gac-region-asymmetry--24a48ec7df98--_tenant_id-20__us_tenant_id-10001__lookback_days-30,pilot-region-imbalanced-v1,default,gac_fdw_multiregion_tenant_point_rollup,asymmetry_mr_tenant_point_control__dataset-pilot-region-imbalanced-v1__runtime-default__gac_fdw_multiregion_tenant_point_rollup__eu_tenant_id-20__us_tenant_id-10001__lookback_days-30,deployment_relative_pressure_proxy_v2,posthoc_audit_not_clustering_input,0.4602055994052901,low,0.4602055994052901,0.4602055994052901,0.0,0.11111111111111109,0.0,,0.4602055994052901,0.11111111111111109,0.0,0.0005382533333333334,"wan_fetch_intensity,memory_spill_intensity,imbalance_intensity,capacity_intensity,timeout_utilization",0.161476,,300.0,0.0005382533333333334,400.0,9600.0,0.0091552734375,,9600.0,,600.0,14400.0,0.01373291015625,1.5,1.5,0.0,0.0,,1.0,,1.3333333333333333,,1.0,,0.03125,,0.5,,0.03125,,0.03125,
20260704T030507Z-clean-run-eu-us-gac-region-asymmetry--0def3006462d--_tenant_id-100__us_tenant_id-10800__lookback_days-7,pilot-region-imbalanced-v1,default,gac_fdw_multiregion_tenant_point_rollup,asymmetry_mr_tenant_point_control__dataset-pilot-region-imbalanced-v1__runtime-default__gac_fdw_multiregion_tenant_point_rollup__eu_tenant_id-100__us_tenant_id-10800__lookback_days-7,deployment_relative_pressure_proxy_v2,posthoc_audit_not_clustering_input,0.4602055994052901,low,0.4602055994052901,0.4602055994052901,0.0,0.3333333333333333,0.0,,0.4602055994052901,0.3333333333333333,0.0,0.00036241333333333334,"wan_fetch_intensity,memory_spill_intensity,imbalance_intensity,capacity_intensity,timeout_utilization",0.108724,,300.0,0.00036241333333333334,200.0,4800.0,0.00457763671875,,4800.0,,400.0,9600.0,0.0091552734375,2.0,2.0,0.0,0.0,,1.0,,2.0,,1.0,,0.0625,,0.5,,0.03125,,0.0625,
20260704T030522Z-clean-run-eu-us-gac-region-asymmetry--5c7dc921b6d1--eu_tenant_id-1__us_tenant_id-10005__lookback_days-7,pilot-region-imbalanced-v1,default,gac_fdw_multiregion_tenant_point_rollup,asymmetry_mr_tenant_point_control__dataset-pilot-region-imbalanced-v1__runtime-default__gac_fdw_multiregion_tenant_point_rollup__eu_tenant_id-1__us_tenant_id-10005__lookback_days-7,deployment_relative_pressure_proxy_v2,posthoc_audit_not_clustering_input,0.4602055994052901,low,0.4602055994052901,0.4602055994052901,0.0,0.0,0.0,,0.4602055994052901,0.0,0.0,0.0003949,"wan_fetch_intensity,memory_spill_intensity,imbalance_intensity,capacity_intensity,timeout_utilization",0.11847,,300.0,0.0003949,400.0,9600.0,0.0091552734375,,9600.0,,800.0,19200.0,0.018310546875,2.0,2.0,0.0,0.0,,1.0,,1.0,,1.0,,0.03125,,0.5,,0.03125,,0.03125,
20260704T030536Z-clean-run-eu-us-gac-region-asymmetry--f3b4dba3e0b9--lti_dimension_rollup__lookback_days-30__limit_k-100,pilot-region-imbalanced-v1,default,gac_fdw_multiregion_multi_dimension_rollup,asymmetry_mr_multi_dimension_rollup__dataset-pilot-region-imbalanced-v1__runtime-default__gac_fdw_multiregion_multi_dimension_rollup__lookback_days-30__limit_k-100,deployment_relative_pressure_proxy_v2,posthoc_audit_not_clustering_input,1.0,critical,1.0,0.7559186416722582,1.0,0.800163622968634,1.0,,1.0,0.800163622968634,1.0,0.01522774,"wan_fetch_intensity,memory_spill_intensity,imbalance_intensity,capacity_intensity,timeout_utilization",4.568322,,300.0,0.01522774,602000.0,17545214.0,16.732419967651367,,17545214.0,,602000.0,17545214.0,16.732419967651367,1.0,1.0,129730.0,1013.515625,,1.8,,2.8936877076411958,,2.591362126245847,,2.03125,,32.5,,2.03125,,2.03125,
20260704T030555Z-clean-run-eu-us-gac-region-asymmetry--5e9920259f2f--vent_filter_summary__lookback_days-7__min_value-500,pilot-region-imbalanced-v1,default,gac_fdw_multiregion_event_filter_summary,asymmetry_mr_event_filter_summary__dataset-pilot-region-imbalanced-v1__runtime-default__gac_fdw_multiregion_event_filter_summary__lookback_days-7__min_value-500,deployment_relative_pressure_proxy_v2,posthoc_audit_not_clustering_input,1.0,critical,1.0,1.0,0.9177003282586025,0.8008934269304404,0.543457015946535,,1.0,0.8008934269304404,0.543457015946535,0.004432726666666667,"wan_fetch_intensity,memory_spill_intensity,imbalance_intensity,capacity_intensity,timeout_utilization",1.329818,,300.0,0.004432726666666667,200605.0,3209216.0,3.060546875,,3209216.0,,200605.0,3209216.0,3.060546875,1.0,1.0,1324.0,10.34375,,1.8007826325365768,,2.12892001694873,,1.8880992893604245,,1.0,,16.0,,1.0,,1.0,
20260704T030610Z-clean-run-eu-us-gac-region-asymmetry--a7b1ee5e3740--c_fdw_multiregion_event_full_scan_summary__case-001,pilot-region-imbalanced-v1,default,gac_fdw_multiregion_event_full_scan_summary,asymmetry_mr_event_full_scan_summary__dataset-pilot-region-imbalanced-v1__runtime-default__gac_fdw_multiregion_event_full_scan_summary__case-001,deployment_relative_pressure_proxy_v2,posthoc_audit_not_clustering_input,0.543457015946535,medium,0.543457015946535,0.060205946838836726,0.0,0.38133333333333336,0.543457015946535,,0.060205946838836726,0.38133333333333336,0.543457015946535,0.0008694266666666667,"wan_fetch_intensity,memory_spill_intensity,imbalance_intensity,capacity_intensity,timeout_utilization",0.260828,,300.0,0.0008694266666666667,2.0,2560.0,0.00244140625,,2560.0,,400000.0,512000000.0,488.28125,200000.0,200000.0,0.0,0.0,,1.0,,2.144,,1.92,,1.0,,16.0,,1.0,,1.0,
20260704T030625Z-clean-run-eu-us-gac-region-asymmetry--ec81021196ed--gion_global_user_join__lookback_days-30__limit_k-25,pilot-region-imbalanced-v1,default,gac_fdw_multiregion_global_user_join,asymmetry_mr_global_user_join__dataset-pilot-region-imbalanced-v1__runtime-default__gac_fdw_multiregion_global_user_join__lookback_days-30__limit_k-25,deployment_relative_pressure_proxy_v2,posthoc_audit_not_clustering_input,1.0,critical,1.0,0.9045749633561659,1.0,0.8001283971752622,1.0,,1.0,0.8001283971752622,1.0,0.016765026666666665,"wan_fetch_intensity,memory_spill_intensity,imbalance_intensity,capacity_intensity,timeout_utilization",5.029508,,300.0,0.016765026666666665,600000.0,19140608.0,18.25390625,,19140608.0,,600000.0,19140608.0,18.25390625,1.0,1.0,134023.0,1047.0546875,,1.8,,2.8586666666666667,,2.56,,2.0,,32.0,,2.0,,2.0,
20260704T030644Z-clean-run-eu-us-gac-region-asymmetry--16330cf3da59--egion_tenant_tier_join__lookback_days-7__limit_k-50,pilot-region-imbalanced-v1,default,gac_fdw_multiregion_tenant_tier_join,asymmetry_mr_tenant_tier_join__dataset-pilot-region-imbalanced-v1__runtime-default__gac_fdw_multiregion_tenant_tier_join__lookback_days-7__limit_k-50,deployment_relative_pressure_proxy_v2,posthoc_audit_not_clustering_input,1.0,critical,1.0,0.8448022284923494,1.0,0.8,0.5568298914528191,,1.0,0.8,0.5568298914528191,0.00823943,"wan_fetch_intensity,memory_spill_intensity,imbalance_intensity,capacity_intensity,timeout_utilization",2.471829,,300.0,0.00823943,402000.0,9631742.0,9.185544967651367,,9631742.0,,402000.0,9631742.0,9.185544967651367,1.0,1.0,11060.0,86.40625,,1.8,,2.2,,1.9701492537313432,,1.03125,,16.5,,1.03125,,1.03125,
20260704T030700Z-clean-run-eu-us-gac-region-asymmetry--e94254ff941c--__limit_k-250__payload_repeat-16__payload_width-512,pilot-region-imbalanced-v1,default,gac_fdw_multiregion_event_raw_wide_sample,asymmetry_mr_raw_wide_sample__dataset-pilot-region-imbalanced-v1__runtime-default__gac_fdw_multiregion_event_raw_wide_sample__lookback_days-7__min_value-500__limit_k-250__payload_repeat-16__payload_width-512,deployment_relative_pressure_proxy_v2,posthoc_audit_not_clustering_input,0.8007826325365768,high,0.8007826325365768,0.5808798444096691,0.7661121389641261,0.8007826325365768,0.543457015946535,,0.7661121389641261,0.8007826325365768,0.543457015946535,0.005915306666666667,"wan_fetch_intensity,memory_spill_intensity,imbalance_intensity,capacity_intensity,timeout_utilization",1.774592,,300.0,0.005915306666666667,200605.0,8025088.0,7.6533203125,,8025088.0,,200605.0,8025088.000000001,7.653320312500001,1.0,1.0000000000000002,2382.0,18.609375,,1.8007826325365768,,2.12892001694873,,1.8880992893604245,,1.0,,16.0,,1.0,,1.0,
20260704T030716Z-clean-run-eu-us-gac-region-asymmetry--fe7d15492a90--_fdw_multiregion_raw_region_rollup__lookback_days-7,pilot-region-imbalanced-v1,default,gac_fdw_multiregion_raw_region_rollup,asymmetry_mr_raw_region_rollup__dataset-pilot-region-imbalanced-v1__runtime-default__gac_fdw_multiregion_raw_region_rollup__lookback_days-7,deployment_relative_pressure_proxy_v2,posthoc_audit_not_clustering_input,1.0,critical,1.0,1.0,0.917265149096888,0.8,0.543457015946535,,1.0,0.8,0.543457015946535,0.0075608566666666675,"wan_fetch_intensity,memory_spill_intensity,imbalance_intensity,capacity_intensity,timeout_utilization",2.268257,,300.0,0.0075608566666666675,400000.0,6400000.0,6.103515625,,6400000.0,,400000.0,6400000.0,6.103515625,1.0,1.0,2638.0,20.609375,,1.8,,2.144,,1.92,,1.0,,16.0,,1.0,,1.0,
20260704T030732Z-clean-run-eu-us-gac-region-asymmetry--db244ddeaea4--eu_tenant_id-1__us_tenant_id-10100__lookback_days-7,pilot-region-imbalanced-v1,default,gac_fdw_multiregion_tenant_point_rollup,asymmetry_mr_tenant_point_control__dataset-pilot-region-imbalanced-v1__runtime-default__gac_fdw_multiregion_tenant_point_rollup__eu_tenant_id-1__us_tenant_id-10100__lookback_days-7,deployment_relative_pressure_proxy_v2,posthoc_audit_not_clustering_input,0.4602055994052901,low,0.4602055994052901,0.4602055994052901,0.0,0.0,0.0,,0.4602055994052901,0.0,0.0,0.00035602666666666665,"wan_fetch_intensity,memory_spill_intensity,imbalance_intensity,capacity_intensity,timeout_utilization",0.106808,,300.0,0.00035602666666666665,400.0,9600.0,0.0091552734375,,9600.0,,800.0,19200.0,0.018310546875,2.0,2.0,0.0,0.0,,1.0,,1.0,,1.0,,0.03125,,0.5,,0.03125,,0.03125,
20260704T030746Z-clean-run-eu-us-gac-region-asymmetry--accc76ae5dc6--gion_global_user_join__lookback_days-30__limit_k-50,pilot-region-imbalanced-v1,default,gac_fdw_multiregion_global_user_join,asymmetry_mr_global_user_join__dataset-pilot-region-imbalanced-v1__runtime-default__gac_fdw_multiregion_global_user_join__lookback_days-30__limit_k-50,deployment_relative_pressure_proxy_v2,posthoc_audit_not_clustering_input,1.0,critical,1.0,0.9045749633561659,1.0,0.8001283971752622,1.0,,1.0,0.8001283971752622,1.0,0.015882233333333332,"wan_fetch_intensity,memory_spill_intensity,imbalance_intensity,capacity_intensity,timeout_utilization",4.76467,,300.0,0.015882233333333332,600000.0,19140608.0,18.25390625,,19140608.0,,600000.0,19140608.0,18.25390625,1.0,1.0,134063.0,1047.3671875,,1.8,,2.8586666666666667,,2.56,,2.0,,32.0,,2.0,,2.0,
20260704T030805Z-clean-run-eu-us-gac-region-asymmetry--234edc200e7d--eu_tenant_id-5__us_tenant_id-10020__lookback_days-7,pilot-region-imbalanced-v1,default,gac_fdw_multiregion_tenant_point_rollup,asymmetry_mr_tenant_point_control__dataset-pilot-region-imbalanced-v1__runtime-default__gac_fdw_multiregion_tenant_point_rollup__eu_tenant_id-5__us_tenant_id-10020__lookback_days-7,deployment_relative_pressure_proxy_v2,posthoc_audit_not_clustering_input,0.4602055994052901,low,0.4602055994052901,0.4602055994052901,0.0,0.0,0.0,,0.4602055994052901,0.0,0.0,0.00034418,"wan_fetch_intensity,memory_spill_intensity,imbalance_intensity,capacity_intensity,timeout_utilization",0.103254,,300.0,0.00034418,400.0,9600.0,0.0091552734375,,9600.0,,800.0,19200.0,0.018310546875,2.0,2.0,0.0,0.0,,1.0,,1.0,,1.0,,0.03125,,0.5,,0.03125,,0.03125,
20260704T030820Z-clean-run-eu-us-gac-region-asymmetry--f59df10463e0--eu_tenant_id-5__us_tenant_id-10005__lookback_days-7,pilot-region-imbalanced-v1,default,gac_fdw_multiregion_tenant_point_rollup,asymmetry_mr_tenant_point_control__dataset-pilot-region-imbalanced-v1__runtime-default__gac_fdw_multiregion_tenant_point_rollup__eu_tenant_id-5__us_tenant_id-10005__lookback_days-7,deployment_relative_pressure_proxy_v2,posthoc_audit_not_clustering_input,0.4602055994052901,low,0.4602055994052901,0.4602055994052901,0.0,0.0,0.0,,0.4602055994052901,0.0,0.0,0.00037982,"wan_fetch_intensity,memory_spill_intensity,imbalance_intensity,capacity_intensity,timeout_utilization",0.113946,,300.0,0.00037982,400.0,9600.0,0.0091552734375,,9600.0,,800.0,19200.0,0.018310546875,2.0,2.0,0.0,0.0,,1.0,,1.0,,1.0,,0.03125,,0.5,,0.03125,,0.03125,
20260704T030833Z-clean-run-eu-us-gac-region-asymmetry--648583e84338--_tenant_id-20__us_tenant_id-10005__lookback_days-30,pilot-region-imbalanced-v1,default,gac_fdw_multiregion_tenant_point_rollup,asymmetry_mr_tenant_point_control__dataset-pilot-region-imbalanced-v1__runtime-default__gac_fdw_multiregion_tenant_point_rollup__eu_tenant_id-20__us_tenant_id-10005__lookback_days-30,deployment_relative_pressure_proxy_v2,posthoc_audit_not_clustering_input,0.4602055994052901,low,0.4602055994052901,0.4602055994052901,0.0,0.0,0.0,,0.4602055994052901,0.0,0.0,0.00036195666666666667,"wan_fetch_intensity,memory_spill_intensity,imbalance_intensity,capacity_intensity,timeout_utilization",0.108587,,300.0,0.00036195666666666667,400.0,9600.0,0.0091552734375,,9600.0,,800.0,19200.0,0.018310546875,2.0,2.0,0.0,0.0,,1.0,,1.0,,1.0,,0.03125,,0.5,,0.03125,,0.03125,
20260704T030847Z-clean-run-eu-us-gac-region-asymmetry--dbf6f103a25d--tenant_id-100__us_tenant_id-10800__lookback_days-30,pilot-region-imbalanced-v1,default,gac_fdw_multiregion_tenant_point_rollup,asymmetry_mr_tenant_point_control__dataset-pilot-region-imbalanced-v1__runtime-default__gac_fdw_multiregion_tenant_point_rollup__eu_tenant_id-100__us_tenant_id-10800__lookback_days-30,deployment_relative_pressure_proxy_v2,posthoc_audit_not_clustering_input,0.4602055994052901,low,0.4602055994052901,0.4602055994052901,0.0,0.3333333333333333,0.0,,0.4602055994052901,0.3333333333333333,0.0,0.00033004000000000003,"wan_fetch_intensity,memory_spill_intensity,imbalance_intensity,capacity_intensity,timeout_utilization",0.099012,,300.0,0.00033004000000000003,200.0,4800.0,0.00457763671875,,4800.0,,400.0,9600.0,0.0091552734375,2.0,2.0,0.0,0.0,,1.0,,2.0,,1.0,,0.0625,,0.5,,0.03125,,0.0625,
20260704T030901Z-clean-run-eu-us-gac-region-asymmetry--2996e5870893--u_tenant_id-1__us_tenant_id-10001__lookback_days-30,pilot-region-imbalanced-v1,default,gac_fdw_multiregion_tenant_point_rollup,asymmetry_mr_tenant_point_control__dataset-pilot-region-imbalanced-v1__runtime-default__gac_fdw_multiregion_tenant_point_rollup__eu_tenant_id-1__us_tenant_id-10001__lookback_days-30,deployment_relative_pressure_proxy_v2,posthoc_audit_not_clustering_input,0.4602055994052901,low,0.4602055994052901,0.4602055994052901,0.0,0.11111111111111109,0.0,,0.4602055994052901,0.11111111111111109,0.0,0.00037633333333333334,"wan_fetch_intensity,memory_spill_intensity,imbalance_intensity,capacity_intensity,timeout_utilization",0.1129,,300.0,0.00037633333333333334,400.0,9600.0,0.0091552734375,,9600.0,,600.0,14400.0,0.01373291015625,1.5,1.5,0.0,0.0,,1.0,,1.3333333333333333,,1.0,,0.03125,,0.5,,0.03125,,0.03125,
20260704T030916Z-clean-run-eu-us-gac-region-asymmetry--38166dafd700--rollup__lookback_days-14__min_value-500__limit_k-50,pilot-region-imbalanced-v1,default,gac_fdw_multiregion_daily_tenant_rollup,asymmetry_mr_daily_tenant_rollup__dataset-pilot-region-imbalanced-v1__runtime-default__gac_fdw_multiregion_daily_tenant_rollup__lookback_days-14__min_value-500__limit_k-50,deployment_relative_pressure_proxy_v2,posthoc_audit_not_clustering_input,0.837953294002842,high,0.837953294002842,0.720673723854059,0.837953294002842,0.8008934269304404,0.543457015946535,,0.837953294002842,0.8008934269304404,0.543457015946535,0.004534949999999999,"wan_fetch_intensity,memory_spill_intensity,imbalance_intensity,capacity_intensity,timeout_utilization",1.360485,,300.0,0.004534949999999999,200605.0,4813824.0,4.5908203125,,4813824.0,,200605.0,4813824.0,4.5908203125,1.0,1.0,1676.0,13.09375,,1.8007826325365768,,2.12892001694873,,1.8880992893604245,,1.0,,16.0,,1.0,,1.0,
20260704T030931Z-clean-run-eu-us-gac-region-asymmetry--aaa8aee6bd55--u_tenant_id-5__us_tenant_id-10800__lookback_days-30,pilot-region-imbalanced-v1,default,gac_fdw_multiregion_tenant_point_rollup,asymmetry_mr_tenant_point_control__dataset-pilot-region-imbalanced-v1__runtime-default__gac_fdw_multiregion_tenant_point_rollup__eu_tenant_id-5__us_tenant_id-10800__lookback_days-30,deployment_relative_pressure_proxy_v2,posthoc_audit_not_clustering_input,0.4602055994052901,low,0.4602055994052901,0.4602055994052901,0.0,0.3333333333333333,0.0,,0.4602055994052901,0.3333333333333333,0.0,0.00038521333333333335,"wan_fetch_intensity,memory_spill_intensity,imbalance_intensity,capacity_intensity,timeout_utilization",0.115564,,300.0,0.00038521333333333335,200.0,4800.0,0.00457763671875,,4800.0,,400.0,9600.0,0.0091552734375,2.0,2.0,0.0,0.0,,1.0,,2.0,,1.0,,0.0625,,0.5,,0.03125,,0.0625,
20260704T030945Z-clean-run-eu-us-gac-region-asymmetry--0e2a3e3038b0--vent_filter_summary__lookback_days-7__min_value-900,pilot-region-imbalanced-v1,default,gac_fdw_multiregion_event_filter_summary,asymmetry_mr_event_filter_summary__dataset-pilot-region-imbalanced-v1__runtime-default__gac_fdw_multiregion_event_filter_summary__lookback_days-7__min_value-900,deployment_relative_pressure_proxy_v2,posthoc_audit_not_clustering_input,0.9210796047953835,high,0.9210796047953835,0.9210796047953835,0.0,0.8033689746706691,0.543457015946535,,0.9210796047953835,0.8033689746706691,0.543457015946535,0.00127457,"wan_fetch_intensity,memory_spill_intensity,imbalance_intensity,capacity_intensity,timeout_utilization",0.382371,,300.0,0.00127457,40309.0,645120.0,0.615234375,,645120.0,,40309.0,645120.0,0.615234375,1.0,1.0,0.0,0.0,,1.8033689746706691,,2.1386787069885136,,1.8168054504163513,,1.0,,16.0,,1.0,,1.0,
20260704T030959Z-clean-run-eu-us-gac-region-asymmetry--d35d281dedad--_tenant_id-20__us_tenant_id-10020__lookback_days-30,pilot-region-imbalanced-v1,default,gac_fdw_multiregion_tenant_point_rollup,asymmetry_mr_tenant_point_control__dataset-pilot-region-imbalanced-v1__runtime-default__gac_fdw_multiregion_tenant_point_rollup__eu_tenant_id-20__us_tenant_id-10020__lookback_days-30,deployment_relative_pressure_proxy_v2,posthoc_audit_not_clustering_input,0.4602055994052901,low,0.4602055994052901,0.4602055994052901,0.0,0.0,0.0,,0.4602055994052901,0.0,0.0,0.00046114999999999996,"wan_fetch_intensity,memory_spill_intensity,imbalance_intensity,capacity_intensity,timeout_utilization",0.138345,,300.0,0.00046114999999999996,400.0,9600.0,0.0091552734375,,9600.0,,800.0,19200.0,0.018310546875,2.0,2.0,0.0,0.0,,1.0,,1.0,,1.0,,0.03125,,0.5,,0.03125,,0.03125,
20260704T031059Z-clean-run-eu-us-gac-region-asymmetry--d4ed604de8be--fault__q10_top_tenants__lookback_days-7__limit_k-25,pilot-region-imbalanced-v1,default,q10_top_tenants,asymmetry_single_region_top_tenants_control__dataset-pilot-region-imbalanced-v1__runtime-default__q10_top_tenants__lookback_days-7__limit_k-25,deployment_relative_pressure_proxy_v2,posthoc_audit_not_clustering_input,0.7054861818491504,medium,0.7054861818491504,0.7054861818491504,0.0,,0.0,,0.7054861818491504,,0.0,0.0009088166666666668,"wan_fetch_intensity,memory_spill_intensity,capacity_intensity,timeout_utilization",0.272645,,300.0,0.0009088166666666668,84212.0,32000.0,0.030517578125,,,,84212.0,32000.0,0.030517578125,1.0,1.0,0.0,0.0,,,,,,,,1.0,,8.0,,0.5,,1.0,
20260704T031113Z-clean-run-eu-us-gac-region-asymmetry--571cf0da746a--ault__q10_top_tenants__lookback_days-30__limit_k-25,pilot-region-imbalanced-v1,default,q10_top_tenants,asymmetry_single_region_top_tenants_control__dataset-pilot-region-imbalanced-v1__runtime-default__q10_top_tenants__lookback_days-30__limit_k-25,deployment_relative_pressure_proxy_v2,posthoc_audit_not_clustering_input,0.8295995559200073,high,0.8295995559200073,0.8295995559200073,0.0,,0.0,,0.8295995559200073,,0.0,0.00075564,"wan_fetch_intensity,memory_spill_intensity,capacity_intensity,timeout_utilization",0.226692,,300.0,0.00075564,351513.0,32000.0,0.030517578125,,,,351513.0,32000.0,0.030517578125,1.0,1.0,0.0,0.0,,,,,,,,1.0,,8.0,,0.5,,1.0,
20260704T031244Z-clean-run-eu-us-gac-region-asymmetry--2d1e72d50025--u_tenant_id-5__us_tenant_id-10800__lookback_days-30,pilot-region-local-skew-asymmetric-medium-v1,default,gac_fdw_multiregion_tenant_point_rollup,asymmetry_mr_tenant_point_control__dataset-pilot-region-local-skew-asymmetric-medium-v1__runtime-default__gac_fdw_multiregion_tenant_point_rollup__eu_tenant_id-5__us_tenant_id-10800__lookback_days-30,deployment_relative_pressure_proxy_v2,posthoc_audit_not_clustering_input,0.8571428571428572,high,0.8571428571428572,0.6486070463671534,0.0,0.8571428571428572,0.0,,0.6486070463671534,0.8571428571428572,0.0,0.00041077666666666665,"wan_fetch_intensity,memory_spill_intensity,imbalance_intensity,capacity_intensity,timeout_utilization",0.123233,,300.0,0.00041077666666666665,3500.0,83824.0,0.0799407958984375,,83824.0,,3750.0,89811.42857142858,0.0856508527483259,1.0714285714285714,1.0714285714285716,0.0,0.0,,1.8571428571428572,,1.7333333333333334,,1.0,,0.03125,,0.5,,0.03125,,0.03125,
20260704T031258Z-clean-run-eu-us-gac-region-asymmetry--19ba5f4ae3c4--eu_tenant_id-1__us_tenant_id-10005__lookback_days-7,pilot-region-local-skew-asymmetric-medium-v1,default,gac_fdw_multiregion_tenant_point_rollup,asymmetry_mr_tenant_point_control__dataset-pilot-region-local-skew-asymmetric-medium-v1__runtime-default__gac_fdw_multiregion_tenant_point_rollup__eu_tenant_id-1__us_tenant_id-10005__lookback_days-7,deployment_relative_pressure_proxy_v2,posthoc_audit_not_clustering_input,0.8571428571428572,high,0.8571428571428572,0.6486070463671534,0.0,0.8571428571428572,0.0,,0.6486070463671534,0.8571428571428572,0.0,0.00044896333333333335,"wan_fetch_intensity,memory_spill_intensity,imbalance_intensity,capacity_intensity,timeout_utilization",0.134689,,300.0,0.00044896333333333335,3500.0,83824.0,0.0799407958984375,,83824.0,,7000.0,167648.0,0.159881591796875,2.0,2.0,0.0,0.0,,1.8571428571428572,,1.8571428571428572,,1.0,,0.03125,,0.5,,0.03125,,0.03125,
20260704T031312Z-clean-run-eu-us-gac-region-asymmetry--fd1f8ff3ab81--_tenant_id-100__us_tenant_id-10005__lookback_days-7,pilot-region-local-skew-asymmetric-medium-v1,default,gac_fdw_multiregion_tenant_point_rollup,asymmetry_mr_tenant_point_control__dataset-pilot-region-local-skew-asymmetric-medium-v1__runtime-default__gac_fdw_multiregion_tenant_point_rollup__eu_tenant_id-100__us_tenant_id-10005__lookback_days-7,deployment_relative_pressure_proxy_v2,posthoc_audit_not_clustering_input,0.4577259475218658,low,0.4577259475218658,0.4468524367466035,0.0,0.4577259475218658,0.0,,0.4468524367466035,0.4577259475218658,0.0,0.00035724333333333336,"wan_fetch_intensity,memory_spill_intensity,imbalance_intensity,capacity_intensity,timeout_utilization",0.107173,,300.0,0.00035724333333333336,343.0,8232.0,0.00785064697265625,,8232.0,,686.0,16464.0,0.0157012939453125,2.0,2.0,0.0,0.0,,1.4577259475218658,,1.4577259475218658,,1.0,,0.03125,,0.5,,0.03125,,0.03125,
20260704T031326Z-clean-run-eu-us-gac-region-asymmetry--45c402243635--tenant_id-800__us_tenant_id-10800__lookback_days-30,pilot-region-local-skew-asymmetric-medium-v1,default,gac_fdw_multiregion_tenant_point_rollup,asymmetry_mr_tenant_point_control__dataset-pilot-region-local-skew-asymmetric-medium-v1__runtime-default__gac_fdw_multiregion_tenant_point_rollup__eu_tenant_id-800__us_tenant_id-10800__lookback_days-30,deployment_relative_pressure_proxy_v2,posthoc_audit_not_clustering_input,0.4619883040935673,low,0.4619883040935673,0.4465988341695517,0.0,0.4619883040935673,0.0,,0.4465988341695517,0.4619883040935673,0.0,0.00033875999999999996,"wan_fetch_intensity,memory_spill_intensity,imbalance_intensity,capacity_intensity,timeout_utilization",0.101628,,300.0,0.00033875999999999996,342.0,8208.0,0.0078277587890625,,8208.0,,684.0,16416.0,0.015655517578125,2.0,2.0,0.0,0.0,,1.4619883040935673,,1.4619883040935673,,1.0,,0.03125,,0.5,,0.03125,,0.03125,
20260704T031340Z-clean-run-eu-us-gac-region-asymmetry--bb2d5144689f--t_rollup__lookback_days-14__min_value-0__limit_k-50,pilot-region-local-skew-asymmetric-medium-v1,default,gac_fdw_multiregion_daily_tenant_rollup,asymmetry_mr_daily_tenant_rollup__dataset-pilot-region-local-skew-asymmetric-medium-v1__runtime-default__gac_fdw_multiregion_daily_tenant_rollup__lookback_days-14__min_value-0__limit_k-50,deployment_relative_pressure_proxy_v2,posthoc_audit_not_clustering_input,0.8868020655329737,high,0.8868020655329737,0.7806173193661903,0.8868020655329737,0.3242133333333333,0.543457015946535,,0.8868020655329737,0.3242133333333333,0.543457015946535,0.007735256666666667,"wan_fetch_intensity,memory_spill_intensity,imbalance_intensity,capacity_intensity,timeout_utilization",2.320577,,300.0,0.007735256666666667,400000.0,9601024.0,9.15625,,9601024.0,,400000.0,9601024.0,9.15625,1.0,1.0,3712.0,29.0,,1.0,,1.97264,,1.97264,,1.0,,16.0,,1.0,,1.0,
20260704T031356Z-clean-run-eu-us-gac-region-asymmetry--a2d3b5d90741--t_rollup__lookback_days-30__min_value-0__limit_k-50,pilot-region-local-skew-asymmetric-medium-v1,default,gac_fdw_multiregion_daily_tenant_rollup,asymmetry_mr_daily_tenant_rollup__dataset-pilot-region-local-skew-asymmetric-medium-v1__runtime-default__gac_fdw_multiregion_daily_tenant_rollup__lookback_days-30__min_value-0__limit_k-50,deployment_relative_pressure_proxy_v2,posthoc_audit_not_clustering_input,0.8868020655329737,high,0.8868020655329737,0.7806173193661903,0.8868020655329737,0.3242133333333333,0.543457015946535,,0.8868020655329737,0.3242133333333333,0.543457015946535,0.009565589999999999,"wan_fetch_intensity,memory_spill_intensity,imbalance_intensity,capacity_intensity,timeout_utilization",2.869677,,300.0,0.009565589999999999,400000.0,9601024.0,9.15625,,9601024.0,,400000.0,9601024.0,9.15625,1.0,1.0,3712.0,29.0,,1.0,,1.97264,,1.97264,,1.0,,16.0,,1.0,,1.0,
20260704T031414Z-clean-run-eu-us-gac-region-asymmetry--eda718630a01--_tenant_id-20__us_tenant_id-10001__lookback_days-30,pilot-region-local-skew-asymmetric-medium-v1,default,gac_fdw_multiregion_tenant_point_rollup,asymmetry_mr_tenant_point_control__dataset-pilot-region-local-skew-asymmetric-medium-v1__runtime-default__gac_fdw_multiregion_tenant_point_rollup__eu_tenant_id-20__us_tenant_id-10001__lookback_days-30,deployment_relative_pressure_proxy_v2,posthoc_audit_not_clustering_input,0.8571428571428572,high,0.8571428571428572,0.6486070463671534,0.0,0.8571428571428572,0.0,,0.6486070463671534,0.8571428571428572,0.0,0.0003865133333333333,"wan_fetch_intensity,memory_spill_intensity,imbalance_intensity,capacity_intensity,timeout_utilization",0.115954,,300.0,0.0003865133333333333,3500.0,83824.0,0.0799407958984375,,83824.0,,3750.0,89811.42857142858,0.0856508527483259,1.0714285714285714,1.0714285714285716,0.0,0.0,,1.8571428571428572,,1.7333333333333334,,1.0,,0.03125,,0.5,,0.03125,,0.03125,
20260704T031428Z-clean-run-eu-us-gac-region-asymmetry--2f9ad7c3032c--ltiregion_top_tenants__lookback_days-30__limit_k-25,pilot-region-local-skew-asymmetric-medium-v1,default,gac_fdw_multiregion_top_tenants,asymmetry_mr_top_tenants__dataset-pilot-region-local-skew-asymmetric-medium-v1__runtime-default__gac_fdw_multiregion_top_tenants__lookback_days-30__limit_k-25,deployment_relative_pressure_proxy_v2,posthoc_audit_not_clustering_input,0.8868020655329737,high,0.8868020655329737,0.840823266205027,0.8868020655329737,0.3242133333333333,0.543457015946535,,0.8868020655329737,0.3242133333333333,0.543457015946535,0.007904403333333334,"wan_fetch_intensity,memory_spill_intensity,imbalance_intensity,capacity_intensity,timeout_utilization",2.371321,,300.0,0.007904403333333334,400000.0,9601024.0,9.15625,,9601024.0,,400000.0,9601024.0,9.15625,1.0,1.0,3712.0,29.0,,1.0,,1.97264,,1.97264,,1.0,,16.0,,1.0,,1.0,
20260704T031444Z-clean-run-eu-us-gac-region-asymmetry--2bb3dbcc5fa5--ultiregion_top_tenants__lookback_days-7__limit_k-50,pilot-region-local-skew-asymmetric-medium-v1,default,gac_fdw_multiregion_top_tenants,asymmetry_mr_top_tenants__dataset-pilot-region-local-skew-asymmetric-medium-v1__runtime-default__gac_fdw_multiregion_top_tenants__lookback_days-7__limit_k-50,deployment_relative_pressure_proxy_v2,posthoc_audit_not_clustering_input,0.8868020655329737,high,0.8868020655329737,0.7806173193661903,0.8868020655329737,0.3242133333333333,0.543457015946535,,0.8868020655329737,0.3242133333333333,0.543457015946535,0.008439583333333334,"wan_fetch_intensity,memory_spill_intensity,imbalance_intensity,capacity_intensity,timeout_utilization",2.531875,,300.0,0.008439583333333334,400000.0,9601024.0,9.15625,,9601024.0,,400000.0,9601024.0,9.15625,1.0,1.0,3712.0,29.0,,1.0,,1.97264,,1.97264,,1.0,,16.0,,1.0,,1.0,
20260704T031501Z-clean-run-eu-us-gac-region-asymmetry--353e3140715c--_tenant_id-100__us_tenant_id-10100__lookback_days-7,pilot-region-local-skew-asymmetric-medium-v1,default,gac_fdw_multiregion_tenant_point_rollup,asymmetry_mr_tenant_point_control__dataset-pilot-region-local-skew-asymmetric-medium-v1__runtime-default__gac_fdw_multiregion_tenant_point_rollup__eu_tenant_id-100__us_tenant_id-10100__lookback_days-7,deployment_relative_pressure_proxy_v2,posthoc_audit_not_clustering_input,0.4577259475218658,low,0.4577259475218658,0.4468524367466035,0.0,0.4577259475218658,0.0,,0.4468524367466035,0.4577259475218658,0.0,0.00041618000000000004,"wan_fetch_intensity,memory_spill_intensity,imbalance_intensity,capacity_intensity,timeout_utilization",0.124854,,300.0,0.00041618000000000004,343.0,8232.0,0.00785064697265625,,8232.0,,686.0,16464.0,0.0157012939453125,2.0,2.0,0.0,0.0,,1.4577259475218658,,1.4577259475218658,,1.0,,0.03125,,0.5,,0.03125,,0.03125,
20260704T031516Z-clean-run-eu-us-gac-region-asymmetry--457ca1d425da--eu_tenant_id-1__us_tenant_id-10100__lookback_days-7,pilot-region-local-skew-asymmetric-medium-v1,default,gac_fdw_multiregion_tenant_point_rollup,asymmetry_mr_tenant_point_control__dataset-pilot-region-local-skew-asymmetric-medium-v1__runtime-default__gac_fdw_multiregion_tenant_point_rollup__eu_tenant_id-1__us_tenant_id-10100__lookback_days-7,deployment_relative_pressure_proxy_v2,posthoc_audit_not_clustering_input,0.8571428571428572,high,0.8571428571428572,0.6486070463671534,0.0,0.8571428571428572,0.0,,0.6486070463671534,0.8571428571428572,0.0,0.0004428766666666667,"wan_fetch_intensity,memory_spill_intensity,imbalance_intensity,capacity_intensity,timeout_utilization",0.132863,,300.0,0.0004428766666666667,3500.0,83824.0,0.0799407958984375,,83824.0,,7000.0,167648.0,0.159881591796875,2.0,2.0,0.0,0.0,,1.8571428571428572,,1.8571428571428572,,1.0,,0.03125,,0.5,,0.03125,,0.03125,
20260704T031530Z-clean-run-eu-us-gac-region-asymmetry--913e0472a160--u_tenant_id-20__us_tenant_id-10020__lookback_days-7,pilot-region-local-skew-asymmetric-medium-v1,default,gac_fdw_multiregion_tenant_point_rollup,asymmetry_mr_tenant_point_control__dataset-pilot-region-local-skew-asymmetric-medium-v1__runtime-default__gac_fdw_multiregion_tenant_point_rollup__eu_tenant_id-20__us_tenant_id-10020__lookback_days-7,deployment_relative_pressure_proxy_v2,posthoc_audit_not_clustering_input,0.8571428571428572,high,0.8571428571428572,0.6486070463671534,0.0,0.8571428571428572,0.0,,0.6486070463671534,0.8571428571428572,0.0,0.00044228,"wan_fetch_intensity,memory_spill_intensity,imbalance_intensity,capacity_intensity,timeout_utilization",0.132684,,300.0,0.00044228,3500.0,83824.0,0.0799407958984375,,83824.0,,3750.0,89811.42857142858,0.0856508527483259,1.0714285714285714,1.0714285714285716,0.0,0.0,,1.8571428571428572,,1.7333333333333334,,1.0,,0.03125,,0.5,,0.03125,,0.03125,
20260704T031543Z-clean-run-eu-us-gac-region-asymmetry--11400cb5dd0d--__limit_k-250__payload_repeat-16__payload_width-512,pilot-region-local-skew-asymmetric-medium-v1,default,gac_fdw_multiregion_event_raw_wide_sample,asymmetry_mr_raw_wide_sample__dataset-pilot-region-local-skew-asymmetric-medium-v1__runtime-default__gac_fdw_multiregion_event_raw_wide_sample__lookback_days-7__min_value-500__limit_k-250__payload_repeat-16__payload_width-512,deployment_relative_pressure_proxy_v2,posthoc_audit_not_clustering_input,0.8132293272374067,high,0.8132293272374067,0.5804657920427438,0.8132293272374067,0.32691212833060357,0.543457015946535,,0.8132293272374067,0.32691212833060357,0.543457015946535,0.005505009999999999,"wan_fetch_intensity,memory_spill_intensity,imbalance_intensity,capacity_intensity,timeout_utilization",1.651503,,300.0,0.005505009999999999,199651.0,7986176.0,7.6162109375,,7986176.0,,199651.0,7986176.0,7.6162109375,1.0,1.0,2634.0,20.578125,,1.0016879454648362,,1.9807363849918107,,1.977398643918635,,1.0,,16.0,,1.0,,1.0,
20260704T031559Z-clean-run-eu-us-gac-region-asymmetry--d4f1466f9afd--multi_dimension_rollup__lookback_days-7__limit_k-50,pilot-region-local-skew-asymmetric-medium-v1,default,gac_fdw_multiregion_multi_dimension_rollup,asymmetry_mr_multi_dimension_rollup__dataset-pilot-region-local-skew-asymmetric-medium-v1__runtime-default__gac_fdw_multiregion_multi_dimension_rollup__lookback_days-7__limit_k-50,deployment_relative_pressure_proxy_v2,posthoc_audit_not_clustering_input,1.0,critical,1.0,0.8100907153248091,0.8556879359242662,0.6179783950617285,1.0,,0.8556879359242662,0.6179783950617285,1.0,0.012646466666666667,"wan_fetch_intensity,memory_spill_intensity,imbalance_intensity,capacity_intensity,timeout_utilization",3.79394,,300.0,0.012646466666666667,561600.0,16584704.0,15.81640625,,16584704.0,,561600.0,16584704.0,15.81640625,1.0,1.0,6000.0,46.875,,1.0,,2.8539351851851853,,2.8539351851851853,,2.03125,,32.5,,2.03125,,2.03125,
20260704T031617Z-clean-run-eu-us-gac-region-asymmetry--0761e2bca224--egion_global_user_join__lookback_days-7__limit_k-50,pilot-region-local-skew-asymmetric-medium-v1,default,gac_fdw_multiregion_global_user_join,asymmetry_mr_global_user_join__dataset-pilot-region-local-skew-asymmetric-medium-v1__runtime-default__gac_fdw_multiregion_global_user_join__lookback_days-7__limit_k-50,deployment_relative_pressure_proxy_v2,posthoc_audit_not_clustering_input,1.0,critical,1.0,0.8985823238857917,1.0,0.6060190476190477,1.0,,1.0,0.6060190476190477,1.0,0.013202423333333333,"wan_fetch_intensity,memory_spill_intensity,imbalance_intensity,capacity_intensity,timeout_utilization",3.960727,,300.0,0.013202423333333333,560000.0,17860608.0,17.033203125,,17860608.0,,560000.0,17860608.0,17.033203125,1.0,1.0,49653.0,387.9140625,,1.0,,2.818057142857143,,2.818057142857143,,2.0,,32.0,,2.0,,2.0,
20260704T031635Z-clean-run-eu-us-gac-region-asymmetry--76fb13cb8b2d--eu_tenant_id-1__us_tenant_id-10800__lookback_days-7,pilot-region-local-skew-asymmetric-medium-v1,default,gac_fdw_multiregion_tenant_point_rollup,asymmetry_mr_tenant_point_control__dataset-pilot-region-local-skew-asymmetric-medium-v1__runtime-default__gac_fdw_multiregion_tenant_point_rollup__eu_tenant_id-1__us_tenant_id-10800__lookback_days-7,deployment_relative_pressure_proxy_v2,posthoc_audit_not_clustering_input,0.8571428571428572,high,0.8571428571428572,0.6486070463671534,0.0,0.8571428571428572,0.0,,0.6486070463671534,0.8571428571428572,0.0,0.0004311266666666667,"wan_fetch_intensity,memory_spill_intensity,imbalance_intensity,capacity_intensity,timeout_utilization",0.129338,,300.0,0.0004311266666666667,3500.0,83824.0,0.0799407958984375,,83824.0,,7000.0,167648.0,0.159881591796875,2.0,2.0,0.0,0.0,,1.8571428571428572,,1.8571428571428572,,1.0,,0.03125,,0.5,,0.03125,,0.03125,
20260704T031649Z-clean-run-eu-us-gac-region-asymmetry--5dbe60075f81--gion_global_user_join__lookback_days-30__limit_k-50,pilot-region-local-skew-asymmetric-medium-v1,default,gac_fdw_multiregion_global_user_join,asymmetry_mr_global_user_join__dataset-pilot-region-local-skew-asymmetric-medium-v1__runtime-default__gac_fdw_multiregion_global_user_join__lookback_days-30__limit_k-50,deployment_relative_pressure_proxy_v2,posthoc_audit_not_clustering_input,1.0,critical,1.0,0.8985823238857917,1.0,0.6060190476190477,1.0,,1.0,0.6060190476190477,1.0,0.016331826666666667,"wan_fetch_intensity,memory_spill_intensity,imbalance_intensity,capacity_intensity,timeout_utilization",4.899548,,300.0,0.016331826666666667,560000.0,17860608.0,17.033203125,,17860608.0,,560000.0,17860608.0,17.033203125,1.0,1.0,143576.0,1121.6875,,1.0,,2.818057142857143,,2.818057142857143,,2.0,,32.0,,2.0,,2.0,
20260704T031708Z-clean-run-eu-us-gac-region-asymmetry--d89c418ee9e4--u_tenant_id-20__us_tenant_id-10100__lookback_days-7,pilot-region-local-skew-asymmetric-medium-v1,default,gac_fdw_multiregion_tenant_point_rollup,asymmetry_mr_tenant_point_control__dataset-pilot-region-local-skew-asymmetric-medium-v1__runtime-default__gac_fdw_multiregion_tenant_point_rollup__eu_tenant_id-20__us_tenant_id-10100__lookback_days-7,deployment_relative_pressure_proxy_v2,posthoc_audit_not_clustering_input,0.8571428571428572,high,0.8571428571428572,0.6486070463671534,0.0,0.8571428571428572,0.0,,0.6486070463671534,0.8571428571428572,0.0,0.00044264666666666663,"wan_fetch_intensity,memory_spill_intensity,imbalance_intensity,capacity_intensity,timeout_utilization",0.132794,,300.0,0.00044264666666666663,3500.0,83824.0,0.0799407958984375,,83824.0,,3750.0,89811.42857142858,0.0856508527483259,1.0714285714285714,1.0714285714285716,0.0,0.0,,1.8571428571428572,,1.7333333333333334,,1.0,,0.03125,,0.5,,0.03125,,0.03125,
20260704T031723Z-clean-run-eu-us-gac-region-asymmetry--f89e66437ee5--u_tenant_id-1__us_tenant_id-10100__lookback_days-30,pilot-region-local-skew-asymmetric-medium-v1,default,gac_fdw_multiregion_tenant_point_rollup,asymmetry_mr_tenant_point_control__dataset-pilot-region-local-skew-asymmetric-medium-v1__runtime-default__gac_fdw_multiregion_tenant_point_rollup__eu_tenant_id-1__us_tenant_id-10100__lookback_days-30,deployment_relative_pressure_proxy_v2,posthoc_audit_not_clustering_input,0.8571428571428572,high,0.8571428571428572,0.6486070463671534,0.0,0.8571428571428572,0.0,,0.6486070463671534,0.8571428571428572,0.0,0.0004107266666666666,"wan_fetch_intensity,memory_spill_intensity,imbalance_intensity,capacity_intensity,timeout_utilization",0.123218,,300.0,0.0004107266666666666,3500.0,83824.0,0.0799407958984375,,83824.0,,7000.0,167648.0,0.159881591796875,2.0,2.0,0.0,0.0,,1.8571428571428572,,1.8571428571428572,,1.0,,0.03125,,0.5,,0.03125,,0.03125,
20260704T031736Z-clean-run-eu-us-gac-region-asymmetry--11fbd88bd927--_tenant_id-800__us_tenant_id-10001__lookback_days-7,pilot-region-local-skew-asymmetric-medium-v1,default,gac_fdw_multiregion_tenant_point_rollup,asymmetry_mr_tenant_point_control__dataset-pilot-region-local-skew-asymmetric-medium-v1__runtime-default__gac_fdw_multiregion_tenant_point_rollup__eu_tenant_id-800__us_tenant_id-10001__lookback_days-7,deployment_relative_pressure_proxy_v2,posthoc_audit_not_clustering_input,0.4619883040935673,low,0.4619883040935673,0.4465988341695517,0.0,0.4619883040935673,0.0,,0.4465988341695517,0.4619883040935673,0.0,0.0003815266666666667,"wan_fetch_intensity,memory_spill_intensity,imbalance_intensity,capacity_intensity,timeout_utilization",0.114458,,300.0,0.0003815266666666667,342.0,8208.0,0.0078277587890625,,8208.0,,684.0,16416.0,0.015655517578125,2.0,2.0,0.0,0.0,,1.4619883040935673,,1.4619883040935673,,1.0,,0.03125,,0.5,,0.03125,,0.03125,
20260704T031750Z-clean-run-eu-us-gac-region-asymmetry--da0cf1efcd94--u_tenant_id-20__us_tenant_id-10001__lookback_days-7,pilot-region-local-skew-asymmetric-medium-v1,default,gac_fdw_multiregion_tenant_point_rollup,asymmetry_mr_tenant_point_control__dataset-pilot-region-local-skew-asymmetric-medium-v1__runtime-default__gac_fdw_multiregion_tenant_point_rollup__eu_tenant_id-20__us_tenant_id-10001__lookback_days-7,deployment_relative_pressure_proxy_v2,posthoc_audit_not_clustering_input,0.8571428571428572,high,0.8571428571428572,0.6486070463671534,0.0,0.8571428571428572,0.0,,0.6486070463671534,0.8571428571428572,0.0,0.00040766,"wan_fetch_intensity,memory_spill_intensity,imbalance_intensity,capacity_intensity,timeout_utilization",0.122298,,300.0,0.00040766,3500.0,83824.0,0.0799407958984375,,83824.0,,3750.0,89811.42857142858,0.0856508527483259,1.0714285714285714,1.0714285714285716,0.0,0.0,,1.8571428571428572,,1.7333333333333334,,1.0,,0.03125,,0.5,,0.03125,,0.03125,
20260704T031804Z-clean-run-eu-us-gac-region-asymmetry--05b75e1cd110--u_tenant_id-5__us_tenant_id-10100__lookback_days-30,pilot-region-local-skew-asymmetric-medium-v1,default,gac_fdw_multiregion_tenant_point_rollup,asymmetry_mr_tenant_point_control__dataset-pilot-region-local-skew-asymmetric-medium-v1__runtime-default__gac_fdw_multiregion_tenant_point_rollup__eu_tenant_id-5__us_tenant_id-10100__lookback_days-30,deployment_relative_pressure_proxy_v2,posthoc_audit_not_clustering_input,0.8571428571428572,high,0.8571428571428572,0.6486070463671534,0.0,0.8571428571428572,0.0,,0.6486070463671534,0.8571428571428572,0.0,0.0004913,"wan_fetch_intensity,memory_spill_intensity,imbalance_intensity,capacity_intensity,timeout_utilization",0.14739,,300.0,0.0004913,3500.0,83824.0,0.0799407958984375,,83824.0,,3750.0,89811.42857142858,0.0856508527483259,1.0714285714285714,1.0714285714285716,0.0,0.0,,1.8571428571428572,,1.7333333333333334,,1.0,,0.03125,,0.5,,0.03125,,0.03125,
20260704T031818Z-clean-run-eu-us-gac-region-asymmetry--c426fed682ee--_tenant_id-20__us_tenant_id-10005__lookback_days-30,pilot-region-local-skew-asymmetric-medium-v1,default,gac_fdw_multiregion_tenant_point_rollup,asymmetry_mr_tenant_point_control__dataset-pilot-region-local-skew-asymmetric-medium-v1__runtime-default__gac_fdw_multiregion_tenant_point_rollup__eu_tenant_id-20__us_tenant_id-10005__lookback_days-30,deployment_relative_pressure_proxy_v2,posthoc_audit_not_clustering_input,0.8571428571428572,high,0.8571428571428572,0.6486070463671534,0.0,0.8571428571428572,0.0,,0.6486070463671534,0.8571428571428572,0.0,0.0004293433333333333,"wan_fetch_intensity,memory_spill_intensity,imbalance_intensity,capacity_intensity,timeout_utilization",0.128803,,300.0,0.0004293433333333333,3500.0,83824.0,0.0799407958984375,,83824.0,,3750.0,89811.42857142858,0.0856508527483259,1.0714285714285714,1.0714285714285716,0.0,0.0,,1.8571428571428572,,1.7333333333333334,,1.0,,0.03125,,0.5,,0.03125,,0.03125,
20260704T031832Z-clean-run-eu-us-gac-region-asymmetry--59c005cf99e2--ultiregion_top_tenants__lookback_days-1__limit_k-50,pilot-region-local-skew-asymmetric-medium-v1,default,gac_fdw_multiregion_top_tenants,asymmetry_mr_top_tenants__dataset-pilot-region-local-skew-asymmetric-medium-v1__runtime-default__gac_fdw_multiregion_top_tenants__lookback_days-1__limit_k-50,deployment_relative_pressure_proxy_v2,posthoc_audit_not_clustering_input,0.8868020655329737,high,0.8868020655329737,0.7806173193661903,0.8868020655329737,0.3242133333333333,0.543457015946535,,0.8868020655329737,0.3242133333333333,0.543457015946535,0.007679163333333332,"wan_fetch_intensity,memory_spill_intensity,imbalance_intensity,capacity_intensity,timeout_utilization",2.303749,,300.0,0.007679163333333332,400000.0,9601024.0,9.15625,,9601024.0,,400000.0,9601024.0,9.15625,1.0,1.0,3712.0,29.0,,1.0,,1.97264,,1.97264,,1.0,,16.0,,1.0,,1.0,
20260704T031848Z-clean-run-eu-us-gac-region-asymmetry--7acb6ab2fff1--ent_filter_summary__lookback_days-30__min_value-500,pilot-region-local-skew-asymmetric-medium-v1,default,gac_fdw_multiregion_event_filter_summary,asymmetry_mr_event_filter_summary__dataset-pilot-region-local-skew-asymmetric-medium-v1__runtime-default__gac_fdw_multiregion_event_filter_summary__lookback_days-30__min_value-500,deployment_relative_pressure_proxy_v2,posthoc_audit_not_clustering_input,1.0,critical,1.0,1.0,0.968789870729482,0.32691212833060357,0.543457015946535,,1.0,0.32691212833060357,0.543457015946535,0.00434638,"wan_fetch_intensity,memory_spill_intensity,imbalance_intensity,capacity_intensity,timeout_utilization",1.303914,,300.0,0.00434638,199651.0,3193856.0,3.0458984375,,3193856.0,,199651.0,3193856.0,3.0458984375,1.0,1.0,1464.0,11.4375,,1.0016879454648362,,1.9807363849918107,,1.977398643918635,,1.0,,16.0,,1.0,,1.0,
20260704T031903Z-clean-run-eu-us-gac-region-asymmetry--6b638dfbdb3a--ultiregion_top_tenants__lookback_days-1__limit_k-25,pilot-region-local-skew-asymmetric-medium-v1,default,gac_fdw_multiregion_top_tenants,asymmetry_mr_top_tenants__dataset-pilot-region-local-skew-asymmetric-medium-v1__runtime-default__gac_fdw_multiregion_top_tenants__lookback_days-1__limit_k-25,deployment_relative_pressure_proxy_v2,posthoc_audit_not_clustering_input,0.8868020655329737,high,0.8868020655329737,0.840823266205027,0.8868020655329737,0.3242133333333333,0.543457015946535,,0.8868020655329737,0.3242133333333333,0.543457015946535,0.0087008,"wan_fetch_intensity,memory_spill_intensity,imbalance_intensity,capacity_intensity,timeout_utilization",2.61024,,300.0,0.0087008,400000.0,9601024.0,9.15625,,9601024.0,,400000.0,9601024.0,9.15625,1.0,1.0,3712.0,29.0,,1.0,,1.97264,,1.97264,,1.0,,16.0,,1.0,,1.0,
20260704T031920Z-clean-run-eu-us-gac-region-asymmetry--b9be797e4727--gion_user_segment_join__lookback_days-7__limit_k-50,pilot-region-local-skew-asymmetric-medium-v1,default,gac_fdw_multiregion_user_segment_join,asymmetry_mr_user_segment_join__dataset-pilot-region-local-skew-asymmetric-medium-v1__runtime-default__gac_fdw_multiregion_user_segment_join__lookback_days-7__limit_k-50,deployment_relative_pressure_proxy_v2,posthoc_audit_not_clustering_input,1.0,critical,1.0,0.9587882707246285,1.0,0.6060190476190477,1.0,,1.0,0.6060190476190477,1.0,0.012989313333333334,"wan_fetch_intensity,memory_spill_intensity,imbalance_intensity,capacity_intensity,timeout_utilization",3.896794,,300.0,0.012989313333333334,560000.0,17541120.0,16.728515625,,17541120.0,,560000.0,17541120.0,16.728515625,1.0,1.0,47902.0,374.234375,,1.0,,2.818057142857143,,2.818057142857143,,2.0,,32.0,,2.0,,2.0,
20260704T031938Z-clean-run-eu-us-gac-region-asymmetry--4f94b4b8e626--_tenant_id-100__us_tenant_id-10020__lookback_days-7,pilot-region-local-skew-asymmetric-medium-v1,default,gac_fdw_multiregion_tenant_point_rollup,asymmetry_mr_tenant_point_control__dataset-pilot-region-local-skew-asymmetric-medium-v1__runtime-default__gac_fdw_multiregion_tenant_point_rollup__eu_tenant_id-100__us_tenant_id-10020__lookback_days-7,deployment_relative_pressure_proxy_v2,posthoc_audit_not_clustering_input,0.4577259475218658,low,0.4577259475218658,0.4468524367466035,0.0,0.4577259475218658,0.0,,0.4468524367466035,0.4577259475218658,0.0,0.00037141333333333334,"wan_fetch_intensity,memory_spill_intensity,imbalance_intensity,capacity_intensity,timeout_utilization",0.111424,,300.0,0.00037141333333333334,343.0,8232.0,0.00785064697265625,,8232.0,,686.0,16464.0,0.0157012939453125,2.0,2.0,0.0,0.0,,1.4577259475218658,,1.4577259475218658,,1.0,,0.03125,,0.5,,0.03125,,0.03125,
20260704T031952Z-clean-run-eu-us-gac-region-asymmetry--8192c0843422--u_tenant_id-20__us_tenant_id-10005__lookback_days-7,pilot-region-local-skew-asymmetric-medium-v1,default,gac_fdw_multiregion_tenant_point_rollup,asymmetry_mr_tenant_point_control__dataset-pilot-region-local-skew-asymmetric-medium-v1__runtime-default__gac_fdw_multiregion_tenant_point_rollup__eu_tenant_id-20__us_tenant_id-10005__lookback_days-7,deployment_relative_pressure_proxy_v2,posthoc_audit_not_clustering_input,0.8571428571428572,high,0.8571428571428572,0.6486070463671534,0.0,0.8571428571428572,0.0,,0.6486070463671534,0.8571428571428572,0.0,0.0004348166666666667,"wan_fetch_intensity,memory_spill_intensity,imbalance_intensity,capacity_intensity,timeout_utilization",0.130445,,300.0,0.0004348166666666667,3500.0,83824.0,0.0799407958984375,,83824.0,,3750.0,89811.42857142858,0.0856508527483259,1.0714285714285714,1.0714285714285716,0.0,0.0,,1.8571428571428572,,1.7333333333333334,,1.0,,0.03125,,0.5,,0.03125,,0.03125,
20260704T032006Z-clean-run-eu-us-gac-region-asymmetry--7301624fd196--_tenant_id-800__us_tenant_id-10005__lookback_days-7,pilot-region-local-skew-asymmetric-medium-v1,default,gac_fdw_multiregion_tenant_point_rollup,asymmetry_mr_tenant_point_control__dataset-pilot-region-local-skew-asymmetric-medium-v1__runtime-default__gac_fdw_multiregion_tenant_point_rollup__eu_tenant_id-800__us_tenant_id-10005__lookback_days-7,deployment_relative_pressure_proxy_v2,posthoc_audit_not_clustering_input,0.4619883040935673,low,0.4619883040935673,0.4465988341695517,0.0,0.4619883040935673,0.0,,0.4465988341695517,0.4619883040935673,0.0,0.00036941999999999997,"wan_fetch_intensity,memory_spill_intensity,imbalance_intensity,capacity_intensity,timeout_utilization",0.110826,,300.0,0.00036941999999999997,342.0,8208.0,0.0078277587890625,,8208.0,,684.0,16416.0,0.015655517578125,2.0,2.0,0.0,0.0,,1.4619883040935673,,1.4619883040935673,,1.0,,0.03125,,0.5,,0.03125,,0.03125,
20260704T032021Z-clean-run-eu-us-gac-region-asymmetry--05e9a34b30fd--tenant_id-100__us_tenant_id-10001__lookback_days-30,pilot-region-local-skew-asymmetric-medium-v1,default,gac_fdw_multiregion_tenant_point_rollup,asymmetry_mr_tenant_point_control__dataset-pilot-region-local-skew-asymmetric-medium-v1__runtime-default__gac_fdw_multiregion_tenant_point_rollup__eu_tenant_id-100__us_tenant_id-10001__lookback_days-30,deployment_relative_pressure_proxy_v2,posthoc_audit_not_clustering_input,0.4577259475218658,low,0.4577259475218658,0.4468524367466035,0.0,0.4577259475218658,0.0,,0.4468524367466035,0.4577259475218658,0.0,0.00036228666666666666,"wan_fetch_intensity,memory_spill_intensity,imbalance_intensity,capacity_intensity,timeout_utilization",0.108686,,300.0,0.00036228666666666666,343.0,8232.0,0.00785064697265625,,8232.0,,686.0,16464.0,0.0157012939453125,2.0,2.0,0.0,0.0,,1.4577259475218658,,1.4577259475218658,,1.0,,0.03125,,0.5,,0.03125,,0.03125,
20260704T032035Z-clean-run-eu-us-gac-region-asymmetry--2517752c7b4e--tenant_id-800__us_tenant_id-10005__lookback_days-30,pilot-region-local-skew-asymmetric-medium-v1,default,gac_fdw_multiregion_tenant_point_rollup,asymmetry_mr_tenant_point_control__dataset-pilot-region-local-skew-asymmetric-medium-v1__runtime-default__gac_fdw_multiregion_tenant_point_rollup__eu_tenant_id-800__us_tenant_id-10005__lookback_days-30,deployment_relative_pressure_proxy_v2,posthoc_audit_not_clustering_input,0.4619883040935673,low,0.4619883040935673,0.4465988341695517,0.0,0.4619883040935673,0.0,,0.4465988341695517,0.4619883040935673,0.0,0.00034398333333333334,"wan_fetch_intensity,memory_spill_intensity,imbalance_intensity,capacity_intensity,timeout_utilization",0.103195,,300.0,0.00034398333333333334,342.0,8208.0,0.0078277587890625,,8208.0,,684.0,16416.0,0.015655517578125,2.0,2.0,0.0,0.0,,1.4619883040935673,,1.4619883040935673,,1.0,,0.03125,,0.5,,0.03125,,0.03125,
20260704T032048Z-clean-run-eu-us-gac-region-asymmetry--ec261603c92f--ltiregion_top_tenants__lookback_days-30__limit_k-50,pilot-region-local-skew-asymmetric-medium-v1,default,gac_fdw_multiregion_top_tenants,asymmetry_mr_top_tenants__dataset-pilot-region-local-skew-asymmetric-medium-v1__runtime-default__gac_fdw_multiregion_top_tenants__lookback_days-30__limit_k-50,deployment_relative_pressure_proxy_v2,posthoc_audit_not_clustering_input,0.8868020655329737,high,0.8868020655329737,0.7806173193661903,0.8868020655329737,0.3242133333333333,0.543457015946535,,0.8868020655329737,0.3242133333333333,0.543457015946535,0.00822246,"wan_fetch_intensity,memory_spill_intensity,imbalance_intensity,capacity_intensity,timeout_utilization",2.466738,,300.0,0.00822246,400000.0,9601024.0,9.15625,,9601024.0,,400000.0,9601024.0,9.15625,1.0,1.0,3712.0,29.0,,1.0,,1.97264,,1.97264,,1.0,,16.0,,1.0,,1.0,
20260704T032105Z-clean-run-eu-us-gac-region-asymmetry--c3f1b34d4591--ent_filter_summary__lookback_days-30__min_value-900,pilot-region-local-skew-asymmetric-medium-v1,default,gac_fdw_multiregion_event_filter_summary,asymmetry_mr_event_filter_summary__dataset-pilot-region-local-skew-asymmetric-medium-v1__runtime-default__gac_fdw_multiregion_event_filter_summary__lookback_days-30__min_value-900,deployment_relative_pressure_proxy_v2,posthoc_audit_not_clustering_input,0.9202960345596634,high,0.9202960345596634,0.9202960345596634,0.0,0.3448986573877053,0.543457015946535,,0.9202960345596634,0.3448986573877053,0.543457015946535,0.00145408,"wan_fetch_intensity,memory_spill_intensity,imbalance_intensity,capacity_intensity,timeout_utilization",0.436224,,300.0,0.00145408,39947.0,638976.0,0.609375,,638976.0,,39947.0,638976.0,0.609375,1.0,1.0,0.0,0.0,,1.0147946028487747,,2.034695972163116,,2.005032315358429,,1.0,,16.0,,1.0,,1.0,
20260704T032119Z-clean-run-eu-us-gac-region-asymmetry--595f56bcdec0--ion_user_segment_join__lookback_days-30__limit_k-50,pilot-region-local-skew-asymmetric-medium-v1,default,gac_fdw_multiregion_user_segment_join,asymmetry_mr_user_segment_join__dataset-pilot-region-local-skew-asymmetric-medium-v1__runtime-default__gac_fdw_multiregion_user_segment_join__lookback_days-30__limit_k-50,deployment_relative_pressure_proxy_v2,posthoc_audit_not_clustering_input,1.0,critical,1.0,0.9587882707246285,1.0,0.6060190476190477,1.0,,1.0,0.6060190476190477,1.0,0.014023586666666666,"wan_fetch_intensity,memory_spill_intensity,imbalance_intensity,capacity_intensity,timeout_utilization",4.207076,,300.0,0.014023586666666666,560000.0,17541120.0,16.728515625,,17541120.0,,560000.0,17541120.0,16.728515625,1.0,1.0,139281.0,1088.1328125,,1.0,,2.818057142857143,,2.818057142857143,,2.0,,32.0,,2.0,,2.0,
20260704T032138Z-clean-run-eu-us-gac-region-asymmetry--f8a0bbcb6aaa--lti_dimension_rollup__lookback_days-30__limit_k-100,pilot-region-local-skew-asymmetric-medium-v1,default,gac_fdw_multiregion_multi_dimension_rollup,asymmetry_mr_multi_dimension_rollup__dataset-pilot-region-local-skew-asymmetric-medium-v1__runtime-default__gac_fdw_multiregion_multi_dimension_rollup__lookback_days-30__limit_k-100,deployment_relative_pressure_proxy_v2,posthoc_audit_not_clustering_input,1.0,critical,1.0,0.7498847684859724,1.0,0.6179783950617285,1.0,,1.0,0.6179783950617285,1.0,0.01395575,"wan_fetch_intensity,memory_spill_intensity,imbalance_intensity,capacity_intensity,timeout_utilization",4.186725,,300.0,0.01395575,561600.0,16584704.0,15.81640625,,16584704.0,,561600.0,16584704.0,15.81640625,1.0,1.0,116894.0,913.234375,,1.0,,2.8539351851851853,,2.8539351851851853,,2.03125,,32.5,,2.03125,,2.03125,
20260704T032156Z-clean-run-eu-us-gac-region-asymmetry--bb73180c9c8f--egion_tenant_tier_join__lookback_days-7__limit_k-50,pilot-region-local-skew-asymmetric-medium-v1,default,gac_fdw_multiregion_tenant_tier_join,asymmetry_mr_tenant_tier_join__dataset-pilot-region-local-skew-asymmetric-medium-v1__runtime-default__gac_fdw_multiregion_tenant_tier_join__lookback_days-7__limit_k-50,deployment_relative_pressure_proxy_v2,posthoc_audit_not_clustering_input,0.8855951880344785,high,0.8855951880344785,0.8447157587779544,0.8855951880344785,0.3420600929614874,0.5568298914528191,,0.8855951880344785,0.3420600929614874,0.5568298914528191,0.00914273,"wan_fetch_intensity,memory_spill_intensity,imbalance_intensity,capacity_intensity,timeout_utilization",2.742819,,300.0,0.00914273,401600.0,9625600.0,9.1796875,,9625600.0,,401600.0,9625600.0,9.1796875,1.0,1.0,3712.0,29.0,,1.0,,2.0261802788844623,,2.0261802788844623,,1.03125,,16.5,,1.03125,,1.03125,
20260704T032212Z-clean-run-eu-us-gac-region-asymmetry--f9583eed6783--eu_tenant_id-5__us_tenant_id-10100__lookback_days-7,pilot-region-local-skew-asymmetric-medium-v1,default,gac_fdw_multiregion_tenant_point_rollup,asymmetry_mr_tenant_point_control__dataset-pilot-region-local-skew-asymmetric-medium-v1__runtime-default__gac_fdw_multiregion_tenant_point_rollup__eu_tenant_id-5__us_tenant_id-10100__lookback_days-7,deployment_relative_pressure_proxy_v2,posthoc_audit_not_clustering_input,0.8571428571428572,high,0.8571428571428572,0.6486070463671534,0.0,0.8571428571428572,0.0,,0.6486070463671534,0.8571428571428572,0.0,0.00045458,"wan_fetch_intensity,memory_spill_intensity,imbalance_intensity,capacity_intensity,timeout_utilization",0.136374,,300.0,0.00045458,3500.0,83824.0,0.0799407958984375,,83824.0,,3750.0,89811.42857142858,0.0856508527483259,1.0714285714285714,1.0714285714285716,0.0,0.0,,1.8571428571428572,,1.7333333333333334,,1.0,,0.03125,,0.5,,0.03125,,0.03125,
20260704T032227Z-clean-run-eu-us-gac-region-asymmetry--6cf9c5dd045e--u_tenant_id-1__us_tenant_id-10001__lookback_days-30,pilot-region-local-skew-asymmetric-medium-v1,default,gac_fdw_multiregion_tenant_point_rollup,asymmetry_mr_tenant_point_control__dataset-pilot-region-local-skew-asymmetric-medium-v1__runtime-default__gac_fdw_multiregion_tenant_point_rollup__eu_tenant_id-1__us_tenant_id-10001__lookback_days-30,deployment_relative_pressure_proxy_v2,posthoc_audit_not_clustering_input,0.8571428571428572,high,0.8571428571428572,0.6486070463671534,0.0,0.8571428571428572,0.0,,0.6486070463671534,0.8571428571428572,0.0,0.00042159,"wan_fetch_intensity,memory_spill_intensity,imbalance_intensity,capacity_intensity,timeout_utilization",0.126477,,300.0,0.00042159,3500.0,83824.0,0.0799407958984375,,83824.0,,7000.0,167648.0,0.159881591796875,2.0,2.0,0.0,0.0,,1.8571428571428572,,1.8571428571428572,,1.0,,0.03125,,0.5,,0.03125,,0.03125,
20260704T032241Z-clean-run-eu-us-gac-region-asymmetry--245f7145952e--_fdw_multiregion_raw_region_rollup__lookback_days-7,pilot-region-local-skew-asymmetric-medium-v1,default,gac_fdw_multiregion_raw_region_rollup,asymmetry_mr_raw_region_rollup__dataset-pilot-region-local-skew-asymmetric-medium-v1__runtime-default__gac_fdw_multiregion_raw_region_rollup__lookback_days-7,deployment_relative_pressure_proxy_v2,posthoc_audit_not_clustering_input,1.0,critical,1.0,1.0,0.9685167534680252,0.3242133333333333,0.543457015946535,,1.0,0.3242133333333333,0.543457015946535,0.007335543333333333,"wan_fetch_intensity,memory_spill_intensity,imbalance_intensity,capacity_intensity,timeout_utilization",2.200663,,300.0,0.007335543333333333,400000.0,6400000.0,6.103515625,,6400000.0,,400000.0,6400000.0,6.103515625,1.0,1.0,2932.0,22.90625,,1.0,,1.97264,,1.97264,,1.0,,16.0,,1.0,,1.0,
20260704T032257Z-clean-run-eu-us-gac-region-asymmetry--d2a7b78b079b--eu_tenant_id-5__us_tenant_id-10800__lookback_days-7,pilot-region-local-skew-asymmetric-medium-v1,default,gac_fdw_multiregion_tenant_point_rollup,asymmetry_mr_tenant_point_control__dataset-pilot-region-local-skew-asymmetric-medium-v1__runtime-default__gac_fdw_multiregion_tenant_point_rollup__eu_tenant_id-5__us_tenant_id-10800__lookback_days-7,deployment_relative_pressure_proxy_v2,posthoc_audit_not_clustering_input,0.8571428571428572,high,0.8571428571428572,0.6486070463671534,0.0,0.8571428571428572,0.0,,0.6486070463671534,0.8571428571428572,0.0,0.0005326833333333333,"wan_fetch_intensity,memory_spill_intensity,imbalance_intensity,capacity_intensity,timeout_utilization",0.159805,,300.0,0.0005326833333333333,3500.0,83824.0,0.0799407958984375,,83824.0,,3750.0,89811.42857142858,0.0856508527483259,1.0714285714285714,1.0714285714285716,0.0,0.0,,1.8571428571428572,,1.7333333333333334,,1.0,,0.03125,,0.5,,0.03125,,0.03125,
20260704T032311Z-clean-run-eu-us-gac-region-asymmetry--65a4dcb6875b--nt_rollup__lookback_days-1__min_value-0__limit_k-50,pilot-region-local-skew-asymmetric-medium-v1,default,gac_fdw_multiregion_daily_tenant_rollup,asymmetry_mr_daily_tenant_rollup__dataset-pilot-region-local-skew-asymmetric-medium-v1__runtime-default__gac_fdw_multiregion_daily_tenant_rollup__lookback_days-1__min_value-0__limit_k-50,deployment_relative_pressure_proxy_v2,posthoc_audit_not_clustering_input,0.8868020655329737,high,0.8868020655329737,0.7806173193661903,0.8868020655329737,0.3242133333333333,0.543457015946535,,0.8868020655329737,0.3242133333333333,0.543457015946535,0.008113443333333333,"wan_fetch_intensity,memory_spill_intensity,imbalance_intensity,capacity_intensity,timeout_utilization",2.434033,,300.0,0.008113443333333333,400000.0,9601024.0,9.15625,,9601024.0,,400000.0,9601024.0,9.15625,1.0,1.0,3712.0,29.0,,1.0,,1.97264,,1.97264,,1.0,,16.0,,1.0,,1.0,
20260704T032327Z-clean-run-eu-us-gac-region-asymmetry--2c982ad8e928--tenant_id-800__us_tenant_id-10001__lookback_days-30,pilot-region-local-skew-asymmetric-medium-v1,default,gac_fdw_multiregion_tenant_point_rollup,asymmetry_mr_tenant_point_control__dataset-pilot-region-local-skew-asymmetric-medium-v1__runtime-default__gac_fdw_multiregion_tenant_point_rollup__eu_tenant_id-800__us_tenant_id-10001__lookback_days-30,deployment_relative_pressure_proxy_v2,posthoc_audit_not_clustering_input,0.4619883040935673,low,0.4619883040935673,0.4465988341695517,0.0,0.4619883040935673,0.0,,0.4465988341695517,0.4619883040935673,0.0,0.00034196,"wan_fetch_intensity,memory_spill_intensity,imbalance_intensity,capacity_intensity,timeout_utilization",0.102588,,300.0,0.00034196,342.0,8208.0,0.0078277587890625,,8208.0,,684.0,16416.0,0.015655517578125,2.0,2.0,0.0,0.0,,1.4619883040935673,,1.4619883040935673,,1.0,,0.03125,,0.5,,0.03125,,0.03125,
20260704T032341Z-clean-run-eu-us-gac-region-asymmetry--34547d34d521--u_tenant_id-5__us_tenant_id-10020__lookback_days-30,pilot-region-local-skew-asymmetric-medium-v1,default,gac_fdw_multiregion_tenant_point_rollup,asymmetry_mr_tenant_point_control__dataset-pilot-region-local-skew-asymmetric-medium-v1__runtime-default__gac_fdw_multiregion_tenant_point_rollup__eu_tenant_id-5__us_tenant_id-10020__lookback_days-30,deployment_relative_pressure_proxy_v2,posthoc_audit_not_clustering_input,0.8571428571428572,high,0.8571428571428572,0.6486070463671534,0.0,0.8571428571428572,0.0,,0.6486070463671534,0.8571428571428572,0.0,0.00044342333333333335,"wan_fetch_intensity,memory_spill_intensity,imbalance_intensity,capacity_intensity,timeout_utilization",0.133027,,300.0,0.00044342333333333335,3500.0,83824.0,0.0799407958984375,,83824.0,,3750.0,89811.42857142858,0.0856508527483259,1.0714285714285714,1.0714285714285716,0.0,0.0,,1.8571428571428572,,1.7333333333333334,,1.0,,0.03125,,0.5,,0.03125,,0.03125,
20260704T032355Z-clean-run-eu-us-gac-region-asymmetry--9073732550cf--u_tenant_id-1__us_tenant_id-10020__lookback_days-30,pilot-region-local-skew-asymmetric-medium-v1,default,gac_fdw_multiregion_tenant_point_rollup,asymmetry_mr_tenant_point_control__dataset-pilot-region-local-skew-asymmetric-medium-v1__runtime-default__gac_fdw_multiregion_tenant_point_rollup__eu_tenant_id-1__us_tenant_id-10020__lookback_days-30,deployment_relative_pressure_proxy_v2,posthoc_audit_not_clustering_input,0.8571428571428572,high,0.8571428571428572,0.6486070463671534,0.0,0.8571428571428572,0.0,,0.6486070463671534,0.8571428571428572,0.0,0.0004657833333333333,"wan_fetch_intensity,memory_spill_intensity,imbalance_intensity,capacity_intensity,timeout_utilization",0.139735,,300.0,0.0004657833333333333,3500.0,83824.0,0.0799407958984375,,83824.0,,7000.0,167648.0,0.159881591796875,2.0,2.0,0.0,0.0,,1.8571428571428572,,1.8571428571428572,,1.0,,0.03125,,0.5,,0.03125,,0.03125,
20260704T032409Z-clean-run-eu-us-gac-region-asymmetry--0855986bb2b0--vent_filter_summary__lookback_days-7__min_value-500,pilot-region-local-skew-asymmetric-medium-v1,default,gac_fdw_multiregion_event_filter_summary,asymmetry_mr_event_filter_summary__dataset-pilot-region-local-skew-asymmetric-medium-v1__runtime-default__gac_fdw_multiregion_event_filter_summary__lookback_days-7__min_value-500,deployment_relative_pressure_proxy_v2,posthoc_audit_not_clustering_input,1.0,critical,1.0,1.0,0.968789870729482,0.32691212833060357,0.543457015946535,,1.0,0.32691212833060357,0.543457015946535,0.0038058566666666666,"wan_fetch_intensity,memory_spill_intensity,imbalance_intensity,capacity_intensity,timeout_utilization",1.141757,,300.0,0.0038058566666666666,199651.0,3193856.0,3.0458984375,,3193856.0,,199651.0,3193856.0,3.0458984375,1.0,1.0,1464.0,11.4375,,1.0016879454648362,,1.9807363849918107,,1.977398643918635,,1.0,,16.0,,1.0,,1.0,
20260704T032424Z-clean-run-eu-us-gac-region-asymmetry--68a20690cf21--ulti_dimension_rollup__lookback_days-7__limit_k-100,pilot-region-local-skew-asymmetric-medium-v1,default,gac_fdw_multiregion_multi_dimension_rollup,asymmetry_mr_multi_dimension_rollup__dataset-pilot-region-local-skew-asymmetric-medium-v1__runtime-default__gac_fdw_multiregion_multi_dimension_rollup__lookback_days-7__limit_k-100,deployment_relative_pressure_proxy_v2,posthoc_audit_not_clustering_input,1.0,critical,1.0,0.7534305187982746,0.8556879359242662,0.6179783950617285,1.0,,0.8556879359242662,0.6179783950617285,1.0,0.011517103333333334,"wan_fetch_intensity,memory_spill_intensity,imbalance_intensity,capacity_intensity,timeout_utilization",3.455131,,300.0,0.011517103333333334,561600.0,16584704.0,15.81640625,,16584704.0,,561600.0,16584704.0,15.81640625,1.0,1.0,6000.0,46.875,,1.0,,2.8539351851851853,,2.8539351851851853,,2.03125,,32.5,,2.03125,,2.03125,
20260704T032442Z-clean-run-eu-us-gac-region-asymmetry--bc954203c8d5--_tenant_id-800__us_tenant_id-10100__lookback_days-7,pilot-region-local-skew-asymmetric-medium-v1,default,gac_fdw_multiregion_tenant_point_rollup,asymmetry_mr_tenant_point_control__dataset-pilot-region-local-skew-asymmetric-medium-v1__runtime-default__gac_fdw_multiregion_tenant_point_rollup__eu_tenant_id-800__us_tenant_id-10100__lookback_days-7,deployment_relative_pressure_proxy_v2,posthoc_audit_not_clustering_input,0.4619883040935673,low,0.4619883040935673,0.4465988341695517,0.0,0.4619883040935673,0.0,,0.4465988341695517,0.4619883040935673,0.0,0.00035632000000000003,"wan_fetch_intensity,memory_spill_intensity,imbalance_intensity,capacity_intensity,timeout_utilization",0.106896,,300.0,0.00035632000000000003,342.0,8208.0,0.0078277587890625,,8208.0,,684.0,16416.0,0.015655517578125,2.0,2.0,0.0,0.0,,1.4619883040935673,,1.4619883040935673,,1.0,,0.03125,,0.5,,0.03125,,0.03125,
20260704T032456Z-clean-run-eu-us-gac-region-asymmetry--d091e40c6f3a--rollup__lookback_days-14__min_value-500__limit_k-50,pilot-region-local-skew-asymmetric-medium-v1,default,gac_fdw_multiregion_daily_tenant_rollup,asymmetry_mr_daily_tenant_rollup__dataset-pilot-region-local-skew-asymmetric-medium-v1__runtime-default__gac_fdw_multiregion_daily_tenant_rollup__lookback_days-14__min_value-500__limit_k-50,deployment_relative_pressure_proxy_v2,posthoc_audit_not_clustering_input,0.8870994897993764,high,0.8870994897993764,0.7202596714871339,0.8870994897993764,0.32691212833060357,0.543457015946535,,0.8870994897993764,0.32691212833060357,0.543457015946535,0.0055594699999999995,"wan_fetch_intensity,memory_spill_intensity,imbalance_intensity,capacity_intensity,timeout_utilization",1.667841,,300.0,0.0055594699999999995,199651.0,4792320.0,4.5703125,,4792320.0,,199651.0,4792320.0,4.5703125,1.0,1.0,1854.0,14.484375,,1.0016879454648362,,1.9807363849918107,,1.977398643918635,,1.0,,16.0,,1.0,,1.0,
20260704T032511Z-clean-run-eu-us-gac-region-asymmetry--a310b04e6a66--_tenant_id-800__us_tenant_id-10800__lookback_days-7,pilot-region-local-skew-asymmetric-medium-v1,default,gac_fdw_multiregion_tenant_point_rollup,asymmetry_mr_tenant_point_control__dataset-pilot-region-local-skew-asymmetric-medium-v1__runtime-default__gac_fdw_multiregion_tenant_point_rollup__eu_tenant_id-800__us_tenant_id-10800__lookback_days-7,deployment_relative_pressure_proxy_v2,posthoc_audit_not_clustering_input,0.4619883040935673,low,0.4619883040935673,0.4465988341695517,0.0,0.4619883040935673,0.0,,0.4465988341695517,0.4619883040935673,0.0,0.0003595966666666667,"wan_fetch_intensity,memory_spill_intensity,imbalance_intensity,capacity_intensity,timeout_utilization",0.107879,,300.0,0.0003595966666666667,342.0,8208.0,0.0078277587890625,,8208.0,,684.0,16416.0,0.015655517578125,2.0,2.0,0.0,0.0,,1.4619883040935673,,1.4619883040935673,,1.0,,0.03125,,0.5,,0.03125,,0.03125,
20260704T032525Z-clean-run-eu-us-gac-region-asymmetry--f0c2832b7994--_fdw_multiregion_raw_region_rollup__lookback_days-1,pilot-region-local-skew-asymmetric-medium-v1,default,gac_fdw_multiregion_raw_region_rollup,asymmetry_mr_raw_region_rollup__dataset-pilot-region-local-skew-asymmetric-medium-v1__runtime-default__gac_fdw_multiregion_raw_region_rollup__lookback_days-1,deployment_relative_pressure_proxy_v2,posthoc_audit_not_clustering_input,1.0,critical,1.0,1.0,0.9685167534680252,0.3242133333333333,0.543457015946535,,1.0,0.3242133333333333,0.543457015946535,0.007345513333333333,"wan_fetch_intensity,memory_spill_intensity,imbalance_intensity,capacity_intensity,timeout_utilization",2.203654,,300.0,0.007345513333333333,400000.0,6400000.0,6.103515625,,6400000.0,,400000.0,6400000.0,6.103515625,1.0,1.0,2932.0,22.90625,,1.0,,1.97264,,1.97264,,1.0,,16.0,,1.0,,1.0,
20260704T032542Z-clean-run-eu-us-gac-region-asymmetry--a9a47b78f950--tenant_id-800__us_tenant_id-10020__lookback_days-30,pilot-region-local-skew-asymmetric-medium-v1,default,gac_fdw_multiregion_tenant_point_rollup,asymmetry_mr_tenant_point_control__dataset-pilot-region-local-skew-asymmetric-medium-v1__runtime-default__gac_fdw_multiregion_tenant_point_rollup__eu_tenant_id-800__us_tenant_id-10020__lookback_days-30,deployment_relative_pressure_proxy_v2,posthoc_audit_not_clustering_input,0.4619883040935673,low,0.4619883040935673,0.4465988341695517,0.0,0.4619883040935673,0.0,,0.4465988341695517,0.4619883040935673,0.0,0.00034209333333333334,"wan_fetch_intensity,memory_spill_intensity,imbalance_intensity,capacity_intensity,timeout_utilization",0.102628,,300.0,0.00034209333333333334,342.0,8208.0,0.0078277587890625,,8208.0,,684.0,16416.0,0.015655517578125,2.0,2.0,0.0,0.0,,1.4619883040935673,,1.4619883040935673,,1.0,,0.03125,,0.5,,0.03125,,0.03125,
20260704T032555Z-clean-run-eu-us-gac-region-asymmetry--ac85b9e13922--tenant_id-100__us_tenant_id-10800__lookback_days-30,pilot-region-local-skew-asymmetric-medium-v1,default,gac_fdw_multiregion_tenant_point_rollup,asymmetry_mr_tenant_point_control__dataset-pilot-region-local-skew-asymmetric-medium-v1__runtime-default__gac_fdw_multiregion_tenant_point_rollup__eu_tenant_id-100__us_tenant_id-10800__lookback_days-30,deployment_relative_pressure_proxy_v2,posthoc_audit_not_clustering_input,0.4577259475218658,low,0.4577259475218658,0.4468524367466035,0.0,0.4577259475218658,0.0,,0.4468524367466035,0.4577259475218658,0.0,0.00035138666666666667,"wan_fetch_intensity,memory_spill_intensity,imbalance_intensity,capacity_intensity,timeout_utilization",0.105416,,300.0,0.00035138666666666667,343.0,8232.0,0.00785064697265625,,8232.0,,686.0,16464.0,0.0157012939453125,2.0,2.0,0.0,0.0,,1.4577259475218658,,1.4577259475218658,,1.0,,0.03125,,0.5,,0.03125,,0.03125,
20260704T032609Z-clean-run-eu-us-gac-region-asymmetry--4b9a7d2dab70--ultiregion_top_tenants__lookback_days-7__limit_k-25,pilot-region-local-skew-asymmetric-medium-v1,default,gac_fdw_multiregion_top_tenants,asymmetry_mr_top_tenants__dataset-pilot-region-local-skew-asymmetric-medium-v1__runtime-default__gac_fdw_multiregion_top_tenants__lookback_days-7__limit_k-25,deployment_relative_pressure_proxy_v2,posthoc_audit_not_clustering_input,0.8868020655329737,high,0.8868020655329737,0.840823266205027,0.8868020655329737,0.3242133333333333,0.543457015946535,,0.8868020655329737,0.3242133333333333,0.543457015946535,0.0081218,"wan_fetch_intensity,memory_spill_intensity,imbalance_intensity,capacity_intensity,timeout_utilization",2.43654,,300.0,0.0081218,400000.0,9601024.0,9.15625,,9601024.0,,400000.0,9601024.0,9.15625,1.0,1.0,3712.0,29.0,,1.0,,1.97264,,1.97264,,1.0,,16.0,,1.0,,1.0,
20260704T032625Z-clean-run-eu-us-gac-region-asymmetry--def012c76f2e--vent_filter_summary__lookback_days-1__min_value-500,pilot-region-local-skew-asymmetric-medium-v1,default,gac_fdw_multiregion_event_filter_summary,asymmetry_mr_event_filter_summary__dataset-pilot-region-local-skew-asymmetric-medium-v1__runtime-default__gac_fdw_multiregion_event_filter_summary__lookback_days-1__min_value-500,deployment_relative_pressure_proxy_v2,posthoc_audit_not_clustering_input,1.0,critical,1.0,1.0,0.968789870729482,0.32691212833060357,0.543457015946535,,1.0,0.32691212833060357,0.543457015946535,0.00388691,"wan_fetch_intensity,memory_spill_intensity,imbalance_intensity,capacity_intensity,timeout_utilization",1.166073,,300.0,0.00388691,199651.0,3193856.0,3.0458984375,,3193856.0,,199651.0,3193856.0,3.0458984375,1.0,1.0,1464.0,11.4375,,1.0016879454648362,,1.9807363849918107,,1.977398643918635,,1.0,,16.0,,1.0,,1.0,
20260704T032641Z-clean-run-eu-us-gac-region-asymmetry--e6819ba9d1e4--_event_filter_summary__lookback_days-1__min_value-0,pilot-region-local-skew-asymmetric-medium-v1,default,gac_fdw_multiregion_event_filter_summary,asymmetry_mr_event_filter_summary__dataset-pilot-region-local-skew-asymmetric-medium-v1__runtime-default__gac_fdw_multiregion_event_filter_summary__lookback_days-1__min_value-0,deployment_relative_pressure_proxy_v2,posthoc_audit_not_clustering_input,1.0,critical,1.0,1.0,0.9685167534680252,0.3242133333333333,0.543457015946535,,1.0,0.3242133333333333,0.543457015946535,0.0070535699999999995,"wan_fetch_intensity,memory_spill_intensity,imbalance_intensity,capacity_intensity,timeout_utilization",2.116071,,300.0,0.0070535699999999995,400000.0,6400000.0,6.103515625,,6400000.0,,400000.0,6400000.0,6.103515625,1.0,1.0,2932.0,22.90625,,1.0,,1.97264,,1.97264,,1.0,,16.0,,1.0,,1.0,
20260704T032657Z-clean-run-eu-us-gac-region-asymmetry--c67deb14689b--__limit_k-100__payload_repeat-16__payload_width-512,pilot-region-local-skew-asymmetric-medium-v1,default,gac_fdw_multiregion_event_raw_wide_sample,asymmetry_mr_raw_wide_sample__dataset-pilot-region-local-skew-asymmetric-medium-v1__runtime-default__gac_fdw_multiregion_event_raw_wide_sample__lookback_days-1__min_value-500__limit_k-100__payload_repeat-16__payload_width-512,deployment_relative_pressure_proxy_v2,posthoc_audit_not_clustering_input,0.8132293272374067,high,0.8132293272374067,0.6600537246482971,0.8132293272374067,0.32691212833060357,0.543457015946535,,0.8132293272374067,0.32691212833060357,0.543457015946535,0.005245133333333333,"wan_fetch_intensity,memory_spill_intensity,imbalance_intensity,capacity_intensity,timeout_utilization",1.57354,,300.0,0.005245133333333333,199651.0,7986176.0,7.6162109375,,7986176.0,,199651.0,7986176.0,7.6162109375,1.0,1.0,2634.0,20.578125,,1.0016879454648362,,1.9807363849918107,,1.977398643918635,,1.0,,16.0,,1.0,,1.0,
20260704T032712Z-clean-run-eu-us-gac-region-asymmetry--e2e8f5795e3e--_rollup__lookback_days-7__min_value-500__limit_k-50,pilot-region-local-skew-asymmetric-medium-v1,default,gac_fdw_multiregion_daily_tenant_rollup,asymmetry_mr_daily_tenant_rollup__dataset-pilot-region-local-skew-asymmetric-medium-v1__runtime-default__gac_fdw_multiregion_daily_tenant_rollup__lookback_days-7__min_value-500__limit_k-50,deployment_relative_pressure_proxy_v2,posthoc_audit_not_clustering_input,0.8870994897993764,high,0.8870994897993764,0.7202596714871339,0.8870994897993764,0.32691212833060357,0.543457015946535,,0.8870994897993764,0.32691212833060357,0.543457015946535,0.004631296666666666,"wan_fetch_intensity,memory_spill_intensity,imbalance_intensity,capacity_intensity,timeout_utilization",1.389389,,300.0,0.004631296666666666,199651.0,4792320.0,4.5703125,,4792320.0,,199651.0,4792320.0,4.5703125,1.0,1.0,1854.0,14.484375,,1.0016879454648362,,1.9807363849918107,,1.977398643918635,,1.0,,16.0,,1.0,,1.0,
20260704T032727Z-clean-run-eu-us-gac-region-asymmetry--57036c927842--u_tenant_id-1__us_tenant_id-10800__lookback_days-30,pilot-region-local-skew-asymmetric-medium-v1,default,gac_fdw_multiregion_tenant_point_rollup,asymmetry_mr_tenant_point_control__dataset-pilot-region-local-skew-asymmetric-medium-v1__runtime-default__gac_fdw_multiregion_tenant_point_rollup__eu_tenant_id-1__us_tenant_id-10800__lookback_days-30,deployment_relative_pressure_proxy_v2,posthoc_audit_not_clustering_input,0.8571428571428572,high,0.8571428571428572,0.6486070463671534,0.0,0.8571428571428572,0.0,,0.6486070463671534,0.8571428571428572,0.0,0.00041336,"wan_fetch_intensity,memory_spill_intensity,imbalance_intensity,capacity_intensity,timeout_utilization",0.124008,,300.0,0.00041336,3500.0,83824.0,0.0799407958984375,,83824.0,,7000.0,167648.0,0.159881591796875,2.0,2.0,0.0,0.0,,1.8571428571428572,,1.8571428571428572,,1.0,,0.03125,,0.5,,0.03125,,0.03125,
20260704T032742Z-clean-run-eu-us-gac-region-asymmetry--6547a1a286e9--eu_tenant_id-5__us_tenant_id-10005__lookback_days-7,pilot-region-local-skew-asymmetric-medium-v1,default,gac_fdw_multiregion_tenant_point_rollup,asymmetry_mr_tenant_point_control__dataset-pilot-region-local-skew-asymmetric-medium-v1__runtime-default__gac_fdw_multiregion_tenant_point_rollup__eu_tenant_id-5__us_tenant_id-10005__lookback_days-7,deployment_relative_pressure_proxy_v2,posthoc_audit_not_clustering_input,0.8571428571428572,high,0.8571428571428572,0.6486070463671534,0.0,0.8571428571428572,0.0,,0.6486070463671534,0.8571428571428572,0.0,0.00041962,"wan_fetch_intensity,memory_spill_intensity,imbalance_intensity,capacity_intensity,timeout_utilization",0.125886,,300.0,0.00041962,3500.0,83824.0,0.0799407958984375,,83824.0,,3750.0,89811.42857142858,0.0856508527483259,1.0714285714285714,1.0714285714285716,0.0,0.0,,1.8571428571428572,,1.7333333333333334,,1.0,,0.03125,,0.5,,0.03125,,0.03125,
20260704T032756Z-clean-run-eu-us-gac-region-asymmetry--2af47e67705e--eu_tenant_id-1__us_tenant_id-10001__lookback_days-7,pilot-region-local-skew-asymmetric-medium-v1,default,gac_fdw_multiregion_tenant_point_rollup,asymmetry_mr_tenant_point_control__dataset-pilot-region-local-skew-asymmetric-medium-v1__runtime-default__gac_fdw_multiregion_tenant_point_rollup__eu_tenant_id-1__us_tenant_id-10001__lookback_days-7,deployment_relative_pressure_proxy_v2,posthoc_audit_not_clustering_input,0.8571428571428572,high,0.8571428571428572,0.6486070463671534,0.0,0.8571428571428572,0.0,,0.6486070463671534,0.8571428571428572,0.0,0.00040299666666666667,"wan_fetch_intensity,memory_spill_intensity,imbalance_intensity,capacity_intensity,timeout_utilization",0.120899,,300.0,0.00040299666666666667,3500.0,83824.0,0.0799407958984375,,83824.0,,7000.0,167648.0,0.159881591796875,2.0,2.0,0.0,0.0,,1.8571428571428572,,1.8571428571428572,,1.0,,0.03125,,0.5,,0.03125,,0.03125,
20260704T032809Z-clean-run-eu-us-gac-region-asymmetry--0262e8145fde--tenant_id-100__us_tenant_id-10005__lookback_days-30,pilot-region-local-skew-asymmetric-medium-v1,default,gac_fdw_multiregion_tenant_point_rollup,asymmetry_mr_tenant_point_control__dataset-pilot-region-local-skew-asymmetric-medium-v1__runtime-default__gac_fdw_multiregion_tenant_point_rollup__eu_tenant_id-100__us_tenant_id-10005__lookback_days-30,deployment_relative_pressure_proxy_v2,posthoc_audit_not_clustering_input,0.4577259475218658,low,0.4577259475218658,0.4468524367466035,0.0,0.4577259475218658,0.0,,0.4468524367466035,0.4577259475218658,0.0,0.00037823,"wan_fetch_intensity,memory_spill_intensity,imbalance_intensity,capacity_intensity,timeout_utilization",0.113469,,300.0,0.00037823,343.0,8232.0,0.00785064697265625,,8232.0,,686.0,16464.0,0.0157012939453125,2.0,2.0,0.0,0.0,,1.4577259475218658,,1.4577259475218658,,1.0,,0.03125,,0.5,,0.03125,,0.03125,
20260704T032823Z-clean-run-eu-us-gac-region-asymmetry--a08e7d21867d--nt_rollup__lookback_days-7__min_value-0__limit_k-50,pilot-region-local-skew-asymmetric-medium-v1,default,gac_fdw_multiregion_daily_tenant_rollup,asymmetry_mr_daily_tenant_rollup__dataset-pilot-region-local-skew-asymmetric-medium-v1__runtime-default__gac_fdw_multiregion_daily_tenant_rollup__lookback_days-7__min_value-0__limit_k-50,deployment_relative_pressure_proxy_v2,posthoc_audit_not_clustering_input,0.8868020655329737,high,0.8868020655329737,0.7806173193661903,0.8868020655329737,0.3242133333333333,0.543457015946535,,0.8868020655329737,0.3242133333333333,0.543457015946535,0.00797079,"wan_fetch_intensity,memory_spill_intensity,imbalance_intensity,capacity_intensity,timeout_utilization",2.391237,,300.0,0.00797079,400000.0,9601024.0,9.15625,,9601024.0,,400000.0,9601024.0,9.15625,1.0,1.0,3712.0,29.0,,1.0,,1.97264,,1.97264,,1.0,,16.0,,1.0,,1.0,
20260704T032840Z-clean-run-eu-us-gac-region-asymmetry--092edd5090d9--_tenant_id-100__us_tenant_id-10800__lookback_days-7,pilot-region-local-skew-asymmetric-medium-v1,default,gac_fdw_multiregion_tenant_point_rollup,asymmetry_mr_tenant_point_control__dataset-pilot-region-local-skew-asymmetric-medium-v1__runtime-default__gac_fdw_multiregion_tenant_point_rollup__eu_tenant_id-100__us_tenant_id-10800__lookback_days-7,deployment_relative_pressure_proxy_v2,posthoc_audit_not_clustering_input,0.4577259475218658,low,0.4577259475218658,0.4468524367466035,0.0,0.4577259475218658,0.0,,0.4468524367466035,0.4577259475218658,0.0,0.00034555333333333334,"wan_fetch_intensity,memory_spill_intensity,imbalance_intensity,capacity_intensity,timeout_utilization",0.103666,,300.0,0.00034555333333333334,343.0,8232.0,0.00785064697265625,,8232.0,,686.0,16464.0,0.0157012939453125,2.0,2.0,0.0,0.0,,1.4577259475218658,,1.4577259475218658,,1.0,,0.03125,,0.5,,0.03125,,0.03125,
20260704T032854Z-clean-run-eu-us-gac-region-asymmetry--e04d056fcda3--_tenant_id-20__us_tenant_id-10800__lookback_days-30,pilot-region-local-skew-asymmetric-medium-v1,default,gac_fdw_multiregion_tenant_point_rollup,asymmetry_mr_tenant_point_control__dataset-pilot-region-local-skew-asymmetric-medium-v1__runtime-default__gac_fdw_multiregion_tenant_point_rollup__eu_tenant_id-20__us_tenant_id-10800__lookback_days-30,deployment_relative_pressure_proxy_v2,posthoc_audit_not_clustering_input,0.8571428571428572,high,0.8571428571428572,0.6486070463671534,0.0,0.8571428571428572,0.0,,0.6486070463671534,0.8571428571428572,0.0,0.0004645166666666667,"wan_fetch_intensity,memory_spill_intensity,imbalance_intensity,capacity_intensity,timeout_utilization",0.139355,,300.0,0.0004645166666666667,3500.0,83824.0,0.0799407958984375,,83824.0,,3750.0,89811.42857142858,0.0856508527483259,1.0714285714285714,1.0714285714285716,0.0,0.0,,1.8571428571428572,,1.7333333333333334,,1.0,,0.03125,,0.5,,0.03125,,0.03125,
20260704T032908Z-clean-run-eu-us-gac-region-asymmetry--1f1a18528140--ion_user_segment_join__lookback_days-30__limit_k-25,pilot-region-local-skew-asymmetric-medium-v1,default,gac_fdw_multiregion_user_segment_join,asymmetry_mr_user_segment_join__dataset-pilot-region-local-skew-asymmetric-medium-v1__runtime-default__gac_fdw_multiregion_user_segment_join__lookback_days-30__limit_k-25,deployment_relative_pressure_proxy_v2,posthoc_audit_not_clustering_input,1.0,critical,1.0,0.9587882707246285,1.0,0.6060190476190477,1.0,,1.0,0.6060190476190477,1.0,0.014705656666666667,"wan_fetch_intensity,memory_spill_intensity,imbalance_intensity,capacity_intensity,timeout_utilization",4.411697,,300.0,0.014705656666666667,560000.0,17541120.0,16.728515625,,17541120.0,,560000.0,17541120.0,16.728515625,1.0,1.0,139242.0,1087.828125,,1.0,,2.818057142857143,,2.818057142857143,,2.0,,32.0,,2.0,,2.0,
20260704T032926Z-clean-run-eu-us-gac-region-asymmetry--dda4fe72bd9e--u_tenant_id-1__us_tenant_id-10005__lookback_days-30,pilot-region-local-skew-asymmetric-medium-v1,default,gac_fdw_multiregion_tenant_point_rollup,asymmetry_mr_tenant_point_control__dataset-pilot-region-local-skew-asymmetric-medium-v1__runtime-default__gac_fdw_multiregion_tenant_point_rollup__eu_tenant_id-1__us_tenant_id-10005__lookback_days-30,deployment_relative_pressure_proxy_v2,posthoc_audit_not_clustering_input,0.8571428571428572,high,0.8571428571428572,0.6486070463671534,0.0,0.8571428571428572,0.0,,0.6486070463671534,0.8571428571428572,0.0,0.00040481666666666665,"wan_fetch_intensity,memory_spill_intensity,imbalance_intensity,capacity_intensity,timeout_utilization",0.121445,,300.0,0.00040481666666666665,3500.0,83824.0,0.0799407958984375,,83824.0,,7000.0,167648.0,0.159881591796875,2.0,2.0,0.0,0.0,,1.8571428571428572,,1.8571428571428572,,1.0,,0.03125,,0.5,,0.03125,,0.03125,
20260704T032940Z-clean-run-eu-us-gac-region-asymmetry--55d8e7fd2805--u_tenant_id-5__us_tenant_id-10005__lookback_days-30,pilot-region-local-skew-asymmetric-medium-v1,default,gac_fdw_multiregion_tenant_point_rollup,asymmetry_mr_tenant_point_control__dataset-pilot-region-local-skew-asymmetric-medium-v1__runtime-default__gac_fdw_multiregion_tenant_point_rollup__eu_tenant_id-5__us_tenant_id-10005__lookback_days-30,deployment_relative_pressure_proxy_v2,posthoc_audit_not_clustering_input,0.8571428571428572,high,0.8571428571428572,0.6486070463671534,0.0,0.8571428571428572,0.0,,0.6486070463671534,0.8571428571428572,0.0,0.0004031933333333333,"wan_fetch_intensity,memory_spill_intensity,imbalance_intensity,capacity_intensity,timeout_utilization",0.120958,,300.0,0.0004031933333333333,3500.0,83824.0,0.0799407958984375,,83824.0,,3750.0,89811.42857142858,0.0856508527483259,1.0714285714285714,1.0714285714285716,0.0,0.0,,1.8571428571428572,,1.7333333333333334,,1.0,,0.03125,,0.5,,0.03125,,0.03125,
20260704T032954Z-clean-run-eu-us-gac-region-asymmetry--f532e0a8ea1d--__limit_k-250__payload_repeat-16__payload_width-512,pilot-region-local-skew-asymmetric-medium-v1,default,gac_fdw_multiregion_event_raw_wide_sample,asymmetry_mr_raw_wide_sample__dataset-pilot-region-local-skew-asymmetric-medium-v1__runtime-default__gac_fdw_multiregion_event_raw_wide_sample__lookback_days-1__min_value-500__limit_k-250__payload_repeat-16__payload_width-512,deployment_relative_pressure_proxy_v2,posthoc_audit_not_clustering_input,0.8132293272374067,high,0.8132293272374067,0.5804657920427438,0.8132293272374067,0.32691212833060357,0.543457015946535,,0.8132293272374067,0.32691212833060357,0.543457015946535,0.0068559933333333335,"wan_fetch_intensity,memory_spill_intensity,imbalance_intensity,capacity_intensity,timeout_utilization",2.056798,,300.0,0.0068559933333333335,199651.0,7986176.0,7.6162109375,,7986176.0,,199651.0,7986176.0,7.6162109375,1.0,1.0,2634.0,20.578125,,1.0016879454648362,,1.9807363849918107,,1.977398643918635,,1.0,,16.0,,1.0,,1.0,
20260704T033011Z-clean-run-eu-us-gac-region-asymmetry--1f2d29ab6b0a--_event_filter_summary__lookback_days-7__min_value-0,pilot-region-local-skew-asymmetric-medium-v1,default,gac_fdw_multiregion_event_filter_summary,asymmetry_mr_event_filter_summary__dataset-pilot-region-local-skew-asymmetric-medium-v1__runtime-default__gac_fdw_multiregion_event_filter_summary__lookback_days-7__min_value-0,deployment_relative_pressure_proxy_v2,posthoc_audit_not_clustering_input,1.0,critical,1.0,1.0,0.9685167534680252,0.3242133333333333,0.543457015946535,,1.0,0.3242133333333333,0.543457015946535,0.008353636666666667,"wan_fetch_intensity,memory_spill_intensity,imbalance_intensity,capacity_intensity,timeout_utilization",2.506091,,300.0,0.008353636666666667,400000.0,6400000.0,6.103515625,,6400000.0,,400000.0,6400000.0,6.103515625,1.0,1.0,2932.0,22.90625,,1.0,,1.97264,,1.97264,,1.0,,16.0,,1.0,,1.0,
20260704T033027Z-clean-run-eu-us-gac-region-asymmetry--c8e0fc41c0b8--tenant_id-100__us_tenant_id-10020__lookback_days-30,pilot-region-local-skew-asymmetric-medium-v1,default,gac_fdw_multiregion_tenant_point_rollup,asymmetry_mr_tenant_point_control__dataset-pilot-region-local-skew-asymmetric-medium-v1__runtime-default__gac_fdw_multiregion_tenant_point_rollup__eu_tenant_id-100__us_tenant_id-10020__lookback_days-30,deployment_relative_pressure_proxy_v2,posthoc_audit_not_clustering_input,0.4577259475218658,low,0.4577259475218658,0.4468524367466035,0.0,0.4577259475218658,0.0,,0.4468524367466035,0.4577259475218658,0.0,0.00036737,"wan_fetch_intensity,memory_spill_intensity,imbalance_intensity,capacity_intensity,timeout_utilization",0.110211,,300.0,0.00036737,343.0,8232.0,0.00785064697265625,,8232.0,,686.0,16464.0,0.0157012939453125,2.0,2.0,0.0,0.0,,1.4577259475218658,,1.4577259475218658,,1.0,,0.03125,,0.5,,0.03125,,0.03125,
20260704T033041Z-clean-run-eu-us-gac-region-asymmetry--b24e3582d974--__limit_k-100__payload_repeat-16__payload_width-512,pilot-region-local-skew-asymmetric-medium-v1,default,gac_fdw_multiregion_event_raw_wide_sample,asymmetry_mr_raw_wide_sample__dataset-pilot-region-local-skew-asymmetric-medium-v1__runtime-default__gac_fdw_multiregion_event_raw_wide_sample__lookback_days-7__min_value-500__limit_k-100__payload_repeat-16__payload_width-512,deployment_relative_pressure_proxy_v2,posthoc_audit_not_clustering_input,0.8132293272374067,high,0.8132293272374067,0.6600537246482971,0.8132293272374067,0.32691212833060357,0.543457015946535,,0.8132293272374067,0.32691212833060357,0.543457015946535,0.005454443333333334,"wan_fetch_intensity,memory_spill_intensity,imbalance_intensity,capacity_intensity,timeout_utilization",1.636333,,300.0,0.005454443333333334,199651.0,7986176.0,7.6162109375,,7986176.0,,199651.0,7986176.0,7.6162109375,1.0,1.0,2634.0,20.578125,,1.0016879454648362,,1.9807363849918107,,1.977398643918635,,1.0,,16.0,,1.0,,1.0,
20260704T033057Z-clean-run-eu-us-gac-region-asymmetry--3f8dfc1d42cd--fdw_multiregion_raw_region_rollup__lookback_days-30,pilot-region-local-skew-asymmetric-medium-v1,default,gac_fdw_multiregion_raw_region_rollup,asymmetry_mr_raw_region_rollup__dataset-pilot-region-local-skew-asymmetric-medium-v1__runtime-default__gac_fdw_multiregion_raw_region_rollup__lookback_days-30,deployment_relative_pressure_proxy_v2,posthoc_audit_not_clustering_input,1.0,critical,1.0,1.0,0.9685167534680252,0.3242133333333333,0.543457015946535,,1.0,0.3242133333333333,0.543457015946535,0.008945680000000001,"wan_fetch_intensity,memory_spill_intensity,imbalance_intensity,capacity_intensity,timeout_utilization",2.683704,,300.0,0.008945680000000001,400000.0,6400000.0,6.103515625,,6400000.0,,400000.0,6400000.0,6.103515625,1.0,1.0,2932.0,22.90625,,1.0,,1.97264,,1.97264,,1.0,,16.0,,1.0,,1.0,
20260704T033113Z-clean-run-eu-us-gac-region-asymmetry--c64cc03a9377--eu_tenant_id-5__us_tenant_id-10020__lookback_days-7,pilot-region-local-skew-asymmetric-medium-v1,default,gac_fdw_multiregion_tenant_point_rollup,asymmetry_mr_tenant_point_control__dataset-pilot-region-local-skew-asymmetric-medium-v1__runtime-default__gac_fdw_multiregion_tenant_point_rollup__eu_tenant_id-5__us_tenant_id-10020__lookback_days-7,deployment_relative_pressure_proxy_v2,posthoc_audit_not_clustering_input,0.8571428571428572,high,0.8571428571428572,0.6486070463671534,0.0,0.8571428571428572,0.0,,0.6486070463671534,0.8571428571428572,0.0,0.0004248466666666667,"wan_fetch_intensity,memory_spill_intensity,imbalance_intensity,capacity_intensity,timeout_utilization",0.127454,,300.0,0.0004248466666666667,3500.0,83824.0,0.0799407958984375,,83824.0,,3750.0,89811.42857142858,0.0856508527483259,1.0714285714285714,1.0714285714285716,0.0,0.0,,1.8571428571428572,,1.7333333333333334,,1.0,,0.03125,,0.5,,0.03125,,0.03125,
20260704T033127Z-clean-run-eu-us-gac-region-asymmetry--9a8d294fc039--u_tenant_id-5__us_tenant_id-10001__lookback_days-30,pilot-region-local-skew-asymmetric-medium-v1,default,gac_fdw_multiregion_tenant_point_rollup,asymmetry_mr_tenant_point_control__dataset-pilot-region-local-skew-asymmetric-medium-v1__runtime-default__gac_fdw_multiregion_tenant_point_rollup__eu_tenant_id-5__us_tenant_id-10001__lookback_days-30,deployment_relative_pressure_proxy_v2,posthoc_audit_not_clustering_input,0.8571428571428572,high,0.8571428571428572,0.6486070463671534,0.0,0.8571428571428572,0.0,,0.6486070463671534,0.8571428571428572,0.0,0.00044898000000000003,"wan_fetch_intensity,memory_spill_intensity,imbalance_intensity,capacity_intensity,timeout_utilization",0.134694,,300.0,0.00044898000000000003,3500.0,83824.0,0.0799407958984375,,83824.0,,3750.0,89811.42857142858,0.0856508527483259,1.0714285714285714,1.0714285714285716,0.0,0.0,,1.8571428571428572,,1.7333333333333334,,1.0,,0.03125,,0.5,,0.03125,,0.03125,
20260704T033142Z-clean-run-eu-us-gac-region-asymmetry--9ea3a1b123c1--t__gac_etl_top_tenants__lookback_days-7__limit_k-25,pilot-region-local-skew-asymmetric-medium-v1,default,gac_etl_top_tenants,asymmetry_etl_top_tenants_control__dataset-pilot-region-local-skew-asymmetric-medium-v1__runtime-default__gac_etl_top_tenants__lookback_days-7__limit_k-25,deployment_relative_pressure_proxy_v2,posthoc_audit_not_clustering_input,0.00014793333333333334,low,0.00014793333333333334,,0.0,,,,0.0,,,0.00014793333333333334,"memory_spill_intensity,timeout_utilization",0.04438,,300.0,0.00014793333333333334,,,,,,,,,,,,0.0,0.0,,,,,,,,,,,,,,,
20260704T033156Z-clean-run-eu-us-gac-region-asymmetry--f562449d26d3--_tenant_id-100__us_tenant_id-10001__lookback_days-7,pilot-region-local-skew-asymmetric-medium-v1,default,gac_fdw_multiregion_tenant_point_rollup,asymmetry_mr_tenant_point_control__dataset-pilot-region-local-skew-asymmetric-medium-v1__runtime-default__gac_fdw_multiregion_tenant_point_rollup__eu_tenant_id-100__us_tenant_id-10001__lookback_days-7,deployment_relative_pressure_proxy_v2,posthoc_audit_not_clustering_input,0.4577259475218658,low,0.4577259475218658,0.4468524367466035,0.0,0.4577259475218658,0.0,,0.4468524367466035,0.4577259475218658,0.0,0.00038889999999999997,"wan_fetch_intensity,memory_spill_intensity,imbalance_intensity,capacity_intensity,timeout_utilization",0.11667,,300.0,0.00038889999999999997,343.0,8232.0,0.00785064697265625,,8232.0,,686.0,16464.0,0.0157012939453125,2.0,2.0,0.0,0.0,,1.4577259475218658,,1.4577259475218658,,1.0,,0.03125,,0.5,,0.03125,,0.03125,
20260704T033210Z-clean-run-eu-us-gac-region-asymmetry--b53a4226589f--tenant_id-100__us_tenant_id-10100__lookback_days-30,pilot-region-local-skew-asymmetric-medium-v1,default,gac_fdw_multiregion_tenant_point_rollup,asymmetry_mr_tenant_point_control__dataset-pilot-region-local-skew-asymmetric-medium-v1__runtime-default__gac_fdw_multiregion_tenant_point_rollup__eu_tenant_id-100__us_tenant_id-10100__lookback_days-30,deployment_relative_pressure_proxy_v2,posthoc_audit_not_clustering_input,0.4577259475218658,low,0.4577259475218658,0.4468524367466035,0.0,0.4577259475218658,0.0,,0.4468524367466035,0.4577259475218658,0.0,0.00039467333333333333,"wan_fetch_intensity,memory_spill_intensity,imbalance_intensity,capacity_intensity,timeout_utilization",0.118402,,300.0,0.00039467333333333333,343.0,8232.0,0.00785064697265625,,8232.0,,686.0,16464.0,0.0157012939453125,2.0,2.0,0.0,0.0,,1.4577259475218658,,1.4577259475218658,,1.0,,0.03125,,0.5,,0.03125,,0.03125,
20260704T033223Z-clean-run-eu-us-gac-region-asymmetry--9d067e2eba26--eu_tenant_id-1__us_tenant_id-10020__lookback_days-7,pilot-region-local-skew-asymmetric-medium-v1,default,gac_fdw_multiregion_tenant_point_rollup,asymmetry_mr_tenant_point_control__dataset-pilot-region-local-skew-asymmetric-medium-v1__runtime-default__gac_fdw_multiregion_tenant_point_rollup__eu_tenant_id-1__us_tenant_id-10020__lookback_days-7,deployment_relative_pressure_proxy_v2,posthoc_audit_not_clustering_input,0.8571428571428572,high,0.8571428571428572,0.6486070463671534,0.0,0.8571428571428572,0.0,,0.6486070463671534,0.8571428571428572,0.0,0.0004270866666666666,"wan_fetch_intensity,memory_spill_intensity,imbalance_intensity,capacity_intensity,timeout_utilization",0.128126,,300.0,0.0004270866666666666,3500.0,83824.0,0.0799407958984375,,83824.0,,7000.0,167648.0,0.159881591796875,2.0,2.0,0.0,0.0,,1.8571428571428572,,1.8571428571428572,,1.0,,0.03125,,0.5,,0.03125,,0.03125,
20260704T033237Z-clean-run-eu-us-gac-region-asymmetry--81948fe9da24--event_filter_summary__lookback_days-30__min_value-0,pilot-region-local-skew-asymmetric-medium-v1,default,gac_fdw_multiregion_event_filter_summary,asymmetry_mr_event_filter_summary__dataset-pilot-region-local-skew-asymmetric-medium-v1__runtime-default__gac_fdw_multiregion_event_filter_summary__lookback_days-30__min_value-0,deployment_relative_pressure_proxy_v2,posthoc_audit_not_clustering_input,1.0,critical,1.0,1.0,0.9685167534680252,0.3242133333333333,0.543457015946535,,1.0,0.3242133333333333,0.543457015946535,0.00757367,"wan_fetch_intensity,memory_spill_intensity,imbalance_intensity,capacity_intensity,timeout_utilization",2.272101,,300.0,0.00757367,400000.0,6400000.0,6.103515625,,6400000.0,,400000.0,6400000.0,6.103515625,1.0,1.0,2932.0,22.90625,,1.0,,1.97264,,1.97264,,1.0,,16.0,,1.0,,1.0,
20260704T033254Z-clean-run-eu-us-gac-region-asymmetry--46ff78e72657--tenant_id-800__us_tenant_id-10100__lookback_days-30,pilot-region-local-skew-asymmetric-medium-v1,default,gac_fdw_multiregion_tenant_point_rollup,asymmetry_mr_tenant_point_control__dataset-pilot-region-local-skew-asymmetric-medium-v1__runtime-default__gac_fdw_multiregion_tenant_point_rollup__eu_tenant_id-800__us_tenant_id-10100__lookback_days-30,deployment_relative_pressure_proxy_v2,posthoc_audit_not_clustering_input,0.4619883040935673,low,0.4619883040935673,0.4465988341695517,0.0,0.4619883040935673,0.0,,0.4465988341695517,0.4619883040935673,0.0,0.0004295933333333333,"wan_fetch_intensity,memory_spill_intensity,imbalance_intensity,capacity_intensity,timeout_utilization",0.128878,,300.0,0.0004295933333333333,342.0,8208.0,0.0078277587890625,,8208.0,,684.0,16416.0,0.015655517578125,2.0,2.0,0.0,0.0,,1.4619883040935673,,1.4619883040935673,,1.0,,0.03125,,0.5,,0.03125,,0.03125,
20260704T033308Z-clean-run-eu-us-gac-region-asymmetry--aab06bd89788--gion_user_segment_join__lookback_days-7__limit_k-25,pilot-region-local-skew-asymmetric-medium-v1,default,gac_fdw_multiregion_user_segment_join,asymmetry_mr_user_segment_join__dataset-pilot-region-local-skew-asymmetric-medium-v1__runtime-default__gac_fdw_multiregion_user_segment_join__lookback_days-7__limit_k-25,deployment_relative_pressure_proxy_v2,posthoc_audit_not_clustering_input,1.0,critical,1.0,0.9587882707246285,1.0,0.6060190476190477,1.0,,1.0,0.6060190476190477,1.0,0.01259697,"wan_fetch_intensity,memory_spill_intensity,imbalance_intensity,capacity_intensity,timeout_utilization",3.779091,,300.0,0.01259697,560000.0,17541120.0,16.728515625,,17541120.0,,560000.0,17541120.0,16.728515625,1.0,1.0,47902.0,374.234375,,1.0,,2.818057142857143,,2.818057142857143,,2.0,,32.0,,2.0,,2.0,
20260704T033326Z-clean-run-eu-us-gac-region-asymmetry--e8cc900c2d07--eu_tenant_id-5__us_tenant_id-10001__lookback_days-7,pilot-region-local-skew-asymmetric-medium-v1,default,gac_fdw_multiregion_tenant_point_rollup,asymmetry_mr_tenant_point_control__dataset-pilot-region-local-skew-asymmetric-medium-v1__runtime-default__gac_fdw_multiregion_tenant_point_rollup__eu_tenant_id-5__us_tenant_id-10001__lookback_days-7,deployment_relative_pressure_proxy_v2,posthoc_audit_not_clustering_input,0.8571428571428572,high,0.8571428571428572,0.6486070463671534,0.0,0.8571428571428572,0.0,,0.6486070463671534,0.8571428571428572,0.0,0.00040209333333333333,"wan_fetch_intensity,memory_spill_intensity,imbalance_intensity,capacity_intensity,timeout_utilization",0.120628,,300.0,0.00040209333333333333,3500.0,83824.0,0.0799407958984375,,83824.0,,3750.0,89811.42857142858,0.0856508527483259,1.0714285714285714,1.0714285714285716,0.0,0.0,,1.8571428571428572,,1.7333333333333334,,1.0,,0.03125,,0.5,,0.03125,,0.03125,
20260704T033340Z-clean-run-eu-us-gac-region-asymmetry--efdd2c2b6960--u_tenant_id-20__us_tenant_id-10800__lookback_days-7,pilot-region-local-skew-asymmetric-medium-v1,default,gac_fdw_multiregion_tenant_point_rollup,asymmetry_mr_tenant_point_control__dataset-pilot-region-local-skew-asymmetric-medium-v1__runtime-default__gac_fdw_multiregion_tenant_point_rollup__eu_tenant_id-20__us_tenant_id-10800__lookback_days-7,deployment_relative_pressure_proxy_v2,posthoc_audit_not_clustering_input,0.8571428571428572,high,0.8571428571428572,0.6486070463671534,0.0,0.8571428571428572,0.0,,0.6486070463671534,0.8571428571428572,0.0,0.00041467666666666664,"wan_fetch_intensity,memory_spill_intensity,imbalance_intensity,capacity_intensity,timeout_utilization",0.124403,,300.0,0.00041467666666666664,3500.0,83824.0,0.0799407958984375,,83824.0,,3750.0,89811.42857142858,0.0856508527483259,1.0714285714285714,1.0714285714285716,0.0,0.0,,1.8571428571428572,,1.7333333333333334,,1.0,,0.03125,,0.5,,0.03125,,0.03125,
20260704T033354Z-clean-run-eu-us-gac-region-asymmetry--b43fd34cf495--_tenant_id-800__us_tenant_id-10020__lookback_days-7,pilot-region-local-skew-asymmetric-medium-v1,default,gac_fdw_multiregion_tenant_point_rollup,asymmetry_mr_tenant_point_control__dataset-pilot-region-local-skew-asymmetric-medium-v1__runtime-default__gac_fdw_multiregion_tenant_point_rollup__eu_tenant_id-800__us_tenant_id-10020__lookback_days-7,deployment_relative_pressure_proxy_v2,posthoc_audit_not_clustering_input,0.4619883040935673,low,0.4619883040935673,0.4465988341695517,0.0,0.4619883040935673,0.0,,0.4465988341695517,0.4619883040935673,0.0,0.00041035,"wan_fetch_intensity,memory_spill_intensity,imbalance_intensity,capacity_intensity,timeout_utilization",0.123105,,300.0,0.00041035,342.0,8208.0,0.0078277587890625,,8208.0,,684.0,16416.0,0.015655517578125,2.0,2.0,0.0,0.0,,1.4619883040935673,,1.4619883040935673,,1.0,,0.03125,,0.5,,0.03125,,0.03125,
20260704T033408Z-clean-run-eu-us-gac-region-asymmetry--39526b3c49c1--egion_global_user_join__lookback_days-7__limit_k-25,pilot-region-local-skew-asymmetric-medium-v1,default,gac_fdw_multiregion_global_user_join,asymmetry_mr_global_user_join__dataset-pilot-region-local-skew-asymmetric-medium-v1__runtime-default__gac_fdw_multiregion_global_user_join__lookback_days-7__limit_k-25,deployment_relative_pressure_proxy_v2,posthoc_audit_not_clustering_input,1.0,critical,1.0,0.8985823238857917,1.0,0.6060190476190477,1.0,,1.0,0.6060190476190477,1.0,0.013877790000000001,"wan_fetch_intensity,memory_spill_intensity,imbalance_intensity,capacity_intensity,timeout_utilization",4.163337,,300.0,0.013877790000000001,560000.0,17860608.0,17.033203125,,17860608.0,,560000.0,17860608.0,17.033203125,1.0,1.0,49653.0,387.9140625,,1.0,,2.818057142857143,,2.818057142857143,,2.0,,32.0,,2.0,,2.0,
20260704T033426Z-clean-run-eu-us-gac-region-asymmetry--d62d441231a8--_tenant_id-20__us_tenant_id-10100__lookback_days-30,pilot-region-local-skew-asymmetric-medium-v1,default,gac_fdw_multiregion_tenant_point_rollup,asymmetry_mr_tenant_point_control__dataset-pilot-region-local-skew-asymmetric-medium-v1__runtime-default__gac_fdw_multiregion_tenant_point_rollup__eu_tenant_id-20__us_tenant_id-10100__lookback_days-30,deployment_relative_pressure_proxy_v2,posthoc_audit_not_clustering_input,0.8571428571428572,high,0.8571428571428572,0.6486070463671534,0.0,0.8571428571428572,0.0,,0.6486070463671534,0.8571428571428572,0.0,0.00043257333333333333,"wan_fetch_intensity,memory_spill_intensity,imbalance_intensity,capacity_intensity,timeout_utilization",0.129772,,300.0,0.00043257333333333333,3500.0,83824.0,0.0799407958984375,,83824.0,,3750.0,89811.42857142858,0.0856508527483259,1.0714285714285714,1.0714285714285716,0.0,0.0,,1.8571428571428572,,1.7333333333333334,,1.0,,0.03125,,0.5,,0.03125,,0.03125,
20260704T033440Z-clean-run-eu-us-gac-region-asymmetry--418d247523be--vent_filter_summary__lookback_days-1__min_value-900,pilot-region-local-skew-asymmetric-medium-v1,default,gac_fdw_multiregion_event_filter_summary,asymmetry_mr_event_filter_summary__dataset-pilot-region-local-skew-asymmetric-medium-v1__runtime-default__gac_fdw_multiregion_event_filter_summary__lookback_days-1__min_value-900,deployment_relative_pressure_proxy_v2,posthoc_audit_not_clustering_input,0.9202960345596634,high,0.9202960345596634,0.9202960345596634,0.0,0.3448986573877053,0.543457015946535,,0.9202960345596634,0.3448986573877053,0.543457015946535,0.0014096166666666668,"wan_fetch_intensity,memory_spill_intensity,imbalance_intensity,capacity_intensity,timeout_utilization",0.422885,,300.0,0.0014096166666666668,39947.0,638976.0,0.609375,,638976.0,,39947.0,638976.0,0.609375,1.0,1.0,0.0,0.0,,1.0147946028487747,,2.034695972163116,,2.005032315358429,,1.0,,16.0,,1.0,,1.0,
20260704T033454Z-clean-run-eu-us-gac-region-asymmetry--561c4ac82de3--__gac_etl_top_tenants__lookback_days-30__limit_k-25,pilot-region-local-skew-asymmetric-medium-v1,default,gac_etl_top_tenants,asymmetry_etl_top_tenants_control__dataset-pilot-region-local-skew-asymmetric-medium-v1__runtime-default__gac_etl_top_tenants__lookback_days-30__limit_k-25,deployment_relative_pressure_proxy_v2,posthoc_audit_not_clustering_input,0.00022898666666666665,low,0.00022898666666666665,,0.0,,,,0.0,,,0.00022898666666666665,"memory_spill_intensity,timeout_utilization",0.068696,,300.0,0.00022898666666666665,,,,,,,,,,,,0.0,0.0,,,,,,,,,,,,,,,
20260704T033508Z-clean-run-eu-us-gac-region-asymmetry--dd0059a16e0d--c_fdw_multiregion_event_full_scan_summary__case-001,pilot-region-local-skew-asymmetric-medium-v1,default,gac_fdw_multiregion_event_full_scan_summary,asymmetry_mr_event_full_scan_summary__dataset-pilot-region-local-skew-asymmetric-medium-v1__runtime-default__gac_fdw_multiregion_event_full_scan_summary__case-001,deployment_relative_pressure_proxy_v2,posthoc_audit_not_clustering_input,0.543457015946535,medium,0.543457015946535,0.060205946838836726,0.0,0.3242133333333333,0.543457015946535,,0.060205946838836726,0.3242133333333333,0.543457015946535,0.0009840033333333334,"wan_fetch_intensity,memory_spill_intensity,imbalance_intensity,capacity_intensity,timeout_utilization",0.295201,,300.0,0.0009840033333333334,2.0,2560.0,0.00244140625,,2560.0,,400000.0,512000000.0,488.28125,200000.0,200000.0,0.0,0.0,,1.0,,1.97264,,1.97264,,1.0,,16.0,,1.0,,1.0,
20260704T033523Z-clean-run-eu-us-gac-region-asymmetry--dead5bee65c2--ulti_dimension_rollup__lookback_days-30__limit_k-50,pilot-region-local-skew-asymmetric-medium-v1,default,gac_fdw_multiregion_multi_dimension_rollup,asymmetry_mr_multi_dimension_rollup__dataset-pilot-region-local-skew-asymmetric-medium-v1__runtime-default__gac_fdw_multiregion_multi_dimension_rollup__lookback_days-30__limit_k-50,deployment_relative_pressure_proxy_v2,posthoc_audit_not_clustering_input,1.0,critical,1.0,0.8100907153248091,1.0,0.6179783950617285,1.0,,1.0,0.6179783950617285,1.0,0.013848696666666665,"wan_fetch_intensity,memory_spill_intensity,imbalance_intensity,capacity_intensity,timeout_utilization",4.154609,,300.0,0.013848696666666665,561600.0,16584704.0,15.81640625,,16584704.0,,561600.0,16584704.0,15.81640625,1.0,1.0,116860.0,912.96875,,1.0,,2.8539351851851853,,2.8539351851851853,,2.03125,,32.5,,2.03125,,2.03125,
20260704T033541Z-clean-run-eu-us-gac-region-asymmetry--fc00468f9816--rollup__lookback_days-30__min_value-500__limit_k-50,pilot-region-local-skew-asymmetric-medium-v1,default,gac_fdw_multiregion_daily_tenant_rollup,asymmetry_mr_daily_tenant_rollup__dataset-pilot-region-local-skew-asymmetric-medium-v1__runtime-default__gac_fdw_multiregion_daily_tenant_rollup__lookback_days-30__min_value-500__limit_k-50,deployment_relative_pressure_proxy_v2,posthoc_audit_not_clustering_input,0.8870994897993764,high,0.8870994897993764,0.7202596714871339,0.8870994897993764,0.32691212833060357,0.543457015946535,,0.8870994897993764,0.32691212833060357,0.543457015946535,0.005113083333333333,"wan_fetch_intensity,memory_spill_intensity,imbalance_intensity,capacity_intensity,timeout_utilization",1.533925,,300.0,0.005113083333333333,199651.0,4792320.0,4.5703125,,4792320.0,,199651.0,4792320.0,4.5703125,1.0,1.0,1854.0,14.484375,,1.0016879454648362,,1.9807363849918107,,1.977398643918635,,1.0,,16.0,,1.0,,1.0,
20260704T033556Z-clean-run-eu-us-gac-region-asymmetry--9fab3c6d786a--_rollup__lookback_days-1__min_value-500__limit_k-50,pilot-region-local-skew-asymmetric-medium-v1,default,gac_fdw_multiregion_daily_tenant_rollup,asymmetry_mr_daily_tenant_rollup__dataset-pilot-region-local-skew-asymmetric-medium-v1__runtime-default__gac_fdw_multiregion_daily_tenant_rollup__lookback_days-1__min_value-500__limit_k-50,deployment_relative_pressure_proxy_v2,posthoc_audit_not_clustering_input,0.8870994897993764,high,0.8870994897993764,0.7202596714871339,0.8870994897993764,0.32691212833060357,0.543457015946535,,0.8870994897993764,0.32691212833060357,0.543457015946535,0.004425603333333333,"wan_fetch_intensity,memory_spill_intensity,imbalance_intensity,capacity_intensity,timeout_utilization",1.327681,,300.0,0.004425603333333333,199651.0,4792320.0,4.5703125,,4792320.0,,199651.0,4792320.0,4.5703125,1.0,1.0,1854.0,14.484375,,1.0016879454648362,,1.9807363849918107,,1.977398643918635,,1.0,,16.0,,1.0,,1.0,
20260704T033612Z-clean-run-eu-us-gac-region-asymmetry--bb21839d8b65--gion_global_user_join__lookback_days-30__limit_k-25,pilot-region-local-skew-asymmetric-medium-v1,default,gac_fdw_multiregion_global_user_join,asymmetry_mr_global_user_join__dataset-pilot-region-local-skew-asymmetric-medium-v1__runtime-default__gac_fdw_multiregion_global_user_join__lookback_days-30__limit_k-25,deployment_relative_pressure_proxy_v2,posthoc_audit_not_clustering_input,1.0,critical,1.0,0.8985823238857917,1.0,0.6060190476190477,1.0,,1.0,0.6060190476190477,1.0,0.015621353333333332,"wan_fetch_intensity,memory_spill_intensity,imbalance_intensity,capacity_intensity,timeout_utilization",4.686406,,300.0,0.015621353333333332,560000.0,17860608.0,17.033203125,,17860608.0,,560000.0,17860608.0,17.033203125,1.0,1.0,143466.0,1120.828125,,1.0,,2.818057142857143,,2.818057142857143,,2.0,,32.0,,2.0,,2.0,
20260704T033630Z-clean-run-eu-us-gac-region-asymmetry--7ed84d8c81ca--vent_filter_summary__lookback_days-7__min_value-900,pilot-region-local-skew-asymmetric-medium-v1,default,gac_fdw_multiregion_event_filter_summary,asymmetry_mr_event_filter_summary__dataset-pilot-region-local-skew-asymmetric-medium-v1__runtime-default__gac_fdw_multiregion_event_filter_summary__lookback_days-7__min_value-900,deployment_relative_pressure_proxy_v2,posthoc_audit_not_clustering_input,0.9202960345596634,high,0.9202960345596634,0.9202960345596634,0.0,0.3448986573877053,0.543457015946535,,0.9202960345596634,0.3448986573877053,0.543457015946535,0.0013444733333333333,"wan_fetch_intensity,memory_spill_intensity,imbalance_intensity,capacity_intensity,timeout_utilization",0.403342,,300.0,0.0013444733333333333,39947.0,638976.0,0.609375,,638976.0,,39947.0,638976.0,0.609375,1.0,1.0,0.0,0.0,,1.0147946028487747,,2.034695972163116,,2.005032315358429,,1.0,,16.0,,1.0,,1.0,
20260704T033645Z-clean-run-eu-us-gac-region-asymmetry--1b73e6a90a34--_tenant_id-20__us_tenant_id-10020__lookback_days-30,pilot-region-local-skew-asymmetric-medium-v1,default,gac_fdw_multiregion_tenant_point_rollup,asymmetry_mr_tenant_point_control__dataset-pilot-region-local-skew-asymmetric-medium-v1__runtime-default__gac_fdw_multiregion_tenant_point_rollup__eu_tenant_id-20__us_tenant_id-10020__lookback_days-30,deployment_relative_pressure_proxy_v2,posthoc_audit_not_clustering_input,0.8571428571428572,high,0.8571428571428572,0.6486070463671534,0.0,0.8571428571428572,0.0,,0.6486070463671534,0.8571428571428572,0.0,0.00038481,"wan_fetch_intensity,memory_spill_intensity,imbalance_intensity,capacity_intensity,timeout_utilization",0.115443,,300.0,0.00038481,3500.0,83824.0,0.0799407958984375,,83824.0,,3750.0,89811.42857142858,0.0856508527483259,1.0714285714285714,1.0714285714285716,0.0,0.0,,1.8571428571428572,,1.7333333333333334,,1.0,,0.03125,,0.5,,0.03125,,0.03125,
20260704T033742Z-clean-run-eu-us-gac-region-asymmetry--f181cf629b85--fault__q10_top_tenants__lookback_days-7__limit_k-25,pilot-region-local-skew-asymmetric-medium-v1,default,q10_top_tenants,asymmetry_single_region_top_tenants_control__dataset-pilot-region-local-skew-asymmetric-medium-v1__runtime-default__q10_top_tenants__lookback_days-7__limit_k-25,deployment_relative_pressure_proxy_v2,posthoc_audit_not_clustering_input,0.6549048920388915,medium,0.6549048920388915,0.6549048920388915,0.0,,0.0,,0.6549048920388915,,0.0,0.00055141,"wan_fetch_intensity,memory_spill_intensity,capacity_intensity,timeout_utilization",0.165423,,300.0,0.00055141,47040.0,29600.0,0.028228759765625,,,,47040.0,29600.0,0.028228759765625,1.0,1.0,0.0,0.0,,,,,,,,1.0,,8.0,,0.5,,1.0,
20260704T033755Z-clean-run-eu-us-gac-region-asymmetry--2d518a52e3de--ault__q10_top_tenants__lookback_days-30__limit_k-25,pilot-region-local-skew-asymmetric-medium-v1,default,q10_top_tenants,asymmetry_single_region_top_tenants_control__dataset-pilot-region-local-skew-asymmetric-medium-v1__runtime-default__q10_top_tenants__lookback_days-30__limit_k-25,deployment_relative_pressure_proxy_v2,posthoc_audit_not_clustering_input,0.7787246046650154,medium,0.7787246046650154,0.7787246046650154,0.0,,0.0,,0.7787246046650154,,0.0,0.00063367,"wan_fetch_intensity,memory_spill_intensity,capacity_intensity,timeout_utilization",0.190101,,300.0,0.00063367,195689.0,29600.0,0.028228759765625,,,,195689.0,29599.999999999996,0.028228759765624997,1.0,0.9999999999999999,0.0,0.0,,,,,,,,1.0,,8.0,,0.5,,1.0,
