query_run_id,k,dominant_cluster,nearest_center,nearest_center_distance,frozen_p99_threshold,ood_above_frozen_p99,max_membership,top2_membership_margin,membership_c0,distance_c0,membership_c1,distance_c1,membership_c2,distance_c2,membership_c3,distance_c3,query_id,table_count_stratum,execution_status,comparison_status,plan_fingerprint,remote_plan_fingerprint
20260727T115549Z-stats-ceb-full-no-refit-v1__stats-ce--6ad9e47ac3c4--l_no_refit__stats_ceb_multiregion_count__query_id-1,3,2,2,0.5109862452566315,0.9794666794909843,False,0.7081966298282146,0.46719367814948165,0.05080041849305239,1.2850188782067284,0.24100295167873295,0.745169778095755,0.7081966298282146,0.5109862452566315,,,1,2,completed,passed,1b7f46eaa898c44ab92b5aaf27f6c326cfa87884e2c69ec59d17ff1ad961a892,8a03e9825460266c1c5ee6b8115fa4d46cc72fa4e44bea59b3694a1eb82ca698
20260727T115605Z-stats-ceb-full-no-refit-v1__stats-ce--efd1bcfe46ec--l_no_refit__stats_ceb_multiregion_count__query_id-2,3,2,2,0.6834807458795825,0.9794666794909843,False,0.528709190605357,0.2045446949912108,0.32416449561414623,0.8111184484839066,0.14712631378049673,1.0694501895143713,0.528709190605357,0.6834807458795825,,,2,2,completed,passed,a61e765b750266651be18049831f4d520db4ce84c984e9f99093f87fd948b4b1,53ef019da633214c1a4aefc987769626492e4f2acfd3604842e698cc16067cc5
20260727T115622Z-stats-ceb-full-no-refit-v1__stats-ce--bac3f3236be8--l_no_refit__stats_ceb_multiregion_count__query_id-3,3,0,0,0.7515661781623841,0.9794666794909843,False,0.46844416625284746,0.05545733261908797,0.46844416625284746,0.7515661781623841,0.11856900011339315,1.2156472302158983,0.4129868336337595,0.7854522676238795,,,3,2,completed,passed,64790af6df6f8a86d63bc52560bcdc24f162667988c855776f540685a0c84c52,ec06ae4326c16ee501174319925a70a441aaea975b2991d87836835405075474
20260727T115653Z-stats-ceb-full-no-refit-v1__stats-ce--191e461955c5--l_no_refit__stats_ceb_multiregion_count__query_id-4,3,0,0,0.751566185307196,0.9794666794909843,False,0.46844416205139494,0.055457326347664815,0.46844416205139494,0.751566185307196,0.11856900224487506,1.215647230307775,0.4129868357037301,0.7854522712472986,,,4,2,completed,passed,73ff659f068119a4d56c0093c084293660d444cef14141610aef50dfaf372bec,2b7ad0128b6e38cb5c9322eeea6a7031da4940d1e7db976c53a9c328230da0eb
20260727T115724Z-stats-ceb-full-no-refit-v1__stats-ce--359439826350--l_no_refit__stats_ceb_multiregion_count__query_id-5,3,0,0,0.7515661387088224,0.9794666794909843,False,0.4684441894532234,0.05545736724982253,0.4684441894532234,0.7515661387088224,0.11856898834337583,1.2156472297085648,0.4129868222034009,0.7854522476154117,,,5,2,completed,passed,57b85d27a5f8a070105f5fcd9bd17528ce2d4c7dfdf94a380911013b63125a00,2b7ad0128b6e38cb5c9322eeea6a7031da4940d1e7db976c53a9c328230da0eb
20260727T115756Z-stats-ceb-full-no-refit-v1__stats-ce--dd2302266d0c--l_no_refit__stats_ceb_multiregion_count__query_id-6,3,2,2,0.6819919395779819,0.9794666794909843,False,0.5287063613556117,0.2040378056543949,0.3246685557012168,0.8089100834981878,0.14662508294317142,1.0683939856102633,0.5287063613556117,0.6819919395779819,,,6,2,completed,passed,93b0cc62f1504adf379208285a7f2914ae8145a59621baeda34f85d7b89ac94c,53ef019da633214c1a4aefc987769626492e4f2acfd3604842e698cc16067cc5
20260727T115811Z-stats-ceb-full-no-refit-v1__stats-ce--1a7eeba369e7--l_no_refit__stats_ceb_multiregion_count__query_id-7,3,0,0,0.7515662038348068,0.9794666794909843,False,0.46844415115637517,0.05545731008489002,0.46844415115637517,0.7515662038348068,0.11856900777213973,1.215647230546028,0.41298684107148514,0.7854522806433909,,,7,3,completed,passed,3d328c39b00b8e4acb3138224a49b9b217c7d245fe80bad2c7fadd4defe66180,2b7ad0128b6e38cb5c9322eeea6a7031da4940d1e7db976c53a9c328230da0eb
20260727T115842Z-stats-ceb-full-no-refit-v1__stats-ce--f8f54b110303--l_no_refit__stats_ceb_multiregion_count__query_id-8,3,0,0,0.7515661000870839,0.9794666794909843,False,0.4684442121644632,0.0554574011504379,0.4684442121644632,0.7515661000870839,0.11856897682151159,1.215647229211943,0.4129868110140253,0.7854522280288059,,,8,3,completed,passed,8fd53776ecb8506af48a295c2d90bf1787bce1c3aa7ecbcc11646600c0e4d6ca,2b7ad0128b6e38cb5c9322eeea6a7031da4940d1e7db976c53a9c328230da0eb
20260727T115914Z-stats-ceb-full-no-refit-v1__stats-ce--12174756d103--l_no_refit__stats_ceb_multiregion_count__query_id-9,3,1,1,0.40346337529536513,0.9794666794909843,False,0.8777211028986095,0.7786726353773257,0.023230429580106807,1.4383311038712527,0.8777211028986095,0.40346337529536513,0.0990484675212838,0.8658291243118815,,,9,3,completed,passed,1c55e777bb92043d09ee71038733d480fed686ce4cb09af6be8d774f142f601a,8a03e9825460266c1c5ee6b8115fa4d46cc72fa4e44bea59b3694a1eb82ca698
20260727T115933Z-stats-ceb-full-no-refit-v1__stats-ce--d73e9910fa0f--_no_refit__stats_ceb_multiregion_count__query_id-10,3,0,0,0.7515661874542746,0.9794666794909843,False,0.4684441607888215,0.05545732446304713,0.4684441607888215,0.7515661874542746,0.11856900288540409,1.215647230335385,0.4129868363257744,0.785452272336168,,,10,3,completed,passed,abb5c8c34b7648e3ea61615119f5fa25b72554ab166b5080db6ccc255f16032a,2b7ad0128b6e38cb5c9322eeea6a7031da4940d1e7db976c53a9c328230da0eb
20260727T120003Z-stats-ceb-full-no-refit-v1__stats-ce--4c6ad677a93d--_no_refit__stats_ceb_multiregion_count__query_id-11,3,0,0,0.7515661407866917,0.9794666794909843,False,0.46844418823134726,0.05545736542595253,0.46844418823134726,0.7515661407866917,0.11856898896325792,1.2156472297352838,0.4129868228053947,0.7854522486691813,,,11,3,completed,passed,f8de8fdf074f6da0cebf3081bc9cb30f8e855a7a41772ff10ab1e77bff1b3a6e,2b7ad0128b6e38cb5c9322eeea6a7031da4940d1e7db976c53a9c328230da0eb
20260727T120036Z-stats-ceb-full-no-refit-v1__stats-ce--98dedb4548e0--_no_refit__stats_ceb_multiregion_count__query_id-12,3,1,1,0.5104650980394939,0.9794666794909843,False,0.7588867722018167,0.5602349152934023,0.04246137088976914,1.4003290341186208,0.7588867722018167,0.5104650980394939,0.1986518569084143,0.8160101811129368,,,12,3,completed,passed,730e334404a48ccf6c6cc497f1e77a4a9fe72a4542f74286890ac02873b31c8f,8a03e9825460266c1c5ee6b8115fa4d46cc72fa4e44bea59b3694a1eb82ca698
20260727T120054Z-stats-ceb-full-no-refit-v1__stats-ce--705b678c2f15--_no_refit__stats_ceb_multiregion_count__query_id-13,3,1,1,0.3457245793640576,0.9794666794909843,False,0.918399527499797,0.8521241335110777,0.015325078511483623,1.4484395910228876,0.918399527499797,0.3457245793640576,0.0662753939887193,0.8675969639942303,,,13,3,completed,passed,3025234f33590352dc5dca7339411d8a9bdef0c4f41fb307b71cb3b628a6218d,8a03e9825460266c1c5ee6b8115fa4d46cc72fa4e44bea59b3694a1eb82ca698
20260727T120111Z-stats-ceb-full-no-refit-v1__stats-ce--8634fbcdddb7--_no_refit__stats_ceb_multiregion_count__query_id-14,3,0,0,0.7515661966360552,0.9794666794909843,False,0.46844415538954565,0.05545731640365753,0.46844415538954565,0.7515661966360552,0.11856900562456635,1.2156472304534562,0.4129868389858881,0.7854522769926159,,,14,3,completed,passed,96803022a543daffd0da86a15e72d68ce6611900e4d67ac2c8df3ddc03f98f8a,50421a6b08cb38f9d1a9d60edd5da8908294441dba11e03b5c4c198eb2ff88a4
20260727T120143Z-stats-ceb-full-no-refit-v1__stats-ce--fa1db4e3efb6--_no_refit__stats_ceb_multiregion_count__query_id-15,3,2,2,0.6827102093355248,0.9794666794909843,False,0.5299285112125468,0.20550407145794009,0.3244244397546067,0.8106300525733507,0.14564704903284648,1.0728940976360497,0.5299285112125468,0.6827102093355248,,,15,3,completed,passed,b23bd19ca52bd9f4067f0597211c2edbaa4461353f45366d396ddfdfe3b767e2,53ef019da633214c1a4aefc987769626492e4f2acfd3604842e698cc16067cc5
20260727T120200Z-stats-ceb-full-no-refit-v1__stats-ce--eb48bb0b100d--_no_refit__stats_ceb_multiregion_count__query_id-16,3,2,2,0.6701713318808316,0.9794666794909843,False,0.5344459863820743,0.20145397536518228,0.332992011016892,0.7908613430494087,0.1325620026010337,1.0917055375479943,0.5344459863820743,0.6701713318808316,,,16,3,completed,passed,76eea6dffafa94b26b52cbd55ab48a2acd680e58152b8ffcbe9bb194dceea774,53ef019da633214c1a4aefc987769626492e4f2acfd3604842e698cc16067cc5
20260727T120215Z-stats-ceb-full-no-refit-v1__stats-ce--e61d25524c7c--_no_refit__stats_ceb_multiregion_count__query_id-17,3,1,1,0.18504479565381685,0.9794666794909843,False,0.9882376615684352,0.9789378357118836,0.002462512575013388,1.5083283900502489,0.9882376615684352,0.18504479565381685,0.009299825856551496,0.9473537525443178,,,17,3,completed,passed,2ca7ef20cab7c066627d487ae08e103f2fd233005b039c85944f8124d9f9202f,db9edd4b62cb130629216e9f1d52ea2fcf937094284eec209deb6239204134b4
20260727T120234Z-stats-ceb-full-no-refit-v1__stats-ce--b1b6578c060b--_no_refit__stats_ceb_multiregion_count__query_id-18,3,1,1,0.3290693141684026,0.9794666794909843,False,0.9444017262761952,0.9010922184104854,0.012288765858094857,1.504057231244827,0.9444017262761952,0.3290693141684026,0.04330950786570988,0.9678055744817646,,,18,3,completed,passed,bbc42eac44e47f43b3ef8c0160b220da63138dfbbc7ed03865900b0ee34809ee,db9edd4b62cb130629216e9f1d52ea2fcf937094284eec209deb6239204134b4
20260727T120253Z-stats-ceb-full-no-refit-v1__stats-ce--6fb8a6573a07--_no_refit__stats_ceb_multiregion_count__query_id-19,3,2,2,0.5175742189849483,0.9794666794909843,False,0.7005130971276731,0.45253390904928276,0.05150771479393657,1.2903663452943293,0.2479791880783903,0.7444285051143823,0.7005130971276731,0.5175742189849483,,,19,3,completed,passed,742a9b3ee791f350d6e485d68a5a96ffd06a6e369a34e553faa6573f9493145d,db9edd4b62cb130629216e9f1d52ea2fcf937094284eec209deb6239204134b4
20260727T120309Z-stats-ceb-full-no-refit-v1__stats-ce--f90b8fa6e1c6--_no_refit__stats_ceb_multiregion_count__query_id-20,3,2,2,0.779590256034765,0.9794666794909843,False,0.48510660705395575,0.18183427580534756,0.3032723312486082,0.9188993457249002,0.21162106169743602,1.0422305703057448,0.48510660705395575,0.779590256034765,,,20,3,completed,passed,4daf11026a557a5cb7c2924268678414224b8f88bfc3ecdd308cac05851ea5f2,53ef019da633214c1a4aefc987769626492e4f2acfd3604842e698cc16067cc5
20260727T120324Z-stats-ceb-full-no-refit-v1__stats-ce--06d3fdce2b76--_no_refit__stats_ceb_multiregion_count__query_id-21,3,2,2,0.6832337528020654,0.9794666794909843,False,0.5293570375182597,0.20519188580935477,0.3241651517089049,0.8111723542668149,0.1464778107728355,1.0711769302335639,0.5293570375182597,0.6832337528020654,,,21,3,completed,passed,7a45f48fb1d962e3e97b598bcc56f863608bb9361cbdce3ef56a9fd6fad53c3b,53ef019da633214c1a4aefc987769626492e4f2acfd3604842e698cc16067cc5
20260727T120339Z-stats-ceb-full-no-refit-v1__stats-ce--9fd2158832f7--_no_refit__stats_ceb_multiregion_count__query_id-22,3,0,0,0.7515661962482338,0.9794666794909843,False,0.46844415561760105,0.05545731674407123,0.46844415561760105,0.7515661962482338,0.11856900550886917,1.2156472304484691,0.4129868388735298,0.7854522767959361,,,22,3,completed,passed,61fd68f7b69b9b172162340cce120950d40cc2700efff5eb793d6ef2a937654e,0d5f4f0f434da6ba770502d9c82d3918e338fe4bf9f9f10d7ac0aba9168a037d
20260727T120410Z-stats-ceb-full-no-refit-v1__stats-ce--5818fe568b14--_no_refit__stats_ceb_multiregion_count__query_id-23,3,2,2,0.37566086941883364,0.9794666794909843,False,0.8696773285292476,0.76739390494165,0.028039247883154796,1.2498361596342884,0.10228342358759757,0.794583370562234,0.8696773285292476,0.37566086941883364,,,23,3,completed,passed,8d3fc6a3778d2331edc361564e90fba96025185ae6a4ab98e0ee37d338d4b29c,b0ccfed2dc179f83477b412aaf1b4587f19d86f9c7fa5ae4e3bb07577d0f53c5
20260727T120426Z-stats-ceb-full-no-refit-v1__stats-ce--d2a47dcf4b80--_no_refit__stats_ceb_multiregion_count__query_id-24,3,2,2,0.662758964894259,0.9794666794909843,False,0.5341769644589038,0.1984022235829752,0.3357747408759286,0.7797019270775312,0.13004829466516765,1.0866977902747093,0.5341769644589038,0.662758964894259,,,24,3,completed,passed,04046ceae9f9ae94a1013dc6b88689b36f3276d3201ce821f99c42b7b387bc74,8bd812b9402a5dbc659d060828fb788168b7164ba5685afdc7bc13b7fd0a6057
20260727T120441Z-stats-ceb-full-no-refit-v1__stats-ce--b92de91365e3--_no_refit__stats_ceb_multiregion_count__query_id-25,3,1,1,0.32094244527263616,0.9794666794909843,False,0.944807593139925,0.9012866066736338,0.01167142039378372,1.4938398449992192,0.944807593139925,0.32094244527263616,0.04352098646629127,0.942437986335486,,,25,4,completed,passed,16b168452763867cfe3f600ca50361c3bd044196f3bbc548e1e07de6b9c1de42,a68b372e2ddc6263d1b38abce0c93461f441f3cfd3874f113281e722f370083c
20260727T120458Z-stats-ceb-full-no-refit-v1__stats-ce--009fabcba823--_no_refit__stats_ceb_multiregion_count__query_id-26,3,1,1,0.15505264887719242,0.9794666794909843,False,0.9919855091770867,0.985523897197842,0.0015528788436684393,1.4871607138631393,0.9919855091770867,0.15505264887719242,0.006461611979244797,0.9028939616589868,,,26,4,completed,passed,98dd937cb9c28ecda5795e7e0ab90580cbb5cabdbd441121a3a6e4593fb3cf79,7f885d44991605d977e5e1eee97ccac8ad9fbde0f0e26b033bedcf21a0304169
20260727T120517Z-stats-ceb-full-no-refit-v1__stats-ce--b78595f21206--_no_refit__stats_ceb_multiregion_count__query_id-27,3,0,0,0.7515662546236601,0.9794666794909843,False,0.4684441212903922,0.05545726550454899,0.4684441212903922,0.7515662546236601,0.11856902292376455,1.215647231199157,0.4129868557858432,0.7854523064004628,,,27,4,completed,passed,a8b2127841f8dcc670fc09f004bea31e2b3a8a27f6dc0981cf8f70c6d7fbd3ed,070d68a49030b54e510dd1caa02ebbd9a64313e5a6ef577683d364794f1867a3
20260727T120558Z-stats-ceb-full-no-refit-v1__stats-ce--a1744d5d9f76--_no_refit__stats_ceb_multiregion_count__query_id-28,3,1,1,0.22584820834948205,0.9794666794909843,False,0.9801215048121061,0.9645201435178198,0.00427713389360736,1.513077331919173,0.9801215048121061,0.22584820834948205,0.015601361294286391,0.9619616265215086,,,28,4,completed,passed,8ff11b1b0f878cbb27ad3a198822fac82c02e5e62d70e6e96165feb2497bd9ec,6ed01f521847f01429fc2fb679390ba96866ce821db94061174921be9e83207e
20260727T120625Z-stats-ceb-full-no-refit-v1__stats-ce--3e12a9896a01--_no_refit__stats_ceb_multiregion_count__query_id-29,3,2,2,0.6844177789065592,0.9794666794909843,False,0.5287489112389164,0.20496177540362392,0.3237871358352925,0.8125830260359987,0.14746395292579104,1.070085668571063,0.5287489112389164,0.6844177789065592,,,29,4,completed,passed,0f7ad7dbdab7b371491be804da90659883ddad9561abc687b67dec87fcfab01a,4c041a591b3d95aa4c299826c8ddd838355e2e7bd1c8422d5db81617cd08d1d3
20260727T120640Z-stats-ceb-full-no-refit-v1__stats-ce--f42e44dd24b6--_no_refit__stats_ceb_multiregion_count__query_id-31,3,1,1,0.19954913234113072,0.9794666794909843,False,0.9815422551766446,0.9664068394181924,0.0033223290649032258,1.4612114545999992,0.9815422551766446,0.19954913234113072,0.015135415758452226,0.8594487210941401,,,31,4,completed,passed,229db335942436271723a5edc36b74b673fe1aeed67fb5b49e1ec43806bc5a67,562cf71494a4c05fd4615fe729c3537be4c1f4da95a3c7ac5051a9d953371d9c
20260727T120704Z-stats-ceb-full-no-refit-v1__stats-ce--4123fef53a01--_no_refit__stats_ceb_multiregion_count__query_id-32,3,0,0,0.7515662000229602,0.9794666794909843,False,0.46844415339790213,0.055457313430771815,0.46844415339790213,0.7515662000229602,0.11856900663496749,1.2156472304970098,0.4129868399671303,0.7854522787102509,,,32,4,completed,passed,3ae5731ee097b2d2da68996585fe86f94b1e7bd7d852c1313163acb1a1ba75ae,b760bbfd3d778ce4202866ac3ba45b4ae3ec25b93b14f7ced11513b52819b8a8
20260727T120747Z-stats-ceb-full-no-refit-v1__stats-ce--4cfa0890dc63--_no_refit__stats_ceb_multiregion_count__query_id-33,3,1,1,0.7205781573738853,0.9794666794909843,False,0.631636911731152,0.34879665519292036,0.08552283173061644,1.4508282171768314,0.631636911731152,0.7205781573738853,0.28284025653823164,0.9545645263451639,,,33,4,completed,passed,fea773f9a567dbc6086c39732af8e5af2efa6128314bce0b07e049565c0c7151,3d9a501f1f50f4ae24a949c0edd6041fe9ddcc02fe755a83e76ce899045476bd
20260727T120823Z-stats-ceb-full-no-refit-v1__stats-ce--940213eb07bd--_no_refit__stats_ceb_multiregion_count__query_id-35,3,0,0,0.751566189693342,0.9794666794909843,False,0.46844415947215506,0.05545732249768576,0.46844415947215506,0.751566189693342,0.11856900355337571,1.2156472303641774,0.4129868369744693,0.7854522734716884,,,35,4,completed,passed,b0199e1787c45afc2e54f38df6081b0ad396995495f7d1b569af79aa4db61b0e,1f03dda1d03ca98ca63c2c56dc76799b515eb1f2fc9b57ffcebdf8aa2eb0b31d
20260727T120856Z-stats-ceb-full-no-refit-v1__stats-ce--01b8759d412a--_no_refit__stats_ceb_multiregion_count__query_id-36,3,0,0,0.7515661954467652,0.9794666794909843,False,0.46844415608889844,0.05545731744756727,0.46844415608889844,0.7515661954467652,0.11856900526977038,1.215647230438163,0.4129868386413312,0.7854522763894793,,,36,4,completed,passed,954cda1dacb96804cec227b49d273518bade5e866d0c3f7467a7fe478e986b0e,dc901e371e4e05174ac6ad37b3fdb54da8e3745450194117b2ea1ad3ccec55e5
20260727T120928Z-stats-ceb-full-no-refit-v1__stats-ce--baa21348fcba--_no_refit__stats_ceb_multiregion_count__query_id-37,3,1,1,0.3662401694496327,0.9794666794909843,False,0.9172283797898715,0.8519589762851981,0.017502216705455254,1.4640318526318845,0.9172283797898715,0.3662401694496327,0.06526940350467332,0.9236016928612697,,,37,4,completed,passed,334d33d4d22ae3b0bbccfa41b63c838a23ac91665a70483c8c9e33031b7806d6,54fe55778ec3f451dcf4982cca0747597e0ff5c280effc1f069995c57050e700
20260727T120952Z-stats-ceb-full-no-refit-v1__stats-ce--3dea5d36442c--_no_refit__stats_ceb_multiregion_count__query_id-38,3,0,0,0.7515662758998393,0.9794666794909843,False,0.4684441087791094,0.05545724682921571,0.4684441087791094,0.7515662758998393,0.11856902927099683,1.21564723147277,0.4129868619498937,0.7854523171904756,,,38,4,completed,passed,64a7e86f3fdc027493cd34d215bfb0f3820405a330fb0f24368fb5507deef630,4e8000a425768c4b68349d9014a45df7cdb24adc7785ca5403a1b204b1285cfd
20260727T121049Z-stats-ceb-full-no-refit-v1__stats-ce--9c378f93220d--_no_refit__stats_ceb_multiregion_count__query_id-39,3,0,0,0.7515662066928125,0.9794666794909843,False,0.46844414947574703,0.055457307576250614,0.46844414947574703,0.7515662066928125,0.1185690086247566,1.2156472305827806,0.4129868418994964,0.7854522820928002,,,39,4,completed,passed,a0fa20b1d444e84339178be20c354f085b3f507efaa7779d832ddf2607a66520,34dc0b245205625c46e74e8d2f2be1794833ec61d501110b60eb5b41e51e3941
20260727T121121Z-stats-ceb-full-no-refit-v1__stats-ce--a42d2ecd145a--_no_refit__stats_ceb_multiregion_count__query_id-40,3,0,0,0.7515661910021578,0.9794666794909843,False,0.46844415870251593,0.055457321348861055,0.46844415870251593,0.7515661910021578,0.11856900394382924,1.2156472303810082,0.4129868373536549,0.7854522741354412,,,40,4,completed,passed,a25fa243bf2ef0bbc4fc20f95d837f696d02bf0c4c8608b3e948ab3c85ae0a72,0b6952d9562ee4b1d039a34b96b5ac720905875106afc3a5c445e23b69e7509d
20260727T121153Z-stats-ceb-full-no-refit-v1__stats-ce--61f8bf4ebb18--_no_refit__stats_ceb_multiregion_count__query_id-41,3,0,0,0.7515661731446384,0.9794666794909843,False,0.4684441692034952,0.05545733702346034,0.4684441692034952,0.7515661731446384,0.11856899861646994,1.215647230151374,0.41298683218003485,0.7854522650791806,,,41,4,completed,passed,5c387bb481f6d18f6038c5ca2b6ad0f3161fa12759b35be536c3b367fc1ce366,19da7ef3d9d2c201f1359434b06ca62ae1c895bfc7f201e87e621f31f4847b0b
20260727T121224Z-stats-ceb-full-no-refit-v1__stats-ce--2365ef160cc8--_no_refit__stats_ceb_multiregion_count__query_id-42,3,1,1,0.43256563478213667,0.9794666794909843,False,0.8862809910825551,0.797520142526774,0.024958160361663817,1.5089596134434404,0.8862809910825551,0.43256563478213667,0.0887608485557811,0.9678866732545024,,,42,4,completed,passed,181184175483e46f109388362be20a035e3851ea3763f893fa2ac61116205f79,d66699711083dcf0e1d630df62b393a452d02277bf37ee66fe8205a9d29d6a6b
20260727T121246Z-stats-ceb-full-no-refit-v1__stats-ce--bef3f74020aa--_no_refit__stats_ceb_multiregion_count__query_id-43,3,0,0,0.7515662242580128,0.9794666794909843,False,0.4684441391466682,0.05545729215824552,0.4684441391466682,0.7515662242580128,0.11856901386490908,1.2156472308086612,0.4129868469884227,0.7854522910008184,,,43,4,completed,passed,e26ecf5672735dfdcb6d209bf447f75854df6e559c07830277d5244ed6d2086d,80c6d4b1e992d3bcb434fe08a88e14da57e15ed96ce65057a59b82d9efd01f91
20260727T121320Z-stats-ceb-full-no-refit-v1__stats-ce--06c758499697--_no_refit__stats_ceb_multiregion_count__query_id-44,3,0,0,0.7515661936247846,0.9794666794909843,False,0.46844415716030025,0.05545731904682699,0.46844415716030025,0.7515661936247846,0.11856900472622656,1.2156472304147332,0.41298683811347325,0.78545227546548,,,44,4,completed,passed,50a40e02fb73b48903b53b9be1da9af36f2ec1ea9213f1f5271d5aeadbacf4b3,3348f240186cf5327b1dc8c54e2e3f382af6a376fd383cce8838e09ac1d9bbf3
20260727T121351Z-stats-ceb-full-no-refit-v1__stats-ce--016037691c34--_no_refit__stats_ceb_multiregion_count__query_id-46,3,2,2,0.6717672559493539,0.9794666794909843,False,0.5327310932672246,0.20252380271387488,0.3302072905533497,0.7941843356379202,0.1370616161794259,1.0803789157071686,0.5327310932672246,0.6717672559493539,,,46,5,completed,passed,16fe97aea412fb127c2bec000ef1d47f6cf11254685b0b3a9217149beb506553,9147918ff43b4da8e96d4b22e33f6f05a4e119c58706e7199f1f81a831293923
20260727T121406Z-stats-ceb-full-no-refit-v1__stats-ce--0990036f0917--_no_refit__stats_ceb_multiregion_count__query_id-47,3,0,0,0.7515663154011621,0.9794666794909843,False,0.46844408555068934,0.05545721215663679,0.46844408555068934,0.7515663154011621,0.11856904105525802,1.2156472319807705,0.41298687339405254,0.7854523372232065,,,47,5,completed,passed,7a50b72c3b4210572a2f3aafaf303c279301c8578a094b5de8c05f1113a63e3b,508f15d93ab45ab012ba27dc6ce8ee07431f28972ed800b91f2350818615664c
20260727T121526Z-stats-ceb-full-no-refit-v1__stats-ce--ed7ed30f4959--_no_refit__stats_ceb_multiregion_count__query_id-48,3,1,1,0.3944504017354522,0.9794666794909843,False,0.8861126602317041,0.793854656443642,0.02162933598023367,1.446599853774223,0.8861126602317041,0.3944504017354522,0.0922580037880622,0.8706871070172065,,,48,5,completed,passed,bc0221508e6f662c4f31d352da66a555c85d4f7f86188721e78ae2b690910fcc,a68b372e2ddc6263d1b38abce0c93461f441f3cfd3874f113281e722f370083c
20260727T121542Z-stats-ceb-full-no-refit-v1__stats-ce--c6f3d13743a0--_no_refit__stats_ceb_multiregion_count__query_id-49,3,0,0,0.751566308146771,0.9794666794909843,False,0.468444089816572,0.05545721852423058,0.468444089816572,0.751566308146771,0.11856903889108653,1.2156472318874754,0.4129868712923414,0.7854523335442081,,,49,5,completed,passed,28155a265cef74da9e7c5a942361012c12fe3fc6b3e381ff51a94bf20c7b4262,cc79178cb70ef64e3f7bfd47ebfa95d43c32de50c1d25a42f786d63c4bb1e0b6
20260727T121648Z-stats-ceb-full-no-refit-v1__stats-ce--816d4588344d--_no_refit__stats_ceb_multiregion_count__query_id-50,3,0,0,0.7515662595036254,0.9794666794909843,False,0.4684441184207683,0.055457261221120435,0.4684441184207683,0.7515662595036254,0.11856902437958393,1.2156472312619133,0.41298685719964784,0.7854523088752907,,,50,5,completed,passed,a91893c8432f54af70fc9cf377c83411a171c289c59e2816b15a33413a49c889,32178bc4854f7d5c9c498e7aea499728ac0ab7619ea6d58e782bf00bffd944f7
20260727T121730Z-stats-ceb-full-no-refit-v1__stats-ce--4cbe11eb13e9--_no_refit__stats_ceb_multiregion_count__query_id-51,3,0,0,0.751566286291209,0.9794666794909843,False,0.4684441026685508,0.05545723770811162,0.4684441026685508,0.751566286291209,0.11856903237100999,1.215647231606405,0.4129868649604392,0.7854523224603616,,,51,5,completed,passed,4d61b2e0336c56ffebd89a719bb14ea70dfdbbb14968e95430f82c996b279ea8,acb376911f3deea0aa02f2cbe6a2fed79b6ca4983d55c3bb8d860e5cb88f29a1
20260727T121825Z-stats-ceb-full-no-refit-v1__stats-ce--20faaaceabc6--_no_refit__stats_ceb_multiregion_count__query_id-52,3,0,0,0.7515663042207792,0.9794666794909843,False,0.46844409212521804,0.05545722197029834,0.46844409212521804,0.7515663042207792,0.11856903771986219,1.2156472318369855,0.4129868701549197,0.7854523315531773,,,52,5,completed,passed,12834a68fa15658a02b1d4e48926219461b4da2008022cb67064a6aeac3f7fad,4d2e43e7f547fb961a6681b01c058e4abbfd5e25df6bdb257022856e0ceaa987
20260727T121931Z-stats-ceb-full-no-refit-v1__stats-ce--6bd8e852fe89--_no_refit__stats_ceb_multiregion_count__query_id-53,3,1,1,0.20685174067249024,0.9794666794909843,False,0.9844509904795755,0.9722219017958844,0.003319920836733304,1.516639665444381,0.9844509904795755,0.20685174067249024,0.012229088683691143,0.9609243129970723,,,53,5,completed,passed,467a18badaaf764a1f54605ba772fec6b7649da2df7430e007a5f107091fd796,0319a70d463eef3212712050584a6e74c2d9435accc62a9e39b25f96ecb068d4
20260727T121949Z-stats-ceb-full-no-refit-v1__stats-ce--65af180658cd--_no_refit__stats_ceb_multiregion_count__query_id-54,3,0,0,0.751566262828217,0.9794666794909843,False,0.4684441164657693,0.05545725830293391,0.4684441164657693,0.751566262828217,0.11856902537139528,1.2156472313046676,0.41298685816283537,0.7854523105613257,,,54,5,completed,passed,c2a429b221d3074538c0bd54a98abb82f0428299792f7537a4a927829c0ebb02,23a02332abaf5a2d872585f89220be253a72821c2d699dd75b5446ec049b25ef
20260727T122034Z-stats-ceb-full-no-refit-v1__stats-ce--99eb8577f8f9--_no_refit__stats_ceb_multiregion_count__query_id-55,3,1,1,0.29932552231372284,0.9794666794909843,False,0.9460994494014753,0.9025409449026944,0.010342046099743636,1.4541505140463469,0.9460994494014753,0.29932552231372284,0.043558504498780896,0.8791158074189557,,,55,5,completed,passed,389d58dedc1356f51f7bb4fdfc9e9622d8efeaa34e72d997d4054475261dc8e5,5b2b9dd3c718963affdd7569a0686110e53447088deefd10b5394850a4878c5b
20260727T122053Z-stats-ceb-full-no-refit-v1__stats-ce--0f5ee8601132--_no_refit__stats_ceb_multiregion_count__query_id-56,3,1,1,0.2005850660761022,0.9794666794909843,False,0.9850053403729417,0.9731419374817427,0.003131256735859143,1.5014143540217968,0.9850053403729417,0.2005850660761022,0.011863402891199082,0.9419521739557456,,,56,5,completed,passed,ac300f59c29c1c9251430e8a88840e6d898b1594509ac731977d4326f903f32d,b945448f402ae1f682f0daa0d9ab19be77c19bb217f32ab18a3628f74898997b
20260727T122119Z-stats-ceb-full-no-refit-v1__stats-ce--56d71e5fa919--_no_refit__stats_ceb_multiregion_count__query_id-57,3,1,1,0.7315275506565478,0.9794666794909843,False,0.7242110492038293,0.5287208804574275,0.08029878204976891,1.5795571838186544,0.7242110492038293,0.7315275506565478,0.19549016874640174,1.1568838698269222,,,57,5,completed,passed,eccbc2cf44953ccf343a80c708483f75da97cf1aa2688ebbdc016e8b5010e0d4,cf6a38035ed78ad2225e66afc863fc915b8c9c11ee4a3127471fe9edad71d9b5
20260727T122159Z-stats-ceb-full-no-refit-v1__stats-ce--9f26aa4328b9--_no_refit__stats_ceb_multiregion_count__query_id-59,3,0,0,0.7515663148728338,0.9794666794909843,False,0.4684440858613683,0.055457212620380725,0.4684440858613683,0.7515663148728338,0.11856904089764411,1.215647231973976,0.4129868732409876,0.7854523369552696,,,59,6,completed,passed,4bf91559a94c65342f88f6e2b5f181bd4497d171be60acf97e7bdc78973b14a7,6dea494e5a7c7575d6420602f9cdaa3c1e501e1259ed725488750c1b0e81cf12
20260727T122319Z-stats-ceb-full-no-refit-v1__stats-ce--27ab191ab1e8--_no_refit__stats_ceb_multiregion_count__query_id-60,3,1,1,0.24097167810259618,0.9794666794909843,False,0.9727016809716628,0.950873073896477,0.0054697119531515945,1.4773089389303098,0.9727016809716628,0.24097167810259618,0.021828607075185764,0.9101223448838767,,,60,6,completed,passed,8d5567ad57e790b4b23f98adb2e56aad73210266f101ddd253728de5f52968e2,e0a99492d7af48e53686b91dc59e42824297af5200b0088e650b3d3f7952a232
20260727T122344Z-stats-ceb-full-no-refit-v1__stats-ce--012a0caf9bdf--_no_refit__stats_ceb_multiregion_count__query_id-61,3,0,0,0.7515661909035088,0.9794666794909843,False,0.4684441587605256,0.05545732143545101,0.4684441587605256,0.7515661909035088,0.1185690039143997,1.2156472303797397,0.4129868373250746,0.7854522740854124,,,61,6,completed,passed,3b352db944f0405300fe4f91aacbbb97b919620275f25d9cd925446c91c69990,3578b8ed74cceb3e1ab16fb905dafc8534cc0329d70aa195d67d7a171b07bb98
20260727T122417Z-stats-ceb-full-no-refit-v1__stats-ce--97a6df2a45af--_no_refit__stats_ceb_multiregion_count__query_id-62,3,1,1,0.7098161883702567,0.9794666794909843,False,0.6815725460043545,0.44377561449384506,0.08063052248513605,1.4983052970764015,0.6815725460043545,0.7098161883702567,0.23779693151050943,1.0261313226250948,,,62,6,completed,passed,ce599b31c59e79f201ab94198e01030ff366f9add9f62b4f2857394ba9917c54,ac2088d240d36df1007f792f85aa21945eb377b055ac237e3c214258e2dd48e4
20260727T122500Z-stats-ceb-full-no-refit-v1__stats-ce--3ebe0da05cca--_no_refit__stats_ceb_multiregion_count__query_id-63,3,0,0,0.75156616435181,0.9794666794909843,False,0.46844417437405234,0.055457344741446646,0.46844417437405234,0.75156616435181,0.11856899599334202,1.2156472300383063,0.4129868296326057,0.7854522606199876,,,63,6,completed,passed,179f42989442c9315385ab5fdd1b46b965bd8ee3427c115e5b32b2a21ab15596,c365a18be871c8850520a3c9c31d858fe005832146e977481f8f786d4c880968
20260727T122532Z-stats-ceb-full-no-refit-v1__stats-ce--9cf952e26959--_no_refit__stats_ceb_multiregion_count__query_id-64,3,0,0,0.7515662000801085,0.9794666794909843,False,0.46844415336429646,0.05545731338060933,0.46844415336429646,0.7515662000801085,0.11856900665201633,1.2156472304977446,0.4129868399836871,0.7854522787392331,,,64,6,completed,passed,7b334604773e480be50e6ba39e48d73455a6ad366fb5da02fa789951f373cb62,7f6b3cd49b6e766327adfa3a1043f1eb7ce7d01c198345d7bc51386c016ad5c7
20260727T122603Z-stats-ceb-full-no-refit-v1__stats-ce--e6562b44f063--_no_refit__stats_ceb_multiregion_count__query_id-65,3,0,0,0.7515661866386928,0.9794666794909843,False,0.46844416126841826,0.05545732517893154,0.46844416126841826,0.7515661866386928,0.11856900264209495,1.2156472303248969,0.4129868360894867,0.7854522719225538,,,65,6,completed,passed,30f4fc7965397fb0033968fabd7488db54c13c4f9bed0a7d99b3700a48a5fd29,34dc0b245205625c46e74e8d2f2be1794833ec61d501110b60eb5b41e51e3941
20260727T122634Z-stats-ceb-full-no-refit-v1__stats-ce--3d80ab352f79--_no_refit__stats_ceb_multiregion_count__query_id-66,3,0,0,0.7515661848571339,0.9794666794909843,False,0.4684441623160504,0.05545732674271081,0.4684441623160504,0.7515661848571339,0.11856900211060994,1.2156472303019874,0.4129868355733396,0.7854522710190541,,,66,6,completed,passed,1d6c423e8bd45ea2284d57ca21ed7e6bc5cb983e0286efd707e467ee8a83205a,c3fe53ee04d90e5038181ed3a4f5d02e2c5a44b9186500bcd1ec9c003d4a85b1
20260727T122705Z-stats-ceb-full-no-refit-v1__stats-ce--7d95b9ed334d--_no_refit__stats_ceb_multiregion_count__query_id-67,3,0,0,0.751566156695888,0.9794666794909843,False,0.4684441788760607,0.055457351461503934,0.4684441788760607,0.751566156695888,0.11856899370938256,1.2156472299398586,0.4129868274145568,0.7854522567373654,,,67,6,completed,passed,26aec1f4073ec79eaac67a65b5514ec0c50a67dd0a83beae21c38e5a9c295d73,c6434ca85e27719e3520ab133968b0fd167075b913604c72ddedb1b37d517cd8
20260727T123251Z-stats-ceb-full-no-refit-v1__stats-ce--40fbf1047276--_no_refit__stats_ceb_multiregion_count__query_id-69,3,1,1,0.6007007931645253,0.9794666794909843,False,0.8060373688816806,0.6640536786849168,0.05197894092155538,1.5679886618826464,0.8060373688816806,0.6007007931645253,0.1419836901967638,1.1030597975151109,,,69,6,completed,passed,0ff809f56cea6a75795c98f058643ad981755bf3ac01492730f6fecf02833950,7440e2729127f67af1e7f7e644c2070fb2bef85df21eeb8d9e83a2f58e9bedc1
20260727T123639Z-stats-ceb-full-no-refit-v1__stats-ce--5d1f2f6ec31c--_no_refit__stats_ceb_multiregion_count__query_id-70,3,0,0,0.7515663091120744,0.9794666794909843,False,0.4684440892489336,0.055457217676928516,0.4684440892489336,0.7515663091120744,0.11856903917906136,1.2156472318998899,0.4129868715720051,0.7854523340337529,,,70,6,completed,passed,caa2116afcda9703a2a197984233fd06ee5d589c5d828bf751c422e584fb680a,18eae2bfdea1208a918e06aaa383c39e396daeff8eba6f979d70e19bc3db98d6
20260727T123753Z-stats-ceb-full-no-refit-v1__stats-ce--f5430f06326c--_no_refit__stats_ceb_multiregion_count__query_id-71,3,1,1,0.29881463128491703,0.9794666794909843,False,0.9546141465559257,0.9192284338907651,0.01000014077891376,1.4734638042996935,0.9546141465559257,0.29881463128491703,0.03538571266516057,0.9467860063972329,,,71,6,completed,passed,cacab5f13bef75f8843784852177f800b807359fc318be95b4a07c799ed5994d,2d097605b07dba627d3158906eb3db370aa303f604737a77b73b78cf6564baed
20260727T124046Z-stats-ceb-full-no-refit-v1__stats-ce--05356b09cf1c--_no_refit__stats_ceb_multiregion_count__query_id-72,3,1,1,0.5461386681512314,0.9794666794909843,False,0.8221422000268319,0.687153241675776,0.04286884162211203,1.5356234810377125,0.8221422000268319,0.5461386681512314,0.134988958351056,1.027850543943888,,,72,6,completed,passed,3d17606826c1ff12ad2c443c7e862e809b8fdbd967be12875de236a96e0cf740,0b592e6a998afb9c17611397f66aa17d9f71aae6672ff1251a553c54193175dd
20260727T124123Z-stats-ceb-full-no-refit-v1__stats-ce--ca588f50c6bf--_no_refit__stats_ceb_multiregion_count__query_id-73,3,1,1,0.5652599737273516,0.9794666794909843,False,0.7976545615776851,0.6432905962132432,0.04798147305787305,1.5118464367445141,0.7976545615776851,0.5652599737273516,0.15436396536444186,1.004366823066045,,,73,6,completed,passed,b0c70251cbec549c2b8cf98624b5fa41b1b58566cadd197442100efccaa07fd4,f04e269377b398b739e49c917abc83bf0b6ce54201de9114225d3baeba0697ab
20260727T124240Z-stats-ceb-full-no-refit-v1__stats-ce--390aaac352ae--_no_refit__stats_ceb_multiregion_count__query_id-74,3,1,1,0.379994010003003,0.9794666794909843,False,0.899955872956625,0.8199738137968109,0.020062067883560897,1.4385424520993042,0.899955872956625,0.379994010003003,0.07998205915981414,0.8865572236491525,,,74,6,completed,passed,aa9b901a638414bc5b4969dad059920b17b361588a4f8aef437f2c092cc0d6c1,272253d6e2ee0c2ba58e7b5a26c52f6dc89d8464b74068f179f8c1ee17da429a
20260727T124329Z-stats-ceb-full-no-refit-v1__stats-ce--72f3957fc57f--_no_refit__stats_ceb_multiregion_count__query_id-75,3,1,1,0.4626062254100435,0.9794666794909843,False,0.8462041357227963,0.7243646775563929,0.03195640611080021,1.4562384608307604,0.8462041357227963,0.4626062254100435,0.12183945816640343,0.9115951113206388,,,75,6,completed,passed,ac6f3ffeac8ba60eb0047cceb6d1a6357a21b82c71f034f42d5dba9a9cfd0335,ea145875dd6a9f09bb63a69f0a0f24957e79eae65823d838468875524b9790d5
20260727T124408Z-stats-ceb-full-no-refit-v1__stats-ce--1cc84b23aa7c--_no_refit__stats_ceb_multiregion_count__query_id-76,3,2,2,0.7070421557018908,0.9794666794909843,False,0.5187511845447825,0.20248231395553118,0.31626887058925135,0.8407390838407979,0.16497994486596623,1.0557961886360072,0.5187511845447825,0.7070421557018908,,,76,6,completed,passed,e052b5591b63db66a1df35e7f4eda34b42c8bb8fa832e749f5a6402a4fc07308,2b7ad0128b6e38cb5c9322eeea6a7031da4940d1e7db976c53a9c328230da0eb
20260727T124424Z-stats-ceb-full-no-refit-v1__stats-ce--eeb4621fdf19--_no_refit__stats_ceb_multiregion_count__query_id-77,3,2,2,0.6687564600550525,0.9794666794909843,False,0.5344683787231013,0.20103283299139546,0.3334355457317058,0.788835654940986,0.132096075545193,1.090760055595397,0.5344683787231013,0.6687564600550525,,,77,6,completed,passed,656d0a1f29c0d36c62ba5db3f39fddec860018e4e472e31693885087238de3b0,d6924bc56b1df0131e0968c61e776bc14d8c4ba39bdf9cbc3455a83575b3386b
20260727T124443Z-stats-ceb-full-no-refit-v1__stats-ce--447eaf57f536--_no_refit__stats_ceb_multiregion_count__query_id-78,3,1,1,0.4867358792018774,0.9794666794909843,False,0.8166071702969411,0.6708833427676891,0.03766900217380694,1.4285766141715925,0.8166071702969411,0.4867358792018774,0.14572382752925192,0.8897382834565725,,,78,6,completed,passed,8443b1cdabb2d7e3519720879b02bf2efe1ff11c830fb0fa15fab9b9e98e8e7a,a1171f738239967ed141f9ec68241b22ec030078d0cb0b307e729d2c1b6d8e59
20260727T124504Z-stats-ceb-full-no-refit-v1__stats-ce--13f9ab609c86--_no_refit__stats_ceb_multiregion_count__query_id-79,3,1,1,0.24145587070145672,0.9794666794909843,False,0.9716511751213218,0.948905443252166,0.005603093009522359,1.4672923767802455,0.9716511751213218,0.24145587070145672,0.022745731869155836,0.8985690005590351,,,79,6,completed,passed,2c89eff9cba9a377f2bd5b41754319edd7dc696e31783198e5cf23b42b939c8e,50b8079d211d20709d498cb45718a94b196f8a6acd8951f04126d6eb11965871
20260727T124534Z-stats-ceb-full-no-refit-v1__stats-ce--32c1d4057729--_no_refit__stats_ceb_multiregion_count__query_id-80,3,0,0,0.751566180271346,0.9794666794909843,False,0.4684441650126884,0.05545733076792764,0.4684441650126884,0.751566180271346,0.11856900074255092,1.2156472302430177,0.41298683424476074,0.7854522686934181,,,80,3,completed,passed,9ca4ed830d20514e4d025c0ac8838ba70566fd836a9b05220a202dc3b9a16cd1,e85579d1373689bcc979d045fac715db6dd7e5c03081ff7bbbbe94746bd3ecea
20260727T124605Z-stats-ceb-full-no-refit-v1__stats-ce--ef81c83fd74c--_no_refit__stats_ceb_multiregion_count__query_id-81,3,0,0,0.751566143266344,0.9794666794909843,False,0.4684441867732058,0.055457363249413916,0.4684441867732058,0.751566143266344,0.11856898970300238,1.2156472297671692,0.4129868235237919,0.7854522499267113,,,81,3,completed,passed,38fc1ae7f31aab21a01d7e321b6efa02aa1fb88cbe275be1058f5727fa5d3a97,a2cc6b73c66ce51f6131520a316a3e0b7c32a8d69f5d043ad27d0094762fa6e8
20260727T124637Z-stats-ceb-full-no-refit-v1__stats-ce--c4f2117cdeca--_no_refit__stats_ceb_multiregion_count__query_id-82,3,0,0,0.7515661838377456,0.9794666794909843,False,0.468444162915494,0.05545732763748801,0.468444162915494,0.7515661838377456,0.11856900180650008,1.215647230288879,0.412986835278006,0.7854522705020818,,,82,3,completed,passed,89eeb19a2df3a12fd47d509e581e7e36534ed25ff247e817f195a0f4571c45f5,8e8bf7dac1f99f67c339d05f04d9e7559dd944f4b69d196aab77f47a486ed620
20260727T124708Z-stats-ceb-full-no-refit-v1__stats-ce--fd67457a2e36--_no_refit__stats_ceb_multiregion_count__query_id-83,3,1,1,0.5102939684181511,0.9794666794909843,False,0.7570344875577397,0.5567052814734255,0.04263630635794601,1.396651547138033,0.7570344875577397,0.5102939684181511,0.20032920608431423,0.8126441685838226,,,83,3,completed,passed,b58e43ab08f9e313f720ccb78be1520dad3714d805ca5d0c3faa1d5239848ab8,354a72dfab2d83dba9090b0248908600441a9b7efedf9af6ec40a4ed76be3e79
20260727T124728Z-stats-ceb-full-no-refit-v1__stats-ce--348f5142df9f--_no_refit__stats_ceb_multiregion_count__query_id-84,3,0,0,0.751566168953348,0.9794666794909843,False,0.4684441716681523,0.055457340702404156,0.4684441716681523,0.751566168953348,0.11856899736609976,1.2156472300974777,0.4129868309657481,0.7854522629536106,,,84,3,completed,passed,92ae731da413e1f279b2c9dacc85d0edb3bd76859650fcb8a47eccd6cc6a97ba,67a6a13a4e1fc150a0d3096d75e58c14546c739e7bcf9337a2c81b6e67016214
20260727T124759Z-stats-ceb-full-no-refit-v1__stats-ce--fc3567017f16--_no_refit__stats_ceb_multiregion_count__query_id-85,3,1,1,0.3559780356360494,0.9794666794909843,False,0.8994158750130835,0.8166214352756385,0.01778968524947146,1.4052399946194094,0.8994158750130835,0.3559780356360494,0.08279443973744505,0.820368514984858,,,85,3,completed,passed,48c600d00e2b0aab95877e92b10fd637ad7075e9099f07d02ff414d8e3e63b3c,d66699711083dcf0e1d630df62b393a452d02277bf37ee66fe8205a9d29d6a6b
20260727T124822Z-stats-ceb-full-no-refit-v1__stats-ce--984caf793334--_no_refit__stats_ceb_multiregion_count__query_id-86,3,2,2,0.6746861354889836,0.9794666794909843,False,0.5311690465382807,0.17789741731660325,0.35327162922167743,0.7782070929972085,0.11555932424004192,1.1506718895002073,0.5311690465382807,0.6746861354889836,,,86,4,completed,passed,58492b5aeb8c0800f6d047aa972370020349d20b4c740009679a1db397bc5e02,a09375a8a7c6652fd2e5bdec0dc8b44fd82241de0b396f26d2d2ac7ccc2c083f
20260727T124837Z-stats-ceb-full-no-refit-v1__stats-ce--3ad4fbb43134--_no_refit__stats_ceb_multiregion_count__query_id-87,3,1,1,0.19317255551545606,0.9794666794909843,False,0.985687472951721,0.9742207188115782,0.002845772908136215,1.495491930684832,0.985687472951721,0.19317255551545606,0.011466754140142806,0.9182268395103111,,,87,3,completed,passed,b3b37f42f99454acfa7265decc49c469e11f699a4de987f31ba545faf0e45d2d,27eb14df09e41ae37eb6f73220d0921f8e62b4081a30cdb1a51ab8959ca4f148
20260727T124854Z-stats-ceb-full-no-refit-v1__stats-ce--3971c61af94f--_no_refit__stats_ceb_multiregion_count__query_id-88,3,2,2,0.6827102796882735,0.9794666794909843,False,0.529928505972936,0.20550410174006428,0.32442440423287167,0.8106301643678869,0.14564708979419239,1.072894099391605,0.529928505972936,0.6827102796882735,,,88,3,completed,passed,b23bd19ca52bd9f4067f0597211c2edbaa4461353f45366d396ddfdfe3b767e2,50421a6b08cb38f9d1a9d60edd5da8908294441dba11e03b5c4c198eb2ff88a4
20260727T124911Z-stats-ceb-full-no-refit-v1__stats-ce--2b40205a1d4d--_no_refit__stats_ceb_multiregion_count__query_id-90,3,1,1,0.40393282183399204,0.9794666794909843,False,0.8920568540989173,0.806519780435231,0.022406072237396296,1.4666231113746473,0.8920568540989173,0.40393282183399204,0.08553707366368636,0.9176825945285577,,,90,3,completed,passed,866c3dd7dbd1722f2ddb65f48638d1cc272feeca2da67b8979d442b5b125a892,33aefc43a26c522c78f6ae7a6a5373327af5df860790b5b99faf6181fe1800ac
20260727T124930Z-stats-ceb-full-no-refit-v1__stats-ce--057f0d8a3b25--_no_refit__stats_ceb_multiregion_count__query_id-91,3,1,1,0.16100937302697302,0.9794666794909843,False,0.9912589541124756,0.9842555584783154,0.0017376502533641989,1.484327806132214,0.9912589541124756,0.16100937302697302,0.007003395634160204,0.9112942303565218,,,91,3,completed,passed,341f2f35b175cd217bd0c4cce04e97160cf32ee7d19aca858487a8b7176985a3,cdea667002ec5a2fe1fbd27fd739d6da3b74af086f661417652f6439ddc88a74
20260727T124950Z-stats-ceb-full-no-refit-v1__stats-ce--689eb9dd8414--_no_refit__stats_ceb_multiregion_count__query_id-92,3,2,2,0.7086998045299158,0.9794666794909843,False,0.5179259065366484,0.20204716285741114,0.31587874367923724,0.8426046363526823,0.16619534978411446,1.0549682305386276,0.5179259065366484,0.7086998045299158,,,92,3,completed,passed,8759762bdcbfafad6b39442a8d5e863c3b6fc1b46d6d386f0efc3801f35749a8,2b7ad0128b6e38cb5c9322eeea6a7031da4940d1e7db976c53a9c328230da0eb
20260727T125006Z-stats-ceb-full-no-refit-v1__stats-ce--2ba6c6518311--_no_refit__stats_ceb_multiregion_count__query_id-93,3,1,1,0.783067957799014,0.9794666794909843,False,0.7006566543234226,0.4907397885816431,0.08942647993479791,1.6095821373257704,0.7006566543234226,0.783067957799014,0.20991686574177953,1.1940148404921276,,,93,3,completed,passed,1d58cad6dd99ddb190ea1bae78da4819a63e7cb2878f125b8d036e0f9ba1d3e0,905e6c2d25478deb5db0a2d2223c62fa13f7a4921f89e41a6705735512c98667
20260727T125059Z-stats-ceb-full-no-refit-v1__stats-ce--987611190541--_no_refit__stats_ceb_multiregion_count__query_id-94,3,1,1,0.19460543729824226,0.9794666794909843,False,0.9867893506830011,0.976383492529755,0.0028047911637528846,1.5148455083764136,0.9867893506830011,0.19460543729824226,0.010405858153246116,0.9573842171551994,,,94,3,completed,passed,c5ba88517a8abced8819ea2b6a8f3aba18abbe23bf624744afa56c4ee8a38b73,cdea667002ec5a2fe1fbd27fd739d6da3b74af086f661417652f6439ddc88a74
20260727T125118Z-stats-ceb-full-no-refit-v1__stats-ce--fd3faaa10393--_no_refit__stats_ceb_multiregion_count__query_id-95,3,1,1,0.4045008899974113,0.9794666794909843,False,0.8720235210529385,0.7680029193770086,0.02395587727113161,1.4233448143562775,0.8720235210529385,0.4045008899974113,0.10402060167592991,0.8513586927571666,,,95,4,completed,passed,4c8cc1de3a5112703c41dafc11c0e05a7f6e2268465845b94d1a6c835968eadb,6015d7b04189d428f9ef9513ed69a4a8ae95fa385db2c23b7df9069e023b3940
20260727T125142Z-stats-ceb-full-no-refit-v1__stats-ce--852f591d0b8d--_no_refit__stats_ceb_multiregion_count__query_id-96,3,2,2,0.6717909024402456,0.9794666794909843,False,0.5346582649395374,0.20271550242017145,0.33194276251936594,0.7937590619788958,0.1333989725410968,1.0920875302868416,0.5346582649395374,0.6717909024402456,,,96,4,completed,passed,0d81cb57db99665b2bc6b3fc4253c14df68f2981e9adbaff5149b61f943a2fda,31f2ee782c93cb48b04e840db647818eb38da676c3103e8e355605adcb2e3534
20260727T125158Z-stats-ceb-full-no-refit-v1__stats-ce--42450d7b2c45--_no_refit__stats_ceb_multiregion_count__query_id-97,3,0,0,0.751566258789646,0.9794666794909843,False,0.46844411884061804,0.05545726184782157,0.46844411884061804,0.751566258789646,0.11856902416658552,1.2156472312527316,0.41298685699279647,0.7854523085132029,,,97,4,completed,passed,767f9d723afd1a2b7d9ff796c5f4bbae22fbc8fdbdaf1895266dd337a8f89809,f3a62d657dcd7a547b3de3e66e1deeec251febc7448f055778d42aaafdb39b18
20260727T125243Z-stats-ceb-full-no-refit-v1__stats-ce--c7456aa7194e--_no_refit__stats_ceb_multiregion_count__query_id-98,3,1,1,0.5160947919926007,0.9794666794909843,False,0.8221567724141327,0.683734851160807,0.039421306332541754,1.4943686428793947,0.8221567724141327,0.5160947919926007,0.13842192125332567,0.9628128870124767,,,98,4,completed,passed,0135e976362087172a5e00b079b56568ec3e28755d497d85fcb60d36e4b2fabd,66a2dbc3b914996084816092192834e0be46f96044dc322cf0fde7cac66af85f
20260727T125315Z-stats-ceb-full-no-refit-v1__stats-ce--892b0264a82c--_no_refit__stats_ceb_multiregion_count__query_id-99,3,1,1,0.5903322361982595,0.9794666794909843,False,0.8074771468135381,0.665466523935686,0.050512230308609816,1.557411196587605,0.8074771468135381,0.5903322361982595,0.14201062287785216,1.084625453270772,,,99,4,completed,passed,b4bef12a10900f3f42235fbd901b95bfc50f3d9e693bacb40ee8619476e1177a,8afa0bbf7d3bad65bc2feb3babc3202087087dfcddb580dec7d08c9056de61f0
20260727T125449Z-stats-ceb-full-no-refit-v1__stats-ce--64b7a3f53030--no_refit__stats_ceb_multiregion_count__query_id-100,3,2,2,0.7235549959767806,0.9794666794909843,False,0.5108970854633514,0.19840516571344768,0.31249191974990376,0.859398652015103,0.176610994786745,1.049378199208491,0.5108970854633514,0.7235549959767806,,,100,4,completed,passed,81b7858c90e3e9cc121f48309a9693ad9b64ade12c89bf31e4aab4444014379f,7769d01e287f34187eae828e522f3b6dc63935f03036e7854b024241eaff767d
20260727T125505Z-stats-ceb-full-no-refit-v1__stats-ce--380f8e37fae8--no_refit__stats_ceb_multiregion_count__query_id-101,3,2,2,0.7796558889439172,0.9794666794909843,False,0.48510769367033185,0.18185533130641351,0.30325236236391834,0.9189986067651352,0.21163994396574984,1.0422865827786514,0.48510769367033185,0.7796558889439172,,,101,4,completed,passed,da31301f6efa9d20d611b560ab398832165d75728ed913d58fcd2ac66ccf3f02,9c1f143cc7217d8c6f5fe8ba6e45377d259fde6e3772b7a2e308c3e9e5780fde
20260727T125521Z-stats-ceb-full-no-refit-v1__stats-ce--f24af4e7f9c9--no_refit__stats_ceb_multiregion_count__query_id-102,3,1,1,0.42175496217962843,0.9794666794909843,False,0.8803325132455028,0.785903842016521,0.02523881552551545,1.4620506608181443,0.8803325132455028,0.42175496217962843,0.09442867122898176,0.9212981587511744,,,102,4,completed,passed,4fd960271cdf4c620521f584b64ef10ce63a306c1f08e30211451ca5284714ff,3574cb96277f50a4384c6fd620f5b7bdc339393bb3430db77e51fe95c4a25c43
20260727T125543Z-stats-ceb-full-no-refit-v1__stats-ce--ea7b4617c3ff--no_refit__stats_ceb_multiregion_count__query_id-103,3,0,0,0.7515662211650909,0.9794666794909843,False,0.46844414096543663,0.05545729487308393,0.46844414096543663,0.7515662211650909,0.11856901294221071,1.2156472307688873,0.4129868460923527,0.7854522894322733,,,103,4,completed,passed,913fee336f4cc28b173fb1c9c3459fb68828fd343d51605d3601dbd455b07e88,de39a0326c86d8f51f456a50cd6e82ef3e1dd9ee8d1b3d975ba39011fa52202e
20260727T130133Z-stats-ceb-full-no-refit-v1__stats-ce--84d00162b479--no_refit__stats_ceb_multiregion_count__query_id-107,3,0,0,0.751566326470286,0.9794666794909843,False,0.4684440790415864,0.05545720244063512,0.4684440790415864,0.751566326470286,0.1185690443574623,1.2156472321231262,0.4129868766009513,0.7854523428368125,,,107,4,completed,passed,19ba9d19bd270465b1dfabe24c661b6c91b2a30522ec99475c49e10adbbdb00d,c1be1af06ee8d2c57fcbe1e1a4ae92f4eb2b12fb1adba7339ec8650058d53b88
20260727T130341Z-stats-ceb-full-no-refit-v1__stats-ce--d1b347af3b71--no_refit__stats_ceb_multiregion_count__query_id-109,3,2,2,0.6671194297714806,0.9794666794909843,False,0.5352819965319343,0.19260502441674493,0.3426769721151894,0.7798261425195506,0.12204103135287626,1.1192586469723635,0.5352819965319343,0.6671194297714806,,,109,5,completed,passed,84c6b659cc2ce6d211562e1739942475d7b1c8455413bb2d0c7cc9e4e1b6402b,2dab8b4e12ebf47b9ae58bccdeefabe89fbf8c993674fd99792c2b5ee365dee8
20260727T130356Z-stats-ceb-full-no-refit-v1__stats-ce--1abc04aa22a1--no_refit__stats_ceb_multiregion_count__query_id-110,3,1,1,0.7540775602549264,0.9794666794909843,False,0.6767181472651734,0.44040515951137393,0.08696886498102711,1.5462560950895257,0.6767181472651734,0.7540775602549264,0.23631298775379952,1.089778155946933,,,110,5,completed,passed,fb07ef2f28600a60cfac8a2ec3a23dcf41aae3490bb2f110187183569a719f4f,97b5d901315c11ac4f745ad85995315fafd133e27d753aef3193a69982b3fc27
20260727T130424Z-stats-ceb-full-no-refit-v1__stats-ce--3b5e49bb29a5--no_refit__stats_ceb_multiregion_count__query_id-111,3,1,1,0.3908799456281932,0.9794666794909843,False,0.882438353801081,0.7868309505377407,0.021954242935578572,1.423972026427132,0.882438353801081,0.3908799456281932,0.0956074032633404,0.8508654472657559,,,111,5,completed,passed,5b8eaf39e20f76488b3c41a67b46e0ae4afa998ccec132cea1fd0c01d6940976,8f826647edbbaf95f4b45a0f649525eb2c9bab1f7401035698c29cad641b4ff9
20260727T130446Z-stats-ceb-full-no-refit-v1__stats-ce--e64c0470e55f--no_refit__stats_ceb_multiregion_count__query_id-112,3,1,1,0.5574486496879595,0.9794666794909843,False,0.7565489050198749,0.5632170286083963,0.050119218568646415,1.4414391662837658,0.7565489050198749,0.5574486496879595,0.19333187641147861,0.8986521281797107,,,112,5,completed,passed,f54721bf6ca8b3ddeac0f8796d3b05a69f9bd907f878bffbd1a536e3be1158ea,26e8bb2c5d962cfecb7b520df7d7e2fdeb71aa4062513fe026acc1da63f16d13
20260727T130507Z-stats-ceb-full-no-refit-v1__stats-ce--3efb33ba5e98--no_refit__stats_ceb_multiregion_count__query_id-113,3,1,1,0.3822182198070476,0.9794666794909843,False,0.9030677073801209,0.8259306530654209,0.0197952383051791,1.4555168512057244,0.9030677073801209,0.3822182198070476,0.07713705431469992,0.9042144171535722,,,113,4,completed,passed,1ebee6f082d58da0c91b534193fbfdd348cf99b4ab938028741a1b978001014a,59491ab9f1133a6cfc92830c6eac00d8fbf214fb372b2b373ff8668b0d6281f5
20260727T130916Z-stats-ceb-full-no-refit-v1__stats-ce--f9e8950598b1--no_refit__stats_ceb_multiregion_count__query_id-115,3,1,1,0.44559844760368306,0.9794666794909843,False,0.853837048061524,0.7367766446651407,0.02910254854209253,1.4539486199852245,0.853837048061524,0.44559844760368306,0.11706040339638338,0.8932672499578617,,,115,4,completed,passed,485f4ce398b6449060faa377d7f1fb92f6476afaabc99f1f79ab5844ec28ed7c,da89d924595c898e45c3bfa8b180f0573aaa865b6a470078a719d2336d065f65
20260727T130948Z-stats-ceb-full-no-refit-v1__stats-ce--7067f463b57a--no_refit__stats_ceb_multiregion_count__query_id-116,3,0,0,0.7515662016351278,0.9794666794909843,False,0.46844415244987947,0.05545731201567761,0.46844415244987947,0.7515662016351278,0.11856900711591868,1.2156472305177415,0.41298684043420186,0.7854522795278456,,,116,4,completed,passed,68c5101a61b450ca7378c405e1240b29150dca6b19c95b5d99aec83d8b36e6e1,f58662f20d0e7f0696a70ca0c80019160e78d151dcbfb1bff2670f875dc70d21
20260727T131023Z-stats-ceb-full-no-refit-v1__stats-ce--bb01246ce148--no_refit__stats_ceb_multiregion_count__query_id-117,3,1,1,0.1491461238536479,0.9794666794909843,False,0.9929801069651746,0.9873218807996756,0.0013616668693263595,1.4983606465183588,0.9929801069651746,0.1491461238536479,0.005658226165498981,0.9101292181632294,,,117,4,completed,passed,7867c5d130d2088732e5937fbc02d744aa11d92ab813235273f0c103a60dde78,c41639e402894b57c9b4ba5158863e7c6352d05982aebaac9ebf9b7bac9a3686
20260727T131047Z-stats-ceb-full-no-refit-v1__stats-ce--3e4025774092--no_refit__stats_ceb_multiregion_count__query_id-118,3,2,2,0.7796543762296864,0.9794666794909843,False,0.4851105127519457,0.18186475056041324,0.3032457621915325,0.9190056935546644,0.21164372505652168,1.042280163110696,0.4851105127519457,0.7796543762296864,,,118,4,completed,passed,900d33801d5a36f431cbc5249ae469d36259e434ae2591c71663a0cdf2e021ff,9c4dce4d0dcc698569e83746409305d2b49f3845064839e2f0d07358a70f0a87
20260727T131103Z-stats-ceb-full-no-refit-v1__stats-ce--a308b1d82662--no_refit__stats_ceb_multiregion_count__query_id-119,3,0,0,0.7515662069375,0.9794666794909843,False,0.4684441493318603,0.05545730736147397,0.4684441493318603,0.7515662069375,0.11856900869775323,1.215647230585927,0.4129868419703863,0.785452282216891,,,119,4,completed,passed,668dd7b6cddfee79b6e337b39ce0b6af438f2574ea423a5d534cda9340c1d110,2e909abb1183919d02b4ae5f58764dca05ede5fd5764fa9d9cced59edea2f7d3
20260727T131136Z-stats-ceb-full-no-refit-v1__stats-ce--127cd0e50e0b--no_refit__stats_ceb_multiregion_count__query_id-121,3,0,0,0.751566202212046,0.9794666794909843,False,0.4684441521106271,0.055457311509282514,0.4684441521106271,0.751566202212046,0.1185690072880283,1.2156472305251602,0.4129868406013446,0.7854522798204239,,,121,4,completed,passed,cd1aac3248f66f496ea172366c21ed14c8c29b8f14b025247ea228f09d948572,43fd57cf6c236601b5593a65ec581fc93d29cd5ffb47bf93febdedf98ba1fca6
20260727T131207Z-stats-ceb-full-no-refit-v1__stats-ce--c931fe3227bd--no_refit__stats_ceb_multiregion_count__query_id-123,3,1,1,0.3768031463926552,0.9794666794909843,False,0.9063129527853139,0.8317123900125043,0.019086484441876668,1.455150142169833,0.9063129527853139,0.3768031463926552,0.07460056277280958,0.9030299401796248,,,123,4,completed,passed,dc99c506b3ea9c9c80d799a0ef2057beb877f7f4e617bab0d076d7395f77c236,55ff16f42abbfc4e1559576f2625da86f588bf539fc0c2f313684db75bc37418
20260727T131327Z-stats-ceb-full-no-refit-v1__stats-ce--f8ea0a3d067d--no_refit__stats_ceb_multiregion_count__query_id-124,3,1,1,0.5643920353146666,0.9794666794909843,False,0.7729328387499855,0.5958267501247008,0.049961072624729846,1.472005315392289,0.7729328387499855,0.5643920353146666,0.17710608862528474,0.9452545356322744,,,124,4,completed,passed,56f4868442ecc3912b9190ecb8a0591b4e3cf0067c6f1fc2bdac2b78b28d09a8,6029f62d036d21c7298b5b3ab3c72400a0a881cdeebd9449b6d75680e66a8b19
20260727T131357Z-stats-ceb-full-no-refit-v1__stats-ce--8c4afd677aa9--no_refit__stats_ceb_multiregion_count__query_id-125,3,0,0,0.7515661820682269,0.9794666794909843,False,0.4684441639560461,0.05545732919069918,0.4684441639560461,0.7515661820682269,0.11856900127860691,1.2156472302661243,0.4129868347653469,0.7854522696046882,,,125,4,completed,passed,ce34782100b9b23853a5c4921acb47dfccbe1c3d4a0a2e594dcfdfae2d55612c,0878aa2aac56bdee566ac0016f5afdc4020e8ef04774236554c59ec5dd87f4c8
20260727T131430Z-stats-ceb-full-no-refit-v1__stats-ce--25359a07acac--no_refit__stats_ceb_multiregion_count__query_id-127,3,2,2,0.6718380301412731,0.9794666794909843,False,0.5327547743552687,0.2026089237674208,0.33014585058784796,0.794332096550052,0.13709937505688335,1.0804053852862912,0.5327547743552687,0.6718380301412731,,,127,5,completed,passed,3253f7fa59257657623c63a46dab316c7d4b7402835e015d61be0026c9a5da73,31f2ee782c93cb48b04e840db647818eb38da676c3103e8e355605adcb2e3534
20260727T131445Z-stats-ceb-full-no-refit-v1__stats-ce--8a66e3514ef9--no_refit__stats_ceb_multiregion_count__query_id-128,3,2,2,0.6717673617265486,0.9794666794909843,False,0.5327310886133908,0.20252385293742703,0.3302072356759638,0.7941845044579309,0.1370616757106454,1.0803789182837413,0.5327310886133908,0.6717673617265486,,,128,5,completed,passed,16fe97aea412fb127c2bec000ef1d47f6cf11254685b0b3a9217149beb506553,2b7ad0128b6e38cb5c9322eeea6a7031da4940d1e7db976c53a9c328230da0eb
20260727T131500Z-stats-ceb-full-no-refit-v1__stats-ce--0b203d14eb3f--no_refit__stats_ceb_multiregion_count__query_id-129,3,1,1,0.25678607519271346,0.9794666794909843,False,0.9674924950138192,0.9414600924567288,0.0064751024290904844,1.4811935292197027,0.9674924950138192,0.25678607519271346,0.026032402557090373,0.9101608341703232,,,129,5,completed,passed,ea281186766148baea6cdffa39ee11a5b9c3d6d6599cb37add355bb03e1e0d99,be123b1704b994f96ebd8db41d419e5e6dce35a701a3f7f709592c4682272447
20260727T131521Z-stats-ceb-full-no-refit-v1__stats-ce--2315e0472c88--no_refit__stats_ceb_multiregion_count__query_id-130,3,0,0,0.7515662542758469,0.9794666794909843,False,0.46844412149492093,0.05545726580984478,0.46844412149492093,0.7515662542758469,0.1185690228200029,1.2156472311946842,0.41298685568507615,0.7854523062240727,,,130,5,completed,passed,34b83458ae15f0d8a35f5fe9382b4649c885b870f4746ce9f2bd1589c991ba28,3784715d462fc3c49835c4488ee9185eab79f5de30ff2d51b709ff84d7913c10
20260727T131605Z-stats-ceb-full-no-refit-v1__stats-ce--521a6a556a0f--no_refit__stats_ceb_multiregion_count__query_id-131,3,0,0,0.7515662855722068,0.9794666794909843,False,0.46844410309135404,0.05545723833922117,0.46844410309135404,0.7515662855722068,0.11856903215651315,1.2156472315971585,0.41298686475213287,0.7854523220957262,,,131,5,completed,passed,7f4149ac26344918c5eca57e6282ddf8206e2ddf4954b5c657136184fe5618ed,7af13bc19f1eef2887f77f9b74e911d2575b7921af9a4c70b892899135fc0833
20260727T131659Z-stats-ceb-full-no-refit-v1__stats-ce--8a1a9579cea7--no_refit__stats_ceb_multiregion_count__query_id-133,3,1,1,0.8539461512857568,0.9794666794909843,False,0.602956836098579,0.31413647115062426,0.10822279895346637,1.5578265350076193,0.602956836098579,0.8539461512857568,0.2888203649479547,1.1048693584170806,,,133,5,completed,passed,dcf12b2735d10c571d6c5ba90866e81b9ea732c26e9ed366cdcae2d0d24e5603,8ae62fc8cfe139c4cd71a103a2eca991cf45de7a35183620304d11b84e77a0d5
20260727T131741Z-stats-ceb-full-no-refit-v1__stats-ce--90f8401b547e--no_refit__stats_ceb_multiregion_count__query_id-134,3,0,0,0.7515662621894822,0.9794666794909843,False,0.4684441168413721,0.05545725886358843,0.4684441168413721,0.7515662621894822,0.11856902518084421,1.2156472312964535,0.4129868579777837,0.7854523102373975,,,134,5,completed,passed,dd2e9c54667e701123c3ed7862dbfe24f9a0928da9d87a854894e92781bfc03a,121d84557a4a3e9423c8a0d132e12b36de8ba528da7dd3574bc029f60b27d2c8
20260727T131825Z-stats-ceb-full-no-refit-v1__stats-ce--f9de1e665444--no_refit__stats_ceb_multiregion_count__query_id-136,3,0,0,0.7515663105099274,0.9794666794909843,False,0.46844408842693797,0.05545721644995294,0.46844408842693797,0.7515663105099274,0.11856903959607688,1.2156472319178668,0.412986871976985,0.7854523347426613,,,136,5,completed,passed,776f922d4ecbabe26003b391bf51f94f31f6387994bdbc4175b0c0fca7647fdb,3e99f2ced3e33db91771dea4d49530d94455e0e3b9647b285fd92097f8b83c55
20260727T131940Z-stats-ceb-full-no-refit-v1__stats-ce--c2c0f5e0d091--no_refit__stats_ceb_multiregion_count__query_id-137,3,0,0,0.7515661945662916,0.9794666794909843,False,0.46844415660665417,0.05545731822041089,0.46844415660665417,0.7515661945662916,0.11856900500710241,1.2156472304268404,0.4129868383862433,0.785452275942956,,,137,5,completed,passed,83b90f8c6364a6608ce050c3a1ea00cabab85a2accfa36ed12a5879d0878233b,e85579d1373689bcc979d045fac715db6dd7e5c03081ff7bbbbe94746bd3ecea
20260727T132012Z-stats-ceb-full-no-refit-v1__stats-ce--e848245a93b8--no_refit__stats_ceb_multiregion_count__query_id-138,3,1,1,0.23085336325257408,0.9794666794909843,False,0.979096274141933,0.9626849763451656,0.004492428061299442,1.5196959265575258,0.979096274141933,0.23085336325257408,0.016411297796767428,0.9656618431566178,,,138,5,completed,passed,62b66e40d97e60364e5ecbcd657bdc0abcdfe3133c21e31a7c67a2c509a98a5a,6015d7b04189d428f9ef9513ed69a4a8ae95fa385db2c23b7df9069e023b3940
20260727T132037Z-stats-ceb-full-no-refit-v1__stats-ce--df5c5c659377--no_refit__stats_ceb_multiregion_count__query_id-139,3,1,1,0.32524336844073415,0.9794666794909843,False,0.936425870886156,0.8857902105447797,0.012938468772467675,1.4556773777646164,0.936425870886156,0.32524336844073415,0.050635660341376364,0.9029513969087508,,,139,6,completed,passed,3d0a88b607b4fcb4f5f3f0a8792adf95314786a39271a7715bcbf1794d471c99,138f52f04036dc40b28dd68bb76b4b050c0f69314ba7ddfaa6b92e26e42105ff
20260727T132200Z-stats-ceb-full-no-refit-v1__stats-ce--15cc6ad9a739--no_refit__stats_ceb_multiregion_count__query_id-140,3,0,0,0.7515663297148063,0.9794666794909843,False,0.4684440771336745,0.055457199592734985,0.4684440771336745,0.7515663297148063,0.11856904532538609,1.215647232164853,0.4129868775409395,0.7854523444822418,,,140,7,completed,passed,0f6bdcd9d9ed7b4ef0ada1dea0fbf0a9b48aaa4cdf305f6d050905be22ae821f,2b617d1a221929392d09da47b16724724142b81e855460c5a94d58705cc91791
20260727T132401Z-stats-ceb-full-no-refit-v1__stats-ce--a82d36999fed--no_refit__stats_ceb_multiregion_count__query_id-141,3,1,1,0.6947542029602791,0.9794666794909843,False,0.6929941046068153,0.46722772691140757,0.08123951769777688,1.4711872552995502,0.6929941046068153,0.6947542029602791,0.22576637769540775,1.0287403609536443,,,141,7,completed,passed,7599c44a7c58c7a7cf0115878a831a79e45fce3f75aaace4d7493f6cde8cd3bf,5845b6d044729415666396a9f33974e1af9fad54750cfb8480be764e29bfd126
20260727T132906Z-stats-ceb-full-no-refit-v1__stats-ce--f6c5964c7097--no_refit__stats_ceb_multiregion_count__query_id-142,3,0,0,0.7515663301926836,0.9794666794909843,False,0.4684440768526628,0.05545719917327485,0.4684440768526628,0.7515663301926836,0.11856904546794916,1.2156472321709988,0.41298687767938796,0.785452344724593,,,142,7,completed,passed,48c8ffbb3668fb02193e5f4ba0eb91bace61c7c1960d81a28a94da300caa2015,5c5c034be257d5f5b51a4a71c2e3c6de43ecc3b594f2d18ee6ccebb0630e0d15
20260727T133119Z-stats-ceb-full-no-refit-v1__stats-ce--7289a6252abd--no_refit__stats_ceb_multiregion_count__query_id-143,3,0,0,0.7515663178047813,0.9794666794909843,False,0.46844408413726163,0.055457210046842786,0.46844408413726163,0.7515663178047813,0.11856904177231946,1.2156472320116825,0.41298687409041884,0.7854523384421802,,,143,7,completed,passed,66b3253f99ac24e683b9e1e8ccaff90d20eee115ce6884135fb800884dff7ff0,0ff4f319f8d80b755fd41a1118cd47443cfed0116ff5307aaeb34c6c2359bc5d
20260727T133249Z-stats-ceb-full-no-refit-v1__stats-ce--38b46bc207e5--no_refit__stats_ceb_multiregion_count__query_id-144,3,1,1,0.3785439666012336,0.9794666794909843,False,0.9074865144323738,0.8337756407370196,0.01880261187227204,1.4702257610969023,0.9074865144323738,0.3785439666012336,0.07371087369535421,0.9114321543750246,,,144,6,completed,passed,d6acf31cae2f2848b3d2142bb4be1ec73a44858825863b08cfe6ff0e9c7c9b68,93f88c5fafa9ab6e4488e7db969072d1a864dedc6c21eef2038f5891ef0bf500
20260727T133321Z-stats-ceb-full-no-refit-v1__stats-ce--884fb2f9b52f--no_refit__stats_ceb_multiregion_count__query_id-145,3,2,2,0.6689906865285422,0.9794666794909843,False,0.5344179218719175,0.20100134300093003,0.33341657887098747,0.7891015741333753,0.13216549925709503,1.0909053993701363,0.5344179218719175,0.6689906865285422,,,145,6,completed,passed,2ecd4dc64460e26942ec987d5090d629867b61fd3f7e772147226d92ff4417ec,9147918ff43b4da8e96d4b22e33f6f05a4e119c58706e7199f1f81a831293923
20260727T133337Z-stats-ceb-full-no-refit-v1__stats-ce--5eec9cca207b--no_refit__stats_ceb_multiregion_count__query_id-146,3,1,1,0.3186461163753612,0.9794666794909843,False,0.938742793589921,0.8896087390478639,0.012123151868021913,1.4602745099112606,0.938742793589921,0.3186461163753612,0.04913405454205709,0.8947795175719948,,,146,6,completed,passed,838b04b389107f878c9b5152d22e5fafa95ff1670f2bafa33be5cd296b3ca0e7,f673ed8c1e9d74c25bb43508dc7c7f5a035c80ff46240fa586c02f950c6ce4ed
20260727T115549Z-stats-ceb-full-no-refit-v1__stats-ce--6ad9e47ac3c4--l_no_refit__stats_ceb_multiregion_count__query_id-1,4,2,2,0.3401785918580076,0.992091252236214,False,0.7522118850936712,0.5970678270600454,0.15514405803362588,0.5911105962030868,0.07653707075313468,0.7569564659531869,0.7522118850936712,0.3401785918580076,0.01610698611956836,1.3060838111149402,1,2,completed,passed,1b7f46eaa898c44ab92b5aaf27f6c326cfa87884e2c69ec59d17ff1ad961a892,8a03e9825460266c1c5ee6b8115fa4d46cc72fa4e44bea59b3694a1eb82ca698
20260727T115605Z-stats-ceb-full-no-refit-v1__stats-ce--efd1bcfe46ec--l_no_refit__stats_ceb_multiregion_count__query_id-2,4,2,2,0.698545747668276,0.992091252236214,False,0.3511146301001585,0.016672497189106072,0.3344421329110524,0.710541801475985,0.10075981220054638,1.0813129520509195,0.3511146301001585,0.698545747668276,0.21368342478824284,0.8311553119675233,2,2,completed,passed,a61e765b750266651be18049831f4d520db4ce84c984e9f99093f87fd948b4b1,53ef019da633214c1a4aefc987769626492e4f2acfd3604842e698cc16067cc5
20260727T115622Z-stats-ceb-full-no-refit-v1__stats-ce--bac3f3236be8--l_no_refit__stats_ceb_multiregion_count__query_id-3,4,3,3,0.7709551725502221,0.992091252236214,False,0.34837318273515855,0.013979844205460168,0.3343933385296984,0.7820861792186247,0.09257567532246072,1.2259446597666381,0.22465780341268227,0.8989017985629207,0.34837318273515855,0.7709551725502221,3,2,completed,passed,64790af6df6f8a86d63bc52560bcdc24f162667988c855776f540685a0c84c52,ec06ae4326c16ee501174319925a70a441aaea975b2991d87836835405075474
20260727T115653Z-stats-ceb-full-no-refit-v1__stats-ce--191e461955c5--l_no_refit__stats_ceb_multiregion_count__query_id-4,4,3,3,0.7709551796580546,0.992091252236214,False,0.3483731787920777,0.013979840862395954,0.33439333792968173,0.7820861838220159,0.092575676693979,1.225944659855806,0.22465780658426163,0.8989017988478168,0.3483731787920777,0.7709551796580546,4,2,completed,passed,73ff659f068119a4d56c0093c084293660d444cef14141610aef50dfaf372bec,2b7ad0128b6e38cb5c9322eeea6a7031da4940d1e7db976c53a9c328230da0eb
20260727T115724Z-stats-ceb-full-no-refit-v1__stats-ce--359439826350--l_no_refit__stats_ceb_multiregion_count__query_id-5,4,3,3,0.7709551333008592,0.992091252236214,False,0.3483732045088092,0.013979862665827736,0.3343933418429815,0.7820861537987608,0.09257566774895352,1.2259446592742627,0.2246577858992558,0.8989017969897404,0.3483732045088092,0.7709551333008592,5,2,completed,passed,57b85d27a5f8a070105f5fcd9bd17528ce2d4c7dfdf94a380911013b63125a00,2b7ad0128b6e38cb5c9322eeea6a7031da4940d1e7db976c53a9c328230da0eb
20260727T115756Z-stats-ceb-full-no-refit-v1__stats-ce--dd2302266d0c--l_no_refit__stats_ceb_multiregion_count__query_id-6,4,2,2,0.6969980875590066,0.992091252236214,False,0.35122943701488635,0.016897869441321545,0.3343315675735648,0.7091307523505281,0.1004339228620436,1.0802648744870407,0.35122943701488635,0.6969980875590066,0.21400507254950524,0.8289722266757971,6,2,completed,passed,93b0cc62f1504adf379208285a7f2914ae8145a59621baeda34f85d7b89ac94c,53ef019da633214c1a4aefc987769626492e4f2acfd3604842e698cc16067cc5
20260727T115811Z-stats-ceb-full-no-refit-v1__stats-ce--1a7eeba369e7--l_no_refit__stats_ceb_multiregion_count__query_id-7,4,3,3,0.7709551980897723,0.992091252236214,False,0.348373168567056,0.013979832193311559,0.33439333637374447,0.7820861957593284,0.09257568025053954,1.2259446600870347,0.22465781480866,0.8989017995865997,0.348373168567056,0.7709551980897723,7,3,completed,passed,3d328c39b00b8e4acb3138224a49b9b217c7d245fe80bad2c7fadd4defe66180,2b7ad0128b6e38cb5c9322eeea6a7031da4940d1e7db976c53a9c328230da0eb
20260727T115842Z-stats-ceb-full-no-refit-v1__stats-ce--f8f54b110303--l_no_refit__stats_ceb_multiregion_count__query_id-8,4,3,3,0.7709550948790137,0.992091252236214,False,0.3483732258234042,0.013979880736998018,0.33439334508640617,0.7820861289148475,0.09257566033512238,1.225944658792283,0.22465776875506713,0.8989017954497479,0.3483732258234042,0.7709550948790137,8,3,completed,passed,8fd53776ecb8506af48a295c2d90bf1787bce1c3aa7ecbcc11646600c0e4d6ca,2b7ad0128b6e38cb5c9322eeea6a7031da4940d1e7db976c53a9c328230da0eb
20260727T115914Z-stats-ceb-full-no-refit-v1__stats-ce--12174756d103--l_no_refit__stats_ceb_multiregion_count__query_id-9,4,1,1,0.40274361347193194,0.992091252236214,False,0.8085744704902972,0.7225876568947273,0.08495989001058624,0.8861470407922457,0.8085744704902972,0.40274361347193194,0.08598681359556988,0.8824284906808926,0.020478825903546577,1.4580549853960363,9,3,completed,passed,1c55e777bb92043d09ee71038733d480fed686ce4cb09af6be8d774f142f601a,8a03e9825460266c1c5ee6b8115fa4d46cc72fa4e44bea59b3694a1eb82ca698
20260727T115933Z-stats-ceb-full-no-refit-v1__stats-ce--d73e9910fa0f--_no_refit__stats_ceb_multiregion_count__query_id-10,4,3,3,0.7709551817940207,0.992091252236214,False,0.3483731776071473,0.01397983985777601,0.3343933377493713,0.7820861852053755,0.09257567710613225,1.2259446598826018,0.22465780753734904,0.8989017989334307,0.3483731776071473,0.7709551817940207,10,3,completed,passed,abb5c8c34b7648e3ea61615119f5fa25b72554ab166b5080db6ccc255f16032a,2b7ad0128b6e38cb5c9322eeea6a7031da4940d1e7db976c53a9c328230da0eb
20260727T120003Z-stats-ceb-full-no-refit-v1__stats-ce--4c6ad677a93d--_no_refit__stats_ceb_multiregion_count__query_id-11,4,3,3,0.770955135367974,0.992091252236214,False,0.34837320336207356,0.013979861693590112,0.33439334166848345,0.7820861551375283,0.0925756681478214,1.225944659300194,0.22465778682162163,0.8989017970725932,0.34837320336207356,0.770955135367974,11,3,completed,passed,f8de8fdf074f6da0cebf3081bc9cb30f8e855a7a41772ff10ab1e77bff1b3a6e,2b7ad0128b6e38cb5c9322eeea6a7031da4940d1e7db976c53a9c328230da0eb
20260727T120036Z-stats-ceb-full-no-refit-v1__stats-ce--98dedb4548e0--_no_refit__stats_ceb_multiregion_count__query_id-12,4,1,1,0.5109477852787674,0.992091252236214,False,0.6622217117514131,0.49106009524120714,0.17116161651020595,0.8204185731729278,0.6622217117514131,0.5109477852787674,0.1308874822750563,0.9011838011333089,0.035729189463324776,1.4196118275328988,12,3,completed,passed,730e334404a48ccf6c6cc497f1e77a4a9fe72a4542f74286890ac02873b31c8f,8a03e9825460266c1c5ee6b8115fa4d46cc72fa4e44bea59b3694a1eb82ca698
20260727T120054Z-stats-ceb-full-no-refit-v1__stats-ce--705b678c2f15--_no_refit__stats_ceb_multiregion_count__query_id-13,4,1,1,0.34785091875602325,0.992091252236214,False,0.846515569724964,0.7611862470100004,0.0543646926178302,0.9092942807961282,0.846515569724964,0.34785091875602325,0.08532932271496367,0.7765706683931566,0.013790414942242134,1.4696479747980347,13,3,completed,passed,3025234f33590352dc5dca7339411d8a9bdef0c4f41fb307b71cb3b628a6218d,8a03e9825460266c1c5ee6b8115fa4d46cc72fa4e44bea59b3694a1eb82ca698
20260727T120111Z-stats-ceb-full-no-refit-v1__stats-ce--8634fbcdddb7--_no_refit__stats_ceb_multiregion_count__query_id-14,4,3,3,0.7709551909282791,0.992091252236214,False,0.3483731725399042,0.01397983556161303,0.33439333697829116,0.782086191121183,0.09257567886866705,1.2259446599971924,0.22465781161313755,0.898901799299551,0.3483731725399042,0.7709551909282791,14,3,completed,passed,96803022a543daffd0da86a15e72d68ce6611900e4d67ac2c8df3ddc03f98f8a,50421a6b08cb38f9d1a9d60edd5da8908294441dba11e03b5c4c198eb2ff88a4
20260727T120143Z-stats-ceb-full-no-refit-v1__stats-ce--fa1db4e3efb6--_no_refit__stats_ceb_multiregion_count__query_id-15,4,2,2,0.7026507522004452,0.992091252236214,False,0.34661323300408114,0.008346446244338446,0.3382667867597427,0.7086708006934238,0.10023448149994321,1.084749134722699,0.34661323300408114,0.7026507522004452,0.2148854987362329,0.8306399716680662,15,3,completed,passed,b23bd19ca52bd9f4067f0597211c2edbaa4461353f45366d396ddfdfe3b767e2,53ef019da633214c1a4aefc987769626492e4f2acfd3604842e698cc16067cc5
20260727T120200Z-stats-ceb-full-no-refit-v1__stats-ce--eb48bb0b100d--_no_refit__stats_ceb_multiregion_count__query_id-16,4,0,0,0.6875181505193854,0.992091252236214,False,0.365231503406921,0.05318689248972419,0.365231503406921,0.6875181505193854,0.09452461583655987,1.1034237477344748,0.3120446109171968,0.7264524764207836,0.2281992698393222,0.8105374042264675,16,3,completed,passed,76eea6dffafa94b26b52cbd55ab48a2acd680e58152b8ffcbe9bb194dceea774,53ef019da633214c1a4aefc987769626492e4f2acfd3604842e698cc16067cc5
20260727T120215Z-stats-ceb-full-no-refit-v1__stats-ce--e61d25524c7c--_no_refit__stats_ceb_multiregion_count__query_id-17,4,1,1,0.1790924722270059,0.992091252236214,False,0.9789531247215116,0.9673748586586376,0.007330657504215023,0.9932166018104144,0.9789531247215116,0.1790924722270059,0.011578266062874008,0.8463865662788619,0.0021379517113992354,1.5287790878230294,17,3,completed,passed,2ca7ef20cab7c066627d487ae08e103f2fd233005b039c85944f8124d9f9202f,db9edd4b62cb130629216e9f1d52ea2fcf937094284eec209deb6239204134b4
20260727T120234Z-stats-ceb-full-no-refit-v1__stats-ce--b1b6578c060b--_no_refit__stats_ceb_multiregion_count__query_id-18,4,1,1,0.3288031304751917,0.992091252236214,False,0.8873660562797946,0.8207571951374527,0.03495068666183186,1.0199113586775972,0.8873660562797946,0.3288031304751917,0.06660886114234192,0.8138338039040268,0.011074395916031635,1.5249651255549088,18,3,completed,passed,bbc42eac44e47f43b3ef8c0160b220da63138dfbbc7ed03865900b0ee34809ee,db9edd4b62cb130629216e9f1d52ea2fcf937094284eec209deb6239204134b4
20260727T120253Z-stats-ceb-full-no-refit-v1__stats-ce--6fb8a6573a07--_no_refit__stats_ceb_multiregion_count__query_id-19,4,2,2,0.33324858006697633,0.992091252236214,False,0.767621715189658,0.6243429171874545,0.14327879800220358,0.5996615051266382,0.07378877540785453,0.7564378294608062,0.767621715189658,0.33324858006697633,0.015310711400283838,1.311660578542391,19,3,completed,passed,742a9b3ee791f350d6e485d68a5a96ffd06a6e369a34e553faa6573f9493145d,db9edd4b62cb130629216e9f1d52ea2fcf937094284eec209deb6239204134b4
20260727T120309Z-stats-ceb-full-no-refit-v1__stats-ce--f90b8fa6e1c6--_no_refit__stats_ceb_multiregion_count__query_id-20,4,2,2,0.6747403975999325,0.992091252236214,False,0.4498378615497259,0.2004395633245708,0.24939829822515508,0.8294564617378152,0.12574378105497488,1.0541102453987896,0.4498378615497259,0.6747403975999325,0.17502005917014427,0.9389134828219424,20,3,completed,passed,4daf11026a557a5cb7c2924268678414224b8f88bfc3ecdd308cac05851ea5f2,53ef019da633214c1a4aefc987769626492e4f2acfd3604842e698cc16067cc5
20260727T120324Z-stats-ceb-full-no-refit-v1__stats-ce--06d3fdce2b76--_no_refit__stats_ceb_multiregion_count__query_id-21,4,2,2,0.7006004461975518,0.992091252236214,False,0.3490132981513703,0.012730644853548079,0.3362826532978222,0.7097714690753688,0.10054190640476841,1.0830377892414444,0.3490132981513703,0.7006004461975518,0.21416214214603907,0.8311992735564229,21,3,completed,passed,7a45f48fb1d962e3e97b598bcc56f863608bb9361cbdce3ef56a9fd6fad53c3b,53ef019da633214c1a4aefc987769626492e4f2acfd3604842e698cc16067cc5
20260727T120339Z-stats-ceb-full-no-refit-v1__stats-ce--9fd2158832f7--_no_refit__stats_ceb_multiregion_count__query_id-22,4,3,3,0.7709551905424651,0.992091252236214,False,0.34837317275393503,0.013979835743074764,0.33439333701086027,0.7820861908713103,0.09257567879422086,1.2259446599923522,0.22465781144098382,0.8989017992840868,0.34837317275393503,0.7709551905424651,22,3,completed,passed,61fd68f7b69b9b172162340cce120950d40cc2700efff5eb793d6ef2a937654e,0d5f4f0f434da6ba770502d9c82d3918e338fe4bf9f9f10d7ac0aba9168a037d
20260727T120410Z-stats-ceb-full-no-refit-v1__stats-ce--5818fe568b14--_no_refit__stats_ceb_multiregion_count__query_id-23,4,2,2,0.39991615859356305,0.992091252236214,False,0.5115165795239401,0.11078673806462364,0.4007298414593165,0.4355838435201605,0.06895696494588008,0.8064315381082564,0.5115165795239401,0.39991615859356305,0.018796614070863294,1.2709895613490094,23,3,completed,passed,8d3fc6a3778d2331edc361564e90fba96025185ae6a4ab98e0ee37d338d4b29c,b0ccfed2dc179f83477b412aaf1b4587f19d86f9c7fa5ae4e3bb07577d0f53c5
20260727T120426Z-stats-ceb-full-no-refit-v1__stats-ce--d2a47dcf4b80--_no_refit__stats_ceb_multiregion_count__query_id-24,4,0,0,0.6804073283089458,0.992091252236214,False,0.36513278311119035,0.05348966819313539,0.36513278311119035,0.6804073283089458,0.09292414508049573,1.0984537381797448,0.31164311491805496,0.7191949584515666,0.2302999568902589,0.7995100408048638,24,3,completed,passed,04046ceae9f9ae94a1013dc6b88689b36f3276d3201ce821f99c42b7b387bc74,8bd812b9402a5dbc659d060828fb788168b7164ba5685afdc7bc13b7fd0a6057
20260727T120441Z-stats-ceb-full-no-refit-v1__stats-ce--b92de91365e3--_no_refit__stats_ceb_multiregion_count__query_id-25,4,1,1,0.32104400349018475,0.992091252236214,False,0.8917144312401665,0.8297180608644092,0.03569264510334509,0.9902412966135006,0.8917144312401665,0.32104400349018475,0.061996370375757226,0.8162353478377699,0.010596553280731199,1.5147325975286234,25,4,completed,passed,16b168452763867cfe3f600ca50361c3bd044196f3bbc548e1e07de6b9c1de42,a68b372e2ddc6263d1b38abce0c93461f441f3cfd3874f113281e722f370083c
20260727T120458Z-stats-ceb-full-no-refit-v1__stats-ce--009fabcba823--_no_refit__stats_ceb_multiregion_count__query_id-26,4,1,1,0.15303084928467117,0.992091252236214,False,0.9843791946986332,0.9754969729067209,0.005312648760856194,0.9517589100409858,0.9843791946986332,0.15303084928467117,0.00888222179191231,0.7950661668271521,0.001425934748598243,1.508172297412878,26,4,completed,passed,98dd937cb9c28ecda5795e7e0ab90580cbb5cabdbd441121a3a6e4593fb3cf79,7f885d44991605d977e5e1eee97ccac8ad9fbde0f0e26b033bedcf21a0304169
20260727T120517Z-stats-ceb-full-no-refit-v1__stats-ce--b78595f21206--_no_refit__stats_ceb_multiregion_count__query_id-27,4,3,3,0.7709552486157581,0.992091252236214,False,0.34837314053770596,0.01397980842918034,0.3343933321085256,0.7820862284825213,0.09257568999996801,1.2259446607209081,0.22465783735380043,0.8989018016118125,0.34837314053770596,0.7709552486157581,27,4,completed,passed,a8b2127841f8dcc670fc09f004bea31e2b3a8a27f6dc0981cf8f70c6d7fbd3ed,070d68a49030b54e510dd1caa02ebbd9a64313e5a6ef577683d364794f1867a3
20260727T120558Z-stats-ceb-full-no-refit-v1__stats-ce--a1744d5d9f76--_no_refit__stats_ceb_multiregion_count__query_id-28,4,1,1,0.22065806635489763,0.992091252236214,False,0.9644223988880712,0.9452983183262587,0.012663046353090705,1.005367843351464,0.9644223988880712,0.22065806635489763,0.019124080561812567,0.8702823212818818,0.0037904741970253104,1.5334535258754587,28,4,completed,passed,8ff11b1b0f878cbb27ad3a198822fac82c02e5e62d70e6e96165feb2497bd9ec,6ed01f521847f01429fc2fb679390ba96866ce821db94061174921be9e83207e
20260727T120625Z-stats-ceb-full-no-refit-v1__stats-ce--3e12a9896a01--_no_refit__stats_ceb_multiregion_count__query_id-29,4,2,2,0.6994200410924432,0.992091252236214,False,0.35116808521643333,0.01671487725376042,0.3344532079626729,0.7114607701611056,0.1009668634482108,1.0819463682369257,0.35116808521643333,0.6994200410924432,0.21341184337268296,0.8326104459142593,29,4,completed,passed,0f7ad7dbdab7b371491be804da90659883ddad9561abc687b67dec87fcfab01a,4c041a591b3d95aa4c299826c8ddd838355e2e7bd1c8422d5db81617cd08d1d3
20260727T120640Z-stats-ceb-full-no-refit-v1__stats-ce--f42e44dd24b6--_no_refit__stats_ceb_multiregion_count__query_id-31,4,1,1,0.19883404645519365,0.992091252236214,False,0.9654369720863117,0.9469291393359146,0.012949923512705543,0.8991882102304873,0.9654369720863117,0.19883404645519365,0.018507832750397173,0.7935415600729945,0.003105271650585537,1.4822083846422738,31,4,completed,passed,229db335942436271723a5edc36b74b673fe1aeed67fb5b49e1ec43806bc5a67,562cf71494a4c05fd4615fe729c3537be4c1f4da95a3c7ac5051a9d953371d9c
20260727T120704Z-stats-ceb-full-no-refit-v1__stats-ce--4123fef53a01--_no_refit__stats_ceb_multiregion_count__query_id-32,4,3,3,0.7709551942976547,0.992091252236214,False,0.34837317067073836,0.013979833976877354,0.334393336693861,0.782086193303361,0.09257567951881741,1.2259446600394617,0.22465781311658317,0.898901799434603,0.34837317067073836,0.7709551942976547,32,4,completed,passed,3ae5731ee097b2d2da68996585fe86f94b1e7bd7d852c1313163acb1a1ba75ae,b760bbfd3d778ce4202866ac3ba45b4ae3ec25b93b14f7ced11513b52819b8a8
20260727T120747Z-stats-ceb-full-no-refit-v1__stats-ce--4cfa0890dc63--_no_refit__stats_ceb_multiregion_count__query_id-33,4,1,1,0.720854550414443,0.992091252236214,False,0.5173027840975221,0.28775867434416313,0.2295441097533589,0.9579772073797587,0.5173027840975221,0.720854550414443,0.18571308557317293,1.0317238089330625,0.06744002057594621,1.4707441745533671,33,4,completed,passed,fea773f9a567dbc6086c39732af8e5af2efa6128314bce0b07e049565c0c7151,3d9a501f1f50f4ae24a949c0edd6041fe9ddcc02fe755a83e76ce899045476bd
20260727T120823Z-stats-ceb-full-no-refit-v1__stats-ce--940213eb07bd--_no_refit__stats_ceb_multiregion_count__query_id-35,4,3,3,0.7709551840214993,0.992091252236214,False,0.3483731763714502,0.013979838810114276,0.33439333756133593,0.7820861866480032,0.09257567753594366,1.225944659910546,0.22465780853127013,0.8989017990227126,0.3483731763714502,0.7709551840214993,35,4,completed,passed,b0199e1787c45afc2e54f38df6081b0ad396995495f7d1b569af79aa4db61b0e,1f03dda1d03ca98ca63c2c56dc76799b515eb1f2fc9b57ffcebdf8aa2eb0b31d
20260727T120856Z-stats-ceb-full-no-refit-v1__stats-ce--01b8759d412a--_no_refit__stats_ceb_multiregion_count__query_id-36,4,3,3,0.7709551897451447,0.992091252236214,False,0.3483731731962497,0.013979836118082567,0.33439333707816715,0.7820861903549252,0.09257567864037093,1.2259446599823498,0.22465781108521227,0.8989017992521285,0.3483731731962497,0.7709551897451447,36,4,completed,passed,954cda1dacb96804cec227b49d273518bade5e866d0c3f7467a7fe478e986b0e,dc901e371e4e05174ac6ad37b3fdb54da8e3745450194117b2ea1ad3ccec55e5
20260727T120928Z-stats-ceb-full-no-refit-v1__stats-ce--baa21348fcba--_no_refit__stats_ceb_multiregion_count__query_id-37,4,1,1,0.36609393052999956,0.992091252236214,False,0.8486237992995246,0.7660829757839308,0.053290169231987816,0.9645313910672239,0.8486237992995246,0.36609393052999956,0.08254082351559373,0.8275776858050301,0.015545207952893846,1.4845132001714136,37,4,completed,passed,334d33d4d22ae3b0bbccfa41b63c838a23ac91665a70483c8c9e33031b7806d6,54fe55778ec3f451dcf4982cca0747597e0ff5c280effc1f069995c57050e700
20260727T120952Z-stats-ceb-full-no-refit-v1__stats-ce--3dea5d36442c--_no_refit__stats_ceb_multiregion_count__query_id-38,4,3,3,0.770955269781818,0.992091252236214,False,0.34837312879581495,0.013979798474051897,0.33439333032176305,0.7820862421907404,0.09257569408414308,1.2259446609864544,0.2246578467982789,0.8989018024602133,0.34837312879581495,0.770955269781818,38,4,completed,passed,64a7e86f3fdc027493cd34d215bfb0f3820405a330fb0f24368fb5507deef630,4e8000a425768c4b68349d9014a45df7cdb24adc7785ca5403a1b204b1285cfd
20260727T121049Z-stats-ceb-full-no-refit-v1__stats-ce--9c378f93220d--_no_refit__stats_ceb_multiregion_count__query_id-39,4,3,3,0.770955200932986,0.992091252236214,False,0.34837316698977927,0.013979830856048314,0.33439333613373096,0.7820861976007374,0.09257568079916235,1.2259446601227035,0.22465781607732738,0.8989017997005622,0.34837316698977927,0.770955200932986,39,4,completed,passed,a0fa20b1d444e84339178be20c354f085b3f507efaa7779d832ddf2607a66520,34dc0b245205625c46e74e8d2f2be1794833ec61d501110b60eb5b41e51e3941
20260727T121121Z-stats-ceb-full-no-refit-v1__stats-ce--a42d2ecd145a--_no_refit__stats_ceb_multiregion_count__query_id-40,4,3,3,0.7709551853235411,0.992091252236214,False,0.3483731756491406,0.013979838197718253,0.33439333745142236,0.7820861874912713,0.092575677787184,1.2259446599268802,0.22465780911225297,0.8989017990749011,0.3483731756491406,0.7709551853235411,40,4,completed,passed,a25fa243bf2ef0bbc4fc20f95d837f696d02bf0c4c8608b3e948ab3c85ae0a72,0b6952d9562ee4b1d039a34b96b5ac720905875106afc3a5c445e23b69e7509d
20260727T121153Z-stats-ceb-full-no-refit-v1__stats-ce--61f8bf4ebb18--_no_refit__stats_ceb_multiregion_count__query_id-41,4,3,3,0.7709551675584464,0.992091252236214,False,0.34837318550435403,0.013979846553268671,0.33439333895108536,0.7820861759856991,0.0925756743592541,1.2259446597040164,0.22465780118530665,0.8989017983628409,0.34837318550435403,0.7709551675584464,41,4,completed,passed,5c387bb481f6d18f6038c5ca2b6ad0f3161fa12759b35be536c3b367fc1ce366,19da7ef3d9d2c201f1359434b06ca62ae1c895bfc7f201e87e621f31f4847b0b
20260727T121224Z-stats-ceb-full-no-refit-v1__stats-ce--2365ef160cc8--_no_refit__stats_ceb_multiregion_count__query_id-42,4,1,1,0.430505243275245,0.992091252236214,False,0.8152692785012442,0.7260092990696577,0.07363567562714449,0.9987411079701567,0.8152692785012442,0.430505243275245,0.08925997943158644,0.9336926680043384,0.021835066440024923,1.5283743520068476,42,4,completed,passed,181184175483e46f109388362be20a035e3851ea3763f893fa2ac61116205f79,d66699711083dcf0e1d630df62b393a452d02277bf37ee66fe8205a9d29d6a6b
20260727T121246Z-stats-ceb-full-no-refit-v1__stats-ce--bef3f74020aa--_no_refit__stats_ceb_multiregion_count__query_id-43,4,3,3,0.7709552184072742,0.992091252236214,False,0.3483731572958956,0.013979822637279704,0.33439333465861587,0.7820862089179721,0.09257568417097842,1.2259446603419248,0.22465782387451014,0.898901800400974,0.3483731572958956,0.7709552184072742,43,4,completed,passed,e26ecf5672735dfdcb6d209bf447f75854df6e559c07830277d5244ed6d2086d,80c6d4b1e992d3bcb434fe08a88e14da57e15ed96ce65057a59b82d9efd01f91
20260727T121320Z-stats-ceb-full-no-refit-v1__stats-ce--06c758499697--_no_refit__stats_ceb_multiregion_count__query_id-44,4,3,3,0.7709551879325941,0.992091252236214,False,0.3483731742017648,0.013979836970588966,0.3343933372311758,0.7820861891810259,0.09257567829062349,1.225944659959611,0.22465781027643592,0.8989017991794775,0.3483731742017648,0.7709551879325941,44,4,completed,passed,50a40e02fb73b48903b53b9be1da9af36f2ec1ea9213f1f5271d5aeadbacf4b3,3348f240186cf5327b1dc8c54e2e3f382af6a376fd383cce8838e09ac1d9bbf3
20260727T121351Z-stats-ceb-full-no-refit-v1__stats-ce--016037691c34--_no_refit__stats_ceb_multiregion_count__query_id-46,4,0,0,0.6931945457449347,0.992091252236214,False,0.35313707907930747,0.025718262027466743,0.35313707907930747,0.6931945457449347,0.09634714427149442,1.092173670818644,0.3274188170518407,0.7117853200123474,0.22309695959735729,0.8140714442916869,46,5,completed,passed,16fe97aea412fb127c2bec000ef1d47f6cf11254685b0b3a9217149beb506553,9147918ff43b4da8e96d4b22e33f6f05a4e119c58706e7199f1f81a831293923
20260727T121406Z-stats-ceb-full-no-refit-v1__stats-ce--0990036f0917--_no_refit__stats_ceb_multiregion_count__query_id-47,4,3,3,0.7709553090786935,0.992091252236214,False,0.34837310699584645,0.013979779991386054,0.3343933270044604,0.7820862676414064,0.09257570166681592,1.2259446614794787,0.22465786433287727,0.8989018040353686,0.34837310699584645,0.7709553090786935,47,5,completed,passed,7a50b72c3b4210572a2f3aafaf303c279301c8578a094b5de8c05f1113a63e3b,508f15d93ab45ab012ba27dc6ce8ee07431f28972ed800b91f2350818615664c
20260727T121526Z-stats-ceb-full-no-refit-v1__stats-ce--ed7ed30f4959--_no_refit__stats_ceb_multiregion_count__query_id-48,4,1,1,0.3967282840136065,0.992091252236214,False,0.7948534602251753,0.6827283178538138,0.07409711473867481,0.9102552321624108,0.7948534602251753,0.3967282840136065,0.1121251423713615,0.7874039432955858,0.01892428266478838,1.4676984608937096,48,5,completed,passed,bc0221508e6f662c4f31d352da66a555c85d4f7f86188721e78ae2b690910fcc,a68b372e2ddc6263d1b38abce0c93461f441f3cfd3874f113281e722f370083c
20260727T121542Z-stats-ceb-full-no-refit-v1__stats-ce--c6f3d13743a0--_no_refit__stats_ceb_multiregion_count__query_id-49,4,3,3,0.7709553018618489,0.992091252236214,False,0.34837311099939505,0.01397978338571415,0.3343933276136809,0.7820862629674082,0.09257570027426323,1.225944661388934,0.2246578611126608,0.8989018037460907,0.34837311099939505,0.7709553018618489,49,5,completed,passed,28155a265cef74da9e7c5a942361012c12fe3fc6b3e381ff51a94bf20c7b4262,cc79178cb70ef64e3f7bfd47ebfa95d43c32de50c1d25a42f786d63c4bb1e0b6
20260727T121648Z-stats-ceb-full-no-refit-v1__stats-ce--816d4588344d--_no_refit__stats_ceb_multiregion_count__query_id-50,4,3,3,0.7709552534704661,0.992091252236214,False,0.34837313784455193,0.013979806145843154,0.3343933316987088,0.7820862316266775,0.09257569093672612,1.2259446607818143,0.22465783952001322,0.8989018018064037,0.34837313784455193,0.7709552534704661,50,5,completed,passed,a91893c8432f54af70fc9cf377c83411a171c289c59e2816b15a33413a49c889,32178bc4854f7d5c9c498e7aea499728ac0ab7619ea6d58e782bf00bffd944f7
20260727T121730Z-stats-ceb-full-no-refit-v1__stats-ce--4cbe11eb13e9--_no_refit__stats_ceb_multiregion_count__query_id-51,4,3,3,0.7709552801194051,0.992091252236214,False,0.34837312306103035,0.01397979361192947,0.3343933294491009,0.7820862488858896,0.0925756960788702,1.2259446611161497,0.2246578514109985,0.8989018028745778,0.34837312306103035,0.7709552801194051,51,5,completed,passed,4d61b2e0336c56ffebd89a719bb14ea70dfdbbb14968e95430f82c996b279ea8,acb376911f3deea0aa02f2cbe6a2fed79b6ca4983d55c3bb8d860e5cb88f29a1
20260727T121825Z-stats-ceb-full-no-refit-v1__stats-ce--20faaaceabc6--_no_refit__stats_ceb_multiregion_count__query_id-52,4,3,3,0.7709552979561769,0.992091252236214,False,0.3483731131660689,0.013979785222684948,0.33439332794338394,0.7820862604378951,0.09257569952062997,1.2259446613399323,0.22465785936991708,0.8989018035895374,0.3483731131660689,0.7709552979561769,52,5,completed,passed,12834a68fa15658a02b1d4e48926219461b4da2008022cb67064a6aeac3f7fad,4d2e43e7f547fb961a6681b01c058e4abbfd5e25df6bdb257022856e0ceaa987
20260727T121931Z-stats-ceb-full-no-refit-v1__stats-ce--6bd8e852fe89--_no_refit__stats_ceb_multiregion_count__query_id-53,4,1,1,0.20214540524980648,0.992091252236214,False,0.9715483781315203,0.955926216150798,0.009877743763837899,1.0072707218438046,0.9715483781315203,0.20214540524980648,0.015622161980722327,0.8579599740286161,0.0029517161239194897,1.5372705930871526,53,5,completed,passed,467a18badaaf764a1f54605ba772fec6b7649da2df7430e007a5f107091fd796,0319a70d463eef3212712050584a6e74c2d9435accc62a9e39b25f96ecb068d4
20260727T121949Z-stats-ceb-full-no-refit-v1__stats-ce--65af180658cd--_no_refit__stats_ceb_multiregion_count__query_id-54,4,3,3,0.7709552567778506,0.992091252236214,False,0.3483731360097773,0.013979804590266043,0.3343933314195113,0.7820862337687081,0.09257569157491469,1.225944660823308,0.22465784099579675,0.8989018019389737,0.3483731360097773,0.7709552567778506,54,5,completed,passed,c2a429b221d3074538c0bd54a98abb82f0428299792f7537a4a927829c0ebb02,23a02332abaf5a2d872585f89220be253a72821c2d699dd75b5446ec049b25ef
20260727T122034Z-stats-ceb-full-no-refit-v1__stats-ce--99eb8577f8f9--_no_refit__stats_ceb_multiregion_count__query_id-55,4,1,1,0.2970644530655616,0.992091252236214,False,0.9104474586959571,0.8677268483856599,0.037467393715792024,0.9074259156294558,0.9104474586959571,0.2970644530655616,0.042720610310297225,0.8666959971922013,0.00936453727795362,1.4742450721248408,55,5,completed,passed,389d58dedc1356f51f7bb4fdfc9e9622d8efeaa34e72d997d4054475261dc8e5,5b2b9dd3c718963affdd7569a0686110e53447088deefd10b5394850a4878c5b
20260727T122053Z-stats-ceb-full-no-refit-v1__stats-ce--0f5ee8601132--_no_refit__stats_ceb_multiregion_count__query_id-56,4,1,1,0.19601217499151632,0.992091252236214,False,0.9727471007908478,0.9578872818883015,0.009608185392217411,0.9866396115390862,0.9727471007908478,0.19601217499151632,0.014859818902546318,0.8469900288760626,0.002784894914388387,1.52194845560646,56,5,completed,passed,ac300f59c29c1c9251430e8a88840e6d898b1594509ac731977d4326f903f32d,b945448f402ae1f682f0daa0d9ab19be77c19bb217f32ab18a3628f74898997b
20260727T122119Z-stats-ceb-full-no-refit-v1__stats-ce--56d71e5fa919--_no_refit__stats_ceb_multiregion_count__query_id-57,4,1,1,0.7305099757073708,0.992091252236214,False,0.5983674505331985,0.40765175718389657,0.14708917948291186,1.19374532416731,0.5983674505331985,0.7305099757073708,0.19071569334930194,1.0900080026094274,0.06382767663458758,1.59886492274819,57,5,completed,passed,eccbc2cf44953ccf343a80c708483f75da97cf1aa2688ebbdc016e8b5010e0d4,cf6a38035ed78ad2225e66afc863fc915b8c9c11ee4a3127471fe9edad71d9b5
20260727T122159Z-stats-ceb-full-no-refit-v1__stats-ce--9f26aa4328b9--_no_refit__stats_ceb_multiregion_count__query_id-59,4,3,3,0.7709553085530995,0.992091252236214,False,0.34837310728742,0.013979780238590866,0.3343933270488291,0.782086267301005,0.09257570156539802,1.2259446614728844,0.22465786409835287,0.8989018040143008,0.34837310728742,0.7709553085530995,59,6,completed,passed,4bf91559a94c65342f88f6e2b5f181bd4497d171be60acf97e7bdc78973b14a7,6dea494e5a7c7575d6420602f9cdaa3c1e501e1259ed725488750c1b0e81cf12
20260727T122319Z-stats-ceb-full-no-refit-v1__stats-ce--27ab191ab1e8--_no_refit__stats_ceb_multiregion_count__query_id-60,4,1,1,0.23707324284359138,0.992091252236214,False,0.9528789118776062,0.9289749684507407,0.018298077378646874,0.9455920883684967,0.9528789118776062,0.23707324284359138,0.023903943426865547,0.8611551387774576,0.00491906731688135,1.497568762934469,60,6,completed,passed,8d5567ad57e790b4b23f98adb2e56aad73210266f101ddd253728de5f52968e2,e0a99492d7af48e53686b91dc59e42824297af5200b0088e650b3d3f7952a232
20260727T122344Z-stats-ceb-full-no-refit-v1__stats-ce--012a0caf9bdf--_no_refit__stats_ceb_multiregion_count__query_id-61,4,3,3,0.7709551852254027,0.992091252236214,False,0.348373175703583,0.013979838243876108,0.3343933374597069,0.782086187427712,0.09257567776824736,1.225944659925649,0.22465780906846272,0.8989017990709676,0.348373175703583,0.7709551852254027,61,6,completed,passed,3b352db944f0405300fe4f91aacbbb97b919620275f25d9cd925446c91c69990,3578b8ed74cceb3e1ab16fb905dafc8534cc0329d70aa195d67d7a171b07bb98
20260727T122417Z-stats-ceb-full-no-refit-v1__stats-ce--97a6df2a45af--_no_refit__stats_ceb_multiregion_count__query_id-62,4,1,1,0.7103387903862747,0.992091252236214,False,0.5598893769839199,0.3682278226610411,0.1846018191915393,1.0474148314469462,0.5598893769839199,0.7103387903862747,0.19166155432287885,1.0337465162686976,0.06384724950166183,1.5188033399953063,62,6,completed,passed,ce599b31c59e79f201ab94198e01030ff366f9add9f62b4f2857394ba9917c54,ac2088d240d36df1007f792f85aa21945eb377b055ac237e3c214258e2dd48e4
20260727T122500Z-stats-ceb-full-no-refit-v1__stats-ce--3ebe0da05cca--_no_refit__stats_ceb_multiregion_count__query_id-63,4,3,3,0.770955158811127,0.992091252236214,False,0.3483731903569436,0.013979850667442395,0.3343933396895012,0.7820861703204939,0.09257567267138246,1.2259446595942822,0.22465779728217272,0.8989017980122325,0.3483731903569436,0.770955158811127,63,6,completed,passed,179f42989442c9315385ab5fdd1b46b965bd8ee3427c115e5b32b2a21ab15596,c365a18be871c8850520a3c9c31d858fe005832146e977481f8f786d4c880968
20260727T122532Z-stats-ceb-full-no-refit-v1__stats-ce--9cf952e26959--_no_refit__stats_ceb_multiregion_count__query_id-64,4,3,3,0.7709551943545073,0.992091252236214,False,0.3483731706391992,0.01397983395013741,0.3343933366890618,0.7820861933401816,0.09257567952978761,1.225944660040175,0.22465781314195135,0.8989017994368818,0.3483731706391992,0.7709551943545073,64,6,completed,passed,7b334604773e480be50e6ba39e48d73455a6ad366fb5da02fa789951f373cb62,7f6b3cd49b6e766327adfa3a1043f1eb7ce7d01c198345d7bc51386c016ad5c7
20260727T122603Z-stats-ceb-full-no-refit-v1__stats-ce--e6562b44f063--_no_refit__stats_ceb_multiregion_count__query_id-65,4,3,3,0.77095518098266,0.992091252236214,False,0.34837317805725077,0.013979840239387309,0.33439333781786346,0.7820861846798973,0.09257567694957314,1.2259446598724233,0.22465780717531258,0.8989017989009097,0.34837317805725077,0.77095518098266,65,6,completed,passed,30f4fc7965397fb0033968fabd7488db54c13c4f9bed0a7d99b3700a48a5fd29,34dc0b245205625c46e74e8d2f2be1794833ec61d501110b60eb5b41e51e3941
20260727T122634Z-stats-ceb-full-no-refit-v1__stats-ce--3d80ab352f79--_no_refit__stats_ceb_multiregion_count__query_id-66,4,3,3,0.770955179210322,0.992091252236214,False,0.348373179040458,0.013979841072980392,0.3343933379674776,0.7820861835320417,0.09257567660758508,1.225944659850189,0.2246578063844793,0.8989017988298708,0.348373179040458,0.770955179210322,66,6,completed,passed,1d6c423e8bd45ea2284d57ca21ed7e6bc5cb983e0286efd707e467ee8a83205a,c3fe53ee04d90e5038181ed3a4f5d02e2c5a44b9186500bcd1ec9c003d4a85b1
20260727T122705Z-stats-ceb-full-no-refit-v1__stats-ce--7d95b9ed334d--_no_refit__stats_ceb_multiregion_count__query_id-67,4,3,3,0.7709551511948295,0.992091252236214,False,0.3483731945820974,0.013979854249657087,0.33439334033244034,0.7820861653877961,0.09257567120175139,1.225944659498737,0.22465779388371085,0.8989017977069583,0.3483731945820974,0.7709551511948295,67,6,completed,passed,26aec1f4073ec79eaac67a65b5514ec0c50a67dd0a83beae21c38e5a9c295d73,c6434ca85e27719e3520ab133968b0fd167075b913604c72ddedb1b37d517cd8
20260727T123251Z-stats-ceb-full-no-refit-v1__stats-ce--40fbf1047276--_no_refit__stats_ceb_multiregion_count__query_id-69,4,1,1,0.5986637829074215,0.992091252236214,False,0.6950782916496091,0.5426670955408925,0.10973736902551254,1.1422750716250416,0.6950782916496091,0.5986637829074215,0.1524111961087166,1.01821357868245,0.0427731432161617,1.5884914490342692,69,6,completed,passed,0ff809f56cea6a75795c98f058643ad981755bf3ac01492730f6fecf02833950,7440e2729127f67af1e7f7e644c2070fb2bef85df21eeb8d9e83a2f58e9bedc1
20260727T123639Z-stats-ceb-full-no-refit-v1__stats-ce--5d1f2f6ec31c--_no_refit__stats_ceb_multiregion_count__query_id-70,4,3,3,0.7709553028221562,0.992091252236214,False,0.348373110466664,0.01397978293404889,0.33439332753261514,0.7820862635893524,0.09257570045956284,1.2259446614009821,0.22465786154115802,0.8989018037845834,0.348373110466664,0.7709553028221562,70,6,completed,passed,caa2116afcda9703a2a197984233fd06ee5d589c5d828bf751c422e584fb680a,18eae2bfdea1208a918e06aaa383c39e396daeff8eba6f979d70e19bc3db98d6
20260727T123753Z-stats-ceb-full-no-refit-v1__stats-ce--f5430f06326c--_no_refit__stats_ceb_multiregion_count__query_id-71,4,1,1,0.2939982534359071,0.992091252236214,False,0.9220256057718845,0.8821347220840994,0.02920015435671005,0.9842830188943863,0.9220256057718845,0.2939982534359071,0.039890883687785136,0.8824680978035951,0.008883356183620291,1.4928040945576444,71,6,completed,passed,cacab5f13bef75f8843784852177f800b807359fc318be95b4a07c799ed5994d,2d097605b07dba627d3158906eb3db370aa303f604737a77b73b78cf6564baed
20260727T124046Z-stats-ceb-full-no-refit-v1__stats-ce--05356b09cf1c--_no_refit__stats_ceb_multiregion_count__query_id-72,4,1,1,0.5465523499463129,0.992091252236214,False,0.7066041745459534,0.5515321540410356,0.10287316570925165,1.0728467722721229,0.7066041745459534,0.5465523499463129,0.15507202050491772,0.9293016956616073,0.03545063923987739,1.5576684043275,72,6,completed,passed,3d17606826c1ff12ad2c443c7e862e809b8fdbd967be12875de236a96e0cf740,0b592e6a998afb9c17611397f66aa17d9f71aae6672ff1251a553c54193175dd
20260727T124123Z-stats-ceb-full-no-refit-v1__stats-ce--ca588f50c6bf--_no_refit__stats_ceb_multiregion_count__query_id-73,4,1,1,0.5636116205535551,0.992091252236214,False,0.6980565754686691,0.5617625076438286,0.12541761297825546,1.0278178857797124,0.6980565754686691,0.5636116205535551,0.1362940678248405,0.9983313813816546,0.04023174372823495,1.5301801257547618,73,6,completed,passed,b0c70251cbec549c2b8cf98624b5fa41b1b58566cadd197442100efccaa07fd4,f04e269377b398b739e49c917abc83bf0b6ce54201de9114225d3baeba0697ab
20260727T124240Z-stats-ceb-full-no-refit-v1__stats-ce--390aaac352ae--_no_refit__stats_ceb_multiregion_count__query_id-74,4,1,1,0.37716536816976926,0.992091252236214,False,0.8447363859384325,0.7755253396550037,0.06921104628342876,0.9053631912802989,0.8447363859384325,0.37716536816976926,0.06830301379149518,0.909557743232213,0.017749553986643584,1.4577015757798675,74,6,completed,passed,aa9b901a638414bc5b4969dad059920b17b361588a4f8aef437f2c092cc0d6c1,272253d6e2ee0c2ba58e7b5a26c52f6dc89d8464b74068f179f8c1ee17da429a
20260727T124329Z-stats-ceb-full-no-refit-v1__stats-ce--72f3957fc57f--_no_refit__stats_ceb_multiregion_count__query_id-75,4,1,1,0.4613033361407953,0.992091252236214,False,0.7650963949323977,0.6601580382845739,0.10234529183560112,0.9327462159794808,0.7650963949323977,0.4613033361407953,0.10493835664782379,0.9246135621023893,0.027619956584177506,1.475228190553334,75,6,completed,passed,ac6f3ffeac8ba60eb0047cceb6d1a6357a21b82c71f034f42d5dba9a9cfd0335,ea145875dd6a9f09bb63a69f0a0f24957e79eae65823d838468875524b9790d5
20260727T124408Z-stats-ceb-full-no-refit-v1__stats-ce--1cc84b23aa7c--_no_refit__stats_ceb_multiregion_count__query_id-76,4,2,2,0.683019987213227,0.992091252236214,False,0.3870419078598444,0.08185887422037808,0.3051830336394663,0.742254047953426,0.10799264226250797,1.0677282937050843,0.3870419078598444,0.683019987213227,0.1997824162381813,0.8609019039459476,76,6,completed,passed,e052b5591b63db66a1df35e7f4eda34b42c8bb8fa832e749f5a6402a4fc07308,2b7ad0128b6e38cb5c9322eeea6a7031da4940d1e7db976c53a9c328230da0eb
20260727T124424Z-stats-ceb-full-no-refit-v1__stats-ce--eeb4621fdf19--_no_refit__stats_ceb_multiregion_count__query_id-77,4,0,0,0.6861867472053103,0.992091252236214,False,0.36519648326273724,0.05313477708976161,0.36519648326273724,0.6861867472053103,0.09422156333922242,1.1024883888890666,0.31206170617297563,0.7250074408456934,0.22852024722506475,0.8085427579089909,77,6,completed,passed,656d0a1f29c0d36c62ba5db3f39fddec860018e4e472e31693885087238de3b0,d6924bc56b1df0131e0968c61e776bc14d8c4ba39bdf9cbc3455a83575b3386b
20260727T124443Z-stats-ceb-full-no-refit-v1__stats-ce--447eaf57f536--_no_refit__stats_ceb_multiregion_count__query_id-78,4,1,1,0.487570093982377,0.992091252236214,False,0.7108927992290378,0.5706070510716456,0.11714468645564648,0.9164643838247245,0.7108927992290378,0.487570093982377,0.14028574815739228,0.8604264579671946,0.03167676615792339,1.4484690046950857,78,6,completed,passed,8443b1cdabb2d7e3519720879b02bf2efe1ff11c830fb0fa15fab9b9e98e8e7a,a1171f738239967ed141f9ec68241b22ec030078d0cb0b307e729d2c1b6d8e59
20260727T124504Z-stats-ceb-full-no-refit-v1__stats-ce--13f9ab609c86--_no_refit__stats_ceb_multiregion_count__query_id-79,4,1,1,0.23813344485222995,0.992091252236214,False,0.9508500276625077,0.925941598570772,0.019173884157724516,0.9337079746062802,0.9508500276625077,0.23813344485222995,0.024908429091735722,0.851997625195196,0.005067659088032078,1.487568645284961,79,6,completed,passed,2c89eff9cba9a377f2bd5b41754319edd7dc696e31783198e5cf23b42b939c8e,50b8079d211d20709d498cb45718a94b196f8a6acd8951f04126d6eb11965871
20260727T124534Z-stats-ceb-full-no-refit-v1__stats-ce--32c1d4057729--_no_refit__stats_ceb_multiregion_count__query_id-80,4,3,3,0.7709551746482686,0.992091252236214,False,0.34837318157126407,0.013979843218674959,0.3343933383525891,0.7820861805774255,0.0925756757272971,1.2259446597929582,0.22465780434884972,0.8989017986470146,0.34837318157126407,0.7709551746482686,80,3,completed,passed,9ca4ed830d20514e4d025c0ac8838ba70566fd836a9b05220a202dc3b9a16cd1,e85579d1373689bcc979d045fac715db6dd7e5c03081ff7bbbbe94746bd3ecea
20260727T124605Z-stats-ceb-full-no-refit-v1__stats-ce--ef81c83fd74c--_no_refit__stats_ceb_multiregion_count__query_id-81,4,3,3,0.7709551378347924,0.992091252236214,False,0.3483732019936015,0.013979860533357424,0.3343933414602441,0.7820861567351639,0.09257566862381557,1.2259446593311392,0.2246577879223389,0.898901797171467,0.3483732019936015,0.7709551378347924,81,3,completed,passed,38fc1ae7f31aab21a01d7e321b6efa02aa1fb88cbe275be1058f5727fa5d3a97,a2cc6b73c66ce51f6131520a316a3e0b7c32a8d69f5d043ad27d0094762fa6e8
20260727T124637Z-stats-ceb-full-no-refit-v1__stats-ce--c4f2117cdeca--_no_refit__stats_ceb_multiregion_count__query_id-82,4,3,3,0.7709551781962098,0.992091252236214,False,0.34837317960303826,0.013979841549953131,0.33439333805308513,0.7820861828752514,0.09257567641190328,1.225944659837467,0.2246578059319732,0.8989017987892232,0.34837317960303826,0.7709551781962098,82,3,completed,passed,89eeb19a2df3a12fd47d509e581e7e36534ed25ff247e817f195a0f4571c45f5,8e8bf7dac1f99f67c339d05f04d9e7559dd944f4b69d196aab77f47a486ed620
20260727T124708Z-stats-ceb-full-no-refit-v1__stats-ce--fd67457a2e36--_no_refit__stats_ceb_multiregion_count__query_id-83,4,1,1,0.5108080337684338,0.992091252236214,False,0.6602452274674309,0.48748409652941804,0.1727611309380128,0.8166734751833815,0.6602452274674309,0.5108080337684338,0.13113261442252463,0.8994060648930273,0.0358610271720317,1.4159131331448187,83,3,completed,passed,b58e43ab08f9e313f720ccb78be1520dad3714d805ca5d0c3faa1d5239848ab8,354a72dfab2d83dba9090b0248908600441a9b7efedf9af6ec40a4ed76be3e79
20260727T124728Z-stats-ceb-full-no-refit-v1__stats-ce--348f5142df9f--_no_refit__stats_ceb_multiregion_count__query_id-84,4,3,3,0.770955163388849,0.992091252236214,False,0.34837318781744486,0.013979848514377724,0.33439333930306714,0.7820861732852574,0.09257567355469389,1.2259446596517092,0.22465779932479418,0.8989017981957157,0.34837318781744486,0.770955163388849,84,3,completed,passed,92ae731da413e1f279b2c9dacc85d0edb3bd76859650fcb8a47eccd6cc6a97ba,67a6a13a4e1fc150a0d3096d75e58c14546c739e7bcf9337a2c81b6e67016214
20260727T124759Z-stats-ceb-full-no-refit-v1__stats-ce--fc3567017f16--_no_refit__stats_ceb_multiregion_count__query_id-85,4,1,1,0.3555160075560877,0.992091252236214,False,0.8410309673875416,0.7689504404283796,0.072080526959162,0.8400537447164748,0.8410309673875416,0.3555160075560877,0.07096764087472582,0.8446411319386956,0.015920864778570583,1.4251317866476385,85,3,completed,passed,48c600d00e2b0aab95877e92b10fd637ad7075e9099f07d02ff414d8e3e63b3c,d66699711083dcf0e1d630df62b393a452d02277bf37ee66fe8205a9d29d6a6b
20260727T124822Z-stats-ceb-full-no-refit-v1__stats-ce--984caf793334--_no_refit__stats_ceb_multiregion_count__query_id-86,4,0,0,0.6721272450682095,0.992091252236214,False,0.41194821595410996,0.1583904126771254,0.41194821595410996,0.6721272450682095,0.08621307876292844,1.1619724074648974,0.24828090200597697,0.8024468180691129,0.2535578032769846,0.7965618012277563,86,4,completed,passed,58492b5aeb8c0800f6d047aa972370020349d20b4c740009679a1db397bc5e02,a09375a8a7c6652fd2e5bdec0dc8b44fd82241de0b396f26d2d2ac7ccc2c083f
20260727T124837Z-stats-ceb-full-no-refit-v1__stats-ce--3ad4fbb43134--_no_refit__stats_ceb_multiregion_count__query_id-87,4,1,1,0.19238258783575599,0.992091252236214,False,0.9714680130823493,0.9551969158515439,0.009597834223944295,0.9682892352535629,0.9714680130823493,0.19238258783575599,0.01627109723080548,0.8049517430658908,0.0026630554629008783,1.5166405563321312,87,3,completed,passed,b3b37f42f99454acfa7265decc49c469e11f699a4de987f31ba545faf0e45d2d,27eb14df09e41ae37eb6f73220d0921f8e62b4081a30cdb1a51ab8959ca4f148
20260727T124854Z-stats-ceb-full-no-refit-v1__stats-ce--3971c61af94f--_no_refit__stats_ceb_multiregion_count__query_id-88,4,2,2,0.7026507583494618,0.992091252236214,False,0.34661329654962036,0.008346556244186065,0.3382667403054343,0.7086708864307238,0.10023450193373507,1.084749136422121,0.34661329654962036,0.7026507583494618,0.21488546121121024,0.8306400830049048,88,3,completed,passed,b23bd19ca52bd9f4067f0597211c2edbaa4461353f45366d396ddfdfe3b767e2,50421a6b08cb38f9d1a9d60edd5da8908294441dba11e03b5c4c198eb2ff88a4
20260727T124911Z-stats-ceb-full-no-refit-v1__stats-ce--2b40205a1d4d--_no_refit__stats_ceb_multiregion_count__query_id-90,4,1,1,0.4049479881043175,0.992091252236214,False,0.8065276257984745,0.7015625070737155,0.06890185212330745,0.9579330751455409,0.8065276257984745,0.4049479881043175,0.10496511872475894,0.8267043671915899,0.019605403353459203,1.4872516476322781,90,3,completed,passed,866c3dd7dbd1722f2ddb65f48638d1cc272feeca2da67b8979d442b5b125a892,33aefc43a26c522c78f6ae7a6a5373327af5df860790b5b99faf6181fe1800ac
20260727T124930Z-stats-ceb-full-no-refit-v1__stats-ce--057f0d8a3b25--_no_refit__stats_ceb_multiregion_count__query_id-91,4,1,1,0.15729559404020022,0.992091252236214,False,0.9837254827485058,0.9746358598474809,0.005634280707990153,0.9581399803016492,0.9837254827485058,0.15729559404020022,0.009089622901024854,0.8104596120014673,0.0015506136424792334,1.5050335118345348,91,3,completed,passed,341f2f35b175cd217bd0c4cce04e97160cf32ee7d19aca858487a8b7176985a3,cdea667002ec5a2fe1fbd27fd739d6da3b74af086f661417652f6439ddc88a74
20260727T124950Z-stats-ceb-full-no-refit-v1__stats-ce--689eb9dd8414--_no_refit__stats_ceb_multiregion_count__query_id-92,4,2,2,0.6821493138739119,0.992091252236214,False,0.38927355462933444,0.08597460962558862,0.3032989450037458,0.7444128256137479,0.10845984538410684,1.0669019738114187,0.38927355462933444,0.6821493138739119,0.19896765498281282,0.8627695190782916,92,3,completed,passed,8759762bdcbfafad6b39442a8d5e863c3b6fc1b46d6d386f0efc3801f35749a8,2b7ad0128b6e38cb5c9322eeea6a7031da4940d1e7db976c53a9c328230da0eb
20260727T125006Z-stats-ceb-full-no-refit-v1__stats-ce--2ba6c6518311--_no_refit__stats_ceb_multiregion_count__query_id-93,4,1,1,0.7820509461463698,0.992091252236214,False,0.572645059105226,0.3729260448410892,0.15722014859088707,1.229467650636802,0.572645059105226,0.7820509461463698,0.1997190142641368,1.1307020568413584,0.0704157780397503,1.6285851980909418,93,3,completed,passed,1d58cad6dd99ddb190ea1bae78da4819a63e7cb2878f125b8d036e0f9ba1d3e0,905e6c2d25478deb5db0a2d2223c62fa13f7a4921f89e41a6705735512c98667
20260727T125059Z-stats-ceb-full-no-refit-v1__stats-ce--987611190541--_no_refit__stats_ceb_multiregion_count__query_id-94,4,1,1,0.18852221372840353,0.992091252236214,False,0.9764559499025552,0.9635883101108904,0.008236950752843112,1.0028193288097245,0.9764559499025552,0.18852221372840353,0.012867639791664822,0.8578598598166216,0.0024394595529368987,1.5352821225437956,94,3,completed,passed,c5ba88517a8abced8819ea2b6a8f3aba18abbe23bf624744afa56c4ee8a38b73,cdea667002ec5a2fe1fbd27fd739d6da3b74af086f661417652f6439ddc88a74
20260727T125118Z-stats-ceb-full-no-refit-v1__stats-ce--fd3faaa10393--_no_refit__stats_ceb_multiregion_count__query_id-95,4,1,1,0.40328707180672874,0.992091252236214,False,0.8043846564263079,0.7140209922127362,0.09036366421357163,0.8668197156494354,0.8043846564263079,0.40328707180672874,0.08417920541345586,0.8885971880228144,0.0210724739466647,1.4428666266347367,95,4,completed,passed,4c8cc1de3a5112703c41dafc11c0e05a7f6e2268465845b94d1a6c835968eadb,6015d7b04189d428f9ef9513ed69a4a8ae95fa385db2c23b7df9069e023b3940
20260727T125142Z-stats-ceb-full-no-refit-v1__stats-ce--852f591d0b8d--_no_refit__stats_ceb_multiregion_count__query_id-96,4,0,0,0.6894243704893497,0.992091252236214,False,0.36444524476594853,0.05103734720642217,0.36444524476594853,0.6894243704893497,0.09497333163655068,1.1038176812022535,0.31340789755952636,0.7268075907485735,0.22717352603797433,0.8134534968168395,96,4,completed,passed,0d81cb57db99665b2bc6b3fc4253c14df68f2981e9adbaff5149b61f943a2fda,31f2ee782c93cb48b04e840db647818eb38da676c3103e8e355605adcb2e3534
20260727T125158Z-stats-ceb-full-no-refit-v1__stats-ce--42450d7b2c45--_no_refit__stats_ceb_multiregion_count__query_id-97,4,3,3,0.7709552527601822,0.992091252236214,False,0.3483731382385827,0.01397980647991437,0.3343933317586683,0.7820862311666614,0.09257569079967064,1.2259446607729032,0.22465783920307833,0.8989018017779334,0.3483731382385827,0.7709552527601822,97,4,completed,passed,767f9d723afd1a2b7d9ff796c5f4bbae22fbc8fdbdaf1895266dd337a8f89809,f3a62d657dcd7a547b3de3e66e1deeec251febc7448f055778d42aaafdb39b18
20260727T125243Z-stats-ceb-full-no-refit-v1__stats-ce--c7456aa7194e--_no_refit__stats_ceb_multiregion_count__query_id-98,4,1,1,0.5149977180064413,0.992091252236214,False,0.7291566388009393,0.6062546712996687,0.1144289321883993,0.984702523329333,0.7291566388009393,0.5149977180064413,0.12290196750127058,0.9603886176932407,0.03351246150939088,1.5134580294403004,98,4,completed,passed,0135e976362087172a5e00b079b56568ec3e28755d497d85fcb60d36e4b2fabd,66a2dbc3b914996084816092192834e0be46f96044dc322cf0fde7cac66af85f
20260727T125315Z-stats-ceb-full-no-refit-v1__stats-ce--892b0264a82c--_no_refit__stats_ceb_multiregion_count__query_id-99,4,1,1,0.5893981541608638,0.992091252236214,False,0.6920157770911064,0.533805078842922,0.10830770810982251,1.1280246547713373,0.6920157770911064,0.5893981541608638,0.15821069824818437,0.9879087304894615,0.04146581655088665,1.578547999928136,99,4,completed,passed,b4bef12a10900f3f42235fbd901b95bfc50f3d9e693bacb40ee8619476e1177a,8afa0bbf7d3bad65bc2feb3babc3202087087dfcddb580dec7d08c9056de61f0
20260727T125449Z-stats-ceb-full-no-refit-v1__stats-ce--64b7a3f53030--no_refit__stats_ceb_multiregion_count__query_id-100,4,2,2,0.6765495210866137,0.992091252236214,False,0.4069464381817103,0.11857136662187207,0.2883750715598382,0.7632247207664409,0.11241528500658705,1.06132587148949,0.4069464381817103,0.6765495210866137,0.19226320525186447,0.87957720688195,100,4,completed,passed,81b7858c90e3e9cc121f48309a9693ad9b64ade12c89bf31e4aab4444014379f,7769d01e287f34187eae828e522f3b6dc63935f03036e7854b024241eaff767d
20260727T125505Z-stats-ceb-full-no-refit-v1__stats-ce--380f8e37fae8--no_refit__stats_ceb_multiregion_count__query_id-101,4,2,2,0.6748198844238739,0.992091252236214,False,0.44981044162171985,0.20039614217721335,0.2494142994445065,0.8295178492991954,0.12575946529150975,1.0541659126419836,0.44981044162171985,0.6748198844238739,0.1750157936422639,0.9390120662703275,101,4,completed,passed,da31301f6efa9d20d611b560ab398832165d75728ed913d58fcd2ac66ccf3f02,9c1f143cc7217d8c6f5fe8ba6e45377d259fde6e3772b7a2e308c3e9e5780fde
20260727T125521Z-stats-ceb-full-no-refit-v1__stats-ce--f24af4e7f9c9--no_refit__stats_ceb_multiregion_count__query_id-102,4,1,1,0.4201681887900747,0.992091252236214,False,0.8091655266905794,0.7197162147021483,0.07927904434925348,0.9473943852732157,0.8091655266905794,0.4201681887900747,0.08944931198843115,0.9082058547007363,0.022106116971735937,1.481347287210848,102,4,completed,passed,4fd960271cdf4c620521f584b64ef10ce63a306c1f08e30211451ca5284714ff,3574cb96277f50a4384c6fd620f5b7bdc339393bb3430db77e51fe95c4a25c43
20260727T125543Z-stats-ceb-full-no-refit-v1__stats-ce--ea7b4617c3ff--no_refit__stats_ceb_multiregion_count__query_id-103,4,3,3,0.7709552153303603,0.992091252236214,False,0.3483731590028174,0.013979824084459747,0.33439333491835765,0.7820862069252065,0.09257568357726108,1.2259446603033237,0.22465782250156394,0.8989018002776435,0.3483731590028174,0.7709552153303603,103,4,completed,passed,913fee336f4cc28b173fb1c9c3459fb68828fd343d51605d3601dbd455b07e88,de39a0326c86d8f51f456a50cd6e82ef3e1dd9ee8d1b3d975ba39011fa52202e
20260727T130133Z-stats-ceb-full-no-refit-v1__stats-ce--84d00162b479--no_refit__stats_ceb_multiregion_count__query_id-107,4,3,3,0.7709553200905265,0.992091252236214,False,0.34837310088702655,0.013979774812146573,0.33439332607488,0.7820862747732343,0.09257570379164445,1.2259446616176375,0.22465786924644893,0.8989018044767646,0.34837310088702655,0.7709553200905265,107,4,completed,passed,19ba9d19bd270465b1dfabe24c661b6c91b2a30522ec99475c49e10adbbdb00d,c1be1af06ee8d2c57fcbe1e1a4ae92f4eb2b12fb1adba7339ec8650058d53b88
20260727T130341Z-stats-ceb-full-no-refit-v1__stats-ce--d1b347af3b71--no_refit__stats_ceb_multiregion_count__query_id-109,4,0,0,0.6744848062129213,0.992091252236214,False,0.3918395004262726,0.11470667782873772,0.3918395004262726,0.6744848062129213,0.08952046240972163,1.130803736923297,0.27713282259753486,0.7614111953333331,0.2415072145664709,0.798977423534455,109,5,completed,passed,84c6b659cc2ce6d211562e1739942475d7b1c8455413bb2d0c7cc9e4e1b6402b,2dab8b4e12ebf47b9ae58bccdeefabe89fbf8c993674fd99792c2b5ee365dee8
20260727T130356Z-stats-ceb-full-no-refit-v1__stats-ce--1abc04aa22a1--no_refit__stats_ceb_multiregion_count__query_id-110,4,1,1,0.7532001218775641,0.992091252236214,False,0.5564432957341835,0.36631461338999405,0.18463899263864933,1.10813967390901,0.5564432957341835,0.7532001218775641,0.19012868234418948,1.0968343125844215,0.06878902928297773,1.5655826085387987,110,5,completed,passed,fb07ef2f28600a60cfac8a2ec3a23dcf41aae3490bb2f110187183569a719f4f,97b5d901315c11ac4f745ad85995315fafd133e27d753aef3193a69982b3fc27
20260727T130424Z-stats-ceb-full-no-refit-v1__stats-ce--3b5e49bb29a5--no_refit__stats_ceb_multiregion_count__query_id-111,4,1,1,0.38967501092345264,0.992091252236214,False,0.8182242584271288,0.735225512969037,0.08299874545809172,0.8680262209835167,0.8182242584271288,0.38967501092345264,0.0793729156916466,0.881703494903935,0.019404080423132904,1.4435947902431185,111,5,completed,passed,5b8eaf39e20f76488b3c41a67b46e0ae4afa998ccec132cea1fd0c01d6940976,8f826647edbbaf95f4b45a0f649525eb2c9bab1f7401035698c29cad641b4ff9
20260727T130446Z-stats-ceb-full-no-refit-v1__stats-ce--e64c0470e55f--no_refit__stats_ceb_multiregion_count__query_id-112,4,1,1,0.5571217195555588,0.992091252236214,False,0.6561517092163521,0.493150216128087,0.16300149308826511,0.9070568941506987,0.6561517092163521,0.5571217195555588,0.13901958073470397,0.9590140976510392,0.04182721696067887,1.4601280471543103,112,5,completed,passed,f54721bf6ca8b3ddeac0f8796d3b05a69f9bd907f878bffbd1a536e3be1158ea,26e8bb2c5d962cfecb7b520df7d7e2fdeb71aa4062513fe026acc1da63f16d13
20260727T130507Z-stats-ceb-full-no-refit-v1__stats-ce--3efb33ba5e98--no_refit__stats_ceb_multiregion_count__query_id-113,4,1,1,0.3796535605606258,0.992091252236214,False,0.8475484489728529,0.7792511667540316,0.06660890003571567,0.9247168520555498,0.8475484489728529,0.3796535605606258,0.06829728221882123,0.9166506827623468,0.017545368772610252,1.4749869866457674,113,4,completed,passed,1ebee6f082d58da0c91b534193fbfdd348cf99b4ab938028741a1b978001014a,59491ab9f1133a6cfc92830c6eac00d8fbf214fb372b2b373ff8668b0d6281f5
20260727T130916Z-stats-ceb-full-no-refit-v1__stats-ce--f9e8950598b1--no_refit__stats_ceb_multiregion_count__query_id-115,4,1,1,0.4442463152209117,0.992091252236214,False,0.7794761607364612,0.6784733333983992,0.10100282733806194,0.9083183573741158,0.7794761607364612,0.4442463152209117,0.09415824845581254,0.9309029304706434,0.025362763469664255,1.4732824900944839,115,4,completed,passed,485f4ce398b6449060faa377d7f1fb92f6476afaabc99f1f79ab5844ec28ed7c,da89d924595c898e45c3bfa8b180f0573aaa865b6a470078a719d2336d065f65
20260727T130948Z-stats-ceb-full-no-refit-v1__stats-ce--7067f463b57a--no_refit__stats_ceb_multiregion_count__query_id-116,4,3,3,0.7709551959014782,0.992091252236214,False,0.3483731697810151,0.01397983322254287,0.33439333655847225,0.7820861943420783,0.09257567982828914,1.225944660059582,0.22465781383222358,0.8989017994988879,0.3483731697810151,0.7709551959014782,116,4,completed,passed,68c5101a61b450ca7378c405e1240b29150dca6b19c95b5d99aec83d8b36e6e1,f58662f20d0e7f0696a70ca0c80019160e78d151dcbfb1bff2670f875dc70d21
20260727T131023Z-stats-ceb-full-no-refit-v1__stats-ce--bb01246ce148--no_refit__stats_ceb_multiregion_count__query_id-117,4,1,1,0.1461200125333287,0.992091252236214,False,0.9864864556819632,0.9787639873570687,0.004565102967477509,0.9590337544558456,0.9864864556819632,0.1461200125333287,0.007722468324894517,0.7978604685721057,0.0012259730256647765,1.5194040336303698,117,4,completed,passed,7867c5d130d2088732e5937fbc02d744aa11d92ab813235273f0c103a60dde78,c41639e402894b57c9b4ba5158863e7c6352d05982aebaac9ebf9b7bac9a3686
20260727T131047Z-stats-ceb-full-no-refit-v1__stats-ce--3e4025774092--no_refit__stats_ceb_multiregion_count__query_id-118,4,2,2,0.6748034160382281,0.992091252236214,False,0.44982951258050624,0.20042391365777268,0.24940559892273356,0.8295200425752166,0.12575807208521864,1.0541599164865185,0.44982951258050624,0.6748034160382281,0.17500681641154164,0.9390199425373442,118,4,completed,passed,900d33801d5a36f431cbc5249ae469d36259e434ae2591c71663a0cdf2e021ff,9c4dce4d0dcc698569e83746409305d2b49f3845064839e2f0d07358a70f0a87
20260727T131103Z-stats-ceb-full-no-refit-v1__stats-ce--a308b1d82662--no_refit__stats_ceb_multiregion_count__query_id-119,4,3,3,0.770955201176407,0.992091252236214,False,0.3483731668547412,0.013979830741558952,0.3343933361131822,0.7820861977583893,0.09257568084613259,1.2259446601257575,0.22465781618594405,0.898901799710319,0.3483731668547412,0.770955201176407,119,4,completed,passed,668dd7b6cddfee79b6e337b39ce0b6af438f2574ea423a5d534cda9340c1d110,2e909abb1183919d02b4ae5f58764dca05ede5fd5764fa9d9cced59edea2f7d3
20260727T131136Z-stats-ceb-full-no-refit-v1__stats-ce--127cd0e50e0b--no_refit__stats_ceb_multiregion_count__query_id-121,4,3,3,0.7709551964754104,0.992091252236214,False,0.34837316946262536,0.013979832952602411,0.33439333651002295,0.7820861947137858,0.09257567993903436,1.2259446600667823,0.22465781408831728,0.8989017995218924,0.34837316946262536,0.7709551964754104,121,4,completed,passed,cd1aac3248f66f496ea172366c21ed14c8c29b8f14b025247ea228f09d948572,43fd57cf6c236601b5593a65ec581fc93d29cd5ffb47bf93febdedf98ba1fca6
20260727T131207Z-stats-ceb-full-no-refit-v1__stats-ce--c931fe3227bd--no_refit__stats_ceb_multiregion_count__query_id-123,4,1,1,0.3744211208914583,0.992091252236214,False,0.8518253190977592,0.7850068549450433,0.06439939851680511,0.9244307766106097,0.8518253190977592,0.3744211208914583,0.06681846415271586,0.9125764529111188,0.016956818232719804,1.4747299556538178,123,4,completed,passed,dc99c506b3ea9c9c80d799a0ef2057beb877f7f4e617bab0d076d7395f77c236,55ff16f42abbfc4e1559576f2625da86f588bf539fc0c2f313684db75bc37418
20260727T131327Z-stats-ceb-full-no-refit-v1__stats-ce--f8ea0a3d067d--no_refit__stats_ceb_multiregion_count__query_id-124,4,1,1,0.5633982219418612,0.992091252236214,False,0.6730964037179338,0.5259288367210107,0.14716756699692307,0.9591980298423681,0.6730964037179338,0.5633982219418612,0.13795902851839562,0.9811377186977066,0.04177700076674757,1.4904399270557924,124,4,completed,passed,56f4868442ecc3912b9190ecb8a0591b4e3cf0067c6f1fc2bdac2b78b28d09a8,6029f62d036d21c7298b5b3ab3c72400a0a881cdeebd9449b6d75680e66a8b19
20260727T131357Z-stats-ceb-full-no-refit-v1__stats-ce--8c4afd677aa9--no_refit__stats_ceb_multiregion_count__query_id-125,4,3,3,0.7709551764358494,0.992091252236214,False,0.3483731805796008,0.01397984237791261,0.3343933382016882,0.7820861817351532,0.09257567607222643,1.2259446598153834,0.22465780514648456,0.8989017987186643,0.3483731805796008,0.7709551764358494,125,4,completed,passed,ce34782100b9b23853a5c4921acb47dfccbe1c3d4a0a2e594dcfdfae2d55612c,0878aa2aac56bdee566ac0016f5afdc4020e8ef04774236554c59ec5dd87f4c8
20260727T131430Z-stats-ceb-full-no-refit-v1__stats-ce--25359a07acac--no_refit__stats_ceb_multiregion_count__query_id-127,4,0,0,0.6932790729020244,0.992091252236214,False,0.35310822888821747,0.02562146701930179,0.35310822888821747,0.6932790729020244,0.09636587184921108,1.0922013152488104,0.3274867618689157,0.7118000632487238,0.22303913739365572,0.8142212966647607,127,5,completed,passed,3253f7fa59257657623c63a46dab316c7d4b7402835e015d61be0026c9a5da73,31f2ee782c93cb48b04e840db647818eb38da676c3103e8e355605adcb2e3534
20260727T131445Z-stats-ceb-full-no-refit-v1__stats-ce--8a66e3514ef9--no_refit__stats_ceb_multiregion_count__query_id-128,4,0,0,0.6931946754199851,0.992091252236214,False,0.3531370078477155,0.025718093637845663,0.3531370078477155,0.6931946754199851,0.09634717570434198,1.0921736733131002,0.32741891420986985,0.7117853289888127,0.2230969022380727,0.8140716123621302,128,5,completed,passed,16fe97aea412fb127c2bec000ef1d47f6cf11254685b0b3a9217149beb506553,2b7ad0128b6e38cb5c9322eeea6a7031da4940d1e7db976c53a9c328230da0eb
20260727T131500Z-stats-ceb-full-no-refit-v1__stats-ce--0b203d14eb3f--no_refit__stats_ceb_multiregion_count__query_id-129,4,1,1,0.2546715435009764,0.992091252236214,False,0.940978666703788,0.9097789339849262,0.021907776953845805,0.9495633279240451,0.940978666703788,0.2546715435009764,0.031199732718861898,0.8390358871902917,0.0059138236235041775,1.5016869748485984,129,5,completed,passed,ea281186766148baea6cdffa39ee11a5b9c3d6d6599cb37add355bb03e1e0d99,be123b1704b994f96ebd8db41d419e5e6dce35a701a3f7f709592c4682272447
20260727T131521Z-stats-ceb-full-no-refit-v1__stats-ce--2315e0472c88--no_refit__stats_ceb_multiregion_count__query_id-130,4,3,3,0.770955248269745,0.992091252236214,False,0.348373140729657,0.013979808591922216,0.3343933321377348,0.7820862282584257,0.0925756899332018,1.2259446607165672,0.22465783719940635,0.8989018015979434,0.348373140729657,0.770955248269745,130,5,completed,passed,34b83458ae15f0d8a35f5fe9382b4649c885b870f4746ce9f2bd1589c991ba28,3784715d462fc3c49835c4488ee9185eab79f5de30ff2d51b709ff84d7913c10
20260727T131605Z-stats-ceb-full-no-refit-v1__stats-ce--521a6a556a0f--no_refit__stats_ceb_multiregion_count__query_id-131,4,3,3,0.7709552794041242,0.992091252236214,False,0.34837312345783306,0.013979793948350694,0.33439332950948236,0.7820862484226372,0.09257569594085058,1.2259446611071758,0.22465785109183414,0.8989018028459069,0.34837312345783306,0.7709552794041242,131,5,completed,passed,7f4149ac26344918c5eca57e6282ddf8206e2ddf4954b5c657136184fe5618ed,7af13bc19f1eef2887f77f9b74e911d2575b7921af9a4c70b892899135fc0833
20260727T131659Z-stats-ceb-full-no-refit-v1__stats-ce--8a1a9579cea7--no_refit__stats_ceb_multiregion_count__query_id-133,4,1,1,0.8535947031153089,0.992091252236214,False,0.4877488289057553,0.2562366058510838,0.2315122230546715,1.1079483625943893,0.4877488289057553,0.8535947031153089,0.19624442731659866,1.173927637522963,0.0844945207229744,1.5766322377073707,133,5,completed,passed,dcf12b2735d10c571d6c5ba90866e81b9ea732c26e9ed366cdcae2d0d24e5603,8ae62fc8cfe139c4cd71a103a2eca991cf45de7a35183620304d11b84e77a0d5
20260727T131741Z-stats-ceb-full-no-refit-v1__stats-ce--90f8401b547e--no_refit__stats_ceb_multiregion_count__query_id-134,4,3,3,0.7709552561424218,0.992091252236214,False,0.348373136362282,0.013979804889130143,0.33439333147315187,0.782086233357172,0.09257569145230315,1.225944660815336,0.22465784071226286,0.8989018019135038,0.348373136362282,0.7709552561424218,134,5,completed,passed,dd2e9c54667e701123c3ed7862dbfe24f9a0928da9d87a854894e92781bfc03a,121d84557a4a3e9423c8a0d132e12b36de8ba528da7dd3574bc029f60b27d2c8
20260727T131825Z-stats-ceb-full-no-refit-v1__stats-ce--f9de1e665444--no_refit__stats_ceb_multiregion_count__query_id-136,4,3,3,0.7709553042127743,0.992091252236214,False,0.34837310969521784,0.013979782279993747,0.3343933274152241,0.782086264489988,0.09257570072789466,1.2259446614184293,0.22465786216166342,0.8989018038403245,0.34837310969521784,0.7709553042127743,136,5,completed,passed,776f922d4ecbabe26003b391bf51f94f31f6387994bdbc4175b0c0fca7647fdb,3e99f2ced3e33db91771dea4d49530d94455e0e3b9647b285fd92097f8b83c55
20260727T131940Z-stats-ceb-full-no-refit-v1__stats-ce--c2c0f5e0d091--no_refit__stats_ceb_multiregion_count__query_id-137,4,3,3,0.770955188869228,0.992091252236214,False,0.3483731736821658,0.013979836530057133,0.33439333715210867,0.7820861897876374,0.09257567847135521,1.2259446599713613,0.2246578106943704,0.8989017992170198,0.3483731736821658,0.770955188869228,137,5,completed,passed,83b90f8c6364a6608ce050c3a1ea00cabab85a2accfa36ed12a5879d0878233b,e85579d1373689bcc979d045fac715db6dd7e5c03081ff7bbbbe94746bd3ecea
20260727T132012Z-stats-ceb-full-no-refit-v1__stats-ce--e848245a93b8--no_refit__stats_ceb_multiregion_count__query_id-138,4,1,1,0.22573129534692224,0.992091252236214,False,0.9625677540482958,0.9424754138707061,0.013352667922603612,1.008890226555386,0.9625677540482958,0.22573129534692224,0.02009234017758962,0.8744440941847924,0.00398723785151098,1.5401303584969526,138,5,completed,passed,62b66e40d97e60364e5ecbcd657bdc0abcdfe3133c21e31a7c67a2c509a98a5a,6015d7b04189d428f9ef9513ed69a4a8ae95fa385db2c23b7df9069e023b3940
20260727T132037Z-stats-ceb-full-no-refit-v1__stats-ce--df5c5c659377--no_refit__stats_ceb_multiregion_count__query_id-139,4,1,1,0.3228939638073641,0.992091252236214,False,0.8919227278138805,0.8379950910013181,0.042531602013507856,0.9367535500738515,0.8919227278138805,0.3228939638073641,0.053927636812562456,0.862065908817006,0.01161803336004914,1.4752921800740713,139,6,completed,passed,3d0a88b607b4fcb4f5f3f0a8792adf95314786a39271a7715bcbf1794d471c99,138f52f04036dc40b28dd68bb76b4b050c0f69314ba7ddfaa6b92e26e42105ff
20260727T132200Z-stats-ceb-full-no-refit-v1__stats-ce--15cc6ad9a739--no_refit__stats_ceb_multiregion_count__query_id-140,4,3,3,0.7709553233182541,0.992091252236214,False,0.3483730990964432,0.013979773294036713,0.3343933258024065,0.7820862768636763,0.09257570441446242,1.225944661658134,0.22465787068668777,0.8989018046061444,0.3483730990964432,0.7709553233182541,140,7,completed,passed,0f6bdcd9d9ed7b4ef0ada1dea0fbf0a9b48aaa4cdf305f6d050905be22ae821f,2b617d1a221929392d09da47b16724724142b81e855460c5a94d58705cc91791
20260727T132401Z-stats-ceb-full-no-refit-v1__stats-ce--a82d36999fed--no_refit__stats_ceb_multiregion_count__query_id-141,4,1,1,0.6939243380547766,0.992091252236214,False,0.5796646716278795,0.3999728844937595,0.17969178713411998,1.0455363377919153,0.5796646716278795,0.6939243380547766,0.17538215300673324,1.0544576020243304,0.06526138823126724,1.4903706983599463,141,7,completed,passed,7599c44a7c58c7a7cf0115878a831a79e45fce3f75aaace4d7493f6cde8cd3bf,5845b6d044729415666396a9f33974e1af9fad54750cfb8480be764e29bfd126
20260727T132906Z-stats-ceb-full-no-refit-v1__stats-ce--f6c5964c7097--no_refit__stats_ceb_multiregion_count__query_id-142,4,3,3,0.7709553237936579,0.992091252236214,False,0.3483730988327128,0.013979773070438184,0.3343933257622746,0.7820862771715723,0.09257570450619573,1.2259446616640985,0.22465787089881697,0.8989018046252004,0.3483730988327128,0.7709553237936579,142,7,completed,passed,48c8ffbb3668fb02193e5f4ba0eb91bace61c7c1960d81a28a94da300caa2015,5c5c034be257d5f5b51a4a71c2e3c6de43ecc3b594f2d18ee6ccebb0630e0d15
20260727T133119Z-stats-ceb-full-no-refit-v1__stats-ce--7289a6252abd--no_refit__stats_ceb_multiregion_count__query_id-143,4,3,3,0.7709553114698722,0.992091252236214,False,0.34837310566933877,0.01397977886673335,0.3343933268026054,0.7820862691900564,0.09257570212821455,1.2259446615094791,0.2246578653998412,0.8989018041312158,0.34837310566933877,0.7709553114698722,143,7,completed,passed,66b3253f99ac24e683b9e1e8ccaff90d20eee115ce6884135fb800884dff7ff0,0ff4f319f8d80b755fd41a1118cd47443cfed0116ff5307aaeb34c6c2359bc5d
20260727T133249Z-stats-ceb-full-no-refit-v1__stats-ce--38b46bc207e5--no_refit__stats_ceb_multiregion_count__query_id-144,4,1,1,0.37622562611598476,0.992091252236214,False,0.852309813094839,0.7845598950447554,0.06323218891495042,0.9350376944092014,0.852309813094839,0.37622562611598476,0.06774991805008362,0.9127239018178955,0.016708079940126967,1.4898179553583957,144,6,completed,passed,d6acf31cae2f2848b3d2142bb4be1ec73a44858825863b08cfe6ff0e9c7c9b68,93f88c5fafa9ab6e4488e7db969072d1a864dedc6c21eef2038f5891ef0bf500
20260727T133321Z-stats-ceb-full-no-refit-v1__stats-ce--884fb2f9b52f--no_refit__stats_ceb_multiregion_count__query_id-145,4,0,0,0.6863837982880869,0.992091252236214,False,0.365225037683308,0.05324130343116157,0.365225037683308,0.6863837982880869,0.09427178136713765,1.102629515985421,0.3119837342521464,0.725298919323348,0.22851944669740792,0.808798069964308,145,6,completed,passed,2ecd4dc64460e26942ec987d5090d629867b61fd3f7e772147226d92ff4417ec,9147918ff43b4da8e96d4b22e33f6f05a4e119c58706e7199f1f81a831293923
20260727T133337Z-stats-ceb-full-no-refit-v1__stats-ce--5eec9cca207b--no_refit__stats_ceb_multiregion_count__query_id-146,4,1,1,0.31657412898510123,0.992091252236214,False,0.8970756080110666,0.8469156153635982,0.04182455571543069,0.9256879699564148,0.8970756080110666,0.31657412898510123,0.05015999264746842,0.8686413015075302,0.010939843626034321,1.480170340111619,146,6,completed,passed,838b04b389107f878c9b5152d22e5fafa95ff1670f2bafa33be5cd296b3ca0e7,f673ed8c1e9d74c25bb43508dc7c7f5a035c80ff46240fa586c02f950c6ce4ed
