policy_id,mitigation_action,intervention_role,changed_fields,stressed_config_json,mitigated_config_json,pair_count,strict_pair_count,stressed_template_count,dataset_count
gac_memory,increase_gac_work_mem,negative_control,runtime_config_id|work_mem,"{""dataset_profile_id"":[""pilot-balanced-v1""],""dataset_size_class"":[""medium""],""execution_strategy"":[""multiregion_union""],""regional_pg_options_json"":[""{}""],""runtime_config_id"":[""pressure_gac_memory_stressed""],""template_id"":[""gac_fdw_multiregion_event_filter_summary""],""work_mem"":[""64kB""]}","{""dataset_profile_id"":[""pilot-balanced-v1""],""dataset_size_class"":[""medium""],""execution_strategy"":[""multiregion_union""],""regional_pg_options_json"":[""{}""],""runtime_config_id"":[""pressure_gac_memory_mitigated""],""template_id"":[""gac_fdw_multiregion_event_filter_summary""],""work_mem"":[""256MB""]}",4,4,1,1
gac_memory,increase_gac_work_mem,negative_control,runtime_config_id|work_mem,"{""dataset_profile_id"":[""pilot-balanced-v1""],""dataset_size_class"":[""medium""],""execution_strategy"":[""multiregion_union""],""regional_pg_options_json"":[""{}""],""runtime_config_id"":[""pressure_gac_memory_stressed""],""template_id"":[""gac_fdw_multiregion_tenant_point_raw_finalize""],""work_mem"":[""64kB""]}","{""dataset_profile_id"":[""pilot-balanced-v1""],""dataset_size_class"":[""medium""],""execution_strategy"":[""multiregion_union""],""regional_pg_options_json"":[""{}""],""runtime_config_id"":[""pressure_gac_memory_mitigated""],""template_id"":[""gac_fdw_multiregion_tenant_point_raw_finalize""],""work_mem"":[""256MB""]}",4,4,1,1
gac_memory,increase_gac_work_mem,negative_control,runtime_config_id|work_mem,"{""dataset_profile_id"":[""raw-large-balanced-v1""],""dataset_size_class"":[""large""],""execution_strategy"":[""multiregion_union""],""regional_pg_options_json"":[""{}""],""runtime_config_id"":[""pressure_gac_memory_stressed""],""template_id"":[""gac_fdw_multiregion_event_filter_summary""],""work_mem"":[""64kB""]}","{""dataset_profile_id"":[""raw-large-balanced-v1""],""dataset_size_class"":[""large""],""execution_strategy"":[""multiregion_union""],""regional_pg_options_json"":[""{}""],""runtime_config_id"":[""pressure_gac_memory_mitigated""],""template_id"":[""gac_fdw_multiregion_event_filter_summary""],""work_mem"":[""256MB""]}",4,4,1,1
gac_memory,increase_gac_work_mem,negative_control,runtime_config_id|work_mem,"{""dataset_profile_id"":[""raw-large-balanced-v1""],""dataset_size_class"":[""large""],""execution_strategy"":[""multiregion_union""],""regional_pg_options_json"":[""{}""],""runtime_config_id"":[""pressure_gac_memory_stressed""],""template_id"":[""gac_fdw_multiregion_tenant_point_raw_finalize""],""work_mem"":[""64kB""]}","{""dataset_profile_id"":[""raw-large-balanced-v1""],""dataset_size_class"":[""large""],""execution_strategy"":[""multiregion_union""],""regional_pg_options_json"":[""{}""],""runtime_config_id"":[""pressure_gac_memory_mitigated""],""template_id"":[""gac_fdw_multiregion_tenant_point_raw_finalize""],""work_mem"":[""256MB""]}",4,4,1,1
gac_memory,increase_gac_work_mem,negative_control,runtime_config_id|work_mem,"{""dataset_profile_id"":[""raw-small-balanced-v1""],""dataset_size_class"":[""small""],""execution_strategy"":[""multiregion_union""],""regional_pg_options_json"":[""{}""],""runtime_config_id"":[""pressure_gac_memory_stressed""],""template_id"":[""gac_fdw_multiregion_event_filter_summary""],""work_mem"":[""64kB""]}","{""dataset_profile_id"":[""raw-small-balanced-v1""],""dataset_size_class"":[""small""],""execution_strategy"":[""multiregion_union""],""regional_pg_options_json"":[""{}""],""runtime_config_id"":[""pressure_gac_memory_mitigated""],""template_id"":[""gac_fdw_multiregion_event_filter_summary""],""work_mem"":[""256MB""]}",4,4,1,1
gac_memory,increase_gac_work_mem,negative_control,runtime_config_id|work_mem,"{""dataset_profile_id"":[""raw-small-balanced-v1""],""dataset_size_class"":[""small""],""execution_strategy"":[""multiregion_union""],""regional_pg_options_json"":[""{}""],""runtime_config_id"":[""pressure_gac_memory_stressed""],""template_id"":[""gac_fdw_multiregion_tenant_point_raw_finalize""],""work_mem"":[""64kB""]}","{""dataset_profile_id"":[""raw-small-balanced-v1""],""dataset_size_class"":[""small""],""execution_strategy"":[""multiregion_union""],""regional_pg_options_json"":[""{}""],""runtime_config_id"":[""pressure_gac_memory_mitigated""],""template_id"":[""gac_fdw_multiregion_tenant_point_raw_finalize""],""work_mem"":[""256MB""]}",4,4,1,1
gac_memory,increase_gac_work_mem,positive_case,runtime_config_id|work_mem,"{""dataset_profile_id"":[""pilot-balanced-v1""],""dataset_size_class"":[""medium""],""execution_strategy"":[""multiregion_union""],""physical_strategy_id"":[""gac_raw_aggregate""],""regional_pg_options_json"":[""{}""],""runtime_config_id"":[""pressure_gac_memory_stressed""],""template_id"":[""gac_fdw_coordinator_raw_user_topk""],""work_mem"":[""64kB""]}","{""dataset_profile_id"":[""pilot-balanced-v1""],""dataset_size_class"":[""medium""],""execution_strategy"":[""multiregion_union""],""physical_strategy_id"":[""gac_raw_aggregate""],""regional_pg_options_json"":[""{}""],""runtime_config_id"":[""pressure_gac_memory_mitigated""],""template_id"":[""gac_fdw_coordinator_raw_user_topk""],""work_mem"":[""256MB""]}",5,5,1,1
gac_memory,increase_gac_work_mem,positive_case,runtime_config_id|work_mem,"{""dataset_profile_id"":[""raw-large-balanced-v1""],""dataset_size_class"":[""large""],""execution_strategy"":[""multiregion_union""],""physical_strategy_id"":[""gac_raw_aggregate""],""regional_pg_options_json"":[""{}""],""runtime_config_id"":[""pressure_gac_memory_stressed""],""template_id"":[""gac_fdw_coordinator_raw_user_topk""],""work_mem"":[""64kB""]}","{""dataset_profile_id"":[""raw-large-balanced-v1""],""dataset_size_class"":[""large""],""execution_strategy"":[""multiregion_union""],""physical_strategy_id"":[""gac_raw_aggregate""],""regional_pg_options_json"":[""{}""],""runtime_config_id"":[""pressure_gac_memory_mitigated""],""template_id"":[""gac_fdw_coordinator_raw_user_topk""],""work_mem"":[""256MB""]}",5,5,1,1
gac_memory,increase_gac_work_mem,positive_case,runtime_config_id|work_mem,"{""dataset_profile_id"":[""raw-small-balanced-v1""],""dataset_size_class"":[""small""],""execution_strategy"":[""multiregion_union""],""physical_strategy_id"":[""gac_raw_aggregate""],""regional_pg_options_json"":[""{}""],""runtime_config_id"":[""pressure_gac_memory_stressed""],""template_id"":[""gac_fdw_coordinator_raw_user_topk""],""work_mem"":[""64kB""]}","{""dataset_profile_id"":[""raw-small-balanced-v1""],""dataset_size_class"":[""small""],""execution_strategy"":[""multiregion_union""],""physical_strategy_id"":[""gac_raw_aggregate""],""regional_pg_options_json"":[""{}""],""runtime_config_id"":[""pressure_gac_memory_mitigated""],""template_id"":[""gac_fdw_coordinator_raw_user_topk""],""work_mem"":[""256MB""]}",5,5,1,1
gac_regional_reduction,regional_join_pushdown,positive_case,physical_strategy_id|template_id,"{""dataset_profile_id"":[""pilot-balanced-v1""],""dataset_size_class"":[""medium""],""execution_strategy"":[""multiregion_union""],""physical_strategy_id"":[""gac_local_hash_join""],""regional_pg_options_json"":[""{}""],""runtime_config_id"":[""default""],""template_id"":[""gac_fdw_coordinator_local_user_join""]}","{""dataset_profile_id"":[""pilot-balanced-v1""],""dataset_size_class"":[""medium""],""execution_strategy"":[""multiregion_union""],""physical_strategy_id"":[""regional_colocated_join""],""regional_pg_options_json"":[""{}""],""runtime_config_id"":[""default""],""template_id"":[""gac_fdw_coordinator_regional_user_join""]}",5,5,1,1
gac_regional_reduction,regional_join_pushdown,positive_case,physical_strategy_id|template_id,"{""dataset_profile_id"":[""raw-large-balanced-v1""],""dataset_size_class"":[""large""],""execution_strategy"":[""multiregion_union""],""physical_strategy_id"":[""gac_local_hash_join""],""regional_pg_options_json"":[""{}""],""runtime_config_id"":[""default""],""template_id"":[""gac_fdw_coordinator_local_user_join""]}","{""dataset_profile_id"":[""raw-large-balanced-v1""],""dataset_size_class"":[""large""],""execution_strategy"":[""multiregion_union""],""physical_strategy_id"":[""regional_colocated_join""],""regional_pg_options_json"":[""{}""],""runtime_config_id"":[""default""],""template_id"":[""gac_fdw_coordinator_regional_user_join""]}",5,5,1,1
gac_regional_reduction,regional_join_pushdown,positive_case,physical_strategy_id|template_id,"{""dataset_profile_id"":[""raw-small-balanced-v1""],""dataset_size_class"":[""small""],""execution_strategy"":[""multiregion_union""],""physical_strategy_id"":[""gac_local_hash_join""],""regional_pg_options_json"":[""{}""],""runtime_config_id"":[""default""],""template_id"":[""gac_fdw_coordinator_local_user_join""]}","{""dataset_profile_id"":[""raw-small-balanced-v1""],""dataset_size_class"":[""small""],""execution_strategy"":[""multiregion_union""],""physical_strategy_id"":[""regional_colocated_join""],""regional_pg_options_json"":[""{}""],""runtime_config_id"":[""default""],""template_id"":[""gac_fdw_coordinator_regional_user_join""]}",5,5,1,1
gac_regional_reduction,regional_partial_aggregation,positive_case,physical_strategy_id|template_id,"{""dataset_profile_id"":[""pilot-balanced-v1""],""dataset_size_class"":[""medium""],""execution_strategy"":[""multiregion_union""],""physical_strategy_id"":[""gac_raw_aggregate""],""regional_pg_options_json"":[""{}""],""runtime_config_id"":[""default""],""template_id"":[""gac_fdw_coordinator_raw_user_topk""]}","{""dataset_profile_id"":[""pilot-balanced-v1""],""dataset_size_class"":[""medium""],""execution_strategy"":[""multiregion_union""],""physical_strategy_id"":[""regional_partial_aggregate""],""regional_pg_options_json"":[""{}""],""runtime_config_id"":[""default""],""template_id"":[""gac_fdw_coordinator_partial_user_topk""]}",5,5,1,1
gac_regional_reduction,regional_partial_aggregation,positive_case,physical_strategy_id|template_id,"{""dataset_profile_id"":[""raw-large-balanced-v1""],""dataset_size_class"":[""large""],""execution_strategy"":[""multiregion_union""],""physical_strategy_id"":[""gac_raw_aggregate""],""regional_pg_options_json"":[""{}""],""runtime_config_id"":[""default""],""template_id"":[""gac_fdw_coordinator_raw_user_topk""]}","{""dataset_profile_id"":[""raw-large-balanced-v1""],""dataset_size_class"":[""large""],""execution_strategy"":[""multiregion_union""],""physical_strategy_id"":[""regional_partial_aggregate""],""regional_pg_options_json"":[""{}""],""runtime_config_id"":[""default""],""template_id"":[""gac_fdw_coordinator_partial_user_topk""]}",5,5,1,1
gac_regional_reduction,regional_partial_aggregation,positive_case,physical_strategy_id|template_id,"{""dataset_profile_id"":[""raw-small-balanced-v1""],""dataset_size_class"":[""small""],""execution_strategy"":[""multiregion_union""],""physical_strategy_id"":[""gac_raw_aggregate""],""regional_pg_options_json"":[""{}""],""runtime_config_id"":[""default""],""template_id"":[""gac_fdw_coordinator_raw_user_topk""]}","{""dataset_profile_id"":[""raw-small-balanced-v1""],""dataset_size_class"":[""small""],""execution_strategy"":[""multiregion_union""],""physical_strategy_id"":[""regional_partial_aggregate""],""regional_pg_options_json"":[""{}""],""runtime_config_id"":[""default""],""template_id"":[""gac_fdw_coordinator_partial_user_topk""]}",5,5,1,1
gac_regional_reduction,regional_prededuplication,positive_case,physical_strategy_id|template_id,"{""dataset_profile_id"":[""pilot-balanced-v1""],""dataset_size_class"":[""medium""],""execution_strategy"":[""multiregion_union""],""physical_strategy_id"":[""gac_raw_distinct""],""regional_pg_options_json"":[""{}""],""runtime_config_id"":[""default""],""template_id"":[""gac_fdw_coordinator_raw_distinct_users""]}","{""dataset_profile_id"":[""pilot-balanced-v1""],""dataset_size_class"":[""medium""],""execution_strategy"":[""multiregion_union""],""physical_strategy_id"":[""regional_distinct""],""regional_pg_options_json"":[""{}""],""runtime_config_id"":[""default""],""template_id"":[""gac_fdw_coordinator_regional_distinct_users""]}",5,5,1,1
gac_regional_reduction,regional_prededuplication,positive_case,physical_strategy_id|template_id,"{""dataset_profile_id"":[""raw-large-balanced-v1""],""dataset_size_class"":[""large""],""execution_strategy"":[""multiregion_union""],""physical_strategy_id"":[""gac_raw_distinct""],""regional_pg_options_json"":[""{}""],""runtime_config_id"":[""default""],""template_id"":[""gac_fdw_coordinator_raw_distinct_users""]}","{""dataset_profile_id"":[""raw-large-balanced-v1""],""dataset_size_class"":[""large""],""execution_strategy"":[""multiregion_union""],""physical_strategy_id"":[""regional_distinct""],""regional_pg_options_json"":[""{}""],""runtime_config_id"":[""default""],""template_id"":[""gac_fdw_coordinator_regional_distinct_users""]}",5,5,1,1
gac_regional_reduction,regional_prededuplication,positive_case,physical_strategy_id|template_id,"{""dataset_profile_id"":[""raw-small-balanced-v1""],""dataset_size_class"":[""small""],""execution_strategy"":[""multiregion_union""],""physical_strategy_id"":[""gac_raw_distinct""],""regional_pg_options_json"":[""{}""],""runtime_config_id"":[""default""],""template_id"":[""gac_fdw_coordinator_raw_distinct_users""]}","{""dataset_profile_id"":[""raw-small-balanced-v1""],""dataset_size_class"":[""small""],""execution_strategy"":[""multiregion_union""],""physical_strategy_id"":[""regional_distinct""],""regional_pg_options_json"":[""{}""],""runtime_config_id"":[""default""],""template_id"":[""gac_fdw_coordinator_regional_distinct_users""]}",5,5,1,1
gac_regional_reduction,regional_topk_candidates,positive_case,physical_strategy_id|template_id,"{""dataset_profile_id"":[""pilot-balanced-v1""],""dataset_size_class"":[""medium""],""execution_strategy"":[""multiregion_union""],""physical_strategy_id"":[""gac_raw_topk""],""regional_pg_options_json"":[""{}""],""runtime_config_id"":[""default""],""template_id"":[""gac_fdw_coordinator_raw_event_topk""]}","{""dataset_profile_id"":[""pilot-balanced-v1""],""dataset_size_class"":[""medium""],""execution_strategy"":[""multiregion_union""],""physical_strategy_id"":[""regional_topk_candidates""],""regional_pg_options_json"":[""{}""],""runtime_config_id"":[""default""],""template_id"":[""gac_fdw_coordinator_regional_event_topk""]}",5,5,1,1
gac_regional_reduction,regional_topk_candidates,positive_case,physical_strategy_id|template_id,"{""dataset_profile_id"":[""raw-large-balanced-v1""],""dataset_size_class"":[""large""],""execution_strategy"":[""multiregion_union""],""physical_strategy_id"":[""gac_raw_topk""],""regional_pg_options_json"":[""{}""],""runtime_config_id"":[""default""],""template_id"":[""gac_fdw_coordinator_raw_event_topk""]}","{""dataset_profile_id"":[""raw-large-balanced-v1""],""dataset_size_class"":[""large""],""execution_strategy"":[""multiregion_union""],""physical_strategy_id"":[""regional_topk_candidates""],""regional_pg_options_json"":[""{}""],""runtime_config_id"":[""default""],""template_id"":[""gac_fdw_coordinator_regional_event_topk""]}",5,5,1,1
gac_regional_reduction,regional_topk_candidates,positive_case,physical_strategy_id|template_id,"{""dataset_profile_id"":[""raw-small-balanced-v1""],""dataset_size_class"":[""small""],""execution_strategy"":[""multiregion_union""],""physical_strategy_id"":[""gac_raw_topk""],""regional_pg_options_json"":[""{}""],""runtime_config_id"":[""default""],""template_id"":[""gac_fdw_coordinator_raw_event_topk""]}","{""dataset_profile_id"":[""raw-small-balanced-v1""],""dataset_size_class"":[""small""],""execution_strategy"":[""multiregion_union""],""physical_strategy_id"":[""regional_topk_candidates""],""regional_pg_options_json"":[""{}""],""runtime_config_id"":[""default""],""template_id"":[""gac_fdw_coordinator_regional_event_topk""]}",5,5,1,1
hot_shard_placement,disperse_hot_shards,negative_control,placement_action|placement_state_id,"{""dataset_profile_id"":[""pilot-region-local-skew-asymmetric-medium-v1""],""dataset_size_class"":[""medium""],""execution_strategy"":[""multiregion_union""],""physical_strategy_id"":[""cold_or_selective_control""],""placement_action"":[""concentrate_hot_shards""],""placement_state_id"":[""hot_shards_concentrated""],""runtime_config_id"":[""default""],""template_id"":[""gac_fdw_multiregion_event_filter_summary""]}","{""dataset_profile_id"":[""pilot-region-local-skew-asymmetric-medium-v1""],""dataset_size_class"":[""medium""],""execution_strategy"":[""multiregion_union""],""physical_strategy_id"":[""cold_or_selective_control""],""placement_action"":[""disperse_hot_shards""],""placement_state_id"":[""hot_shards_dispersed""],""runtime_config_id"":[""default""],""template_id"":[""gac_fdw_multiregion_event_filter_summary""]}",1,1,1,1
hot_shard_placement,disperse_hot_shards,negative_control,placement_action|placement_state_id,"{""dataset_profile_id"":[""pilot-region-local-skew-asymmetric-medium-v1""],""dataset_size_class"":[""medium""],""execution_strategy"":[""multiregion_union""],""physical_strategy_id"":[""cold_or_selective_control""],""placement_action"":[""concentrate_hot_shards""],""placement_state_id"":[""hot_shards_concentrated""],""runtime_config_id"":[""default""],""template_id"":[""gac_fdw_multiregion_tenant_point_rollup""]}","{""dataset_profile_id"":[""pilot-region-local-skew-asymmetric-medium-v1""],""dataset_size_class"":[""medium""],""execution_strategy"":[""multiregion_union""],""physical_strategy_id"":[""cold_or_selective_control""],""placement_action"":[""disperse_hot_shards""],""placement_state_id"":[""hot_shards_dispersed""],""runtime_config_id"":[""default""],""template_id"":[""gac_fdw_multiregion_tenant_point_rollup""]}",1,1,1,1
hot_shard_placement,disperse_hot_shards,negative_control,placement_action|placement_state_id,"{""dataset_profile_id"":[""pilot-region-local-skew-asymmetric-medium-v1""],""dataset_size_class"":[""medium""],""execution_strategy"":[""multiregion_union""],""physical_strategy_id"":[""hot_data_activation""],""placement_action"":[""concentrate_hot_shards""],""placement_state_id"":[""hot_shards_concentrated""],""runtime_config_id"":[""default""],""template_id"":[""gac_fdw_multiregion_tenant_point_rollup""]}","{""dataset_profile_id"":[""pilot-region-local-skew-asymmetric-medium-v1""],""dataset_size_class"":[""medium""],""execution_strategy"":[""multiregion_union""],""physical_strategy_id"":[""hot_data_activation""],""placement_action"":[""disperse_hot_shards""],""placement_state_id"":[""hot_shards_dispersed""],""runtime_config_id"":[""default""],""template_id"":[""gac_fdw_multiregion_tenant_point_rollup""]}",1,1,1,1
hot_shard_placement,disperse_hot_shards,negative_control,placement_action|placement_state_id,"{""dataset_profile_id"":[""pilot-skew-heavy-v1""],""dataset_size_class"":[""medium""],""execution_strategy"":[""multiregion_union""],""physical_strategy_id"":[""cold_or_selective_control""],""placement_action"":[""concentrate_hot_shards""],""placement_state_id"":[""hot_shards_concentrated""],""runtime_config_id"":[""default""],""template_id"":[""gac_fdw_multiregion_event_filter_summary""]}","{""dataset_profile_id"":[""pilot-skew-heavy-v1""],""dataset_size_class"":[""medium""],""execution_strategy"":[""multiregion_union""],""physical_strategy_id"":[""cold_or_selective_control""],""placement_action"":[""disperse_hot_shards""],""placement_state_id"":[""hot_shards_dispersed""],""runtime_config_id"":[""default""],""template_id"":[""gac_fdw_multiregion_event_filter_summary""]}",1,1,1,1
hot_shard_placement,disperse_hot_shards,negative_control,placement_action|placement_state_id,"{""dataset_profile_id"":[""pilot-skew-heavy-v1""],""dataset_size_class"":[""medium""],""execution_strategy"":[""multiregion_union""],""physical_strategy_id"":[""cold_or_selective_control""],""placement_action"":[""concentrate_hot_shards""],""placement_state_id"":[""hot_shards_concentrated""],""runtime_config_id"":[""default""],""template_id"":[""gac_fdw_multiregion_tenant_point_rollup""]}","{""dataset_profile_id"":[""pilot-skew-heavy-v1""],""dataset_size_class"":[""medium""],""execution_strategy"":[""multiregion_union""],""physical_strategy_id"":[""cold_or_selective_control""],""placement_action"":[""disperse_hot_shards""],""placement_state_id"":[""hot_shards_dispersed""],""runtime_config_id"":[""default""],""template_id"":[""gac_fdw_multiregion_tenant_point_rollup""]}",1,1,1,1
hot_shard_placement,disperse_hot_shards,negative_control,placement_action|placement_state_id,"{""dataset_profile_id"":[""pilot-skew-heavy-v1""],""dataset_size_class"":[""medium""],""execution_strategy"":[""multiregion_union""],""physical_strategy_id"":[""hot_data_activation""],""placement_action"":[""concentrate_hot_shards""],""placement_state_id"":[""hot_shards_concentrated""],""runtime_config_id"":[""default""],""template_id"":[""gac_fdw_multiregion_tenant_point_rollup""]}","{""dataset_profile_id"":[""pilot-skew-heavy-v1""],""dataset_size_class"":[""medium""],""execution_strategy"":[""multiregion_union""],""physical_strategy_id"":[""hot_data_activation""],""placement_action"":[""disperse_hot_shards""],""placement_state_id"":[""hot_shards_dispersed""],""runtime_config_id"":[""default""],""template_id"":[""gac_fdw_multiregion_tenant_point_rollup""]}",1,1,1,1
hot_shard_placement,disperse_hot_shards,negative_control,placement_action|placement_state_id,"{""dataset_profile_id"":[""raw-large-skew-heavy-v1""],""dataset_size_class"":[""large""],""execution_strategy"":[""multiregion_union""],""physical_strategy_id"":[""cold_or_selective_control""],""placement_action"":[""concentrate_hot_shards""],""placement_state_id"":[""hot_shards_concentrated""],""runtime_config_id"":[""default""],""template_id"":[""gac_fdw_multiregion_event_filter_summary""]}","{""dataset_profile_id"":[""raw-large-skew-heavy-v1""],""dataset_size_class"":[""large""],""execution_strategy"":[""multiregion_union""],""physical_strategy_id"":[""cold_or_selective_control""],""placement_action"":[""disperse_hot_shards""],""placement_state_id"":[""hot_shards_dispersed""],""runtime_config_id"":[""default""],""template_id"":[""gac_fdw_multiregion_event_filter_summary""]}",1,1,1,1
hot_shard_placement,disperse_hot_shards,negative_control,placement_action|placement_state_id,"{""dataset_profile_id"":[""raw-large-skew-heavy-v1""],""dataset_size_class"":[""large""],""execution_strategy"":[""multiregion_union""],""physical_strategy_id"":[""cold_or_selective_control""],""placement_action"":[""concentrate_hot_shards""],""placement_state_id"":[""hot_shards_concentrated""],""runtime_config_id"":[""default""],""template_id"":[""gac_fdw_multiregion_tenant_point_rollup""]}","{""dataset_profile_id"":[""raw-large-skew-heavy-v1""],""dataset_size_class"":[""large""],""execution_strategy"":[""multiregion_union""],""physical_strategy_id"":[""cold_or_selective_control""],""placement_action"":[""disperse_hot_shards""],""placement_state_id"":[""hot_shards_dispersed""],""runtime_config_id"":[""default""],""template_id"":[""gac_fdw_multiregion_tenant_point_rollup""]}",1,1,1,1
hot_shard_placement,disperse_hot_shards,negative_control,placement_action|placement_state_id,"{""dataset_profile_id"":[""raw-large-skew-heavy-v1""],""dataset_size_class"":[""large""],""execution_strategy"":[""multiregion_union""],""physical_strategy_id"":[""hot_data_activation""],""placement_action"":[""concentrate_hot_shards""],""placement_state_id"":[""hot_shards_concentrated""],""runtime_config_id"":[""default""],""template_id"":[""gac_fdw_multiregion_tenant_point_rollup""]}","{""dataset_profile_id"":[""raw-large-skew-heavy-v1""],""dataset_size_class"":[""large""],""execution_strategy"":[""multiregion_union""],""physical_strategy_id"":[""hot_data_activation""],""placement_action"":[""disperse_hot_shards""],""placement_state_id"":[""hot_shards_dispersed""],""runtime_config_id"":[""default""],""template_id"":[""gac_fdw_multiregion_tenant_point_rollup""]}",1,1,1,1
hot_shard_placement,disperse_hot_shards,negative_control,placement_action|placement_state_id,"{""dataset_profile_id"":[""raw-large-skew-moderate-v1""],""dataset_size_class"":[""large""],""execution_strategy"":[""multiregion_union""],""physical_strategy_id"":[""cold_or_selective_control""],""placement_action"":[""concentrate_hot_shards""],""placement_state_id"":[""hot_shards_concentrated""],""runtime_config_id"":[""default""],""template_id"":[""gac_fdw_multiregion_event_filter_summary""]}","{""dataset_profile_id"":[""raw-large-skew-moderate-v1""],""dataset_size_class"":[""large""],""execution_strategy"":[""multiregion_union""],""physical_strategy_id"":[""cold_or_selective_control""],""placement_action"":[""disperse_hot_shards""],""placement_state_id"":[""hot_shards_dispersed""],""runtime_config_id"":[""default""],""template_id"":[""gac_fdw_multiregion_event_filter_summary""]}",1,1,1,1
hot_shard_placement,disperse_hot_shards,negative_control,placement_action|placement_state_id,"{""dataset_profile_id"":[""raw-large-skew-moderate-v1""],""dataset_size_class"":[""large""],""execution_strategy"":[""multiregion_union""],""physical_strategy_id"":[""cold_or_selective_control""],""placement_action"":[""concentrate_hot_shards""],""placement_state_id"":[""hot_shards_concentrated""],""runtime_config_id"":[""default""],""template_id"":[""gac_fdw_multiregion_tenant_point_rollup""]}","{""dataset_profile_id"":[""raw-large-skew-moderate-v1""],""dataset_size_class"":[""large""],""execution_strategy"":[""multiregion_union""],""physical_strategy_id"":[""cold_or_selective_control""],""placement_action"":[""disperse_hot_shards""],""placement_state_id"":[""hot_shards_dispersed""],""runtime_config_id"":[""default""],""template_id"":[""gac_fdw_multiregion_tenant_point_rollup""]}",1,1,1,1
hot_shard_placement,disperse_hot_shards,negative_control,placement_action|placement_state_id,"{""dataset_profile_id"":[""raw-large-skew-moderate-v1""],""dataset_size_class"":[""large""],""execution_strategy"":[""multiregion_union""],""physical_strategy_id"":[""hot_data_activation""],""placement_action"":[""concentrate_hot_shards""],""placement_state_id"":[""hot_shards_concentrated""],""runtime_config_id"":[""default""],""template_id"":[""gac_fdw_multiregion_tenant_point_rollup""]}","{""dataset_profile_id"":[""raw-large-skew-moderate-v1""],""dataset_size_class"":[""large""],""execution_strategy"":[""multiregion_union""],""physical_strategy_id"":[""hot_data_activation""],""placement_action"":[""disperse_hot_shards""],""placement_state_id"":[""hot_shards_dispersed""],""runtime_config_id"":[""default""],""template_id"":[""gac_fdw_multiregion_tenant_point_rollup""]}",1,1,1,1
hot_shard_placement,disperse_hot_shards,negative_control,placement_action|placement_state_id,"{""dataset_profile_id"":[""raw-medium-skew-moderate-v1""],""dataset_size_class"":[""medium""],""execution_strategy"":[""multiregion_union""],""physical_strategy_id"":[""cold_or_selective_control""],""placement_action"":[""concentrate_hot_shards""],""placement_state_id"":[""hot_shards_concentrated""],""runtime_config_id"":[""default""],""template_id"":[""gac_fdw_multiregion_event_filter_summary""]}","{""dataset_profile_id"":[""raw-medium-skew-moderate-v1""],""dataset_size_class"":[""medium""],""execution_strategy"":[""multiregion_union""],""physical_strategy_id"":[""cold_or_selective_control""],""placement_action"":[""disperse_hot_shards""],""placement_state_id"":[""hot_shards_dispersed""],""runtime_config_id"":[""default""],""template_id"":[""gac_fdw_multiregion_event_filter_summary""]}",1,1,1,1
hot_shard_placement,disperse_hot_shards,negative_control,placement_action|placement_state_id,"{""dataset_profile_id"":[""raw-medium-skew-moderate-v1""],""dataset_size_class"":[""medium""],""execution_strategy"":[""multiregion_union""],""physical_strategy_id"":[""cold_or_selective_control""],""placement_action"":[""concentrate_hot_shards""],""placement_state_id"":[""hot_shards_concentrated""],""runtime_config_id"":[""default""],""template_id"":[""gac_fdw_multiregion_tenant_point_rollup""]}","{""dataset_profile_id"":[""raw-medium-skew-moderate-v1""],""dataset_size_class"":[""medium""],""execution_strategy"":[""multiregion_union""],""physical_strategy_id"":[""cold_or_selective_control""],""placement_action"":[""disperse_hot_shards""],""placement_state_id"":[""hot_shards_dispersed""],""runtime_config_id"":[""default""],""template_id"":[""gac_fdw_multiregion_tenant_point_rollup""]}",1,1,1,1
hot_shard_placement,disperse_hot_shards,negative_control,placement_action|placement_state_id,"{""dataset_profile_id"":[""raw-medium-skew-moderate-v1""],""dataset_size_class"":[""medium""],""execution_strategy"":[""multiregion_union""],""physical_strategy_id"":[""hot_data_activation""],""placement_action"":[""concentrate_hot_shards""],""placement_state_id"":[""hot_shards_concentrated""],""runtime_config_id"":[""default""],""template_id"":[""gac_fdw_multiregion_tenant_point_rollup""]}","{""dataset_profile_id"":[""raw-medium-skew-moderate-v1""],""dataset_size_class"":[""medium""],""execution_strategy"":[""multiregion_union""],""physical_strategy_id"":[""hot_data_activation""],""placement_action"":[""disperse_hot_shards""],""placement_state_id"":[""hot_shards_dispersed""],""runtime_config_id"":[""default""],""template_id"":[""gac_fdw_multiregion_tenant_point_rollup""]}",1,1,1,1
hot_shard_placement,disperse_hot_shards,negative_control,placement_action|placement_state_id,"{""dataset_profile_id"":[""raw-small-skew-heavy-v1""],""dataset_size_class"":[""small""],""execution_strategy"":[""multiregion_union""],""physical_strategy_id"":[""cold_or_selective_control""],""placement_action"":[""concentrate_hot_shards""],""placement_state_id"":[""hot_shards_concentrated""],""runtime_config_id"":[""default""],""template_id"":[""gac_fdw_multiregion_event_filter_summary""]}","{""dataset_profile_id"":[""raw-small-skew-heavy-v1""],""dataset_size_class"":[""small""],""execution_strategy"":[""multiregion_union""],""physical_strategy_id"":[""cold_or_selective_control""],""placement_action"":[""disperse_hot_shards""],""placement_state_id"":[""hot_shards_dispersed""],""runtime_config_id"":[""default""],""template_id"":[""gac_fdw_multiregion_event_filter_summary""]}",1,1,1,1
hot_shard_placement,disperse_hot_shards,negative_control,placement_action|placement_state_id,"{""dataset_profile_id"":[""raw-small-skew-heavy-v1""],""dataset_size_class"":[""small""],""execution_strategy"":[""multiregion_union""],""physical_strategy_id"":[""cold_or_selective_control""],""placement_action"":[""concentrate_hot_shards""],""placement_state_id"":[""hot_shards_concentrated""],""runtime_config_id"":[""default""],""template_id"":[""gac_fdw_multiregion_tenant_point_rollup""]}","{""dataset_profile_id"":[""raw-small-skew-heavy-v1""],""dataset_size_class"":[""small""],""execution_strategy"":[""multiregion_union""],""physical_strategy_id"":[""cold_or_selective_control""],""placement_action"":[""disperse_hot_shards""],""placement_state_id"":[""hot_shards_dispersed""],""runtime_config_id"":[""default""],""template_id"":[""gac_fdw_multiregion_tenant_point_rollup""]}",1,1,1,1
hot_shard_placement,disperse_hot_shards,negative_control,placement_action|placement_state_id,"{""dataset_profile_id"":[""raw-small-skew-heavy-v1""],""dataset_size_class"":[""small""],""execution_strategy"":[""multiregion_union""],""physical_strategy_id"":[""hot_data_activation""],""placement_action"":[""concentrate_hot_shards""],""placement_state_id"":[""hot_shards_concentrated""],""runtime_config_id"":[""default""],""template_id"":[""gac_fdw_multiregion_tenant_point_rollup""]}","{""dataset_profile_id"":[""raw-small-skew-heavy-v1""],""dataset_size_class"":[""small""],""execution_strategy"":[""multiregion_union""],""physical_strategy_id"":[""hot_data_activation""],""placement_action"":[""disperse_hot_shards""],""placement_state_id"":[""hot_shards_dispersed""],""runtime_config_id"":[""default""],""template_id"":[""gac_fdw_multiregion_tenant_point_rollup""]}",1,1,1,1
hot_shard_placement,disperse_hot_shards,negative_control,placement_action|placement_state_id,"{""dataset_profile_id"":[""raw-small-skew-moderate-v1""],""dataset_size_class"":[""small""],""execution_strategy"":[""multiregion_union""],""physical_strategy_id"":[""cold_or_selective_control""],""placement_action"":[""concentrate_hot_shards""],""placement_state_id"":[""hot_shards_concentrated""],""runtime_config_id"":[""default""],""template_id"":[""gac_fdw_multiregion_event_filter_summary""]}","{""dataset_profile_id"":[""raw-small-skew-moderate-v1""],""dataset_size_class"":[""small""],""execution_strategy"":[""multiregion_union""],""physical_strategy_id"":[""cold_or_selective_control""],""placement_action"":[""disperse_hot_shards""],""placement_state_id"":[""hot_shards_dispersed""],""runtime_config_id"":[""default""],""template_id"":[""gac_fdw_multiregion_event_filter_summary""]}",1,1,1,1
hot_shard_placement,disperse_hot_shards,negative_control,placement_action|placement_state_id,"{""dataset_profile_id"":[""raw-small-skew-moderate-v1""],""dataset_size_class"":[""small""],""execution_strategy"":[""multiregion_union""],""physical_strategy_id"":[""cold_or_selective_control""],""placement_action"":[""concentrate_hot_shards""],""placement_state_id"":[""hot_shards_concentrated""],""runtime_config_id"":[""default""],""template_id"":[""gac_fdw_multiregion_tenant_point_rollup""]}","{""dataset_profile_id"":[""raw-small-skew-moderate-v1""],""dataset_size_class"":[""small""],""execution_strategy"":[""multiregion_union""],""physical_strategy_id"":[""cold_or_selective_control""],""placement_action"":[""disperse_hot_shards""],""placement_state_id"":[""hot_shards_dispersed""],""runtime_config_id"":[""default""],""template_id"":[""gac_fdw_multiregion_tenant_point_rollup""]}",1,1,1,1
hot_shard_placement,disperse_hot_shards,negative_control,placement_action|placement_state_id,"{""dataset_profile_id"":[""raw-small-skew-moderate-v1""],""dataset_size_class"":[""small""],""execution_strategy"":[""multiregion_union""],""physical_strategy_id"":[""hot_data_activation""],""placement_action"":[""concentrate_hot_shards""],""placement_state_id"":[""hot_shards_concentrated""],""runtime_config_id"":[""default""],""template_id"":[""gac_fdw_multiregion_tenant_point_rollup""]}","{""dataset_profile_id"":[""raw-small-skew-moderate-v1""],""dataset_size_class"":[""small""],""execution_strategy"":[""multiregion_union""],""physical_strategy_id"":[""hot_data_activation""],""placement_action"":[""disperse_hot_shards""],""placement_state_id"":[""hot_shards_dispersed""],""runtime_config_id"":[""default""],""template_id"":[""gac_fdw_multiregion_tenant_point_rollup""]}",1,1,1,1
hot_shard_placement,disperse_hot_shards,positive_case,placement_action|placement_state_id,"{""dataset_profile_id"":[""pilot-region-local-skew-asymmetric-medium-v1""],""dataset_size_class"":[""medium""],""execution_strategy"":[""multiregion_union""],""physical_strategy_id"":[""hot_data_activation""],""placement_action"":[""concentrate_hot_shards""],""placement_state_id"":[""hot_shards_concentrated""],""runtime_config_id"":[""default""],""template_id"":[""gac_fdw_multiregion_event_count_rollup""]}","{""dataset_profile_id"":[""pilot-region-local-skew-asymmetric-medium-v1""],""dataset_size_class"":[""medium""],""execution_strategy"":[""multiregion_union""],""physical_strategy_id"":[""hot_data_activation""],""placement_action"":[""disperse_hot_shards""],""placement_state_id"":[""hot_shards_dispersed""],""runtime_config_id"":[""default""],""template_id"":[""gac_fdw_multiregion_event_count_rollup""]}",1,1,1,1
hot_shard_placement,disperse_hot_shards,positive_case,placement_action|placement_state_id,"{""dataset_profile_id"":[""pilot-region-local-skew-asymmetric-medium-v1""],""dataset_size_class"":[""medium""],""execution_strategy"":[""multiregion_union""],""physical_strategy_id"":[""hot_data_activation""],""placement_action"":[""concentrate_hot_shards""],""placement_state_id"":[""hot_shards_concentrated""],""runtime_config_id"":[""default""],""template_id"":[""gac_fdw_multiregion_event_filter_summary""]}","{""dataset_profile_id"":[""pilot-region-local-skew-asymmetric-medium-v1""],""dataset_size_class"":[""medium""],""execution_strategy"":[""multiregion_union""],""physical_strategy_id"":[""hot_data_activation""],""placement_action"":[""disperse_hot_shards""],""placement_state_id"":[""hot_shards_dispersed""],""runtime_config_id"":[""default""],""template_id"":[""gac_fdw_multiregion_event_filter_summary""]}",1,1,1,1
hot_shard_placement,disperse_hot_shards,positive_case,placement_action|placement_state_id,"{""dataset_profile_id"":[""pilot-region-local-skew-asymmetric-medium-v1""],""dataset_size_class"":[""medium""],""execution_strategy"":[""multiregion_union""],""physical_strategy_id"":[""hot_data_activation""],""placement_action"":[""concentrate_hot_shards""],""placement_state_id"":[""hot_shards_concentrated""],""runtime_config_id"":[""default""],""template_id"":[""gac_fdw_multiregion_hot_worker_probe""]}","{""dataset_profile_id"":[""pilot-region-local-skew-asymmetric-medium-v1""],""dataset_size_class"":[""medium""],""execution_strategy"":[""multiregion_union""],""physical_strategy_id"":[""hot_data_activation""],""placement_action"":[""disperse_hot_shards""],""placement_state_id"":[""hot_shards_dispersed""],""runtime_config_id"":[""default""],""template_id"":[""gac_fdw_multiregion_hot_worker_probe""]}",2,2,1,1
hot_shard_placement,disperse_hot_shards,positive_case,placement_action|placement_state_id,"{""dataset_profile_id"":[""pilot-region-local-skew-asymmetric-medium-v1""],""dataset_size_class"":[""medium""],""execution_strategy"":[""multiregion_union""],""physical_strategy_id"":[""hot_data_activation""],""placement_action"":[""concentrate_hot_shards""],""placement_state_id"":[""hot_shards_concentrated""],""runtime_config_id"":[""default""],""template_id"":[""gac_fdw_multiregion_top_tenants""]}","{""dataset_profile_id"":[""pilot-region-local-skew-asymmetric-medium-v1""],""dataset_size_class"":[""medium""],""execution_strategy"":[""multiregion_union""],""physical_strategy_id"":[""hot_data_activation""],""placement_action"":[""disperse_hot_shards""],""placement_state_id"":[""hot_shards_dispersed""],""runtime_config_id"":[""default""],""template_id"":[""gac_fdw_multiregion_top_tenants""]}",3,3,1,1
hot_shard_placement,disperse_hot_shards,positive_case,placement_action|placement_state_id,"{""dataset_profile_id"":[""pilot-skew-heavy-v1""],""dataset_size_class"":[""medium""],""execution_strategy"":[""multiregion_union""],""physical_strategy_id"":[""hot_data_activation""],""placement_action"":[""concentrate_hot_shards""],""placement_state_id"":[""hot_shards_concentrated""],""runtime_config_id"":[""default""],""template_id"":[""gac_fdw_multiregion_event_count_rollup""]}","{""dataset_profile_id"":[""pilot-skew-heavy-v1""],""dataset_size_class"":[""medium""],""execution_strategy"":[""multiregion_union""],""physical_strategy_id"":[""hot_data_activation""],""placement_action"":[""disperse_hot_shards""],""placement_state_id"":[""hot_shards_dispersed""],""runtime_config_id"":[""default""],""template_id"":[""gac_fdw_multiregion_event_count_rollup""]}",1,1,1,1
hot_shard_placement,disperse_hot_shards,positive_case,placement_action|placement_state_id,"{""dataset_profile_id"":[""pilot-skew-heavy-v1""],""dataset_size_class"":[""medium""],""execution_strategy"":[""multiregion_union""],""physical_strategy_id"":[""hot_data_activation""],""placement_action"":[""concentrate_hot_shards""],""placement_state_id"":[""hot_shards_concentrated""],""runtime_config_id"":[""default""],""template_id"":[""gac_fdw_multiregion_event_filter_summary""]}","{""dataset_profile_id"":[""pilot-skew-heavy-v1""],""dataset_size_class"":[""medium""],""execution_strategy"":[""multiregion_union""],""physical_strategy_id"":[""hot_data_activation""],""placement_action"":[""disperse_hot_shards""],""placement_state_id"":[""hot_shards_dispersed""],""runtime_config_id"":[""default""],""template_id"":[""gac_fdw_multiregion_event_filter_summary""]}",1,1,1,1
hot_shard_placement,disperse_hot_shards,positive_case,placement_action|placement_state_id,"{""dataset_profile_id"":[""pilot-skew-heavy-v1""],""dataset_size_class"":[""medium""],""execution_strategy"":[""multiregion_union""],""physical_strategy_id"":[""hot_data_activation""],""placement_action"":[""concentrate_hot_shards""],""placement_state_id"":[""hot_shards_concentrated""],""runtime_config_id"":[""default""],""template_id"":[""gac_fdw_multiregion_hot_worker_probe""]}","{""dataset_profile_id"":[""pilot-skew-heavy-v1""],""dataset_size_class"":[""medium""],""execution_strategy"":[""multiregion_union""],""physical_strategy_id"":[""hot_data_activation""],""placement_action"":[""disperse_hot_shards""],""placement_state_id"":[""hot_shards_dispersed""],""runtime_config_id"":[""default""],""template_id"":[""gac_fdw_multiregion_hot_worker_probe""]}",2,2,1,1
hot_shard_placement,disperse_hot_shards,positive_case,placement_action|placement_state_id,"{""dataset_profile_id"":[""pilot-skew-heavy-v1""],""dataset_size_class"":[""medium""],""execution_strategy"":[""multiregion_union""],""physical_strategy_id"":[""hot_data_activation""],""placement_action"":[""concentrate_hot_shards""],""placement_state_id"":[""hot_shards_concentrated""],""runtime_config_id"":[""default""],""template_id"":[""gac_fdw_multiregion_top_tenants""]}","{""dataset_profile_id"":[""pilot-skew-heavy-v1""],""dataset_size_class"":[""medium""],""execution_strategy"":[""multiregion_union""],""physical_strategy_id"":[""hot_data_activation""],""placement_action"":[""disperse_hot_shards""],""placement_state_id"":[""hot_shards_dispersed""],""runtime_config_id"":[""default""],""template_id"":[""gac_fdw_multiregion_top_tenants""]}",3,3,1,1
hot_shard_placement,disperse_hot_shards,positive_case,placement_action|placement_state_id,"{""dataset_profile_id"":[""raw-large-skew-heavy-v1""],""dataset_size_class"":[""large""],""execution_strategy"":[""multiregion_union""],""physical_strategy_id"":[""hot_data_activation""],""placement_action"":[""concentrate_hot_shards""],""placement_state_id"":[""hot_shards_concentrated""],""runtime_config_id"":[""default""],""template_id"":[""gac_fdw_multiregion_event_count_rollup""]}","{""dataset_profile_id"":[""raw-large-skew-heavy-v1""],""dataset_size_class"":[""large""],""execution_strategy"":[""multiregion_union""],""physical_strategy_id"":[""hot_data_activation""],""placement_action"":[""disperse_hot_shards""],""placement_state_id"":[""hot_shards_dispersed""],""runtime_config_id"":[""default""],""template_id"":[""gac_fdw_multiregion_event_count_rollup""]}",1,1,1,1
hot_shard_placement,disperse_hot_shards,positive_case,placement_action|placement_state_id,"{""dataset_profile_id"":[""raw-large-skew-heavy-v1""],""dataset_size_class"":[""large""],""execution_strategy"":[""multiregion_union""],""physical_strategy_id"":[""hot_data_activation""],""placement_action"":[""concentrate_hot_shards""],""placement_state_id"":[""hot_shards_concentrated""],""runtime_config_id"":[""default""],""template_id"":[""gac_fdw_multiregion_event_filter_summary""]}","{""dataset_profile_id"":[""raw-large-skew-heavy-v1""],""dataset_size_class"":[""large""],""execution_strategy"":[""multiregion_union""],""physical_strategy_id"":[""hot_data_activation""],""placement_action"":[""disperse_hot_shards""],""placement_state_id"":[""hot_shards_dispersed""],""runtime_config_id"":[""default""],""template_id"":[""gac_fdw_multiregion_event_filter_summary""]}",1,1,1,1
hot_shard_placement,disperse_hot_shards,positive_case,placement_action|placement_state_id,"{""dataset_profile_id"":[""raw-large-skew-heavy-v1""],""dataset_size_class"":[""large""],""execution_strategy"":[""multiregion_union""],""physical_strategy_id"":[""hot_data_activation""],""placement_action"":[""concentrate_hot_shards""],""placement_state_id"":[""hot_shards_concentrated""],""runtime_config_id"":[""default""],""template_id"":[""gac_fdw_multiregion_hot_worker_probe""]}","{""dataset_profile_id"":[""raw-large-skew-heavy-v1""],""dataset_size_class"":[""large""],""execution_strategy"":[""multiregion_union""],""physical_strategy_id"":[""hot_data_activation""],""placement_action"":[""disperse_hot_shards""],""placement_state_id"":[""hot_shards_dispersed""],""runtime_config_id"":[""default""],""template_id"":[""gac_fdw_multiregion_hot_worker_probe""]}",2,2,1,1
hot_shard_placement,disperse_hot_shards,positive_case,placement_action|placement_state_id,"{""dataset_profile_id"":[""raw-large-skew-heavy-v1""],""dataset_size_class"":[""large""],""execution_strategy"":[""multiregion_union""],""physical_strategy_id"":[""hot_data_activation""],""placement_action"":[""concentrate_hot_shards""],""placement_state_id"":[""hot_shards_concentrated""],""runtime_config_id"":[""default""],""template_id"":[""gac_fdw_multiregion_top_tenants""]}","{""dataset_profile_id"":[""raw-large-skew-heavy-v1""],""dataset_size_class"":[""large""],""execution_strategy"":[""multiregion_union""],""physical_strategy_id"":[""hot_data_activation""],""placement_action"":[""disperse_hot_shards""],""placement_state_id"":[""hot_shards_dispersed""],""runtime_config_id"":[""default""],""template_id"":[""gac_fdw_multiregion_top_tenants""]}",3,3,1,1
hot_shard_placement,disperse_hot_shards,positive_case,placement_action|placement_state_id,"{""dataset_profile_id"":[""raw-large-skew-moderate-v1""],""dataset_size_class"":[""large""],""execution_strategy"":[""multiregion_union""],""physical_strategy_id"":[""hot_data_activation""],""placement_action"":[""concentrate_hot_shards""],""placement_state_id"":[""hot_shards_concentrated""],""runtime_config_id"":[""default""],""template_id"":[""gac_fdw_multiregion_event_count_rollup""]}","{""dataset_profile_id"":[""raw-large-skew-moderate-v1""],""dataset_size_class"":[""large""],""execution_strategy"":[""multiregion_union""],""physical_strategy_id"":[""hot_data_activation""],""placement_action"":[""disperse_hot_shards""],""placement_state_id"":[""hot_shards_dispersed""],""runtime_config_id"":[""default""],""template_id"":[""gac_fdw_multiregion_event_count_rollup""]}",1,1,1,1
hot_shard_placement,disperse_hot_shards,positive_case,placement_action|placement_state_id,"{""dataset_profile_id"":[""raw-large-skew-moderate-v1""],""dataset_size_class"":[""large""],""execution_strategy"":[""multiregion_union""],""physical_strategy_id"":[""hot_data_activation""],""placement_action"":[""concentrate_hot_shards""],""placement_state_id"":[""hot_shards_concentrated""],""runtime_config_id"":[""default""],""template_id"":[""gac_fdw_multiregion_event_filter_summary""]}","{""dataset_profile_id"":[""raw-large-skew-moderate-v1""],""dataset_size_class"":[""large""],""execution_strategy"":[""multiregion_union""],""physical_strategy_id"":[""hot_data_activation""],""placement_action"":[""disperse_hot_shards""],""placement_state_id"":[""hot_shards_dispersed""],""runtime_config_id"":[""default""],""template_id"":[""gac_fdw_multiregion_event_filter_summary""]}",1,1,1,1
hot_shard_placement,disperse_hot_shards,positive_case,placement_action|placement_state_id,"{""dataset_profile_id"":[""raw-large-skew-moderate-v1""],""dataset_size_class"":[""large""],""execution_strategy"":[""multiregion_union""],""physical_strategy_id"":[""hot_data_activation""],""placement_action"":[""concentrate_hot_shards""],""placement_state_id"":[""hot_shards_concentrated""],""runtime_config_id"":[""default""],""template_id"":[""gac_fdw_multiregion_hot_worker_probe""]}","{""dataset_profile_id"":[""raw-large-skew-moderate-v1""],""dataset_size_class"":[""large""],""execution_strategy"":[""multiregion_union""],""physical_strategy_id"":[""hot_data_activation""],""placement_action"":[""disperse_hot_shards""],""placement_state_id"":[""hot_shards_dispersed""],""runtime_config_id"":[""default""],""template_id"":[""gac_fdw_multiregion_hot_worker_probe""]}",2,2,1,1
hot_shard_placement,disperse_hot_shards,positive_case,placement_action|placement_state_id,"{""dataset_profile_id"":[""raw-large-skew-moderate-v1""],""dataset_size_class"":[""large""],""execution_strategy"":[""multiregion_union""],""physical_strategy_id"":[""hot_data_activation""],""placement_action"":[""concentrate_hot_shards""],""placement_state_id"":[""hot_shards_concentrated""],""runtime_config_id"":[""default""],""template_id"":[""gac_fdw_multiregion_top_tenants""]}","{""dataset_profile_id"":[""raw-large-skew-moderate-v1""],""dataset_size_class"":[""large""],""execution_strategy"":[""multiregion_union""],""physical_strategy_id"":[""hot_data_activation""],""placement_action"":[""disperse_hot_shards""],""placement_state_id"":[""hot_shards_dispersed""],""runtime_config_id"":[""default""],""template_id"":[""gac_fdw_multiregion_top_tenants""]}",3,3,1,1
hot_shard_placement,disperse_hot_shards,positive_case,placement_action|placement_state_id,"{""dataset_profile_id"":[""raw-medium-skew-moderate-v1""],""dataset_size_class"":[""medium""],""execution_strategy"":[""multiregion_union""],""physical_strategy_id"":[""hot_data_activation""],""placement_action"":[""concentrate_hot_shards""],""placement_state_id"":[""hot_shards_concentrated""],""runtime_config_id"":[""default""],""template_id"":[""gac_fdw_multiregion_event_count_rollup""]}","{""dataset_profile_id"":[""raw-medium-skew-moderate-v1""],""dataset_size_class"":[""medium""],""execution_strategy"":[""multiregion_union""],""physical_strategy_id"":[""hot_data_activation""],""placement_action"":[""disperse_hot_shards""],""placement_state_id"":[""hot_shards_dispersed""],""runtime_config_id"":[""default""],""template_id"":[""gac_fdw_multiregion_event_count_rollup""]}",1,1,1,1
hot_shard_placement,disperse_hot_shards,positive_case,placement_action|placement_state_id,"{""dataset_profile_id"":[""raw-medium-skew-moderate-v1""],""dataset_size_class"":[""medium""],""execution_strategy"":[""multiregion_union""],""physical_strategy_id"":[""hot_data_activation""],""placement_action"":[""concentrate_hot_shards""],""placement_state_id"":[""hot_shards_concentrated""],""runtime_config_id"":[""default""],""template_id"":[""gac_fdw_multiregion_event_filter_summary""]}","{""dataset_profile_id"":[""raw-medium-skew-moderate-v1""],""dataset_size_class"":[""medium""],""execution_strategy"":[""multiregion_union""],""physical_strategy_id"":[""hot_data_activation""],""placement_action"":[""disperse_hot_shards""],""placement_state_id"":[""hot_shards_dispersed""],""runtime_config_id"":[""default""],""template_id"":[""gac_fdw_multiregion_event_filter_summary""]}",1,1,1,1
hot_shard_placement,disperse_hot_shards,positive_case,placement_action|placement_state_id,"{""dataset_profile_id"":[""raw-medium-skew-moderate-v1""],""dataset_size_class"":[""medium""],""execution_strategy"":[""multiregion_union""],""physical_strategy_id"":[""hot_data_activation""],""placement_action"":[""concentrate_hot_shards""],""placement_state_id"":[""hot_shards_concentrated""],""runtime_config_id"":[""default""],""template_id"":[""gac_fdw_multiregion_hot_worker_probe""]}","{""dataset_profile_id"":[""raw-medium-skew-moderate-v1""],""dataset_size_class"":[""medium""],""execution_strategy"":[""multiregion_union""],""physical_strategy_id"":[""hot_data_activation""],""placement_action"":[""disperse_hot_shards""],""placement_state_id"":[""hot_shards_dispersed""],""runtime_config_id"":[""default""],""template_id"":[""gac_fdw_multiregion_hot_worker_probe""]}",2,2,1,1
hot_shard_placement,disperse_hot_shards,positive_case,placement_action|placement_state_id,"{""dataset_profile_id"":[""raw-medium-skew-moderate-v1""],""dataset_size_class"":[""medium""],""execution_strategy"":[""multiregion_union""],""physical_strategy_id"":[""hot_data_activation""],""placement_action"":[""concentrate_hot_shards""],""placement_state_id"":[""hot_shards_concentrated""],""runtime_config_id"":[""default""],""template_id"":[""gac_fdw_multiregion_top_tenants""]}","{""dataset_profile_id"":[""raw-medium-skew-moderate-v1""],""dataset_size_class"":[""medium""],""execution_strategy"":[""multiregion_union""],""physical_strategy_id"":[""hot_data_activation""],""placement_action"":[""disperse_hot_shards""],""placement_state_id"":[""hot_shards_dispersed""],""runtime_config_id"":[""default""],""template_id"":[""gac_fdw_multiregion_top_tenants""]}",3,3,1,1
hot_shard_placement,disperse_hot_shards,positive_case,placement_action|placement_state_id,"{""dataset_profile_id"":[""raw-small-skew-heavy-v1""],""dataset_size_class"":[""small""],""execution_strategy"":[""multiregion_union""],""physical_strategy_id"":[""hot_data_activation""],""placement_action"":[""concentrate_hot_shards""],""placement_state_id"":[""hot_shards_concentrated""],""runtime_config_id"":[""default""],""template_id"":[""gac_fdw_multiregion_event_count_rollup""]}","{""dataset_profile_id"":[""raw-small-skew-heavy-v1""],""dataset_size_class"":[""small""],""execution_strategy"":[""multiregion_union""],""physical_strategy_id"":[""hot_data_activation""],""placement_action"":[""disperse_hot_shards""],""placement_state_id"":[""hot_shards_dispersed""],""runtime_config_id"":[""default""],""template_id"":[""gac_fdw_multiregion_event_count_rollup""]}",1,1,1,1
hot_shard_placement,disperse_hot_shards,positive_case,placement_action|placement_state_id,"{""dataset_profile_id"":[""raw-small-skew-heavy-v1""],""dataset_size_class"":[""small""],""execution_strategy"":[""multiregion_union""],""physical_strategy_id"":[""hot_data_activation""],""placement_action"":[""concentrate_hot_shards""],""placement_state_id"":[""hot_shards_concentrated""],""runtime_config_id"":[""default""],""template_id"":[""gac_fdw_multiregion_event_filter_summary""]}","{""dataset_profile_id"":[""raw-small-skew-heavy-v1""],""dataset_size_class"":[""small""],""execution_strategy"":[""multiregion_union""],""physical_strategy_id"":[""hot_data_activation""],""placement_action"":[""disperse_hot_shards""],""placement_state_id"":[""hot_shards_dispersed""],""runtime_config_id"":[""default""],""template_id"":[""gac_fdw_multiregion_event_filter_summary""]}",1,1,1,1
hot_shard_placement,disperse_hot_shards,positive_case,placement_action|placement_state_id,"{""dataset_profile_id"":[""raw-small-skew-heavy-v1""],""dataset_size_class"":[""small""],""execution_strategy"":[""multiregion_union""],""physical_strategy_id"":[""hot_data_activation""],""placement_action"":[""concentrate_hot_shards""],""placement_state_id"":[""hot_shards_concentrated""],""runtime_config_id"":[""default""],""template_id"":[""gac_fdw_multiregion_hot_worker_probe""]}","{""dataset_profile_id"":[""raw-small-skew-heavy-v1""],""dataset_size_class"":[""small""],""execution_strategy"":[""multiregion_union""],""physical_strategy_id"":[""hot_data_activation""],""placement_action"":[""disperse_hot_shards""],""placement_state_id"":[""hot_shards_dispersed""],""runtime_config_id"":[""default""],""template_id"":[""gac_fdw_multiregion_hot_worker_probe""]}",2,2,1,1
hot_shard_placement,disperse_hot_shards,positive_case,placement_action|placement_state_id,"{""dataset_profile_id"":[""raw-small-skew-heavy-v1""],""dataset_size_class"":[""small""],""execution_strategy"":[""multiregion_union""],""physical_strategy_id"":[""hot_data_activation""],""placement_action"":[""concentrate_hot_shards""],""placement_state_id"":[""hot_shards_concentrated""],""runtime_config_id"":[""default""],""template_id"":[""gac_fdw_multiregion_top_tenants""]}","{""dataset_profile_id"":[""raw-small-skew-heavy-v1""],""dataset_size_class"":[""small""],""execution_strategy"":[""multiregion_union""],""physical_strategy_id"":[""hot_data_activation""],""placement_action"":[""disperse_hot_shards""],""placement_state_id"":[""hot_shards_dispersed""],""runtime_config_id"":[""default""],""template_id"":[""gac_fdw_multiregion_top_tenants""]}",3,3,1,1
hot_shard_placement,disperse_hot_shards,positive_case,placement_action|placement_state_id,"{""dataset_profile_id"":[""raw-small-skew-moderate-v1""],""dataset_size_class"":[""small""],""execution_strategy"":[""multiregion_union""],""physical_strategy_id"":[""hot_data_activation""],""placement_action"":[""concentrate_hot_shards""],""placement_state_id"":[""hot_shards_concentrated""],""runtime_config_id"":[""default""],""template_id"":[""gac_fdw_multiregion_event_count_rollup""]}","{""dataset_profile_id"":[""raw-small-skew-moderate-v1""],""dataset_size_class"":[""small""],""execution_strategy"":[""multiregion_union""],""physical_strategy_id"":[""hot_data_activation""],""placement_action"":[""disperse_hot_shards""],""placement_state_id"":[""hot_shards_dispersed""],""runtime_config_id"":[""default""],""template_id"":[""gac_fdw_multiregion_event_count_rollup""]}",1,1,1,1
hot_shard_placement,disperse_hot_shards,positive_case,placement_action|placement_state_id,"{""dataset_profile_id"":[""raw-small-skew-moderate-v1""],""dataset_size_class"":[""small""],""execution_strategy"":[""multiregion_union""],""physical_strategy_id"":[""hot_data_activation""],""placement_action"":[""concentrate_hot_shards""],""placement_state_id"":[""hot_shards_concentrated""],""runtime_config_id"":[""default""],""template_id"":[""gac_fdw_multiregion_event_filter_summary""]}","{""dataset_profile_id"":[""raw-small-skew-moderate-v1""],""dataset_size_class"":[""small""],""execution_strategy"":[""multiregion_union""],""physical_strategy_id"":[""hot_data_activation""],""placement_action"":[""disperse_hot_shards""],""placement_state_id"":[""hot_shards_dispersed""],""runtime_config_id"":[""default""],""template_id"":[""gac_fdw_multiregion_event_filter_summary""]}",1,1,1,1
hot_shard_placement,disperse_hot_shards,positive_case,placement_action|placement_state_id,"{""dataset_profile_id"":[""raw-small-skew-moderate-v1""],""dataset_size_class"":[""small""],""execution_strategy"":[""multiregion_union""],""physical_strategy_id"":[""hot_data_activation""],""placement_action"":[""concentrate_hot_shards""],""placement_state_id"":[""hot_shards_concentrated""],""runtime_config_id"":[""default""],""template_id"":[""gac_fdw_multiregion_hot_worker_probe""]}","{""dataset_profile_id"":[""raw-small-skew-moderate-v1""],""dataset_size_class"":[""small""],""execution_strategy"":[""multiregion_union""],""physical_strategy_id"":[""hot_data_activation""],""placement_action"":[""disperse_hot_shards""],""placement_state_id"":[""hot_shards_dispersed""],""runtime_config_id"":[""default""],""template_id"":[""gac_fdw_multiregion_hot_worker_probe""]}",2,2,1,1
hot_shard_placement,disperse_hot_shards,positive_case,placement_action|placement_state_id,"{""dataset_profile_id"":[""raw-small-skew-moderate-v1""],""dataset_size_class"":[""small""],""execution_strategy"":[""multiregion_union""],""physical_strategy_id"":[""hot_data_activation""],""placement_action"":[""concentrate_hot_shards""],""placement_state_id"":[""hot_shards_concentrated""],""runtime_config_id"":[""default""],""template_id"":[""gac_fdw_multiregion_top_tenants""]}","{""dataset_profile_id"":[""raw-small-skew-moderate-v1""],""dataset_size_class"":[""small""],""execution_strategy"":[""multiregion_union""],""physical_strategy_id"":[""hot_data_activation""],""placement_action"":[""disperse_hot_shards""],""placement_state_id"":[""hot_shards_dispersed""],""runtime_config_id"":[""default""],""template_id"":[""gac_fdw_multiregion_top_tenants""]}",3,3,1,1
regional_memory,increase_regional_work_mem,negative_control,regional_pg_options_json|runtime_config_id,"{""dataset_profile_id"":[""pilot-balanced-v1""],""dataset_size_class"":[""medium""],""execution_scope"":[""gac_single_edge""],""execution_strategy"":[""fdw_raw""],""regional_pg_options_json"":[""{\""work_mem\"": \""64kB\""}""],""runtime_config_id"":[""pressure_regional_memory_stressed""],""target_scope"":[""global_query""],""template_id"":[""gac_fdw_tenant_point_rollup""]}","{""dataset_profile_id"":[""pilot-balanced-v1""],""dataset_size_class"":[""medium""],""execution_scope"":[""gac_single_edge""],""execution_strategy"":[""fdw_raw""],""regional_pg_options_json"":[""{\""work_mem\"": \""256MB\""}""],""runtime_config_id"":[""pressure_regional_memory_mitigated""],""target_scope"":[""global_query""],""template_id"":[""gac_fdw_tenant_point_rollup""]}",7,7,1,1
regional_memory,increase_regional_work_mem,negative_control,regional_pg_options_json|runtime_config_id,"{""dataset_profile_id"":[""raw-large-balanced-v1""],""dataset_size_class"":[""large""],""execution_scope"":[""gac_single_edge""],""execution_strategy"":[""fdw_raw""],""regional_pg_options_json"":[""{\""work_mem\"": \""64kB\""}""],""runtime_config_id"":[""pressure_regional_memory_stressed""],""target_scope"":[""global_query""],""template_id"":[""gac_fdw_tenant_point_rollup""]}","{""dataset_profile_id"":[""raw-large-balanced-v1""],""dataset_size_class"":[""large""],""execution_scope"":[""gac_single_edge""],""execution_strategy"":[""fdw_raw""],""regional_pg_options_json"":[""{\""work_mem\"": \""256MB\""}""],""runtime_config_id"":[""pressure_regional_memory_mitigated""],""target_scope"":[""global_query""],""template_id"":[""gac_fdw_tenant_point_rollup""]}",7,7,1,1
regional_memory,increase_regional_work_mem,negative_control,regional_pg_options_json|runtime_config_id,"{""dataset_profile_id"":[""raw-small-balanced-v1""],""dataset_size_class"":[""small""],""execution_scope"":[""gac_single_edge""],""execution_strategy"":[""fdw_raw""],""regional_pg_options_json"":[""{\""work_mem\"": \""64kB\""}""],""runtime_config_id"":[""pressure_regional_memory_stressed""],""target_scope"":[""global_query""],""template_id"":[""gac_fdw_tenant_point_rollup""]}","{""dataset_profile_id"":[""raw-small-balanced-v1""],""dataset_size_class"":[""small""],""execution_scope"":[""gac_single_edge""],""execution_strategy"":[""fdw_raw""],""regional_pg_options_json"":[""{\""work_mem\"": \""256MB\""}""],""runtime_config_id"":[""pressure_regional_memory_mitigated""],""target_scope"":[""global_query""],""template_id"":[""gac_fdw_tenant_point_rollup""]}",7,7,1,1
regional_memory,increase_regional_work_mem,positive_case,regional_pg_options_json|runtime_config_id,"{""dataset_profile_id"":[""pilot-balanced-v1""],""dataset_size_class"":[""medium""],""execution_scope"":[""gac_single_edge""],""execution_strategy"":[""fdw_raw""],""regional_pg_options_json"":[""{\""work_mem\"": \""64kB\""}""],""runtime_config_id"":[""pressure_regional_memory_stressed""],""target_scope"":[""global_query""],""template_id"":[""gac_fdw_single_edge_regional_user_value_topk""]}","{""dataset_profile_id"":[""pilot-balanced-v1""],""dataset_size_class"":[""medium""],""execution_scope"":[""gac_single_edge""],""execution_strategy"":[""fdw_raw""],""regional_pg_options_json"":[""{\""work_mem\"": \""256MB\""}""],""runtime_config_id"":[""pressure_regional_memory_mitigated""],""target_scope"":[""global_query""],""template_id"":[""gac_fdw_single_edge_regional_user_value_topk""]}",18,18,1,1
regional_memory,increase_regional_work_mem,positive_case,regional_pg_options_json|runtime_config_id,"{""dataset_profile_id"":[""raw-large-balanced-v1""],""dataset_size_class"":[""large""],""execution_scope"":[""gac_single_edge""],""execution_strategy"":[""fdw_raw""],""regional_pg_options_json"":[""{\""work_mem\"": \""64kB\""}""],""runtime_config_id"":[""pressure_regional_memory_stressed""],""target_scope"":[""global_query""],""template_id"":[""gac_fdw_single_edge_regional_user_value_topk""]}","{""dataset_profile_id"":[""raw-large-balanced-v1""],""dataset_size_class"":[""large""],""execution_scope"":[""gac_single_edge""],""execution_strategy"":[""fdw_raw""],""regional_pg_options_json"":[""{\""work_mem\"": \""256MB\""}""],""runtime_config_id"":[""pressure_regional_memory_mitigated""],""target_scope"":[""global_query""],""template_id"":[""gac_fdw_single_edge_regional_user_value_topk""]}",18,18,1,1
regional_memory,increase_regional_work_mem,positive_case,regional_pg_options_json|runtime_config_id,"{""dataset_profile_id"":[""raw-small-balanced-v1""],""dataset_size_class"":[""small""],""execution_scope"":[""gac_single_edge""],""execution_strategy"":[""fdw_raw""],""regional_pg_options_json"":[""{\""work_mem\"": \""64kB\""}""],""runtime_config_id"":[""pressure_regional_memory_stressed""],""target_scope"":[""global_query""],""template_id"":[""gac_fdw_single_edge_regional_user_value_topk""]}","{""dataset_profile_id"":[""raw-small-balanced-v1""],""dataset_size_class"":[""small""],""execution_scope"":[""gac_single_edge""],""execution_strategy"":[""fdw_raw""],""regional_pg_options_json"":[""{\""work_mem\"": \""256MB\""}""],""runtime_config_id"":[""pressure_regional_memory_mitigated""],""target_scope"":[""global_query""],""template_id"":[""gac_fdw_single_edge_regional_user_value_topk""]}",18,18,1,1
remote_transport_bundle,mitigate_remote_path_bundle,calibration,configured_bandwidth_mbit|configured_jitter_ms|configured_latency_ms|configured_loss_percent|fetch_size|network_profile_id|runtime_config_id,"{""configured_bandwidth_mbit"":[""20""],""configured_jitter_ms"":[""5""],""configured_latency_ms"":[""30""],""configured_loss_percent"":[""0.5""],""dataset_profile_id"":[""pilot-balanced-v1""],""dataset_size_class"":[""medium""],""execution_strategy"":[""multiregion_union""],""fetch_size"":[""500""],""network_profile_id"":[""pressure_remote_raw_stressed""],""regional_pg_options_json"":[""{}""],""runtime_config_id"":[""pressure_remote_raw_stressed""],""template_id"":[""gac_fdw_multiregion_event_filter_summary""]}","{""configured_bandwidth_mbit"":[""0""],""configured_jitter_ms"":[""0""],""configured_latency_ms"":[""0""],""configured_loss_percent"":[""0""],""dataset_profile_id"":[""pilot-balanced-v1""],""dataset_size_class"":[""medium""],""execution_strategy"":[""multiregion_union""],""fetch_size"":[""10000""],""network_profile_id"":[""pressure_remote_mitigated""],""regional_pg_options_json"":[""{}""],""runtime_config_id"":[""pressure_remote_mitigated""],""template_id"":[""gac_fdw_multiregion_event_filter_summary""]}",2,2,1,1
remote_transport_bundle,mitigate_remote_path_bundle,calibration,configured_bandwidth_mbit|configured_jitter_ms|configured_latency_ms|configured_loss_percent|fetch_size|network_profile_id|runtime_config_id,"{""configured_bandwidth_mbit"":[""20""],""configured_jitter_ms"":[""5""],""configured_latency_ms"":[""30""],""configured_loss_percent"":[""0.5""],""dataset_profile_id"":[""raw-large-balanced-v1""],""dataset_size_class"":[""large""],""execution_strategy"":[""multiregion_union""],""fetch_size"":[""500""],""network_profile_id"":[""pressure_remote_raw_stressed""],""regional_pg_options_json"":[""{}""],""runtime_config_id"":[""pressure_remote_raw_stressed""],""template_id"":[""gac_fdw_multiregion_event_filter_summary""]}","{""configured_bandwidth_mbit"":[""0""],""configured_jitter_ms"":[""0""],""configured_latency_ms"":[""0""],""configured_loss_percent"":[""0""],""dataset_profile_id"":[""raw-large-balanced-v1""],""dataset_size_class"":[""large""],""execution_strategy"":[""multiregion_union""],""fetch_size"":[""10000""],""network_profile_id"":[""pressure_remote_mitigated""],""regional_pg_options_json"":[""{}""],""runtime_config_id"":[""pressure_remote_mitigated""],""template_id"":[""gac_fdw_multiregion_event_filter_summary""]}",2,2,1,1
remote_transport_bundle,mitigate_remote_path_bundle,calibration,configured_bandwidth_mbit|configured_jitter_ms|configured_latency_ms|configured_loss_percent|fetch_size|network_profile_id|runtime_config_id,"{""configured_bandwidth_mbit"":[""20""],""configured_jitter_ms"":[""5""],""configured_latency_ms"":[""30""],""configured_loss_percent"":[""0.5""],""dataset_profile_id"":[""raw-small-balanced-v1""],""dataset_size_class"":[""small""],""execution_strategy"":[""multiregion_union""],""fetch_size"":[""500""],""network_profile_id"":[""pressure_remote_raw_stressed""],""regional_pg_options_json"":[""{}""],""runtime_config_id"":[""pressure_remote_raw_stressed""],""template_id"":[""gac_fdw_multiregion_event_filter_summary""]}","{""configured_bandwidth_mbit"":[""0""],""configured_jitter_ms"":[""0""],""configured_latency_ms"":[""0""],""configured_loss_percent"":[""0""],""dataset_profile_id"":[""raw-small-balanced-v1""],""dataset_size_class"":[""small""],""execution_strategy"":[""multiregion_union""],""fetch_size"":[""10000""],""network_profile_id"":[""pressure_remote_mitigated""],""regional_pg_options_json"":[""{}""],""runtime_config_id"":[""pressure_remote_mitigated""],""template_id"":[""gac_fdw_multiregion_event_filter_summary""]}",2,2,1,1
remote_transport_bundle,mitigate_remote_path_bundle,negative_control,configured_bandwidth_mbit|configured_jitter_ms|configured_latency_ms|configured_loss_percent|fetch_size|network_profile_id|runtime_config_id,"{""configured_bandwidth_mbit"":[""20""],""configured_jitter_ms"":[""5""],""configured_latency_ms"":[""30""],""configured_loss_percent"":[""0.5""],""dataset_profile_id"":[""pilot-balanced-v1""],""dataset_size_class"":[""medium""],""execution_strategy"":[""etl_materialized""],""fetch_size"":[""500""],""network_profile_id"":[""pressure_remote_raw_stressed""],""regional_pg_options_json"":[""{}""],""runtime_config_id"":[""pressure_remote_raw_stressed""],""template_id"":[""gac_etl_top_tenants""]}","{""configured_bandwidth_mbit"":[""0""],""configured_jitter_ms"":[""0""],""configured_latency_ms"":[""0""],""configured_loss_percent"":[""0""],""dataset_profile_id"":[""pilot-balanced-v1""],""dataset_size_class"":[""medium""],""execution_strategy"":[""etl_materialized""],""fetch_size"":[""10000""],""network_profile_id"":[""pressure_remote_mitigated""],""regional_pg_options_json"":[""{}""],""runtime_config_id"":[""pressure_remote_mitigated""],""template_id"":[""gac_etl_top_tenants""]}",7,7,1,1
remote_transport_bundle,mitigate_remote_path_bundle,negative_control,configured_bandwidth_mbit|configured_jitter_ms|configured_latency_ms|configured_loss_percent|fetch_size|network_profile_id|runtime_config_id,"{""configured_bandwidth_mbit"":[""20""],""configured_jitter_ms"":[""5""],""configured_latency_ms"":[""30""],""configured_loss_percent"":[""0.5""],""dataset_profile_id"":[""raw-large-balanced-v1""],""dataset_size_class"":[""large""],""execution_strategy"":[""etl_materialized""],""fetch_size"":[""500""],""network_profile_id"":[""pressure_remote_raw_stressed""],""regional_pg_options_json"":[""{}""],""runtime_config_id"":[""pressure_remote_raw_stressed""],""template_id"":[""gac_etl_top_tenants""]}","{""configured_bandwidth_mbit"":[""0""],""configured_jitter_ms"":[""0""],""configured_latency_ms"":[""0""],""configured_loss_percent"":[""0""],""dataset_profile_id"":[""raw-large-balanced-v1""],""dataset_size_class"":[""large""],""execution_strategy"":[""etl_materialized""],""fetch_size"":[""10000""],""network_profile_id"":[""pressure_remote_mitigated""],""regional_pg_options_json"":[""{}""],""runtime_config_id"":[""pressure_remote_mitigated""],""template_id"":[""gac_etl_top_tenants""]}",7,7,1,1
remote_transport_bundle,mitigate_remote_path_bundle,negative_control,configured_bandwidth_mbit|configured_jitter_ms|configured_latency_ms|configured_loss_percent|fetch_size|network_profile_id|runtime_config_id,"{""configured_bandwidth_mbit"":[""20""],""configured_jitter_ms"":[""5""],""configured_latency_ms"":[""30""],""configured_loss_percent"":[""0.5""],""dataset_profile_id"":[""raw-small-balanced-v1""],""dataset_size_class"":[""small""],""execution_strategy"":[""etl_materialized""],""fetch_size"":[""500""],""network_profile_id"":[""pressure_remote_raw_stressed""],""regional_pg_options_json"":[""{}""],""runtime_config_id"":[""pressure_remote_raw_stressed""],""template_id"":[""gac_etl_top_tenants""]}","{""configured_bandwidth_mbit"":[""0""],""configured_jitter_ms"":[""0""],""configured_latency_ms"":[""0""],""configured_loss_percent"":[""0""],""dataset_profile_id"":[""raw-small-balanced-v1""],""dataset_size_class"":[""small""],""execution_strategy"":[""etl_materialized""],""fetch_size"":[""10000""],""network_profile_id"":[""pressure_remote_mitigated""],""regional_pg_options_json"":[""{}""],""runtime_config_id"":[""pressure_remote_mitigated""],""template_id"":[""gac_etl_top_tenants""]}",7,7,1,1
remote_transport_bundle,mitigate_remote_path_bundle,positive_case,configured_bandwidth_mbit|configured_jitter_ms|configured_latency_ms|configured_loss_percent|fetch_size|network_profile_id|runtime_config_id,"{""configured_bandwidth_mbit"":[""20""],""configured_jitter_ms"":[""5""],""configured_latency_ms"":[""30""],""configured_loss_percent"":[""0.5""],""dataset_profile_id"":[""pilot-balanced-v1""],""dataset_size_class"":[""medium""],""execution_strategy"":[""multiregion_union""],""fetch_size"":[""500""],""network_profile_id"":[""pressure_remote_raw_stressed""],""regional_pg_options_json"":[""{}""],""runtime_config_id"":[""pressure_remote_raw_stressed""],""template_id"":[""gac_fdw_multiregion_event_raw_wide_sample""]}","{""configured_bandwidth_mbit"":[""0""],""configured_jitter_ms"":[""0""],""configured_latency_ms"":[""0""],""configured_loss_percent"":[""0""],""dataset_profile_id"":[""pilot-balanced-v1""],""dataset_size_class"":[""medium""],""execution_strategy"":[""multiregion_union""],""fetch_size"":[""10000""],""network_profile_id"":[""pressure_remote_mitigated""],""regional_pg_options_json"":[""{}""],""runtime_config_id"":[""pressure_remote_mitigated""],""template_id"":[""gac_fdw_multiregion_event_raw_wide_sample""]}",2,2,1,1
remote_transport_bundle,mitigate_remote_path_bundle,positive_case,configured_bandwidth_mbit|configured_jitter_ms|configured_latency_ms|configured_loss_percent|fetch_size|network_profile_id|runtime_config_id,"{""configured_bandwidth_mbit"":[""20""],""configured_jitter_ms"":[""5""],""configured_latency_ms"":[""30""],""configured_loss_percent"":[""0.5""],""dataset_profile_id"":[""pilot-balanced-v1""],""dataset_size_class"":[""medium""],""execution_strategy"":[""multiregion_union""],""fetch_size"":[""500""],""network_profile_id"":[""pressure_remote_raw_stressed""],""regional_pg_options_json"":[""{}""],""runtime_config_id"":[""pressure_remote_raw_stressed""],""template_id"":[""gac_fdw_multiregion_global_user_join""]}","{""configured_bandwidth_mbit"":[""0""],""configured_jitter_ms"":[""0""],""configured_latency_ms"":[""0""],""configured_loss_percent"":[""0""],""dataset_profile_id"":[""pilot-balanced-v1""],""dataset_size_class"":[""medium""],""execution_strategy"":[""multiregion_union""],""fetch_size"":[""10000""],""network_profile_id"":[""pressure_remote_mitigated""],""regional_pg_options_json"":[""{}""],""runtime_config_id"":[""pressure_remote_mitigated""],""template_id"":[""gac_fdw_multiregion_global_user_join""]}",2,2,1,1
remote_transport_bundle,mitigate_remote_path_bundle,positive_case,configured_bandwidth_mbit|configured_jitter_ms|configured_latency_ms|configured_loss_percent|fetch_size|network_profile_id|runtime_config_id,"{""configured_bandwidth_mbit"":[""20""],""configured_jitter_ms"":[""5""],""configured_latency_ms"":[""30""],""configured_loss_percent"":[""0.5""],""dataset_profile_id"":[""pilot-balanced-v1""],""dataset_size_class"":[""medium""],""execution_strategy"":[""multiregion_union""],""fetch_size"":[""500""],""network_profile_id"":[""pressure_remote_raw_stressed""],""regional_pg_options_json"":[""{}""],""runtime_config_id"":[""pressure_remote_raw_stressed""],""template_id"":[""gac_fdw_multiregion_raw_region_rollup""]}","{""configured_bandwidth_mbit"":[""0""],""configured_jitter_ms"":[""0""],""configured_latency_ms"":[""0""],""configured_loss_percent"":[""0""],""dataset_profile_id"":[""pilot-balanced-v1""],""dataset_size_class"":[""medium""],""execution_strategy"":[""multiregion_union""],""fetch_size"":[""10000""],""network_profile_id"":[""pressure_remote_mitigated""],""regional_pg_options_json"":[""{}""],""runtime_config_id"":[""pressure_remote_mitigated""],""template_id"":[""gac_fdw_multiregion_raw_region_rollup""]}",2,2,1,1
remote_transport_bundle,mitigate_remote_path_bundle,positive_case,configured_bandwidth_mbit|configured_jitter_ms|configured_latency_ms|configured_loss_percent|fetch_size|network_profile_id|runtime_config_id,"{""configured_bandwidth_mbit"":[""20""],""configured_jitter_ms"":[""5""],""configured_latency_ms"":[""30""],""configured_loss_percent"":[""0.5""],""dataset_profile_id"":[""pilot-balanced-v1""],""dataset_size_class"":[""medium""],""execution_strategy"":[""multiregion_union""],""fetch_size"":[""500""],""network_profile_id"":[""pressure_remote_raw_stressed""],""regional_pg_options_json"":[""{}""],""runtime_config_id"":[""pressure_remote_raw_stressed""],""template_id"":[""gac_fdw_multiregion_top_tenants_raw_finalize""]}","{""configured_bandwidth_mbit"":[""0""],""configured_jitter_ms"":[""0""],""configured_latency_ms"":[""0""],""configured_loss_percent"":[""0""],""dataset_profile_id"":[""pilot-balanced-v1""],""dataset_size_class"":[""medium""],""execution_strategy"":[""multiregion_union""],""fetch_size"":[""10000""],""network_profile_id"":[""pressure_remote_mitigated""],""regional_pg_options_json"":[""{}""],""runtime_config_id"":[""pressure_remote_mitigated""],""template_id"":[""gac_fdw_multiregion_top_tenants_raw_finalize""]}",2,2,1,1
remote_transport_bundle,mitigate_remote_path_bundle,positive_case,configured_bandwidth_mbit|configured_jitter_ms|configured_latency_ms|configured_loss_percent|fetch_size|network_profile_id|runtime_config_id,"{""configured_bandwidth_mbit"":[""20""],""configured_jitter_ms"":[""5""],""configured_latency_ms"":[""30""],""configured_loss_percent"":[""0.5""],""dataset_profile_id"":[""raw-large-balanced-v1""],""dataset_size_class"":[""large""],""execution_strategy"":[""multiregion_union""],""fetch_size"":[""500""],""network_profile_id"":[""pressure_remote_raw_stressed""],""regional_pg_options_json"":[""{}""],""runtime_config_id"":[""pressure_remote_raw_stressed""],""template_id"":[""gac_fdw_multiregion_event_raw_wide_sample""]}","{""configured_bandwidth_mbit"":[""0""],""configured_jitter_ms"":[""0""],""configured_latency_ms"":[""0""],""configured_loss_percent"":[""0""],""dataset_profile_id"":[""raw-large-balanced-v1""],""dataset_size_class"":[""large""],""execution_strategy"":[""multiregion_union""],""fetch_size"":[""10000""],""network_profile_id"":[""pressure_remote_mitigated""],""regional_pg_options_json"":[""{}""],""runtime_config_id"":[""pressure_remote_mitigated""],""template_id"":[""gac_fdw_multiregion_event_raw_wide_sample""]}",2,2,1,1
remote_transport_bundle,mitigate_remote_path_bundle,positive_case,configured_bandwidth_mbit|configured_jitter_ms|configured_latency_ms|configured_loss_percent|fetch_size|network_profile_id|runtime_config_id,"{""configured_bandwidth_mbit"":[""20""],""configured_jitter_ms"":[""5""],""configured_latency_ms"":[""30""],""configured_loss_percent"":[""0.5""],""dataset_profile_id"":[""raw-large-balanced-v1""],""dataset_size_class"":[""large""],""execution_strategy"":[""multiregion_union""],""fetch_size"":[""500""],""network_profile_id"":[""pressure_remote_raw_stressed""],""regional_pg_options_json"":[""{}""],""runtime_config_id"":[""pressure_remote_raw_stressed""],""template_id"":[""gac_fdw_multiregion_global_user_join""]}","{""configured_bandwidth_mbit"":[""0""],""configured_jitter_ms"":[""0""],""configured_latency_ms"":[""0""],""configured_loss_percent"":[""0""],""dataset_profile_id"":[""raw-large-balanced-v1""],""dataset_size_class"":[""large""],""execution_strategy"":[""multiregion_union""],""fetch_size"":[""10000""],""network_profile_id"":[""pressure_remote_mitigated""],""regional_pg_options_json"":[""{}""],""runtime_config_id"":[""pressure_remote_mitigated""],""template_id"":[""gac_fdw_multiregion_global_user_join""]}",2,2,1,1
remote_transport_bundle,mitigate_remote_path_bundle,positive_case,configured_bandwidth_mbit|configured_jitter_ms|configured_latency_ms|configured_loss_percent|fetch_size|network_profile_id|runtime_config_id,"{""configured_bandwidth_mbit"":[""20""],""configured_jitter_ms"":[""5""],""configured_latency_ms"":[""30""],""configured_loss_percent"":[""0.5""],""dataset_profile_id"":[""raw-large-balanced-v1""],""dataset_size_class"":[""large""],""execution_strategy"":[""multiregion_union""],""fetch_size"":[""500""],""network_profile_id"":[""pressure_remote_raw_stressed""],""regional_pg_options_json"":[""{}""],""runtime_config_id"":[""pressure_remote_raw_stressed""],""template_id"":[""gac_fdw_multiregion_raw_region_rollup""]}","{""configured_bandwidth_mbit"":[""0""],""configured_jitter_ms"":[""0""],""configured_latency_ms"":[""0""],""configured_loss_percent"":[""0""],""dataset_profile_id"":[""raw-large-balanced-v1""],""dataset_size_class"":[""large""],""execution_strategy"":[""multiregion_union""],""fetch_size"":[""10000""],""network_profile_id"":[""pressure_remote_mitigated""],""regional_pg_options_json"":[""{}""],""runtime_config_id"":[""pressure_remote_mitigated""],""template_id"":[""gac_fdw_multiregion_raw_region_rollup""]}",2,2,1,1
remote_transport_bundle,mitigate_remote_path_bundle,positive_case,configured_bandwidth_mbit|configured_jitter_ms|configured_latency_ms|configured_loss_percent|fetch_size|network_profile_id|runtime_config_id,"{""configured_bandwidth_mbit"":[""20""],""configured_jitter_ms"":[""5""],""configured_latency_ms"":[""30""],""configured_loss_percent"":[""0.5""],""dataset_profile_id"":[""raw-large-balanced-v1""],""dataset_size_class"":[""large""],""execution_strategy"":[""multiregion_union""],""fetch_size"":[""500""],""network_profile_id"":[""pressure_remote_raw_stressed""],""regional_pg_options_json"":[""{}""],""runtime_config_id"":[""pressure_remote_raw_stressed""],""template_id"":[""gac_fdw_multiregion_top_tenants_raw_finalize""]}","{""configured_bandwidth_mbit"":[""0""],""configured_jitter_ms"":[""0""],""configured_latency_ms"":[""0""],""configured_loss_percent"":[""0""],""dataset_profile_id"":[""raw-large-balanced-v1""],""dataset_size_class"":[""large""],""execution_strategy"":[""multiregion_union""],""fetch_size"":[""10000""],""network_profile_id"":[""pressure_remote_mitigated""],""regional_pg_options_json"":[""{}""],""runtime_config_id"":[""pressure_remote_mitigated""],""template_id"":[""gac_fdw_multiregion_top_tenants_raw_finalize""]}",2,2,1,1
remote_transport_bundle,mitigate_remote_path_bundle,positive_case,configured_bandwidth_mbit|configured_jitter_ms|configured_latency_ms|configured_loss_percent|fetch_size|network_profile_id|runtime_config_id,"{""configured_bandwidth_mbit"":[""20""],""configured_jitter_ms"":[""5""],""configured_latency_ms"":[""30""],""configured_loss_percent"":[""0.5""],""dataset_profile_id"":[""raw-small-balanced-v1""],""dataset_size_class"":[""small""],""execution_strategy"":[""multiregion_union""],""fetch_size"":[""500""],""network_profile_id"":[""pressure_remote_raw_stressed""],""regional_pg_options_json"":[""{}""],""runtime_config_id"":[""pressure_remote_raw_stressed""],""template_id"":[""gac_fdw_multiregion_event_raw_wide_sample""]}","{""configured_bandwidth_mbit"":[""0""],""configured_jitter_ms"":[""0""],""configured_latency_ms"":[""0""],""configured_loss_percent"":[""0""],""dataset_profile_id"":[""raw-small-balanced-v1""],""dataset_size_class"":[""small""],""execution_strategy"":[""multiregion_union""],""fetch_size"":[""10000""],""network_profile_id"":[""pressure_remote_mitigated""],""regional_pg_options_json"":[""{}""],""runtime_config_id"":[""pressure_remote_mitigated""],""template_id"":[""gac_fdw_multiregion_event_raw_wide_sample""]}",2,2,1,1
remote_transport_bundle,mitigate_remote_path_bundle,positive_case,configured_bandwidth_mbit|configured_jitter_ms|configured_latency_ms|configured_loss_percent|fetch_size|network_profile_id|runtime_config_id,"{""configured_bandwidth_mbit"":[""20""],""configured_jitter_ms"":[""5""],""configured_latency_ms"":[""30""],""configured_loss_percent"":[""0.5""],""dataset_profile_id"":[""raw-small-balanced-v1""],""dataset_size_class"":[""small""],""execution_strategy"":[""multiregion_union""],""fetch_size"":[""500""],""network_profile_id"":[""pressure_remote_raw_stressed""],""regional_pg_options_json"":[""{}""],""runtime_config_id"":[""pressure_remote_raw_stressed""],""template_id"":[""gac_fdw_multiregion_global_user_join""]}","{""configured_bandwidth_mbit"":[""0""],""configured_jitter_ms"":[""0""],""configured_latency_ms"":[""0""],""configured_loss_percent"":[""0""],""dataset_profile_id"":[""raw-small-balanced-v1""],""dataset_size_class"":[""small""],""execution_strategy"":[""multiregion_union""],""fetch_size"":[""10000""],""network_profile_id"":[""pressure_remote_mitigated""],""regional_pg_options_json"":[""{}""],""runtime_config_id"":[""pressure_remote_mitigated""],""template_id"":[""gac_fdw_multiregion_global_user_join""]}",2,2,1,1
remote_transport_bundle,mitigate_remote_path_bundle,positive_case,configured_bandwidth_mbit|configured_jitter_ms|configured_latency_ms|configured_loss_percent|fetch_size|network_profile_id|runtime_config_id,"{""configured_bandwidth_mbit"":[""20""],""configured_jitter_ms"":[""5""],""configured_latency_ms"":[""30""],""configured_loss_percent"":[""0.5""],""dataset_profile_id"":[""raw-small-balanced-v1""],""dataset_size_class"":[""small""],""execution_strategy"":[""multiregion_union""],""fetch_size"":[""500""],""network_profile_id"":[""pressure_remote_raw_stressed""],""regional_pg_options_json"":[""{}""],""runtime_config_id"":[""pressure_remote_raw_stressed""],""template_id"":[""gac_fdw_multiregion_raw_region_rollup""]}","{""configured_bandwidth_mbit"":[""0""],""configured_jitter_ms"":[""0""],""configured_latency_ms"":[""0""],""configured_loss_percent"":[""0""],""dataset_profile_id"":[""raw-small-balanced-v1""],""dataset_size_class"":[""small""],""execution_strategy"":[""multiregion_union""],""fetch_size"":[""10000""],""network_profile_id"":[""pressure_remote_mitigated""],""regional_pg_options_json"":[""{}""],""runtime_config_id"":[""pressure_remote_mitigated""],""template_id"":[""gac_fdw_multiregion_raw_region_rollup""]}",2,2,1,1
remote_transport_bundle,mitigate_remote_path_bundle,positive_case,configured_bandwidth_mbit|configured_jitter_ms|configured_latency_ms|configured_loss_percent|fetch_size|network_profile_id|runtime_config_id,"{""configured_bandwidth_mbit"":[""20""],""configured_jitter_ms"":[""5""],""configured_latency_ms"":[""30""],""configured_loss_percent"":[""0.5""],""dataset_profile_id"":[""raw-small-balanced-v1""],""dataset_size_class"":[""small""],""execution_strategy"":[""multiregion_union""],""fetch_size"":[""500""],""network_profile_id"":[""pressure_remote_raw_stressed""],""regional_pg_options_json"":[""{}""],""runtime_config_id"":[""pressure_remote_raw_stressed""],""template_id"":[""gac_fdw_multiregion_top_tenants_raw_finalize""]}","{""configured_bandwidth_mbit"":[""0""],""configured_jitter_ms"":[""0""],""configured_latency_ms"":[""0""],""configured_loss_percent"":[""0""],""dataset_profile_id"":[""raw-small-balanced-v1""],""dataset_size_class"":[""small""],""execution_strategy"":[""multiregion_union""],""fetch_size"":[""10000""],""network_profile_id"":[""pressure_remote_mitigated""],""regional_pg_options_json"":[""{}""],""runtime_config_id"":[""pressure_remote_mitigated""],""template_id"":[""gac_fdw_multiregion_top_tenants_raw_finalize""]}",2,2,1,1
remote_transport_calibration,increase_fetch_size,calibration,fetch_size|network_profile_id|runtime_config_id,"{""configured_bandwidth_mbit"":[""0""],""configured_jitter_ms"":[""0""],""configured_latency_ms"":[""0""],""configured_loss_percent"":[""0""],""dataset_profile_id"":[""raw-large-balanced-v1""],""dataset_size_class"":[""large""],""execution_strategy"":[""multiregion_union""],""fetch_size"":[""100""],""network_profile_id"":[""pressure_remote_fetch_100""],""regional_pg_options_json"":[""{}""],""runtime_config_id"":[""pressure_remote_fetch_100""],""template_id"":[""gac_fdw_multiregion_event_filter_summary""]}","{""configured_bandwidth_mbit"":[""0""],""configured_jitter_ms"":[""0""],""configured_latency_ms"":[""0""],""configured_loss_percent"":[""0""],""dataset_profile_id"":[""raw-large-balanced-v1""],""dataset_size_class"":[""large""],""execution_strategy"":[""multiregion_union""],""fetch_size"":[""10000""],""network_profile_id"":[""pressure_remote_fetch_10000""],""regional_pg_options_json"":[""{}""],""runtime_config_id"":[""pressure_remote_fetch_10000""],""template_id"":[""gac_fdw_multiregion_event_filter_summary""]}",1,1,1,1
remote_transport_calibration,increase_fetch_size,calibration,fetch_size|network_profile_id|runtime_config_id,"{""configured_bandwidth_mbit"":[""0""],""configured_jitter_ms"":[""0""],""configured_latency_ms"":[""0""],""configured_loss_percent"":[""0""],""dataset_profile_id"":[""raw-large-balanced-v1""],""dataset_size_class"":[""large""],""execution_strategy"":[""multiregion_union""],""fetch_size"":[""100""],""network_profile_id"":[""pressure_remote_fetch_100""],""regional_pg_options_json"":[""{}""],""runtime_config_id"":[""pressure_remote_fetch_100""],""template_id"":[""gac_fdw_multiregion_event_raw_wide_sample""]}","{""configured_bandwidth_mbit"":[""0""],""configured_jitter_ms"":[""0""],""configured_latency_ms"":[""0""],""configured_loss_percent"":[""0""],""dataset_profile_id"":[""raw-large-balanced-v1""],""dataset_size_class"":[""large""],""execution_strategy"":[""multiregion_union""],""fetch_size"":[""10000""],""network_profile_id"":[""pressure_remote_fetch_10000""],""regional_pg_options_json"":[""{}""],""runtime_config_id"":[""pressure_remote_fetch_10000""],""template_id"":[""gac_fdw_multiregion_event_raw_wide_sample""]}",1,1,1,1
remote_transport_calibration,increase_fetch_size,calibration,fetch_size|network_profile_id|runtime_config_id,"{""configured_bandwidth_mbit"":[""0""],""configured_jitter_ms"":[""0""],""configured_latency_ms"":[""0""],""configured_loss_percent"":[""0""],""dataset_profile_id"":[""raw-large-balanced-v1""],""dataset_size_class"":[""large""],""execution_strategy"":[""multiregion_union""],""fetch_size"":[""100""],""network_profile_id"":[""pressure_remote_fetch_100""],""regional_pg_options_json"":[""{}""],""runtime_config_id"":[""pressure_remote_fetch_100""],""template_id"":[""gac_fdw_multiregion_global_user_join""]}","{""configured_bandwidth_mbit"":[""0""],""configured_jitter_ms"":[""0""],""configured_latency_ms"":[""0""],""configured_loss_percent"":[""0""],""dataset_profile_id"":[""raw-large-balanced-v1""],""dataset_size_class"":[""large""],""execution_strategy"":[""multiregion_union""],""fetch_size"":[""10000""],""network_profile_id"":[""pressure_remote_fetch_10000""],""regional_pg_options_json"":[""{}""],""runtime_config_id"":[""pressure_remote_fetch_10000""],""template_id"":[""gac_fdw_multiregion_global_user_join""]}",1,1,1,1
remote_transport_calibration,increase_fetch_size,calibration,fetch_size|network_profile_id|runtime_config_id,"{""configured_bandwidth_mbit"":[""0""],""configured_jitter_ms"":[""0""],""configured_latency_ms"":[""0""],""configured_loss_percent"":[""0""],""dataset_profile_id"":[""raw-large-balanced-v1""],""dataset_size_class"":[""large""],""execution_strategy"":[""multiregion_union""],""fetch_size"":[""100""],""network_profile_id"":[""pressure_remote_fetch_100""],""regional_pg_options_json"":[""{}""],""runtime_config_id"":[""pressure_remote_fetch_100""],""template_id"":[""gac_fdw_multiregion_raw_region_rollup""]}","{""configured_bandwidth_mbit"":[""0""],""configured_jitter_ms"":[""0""],""configured_latency_ms"":[""0""],""configured_loss_percent"":[""0""],""dataset_profile_id"":[""raw-large-balanced-v1""],""dataset_size_class"":[""large""],""execution_strategy"":[""multiregion_union""],""fetch_size"":[""10000""],""network_profile_id"":[""pressure_remote_fetch_10000""],""regional_pg_options_json"":[""{}""],""runtime_config_id"":[""pressure_remote_fetch_10000""],""template_id"":[""gac_fdw_multiregion_raw_region_rollup""]}",1,1,1,1
remote_transport_calibration,increase_fetch_size,calibration,fetch_size|network_profile_id|runtime_config_id,"{""configured_bandwidth_mbit"":[""0""],""configured_jitter_ms"":[""0""],""configured_latency_ms"":[""0""],""configured_loss_percent"":[""0""],""dataset_profile_id"":[""raw-small-balanced-v1""],""dataset_size_class"":[""small""],""execution_strategy"":[""multiregion_union""],""fetch_size"":[""100""],""network_profile_id"":[""pressure_remote_fetch_100""],""regional_pg_options_json"":[""{}""],""runtime_config_id"":[""pressure_remote_fetch_100""],""template_id"":[""gac_fdw_multiregion_event_filter_summary""]}","{""configured_bandwidth_mbit"":[""0""],""configured_jitter_ms"":[""0""],""configured_latency_ms"":[""0""],""configured_loss_percent"":[""0""],""dataset_profile_id"":[""raw-small-balanced-v1""],""dataset_size_class"":[""small""],""execution_strategy"":[""multiregion_union""],""fetch_size"":[""10000""],""network_profile_id"":[""pressure_remote_fetch_10000""],""regional_pg_options_json"":[""{}""],""runtime_config_id"":[""pressure_remote_fetch_10000""],""template_id"":[""gac_fdw_multiregion_event_filter_summary""]}",1,1,1,1
remote_transport_calibration,increase_fetch_size,calibration,fetch_size|network_profile_id|runtime_config_id,"{""configured_bandwidth_mbit"":[""0""],""configured_jitter_ms"":[""0""],""configured_latency_ms"":[""0""],""configured_loss_percent"":[""0""],""dataset_profile_id"":[""raw-small-balanced-v1""],""dataset_size_class"":[""small""],""execution_strategy"":[""multiregion_union""],""fetch_size"":[""100""],""network_profile_id"":[""pressure_remote_fetch_100""],""regional_pg_options_json"":[""{}""],""runtime_config_id"":[""pressure_remote_fetch_100""],""template_id"":[""gac_fdw_multiregion_event_raw_wide_sample""]}","{""configured_bandwidth_mbit"":[""0""],""configured_jitter_ms"":[""0""],""configured_latency_ms"":[""0""],""configured_loss_percent"":[""0""],""dataset_profile_id"":[""raw-small-balanced-v1""],""dataset_size_class"":[""small""],""execution_strategy"":[""multiregion_union""],""fetch_size"":[""10000""],""network_profile_id"":[""pressure_remote_fetch_10000""],""regional_pg_options_json"":[""{}""],""runtime_config_id"":[""pressure_remote_fetch_10000""],""template_id"":[""gac_fdw_multiregion_event_raw_wide_sample""]}",1,1,1,1
remote_transport_calibration,increase_fetch_size,calibration,fetch_size|network_profile_id|runtime_config_id,"{""configured_bandwidth_mbit"":[""0""],""configured_jitter_ms"":[""0""],""configured_latency_ms"":[""0""],""configured_loss_percent"":[""0""],""dataset_profile_id"":[""raw-small-balanced-v1""],""dataset_size_class"":[""small""],""execution_strategy"":[""multiregion_union""],""fetch_size"":[""100""],""network_profile_id"":[""pressure_remote_fetch_100""],""regional_pg_options_json"":[""{}""],""runtime_config_id"":[""pressure_remote_fetch_100""],""template_id"":[""gac_fdw_multiregion_global_user_join""]}","{""configured_bandwidth_mbit"":[""0""],""configured_jitter_ms"":[""0""],""configured_latency_ms"":[""0""],""configured_loss_percent"":[""0""],""dataset_profile_id"":[""raw-small-balanced-v1""],""dataset_size_class"":[""small""],""execution_strategy"":[""multiregion_union""],""fetch_size"":[""10000""],""network_profile_id"":[""pressure_remote_fetch_10000""],""regional_pg_options_json"":[""{}""],""runtime_config_id"":[""pressure_remote_fetch_10000""],""template_id"":[""gac_fdw_multiregion_global_user_join""]}",1,1,1,1
remote_transport_calibration,increase_fetch_size,calibration,fetch_size|network_profile_id|runtime_config_id,"{""configured_bandwidth_mbit"":[""0""],""configured_jitter_ms"":[""0""],""configured_latency_ms"":[""0""],""configured_loss_percent"":[""0""],""dataset_profile_id"":[""raw-small-balanced-v1""],""dataset_size_class"":[""small""],""execution_strategy"":[""multiregion_union""],""fetch_size"":[""100""],""network_profile_id"":[""pressure_remote_fetch_100""],""regional_pg_options_json"":[""{}""],""runtime_config_id"":[""pressure_remote_fetch_100""],""template_id"":[""gac_fdw_multiregion_raw_region_rollup""]}","{""configured_bandwidth_mbit"":[""0""],""configured_jitter_ms"":[""0""],""configured_latency_ms"":[""0""],""configured_loss_percent"":[""0""],""dataset_profile_id"":[""raw-small-balanced-v1""],""dataset_size_class"":[""small""],""execution_strategy"":[""multiregion_union""],""fetch_size"":[""10000""],""network_profile_id"":[""pressure_remote_fetch_10000""],""regional_pg_options_json"":[""{}""],""runtime_config_id"":[""pressure_remote_fetch_10000""],""template_id"":[""gac_fdw_multiregion_raw_region_rollup""]}",1,1,1,1
remote_transport_calibration,remove_added_delay,calibration,configured_latency_ms|network_profile_id|runtime_config_id,"{""configured_bandwidth_mbit"":[""0""],""configured_jitter_ms"":[""0""],""configured_latency_ms"":[""80""],""configured_loss_percent"":[""0""],""dataset_profile_id"":[""raw-large-balanced-v1""],""dataset_size_class"":[""large""],""execution_strategy"":[""multiregion_union""],""fetch_size"":[""2000""],""network_profile_id"":[""pressure_remote_delay_80ms""],""regional_pg_options_json"":[""{}""],""runtime_config_id"":[""pressure_remote_delay_80ms""],""template_id"":[""gac_fdw_multiregion_event_filter_summary""]}","{""configured_bandwidth_mbit"":[""0""],""configured_jitter_ms"":[""0""],""configured_latency_ms"":[""0""],""configured_loss_percent"":[""0""],""dataset_profile_id"":[""raw-large-balanced-v1""],""dataset_size_class"":[""large""],""execution_strategy"":[""multiregion_union""],""fetch_size"":[""2000""],""network_profile_id"":[""pressure_remote_delay_0ms""],""regional_pg_options_json"":[""{}""],""runtime_config_id"":[""pressure_remote_delay_0ms""],""template_id"":[""gac_fdw_multiregion_event_filter_summary""]}",1,1,1,1
remote_transport_calibration,remove_added_delay,calibration,configured_latency_ms|network_profile_id|runtime_config_id,"{""configured_bandwidth_mbit"":[""0""],""configured_jitter_ms"":[""0""],""configured_latency_ms"":[""80""],""configured_loss_percent"":[""0""],""dataset_profile_id"":[""raw-large-balanced-v1""],""dataset_size_class"":[""large""],""execution_strategy"":[""multiregion_union""],""fetch_size"":[""2000""],""network_profile_id"":[""pressure_remote_delay_80ms""],""regional_pg_options_json"":[""{}""],""runtime_config_id"":[""pressure_remote_delay_80ms""],""template_id"":[""gac_fdw_multiregion_event_raw_wide_sample""]}","{""configured_bandwidth_mbit"":[""0""],""configured_jitter_ms"":[""0""],""configured_latency_ms"":[""0""],""configured_loss_percent"":[""0""],""dataset_profile_id"":[""raw-large-balanced-v1""],""dataset_size_class"":[""large""],""execution_strategy"":[""multiregion_union""],""fetch_size"":[""2000""],""network_profile_id"":[""pressure_remote_delay_0ms""],""regional_pg_options_json"":[""{}""],""runtime_config_id"":[""pressure_remote_delay_0ms""],""template_id"":[""gac_fdw_multiregion_event_raw_wide_sample""]}",1,1,1,1
remote_transport_calibration,remove_added_delay,calibration,configured_latency_ms|network_profile_id|runtime_config_id,"{""configured_bandwidth_mbit"":[""0""],""configured_jitter_ms"":[""0""],""configured_latency_ms"":[""80""],""configured_loss_percent"":[""0""],""dataset_profile_id"":[""raw-large-balanced-v1""],""dataset_size_class"":[""large""],""execution_strategy"":[""multiregion_union""],""fetch_size"":[""2000""],""network_profile_id"":[""pressure_remote_delay_80ms""],""regional_pg_options_json"":[""{}""],""runtime_config_id"":[""pressure_remote_delay_80ms""],""template_id"":[""gac_fdw_multiregion_global_user_join""]}","{""configured_bandwidth_mbit"":[""0""],""configured_jitter_ms"":[""0""],""configured_latency_ms"":[""0""],""configured_loss_percent"":[""0""],""dataset_profile_id"":[""raw-large-balanced-v1""],""dataset_size_class"":[""large""],""execution_strategy"":[""multiregion_union""],""fetch_size"":[""2000""],""network_profile_id"":[""pressure_remote_delay_0ms""],""regional_pg_options_json"":[""{}""],""runtime_config_id"":[""pressure_remote_delay_0ms""],""template_id"":[""gac_fdw_multiregion_global_user_join""]}",1,1,1,1
remote_transport_calibration,remove_added_delay,calibration,configured_latency_ms|network_profile_id|runtime_config_id,"{""configured_bandwidth_mbit"":[""0""],""configured_jitter_ms"":[""0""],""configured_latency_ms"":[""80""],""configured_loss_percent"":[""0""],""dataset_profile_id"":[""raw-large-balanced-v1""],""dataset_size_class"":[""large""],""execution_strategy"":[""multiregion_union""],""fetch_size"":[""2000""],""network_profile_id"":[""pressure_remote_delay_80ms""],""regional_pg_options_json"":[""{}""],""runtime_config_id"":[""pressure_remote_delay_80ms""],""template_id"":[""gac_fdw_multiregion_raw_region_rollup""]}","{""configured_bandwidth_mbit"":[""0""],""configured_jitter_ms"":[""0""],""configured_latency_ms"":[""0""],""configured_loss_percent"":[""0""],""dataset_profile_id"":[""raw-large-balanced-v1""],""dataset_size_class"":[""large""],""execution_strategy"":[""multiregion_union""],""fetch_size"":[""2000""],""network_profile_id"":[""pressure_remote_delay_0ms""],""regional_pg_options_json"":[""{}""],""runtime_config_id"":[""pressure_remote_delay_0ms""],""template_id"":[""gac_fdw_multiregion_raw_region_rollup""]}",1,1,1,1
remote_transport_calibration,remove_added_delay,calibration,configured_latency_ms|network_profile_id|runtime_config_id,"{""configured_bandwidth_mbit"":[""0""],""configured_jitter_ms"":[""0""],""configured_latency_ms"":[""80""],""configured_loss_percent"":[""0""],""dataset_profile_id"":[""raw-small-balanced-v1""],""dataset_size_class"":[""small""],""execution_strategy"":[""multiregion_union""],""fetch_size"":[""2000""],""network_profile_id"":[""pressure_remote_delay_80ms""],""regional_pg_options_json"":[""{}""],""runtime_config_id"":[""pressure_remote_delay_80ms""],""template_id"":[""gac_fdw_multiregion_event_filter_summary""]}","{""configured_bandwidth_mbit"":[""0""],""configured_jitter_ms"":[""0""],""configured_latency_ms"":[""0""],""configured_loss_percent"":[""0""],""dataset_profile_id"":[""raw-small-balanced-v1""],""dataset_size_class"":[""small""],""execution_strategy"":[""multiregion_union""],""fetch_size"":[""2000""],""network_profile_id"":[""pressure_remote_delay_0ms""],""regional_pg_options_json"":[""{}""],""runtime_config_id"":[""pressure_remote_delay_0ms""],""template_id"":[""gac_fdw_multiregion_event_filter_summary""]}",1,1,1,1
remote_transport_calibration,remove_added_delay,calibration,configured_latency_ms|network_profile_id|runtime_config_id,"{""configured_bandwidth_mbit"":[""0""],""configured_jitter_ms"":[""0""],""configured_latency_ms"":[""80""],""configured_loss_percent"":[""0""],""dataset_profile_id"":[""raw-small-balanced-v1""],""dataset_size_class"":[""small""],""execution_strategy"":[""multiregion_union""],""fetch_size"":[""2000""],""network_profile_id"":[""pressure_remote_delay_80ms""],""regional_pg_options_json"":[""{}""],""runtime_config_id"":[""pressure_remote_delay_80ms""],""template_id"":[""gac_fdw_multiregion_event_raw_wide_sample""]}","{""configured_bandwidth_mbit"":[""0""],""configured_jitter_ms"":[""0""],""configured_latency_ms"":[""0""],""configured_loss_percent"":[""0""],""dataset_profile_id"":[""raw-small-balanced-v1""],""dataset_size_class"":[""small""],""execution_strategy"":[""multiregion_union""],""fetch_size"":[""2000""],""network_profile_id"":[""pressure_remote_delay_0ms""],""regional_pg_options_json"":[""{}""],""runtime_config_id"":[""pressure_remote_delay_0ms""],""template_id"":[""gac_fdw_multiregion_event_raw_wide_sample""]}",1,1,1,1
remote_transport_calibration,remove_added_delay,calibration,configured_latency_ms|network_profile_id|runtime_config_id,"{""configured_bandwidth_mbit"":[""0""],""configured_jitter_ms"":[""0""],""configured_latency_ms"":[""80""],""configured_loss_percent"":[""0""],""dataset_profile_id"":[""raw-small-balanced-v1""],""dataset_size_class"":[""small""],""execution_strategy"":[""multiregion_union""],""fetch_size"":[""2000""],""network_profile_id"":[""pressure_remote_delay_80ms""],""regional_pg_options_json"":[""{}""],""runtime_config_id"":[""pressure_remote_delay_80ms""],""template_id"":[""gac_fdw_multiregion_global_user_join""]}","{""configured_bandwidth_mbit"":[""0""],""configured_jitter_ms"":[""0""],""configured_latency_ms"":[""0""],""configured_loss_percent"":[""0""],""dataset_profile_id"":[""raw-small-balanced-v1""],""dataset_size_class"":[""small""],""execution_strategy"":[""multiregion_union""],""fetch_size"":[""2000""],""network_profile_id"":[""pressure_remote_delay_0ms""],""regional_pg_options_json"":[""{}""],""runtime_config_id"":[""pressure_remote_delay_0ms""],""template_id"":[""gac_fdw_multiregion_global_user_join""]}",1,1,1,1
remote_transport_calibration,remove_added_delay,calibration,configured_latency_ms|network_profile_id|runtime_config_id,"{""configured_bandwidth_mbit"":[""0""],""configured_jitter_ms"":[""0""],""configured_latency_ms"":[""80""],""configured_loss_percent"":[""0""],""dataset_profile_id"":[""raw-small-balanced-v1""],""dataset_size_class"":[""small""],""execution_strategy"":[""multiregion_union""],""fetch_size"":[""2000""],""network_profile_id"":[""pressure_remote_delay_80ms""],""regional_pg_options_json"":[""{}""],""runtime_config_id"":[""pressure_remote_delay_80ms""],""template_id"":[""gac_fdw_multiregion_raw_region_rollup""]}","{""configured_bandwidth_mbit"":[""0""],""configured_jitter_ms"":[""0""],""configured_latency_ms"":[""0""],""configured_loss_percent"":[""0""],""dataset_profile_id"":[""raw-small-balanced-v1""],""dataset_size_class"":[""small""],""execution_strategy"":[""multiregion_union""],""fetch_size"":[""2000""],""network_profile_id"":[""pressure_remote_delay_0ms""],""regional_pg_options_json"":[""{}""],""runtime_config_id"":[""pressure_remote_delay_0ms""],""template_id"":[""gac_fdw_multiregion_raw_region_rollup""]}",1,1,1,1
remote_transport_calibration,remove_bandwidth_limit,calibration,configured_bandwidth_mbit|network_profile_id|runtime_config_id,"{""configured_bandwidth_mbit"":[""10""],""configured_jitter_ms"":[""0""],""configured_latency_ms"":[""0""],""configured_loss_percent"":[""0""],""dataset_profile_id"":[""raw-large-balanced-v1""],""dataset_size_class"":[""large""],""execution_strategy"":[""multiregion_union""],""fetch_size"":[""2000""],""network_profile_id"":[""pressure_remote_bandwidth_10mbit""],""regional_pg_options_json"":[""{}""],""runtime_config_id"":[""pressure_remote_bandwidth_10mbit""],""template_id"":[""gac_fdw_multiregion_event_filter_summary""]}","{""configured_bandwidth_mbit"":[""0""],""configured_jitter_ms"":[""0""],""configured_latency_ms"":[""0""],""configured_loss_percent"":[""0""],""dataset_profile_id"":[""raw-large-balanced-v1""],""dataset_size_class"":[""large""],""execution_strategy"":[""multiregion_union""],""fetch_size"":[""2000""],""network_profile_id"":[""pressure_remote_bandwidth_unlimited""],""regional_pg_options_json"":[""{}""],""runtime_config_id"":[""pressure_remote_bandwidth_unlimited""],""template_id"":[""gac_fdw_multiregion_event_filter_summary""]}",1,1,1,1
remote_transport_calibration,remove_bandwidth_limit,calibration,configured_bandwidth_mbit|network_profile_id|runtime_config_id,"{""configured_bandwidth_mbit"":[""10""],""configured_jitter_ms"":[""0""],""configured_latency_ms"":[""0""],""configured_loss_percent"":[""0""],""dataset_profile_id"":[""raw-large-balanced-v1""],""dataset_size_class"":[""large""],""execution_strategy"":[""multiregion_union""],""fetch_size"":[""2000""],""network_profile_id"":[""pressure_remote_bandwidth_10mbit""],""regional_pg_options_json"":[""{}""],""runtime_config_id"":[""pressure_remote_bandwidth_10mbit""],""template_id"":[""gac_fdw_multiregion_event_raw_wide_sample""]}","{""configured_bandwidth_mbit"":[""0""],""configured_jitter_ms"":[""0""],""configured_latency_ms"":[""0""],""configured_loss_percent"":[""0""],""dataset_profile_id"":[""raw-large-balanced-v1""],""dataset_size_class"":[""large""],""execution_strategy"":[""multiregion_union""],""fetch_size"":[""2000""],""network_profile_id"":[""pressure_remote_bandwidth_unlimited""],""regional_pg_options_json"":[""{}""],""runtime_config_id"":[""pressure_remote_bandwidth_unlimited""],""template_id"":[""gac_fdw_multiregion_event_raw_wide_sample""]}",1,1,1,1
remote_transport_calibration,remove_bandwidth_limit,calibration,configured_bandwidth_mbit|network_profile_id|runtime_config_id,"{""configured_bandwidth_mbit"":[""10""],""configured_jitter_ms"":[""0""],""configured_latency_ms"":[""0""],""configured_loss_percent"":[""0""],""dataset_profile_id"":[""raw-large-balanced-v1""],""dataset_size_class"":[""large""],""execution_strategy"":[""multiregion_union""],""fetch_size"":[""2000""],""network_profile_id"":[""pressure_remote_bandwidth_10mbit""],""regional_pg_options_json"":[""{}""],""runtime_config_id"":[""pressure_remote_bandwidth_10mbit""],""template_id"":[""gac_fdw_multiregion_global_user_join""]}","{""configured_bandwidth_mbit"":[""0""],""configured_jitter_ms"":[""0""],""configured_latency_ms"":[""0""],""configured_loss_percent"":[""0""],""dataset_profile_id"":[""raw-large-balanced-v1""],""dataset_size_class"":[""large""],""execution_strategy"":[""multiregion_union""],""fetch_size"":[""2000""],""network_profile_id"":[""pressure_remote_bandwidth_unlimited""],""regional_pg_options_json"":[""{}""],""runtime_config_id"":[""pressure_remote_bandwidth_unlimited""],""template_id"":[""gac_fdw_multiregion_global_user_join""]}",1,1,1,1
remote_transport_calibration,remove_bandwidth_limit,calibration,configured_bandwidth_mbit|network_profile_id|runtime_config_id,"{""configured_bandwidth_mbit"":[""10""],""configured_jitter_ms"":[""0""],""configured_latency_ms"":[""0""],""configured_loss_percent"":[""0""],""dataset_profile_id"":[""raw-large-balanced-v1""],""dataset_size_class"":[""large""],""execution_strategy"":[""multiregion_union""],""fetch_size"":[""2000""],""network_profile_id"":[""pressure_remote_bandwidth_10mbit""],""regional_pg_options_json"":[""{}""],""runtime_config_id"":[""pressure_remote_bandwidth_10mbit""],""template_id"":[""gac_fdw_multiregion_raw_region_rollup""]}","{""configured_bandwidth_mbit"":[""0""],""configured_jitter_ms"":[""0""],""configured_latency_ms"":[""0""],""configured_loss_percent"":[""0""],""dataset_profile_id"":[""raw-large-balanced-v1""],""dataset_size_class"":[""large""],""execution_strategy"":[""multiregion_union""],""fetch_size"":[""2000""],""network_profile_id"":[""pressure_remote_bandwidth_unlimited""],""regional_pg_options_json"":[""{}""],""runtime_config_id"":[""pressure_remote_bandwidth_unlimited""],""template_id"":[""gac_fdw_multiregion_raw_region_rollup""]}",1,1,1,1
remote_transport_calibration,remove_bandwidth_limit,calibration,configured_bandwidth_mbit|network_profile_id|runtime_config_id,"{""configured_bandwidth_mbit"":[""10""],""configured_jitter_ms"":[""0""],""configured_latency_ms"":[""0""],""configured_loss_percent"":[""0""],""dataset_profile_id"":[""raw-small-balanced-v1""],""dataset_size_class"":[""small""],""execution_strategy"":[""multiregion_union""],""fetch_size"":[""2000""],""network_profile_id"":[""pressure_remote_bandwidth_10mbit""],""regional_pg_options_json"":[""{}""],""runtime_config_id"":[""pressure_remote_bandwidth_10mbit""],""template_id"":[""gac_fdw_multiregion_event_filter_summary""]}","{""configured_bandwidth_mbit"":[""0""],""configured_jitter_ms"":[""0""],""configured_latency_ms"":[""0""],""configured_loss_percent"":[""0""],""dataset_profile_id"":[""raw-small-balanced-v1""],""dataset_size_class"":[""small""],""execution_strategy"":[""multiregion_union""],""fetch_size"":[""2000""],""network_profile_id"":[""pressure_remote_bandwidth_unlimited""],""regional_pg_options_json"":[""{}""],""runtime_config_id"":[""pressure_remote_bandwidth_unlimited""],""template_id"":[""gac_fdw_multiregion_event_filter_summary""]}",1,1,1,1
remote_transport_calibration,remove_bandwidth_limit,calibration,configured_bandwidth_mbit|network_profile_id|runtime_config_id,"{""configured_bandwidth_mbit"":[""10""],""configured_jitter_ms"":[""0""],""configured_latency_ms"":[""0""],""configured_loss_percent"":[""0""],""dataset_profile_id"":[""raw-small-balanced-v1""],""dataset_size_class"":[""small""],""execution_strategy"":[""multiregion_union""],""fetch_size"":[""2000""],""network_profile_id"":[""pressure_remote_bandwidth_10mbit""],""regional_pg_options_json"":[""{}""],""runtime_config_id"":[""pressure_remote_bandwidth_10mbit""],""template_id"":[""gac_fdw_multiregion_event_raw_wide_sample""]}","{""configured_bandwidth_mbit"":[""0""],""configured_jitter_ms"":[""0""],""configured_latency_ms"":[""0""],""configured_loss_percent"":[""0""],""dataset_profile_id"":[""raw-small-balanced-v1""],""dataset_size_class"":[""small""],""execution_strategy"":[""multiregion_union""],""fetch_size"":[""2000""],""network_profile_id"":[""pressure_remote_bandwidth_unlimited""],""regional_pg_options_json"":[""{}""],""runtime_config_id"":[""pressure_remote_bandwidth_unlimited""],""template_id"":[""gac_fdw_multiregion_event_raw_wide_sample""]}",1,1,1,1
remote_transport_calibration,remove_bandwidth_limit,calibration,configured_bandwidth_mbit|network_profile_id|runtime_config_id,"{""configured_bandwidth_mbit"":[""10""],""configured_jitter_ms"":[""0""],""configured_latency_ms"":[""0""],""configured_loss_percent"":[""0""],""dataset_profile_id"":[""raw-small-balanced-v1""],""dataset_size_class"":[""small""],""execution_strategy"":[""multiregion_union""],""fetch_size"":[""2000""],""network_profile_id"":[""pressure_remote_bandwidth_10mbit""],""regional_pg_options_json"":[""{}""],""runtime_config_id"":[""pressure_remote_bandwidth_10mbit""],""template_id"":[""gac_fdw_multiregion_global_user_join""]}","{""configured_bandwidth_mbit"":[""0""],""configured_jitter_ms"":[""0""],""configured_latency_ms"":[""0""],""configured_loss_percent"":[""0""],""dataset_profile_id"":[""raw-small-balanced-v1""],""dataset_size_class"":[""small""],""execution_strategy"":[""multiregion_union""],""fetch_size"":[""2000""],""network_profile_id"":[""pressure_remote_bandwidth_unlimited""],""regional_pg_options_json"":[""{}""],""runtime_config_id"":[""pressure_remote_bandwidth_unlimited""],""template_id"":[""gac_fdw_multiregion_global_user_join""]}",1,1,1,1
remote_transport_calibration,remove_bandwidth_limit,calibration,configured_bandwidth_mbit|network_profile_id|runtime_config_id,"{""configured_bandwidth_mbit"":[""10""],""configured_jitter_ms"":[""0""],""configured_latency_ms"":[""0""],""configured_loss_percent"":[""0""],""dataset_profile_id"":[""raw-small-balanced-v1""],""dataset_size_class"":[""small""],""execution_strategy"":[""multiregion_union""],""fetch_size"":[""2000""],""network_profile_id"":[""pressure_remote_bandwidth_10mbit""],""regional_pg_options_json"":[""{}""],""runtime_config_id"":[""pressure_remote_bandwidth_10mbit""],""template_id"":[""gac_fdw_multiregion_raw_region_rollup""]}","{""configured_bandwidth_mbit"":[""0""],""configured_jitter_ms"":[""0""],""configured_latency_ms"":[""0""],""configured_loss_percent"":[""0""],""dataset_profile_id"":[""raw-small-balanced-v1""],""dataset_size_class"":[""small""],""execution_strategy"":[""multiregion_union""],""fetch_size"":[""2000""],""network_profile_id"":[""pressure_remote_bandwidth_unlimited""],""regional_pg_options_json"":[""{}""],""runtime_config_id"":[""pressure_remote_bandwidth_unlimited""],""template_id"":[""gac_fdw_multiregion_raw_region_rollup""]}",1,1,1,1
repartition_colocation,null_join_strategy_intervention,negative_control,,"{""dataset_profile_id"":[""pilot-balanced-v1""],""dataset_size_class"":[""medium""],""execution_scope"":[""gac_single_edge""],""execution_strategy"":[""fdw_raw""],""physical_strategy_id"":[""reference_table_join_control""],""regional_pg_options_json"":[""{}""],""runtime_config_id"":[""gac_force_remote_join""],""target_scope"":[""global_query""],""template_id"":[""gac_fdw_tenant_tier_join""]}","{""dataset_profile_id"":[""pilot-balanced-v1""],""dataset_size_class"":[""medium""],""execution_scope"":[""gac_single_edge""],""execution_strategy"":[""fdw_raw""],""physical_strategy_id"":[""reference_table_join_control""],""regional_pg_options_json"":[""{}""],""runtime_config_id"":[""gac_force_remote_join""],""target_scope"":[""global_query""],""template_id"":[""gac_fdw_tenant_tier_join""]}",2,2,1,1
repartition_colocation,null_join_strategy_intervention,negative_control,,"{""dataset_profile_id"":[""pilot-balanced-v1""],""dataset_size_class"":[""medium""],""execution_scope"":[""gac_single_edge""],""execution_strategy"":[""fdw_raw""],""physical_strategy_id"":[""tenant_point_no_join_control""],""regional_pg_options_json"":[""{}""],""runtime_config_id"":[""gac_force_remote_join""],""target_scope"":[""global_query""],""template_id"":[""gac_fdw_tenant_point_rollup""]}","{""dataset_profile_id"":[""pilot-balanced-v1""],""dataset_size_class"":[""medium""],""execution_scope"":[""gac_single_edge""],""execution_strategy"":[""fdw_raw""],""physical_strategy_id"":[""tenant_point_no_join_control""],""regional_pg_options_json"":[""{}""],""runtime_config_id"":[""gac_force_remote_join""],""target_scope"":[""global_query""],""template_id"":[""gac_fdw_tenant_point_rollup""]}",2,2,1,1
repartition_colocation,null_join_strategy_intervention,negative_control,,"{""dataset_profile_id"":[""pilot-balanced-wide-global-dim-v1""],""dataset_size_class"":[""medium""],""execution_scope"":[""gac_single_edge""],""execution_strategy"":[""fdw_raw""],""physical_strategy_id"":[""reference_table_join_control""],""regional_pg_options_json"":[""{}""],""runtime_config_id"":[""gac_force_remote_join""],""target_scope"":[""global_query""],""template_id"":[""gac_fdw_tenant_tier_join""]}","{""dataset_profile_id"":[""pilot-balanced-wide-global-dim-v1""],""dataset_size_class"":[""medium""],""execution_scope"":[""gac_single_edge""],""execution_strategy"":[""fdw_raw""],""physical_strategy_id"":[""reference_table_join_control""],""regional_pg_options_json"":[""{}""],""runtime_config_id"":[""gac_force_remote_join""],""target_scope"":[""global_query""],""template_id"":[""gac_fdw_tenant_tier_join""]}",2,2,1,1
repartition_colocation,null_join_strategy_intervention,negative_control,,"{""dataset_profile_id"":[""pilot-balanced-wide-global-dim-v1""],""dataset_size_class"":[""medium""],""execution_scope"":[""gac_single_edge""],""execution_strategy"":[""fdw_raw""],""physical_strategy_id"":[""tenant_point_no_join_control""],""regional_pg_options_json"":[""{}""],""runtime_config_id"":[""gac_force_remote_join""],""target_scope"":[""global_query""],""template_id"":[""gac_fdw_tenant_point_rollup""]}","{""dataset_profile_id"":[""pilot-balanced-wide-global-dim-v1""],""dataset_size_class"":[""medium""],""execution_scope"":[""gac_single_edge""],""execution_strategy"":[""fdw_raw""],""physical_strategy_id"":[""tenant_point_no_join_control""],""regional_pg_options_json"":[""{}""],""runtime_config_id"":[""gac_force_remote_join""],""target_scope"":[""global_query""],""template_id"":[""gac_fdw_tenant_point_rollup""]}",2,2,1,1
repartition_colocation,null_join_strategy_intervention,negative_control,,"{""dataset_profile_id"":[""raw-large-balanced-v1""],""dataset_size_class"":[""large""],""execution_scope"":[""gac_single_edge""],""execution_strategy"":[""fdw_raw""],""physical_strategy_id"":[""reference_table_join_control""],""regional_pg_options_json"":[""{}""],""runtime_config_id"":[""gac_force_remote_join""],""target_scope"":[""global_query""],""template_id"":[""gac_fdw_tenant_tier_join""]}","{""dataset_profile_id"":[""raw-large-balanced-v1""],""dataset_size_class"":[""large""],""execution_scope"":[""gac_single_edge""],""execution_strategy"":[""fdw_raw""],""physical_strategy_id"":[""reference_table_join_control""],""regional_pg_options_json"":[""{}""],""runtime_config_id"":[""gac_force_remote_join""],""target_scope"":[""global_query""],""template_id"":[""gac_fdw_tenant_tier_join""]}",2,2,1,1
repartition_colocation,null_join_strategy_intervention,negative_control,,"{""dataset_profile_id"":[""raw-large-balanced-v1""],""dataset_size_class"":[""large""],""execution_scope"":[""gac_single_edge""],""execution_strategy"":[""fdw_raw""],""physical_strategy_id"":[""tenant_point_no_join_control""],""regional_pg_options_json"":[""{}""],""runtime_config_id"":[""gac_force_remote_join""],""target_scope"":[""global_query""],""template_id"":[""gac_fdw_tenant_point_rollup""]}","{""dataset_profile_id"":[""raw-large-balanced-v1""],""dataset_size_class"":[""large""],""execution_scope"":[""gac_single_edge""],""execution_strategy"":[""fdw_raw""],""physical_strategy_id"":[""tenant_point_no_join_control""],""regional_pg_options_json"":[""{}""],""runtime_config_id"":[""gac_force_remote_join""],""target_scope"":[""global_query""],""template_id"":[""gac_fdw_tenant_point_rollup""]}",2,2,1,1
repartition_colocation,null_join_strategy_intervention,negative_control,,"{""dataset_profile_id"":[""raw-large-balanced-wide-global-dim-v1""],""dataset_size_class"":[""large""],""execution_scope"":[""gac_single_edge""],""execution_strategy"":[""fdw_raw""],""physical_strategy_id"":[""reference_table_join_control""],""regional_pg_options_json"":[""{}""],""runtime_config_id"":[""gac_force_remote_join""],""target_scope"":[""global_query""],""template_id"":[""gac_fdw_tenant_tier_join""]}","{""dataset_profile_id"":[""raw-large-balanced-wide-global-dim-v1""],""dataset_size_class"":[""large""],""execution_scope"":[""gac_single_edge""],""execution_strategy"":[""fdw_raw""],""physical_strategy_id"":[""reference_table_join_control""],""regional_pg_options_json"":[""{}""],""runtime_config_id"":[""gac_force_remote_join""],""target_scope"":[""global_query""],""template_id"":[""gac_fdw_tenant_tier_join""]}",2,2,1,1
repartition_colocation,null_join_strategy_intervention,negative_control,,"{""dataset_profile_id"":[""raw-large-balanced-wide-global-dim-v1""],""dataset_size_class"":[""large""],""execution_scope"":[""gac_single_edge""],""execution_strategy"":[""fdw_raw""],""physical_strategy_id"":[""tenant_point_no_join_control""],""regional_pg_options_json"":[""{}""],""runtime_config_id"":[""gac_force_remote_join""],""target_scope"":[""global_query""],""template_id"":[""gac_fdw_tenant_point_rollup""]}","{""dataset_profile_id"":[""raw-large-balanced-wide-global-dim-v1""],""dataset_size_class"":[""large""],""execution_scope"":[""gac_single_edge""],""execution_strategy"":[""fdw_raw""],""physical_strategy_id"":[""tenant_point_no_join_control""],""regional_pg_options_json"":[""{}""],""runtime_config_id"":[""gac_force_remote_join""],""target_scope"":[""global_query""],""template_id"":[""gac_fdw_tenant_point_rollup""]}",2,2,1,1
repartition_colocation,null_join_strategy_intervention,negative_control,,"{""dataset_profile_id"":[""raw-small-balanced-v1""],""dataset_size_class"":[""small""],""execution_scope"":[""gac_single_edge""],""execution_strategy"":[""fdw_raw""],""physical_strategy_id"":[""reference_table_join_control""],""regional_pg_options_json"":[""{}""],""runtime_config_id"":[""gac_force_remote_join""],""target_scope"":[""global_query""],""template_id"":[""gac_fdw_tenant_tier_join""]}","{""dataset_profile_id"":[""raw-small-balanced-v1""],""dataset_size_class"":[""small""],""execution_scope"":[""gac_single_edge""],""execution_strategy"":[""fdw_raw""],""physical_strategy_id"":[""reference_table_join_control""],""regional_pg_options_json"":[""{}""],""runtime_config_id"":[""gac_force_remote_join""],""target_scope"":[""global_query""],""template_id"":[""gac_fdw_tenant_tier_join""]}",2,2,1,1
repartition_colocation,null_join_strategy_intervention,negative_control,,"{""dataset_profile_id"":[""raw-small-balanced-v1""],""dataset_size_class"":[""small""],""execution_scope"":[""gac_single_edge""],""execution_strategy"":[""fdw_raw""],""physical_strategy_id"":[""tenant_point_no_join_control""],""regional_pg_options_json"":[""{}""],""runtime_config_id"":[""gac_force_remote_join""],""target_scope"":[""global_query""],""template_id"":[""gac_fdw_tenant_point_rollup""]}","{""dataset_profile_id"":[""raw-small-balanced-v1""],""dataset_size_class"":[""small""],""execution_scope"":[""gac_single_edge""],""execution_strategy"":[""fdw_raw""],""physical_strategy_id"":[""tenant_point_no_join_control""],""regional_pg_options_json"":[""{}""],""runtime_config_id"":[""gac_force_remote_join""],""target_scope"":[""global_query""],""template_id"":[""gac_fdw_tenant_point_rollup""]}",2,2,1,1
repartition_colocation,null_join_strategy_intervention,negative_control,,"{""dataset_profile_id"":[""raw-small-balanced-wide-global-dim-v1""],""dataset_size_class"":[""small""],""execution_scope"":[""gac_single_edge""],""execution_strategy"":[""fdw_raw""],""physical_strategy_id"":[""reference_table_join_control""],""regional_pg_options_json"":[""{}""],""runtime_config_id"":[""gac_force_remote_join""],""target_scope"":[""global_query""],""template_id"":[""gac_fdw_tenant_tier_join""]}","{""dataset_profile_id"":[""raw-small-balanced-wide-global-dim-v1""],""dataset_size_class"":[""small""],""execution_scope"":[""gac_single_edge""],""execution_strategy"":[""fdw_raw""],""physical_strategy_id"":[""reference_table_join_control""],""regional_pg_options_json"":[""{}""],""runtime_config_id"":[""gac_force_remote_join""],""target_scope"":[""global_query""],""template_id"":[""gac_fdw_tenant_tier_join""]}",2,2,1,1
repartition_colocation,null_join_strategy_intervention,negative_control,,"{""dataset_profile_id"":[""raw-small-balanced-wide-global-dim-v1""],""dataset_size_class"":[""small""],""execution_scope"":[""gac_single_edge""],""execution_strategy"":[""fdw_raw""],""physical_strategy_id"":[""tenant_point_no_join_control""],""regional_pg_options_json"":[""{}""],""runtime_config_id"":[""gac_force_remote_join""],""target_scope"":[""global_query""],""template_id"":[""gac_fdw_tenant_point_rollup""]}","{""dataset_profile_id"":[""raw-small-balanced-wide-global-dim-v1""],""dataset_size_class"":[""small""],""execution_scope"":[""gac_single_edge""],""execution_strategy"":[""fdw_raw""],""physical_strategy_id"":[""tenant_point_no_join_control""],""regional_pg_options_json"":[""{}""],""runtime_config_id"":[""gac_force_remote_join""],""target_scope"":[""global_query""],""template_id"":[""gac_fdw_tenant_point_rollup""]}",2,2,1,1
repartition_colocation,use_colocated_distribution,positive_case,physical_strategy_id|template_id,"{""dataset_profile_id"":[""pilot-balanced-v1""],""dataset_size_class"":[""medium""],""execution_scope"":[""gac_single_edge""],""execution_strategy"":[""fdw_raw""],""physical_strategy_id"":[""repartition_mapmerge_join""],""regional_pg_options_json"":[""{}""],""runtime_config_id"":[""gac_force_remote_join""],""target_scope"":[""global_query""],""template_id"":[""gac_fdw_single_edge_repartition_join_summary_pair""]}","{""dataset_profile_id"":[""pilot-balanced-v1""],""dataset_size_class"":[""medium""],""execution_scope"":[""gac_single_edge""],""execution_strategy"":[""fdw_raw""],""physical_strategy_id"":[""colocated_distributed_join""],""regional_pg_options_json"":[""{}""],""runtime_config_id"":[""gac_force_remote_join""],""target_scope"":[""global_query""],""template_id"":[""gac_fdw_single_edge_colocated_join_summary_pair""]}",3,3,1,1
repartition_colocation,use_colocated_distribution,positive_case,physical_strategy_id|template_id,"{""dataset_profile_id"":[""pilot-balanced-v1""],""dataset_size_class"":[""medium""],""execution_scope"":[""gac_single_edge""],""execution_strategy"":[""fdw_raw""],""physical_strategy_id"":[""repartition_mapmerge_join""],""regional_pg_options_json"":[""{}""],""runtime_config_id"":[""gac_force_remote_join""],""target_scope"":[""global_query""],""template_id"":[""gac_fdw_single_edge_repartition_joined_event_sample_pair""]}","{""dataset_profile_id"":[""pilot-balanced-v1""],""dataset_size_class"":[""medium""],""execution_scope"":[""gac_single_edge""],""execution_strategy"":[""fdw_raw""],""physical_strategy_id"":[""colocated_distributed_join""],""regional_pg_options_json"":[""{}""],""runtime_config_id"":[""gac_force_remote_join""],""target_scope"":[""global_query""],""template_id"":[""gac_fdw_single_edge_colocated_joined_event_sample_pair""]}",3,3,1,1
repartition_colocation,use_colocated_distribution,positive_case,physical_strategy_id|template_id,"{""dataset_profile_id"":[""pilot-balanced-v1""],""dataset_size_class"":[""medium""],""execution_scope"":[""gac_single_edge""],""execution_strategy"":[""fdw_raw""],""physical_strategy_id"":[""repartition_mapmerge_join""],""regional_pg_options_json"":[""{}""],""runtime_config_id"":[""gac_force_remote_join""],""target_scope"":[""global_query""],""template_id"":[""gac_fdw_single_edge_repartition_user_join_pair""]}","{""dataset_profile_id"":[""pilot-balanced-v1""],""dataset_size_class"":[""medium""],""execution_scope"":[""gac_single_edge""],""execution_strategy"":[""fdw_raw""],""physical_strategy_id"":[""colocated_distributed_join""],""regional_pg_options_json"":[""{}""],""runtime_config_id"":[""gac_force_remote_join""],""target_scope"":[""global_query""],""template_id"":[""gac_fdw_single_edge_colocated_user_join_pair""]}",3,3,1,1
repartition_colocation,use_colocated_distribution,positive_case,physical_strategy_id|template_id,"{""dataset_profile_id"":[""pilot-balanced-v1""],""dataset_size_class"":[""medium""],""execution_scope"":[""gac_single_edge""],""execution_strategy"":[""fdw_raw""],""physical_strategy_id"":[""repartition_mapmerge_join""],""regional_pg_options_json"":[""{}""],""runtime_config_id"":[""gac_force_remote_join""],""target_scope"":[""global_query""],""template_id"":[""gac_fdw_single_edge_repartition_user_join_pair""]}","{""dataset_profile_id"":[""pilot-balanced-v1""],""dataset_size_class"":[""medium""],""execution_scope"":[""gac_single_edge""],""execution_strategy"":[""fdw_raw""],""physical_strategy_id"":[""router_colocated_join""],""regional_pg_options_json"":[""{}""],""runtime_config_id"":[""gac_force_remote_join""],""target_scope"":[""global_query""],""template_id"":[""gac_fdw_single_edge_colocated_user_join_pair""]}",1,1,1,1
repartition_colocation,use_colocated_distribution,positive_case,physical_strategy_id|template_id,"{""dataset_profile_id"":[""pilot-balanced-v1""],""dataset_size_class"":[""medium""],""execution_scope"":[""gac_single_edge""],""execution_strategy"":[""fdw_raw""],""physical_strategy_id"":[""repartition_mapmerge_join""],""regional_pg_options_json"":[""{}""],""runtime_config_id"":[""gac_force_remote_join""],""target_scope"":[""global_query""],""template_id"":[""gac_fdw_single_edge_repartition_user_value_topk_pair""]}","{""dataset_profile_id"":[""pilot-balanced-v1""],""dataset_size_class"":[""medium""],""execution_scope"":[""gac_single_edge""],""execution_strategy"":[""fdw_raw""],""physical_strategy_id"":[""colocated_distributed_join""],""regional_pg_options_json"":[""{}""],""runtime_config_id"":[""gac_force_remote_join""],""target_scope"":[""global_query""],""template_id"":[""gac_fdw_single_edge_colocated_user_value_topk_pair""]}",3,3,1,1
repartition_colocation,use_colocated_distribution,positive_case,physical_strategy_id|template_id,"{""dataset_profile_id"":[""pilot-balanced-wide-global-dim-v1""],""dataset_size_class"":[""medium""],""execution_scope"":[""gac_single_edge""],""execution_strategy"":[""fdw_raw""],""physical_strategy_id"":[""repartition_mapmerge_join""],""regional_pg_options_json"":[""{}""],""runtime_config_id"":[""gac_force_remote_join""],""target_scope"":[""global_query""],""template_id"":[""gac_fdw_single_edge_repartition_join_summary_pair""]}","{""dataset_profile_id"":[""pilot-balanced-wide-global-dim-v1""],""dataset_size_class"":[""medium""],""execution_scope"":[""gac_single_edge""],""execution_strategy"":[""fdw_raw""],""physical_strategy_id"":[""colocated_distributed_join""],""regional_pg_options_json"":[""{}""],""runtime_config_id"":[""gac_force_remote_join""],""target_scope"":[""global_query""],""template_id"":[""gac_fdw_single_edge_colocated_join_summary_pair""]}",3,3,1,1
repartition_colocation,use_colocated_distribution,positive_case,physical_strategy_id|template_id,"{""dataset_profile_id"":[""pilot-balanced-wide-global-dim-v1""],""dataset_size_class"":[""medium""],""execution_scope"":[""gac_single_edge""],""execution_strategy"":[""fdw_raw""],""physical_strategy_id"":[""repartition_mapmerge_join""],""regional_pg_options_json"":[""{}""],""runtime_config_id"":[""gac_force_remote_join""],""target_scope"":[""global_query""],""template_id"":[""gac_fdw_single_edge_repartition_joined_event_sample_pair""]}","{""dataset_profile_id"":[""pilot-balanced-wide-global-dim-v1""],""dataset_size_class"":[""medium""],""execution_scope"":[""gac_single_edge""],""execution_strategy"":[""fdw_raw""],""physical_strategy_id"":[""colocated_distributed_join""],""regional_pg_options_json"":[""{}""],""runtime_config_id"":[""gac_force_remote_join""],""target_scope"":[""global_query""],""template_id"":[""gac_fdw_single_edge_colocated_joined_event_sample_pair""]}",3,3,1,1
repartition_colocation,use_colocated_distribution,positive_case,physical_strategy_id|template_id,"{""dataset_profile_id"":[""pilot-balanced-wide-global-dim-v1""],""dataset_size_class"":[""medium""],""execution_scope"":[""gac_single_edge""],""execution_strategy"":[""fdw_raw""],""physical_strategy_id"":[""repartition_mapmerge_join""],""regional_pg_options_json"":[""{}""],""runtime_config_id"":[""gac_force_remote_join""],""target_scope"":[""global_query""],""template_id"":[""gac_fdw_single_edge_repartition_user_join_pair""]}","{""dataset_profile_id"":[""pilot-balanced-wide-global-dim-v1""],""dataset_size_class"":[""medium""],""execution_scope"":[""gac_single_edge""],""execution_strategy"":[""fdw_raw""],""physical_strategy_id"":[""colocated_distributed_join""],""regional_pg_options_json"":[""{}""],""runtime_config_id"":[""gac_force_remote_join""],""target_scope"":[""global_query""],""template_id"":[""gac_fdw_single_edge_colocated_user_join_pair""]}",3,3,1,1
repartition_colocation,use_colocated_distribution,positive_case,physical_strategy_id|template_id,"{""dataset_profile_id"":[""pilot-balanced-wide-global-dim-v1""],""dataset_size_class"":[""medium""],""execution_scope"":[""gac_single_edge""],""execution_strategy"":[""fdw_raw""],""physical_strategy_id"":[""repartition_mapmerge_join""],""regional_pg_options_json"":[""{}""],""runtime_config_id"":[""gac_force_remote_join""],""target_scope"":[""global_query""],""template_id"":[""gac_fdw_single_edge_repartition_user_value_topk_pair""]}","{""dataset_profile_id"":[""pilot-balanced-wide-global-dim-v1""],""dataset_size_class"":[""medium""],""execution_scope"":[""gac_single_edge""],""execution_strategy"":[""fdw_raw""],""physical_strategy_id"":[""colocated_distributed_join""],""regional_pg_options_json"":[""{}""],""runtime_config_id"":[""gac_force_remote_join""],""target_scope"":[""global_query""],""template_id"":[""gac_fdw_single_edge_colocated_user_value_topk_pair""]}",3,3,1,1
repartition_colocation,use_colocated_distribution,positive_case,physical_strategy_id|template_id,"{""dataset_profile_id"":[""raw-large-balanced-v1""],""dataset_size_class"":[""large""],""execution_scope"":[""gac_single_edge""],""execution_strategy"":[""fdw_raw""],""physical_strategy_id"":[""repartition_mapmerge_join""],""regional_pg_options_json"":[""{}""],""runtime_config_id"":[""gac_force_remote_join""],""target_scope"":[""global_query""],""template_id"":[""gac_fdw_single_edge_repartition_join_summary_pair""]}","{""dataset_profile_id"":[""raw-large-balanced-v1""],""dataset_size_class"":[""large""],""execution_scope"":[""gac_single_edge""],""execution_strategy"":[""fdw_raw""],""physical_strategy_id"":[""colocated_distributed_join""],""regional_pg_options_json"":[""{}""],""runtime_config_id"":[""gac_force_remote_join""],""target_scope"":[""global_query""],""template_id"":[""gac_fdw_single_edge_colocated_join_summary_pair""]}",3,3,1,1
repartition_colocation,use_colocated_distribution,positive_case,physical_strategy_id|template_id,"{""dataset_profile_id"":[""raw-large-balanced-v1""],""dataset_size_class"":[""large""],""execution_scope"":[""gac_single_edge""],""execution_strategy"":[""fdw_raw""],""physical_strategy_id"":[""repartition_mapmerge_join""],""regional_pg_options_json"":[""{}""],""runtime_config_id"":[""gac_force_remote_join""],""target_scope"":[""global_query""],""template_id"":[""gac_fdw_single_edge_repartition_joined_event_sample_pair""]}","{""dataset_profile_id"":[""raw-large-balanced-v1""],""dataset_size_class"":[""large""],""execution_scope"":[""gac_single_edge""],""execution_strategy"":[""fdw_raw""],""physical_strategy_id"":[""colocated_distributed_join""],""regional_pg_options_json"":[""{}""],""runtime_config_id"":[""gac_force_remote_join""],""target_scope"":[""global_query""],""template_id"":[""gac_fdw_single_edge_colocated_joined_event_sample_pair""]}",3,3,1,1
repartition_colocation,use_colocated_distribution,positive_case,physical_strategy_id|template_id,"{""dataset_profile_id"":[""raw-large-balanced-v1""],""dataset_size_class"":[""large""],""execution_scope"":[""gac_single_edge""],""execution_strategy"":[""fdw_raw""],""physical_strategy_id"":[""repartition_mapmerge_join""],""regional_pg_options_json"":[""{}""],""runtime_config_id"":[""gac_force_remote_join""],""target_scope"":[""global_query""],""template_id"":[""gac_fdw_single_edge_repartition_user_join_pair""]}","{""dataset_profile_id"":[""raw-large-balanced-v1""],""dataset_size_class"":[""large""],""execution_scope"":[""gac_single_edge""],""execution_strategy"":[""fdw_raw""],""physical_strategy_id"":[""colocated_distributed_join""],""regional_pg_options_json"":[""{}""],""runtime_config_id"":[""gac_force_remote_join""],""target_scope"":[""global_query""],""template_id"":[""gac_fdw_single_edge_colocated_user_join_pair""]}",3,3,1,1
repartition_colocation,use_colocated_distribution,positive_case,physical_strategy_id|template_id,"{""dataset_profile_id"":[""raw-large-balanced-v1""],""dataset_size_class"":[""large""],""execution_scope"":[""gac_single_edge""],""execution_strategy"":[""fdw_raw""],""physical_strategy_id"":[""repartition_mapmerge_join""],""regional_pg_options_json"":[""{}""],""runtime_config_id"":[""gac_force_remote_join""],""target_scope"":[""global_query""],""template_id"":[""gac_fdw_single_edge_repartition_user_join_pair""]}","{""dataset_profile_id"":[""raw-large-balanced-v1""],""dataset_size_class"":[""large""],""execution_scope"":[""gac_single_edge""],""execution_strategy"":[""fdw_raw""],""physical_strategy_id"":[""router_colocated_join""],""regional_pg_options_json"":[""{}""],""runtime_config_id"":[""gac_force_remote_join""],""target_scope"":[""global_query""],""template_id"":[""gac_fdw_single_edge_colocated_user_join_pair""]}",1,1,1,1
repartition_colocation,use_colocated_distribution,positive_case,physical_strategy_id|template_id,"{""dataset_profile_id"":[""raw-large-balanced-v1""],""dataset_size_class"":[""large""],""execution_scope"":[""gac_single_edge""],""execution_strategy"":[""fdw_raw""],""physical_strategy_id"":[""repartition_mapmerge_join""],""regional_pg_options_json"":[""{}""],""runtime_config_id"":[""gac_force_remote_join""],""target_scope"":[""global_query""],""template_id"":[""gac_fdw_single_edge_repartition_user_value_topk_pair""]}","{""dataset_profile_id"":[""raw-large-balanced-v1""],""dataset_size_class"":[""large""],""execution_scope"":[""gac_single_edge""],""execution_strategy"":[""fdw_raw""],""physical_strategy_id"":[""colocated_distributed_join""],""regional_pg_options_json"":[""{}""],""runtime_config_id"":[""gac_force_remote_join""],""target_scope"":[""global_query""],""template_id"":[""gac_fdw_single_edge_colocated_user_value_topk_pair""]}",3,3,1,1
repartition_colocation,use_colocated_distribution,positive_case,physical_strategy_id|template_id,"{""dataset_profile_id"":[""raw-large-balanced-wide-global-dim-v1""],""dataset_size_class"":[""large""],""execution_scope"":[""gac_single_edge""],""execution_strategy"":[""fdw_raw""],""physical_strategy_id"":[""repartition_mapmerge_join""],""regional_pg_options_json"":[""{}""],""runtime_config_id"":[""gac_force_remote_join""],""target_scope"":[""global_query""],""template_id"":[""gac_fdw_single_edge_repartition_join_summary_pair""]}","{""dataset_profile_id"":[""raw-large-balanced-wide-global-dim-v1""],""dataset_size_class"":[""large""],""execution_scope"":[""gac_single_edge""],""execution_strategy"":[""fdw_raw""],""physical_strategy_id"":[""colocated_distributed_join""],""regional_pg_options_json"":[""{}""],""runtime_config_id"":[""gac_force_remote_join""],""target_scope"":[""global_query""],""template_id"":[""gac_fdw_single_edge_colocated_join_summary_pair""]}",3,3,1,1
repartition_colocation,use_colocated_distribution,positive_case,physical_strategy_id|template_id,"{""dataset_profile_id"":[""raw-large-balanced-wide-global-dim-v1""],""dataset_size_class"":[""large""],""execution_scope"":[""gac_single_edge""],""execution_strategy"":[""fdw_raw""],""physical_strategy_id"":[""repartition_mapmerge_join""],""regional_pg_options_json"":[""{}""],""runtime_config_id"":[""gac_force_remote_join""],""target_scope"":[""global_query""],""template_id"":[""gac_fdw_single_edge_repartition_joined_event_sample_pair""]}","{""dataset_profile_id"":[""raw-large-balanced-wide-global-dim-v1""],""dataset_size_class"":[""large""],""execution_scope"":[""gac_single_edge""],""execution_strategy"":[""fdw_raw""],""physical_strategy_id"":[""colocated_distributed_join""],""regional_pg_options_json"":[""{}""],""runtime_config_id"":[""gac_force_remote_join""],""target_scope"":[""global_query""],""template_id"":[""gac_fdw_single_edge_colocated_joined_event_sample_pair""]}",3,3,1,1
repartition_colocation,use_colocated_distribution,positive_case,physical_strategy_id|template_id,"{""dataset_profile_id"":[""raw-large-balanced-wide-global-dim-v1""],""dataset_size_class"":[""large""],""execution_scope"":[""gac_single_edge""],""execution_strategy"":[""fdw_raw""],""physical_strategy_id"":[""repartition_mapmerge_join""],""regional_pg_options_json"":[""{}""],""runtime_config_id"":[""gac_force_remote_join""],""target_scope"":[""global_query""],""template_id"":[""gac_fdw_single_edge_repartition_user_join_pair""]}","{""dataset_profile_id"":[""raw-large-balanced-wide-global-dim-v1""],""dataset_size_class"":[""large""],""execution_scope"":[""gac_single_edge""],""execution_strategy"":[""fdw_raw""],""physical_strategy_id"":[""colocated_distributed_join""],""regional_pg_options_json"":[""{}""],""runtime_config_id"":[""gac_force_remote_join""],""target_scope"":[""global_query""],""template_id"":[""gac_fdw_single_edge_colocated_user_join_pair""]}",3,3,1,1
repartition_colocation,use_colocated_distribution,positive_case,physical_strategy_id|template_id,"{""dataset_profile_id"":[""raw-large-balanced-wide-global-dim-v1""],""dataset_size_class"":[""large""],""execution_scope"":[""gac_single_edge""],""execution_strategy"":[""fdw_raw""],""physical_strategy_id"":[""repartition_mapmerge_join""],""regional_pg_options_json"":[""{}""],""runtime_config_id"":[""gac_force_remote_join""],""target_scope"":[""global_query""],""template_id"":[""gac_fdw_single_edge_repartition_user_value_topk_pair""]}","{""dataset_profile_id"":[""raw-large-balanced-wide-global-dim-v1""],""dataset_size_class"":[""large""],""execution_scope"":[""gac_single_edge""],""execution_strategy"":[""fdw_raw""],""physical_strategy_id"":[""colocated_distributed_join""],""regional_pg_options_json"":[""{}""],""runtime_config_id"":[""gac_force_remote_join""],""target_scope"":[""global_query""],""template_id"":[""gac_fdw_single_edge_colocated_user_value_topk_pair""]}",3,3,1,1
repartition_colocation,use_colocated_distribution,positive_case,physical_strategy_id|template_id,"{""dataset_profile_id"":[""raw-small-balanced-v1""],""dataset_size_class"":[""small""],""execution_scope"":[""gac_single_edge""],""execution_strategy"":[""fdw_raw""],""physical_strategy_id"":[""repartition_mapmerge_join""],""regional_pg_options_json"":[""{}""],""runtime_config_id"":[""gac_force_remote_join""],""target_scope"":[""global_query""],""template_id"":[""gac_fdw_single_edge_repartition_join_summary_pair""]}","{""dataset_profile_id"":[""raw-small-balanced-v1""],""dataset_size_class"":[""small""],""execution_scope"":[""gac_single_edge""],""execution_strategy"":[""fdw_raw""],""physical_strategy_id"":[""colocated_distributed_join""],""regional_pg_options_json"":[""{}""],""runtime_config_id"":[""gac_force_remote_join""],""target_scope"":[""global_query""],""template_id"":[""gac_fdw_single_edge_colocated_join_summary_pair""]}",3,3,1,1
repartition_colocation,use_colocated_distribution,positive_case,physical_strategy_id|template_id,"{""dataset_profile_id"":[""raw-small-balanced-v1""],""dataset_size_class"":[""small""],""execution_scope"":[""gac_single_edge""],""execution_strategy"":[""fdw_raw""],""physical_strategy_id"":[""repartition_mapmerge_join""],""regional_pg_options_json"":[""{}""],""runtime_config_id"":[""gac_force_remote_join""],""target_scope"":[""global_query""],""template_id"":[""gac_fdw_single_edge_repartition_joined_event_sample_pair""]}","{""dataset_profile_id"":[""raw-small-balanced-v1""],""dataset_size_class"":[""small""],""execution_scope"":[""gac_single_edge""],""execution_strategy"":[""fdw_raw""],""physical_strategy_id"":[""colocated_distributed_join""],""regional_pg_options_json"":[""{}""],""runtime_config_id"":[""gac_force_remote_join""],""target_scope"":[""global_query""],""template_id"":[""gac_fdw_single_edge_colocated_joined_event_sample_pair""]}",3,3,1,1
repartition_colocation,use_colocated_distribution,positive_case,physical_strategy_id|template_id,"{""dataset_profile_id"":[""raw-small-balanced-v1""],""dataset_size_class"":[""small""],""execution_scope"":[""gac_single_edge""],""execution_strategy"":[""fdw_raw""],""physical_strategy_id"":[""repartition_mapmerge_join""],""regional_pg_options_json"":[""{}""],""runtime_config_id"":[""gac_force_remote_join""],""target_scope"":[""global_query""],""template_id"":[""gac_fdw_single_edge_repartition_user_join_pair""]}","{""dataset_profile_id"":[""raw-small-balanced-v1""],""dataset_size_class"":[""small""],""execution_scope"":[""gac_single_edge""],""execution_strategy"":[""fdw_raw""],""physical_strategy_id"":[""colocated_distributed_join""],""regional_pg_options_json"":[""{}""],""runtime_config_id"":[""gac_force_remote_join""],""target_scope"":[""global_query""],""template_id"":[""gac_fdw_single_edge_colocated_user_join_pair""]}",3,3,1,1
repartition_colocation,use_colocated_distribution,positive_case,physical_strategy_id|template_id,"{""dataset_profile_id"":[""raw-small-balanced-v1""],""dataset_size_class"":[""small""],""execution_scope"":[""gac_single_edge""],""execution_strategy"":[""fdw_raw""],""physical_strategy_id"":[""repartition_mapmerge_join""],""regional_pg_options_json"":[""{}""],""runtime_config_id"":[""gac_force_remote_join""],""target_scope"":[""global_query""],""template_id"":[""gac_fdw_single_edge_repartition_user_join_pair""]}","{""dataset_profile_id"":[""raw-small-balanced-v1""],""dataset_size_class"":[""small""],""execution_scope"":[""gac_single_edge""],""execution_strategy"":[""fdw_raw""],""physical_strategy_id"":[""router_colocated_join""],""regional_pg_options_json"":[""{}""],""runtime_config_id"":[""gac_force_remote_join""],""target_scope"":[""global_query""],""template_id"":[""gac_fdw_single_edge_colocated_user_join_pair""]}",1,1,1,1
repartition_colocation,use_colocated_distribution,positive_case,physical_strategy_id|template_id,"{""dataset_profile_id"":[""raw-small-balanced-v1""],""dataset_size_class"":[""small""],""execution_scope"":[""gac_single_edge""],""execution_strategy"":[""fdw_raw""],""physical_strategy_id"":[""repartition_mapmerge_join""],""regional_pg_options_json"":[""{}""],""runtime_config_id"":[""gac_force_remote_join""],""target_scope"":[""global_query""],""template_id"":[""gac_fdw_single_edge_repartition_user_value_topk_pair""]}","{""dataset_profile_id"":[""raw-small-balanced-v1""],""dataset_size_class"":[""small""],""execution_scope"":[""gac_single_edge""],""execution_strategy"":[""fdw_raw""],""physical_strategy_id"":[""colocated_distributed_join""],""regional_pg_options_json"":[""{}""],""runtime_config_id"":[""gac_force_remote_join""],""target_scope"":[""global_query""],""template_id"":[""gac_fdw_single_edge_colocated_user_value_topk_pair""]}",3,3,1,1
repartition_colocation,use_colocated_distribution,positive_case,physical_strategy_id|template_id,"{""dataset_profile_id"":[""raw-small-balanced-wide-global-dim-v1""],""dataset_size_class"":[""small""],""execution_scope"":[""gac_single_edge""],""execution_strategy"":[""fdw_raw""],""physical_strategy_id"":[""repartition_mapmerge_join""],""regional_pg_options_json"":[""{}""],""runtime_config_id"":[""gac_force_remote_join""],""target_scope"":[""global_query""],""template_id"":[""gac_fdw_single_edge_repartition_join_summary_pair""]}","{""dataset_profile_id"":[""raw-small-balanced-wide-global-dim-v1""],""dataset_size_class"":[""small""],""execution_scope"":[""gac_single_edge""],""execution_strategy"":[""fdw_raw""],""physical_strategy_id"":[""colocated_distributed_join""],""regional_pg_options_json"":[""{}""],""runtime_config_id"":[""gac_force_remote_join""],""target_scope"":[""global_query""],""template_id"":[""gac_fdw_single_edge_colocated_join_summary_pair""]}",3,3,1,1
repartition_colocation,use_colocated_distribution,positive_case,physical_strategy_id|template_id,"{""dataset_profile_id"":[""raw-small-balanced-wide-global-dim-v1""],""dataset_size_class"":[""small""],""execution_scope"":[""gac_single_edge""],""execution_strategy"":[""fdw_raw""],""physical_strategy_id"":[""repartition_mapmerge_join""],""regional_pg_options_json"":[""{}""],""runtime_config_id"":[""gac_force_remote_join""],""target_scope"":[""global_query""],""template_id"":[""gac_fdw_single_edge_repartition_joined_event_sample_pair""]}","{""dataset_profile_id"":[""raw-small-balanced-wide-global-dim-v1""],""dataset_size_class"":[""small""],""execution_scope"":[""gac_single_edge""],""execution_strategy"":[""fdw_raw""],""physical_strategy_id"":[""colocated_distributed_join""],""regional_pg_options_json"":[""{}""],""runtime_config_id"":[""gac_force_remote_join""],""target_scope"":[""global_query""],""template_id"":[""gac_fdw_single_edge_colocated_joined_event_sample_pair""]}",3,3,1,1
repartition_colocation,use_colocated_distribution,positive_case,physical_strategy_id|template_id,"{""dataset_profile_id"":[""raw-small-balanced-wide-global-dim-v1""],""dataset_size_class"":[""small""],""execution_scope"":[""gac_single_edge""],""execution_strategy"":[""fdw_raw""],""physical_strategy_id"":[""repartition_mapmerge_join""],""regional_pg_options_json"":[""{}""],""runtime_config_id"":[""gac_force_remote_join""],""target_scope"":[""global_query""],""template_id"":[""gac_fdw_single_edge_repartition_user_join_pair""]}","{""dataset_profile_id"":[""raw-small-balanced-wide-global-dim-v1""],""dataset_size_class"":[""small""],""execution_scope"":[""gac_single_edge""],""execution_strategy"":[""fdw_raw""],""physical_strategy_id"":[""colocated_distributed_join""],""regional_pg_options_json"":[""{}""],""runtime_config_id"":[""gac_force_remote_join""],""target_scope"":[""global_query""],""template_id"":[""gac_fdw_single_edge_colocated_user_join_pair""]}",3,3,1,1
repartition_colocation,use_colocated_distribution,positive_case,physical_strategy_id|template_id,"{""dataset_profile_id"":[""raw-small-balanced-wide-global-dim-v1""],""dataset_size_class"":[""small""],""execution_scope"":[""gac_single_edge""],""execution_strategy"":[""fdw_raw""],""physical_strategy_id"":[""repartition_mapmerge_join""],""regional_pg_options_json"":[""{}""],""runtime_config_id"":[""gac_force_remote_join""],""target_scope"":[""global_query""],""template_id"":[""gac_fdw_single_edge_repartition_user_value_topk_pair""]}","{""dataset_profile_id"":[""raw-small-balanced-wide-global-dim-v1""],""dataset_size_class"":[""small""],""execution_scope"":[""gac_single_edge""],""execution_strategy"":[""fdw_raw""],""physical_strategy_id"":[""colocated_distributed_join""],""regional_pg_options_json"":[""{}""],""runtime_config_id"":[""gac_force_remote_join""],""target_scope"":[""global_query""],""template_id"":[""gac_fdw_single_edge_colocated_user_value_topk_pair""]}",3,3,1,1
