instance_id,template_id,param_json,rendered_sql_path,expected_shape_tags,corpus_id,corpus_cell_id,logical_question_id,execution_strategy,dataset_profile_id,runtime_config_id,topology_id,intervention_role,intervention_axis,expected_regime_targets,execution_class,runtime_sensitivity,required_dataset_capabilities,distribution_key_usage,intervention_roles,cache_policy,order_policy,shuffle_seed,warmup_run_flag,repetition_index,run_order
single_tenant_tier_join_default__dataset-pilot-balanced-v1__runtime-default__q05_tenant_tier_daily_join__lookback_days-7,q05_tenant_tier_daily_join,"{""lookback_days"": 7}",master-regimes/generated/corpus/clean-run-v1/groups/clean-run-eu-us-gac-v1__pilot-balanced-v1__default__coordinators/queries/single_tenant_tier_join_default__dataset-pilot-balanced-v1__runtime-default__q05_tenant_tier_daily_join__lookback_days-7.sql,"reference_join,daily_group_by,distributed_aggregate",clean-run-eu-us-gac-v1,single_tenant_tier_join_default__dataset-pilot-balanced-v1__runtime-default,tenant_tier_daily_join,single_region_citus,pilot-balanced-v1,default,eu_us_gac,baseline,,well_reduced_localized,pilot,"{""fetch_size"":""none"",""wan_latency"":""none"",""work_mem"":""high""}",,,,mixed_cache_first_observed,deterministic_shuffle,20260626,false,0,1
single_tenant_point_default__dataset-pilot-balanced-v1__runtime-default__q04_tenant_point_rollup__tenant_id-1000__lookback_days-30,q04_tenant_point_rollup,"{""lookback_days"": 30, ""tenant_id"": 1000}",master-regimes/generated/corpus/clean-run-v1/groups/clean-run-eu-us-gac-v1__pilot-balanced-v1__default__coordinators/queries/single_tenant_point_default__dataset-pilot-balanced-v1__runtime-default__q04_tenant_point_rollup__tenant_id-1000__lookback_days-30.sql,"tenant_filter,shard_pruning_candidate,local_aggregate",clean-run-eu-us-gac-v1,single_tenant_point_default__dataset-pilot-balanced-v1__runtime-default,tenant_point_rollup,single_region_citus,pilot-balanced-v1,default,eu_us_gac,negative_control,,well_reduced_localized,pilot,"{""fetch_size"":""none"",""wan_latency"":""none"",""work_mem"":""none""}",,,,mixed_cache_first_observed,deterministic_shuffle,20260626,false,0,2
single_daily_rollup_default__dataset-pilot-balanced-v1__runtime-default__q01_tenant_rollup__lookback_days-14__min_value-0,q01_tenant_rollup,"{""lookback_days"": 14, ""min_value"": 0}",master-regimes/generated/corpus/clean-run-v1/groups/clean-run-eu-us-gac-v1__pilot-balanced-v1__default__coordinators/queries/single_daily_rollup_default__dataset-pilot-balanced-v1__runtime-default__q01_tenant_rollup__lookback_days-14__min_value-0.sql,"regional_reduction,low_global_fanin",clean-run-eu-us-gac-v1,single_daily_rollup_default__dataset-pilot-balanced-v1__runtime-default,daily_tenant_rollup,single_region_citus,pilot-balanced-v1,default,eu_us_gac,baseline,,well_reduced_localized,pilot,"{""fetch_size"":""none"",""wan_latency"":""none"",""work_mem"":""low""}",supports_reference_join,,,mixed_cache_first_observed,deterministic_shuffle,20260626,false,0,3
single_tenant_tier_join_default__dataset-pilot-balanced-v1__runtime-default__q05_tenant_tier_daily_join__lookback_days-1,q05_tenant_tier_daily_join,"{""lookback_days"": 1}",master-regimes/generated/corpus/clean-run-v1/groups/clean-run-eu-us-gac-v1__pilot-balanced-v1__default__coordinators/queries/single_tenant_tier_join_default__dataset-pilot-balanced-v1__runtime-default__q05_tenant_tier_daily_join__lookback_days-1.sql,"reference_join,daily_group_by,distributed_aggregate",clean-run-eu-us-gac-v1,single_tenant_tier_join_default__dataset-pilot-balanced-v1__runtime-default,tenant_tier_daily_join,single_region_citus,pilot-balanced-v1,default,eu_us_gac,baseline,,well_reduced_localized,pilot,"{""fetch_size"":""none"",""wan_latency"":""none"",""work_mem"":""high""}",,,,mixed_cache_first_observed,deterministic_shuffle,20260626,false,0,4
single_top_tenants_default__dataset-pilot-balanced-v1__runtime-default__q10_top_tenants__lookback_days-30__limit_k-10,q10_top_tenants,"{""limit_k"": 10, ""lookback_days"": 30}",master-regimes/generated/corpus/clean-run-v1/groups/clean-run-eu-us-gac-v1__pilot-balanced-v1__default__coordinators/queries/single_top_tenants_default__dataset-pilot-balanced-v1__runtime-default__q10_top_tenants__lookback_days-30__limit_k-10.sql,"topk,final_ordering,high_group_cardinality",clean-run-eu-us-gac-v1,single_top_tenants_default__dataset-pilot-balanced-v1__runtime-default,top_tenants,single_region_citus,pilot-balanced-v1,default,eu_us_gac,baseline,,gac_finalization_heavy,pilot,"{""fetch_size"":""none"",""wan_latency"":""none"",""work_mem"":""high""}",,,baseline,mixed_cache_first_observed,deterministic_shuffle,20260626,false,0,5
single_daily_rollup_default__dataset-pilot-balanced-v1__runtime-default__q01_tenant_rollup__lookback_days-1__min_value-100,q01_tenant_rollup,"{""lookback_days"": 1, ""min_value"": 100}",master-regimes/generated/corpus/clean-run-v1/groups/clean-run-eu-us-gac-v1__pilot-balanced-v1__default__coordinators/queries/single_daily_rollup_default__dataset-pilot-balanced-v1__runtime-default__q01_tenant_rollup__lookback_days-1__min_value-100.sql,"regional_reduction,low_global_fanin",clean-run-eu-us-gac-v1,single_daily_rollup_default__dataset-pilot-balanced-v1__runtime-default,daily_tenant_rollup,single_region_citus,pilot-balanced-v1,default,eu_us_gac,baseline,,well_reduced_localized,pilot,"{""fetch_size"":""none"",""wan_latency"":""none"",""work_mem"":""low""}",supports_reference_join,,,mixed_cache_first_observed,deterministic_shuffle,20260626,false,0,6
single_top_tenants_default__dataset-pilot-balanced-v1__runtime-default__q10_top_tenants__lookback_days-3__limit_k-10,q10_top_tenants,"{""limit_k"": 10, ""lookback_days"": 3}",master-regimes/generated/corpus/clean-run-v1/groups/clean-run-eu-us-gac-v1__pilot-balanced-v1__default__coordinators/queries/single_top_tenants_default__dataset-pilot-balanced-v1__runtime-default__q10_top_tenants__lookback_days-3__limit_k-10.sql,"topk,final_ordering,high_group_cardinality",clean-run-eu-us-gac-v1,single_top_tenants_default__dataset-pilot-balanced-v1__runtime-default,top_tenants,single_region_citus,pilot-balanced-v1,default,eu_us_gac,baseline,,gac_finalization_heavy,pilot,"{""fetch_size"":""none"",""wan_latency"":""none"",""work_mem"":""high""}",,,baseline,mixed_cache_first_observed,deterministic_shuffle,20260626,false,0,7
single_tenant_point_default__dataset-pilot-balanced-v1__runtime-default__q04_tenant_point_rollup__tenant_id-10__lookback_days-1,q04_tenant_point_rollup,"{""lookback_days"": 1, ""tenant_id"": 10}",master-regimes/generated/corpus/clean-run-v1/groups/clean-run-eu-us-gac-v1__pilot-balanced-v1__default__coordinators/queries/single_tenant_point_default__dataset-pilot-balanced-v1__runtime-default__q04_tenant_point_rollup__tenant_id-10__lookback_days-1.sql,"tenant_filter,shard_pruning_candidate,local_aggregate",clean-run-eu-us-gac-v1,single_tenant_point_default__dataset-pilot-balanced-v1__runtime-default,tenant_point_rollup,single_region_citus,pilot-balanced-v1,default,eu_us_gac,negative_control,,well_reduced_localized,pilot,"{""fetch_size"":""none"",""wan_latency"":""none"",""work_mem"":""none""}",,,,mixed_cache_first_observed,deterministic_shuffle,20260626,false,0,8
single_user_value_default__dataset-pilot-balanced-v1__runtime-default__q02_global_user_topk__lookback_days-3__limit_k-10,q02_global_user_topk,"{""limit_k"": 10, ""lookback_days"": 3}",master-regimes/generated/corpus/clean-run-v1/groups/clean-run-eu-us-gac-v1__pilot-balanced-v1__default__coordinators/queries/single_user_value_default__dataset-pilot-balanced-v1__runtime-default__q02_global_user_topk__lookback_days-3__limit_k-10.sql,"high_group_cardinality,final_ordering,topk",clean-run-eu-us-gac-v1,single_user_value_default__dataset-pilot-balanced-v1__runtime-default,user_value_topk,single_region_citus,pilot-balanced-v1,default,eu_us_gac,baseline,,gac_finalization_heavy,pilot,"{""fetch_size"":""none"",""wan_latency"":""none"",""work_mem"":""high""}",supports_high_group_cardinality,,,mixed_cache_first_observed,deterministic_shuffle,20260626,false,0,9
single_event_filter_default__dataset-pilot-balanced-v1__runtime-default__q03_event_filter_summary__lookback_days-7__min_value-500,q03_event_filter_summary,"{""lookback_days"": 7, ""min_value"": 500}",master-regimes/generated/corpus/clean-run-v1/groups/clean-run-eu-us-gac-v1__pilot-balanced-v1__default__coordinators/queries/single_event_filter_default__dataset-pilot-balanced-v1__runtime-default__q03_event_filter_summary__lookback_days-7__min_value-500.sql,"selective_filter,scan_pressure,aggregate",clean-run-eu-us-gac-v1,single_event_filter_default__dataset-pilot-balanced-v1__runtime-default,event_filter_summary,single_region_citus,pilot-balanced-v1,default,eu_us_gac,baseline,,well_reduced_localized,pilot,"{""fetch_size"":""none"",""wan_latency"":""none"",""work_mem"":""none""}",,,,mixed_cache_first_observed,deterministic_shuffle,20260626,false,0,10
single_daily_rollup_default__dataset-pilot-balanced-v1__runtime-default__q01_tenant_rollup__lookback_days-14__min_value-100,q01_tenant_rollup,"{""lookback_days"": 14, ""min_value"": 100}",master-regimes/generated/corpus/clean-run-v1/groups/clean-run-eu-us-gac-v1__pilot-balanced-v1__default__coordinators/queries/single_daily_rollup_default__dataset-pilot-balanced-v1__runtime-default__q01_tenant_rollup__lookback_days-14__min_value-100.sql,"regional_reduction,low_global_fanin",clean-run-eu-us-gac-v1,single_daily_rollup_default__dataset-pilot-balanced-v1__runtime-default,daily_tenant_rollup,single_region_citus,pilot-balanced-v1,default,eu_us_gac,baseline,,well_reduced_localized,pilot,"{""fetch_size"":""none"",""wan_latency"":""none"",""work_mem"":""low""}",supports_reference_join,,,mixed_cache_first_observed,deterministic_shuffle,20260626,false,0,11
single_global_user_default__dataset-pilot-balanced-v1__runtime-default__q07_global_user_segment_join__lookback_days-3__limit_k-10,q07_global_user_segment_join,"{""limit_k"": 10, ""lookback_days"": 3}",master-regimes/generated/corpus/clean-run-v1/groups/clean-run-eu-us-gac-v1__pilot-balanced-v1__default__coordinators/queries/single_global_user_default__dataset-pilot-balanced-v1__runtime-default__q07_global_user_segment_join__lookback_days-3__limit_k-10.sql,"non_colocated_join,repartition_candidate,high_group_cardinality",clean-run-eu-us-gac-v1,single_global_user_default__dataset-pilot-balanced-v1__runtime-default,global_user_topk,single_region_citus,pilot-balanced-v1,default,eu_us_gac,baseline,,join_movement,pilot,"{""fetch_size"":""none"",""wan_latency"":""none"",""work_mem"":""high""}",supports_global_users,,,mixed_cache_first_observed,deterministic_shuffle,20260626,false,0,12
single_user_segment_default__dataset-pilot-balanced-v1__runtime-default__q06_user_segment_join__lookback_days-7__limit_k-50,q06_user_segment_join,"{""limit_k"": 50, ""lookback_days"": 7}",master-regimes/generated/corpus/clean-run-v1/groups/clean-run-eu-us-gac-v1__pilot-balanced-v1__default__coordinators/queries/single_user_segment_default__dataset-pilot-balanced-v1__runtime-default__q06_user_segment_join__lookback_days-7__limit_k-50.sql,"colocated_join,high_group_cardinality,topk",clean-run-eu-us-gac-v1,single_user_segment_default__dataset-pilot-balanced-v1__runtime-default,user_segment_topk,single_region_citus,pilot-balanced-v1,default,eu_us_gac,baseline,,well_reduced_localized,pilot,"{""fetch_size"":""none"",""wan_latency"":""none"",""work_mem"":""high""}",supports_colocated_user_join,,,mixed_cache_first_observed,deterministic_shuffle,20260626,false,0,13
single_daily_rollup_default__dataset-pilot-balanced-v1__runtime-default__q01_tenant_rollup__lookback_days-30__min_value-900,q01_tenant_rollup,"{""lookback_days"": 30, ""min_value"": 900}",master-regimes/generated/corpus/clean-run-v1/groups/clean-run-eu-us-gac-v1__pilot-balanced-v1__default__coordinators/queries/single_daily_rollup_default__dataset-pilot-balanced-v1__runtime-default__q01_tenant_rollup__lookback_days-30__min_value-900.sql,"regional_reduction,low_global_fanin",clean-run-eu-us-gac-v1,single_daily_rollup_default__dataset-pilot-balanced-v1__runtime-default,daily_tenant_rollup,single_region_citus,pilot-balanced-v1,default,eu_us_gac,baseline,,well_reduced_localized,pilot,"{""fetch_size"":""none"",""wan_latency"":""none"",""work_mem"":""low""}",supports_reference_join,,,mixed_cache_first_observed,deterministic_shuffle,20260626,false,0,14
single_global_user_default__dataset-pilot-balanced-v1__runtime-default__q07_global_user_segment_join__lookback_days-7__limit_k-25,q07_global_user_segment_join,"{""limit_k"": 25, ""lookback_days"": 7}",master-regimes/generated/corpus/clean-run-v1/groups/clean-run-eu-us-gac-v1__pilot-balanced-v1__default__coordinators/queries/single_global_user_default__dataset-pilot-balanced-v1__runtime-default__q07_global_user_segment_join__lookback_days-7__limit_k-25.sql,"non_colocated_join,repartition_candidate,high_group_cardinality",clean-run-eu-us-gac-v1,single_global_user_default__dataset-pilot-balanced-v1__runtime-default,global_user_topk,single_region_citus,pilot-balanced-v1,default,eu_us_gac,baseline,,join_movement,pilot,"{""fetch_size"":""none"",""wan_latency"":""none"",""work_mem"":""high""}",supports_global_users,,,mixed_cache_first_observed,deterministic_shuffle,20260626,false,0,15
single_user_segment_default__dataset-pilot-balanced-v1__runtime-default__q06_user_segment_join__lookback_days-1__limit_k-10,q06_user_segment_join,"{""limit_k"": 10, ""lookback_days"": 1}",master-regimes/generated/corpus/clean-run-v1/groups/clean-run-eu-us-gac-v1__pilot-balanced-v1__default__coordinators/queries/single_user_segment_default__dataset-pilot-balanced-v1__runtime-default__q06_user_segment_join__lookback_days-1__limit_k-10.sql,"colocated_join,high_group_cardinality,topk",clean-run-eu-us-gac-v1,single_user_segment_default__dataset-pilot-balanced-v1__runtime-default,user_segment_topk,single_region_citus,pilot-balanced-v1,default,eu_us_gac,baseline,,well_reduced_localized,pilot,"{""fetch_size"":""none"",""wan_latency"":""none"",""work_mem"":""high""}",supports_colocated_user_join,,,mixed_cache_first_observed,deterministic_shuffle,20260626,false,0,16
single_daily_rollup_default__dataset-pilot-balanced-v1__runtime-default__q01_tenant_rollup__lookback_days-7__min_value-900,q01_tenant_rollup,"{""lookback_days"": 7, ""min_value"": 900}",master-regimes/generated/corpus/clean-run-v1/groups/clean-run-eu-us-gac-v1__pilot-balanced-v1__default__coordinators/queries/single_daily_rollup_default__dataset-pilot-balanced-v1__runtime-default__q01_tenant_rollup__lookback_days-7__min_value-900.sql,"regional_reduction,low_global_fanin",clean-run-eu-us-gac-v1,single_daily_rollup_default__dataset-pilot-balanced-v1__runtime-default,daily_tenant_rollup,single_region_citus,pilot-balanced-v1,default,eu_us_gac,baseline,,well_reduced_localized,pilot,"{""fetch_size"":""none"",""wan_latency"":""none"",""work_mem"":""low""}",supports_reference_join,,,mixed_cache_first_observed,deterministic_shuffle,20260626,false,0,17
single_top_tenants_default__dataset-pilot-balanced-v1__runtime-default__q10_top_tenants__lookback_days-3__limit_k-100,q10_top_tenants,"{""limit_k"": 100, ""lookback_days"": 3}",master-regimes/generated/corpus/clean-run-v1/groups/clean-run-eu-us-gac-v1__pilot-balanced-v1__default__coordinators/queries/single_top_tenants_default__dataset-pilot-balanced-v1__runtime-default__q10_top_tenants__lookback_days-3__limit_k-100.sql,"topk,final_ordering,high_group_cardinality",clean-run-eu-us-gac-v1,single_top_tenants_default__dataset-pilot-balanced-v1__runtime-default,top_tenants,single_region_citus,pilot-balanced-v1,default,eu_us_gac,baseline,,gac_finalization_heavy,pilot,"{""fetch_size"":""none"",""wan_latency"":""none"",""work_mem"":""high""}",,,baseline,mixed_cache_first_observed,deterministic_shuffle,20260626,false,0,18
single_top_tenants_default__dataset-pilot-balanced-v1__runtime-default__q10_top_tenants__lookback_days-7__limit_k-50,q10_top_tenants,"{""limit_k"": 50, ""lookback_days"": 7}",master-regimes/generated/corpus/clean-run-v1/groups/clean-run-eu-us-gac-v1__pilot-balanced-v1__default__coordinators/queries/single_top_tenants_default__dataset-pilot-balanced-v1__runtime-default__q10_top_tenants__lookback_days-7__limit_k-50.sql,"topk,final_ordering,high_group_cardinality",clean-run-eu-us-gac-v1,single_top_tenants_default__dataset-pilot-balanced-v1__runtime-default,top_tenants,single_region_citus,pilot-balanced-v1,default,eu_us_gac,baseline,,gac_finalization_heavy,pilot,"{""fetch_size"":""none"",""wan_latency"":""none"",""work_mem"":""high""}",,,baseline,mixed_cache_first_observed,deterministic_shuffle,20260626,false,0,19
single_event_filter_default__dataset-pilot-balanced-v1__runtime-default__q03_event_filter_summary__lookback_days-3__min_value-500,q03_event_filter_summary,"{""lookback_days"": 3, ""min_value"": 500}",master-regimes/generated/corpus/clean-run-v1/groups/clean-run-eu-us-gac-v1__pilot-balanced-v1__default__coordinators/queries/single_event_filter_default__dataset-pilot-balanced-v1__runtime-default__q03_event_filter_summary__lookback_days-3__min_value-500.sql,"selective_filter,scan_pressure,aggregate",clean-run-eu-us-gac-v1,single_event_filter_default__dataset-pilot-balanced-v1__runtime-default,event_filter_summary,single_region_citus,pilot-balanced-v1,default,eu_us_gac,baseline,,well_reduced_localized,pilot,"{""fetch_size"":""none"",""wan_latency"":""none"",""work_mem"":""none""}",,,,mixed_cache_first_observed,deterministic_shuffle,20260626,false,0,20
single_user_value_default__dataset-pilot-balanced-v1__runtime-default__q02_global_user_topk__lookback_days-1__limit_k-50,q02_global_user_topk,"{""limit_k"": 50, ""lookback_days"": 1}",master-regimes/generated/corpus/clean-run-v1/groups/clean-run-eu-us-gac-v1__pilot-balanced-v1__default__coordinators/queries/single_user_value_default__dataset-pilot-balanced-v1__runtime-default__q02_global_user_topk__lookback_days-1__limit_k-50.sql,"high_group_cardinality,final_ordering,topk",clean-run-eu-us-gac-v1,single_user_value_default__dataset-pilot-balanced-v1__runtime-default,user_value_topk,single_region_citus,pilot-balanced-v1,default,eu_us_gac,baseline,,gac_finalization_heavy,pilot,"{""fetch_size"":""none"",""wan_latency"":""none"",""work_mem"":""high""}",supports_high_group_cardinality,,,mixed_cache_first_observed,deterministic_shuffle,20260626,false,0,21
single_global_user_default__dataset-pilot-balanced-v1__runtime-default__q07_global_user_segment_join__lookback_days-30__limit_k-100,q07_global_user_segment_join,"{""limit_k"": 100, ""lookback_days"": 30}",master-regimes/generated/corpus/clean-run-v1/groups/clean-run-eu-us-gac-v1__pilot-balanced-v1__default__coordinators/queries/single_global_user_default__dataset-pilot-balanced-v1__runtime-default__q07_global_user_segment_join__lookback_days-30__limit_k-100.sql,"non_colocated_join,repartition_candidate,high_group_cardinality",clean-run-eu-us-gac-v1,single_global_user_default__dataset-pilot-balanced-v1__runtime-default,global_user_topk,single_region_citus,pilot-balanced-v1,default,eu_us_gac,baseline,,join_movement,pilot,"{""fetch_size"":""none"",""wan_latency"":""none"",""work_mem"":""high""}",supports_global_users,,,mixed_cache_first_observed,deterministic_shuffle,20260626,false,0,22
single_user_value_default__dataset-pilot-balanced-v1__runtime-default__q02_global_user_topk__lookback_days-7__limit_k-25,q02_global_user_topk,"{""limit_k"": 25, ""lookback_days"": 7}",master-regimes/generated/corpus/clean-run-v1/groups/clean-run-eu-us-gac-v1__pilot-balanced-v1__default__coordinators/queries/single_user_value_default__dataset-pilot-balanced-v1__runtime-default__q02_global_user_topk__lookback_days-7__limit_k-25.sql,"high_group_cardinality,final_ordering,topk",clean-run-eu-us-gac-v1,single_user_value_default__dataset-pilot-balanced-v1__runtime-default,user_value_topk,single_region_citus,pilot-balanced-v1,default,eu_us_gac,baseline,,gac_finalization_heavy,pilot,"{""fetch_size"":""none"",""wan_latency"":""none"",""work_mem"":""high""}",supports_high_group_cardinality,,,mixed_cache_first_observed,deterministic_shuffle,20260626,false,0,23
single_user_segment_default__dataset-pilot-balanced-v1__runtime-default__q06_user_segment_join__lookback_days-30__limit_k-25,q06_user_segment_join,"{""limit_k"": 25, ""lookback_days"": 30}",master-regimes/generated/corpus/clean-run-v1/groups/clean-run-eu-us-gac-v1__pilot-balanced-v1__default__coordinators/queries/single_user_segment_default__dataset-pilot-balanced-v1__runtime-default__q06_user_segment_join__lookback_days-30__limit_k-25.sql,"colocated_join,high_group_cardinality,topk",clean-run-eu-us-gac-v1,single_user_segment_default__dataset-pilot-balanced-v1__runtime-default,user_segment_topk,single_region_citus,pilot-balanced-v1,default,eu_us_gac,baseline,,well_reduced_localized,pilot,"{""fetch_size"":""none"",""wan_latency"":""none"",""work_mem"":""high""}",supports_colocated_user_join,,,mixed_cache_first_observed,deterministic_shuffle,20260626,false,0,24
single_global_user_default__dataset-pilot-balanced-v1__runtime-default__q07_global_user_segment_join__lookback_days-1__limit_k-25,q07_global_user_segment_join,"{""limit_k"": 25, ""lookback_days"": 1}",master-regimes/generated/corpus/clean-run-v1/groups/clean-run-eu-us-gac-v1__pilot-balanced-v1__default__coordinators/queries/single_global_user_default__dataset-pilot-balanced-v1__runtime-default__q07_global_user_segment_join__lookback_days-1__limit_k-25.sql,"non_colocated_join,repartition_candidate,high_group_cardinality",clean-run-eu-us-gac-v1,single_global_user_default__dataset-pilot-balanced-v1__runtime-default,global_user_topk,single_region_citus,pilot-balanced-v1,default,eu_us_gac,baseline,,join_movement,pilot,"{""fetch_size"":""none"",""wan_latency"":""none"",""work_mem"":""high""}",supports_global_users,,,mixed_cache_first_observed,deterministic_shuffle,20260626,false,0,25
single_tenant_point_default__dataset-pilot-balanced-v1__runtime-default__q04_tenant_point_rollup__tenant_id-5__lookback_days-30,q04_tenant_point_rollup,"{""lookback_days"": 30, ""tenant_id"": 5}",master-regimes/generated/corpus/clean-run-v1/groups/clean-run-eu-us-gac-v1__pilot-balanced-v1__default__coordinators/queries/single_tenant_point_default__dataset-pilot-balanced-v1__runtime-default__q04_tenant_point_rollup__tenant_id-5__lookback_days-30.sql,"tenant_filter,shard_pruning_candidate,local_aggregate",clean-run-eu-us-gac-v1,single_tenant_point_default__dataset-pilot-balanced-v1__runtime-default,tenant_point_rollup,single_region_citus,pilot-balanced-v1,default,eu_us_gac,negative_control,,well_reduced_localized,pilot,"{""fetch_size"":""none"",""wan_latency"":""none"",""work_mem"":""none""}",,,,mixed_cache_first_observed,deterministic_shuffle,20260626,false,0,26
single_top_tenants_default__dataset-pilot-balanced-v1__runtime-default__q10_top_tenants__lookback_days-1__limit_k-100,q10_top_tenants,"{""limit_k"": 100, ""lookback_days"": 1}",master-regimes/generated/corpus/clean-run-v1/groups/clean-run-eu-us-gac-v1__pilot-balanced-v1__default__coordinators/queries/single_top_tenants_default__dataset-pilot-balanced-v1__runtime-default__q10_top_tenants__lookback_days-1__limit_k-100.sql,"topk,final_ordering,high_group_cardinality",clean-run-eu-us-gac-v1,single_top_tenants_default__dataset-pilot-balanced-v1__runtime-default,top_tenants,single_region_citus,pilot-balanced-v1,default,eu_us_gac,baseline,,gac_finalization_heavy,pilot,"{""fetch_size"":""none"",""wan_latency"":""none"",""work_mem"":""high""}",,,baseline,mixed_cache_first_observed,deterministic_shuffle,20260626,false,0,27
single_multi_dimension_default__dataset-pilot-balanced-v1__runtime-default__q08_multi_dimension_rollup__lookback_days-30__limit_k-100,q08_multi_dimension_rollup,"{""limit_k"": 100, ""lookback_days"": 30}",master-regimes/generated/corpus/clean-run-v1/groups/clean-run-eu-us-gac-v1__pilot-balanced-v1__default__coordinators/queries/single_multi_dimension_default__dataset-pilot-balanced-v1__runtime-default__q08_multi_dimension_rollup__lookback_days-30__limit_k-100.sql,"multi_join,reference_join,colocated_join,daily_group_by",clean-run-eu-us-gac-v1,single_multi_dimension_default__dataset-pilot-balanced-v1__runtime-default,multi_dimension_rollup,single_region_citus,pilot-balanced-v1,default,eu_us_gac,baseline,,"join_movement,gac_finalization_heavy",pilot,"{""fetch_size"":""none"",""wan_latency"":""none"",""work_mem"":""high""}",,,,mixed_cache_first_observed,deterministic_shuffle,20260626,false,0,28
single_user_segment_default__dataset-pilot-balanced-v1__runtime-default__q06_user_segment_join__lookback_days-1__limit_k-100,q06_user_segment_join,"{""limit_k"": 100, ""lookback_days"": 1}",master-regimes/generated/corpus/clean-run-v1/groups/clean-run-eu-us-gac-v1__pilot-balanced-v1__default__coordinators/queries/single_user_segment_default__dataset-pilot-balanced-v1__runtime-default__q06_user_segment_join__lookback_days-1__limit_k-100.sql,"colocated_join,high_group_cardinality,topk",clean-run-eu-us-gac-v1,single_user_segment_default__dataset-pilot-balanced-v1__runtime-default,user_segment_topk,single_region_citus,pilot-balanced-v1,default,eu_us_gac,baseline,,well_reduced_localized,pilot,"{""fetch_size"":""none"",""wan_latency"":""none"",""work_mem"":""high""}",supports_colocated_user_join,,,mixed_cache_first_observed,deterministic_shuffle,20260626,false,0,29
single_user_value_default__dataset-pilot-balanced-v1__runtime-default__q02_global_user_topk__lookback_days-14__limit_k-50,q02_global_user_topk,"{""limit_k"": 50, ""lookback_days"": 14}",master-regimes/generated/corpus/clean-run-v1/groups/clean-run-eu-us-gac-v1__pilot-balanced-v1__default__coordinators/queries/single_user_value_default__dataset-pilot-balanced-v1__runtime-default__q02_global_user_topk__lookback_days-14__limit_k-50.sql,"high_group_cardinality,final_ordering,topk",clean-run-eu-us-gac-v1,single_user_value_default__dataset-pilot-balanced-v1__runtime-default,user_value_topk,single_region_citus,pilot-balanced-v1,default,eu_us_gac,baseline,,gac_finalization_heavy,pilot,"{""fetch_size"":""none"",""wan_latency"":""none"",""work_mem"":""high""}",supports_high_group_cardinality,,,mixed_cache_first_observed,deterministic_shuffle,20260626,false,0,30
single_event_filter_default__dataset-pilot-balanced-v1__runtime-default__q03_event_filter_summary__lookback_days-3__min_value-100,q03_event_filter_summary,"{""lookback_days"": 3, ""min_value"": 100}",master-regimes/generated/corpus/clean-run-v1/groups/clean-run-eu-us-gac-v1__pilot-balanced-v1__default__coordinators/queries/single_event_filter_default__dataset-pilot-balanced-v1__runtime-default__q03_event_filter_summary__lookback_days-3__min_value-100.sql,"selective_filter,scan_pressure,aggregate",clean-run-eu-us-gac-v1,single_event_filter_default__dataset-pilot-balanced-v1__runtime-default,event_filter_summary,single_region_citus,pilot-balanced-v1,default,eu_us_gac,baseline,,well_reduced_localized,pilot,"{""fetch_size"":""none"",""wan_latency"":""none"",""work_mem"":""none""}",,,,mixed_cache_first_observed,deterministic_shuffle,20260626,false,0,31
single_tenant_point_default__dataset-pilot-balanced-v1__runtime-default__q04_tenant_point_rollup__tenant_id-5__lookback_days-3,q04_tenant_point_rollup,"{""lookback_days"": 3, ""tenant_id"": 5}",master-regimes/generated/corpus/clean-run-v1/groups/clean-run-eu-us-gac-v1__pilot-balanced-v1__default__coordinators/queries/single_tenant_point_default__dataset-pilot-balanced-v1__runtime-default__q04_tenant_point_rollup__tenant_id-5__lookback_days-3.sql,"tenant_filter,shard_pruning_candidate,local_aggregate",clean-run-eu-us-gac-v1,single_tenant_point_default__dataset-pilot-balanced-v1__runtime-default,tenant_point_rollup,single_region_citus,pilot-balanced-v1,default,eu_us_gac,negative_control,,well_reduced_localized,pilot,"{""fetch_size"":""none"",""wan_latency"":""none"",""work_mem"":""none""}",,,,mixed_cache_first_observed,deterministic_shuffle,20260626,false,0,32
single_user_segment_default__dataset-pilot-balanced-v1__runtime-default__q06_user_segment_join__lookback_days-3__limit_k-25,q06_user_segment_join,"{""limit_k"": 25, ""lookback_days"": 3}",master-regimes/generated/corpus/clean-run-v1/groups/clean-run-eu-us-gac-v1__pilot-balanced-v1__default__coordinators/queries/single_user_segment_default__dataset-pilot-balanced-v1__runtime-default__q06_user_segment_join__lookback_days-3__limit_k-25.sql,"colocated_join,high_group_cardinality,topk",clean-run-eu-us-gac-v1,single_user_segment_default__dataset-pilot-balanced-v1__runtime-default,user_segment_topk,single_region_citus,pilot-balanced-v1,default,eu_us_gac,baseline,,well_reduced_localized,pilot,"{""fetch_size"":""none"",""wan_latency"":""none"",""work_mem"":""high""}",supports_colocated_user_join,,,mixed_cache_first_observed,deterministic_shuffle,20260626,false,0,33
single_user_value_default__dataset-pilot-balanced-v1__runtime-default__q02_global_user_topk__lookback_days-30__limit_k-25,q02_global_user_topk,"{""limit_k"": 25, ""lookback_days"": 30}",master-regimes/generated/corpus/clean-run-v1/groups/clean-run-eu-us-gac-v1__pilot-balanced-v1__default__coordinators/queries/single_user_value_default__dataset-pilot-balanced-v1__runtime-default__q02_global_user_topk__lookback_days-30__limit_k-25.sql,"high_group_cardinality,final_ordering,topk",clean-run-eu-us-gac-v1,single_user_value_default__dataset-pilot-balanced-v1__runtime-default,user_value_topk,single_region_citus,pilot-balanced-v1,default,eu_us_gac,baseline,,gac_finalization_heavy,pilot,"{""fetch_size"":""none"",""wan_latency"":""none"",""work_mem"":""high""}",supports_high_group_cardinality,,,mixed_cache_first_observed,deterministic_shuffle,20260626,false,0,34
single_user_value_default__dataset-pilot-balanced-v1__runtime-default__q02_global_user_topk__lookback_days-3__limit_k-100,q02_global_user_topk,"{""limit_k"": 100, ""lookback_days"": 3}",master-regimes/generated/corpus/clean-run-v1/groups/clean-run-eu-us-gac-v1__pilot-balanced-v1__default__coordinators/queries/single_user_value_default__dataset-pilot-balanced-v1__runtime-default__q02_global_user_topk__lookback_days-3__limit_k-100.sql,"high_group_cardinality,final_ordering,topk",clean-run-eu-us-gac-v1,single_user_value_default__dataset-pilot-balanced-v1__runtime-default,user_value_topk,single_region_citus,pilot-balanced-v1,default,eu_us_gac,baseline,,gac_finalization_heavy,pilot,"{""fetch_size"":""none"",""wan_latency"":""none"",""work_mem"":""high""}",supports_high_group_cardinality,,,mixed_cache_first_observed,deterministic_shuffle,20260626,false,0,35
single_multi_dimension_default__dataset-pilot-balanced-v1__runtime-default__q08_multi_dimension_rollup__lookback_days-14__limit_k-25,q08_multi_dimension_rollup,"{""limit_k"": 25, ""lookback_days"": 14}",master-regimes/generated/corpus/clean-run-v1/groups/clean-run-eu-us-gac-v1__pilot-balanced-v1__default__coordinators/queries/single_multi_dimension_default__dataset-pilot-balanced-v1__runtime-default__q08_multi_dimension_rollup__lookback_days-14__limit_k-25.sql,"multi_join,reference_join,colocated_join,daily_group_by",clean-run-eu-us-gac-v1,single_multi_dimension_default__dataset-pilot-balanced-v1__runtime-default,multi_dimension_rollup,single_region_citus,pilot-balanced-v1,default,eu_us_gac,baseline,,"join_movement,gac_finalization_heavy",pilot,"{""fetch_size"":""none"",""wan_latency"":""none"",""work_mem"":""high""}",,,,mixed_cache_first_observed,deterministic_shuffle,20260626,false,0,36
single_user_segment_default__dataset-pilot-balanced-v1__runtime-default__q06_user_segment_join__lookback_days-30__limit_k-10,q06_user_segment_join,"{""limit_k"": 10, ""lookback_days"": 30}",master-regimes/generated/corpus/clean-run-v1/groups/clean-run-eu-us-gac-v1__pilot-balanced-v1__default__coordinators/queries/single_user_segment_default__dataset-pilot-balanced-v1__runtime-default__q06_user_segment_join__lookback_days-30__limit_k-10.sql,"colocated_join,high_group_cardinality,topk",clean-run-eu-us-gac-v1,single_user_segment_default__dataset-pilot-balanced-v1__runtime-default,user_segment_topk,single_region_citus,pilot-balanced-v1,default,eu_us_gac,baseline,,well_reduced_localized,pilot,"{""fetch_size"":""none"",""wan_latency"":""none"",""work_mem"":""high""}",supports_colocated_user_join,,,mixed_cache_first_observed,deterministic_shuffle,20260626,false,0,37
single_multi_dimension_default__dataset-pilot-balanced-v1__runtime-default__q08_multi_dimension_rollup__lookback_days-14__limit_k-50,q08_multi_dimension_rollup,"{""limit_k"": 50, ""lookback_days"": 14}",master-regimes/generated/corpus/clean-run-v1/groups/clean-run-eu-us-gac-v1__pilot-balanced-v1__default__coordinators/queries/single_multi_dimension_default__dataset-pilot-balanced-v1__runtime-default__q08_multi_dimension_rollup__lookback_days-14__limit_k-50.sql,"multi_join,reference_join,colocated_join,daily_group_by",clean-run-eu-us-gac-v1,single_multi_dimension_default__dataset-pilot-balanced-v1__runtime-default,multi_dimension_rollup,single_region_citus,pilot-balanced-v1,default,eu_us_gac,baseline,,"join_movement,gac_finalization_heavy",pilot,"{""fetch_size"":""none"",""wan_latency"":""none"",""work_mem"":""high""}",,,,mixed_cache_first_observed,deterministic_shuffle,20260626,false,0,38
single_event_filter_default__dataset-pilot-balanced-v1__runtime-default__q03_event_filter_summary__lookback_days-7__min_value-0,q03_event_filter_summary,"{""lookback_days"": 7, ""min_value"": 0}",master-regimes/generated/corpus/clean-run-v1/groups/clean-run-eu-us-gac-v1__pilot-balanced-v1__default__coordinators/queries/single_event_filter_default__dataset-pilot-balanced-v1__runtime-default__q03_event_filter_summary__lookback_days-7__min_value-0.sql,"selective_filter,scan_pressure,aggregate",clean-run-eu-us-gac-v1,single_event_filter_default__dataset-pilot-balanced-v1__runtime-default,event_filter_summary,single_region_citus,pilot-balanced-v1,default,eu_us_gac,baseline,,well_reduced_localized,pilot,"{""fetch_size"":""none"",""wan_latency"":""none"",""work_mem"":""none""}",,,,mixed_cache_first_observed,deterministic_shuffle,20260626,false,0,39
single_global_user_default__dataset-pilot-balanced-v1__runtime-default__q07_global_user_segment_join__lookback_days-14__limit_k-100,q07_global_user_segment_join,"{""limit_k"": 100, ""lookback_days"": 14}",master-regimes/generated/corpus/clean-run-v1/groups/clean-run-eu-us-gac-v1__pilot-balanced-v1__default__coordinators/queries/single_global_user_default__dataset-pilot-balanced-v1__runtime-default__q07_global_user_segment_join__lookback_days-14__limit_k-100.sql,"non_colocated_join,repartition_candidate,high_group_cardinality",clean-run-eu-us-gac-v1,single_global_user_default__dataset-pilot-balanced-v1__runtime-default,global_user_topk,single_region_citus,pilot-balanced-v1,default,eu_us_gac,baseline,,join_movement,pilot,"{""fetch_size"":""none"",""wan_latency"":""none"",""work_mem"":""high""}",supports_global_users,,,mixed_cache_first_observed,deterministic_shuffle,20260626,false,0,40
single_multi_dimension_default__dataset-pilot-balanced-v1__runtime-default__q08_multi_dimension_rollup__lookback_days-1__limit_k-25,q08_multi_dimension_rollup,"{""limit_k"": 25, ""lookback_days"": 1}",master-regimes/generated/corpus/clean-run-v1/groups/clean-run-eu-us-gac-v1__pilot-balanced-v1__default__coordinators/queries/single_multi_dimension_default__dataset-pilot-balanced-v1__runtime-default__q08_multi_dimension_rollup__lookback_days-1__limit_k-25.sql,"multi_join,reference_join,colocated_join,daily_group_by",clean-run-eu-us-gac-v1,single_multi_dimension_default__dataset-pilot-balanced-v1__runtime-default,multi_dimension_rollup,single_region_citus,pilot-balanced-v1,default,eu_us_gac,baseline,,"join_movement,gac_finalization_heavy",pilot,"{""fetch_size"":""none"",""wan_latency"":""none"",""work_mem"":""high""}",,,,mixed_cache_first_observed,deterministic_shuffle,20260626,false,0,41
single_top_tenants_default__dataset-pilot-balanced-v1__runtime-default__q10_top_tenants__lookback_days-14__limit_k-10,q10_top_tenants,"{""limit_k"": 10, ""lookback_days"": 14}",master-regimes/generated/corpus/clean-run-v1/groups/clean-run-eu-us-gac-v1__pilot-balanced-v1__default__coordinators/queries/single_top_tenants_default__dataset-pilot-balanced-v1__runtime-default__q10_top_tenants__lookback_days-14__limit_k-10.sql,"topk,final_ordering,high_group_cardinality",clean-run-eu-us-gac-v1,single_top_tenants_default__dataset-pilot-balanced-v1__runtime-default,top_tenants,single_region_citus,pilot-balanced-v1,default,eu_us_gac,baseline,,gac_finalization_heavy,pilot,"{""fetch_size"":""none"",""wan_latency"":""none"",""work_mem"":""high""}",,,baseline,mixed_cache_first_observed,deterministic_shuffle,20260626,false,0,42
single_multi_dimension_default__dataset-pilot-balanced-v1__runtime-default__q08_multi_dimension_rollup__lookback_days-7__limit_k-25,q08_multi_dimension_rollup,"{""limit_k"": 25, ""lookback_days"": 7}",master-regimes/generated/corpus/clean-run-v1/groups/clean-run-eu-us-gac-v1__pilot-balanced-v1__default__coordinators/queries/single_multi_dimension_default__dataset-pilot-balanced-v1__runtime-default__q08_multi_dimension_rollup__lookback_days-7__limit_k-25.sql,"multi_join,reference_join,colocated_join,daily_group_by",clean-run-eu-us-gac-v1,single_multi_dimension_default__dataset-pilot-balanced-v1__runtime-default,multi_dimension_rollup,single_region_citus,pilot-balanced-v1,default,eu_us_gac,baseline,,"join_movement,gac_finalization_heavy",pilot,"{""fetch_size"":""none"",""wan_latency"":""none"",""work_mem"":""high""}",,,,mixed_cache_first_observed,deterministic_shuffle,20260626,false,0,43
single_multi_dimension_default__dataset-pilot-balanced-v1__runtime-default__q08_multi_dimension_rollup__lookback_days-1__limit_k-10,q08_multi_dimension_rollup,"{""limit_k"": 10, ""lookback_days"": 1}",master-regimes/generated/corpus/clean-run-v1/groups/clean-run-eu-us-gac-v1__pilot-balanced-v1__default__coordinators/queries/single_multi_dimension_default__dataset-pilot-balanced-v1__runtime-default__q08_multi_dimension_rollup__lookback_days-1__limit_k-10.sql,"multi_join,reference_join,colocated_join,daily_group_by",clean-run-eu-us-gac-v1,single_multi_dimension_default__dataset-pilot-balanced-v1__runtime-default,multi_dimension_rollup,single_region_citus,pilot-balanced-v1,default,eu_us_gac,baseline,,"join_movement,gac_finalization_heavy",pilot,"{""fetch_size"":""none"",""wan_latency"":""none"",""work_mem"":""high""}",,,,mixed_cache_first_observed,deterministic_shuffle,20260626,false,0,44
single_multi_dimension_default__dataset-pilot-balanced-v1__runtime-default__q08_multi_dimension_rollup__lookback_days-30__limit_k-50,q08_multi_dimension_rollup,"{""limit_k"": 50, ""lookback_days"": 30}",master-regimes/generated/corpus/clean-run-v1/groups/clean-run-eu-us-gac-v1__pilot-balanced-v1__default__coordinators/queries/single_multi_dimension_default__dataset-pilot-balanced-v1__runtime-default__q08_multi_dimension_rollup__lookback_days-30__limit_k-50.sql,"multi_join,reference_join,colocated_join,daily_group_by",clean-run-eu-us-gac-v1,single_multi_dimension_default__dataset-pilot-balanced-v1__runtime-default,multi_dimension_rollup,single_region_citus,pilot-balanced-v1,default,eu_us_gac,baseline,,"join_movement,gac_finalization_heavy",pilot,"{""fetch_size"":""none"",""wan_latency"":""none"",""work_mem"":""high""}",,,,mixed_cache_first_observed,deterministic_shuffle,20260626,false,0,45
single_user_value_default__dataset-pilot-balanced-v1__runtime-default__q02_global_user_topk__lookback_days-1__limit_k-100,q02_global_user_topk,"{""limit_k"": 100, ""lookback_days"": 1}",master-regimes/generated/corpus/clean-run-v1/groups/clean-run-eu-us-gac-v1__pilot-balanced-v1__default__coordinators/queries/single_user_value_default__dataset-pilot-balanced-v1__runtime-default__q02_global_user_topk__lookback_days-1__limit_k-100.sql,"high_group_cardinality,final_ordering,topk",clean-run-eu-us-gac-v1,single_user_value_default__dataset-pilot-balanced-v1__runtime-default,user_value_topk,single_region_citus,pilot-balanced-v1,default,eu_us_gac,baseline,,gac_finalization_heavy,pilot,"{""fetch_size"":""none"",""wan_latency"":""none"",""work_mem"":""high""}",supports_high_group_cardinality,,,mixed_cache_first_observed,deterministic_shuffle,20260626,false,0,46
single_tenant_point_default__dataset-pilot-balanced-v1__runtime-default__q04_tenant_point_rollup__tenant_id-5__lookback_days-14,q04_tenant_point_rollup,"{""lookback_days"": 14, ""tenant_id"": 5}",master-regimes/generated/corpus/clean-run-v1/groups/clean-run-eu-us-gac-v1__pilot-balanced-v1__default__coordinators/queries/single_tenant_point_default__dataset-pilot-balanced-v1__runtime-default__q04_tenant_point_rollup__tenant_id-5__lookback_days-14.sql,"tenant_filter,shard_pruning_candidate,local_aggregate",clean-run-eu-us-gac-v1,single_tenant_point_default__dataset-pilot-balanced-v1__runtime-default,tenant_point_rollup,single_region_citus,pilot-balanced-v1,default,eu_us_gac,negative_control,,well_reduced_localized,pilot,"{""fetch_size"":""none"",""wan_latency"":""none"",""work_mem"":""none""}",,,,mixed_cache_first_observed,deterministic_shuffle,20260626,false,0,47
single_user_segment_default__dataset-pilot-balanced-v1__runtime-default__q06_user_segment_join__lookback_days-1__limit_k-25,q06_user_segment_join,"{""limit_k"": 25, ""lookback_days"": 1}",master-regimes/generated/corpus/clean-run-v1/groups/clean-run-eu-us-gac-v1__pilot-balanced-v1__default__coordinators/queries/single_user_segment_default__dataset-pilot-balanced-v1__runtime-default__q06_user_segment_join__lookback_days-1__limit_k-25.sql,"colocated_join,high_group_cardinality,topk",clean-run-eu-us-gac-v1,single_user_segment_default__dataset-pilot-balanced-v1__runtime-default,user_segment_topk,single_region_citus,pilot-balanced-v1,default,eu_us_gac,baseline,,well_reduced_localized,pilot,"{""fetch_size"":""none"",""wan_latency"":""none"",""work_mem"":""high""}",supports_colocated_user_join,,,mixed_cache_first_observed,deterministic_shuffle,20260626,false,0,48
single_tenant_point_default__dataset-pilot-balanced-v1__runtime-default__q04_tenant_point_rollup__tenant_id-500__lookback_days-1,q04_tenant_point_rollup,"{""lookback_days"": 1, ""tenant_id"": 500}",master-regimes/generated/corpus/clean-run-v1/groups/clean-run-eu-us-gac-v1__pilot-balanced-v1__default__coordinators/queries/single_tenant_point_default__dataset-pilot-balanced-v1__runtime-default__q04_tenant_point_rollup__tenant_id-500__lookback_days-1.sql,"tenant_filter,shard_pruning_candidate,local_aggregate",clean-run-eu-us-gac-v1,single_tenant_point_default__dataset-pilot-balanced-v1__runtime-default,tenant_point_rollup,single_region_citus,pilot-balanced-v1,default,eu_us_gac,negative_control,,well_reduced_localized,pilot,"{""fetch_size"":""none"",""wan_latency"":""none"",""work_mem"":""none""}",,,,mixed_cache_first_observed,deterministic_shuffle,20260626,false,0,49
single_user_value_default__dataset-pilot-balanced-v1__runtime-default__q02_global_user_topk__lookback_days-14__limit_k-100,q02_global_user_topk,"{""limit_k"": 100, ""lookback_days"": 14}",master-regimes/generated/corpus/clean-run-v1/groups/clean-run-eu-us-gac-v1__pilot-balanced-v1__default__coordinators/queries/single_user_value_default__dataset-pilot-balanced-v1__runtime-default__q02_global_user_topk__lookback_days-14__limit_k-100.sql,"high_group_cardinality,final_ordering,topk",clean-run-eu-us-gac-v1,single_user_value_default__dataset-pilot-balanced-v1__runtime-default,user_value_topk,single_region_citus,pilot-balanced-v1,default,eu_us_gac,baseline,,gac_finalization_heavy,pilot,"{""fetch_size"":""none"",""wan_latency"":""none"",""work_mem"":""high""}",supports_high_group_cardinality,,,mixed_cache_first_observed,deterministic_shuffle,20260626,false,0,50
single_top_tenants_default__dataset-pilot-balanced-v1__runtime-default__q10_top_tenants__lookback_days-3__limit_k-50,q10_top_tenants,"{""limit_k"": 50, ""lookback_days"": 3}",master-regimes/generated/corpus/clean-run-v1/groups/clean-run-eu-us-gac-v1__pilot-balanced-v1__default__coordinators/queries/single_top_tenants_default__dataset-pilot-balanced-v1__runtime-default__q10_top_tenants__lookback_days-3__limit_k-50.sql,"topk,final_ordering,high_group_cardinality",clean-run-eu-us-gac-v1,single_top_tenants_default__dataset-pilot-balanced-v1__runtime-default,top_tenants,single_region_citus,pilot-balanced-v1,default,eu_us_gac,baseline,,gac_finalization_heavy,pilot,"{""fetch_size"":""none"",""wan_latency"":""none"",""work_mem"":""high""}",,,baseline,mixed_cache_first_observed,deterministic_shuffle,20260626,false,0,51
single_daily_rollup_default__dataset-pilot-balanced-v1__runtime-default__q01_tenant_rollup__lookback_days-7__min_value-0,q01_tenant_rollup,"{""lookback_days"": 7, ""min_value"": 0}",master-regimes/generated/corpus/clean-run-v1/groups/clean-run-eu-us-gac-v1__pilot-balanced-v1__default__coordinators/queries/single_daily_rollup_default__dataset-pilot-balanced-v1__runtime-default__q01_tenant_rollup__lookback_days-7__min_value-0.sql,"regional_reduction,low_global_fanin",clean-run-eu-us-gac-v1,single_daily_rollup_default__dataset-pilot-balanced-v1__runtime-default,daily_tenant_rollup,single_region_citus,pilot-balanced-v1,default,eu_us_gac,baseline,,well_reduced_localized,pilot,"{""fetch_size"":""none"",""wan_latency"":""none"",""work_mem"":""low""}",supports_reference_join,,,mixed_cache_first_observed,deterministic_shuffle,20260626,false,0,52
single_global_user_default__dataset-pilot-balanced-v1__runtime-default__q07_global_user_segment_join__lookback_days-3__limit_k-50,q07_global_user_segment_join,"{""limit_k"": 50, ""lookback_days"": 3}",master-regimes/generated/corpus/clean-run-v1/groups/clean-run-eu-us-gac-v1__pilot-balanced-v1__default__coordinators/queries/single_global_user_default__dataset-pilot-balanced-v1__runtime-default__q07_global_user_segment_join__lookback_days-3__limit_k-50.sql,"non_colocated_join,repartition_candidate,high_group_cardinality",clean-run-eu-us-gac-v1,single_global_user_default__dataset-pilot-balanced-v1__runtime-default,global_user_topk,single_region_citus,pilot-balanced-v1,default,eu_us_gac,baseline,,join_movement,pilot,"{""fetch_size"":""none"",""wan_latency"":""none"",""work_mem"":""high""}",supports_global_users,,,mixed_cache_first_observed,deterministic_shuffle,20260626,false,0,53
single_user_value_default__dataset-pilot-balanced-v1__runtime-default__q02_global_user_topk__lookback_days-30__limit_k-50,q02_global_user_topk,"{""limit_k"": 50, ""lookback_days"": 30}",master-regimes/generated/corpus/clean-run-v1/groups/clean-run-eu-us-gac-v1__pilot-balanced-v1__default__coordinators/queries/single_user_value_default__dataset-pilot-balanced-v1__runtime-default__q02_global_user_topk__lookback_days-30__limit_k-50.sql,"high_group_cardinality,final_ordering,topk",clean-run-eu-us-gac-v1,single_user_value_default__dataset-pilot-balanced-v1__runtime-default,user_value_topk,single_region_citus,pilot-balanced-v1,default,eu_us_gac,baseline,,gac_finalization_heavy,pilot,"{""fetch_size"":""none"",""wan_latency"":""none"",""work_mem"":""high""}",supports_high_group_cardinality,,,mixed_cache_first_observed,deterministic_shuffle,20260626,false,0,54
single_daily_rollup_default__dataset-pilot-balanced-v1__runtime-default__q01_tenant_rollup__lookback_days-3__min_value-100,q01_tenant_rollup,"{""lookback_days"": 3, ""min_value"": 100}",master-regimes/generated/corpus/clean-run-v1/groups/clean-run-eu-us-gac-v1__pilot-balanced-v1__default__coordinators/queries/single_daily_rollup_default__dataset-pilot-balanced-v1__runtime-default__q01_tenant_rollup__lookback_days-3__min_value-100.sql,"regional_reduction,low_global_fanin",clean-run-eu-us-gac-v1,single_daily_rollup_default__dataset-pilot-balanced-v1__runtime-default,daily_tenant_rollup,single_region_citus,pilot-balanced-v1,default,eu_us_gac,baseline,,well_reduced_localized,pilot,"{""fetch_size"":""none"",""wan_latency"":""none"",""work_mem"":""low""}",supports_reference_join,,,mixed_cache_first_observed,deterministic_shuffle,20260626,false,0,55
single_user_value_default__dataset-pilot-balanced-v1__runtime-default__q02_global_user_topk__lookback_days-3__limit_k-25,q02_global_user_topk,"{""limit_k"": 25, ""lookback_days"": 3}",master-regimes/generated/corpus/clean-run-v1/groups/clean-run-eu-us-gac-v1__pilot-balanced-v1__default__coordinators/queries/single_user_value_default__dataset-pilot-balanced-v1__runtime-default__q02_global_user_topk__lookback_days-3__limit_k-25.sql,"high_group_cardinality,final_ordering,topk",clean-run-eu-us-gac-v1,single_user_value_default__dataset-pilot-balanced-v1__runtime-default,user_value_topk,single_region_citus,pilot-balanced-v1,default,eu_us_gac,baseline,,gac_finalization_heavy,pilot,"{""fetch_size"":""none"",""wan_latency"":""none"",""work_mem"":""high""}",supports_high_group_cardinality,,,mixed_cache_first_observed,deterministic_shuffle,20260626,false,0,56
single_tenant_point_default__dataset-pilot-balanced-v1__runtime-default__q04_tenant_point_rollup__tenant_id-1000__lookback_days-3,q04_tenant_point_rollup,"{""lookback_days"": 3, ""tenant_id"": 1000}",master-regimes/generated/corpus/clean-run-v1/groups/clean-run-eu-us-gac-v1__pilot-balanced-v1__default__coordinators/queries/single_tenant_point_default__dataset-pilot-balanced-v1__runtime-default__q04_tenant_point_rollup__tenant_id-1000__lookback_days-3.sql,"tenant_filter,shard_pruning_candidate,local_aggregate",clean-run-eu-us-gac-v1,single_tenant_point_default__dataset-pilot-balanced-v1__runtime-default,tenant_point_rollup,single_region_citus,pilot-balanced-v1,default,eu_us_gac,negative_control,,well_reduced_localized,pilot,"{""fetch_size"":""none"",""wan_latency"":""none"",""work_mem"":""none""}",,,,mixed_cache_first_observed,deterministic_shuffle,20260626,false,0,57
single_top_tenants_default__dataset-pilot-balanced-v1__runtime-default__q10_top_tenants__lookback_days-1__limit_k-50,q10_top_tenants,"{""limit_k"": 50, ""lookback_days"": 1}",master-regimes/generated/corpus/clean-run-v1/groups/clean-run-eu-us-gac-v1__pilot-balanced-v1__default__coordinators/queries/single_top_tenants_default__dataset-pilot-balanced-v1__runtime-default__q10_top_tenants__lookback_days-1__limit_k-50.sql,"topk,final_ordering,high_group_cardinality",clean-run-eu-us-gac-v1,single_top_tenants_default__dataset-pilot-balanced-v1__runtime-default,top_tenants,single_region_citus,pilot-balanced-v1,default,eu_us_gac,baseline,,gac_finalization_heavy,pilot,"{""fetch_size"":""none"",""wan_latency"":""none"",""work_mem"":""high""}",,,baseline,mixed_cache_first_observed,deterministic_shuffle,20260626,false,0,58
single_tenant_point_default__dataset-pilot-balanced-v1__runtime-default__q04_tenant_point_rollup__tenant_id-10__lookback_days-30,q04_tenant_point_rollup,"{""lookback_days"": 30, ""tenant_id"": 10}",master-regimes/generated/corpus/clean-run-v1/groups/clean-run-eu-us-gac-v1__pilot-balanced-v1__default__coordinators/queries/single_tenant_point_default__dataset-pilot-balanced-v1__runtime-default__q04_tenant_point_rollup__tenant_id-10__lookback_days-30.sql,"tenant_filter,shard_pruning_candidate,local_aggregate",clean-run-eu-us-gac-v1,single_tenant_point_default__dataset-pilot-balanced-v1__runtime-default,tenant_point_rollup,single_region_citus,pilot-balanced-v1,default,eu_us_gac,negative_control,,well_reduced_localized,pilot,"{""fetch_size"":""none"",""wan_latency"":""none"",""work_mem"":""none""}",,,,mixed_cache_first_observed,deterministic_shuffle,20260626,false,0,59
single_tenant_point_default__dataset-pilot-balanced-v1__runtime-default__q04_tenant_point_rollup__tenant_id-10__lookback_days-3,q04_tenant_point_rollup,"{""lookback_days"": 3, ""tenant_id"": 10}",master-regimes/generated/corpus/clean-run-v1/groups/clean-run-eu-us-gac-v1__pilot-balanced-v1__default__coordinators/queries/single_tenant_point_default__dataset-pilot-balanced-v1__runtime-default__q04_tenant_point_rollup__tenant_id-10__lookback_days-3.sql,"tenant_filter,shard_pruning_candidate,local_aggregate",clean-run-eu-us-gac-v1,single_tenant_point_default__dataset-pilot-balanced-v1__runtime-default,tenant_point_rollup,single_region_citus,pilot-balanced-v1,default,eu_us_gac,negative_control,,well_reduced_localized,pilot,"{""fetch_size"":""none"",""wan_latency"":""none"",""work_mem"":""none""}",,,,mixed_cache_first_observed,deterministic_shuffle,20260626,false,0,60
single_daily_rollup_default__dataset-pilot-balanced-v1__runtime-default__q01_tenant_rollup__lookback_days-3__min_value-900,q01_tenant_rollup,"{""lookback_days"": 3, ""min_value"": 900}",master-regimes/generated/corpus/clean-run-v1/groups/clean-run-eu-us-gac-v1__pilot-balanced-v1__default__coordinators/queries/single_daily_rollup_default__dataset-pilot-balanced-v1__runtime-default__q01_tenant_rollup__lookback_days-3__min_value-900.sql,"regional_reduction,low_global_fanin",clean-run-eu-us-gac-v1,single_daily_rollup_default__dataset-pilot-balanced-v1__runtime-default,daily_tenant_rollup,single_region_citus,pilot-balanced-v1,default,eu_us_gac,baseline,,well_reduced_localized,pilot,"{""fetch_size"":""none"",""wan_latency"":""none"",""work_mem"":""low""}",supports_reference_join,,,mixed_cache_first_observed,deterministic_shuffle,20260626,false,0,61
single_event_filter_default__dataset-pilot-balanced-v1__runtime-default__q03_event_filter_summary__lookback_days-3__min_value-0,q03_event_filter_summary,"{""lookback_days"": 3, ""min_value"": 0}",master-regimes/generated/corpus/clean-run-v1/groups/clean-run-eu-us-gac-v1__pilot-balanced-v1__default__coordinators/queries/single_event_filter_default__dataset-pilot-balanced-v1__runtime-default__q03_event_filter_summary__lookback_days-3__min_value-0.sql,"selective_filter,scan_pressure,aggregate",clean-run-eu-us-gac-v1,single_event_filter_default__dataset-pilot-balanced-v1__runtime-default,event_filter_summary,single_region_citus,pilot-balanced-v1,default,eu_us_gac,baseline,,well_reduced_localized,pilot,"{""fetch_size"":""none"",""wan_latency"":""none"",""work_mem"":""none""}",,,,mixed_cache_first_observed,deterministic_shuffle,20260626,false,0,62
single_global_user_default__dataset-pilot-balanced-v1__runtime-default__q07_global_user_segment_join__lookback_days-7__limit_k-100,q07_global_user_segment_join,"{""limit_k"": 100, ""lookback_days"": 7}",master-regimes/generated/corpus/clean-run-v1/groups/clean-run-eu-us-gac-v1__pilot-balanced-v1__default__coordinators/queries/single_global_user_default__dataset-pilot-balanced-v1__runtime-default__q07_global_user_segment_join__lookback_days-7__limit_k-100.sql,"non_colocated_join,repartition_candidate,high_group_cardinality",clean-run-eu-us-gac-v1,single_global_user_default__dataset-pilot-balanced-v1__runtime-default,global_user_topk,single_region_citus,pilot-balanced-v1,default,eu_us_gac,baseline,,join_movement,pilot,"{""fetch_size"":""none"",""wan_latency"":""none"",""work_mem"":""high""}",supports_global_users,,,mixed_cache_first_observed,deterministic_shuffle,20260626,false,0,63
single_tenant_point_default__dataset-pilot-balanced-v1__runtime-default__q04_tenant_point_rollup__tenant_id-10__lookback_days-7,q04_tenant_point_rollup,"{""lookback_days"": 7, ""tenant_id"": 10}",master-regimes/generated/corpus/clean-run-v1/groups/clean-run-eu-us-gac-v1__pilot-balanced-v1__default__coordinators/queries/single_tenant_point_default__dataset-pilot-balanced-v1__runtime-default__q04_tenant_point_rollup__tenant_id-10__lookback_days-7.sql,"tenant_filter,shard_pruning_candidate,local_aggregate",clean-run-eu-us-gac-v1,single_tenant_point_default__dataset-pilot-balanced-v1__runtime-default,tenant_point_rollup,single_region_citus,pilot-balanced-v1,default,eu_us_gac,negative_control,,well_reduced_localized,pilot,"{""fetch_size"":""none"",""wan_latency"":""none"",""work_mem"":""none""}",,,,mixed_cache_first_observed,deterministic_shuffle,20260626,false,0,64
single_tenant_point_default__dataset-pilot-balanced-v1__runtime-default__q04_tenant_point_rollup__tenant_id-100__lookback_days-7,q04_tenant_point_rollup,"{""lookback_days"": 7, ""tenant_id"": 100}",master-regimes/generated/corpus/clean-run-v1/groups/clean-run-eu-us-gac-v1__pilot-balanced-v1__default__coordinators/queries/single_tenant_point_default__dataset-pilot-balanced-v1__runtime-default__q04_tenant_point_rollup__tenant_id-100__lookback_days-7.sql,"tenant_filter,shard_pruning_candidate,local_aggregate",clean-run-eu-us-gac-v1,single_tenant_point_default__dataset-pilot-balanced-v1__runtime-default,tenant_point_rollup,single_region_citus,pilot-balanced-v1,default,eu_us_gac,negative_control,,well_reduced_localized,pilot,"{""fetch_size"":""none"",""wan_latency"":""none"",""work_mem"":""none""}",,,,mixed_cache_first_observed,deterministic_shuffle,20260626,false,0,65
single_global_user_default__dataset-pilot-balanced-v1__runtime-default__q07_global_user_segment_join__lookback_days-30__limit_k-25,q07_global_user_segment_join,"{""limit_k"": 25, ""lookback_days"": 30}",master-regimes/generated/corpus/clean-run-v1/groups/clean-run-eu-us-gac-v1__pilot-balanced-v1__default__coordinators/queries/single_global_user_default__dataset-pilot-balanced-v1__runtime-default__q07_global_user_segment_join__lookback_days-30__limit_k-25.sql,"non_colocated_join,repartition_candidate,high_group_cardinality",clean-run-eu-us-gac-v1,single_global_user_default__dataset-pilot-balanced-v1__runtime-default,global_user_topk,single_region_citus,pilot-balanced-v1,default,eu_us_gac,baseline,,join_movement,pilot,"{""fetch_size"":""none"",""wan_latency"":""none"",""work_mem"":""high""}",supports_global_users,,,mixed_cache_first_observed,deterministic_shuffle,20260626,false,0,66
single_top_tenants_default__dataset-pilot-balanced-v1__runtime-default__q10_top_tenants__lookback_days-30__limit_k-25,q10_top_tenants,"{""limit_k"": 25, ""lookback_days"": 30}",master-regimes/generated/corpus/clean-run-v1/groups/clean-run-eu-us-gac-v1__pilot-balanced-v1__default__coordinators/queries/single_top_tenants_default__dataset-pilot-balanced-v1__runtime-default__q10_top_tenants__lookback_days-30__limit_k-25.sql,"topk,final_ordering,high_group_cardinality",clean-run-eu-us-gac-v1,single_top_tenants_default__dataset-pilot-balanced-v1__runtime-default,top_tenants,single_region_citus,pilot-balanced-v1,default,eu_us_gac,baseline,,gac_finalization_heavy,pilot,"{""fetch_size"":""none"",""wan_latency"":""none"",""work_mem"":""high""}",,,baseline,mixed_cache_first_observed,deterministic_shuffle,20260626,false,0,67
single_top_tenants_default__dataset-pilot-balanced-v1__runtime-default__q10_top_tenants__lookback_days-30__limit_k-100,q10_top_tenants,"{""limit_k"": 100, ""lookback_days"": 30}",master-regimes/generated/corpus/clean-run-v1/groups/clean-run-eu-us-gac-v1__pilot-balanced-v1__default__coordinators/queries/single_top_tenants_default__dataset-pilot-balanced-v1__runtime-default__q10_top_tenants__lookback_days-30__limit_k-100.sql,"topk,final_ordering,high_group_cardinality",clean-run-eu-us-gac-v1,single_top_tenants_default__dataset-pilot-balanced-v1__runtime-default,top_tenants,single_region_citus,pilot-balanced-v1,default,eu_us_gac,baseline,,gac_finalization_heavy,pilot,"{""fetch_size"":""none"",""wan_latency"":""none"",""work_mem"":""high""}",,,baseline,mixed_cache_first_observed,deterministic_shuffle,20260626,false,0,68
single_user_segment_default__dataset-pilot-balanced-v1__runtime-default__q06_user_segment_join__lookback_days-14__limit_k-50,q06_user_segment_join,"{""limit_k"": 50, ""lookback_days"": 14}",master-regimes/generated/corpus/clean-run-v1/groups/clean-run-eu-us-gac-v1__pilot-balanced-v1__default__coordinators/queries/single_user_segment_default__dataset-pilot-balanced-v1__runtime-default__q06_user_segment_join__lookback_days-14__limit_k-50.sql,"colocated_join,high_group_cardinality,topk",clean-run-eu-us-gac-v1,single_user_segment_default__dataset-pilot-balanced-v1__runtime-default,user_segment_topk,single_region_citus,pilot-balanced-v1,default,eu_us_gac,baseline,,well_reduced_localized,pilot,"{""fetch_size"":""none"",""wan_latency"":""none"",""work_mem"":""high""}",supports_colocated_user_join,,,mixed_cache_first_observed,deterministic_shuffle,20260626,false,0,69
single_daily_rollup_default__dataset-pilot-balanced-v1__runtime-default__q01_tenant_rollup__lookback_days-30__min_value-100,q01_tenant_rollup,"{""lookback_days"": 30, ""min_value"": 100}",master-regimes/generated/corpus/clean-run-v1/groups/clean-run-eu-us-gac-v1__pilot-balanced-v1__default__coordinators/queries/single_daily_rollup_default__dataset-pilot-balanced-v1__runtime-default__q01_tenant_rollup__lookback_days-30__min_value-100.sql,"regional_reduction,low_global_fanin",clean-run-eu-us-gac-v1,single_daily_rollup_default__dataset-pilot-balanced-v1__runtime-default,daily_tenant_rollup,single_region_citus,pilot-balanced-v1,default,eu_us_gac,baseline,,well_reduced_localized,pilot,"{""fetch_size"":""none"",""wan_latency"":""none"",""work_mem"":""low""}",supports_reference_join,,,mixed_cache_first_observed,deterministic_shuffle,20260626,false,0,70
single_top_tenants_default__dataset-pilot-balanced-v1__runtime-default__q10_top_tenants__lookback_days-7__limit_k-100,q10_top_tenants,"{""limit_k"": 100, ""lookback_days"": 7}",master-regimes/generated/corpus/clean-run-v1/groups/clean-run-eu-us-gac-v1__pilot-balanced-v1__default__coordinators/queries/single_top_tenants_default__dataset-pilot-balanced-v1__runtime-default__q10_top_tenants__lookback_days-7__limit_k-100.sql,"topk,final_ordering,high_group_cardinality",clean-run-eu-us-gac-v1,single_top_tenants_default__dataset-pilot-balanced-v1__runtime-default,top_tenants,single_region_citus,pilot-balanced-v1,default,eu_us_gac,baseline,,gac_finalization_heavy,pilot,"{""fetch_size"":""none"",""wan_latency"":""none"",""work_mem"":""high""}",,,baseline,mixed_cache_first_observed,deterministic_shuffle,20260626,false,0,71
single_event_full_scan_default__dataset-pilot-balanced-v1__runtime-default__q09_event_full_scan_summary__case-001,q09_event_full_scan_summary,{},master-regimes/generated/corpus/clean-run-v1/groups/clean-run-eu-us-gac-v1__pilot-balanced-v1__default__coordinators/queries/single_event_full_scan_default__dataset-pilot-balanced-v1__runtime-default__q09_event_full_scan_summary__case-001.sql,"full_scan,aggregate,scan_pressure",clean-run-eu-us-gac-v1,single_event_full_scan_default__dataset-pilot-balanced-v1__runtime-default,event_full_scan_summary,single_region_citus,pilot-balanced-v1,default,eu_us_gac,baseline,,well_reduced_localized,pilot,"{""fetch_size"":""none"",""wan_latency"":""none"",""work_mem"":""low""}",,,,mixed_cache_first_observed,deterministic_shuffle,20260626,false,0,72
single_top_tenants_default__dataset-pilot-balanced-v1__runtime-default__q10_top_tenants__lookback_days-14__limit_k-100,q10_top_tenants,"{""limit_k"": 100, ""lookback_days"": 14}",master-regimes/generated/corpus/clean-run-v1/groups/clean-run-eu-us-gac-v1__pilot-balanced-v1__default__coordinators/queries/single_top_tenants_default__dataset-pilot-balanced-v1__runtime-default__q10_top_tenants__lookback_days-14__limit_k-100.sql,"topk,final_ordering,high_group_cardinality",clean-run-eu-us-gac-v1,single_top_tenants_default__dataset-pilot-balanced-v1__runtime-default,top_tenants,single_region_citus,pilot-balanced-v1,default,eu_us_gac,baseline,,gac_finalization_heavy,pilot,"{""fetch_size"":""none"",""wan_latency"":""none"",""work_mem"":""high""}",,,baseline,mixed_cache_first_observed,deterministic_shuffle,20260626,false,0,73
single_tenant_point_default__dataset-pilot-balanced-v1__runtime-default__q04_tenant_point_rollup__tenant_id-500__lookback_days-14,q04_tenant_point_rollup,"{""lookback_days"": 14, ""tenant_id"": 500}",master-regimes/generated/corpus/clean-run-v1/groups/clean-run-eu-us-gac-v1__pilot-balanced-v1__default__coordinators/queries/single_tenant_point_default__dataset-pilot-balanced-v1__runtime-default__q04_tenant_point_rollup__tenant_id-500__lookback_days-14.sql,"tenant_filter,shard_pruning_candidate,local_aggregate",clean-run-eu-us-gac-v1,single_tenant_point_default__dataset-pilot-balanced-v1__runtime-default,tenant_point_rollup,single_region_citus,pilot-balanced-v1,default,eu_us_gac,negative_control,,well_reduced_localized,pilot,"{""fetch_size"":""none"",""wan_latency"":""none"",""work_mem"":""none""}",,,,mixed_cache_first_observed,deterministic_shuffle,20260626,false,0,74
single_event_filter_default__dataset-pilot-balanced-v1__runtime-default__q03_event_filter_summary__lookback_days-1__min_value-500,q03_event_filter_summary,"{""lookback_days"": 1, ""min_value"": 500}",master-regimes/generated/corpus/clean-run-v1/groups/clean-run-eu-us-gac-v1__pilot-balanced-v1__default__coordinators/queries/single_event_filter_default__dataset-pilot-balanced-v1__runtime-default__q03_event_filter_summary__lookback_days-1__min_value-500.sql,"selective_filter,scan_pressure,aggregate",clean-run-eu-us-gac-v1,single_event_filter_default__dataset-pilot-balanced-v1__runtime-default,event_filter_summary,single_region_citus,pilot-balanced-v1,default,eu_us_gac,baseline,,well_reduced_localized,pilot,"{""fetch_size"":""none"",""wan_latency"":""none"",""work_mem"":""none""}",,,,mixed_cache_first_observed,deterministic_shuffle,20260626,false,0,75
single_tenant_point_default__dataset-pilot-balanced-v1__runtime-default__q04_tenant_point_rollup__tenant_id-5__lookback_days-7,q04_tenant_point_rollup,"{""lookback_days"": 7, ""tenant_id"": 5}",master-regimes/generated/corpus/clean-run-v1/groups/clean-run-eu-us-gac-v1__pilot-balanced-v1__default__coordinators/queries/single_tenant_point_default__dataset-pilot-balanced-v1__runtime-default__q04_tenant_point_rollup__tenant_id-5__lookback_days-7.sql,"tenant_filter,shard_pruning_candidate,local_aggregate",clean-run-eu-us-gac-v1,single_tenant_point_default__dataset-pilot-balanced-v1__runtime-default,tenant_point_rollup,single_region_citus,pilot-balanced-v1,default,eu_us_gac,negative_control,,well_reduced_localized,pilot,"{""fetch_size"":""none"",""wan_latency"":""none"",""work_mem"":""none""}",,,,mixed_cache_first_observed,deterministic_shuffle,20260626,false,0,76
single_daily_rollup_default__dataset-pilot-balanced-v1__runtime-default__q01_tenant_rollup__lookback_days-7__min_value-100,q01_tenant_rollup,"{""lookback_days"": 7, ""min_value"": 100}",master-regimes/generated/corpus/clean-run-v1/groups/clean-run-eu-us-gac-v1__pilot-balanced-v1__default__coordinators/queries/single_daily_rollup_default__dataset-pilot-balanced-v1__runtime-default__q01_tenant_rollup__lookback_days-7__min_value-100.sql,"regional_reduction,low_global_fanin",clean-run-eu-us-gac-v1,single_daily_rollup_default__dataset-pilot-balanced-v1__runtime-default,daily_tenant_rollup,single_region_citus,pilot-balanced-v1,default,eu_us_gac,baseline,,well_reduced_localized,pilot,"{""fetch_size"":""none"",""wan_latency"":""none"",""work_mem"":""low""}",supports_reference_join,,,mixed_cache_first_observed,deterministic_shuffle,20260626,false,0,77
single_tenant_point_default__dataset-pilot-balanced-v1__runtime-default__q04_tenant_point_rollup__tenant_id-5__lookback_days-1,q04_tenant_point_rollup,"{""lookback_days"": 1, ""tenant_id"": 5}",master-regimes/generated/corpus/clean-run-v1/groups/clean-run-eu-us-gac-v1__pilot-balanced-v1__default__coordinators/queries/single_tenant_point_default__dataset-pilot-balanced-v1__runtime-default__q04_tenant_point_rollup__tenant_id-5__lookback_days-1.sql,"tenant_filter,shard_pruning_candidate,local_aggregate",clean-run-eu-us-gac-v1,single_tenant_point_default__dataset-pilot-balanced-v1__runtime-default,tenant_point_rollup,single_region_citus,pilot-balanced-v1,default,eu_us_gac,negative_control,,well_reduced_localized,pilot,"{""fetch_size"":""none"",""wan_latency"":""none"",""work_mem"":""none""}",,,,mixed_cache_first_observed,deterministic_shuffle,20260626,false,0,78
single_multi_dimension_default__dataset-pilot-balanced-v1__runtime-default__q08_multi_dimension_rollup__lookback_days-30__limit_k-10,q08_multi_dimension_rollup,"{""limit_k"": 10, ""lookback_days"": 30}",master-regimes/generated/corpus/clean-run-v1/groups/clean-run-eu-us-gac-v1__pilot-balanced-v1__default__coordinators/queries/single_multi_dimension_default__dataset-pilot-balanced-v1__runtime-default__q08_multi_dimension_rollup__lookback_days-30__limit_k-10.sql,"multi_join,reference_join,colocated_join,daily_group_by",clean-run-eu-us-gac-v1,single_multi_dimension_default__dataset-pilot-balanced-v1__runtime-default,multi_dimension_rollup,single_region_citus,pilot-balanced-v1,default,eu_us_gac,baseline,,"join_movement,gac_finalization_heavy",pilot,"{""fetch_size"":""none"",""wan_latency"":""none"",""work_mem"":""high""}",,,,mixed_cache_first_observed,deterministic_shuffle,20260626,false,0,79
single_daily_rollup_default__dataset-pilot-balanced-v1__runtime-default__q01_tenant_rollup__lookback_days-1__min_value-0,q01_tenant_rollup,"{""lookback_days"": 1, ""min_value"": 0}",master-regimes/generated/corpus/clean-run-v1/groups/clean-run-eu-us-gac-v1__pilot-balanced-v1__default__coordinators/queries/single_daily_rollup_default__dataset-pilot-balanced-v1__runtime-default__q01_tenant_rollup__lookback_days-1__min_value-0.sql,"regional_reduction,low_global_fanin",clean-run-eu-us-gac-v1,single_daily_rollup_default__dataset-pilot-balanced-v1__runtime-default,daily_tenant_rollup,single_region_citus,pilot-balanced-v1,default,eu_us_gac,baseline,,well_reduced_localized,pilot,"{""fetch_size"":""none"",""wan_latency"":""none"",""work_mem"":""low""}",supports_reference_join,,,mixed_cache_first_observed,deterministic_shuffle,20260626,false,0,80
single_user_segment_default__dataset-pilot-balanced-v1__runtime-default__q06_user_segment_join__lookback_days-14__limit_k-100,q06_user_segment_join,"{""limit_k"": 100, ""lookback_days"": 14}",master-regimes/generated/corpus/clean-run-v1/groups/clean-run-eu-us-gac-v1__pilot-balanced-v1__default__coordinators/queries/single_user_segment_default__dataset-pilot-balanced-v1__runtime-default__q06_user_segment_join__lookback_days-14__limit_k-100.sql,"colocated_join,high_group_cardinality,topk",clean-run-eu-us-gac-v1,single_user_segment_default__dataset-pilot-balanced-v1__runtime-default,user_segment_topk,single_region_citus,pilot-balanced-v1,default,eu_us_gac,baseline,,well_reduced_localized,pilot,"{""fetch_size"":""none"",""wan_latency"":""none"",""work_mem"":""high""}",supports_colocated_user_join,,,mixed_cache_first_observed,deterministic_shuffle,20260626,false,0,81
single_user_segment_default__dataset-pilot-balanced-v1__runtime-default__q06_user_segment_join__lookback_days-30__limit_k-50,q06_user_segment_join,"{""limit_k"": 50, ""lookback_days"": 30}",master-regimes/generated/corpus/clean-run-v1/groups/clean-run-eu-us-gac-v1__pilot-balanced-v1__default__coordinators/queries/single_user_segment_default__dataset-pilot-balanced-v1__runtime-default__q06_user_segment_join__lookback_days-30__limit_k-50.sql,"colocated_join,high_group_cardinality,topk",clean-run-eu-us-gac-v1,single_user_segment_default__dataset-pilot-balanced-v1__runtime-default,user_segment_topk,single_region_citus,pilot-balanced-v1,default,eu_us_gac,baseline,,well_reduced_localized,pilot,"{""fetch_size"":""none"",""wan_latency"":""none"",""work_mem"":""high""}",supports_colocated_user_join,,,mixed_cache_first_observed,deterministic_shuffle,20260626,false,0,82
single_user_segment_default__dataset-pilot-balanced-v1__runtime-default__q06_user_segment_join__lookback_days-3__limit_k-50,q06_user_segment_join,"{""limit_k"": 50, ""lookback_days"": 3}",master-regimes/generated/corpus/clean-run-v1/groups/clean-run-eu-us-gac-v1__pilot-balanced-v1__default__coordinators/queries/single_user_segment_default__dataset-pilot-balanced-v1__runtime-default__q06_user_segment_join__lookback_days-3__limit_k-50.sql,"colocated_join,high_group_cardinality,topk",clean-run-eu-us-gac-v1,single_user_segment_default__dataset-pilot-balanced-v1__runtime-default,user_segment_topk,single_region_citus,pilot-balanced-v1,default,eu_us_gac,baseline,,well_reduced_localized,pilot,"{""fetch_size"":""none"",""wan_latency"":""none"",""work_mem"":""high""}",supports_colocated_user_join,,,mixed_cache_first_observed,deterministic_shuffle,20260626,false,0,83
single_tenant_point_default__dataset-pilot-balanced-v1__runtime-default__q04_tenant_point_rollup__tenant_id-1000__lookback_days-1,q04_tenant_point_rollup,"{""lookback_days"": 1, ""tenant_id"": 1000}",master-regimes/generated/corpus/clean-run-v1/groups/clean-run-eu-us-gac-v1__pilot-balanced-v1__default__coordinators/queries/single_tenant_point_default__dataset-pilot-balanced-v1__runtime-default__q04_tenant_point_rollup__tenant_id-1000__lookback_days-1.sql,"tenant_filter,shard_pruning_candidate,local_aggregate",clean-run-eu-us-gac-v1,single_tenant_point_default__dataset-pilot-balanced-v1__runtime-default,tenant_point_rollup,single_region_citus,pilot-balanced-v1,default,eu_us_gac,negative_control,,well_reduced_localized,pilot,"{""fetch_size"":""none"",""wan_latency"":""none"",""work_mem"":""none""}",,,,mixed_cache_first_observed,deterministic_shuffle,20260626,false,0,84
single_event_filter_default__dataset-pilot-balanced-v1__runtime-default__q03_event_filter_summary__lookback_days-30__min_value-100,q03_event_filter_summary,"{""lookback_days"": 30, ""min_value"": 100}",master-regimes/generated/corpus/clean-run-v1/groups/clean-run-eu-us-gac-v1__pilot-balanced-v1__default__coordinators/queries/single_event_filter_default__dataset-pilot-balanced-v1__runtime-default__q03_event_filter_summary__lookback_days-30__min_value-100.sql,"selective_filter,scan_pressure,aggregate",clean-run-eu-us-gac-v1,single_event_filter_default__dataset-pilot-balanced-v1__runtime-default,event_filter_summary,single_region_citus,pilot-balanced-v1,default,eu_us_gac,baseline,,well_reduced_localized,pilot,"{""fetch_size"":""none"",""wan_latency"":""none"",""work_mem"":""none""}",,,,mixed_cache_first_observed,deterministic_shuffle,20260626,false,0,85
single_multi_dimension_default__dataset-pilot-balanced-v1__runtime-default__q08_multi_dimension_rollup__lookback_days-1__limit_k-100,q08_multi_dimension_rollup,"{""limit_k"": 100, ""lookback_days"": 1}",master-regimes/generated/corpus/clean-run-v1/groups/clean-run-eu-us-gac-v1__pilot-balanced-v1__default__coordinators/queries/single_multi_dimension_default__dataset-pilot-balanced-v1__runtime-default__q08_multi_dimension_rollup__lookback_days-1__limit_k-100.sql,"multi_join,reference_join,colocated_join,daily_group_by",clean-run-eu-us-gac-v1,single_multi_dimension_default__dataset-pilot-balanced-v1__runtime-default,multi_dimension_rollup,single_region_citus,pilot-balanced-v1,default,eu_us_gac,baseline,,"join_movement,gac_finalization_heavy",pilot,"{""fetch_size"":""none"",""wan_latency"":""none"",""work_mem"":""high""}",,,,mixed_cache_first_observed,deterministic_shuffle,20260626,false,0,86
single_global_user_default__dataset-pilot-balanced-v1__runtime-default__q07_global_user_segment_join__lookback_days-7__limit_k-50,q07_global_user_segment_join,"{""limit_k"": 50, ""lookback_days"": 7}",master-regimes/generated/corpus/clean-run-v1/groups/clean-run-eu-us-gac-v1__pilot-balanced-v1__default__coordinators/queries/single_global_user_default__dataset-pilot-balanced-v1__runtime-default__q07_global_user_segment_join__lookback_days-7__limit_k-50.sql,"non_colocated_join,repartition_candidate,high_group_cardinality",clean-run-eu-us-gac-v1,single_global_user_default__dataset-pilot-balanced-v1__runtime-default,global_user_topk,single_region_citus,pilot-balanced-v1,default,eu_us_gac,baseline,,join_movement,pilot,"{""fetch_size"":""none"",""wan_latency"":""none"",""work_mem"":""high""}",supports_global_users,,,mixed_cache_first_observed,deterministic_shuffle,20260626,false,0,87
single_event_filter_default__dataset-pilot-balanced-v1__runtime-default__q03_event_filter_summary__lookback_days-30__min_value-900,q03_event_filter_summary,"{""lookback_days"": 30, ""min_value"": 900}",master-regimes/generated/corpus/clean-run-v1/groups/clean-run-eu-us-gac-v1__pilot-balanced-v1__default__coordinators/queries/single_event_filter_default__dataset-pilot-balanced-v1__runtime-default__q03_event_filter_summary__lookback_days-30__min_value-900.sql,"selective_filter,scan_pressure,aggregate",clean-run-eu-us-gac-v1,single_event_filter_default__dataset-pilot-balanced-v1__runtime-default,event_filter_summary,single_region_citus,pilot-balanced-v1,default,eu_us_gac,baseline,,well_reduced_localized,pilot,"{""fetch_size"":""none"",""wan_latency"":""none"",""work_mem"":""none""}",,,,mixed_cache_first_observed,deterministic_shuffle,20260626,false,0,88
single_tenant_point_default__dataset-pilot-balanced-v1__runtime-default__q04_tenant_point_rollup__tenant_id-100__lookback_days-3,q04_tenant_point_rollup,"{""lookback_days"": 3, ""tenant_id"": 100}",master-regimes/generated/corpus/clean-run-v1/groups/clean-run-eu-us-gac-v1__pilot-balanced-v1__default__coordinators/queries/single_tenant_point_default__dataset-pilot-balanced-v1__runtime-default__q04_tenant_point_rollup__tenant_id-100__lookback_days-3.sql,"tenant_filter,shard_pruning_candidate,local_aggregate",clean-run-eu-us-gac-v1,single_tenant_point_default__dataset-pilot-balanced-v1__runtime-default,tenant_point_rollup,single_region_citus,pilot-balanced-v1,default,eu_us_gac,negative_control,,well_reduced_localized,pilot,"{""fetch_size"":""none"",""wan_latency"":""none"",""work_mem"":""none""}",,,,mixed_cache_first_observed,deterministic_shuffle,20260626,false,0,89
single_daily_rollup_default__dataset-pilot-balanced-v1__runtime-default__q01_tenant_rollup__lookback_days-1__min_value-900,q01_tenant_rollup,"{""lookback_days"": 1, ""min_value"": 900}",master-regimes/generated/corpus/clean-run-v1/groups/clean-run-eu-us-gac-v1__pilot-balanced-v1__default__coordinators/queries/single_daily_rollup_default__dataset-pilot-balanced-v1__runtime-default__q01_tenant_rollup__lookback_days-1__min_value-900.sql,"regional_reduction,low_global_fanin",clean-run-eu-us-gac-v1,single_daily_rollup_default__dataset-pilot-balanced-v1__runtime-default,daily_tenant_rollup,single_region_citus,pilot-balanced-v1,default,eu_us_gac,baseline,,well_reduced_localized,pilot,"{""fetch_size"":""none"",""wan_latency"":""none"",""work_mem"":""low""}",supports_reference_join,,,mixed_cache_first_observed,deterministic_shuffle,20260626,false,0,90
single_user_segment_default__dataset-pilot-balanced-v1__runtime-default__q06_user_segment_join__lookback_days-3__limit_k-10,q06_user_segment_join,"{""limit_k"": 10, ""lookback_days"": 3}",master-regimes/generated/corpus/clean-run-v1/groups/clean-run-eu-us-gac-v1__pilot-balanced-v1__default__coordinators/queries/single_user_segment_default__dataset-pilot-balanced-v1__runtime-default__q06_user_segment_join__lookback_days-3__limit_k-10.sql,"colocated_join,high_group_cardinality,topk",clean-run-eu-us-gac-v1,single_user_segment_default__dataset-pilot-balanced-v1__runtime-default,user_segment_topk,single_region_citus,pilot-balanced-v1,default,eu_us_gac,baseline,,well_reduced_localized,pilot,"{""fetch_size"":""none"",""wan_latency"":""none"",""work_mem"":""high""}",supports_colocated_user_join,,,mixed_cache_first_observed,deterministic_shuffle,20260626,false,0,91
single_tenant_tier_join_default__dataset-pilot-balanced-v1__runtime-default__q05_tenant_tier_daily_join__lookback_days-14,q05_tenant_tier_daily_join,"{""lookback_days"": 14}",master-regimes/generated/corpus/clean-run-v1/groups/clean-run-eu-us-gac-v1__pilot-balanced-v1__default__coordinators/queries/single_tenant_tier_join_default__dataset-pilot-balanced-v1__runtime-default__q05_tenant_tier_daily_join__lookback_days-14.sql,"reference_join,daily_group_by,distributed_aggregate",clean-run-eu-us-gac-v1,single_tenant_tier_join_default__dataset-pilot-balanced-v1__runtime-default,tenant_tier_daily_join,single_region_citus,pilot-balanced-v1,default,eu_us_gac,baseline,,well_reduced_localized,pilot,"{""fetch_size"":""none"",""wan_latency"":""none"",""work_mem"":""high""}",,,,mixed_cache_first_observed,deterministic_shuffle,20260626,false,0,92
single_tenant_point_default__dataset-pilot-balanced-v1__runtime-default__q04_tenant_point_rollup__tenant_id-1__lookback_days-30,q04_tenant_point_rollup,"{""lookback_days"": 30, ""tenant_id"": 1}",master-regimes/generated/corpus/clean-run-v1/groups/clean-run-eu-us-gac-v1__pilot-balanced-v1__default__coordinators/queries/single_tenant_point_default__dataset-pilot-balanced-v1__runtime-default__q04_tenant_point_rollup__tenant_id-1__lookback_days-30.sql,"tenant_filter,shard_pruning_candidate,local_aggregate",clean-run-eu-us-gac-v1,single_tenant_point_default__dataset-pilot-balanced-v1__runtime-default,tenant_point_rollup,single_region_citus,pilot-balanced-v1,default,eu_us_gac,negative_control,,well_reduced_localized,pilot,"{""fetch_size"":""none"",""wan_latency"":""none"",""work_mem"":""none""}",,,,mixed_cache_first_observed,deterministic_shuffle,20260626,false,0,93
single_user_value_default__dataset-pilot-balanced-v1__runtime-default__q02_global_user_topk__lookback_days-30__limit_k-100,q02_global_user_topk,"{""limit_k"": 100, ""lookback_days"": 30}",master-regimes/generated/corpus/clean-run-v1/groups/clean-run-eu-us-gac-v1__pilot-balanced-v1__default__coordinators/queries/single_user_value_default__dataset-pilot-balanced-v1__runtime-default__q02_global_user_topk__lookback_days-30__limit_k-100.sql,"high_group_cardinality,final_ordering,topk",clean-run-eu-us-gac-v1,single_user_value_default__dataset-pilot-balanced-v1__runtime-default,user_value_topk,single_region_citus,pilot-balanced-v1,default,eu_us_gac,baseline,,gac_finalization_heavy,pilot,"{""fetch_size"":""none"",""wan_latency"":""none"",""work_mem"":""high""}",supports_high_group_cardinality,,,mixed_cache_first_observed,deterministic_shuffle,20260626,false,0,94
single_tenant_point_default__dataset-pilot-balanced-v1__runtime-default__q04_tenant_point_rollup__tenant_id-500__lookback_days-7,q04_tenant_point_rollup,"{""lookback_days"": 7, ""tenant_id"": 500}",master-regimes/generated/corpus/clean-run-v1/groups/clean-run-eu-us-gac-v1__pilot-balanced-v1__default__coordinators/queries/single_tenant_point_default__dataset-pilot-balanced-v1__runtime-default__q04_tenant_point_rollup__tenant_id-500__lookback_days-7.sql,"tenant_filter,shard_pruning_candidate,local_aggregate",clean-run-eu-us-gac-v1,single_tenant_point_default__dataset-pilot-balanced-v1__runtime-default,tenant_point_rollup,single_region_citus,pilot-balanced-v1,default,eu_us_gac,negative_control,,well_reduced_localized,pilot,"{""fetch_size"":""none"",""wan_latency"":""none"",""work_mem"":""none""}",,,,mixed_cache_first_observed,deterministic_shuffle,20260626,false,0,95
single_tenant_point_default__dataset-pilot-balanced-v1__runtime-default__q04_tenant_point_rollup__tenant_id-1__lookback_days-1,q04_tenant_point_rollup,"{""lookback_days"": 1, ""tenant_id"": 1}",master-regimes/generated/corpus/clean-run-v1/groups/clean-run-eu-us-gac-v1__pilot-balanced-v1__default__coordinators/queries/single_tenant_point_default__dataset-pilot-balanced-v1__runtime-default__q04_tenant_point_rollup__tenant_id-1__lookback_days-1.sql,"tenant_filter,shard_pruning_candidate,local_aggregate",clean-run-eu-us-gac-v1,single_tenant_point_default__dataset-pilot-balanced-v1__runtime-default,tenant_point_rollup,single_region_citus,pilot-balanced-v1,default,eu_us_gac,negative_control,,well_reduced_localized,pilot,"{""fetch_size"":""none"",""wan_latency"":""none"",""work_mem"":""none""}",,,,mixed_cache_first_observed,deterministic_shuffle,20260626,false,0,96
single_top_tenants_default__dataset-pilot-balanced-v1__runtime-default__q10_top_tenants__lookback_days-30__limit_k-50,q10_top_tenants,"{""limit_k"": 50, ""lookback_days"": 30}",master-regimes/generated/corpus/clean-run-v1/groups/clean-run-eu-us-gac-v1__pilot-balanced-v1__default__coordinators/queries/single_top_tenants_default__dataset-pilot-balanced-v1__runtime-default__q10_top_tenants__lookback_days-30__limit_k-50.sql,"topk,final_ordering,high_group_cardinality",clean-run-eu-us-gac-v1,single_top_tenants_default__dataset-pilot-balanced-v1__runtime-default,top_tenants,single_region_citus,pilot-balanced-v1,default,eu_us_gac,baseline,,gac_finalization_heavy,pilot,"{""fetch_size"":""none"",""wan_latency"":""none"",""work_mem"":""high""}",,,baseline,mixed_cache_first_observed,deterministic_shuffle,20260626,false,0,97
single_tenant_point_default__dataset-pilot-balanced-v1__runtime-default__q04_tenant_point_rollup__tenant_id-1000__lookback_days-7,q04_tenant_point_rollup,"{""lookback_days"": 7, ""tenant_id"": 1000}",master-regimes/generated/corpus/clean-run-v1/groups/clean-run-eu-us-gac-v1__pilot-balanced-v1__default__coordinators/queries/single_tenant_point_default__dataset-pilot-balanced-v1__runtime-default__q04_tenant_point_rollup__tenant_id-1000__lookback_days-7.sql,"tenant_filter,shard_pruning_candidate,local_aggregate",clean-run-eu-us-gac-v1,single_tenant_point_default__dataset-pilot-balanced-v1__runtime-default,tenant_point_rollup,single_region_citus,pilot-balanced-v1,default,eu_us_gac,negative_control,,well_reduced_localized,pilot,"{""fetch_size"":""none"",""wan_latency"":""none"",""work_mem"":""none""}",,,,mixed_cache_first_observed,deterministic_shuffle,20260626,false,0,98
single_multi_dimension_default__dataset-pilot-balanced-v1__runtime-default__q08_multi_dimension_rollup__lookback_days-3__limit_k-25,q08_multi_dimension_rollup,"{""limit_k"": 25, ""lookback_days"": 3}",master-regimes/generated/corpus/clean-run-v1/groups/clean-run-eu-us-gac-v1__pilot-balanced-v1__default__coordinators/queries/single_multi_dimension_default__dataset-pilot-balanced-v1__runtime-default__q08_multi_dimension_rollup__lookback_days-3__limit_k-25.sql,"multi_join,reference_join,colocated_join,daily_group_by",clean-run-eu-us-gac-v1,single_multi_dimension_default__dataset-pilot-balanced-v1__runtime-default,multi_dimension_rollup,single_region_citus,pilot-balanced-v1,default,eu_us_gac,baseline,,"join_movement,gac_finalization_heavy",pilot,"{""fetch_size"":""none"",""wan_latency"":""none"",""work_mem"":""high""}",,,,mixed_cache_first_observed,deterministic_shuffle,20260626,false,0,99
single_top_tenants_default__dataset-pilot-balanced-v1__runtime-default__q10_top_tenants__lookback_days-14__limit_k-25,q10_top_tenants,"{""limit_k"": 25, ""lookback_days"": 14}",master-regimes/generated/corpus/clean-run-v1/groups/clean-run-eu-us-gac-v1__pilot-balanced-v1__default__coordinators/queries/single_top_tenants_default__dataset-pilot-balanced-v1__runtime-default__q10_top_tenants__lookback_days-14__limit_k-25.sql,"topk,final_ordering,high_group_cardinality",clean-run-eu-us-gac-v1,single_top_tenants_default__dataset-pilot-balanced-v1__runtime-default,top_tenants,single_region_citus,pilot-balanced-v1,default,eu_us_gac,baseline,,gac_finalization_heavy,pilot,"{""fetch_size"":""none"",""wan_latency"":""none"",""work_mem"":""high""}",,,baseline,mixed_cache_first_observed,deterministic_shuffle,20260626,false,0,100
single_global_user_default__dataset-pilot-balanced-v1__runtime-default__q07_global_user_segment_join__lookback_days-3__limit_k-25,q07_global_user_segment_join,"{""limit_k"": 25, ""lookback_days"": 3}",master-regimes/generated/corpus/clean-run-v1/groups/clean-run-eu-us-gac-v1__pilot-balanced-v1__default__coordinators/queries/single_global_user_default__dataset-pilot-balanced-v1__runtime-default__q07_global_user_segment_join__lookback_days-3__limit_k-25.sql,"non_colocated_join,repartition_candidate,high_group_cardinality",clean-run-eu-us-gac-v1,single_global_user_default__dataset-pilot-balanced-v1__runtime-default,global_user_topk,single_region_citus,pilot-balanced-v1,default,eu_us_gac,baseline,,join_movement,pilot,"{""fetch_size"":""none"",""wan_latency"":""none"",""work_mem"":""high""}",supports_global_users,,,mixed_cache_first_observed,deterministic_shuffle,20260626,false,0,101
single_tenant_tier_join_default__dataset-pilot-balanced-v1__runtime-default__q05_tenant_tier_daily_join__lookback_days-3,q05_tenant_tier_daily_join,"{""lookback_days"": 3}",master-regimes/generated/corpus/clean-run-v1/groups/clean-run-eu-us-gac-v1__pilot-balanced-v1__default__coordinators/queries/single_tenant_tier_join_default__dataset-pilot-balanced-v1__runtime-default__q05_tenant_tier_daily_join__lookback_days-3.sql,"reference_join,daily_group_by,distributed_aggregate",clean-run-eu-us-gac-v1,single_tenant_tier_join_default__dataset-pilot-balanced-v1__runtime-default,tenant_tier_daily_join,single_region_citus,pilot-balanced-v1,default,eu_us_gac,baseline,,well_reduced_localized,pilot,"{""fetch_size"":""none"",""wan_latency"":""none"",""work_mem"":""high""}",,,,mixed_cache_first_observed,deterministic_shuffle,20260626,false,0,102
single_event_filter_default__dataset-pilot-balanced-v1__runtime-default__q03_event_filter_summary__lookback_days-7__min_value-900,q03_event_filter_summary,"{""lookback_days"": 7, ""min_value"": 900}",master-regimes/generated/corpus/clean-run-v1/groups/clean-run-eu-us-gac-v1__pilot-balanced-v1__default__coordinators/queries/single_event_filter_default__dataset-pilot-balanced-v1__runtime-default__q03_event_filter_summary__lookback_days-7__min_value-900.sql,"selective_filter,scan_pressure,aggregate",clean-run-eu-us-gac-v1,single_event_filter_default__dataset-pilot-balanced-v1__runtime-default,event_filter_summary,single_region_citus,pilot-balanced-v1,default,eu_us_gac,baseline,,well_reduced_localized,pilot,"{""fetch_size"":""none"",""wan_latency"":""none"",""work_mem"":""none""}",,,,mixed_cache_first_observed,deterministic_shuffle,20260626,false,0,103
single_tenant_point_default__dataset-pilot-balanced-v1__runtime-default__q04_tenant_point_rollup__tenant_id-100__lookback_days-1,q04_tenant_point_rollup,"{""lookback_days"": 1, ""tenant_id"": 100}",master-regimes/generated/corpus/clean-run-v1/groups/clean-run-eu-us-gac-v1__pilot-balanced-v1__default__coordinators/queries/single_tenant_point_default__dataset-pilot-balanced-v1__runtime-default__q04_tenant_point_rollup__tenant_id-100__lookback_days-1.sql,"tenant_filter,shard_pruning_candidate,local_aggregate",clean-run-eu-us-gac-v1,single_tenant_point_default__dataset-pilot-balanced-v1__runtime-default,tenant_point_rollup,single_region_citus,pilot-balanced-v1,default,eu_us_gac,negative_control,,well_reduced_localized,pilot,"{""fetch_size"":""none"",""wan_latency"":""none"",""work_mem"":""none""}",,,,mixed_cache_first_observed,deterministic_shuffle,20260626,false,0,104
single_top_tenants_default__dataset-pilot-balanced-v1__runtime-default__q10_top_tenants__lookback_days-3__limit_k-25,q10_top_tenants,"{""limit_k"": 25, ""lookback_days"": 3}",master-regimes/generated/corpus/clean-run-v1/groups/clean-run-eu-us-gac-v1__pilot-balanced-v1__default__coordinators/queries/single_top_tenants_default__dataset-pilot-balanced-v1__runtime-default__q10_top_tenants__lookback_days-3__limit_k-25.sql,"topk,final_ordering,high_group_cardinality",clean-run-eu-us-gac-v1,single_top_tenants_default__dataset-pilot-balanced-v1__runtime-default,top_tenants,single_region_citus,pilot-balanced-v1,default,eu_us_gac,baseline,,gac_finalization_heavy,pilot,"{""fetch_size"":""none"",""wan_latency"":""none"",""work_mem"":""high""}",,,baseline,mixed_cache_first_observed,deterministic_shuffle,20260626,false,0,105
single_user_value_default__dataset-pilot-balanced-v1__runtime-default__q02_global_user_topk__lookback_days-7__limit_k-50,q02_global_user_topk,"{""limit_k"": 50, ""lookback_days"": 7}",master-regimes/generated/corpus/clean-run-v1/groups/clean-run-eu-us-gac-v1__pilot-balanced-v1__default__coordinators/queries/single_user_value_default__dataset-pilot-balanced-v1__runtime-default__q02_global_user_topk__lookback_days-7__limit_k-50.sql,"high_group_cardinality,final_ordering,topk",clean-run-eu-us-gac-v1,single_user_value_default__dataset-pilot-balanced-v1__runtime-default,user_value_topk,single_region_citus,pilot-balanced-v1,default,eu_us_gac,baseline,,gac_finalization_heavy,pilot,"{""fetch_size"":""none"",""wan_latency"":""none"",""work_mem"":""high""}",supports_high_group_cardinality,,,mixed_cache_first_observed,deterministic_shuffle,20260626,false,0,106
single_daily_rollup_default__dataset-pilot-balanced-v1__runtime-default__q01_tenant_rollup__lookback_days-30__min_value-500,q01_tenant_rollup,"{""lookback_days"": 30, ""min_value"": 500}",master-regimes/generated/corpus/clean-run-v1/groups/clean-run-eu-us-gac-v1__pilot-balanced-v1__default__coordinators/queries/single_daily_rollup_default__dataset-pilot-balanced-v1__runtime-default__q01_tenant_rollup__lookback_days-30__min_value-500.sql,"regional_reduction,low_global_fanin",clean-run-eu-us-gac-v1,single_daily_rollup_default__dataset-pilot-balanced-v1__runtime-default,daily_tenant_rollup,single_region_citus,pilot-balanced-v1,default,eu_us_gac,baseline,,well_reduced_localized,pilot,"{""fetch_size"":""none"",""wan_latency"":""none"",""work_mem"":""low""}",supports_reference_join,,,mixed_cache_first_observed,deterministic_shuffle,20260626,false,0,107
single_multi_dimension_default__dataset-pilot-balanced-v1__runtime-default__q08_multi_dimension_rollup__lookback_days-30__limit_k-25,q08_multi_dimension_rollup,"{""limit_k"": 25, ""lookback_days"": 30}",master-regimes/generated/corpus/clean-run-v1/groups/clean-run-eu-us-gac-v1__pilot-balanced-v1__default__coordinators/queries/single_multi_dimension_default__dataset-pilot-balanced-v1__runtime-default__q08_multi_dimension_rollup__lookback_days-30__limit_k-25.sql,"multi_join,reference_join,colocated_join,daily_group_by",clean-run-eu-us-gac-v1,single_multi_dimension_default__dataset-pilot-balanced-v1__runtime-default,multi_dimension_rollup,single_region_citus,pilot-balanced-v1,default,eu_us_gac,baseline,,"join_movement,gac_finalization_heavy",pilot,"{""fetch_size"":""none"",""wan_latency"":""none"",""work_mem"":""high""}",,,,mixed_cache_first_observed,deterministic_shuffle,20260626,false,0,108
single_top_tenants_default__dataset-pilot-balanced-v1__runtime-default__q10_top_tenants__lookback_days-1__limit_k-25,q10_top_tenants,"{""limit_k"": 25, ""lookback_days"": 1}",master-regimes/generated/corpus/clean-run-v1/groups/clean-run-eu-us-gac-v1__pilot-balanced-v1__default__coordinators/queries/single_top_tenants_default__dataset-pilot-balanced-v1__runtime-default__q10_top_tenants__lookback_days-1__limit_k-25.sql,"topk,final_ordering,high_group_cardinality",clean-run-eu-us-gac-v1,single_top_tenants_default__dataset-pilot-balanced-v1__runtime-default,top_tenants,single_region_citus,pilot-balanced-v1,default,eu_us_gac,baseline,,gac_finalization_heavy,pilot,"{""fetch_size"":""none"",""wan_latency"":""none"",""work_mem"":""high""}",,,baseline,mixed_cache_first_observed,deterministic_shuffle,20260626,false,0,109
single_global_user_default__dataset-pilot-balanced-v1__runtime-default__q07_global_user_segment_join__lookback_days-1__limit_k-10,q07_global_user_segment_join,"{""limit_k"": 10, ""lookback_days"": 1}",master-regimes/generated/corpus/clean-run-v1/groups/clean-run-eu-us-gac-v1__pilot-balanced-v1__default__coordinators/queries/single_global_user_default__dataset-pilot-balanced-v1__runtime-default__q07_global_user_segment_join__lookback_days-1__limit_k-10.sql,"non_colocated_join,repartition_candidate,high_group_cardinality",clean-run-eu-us-gac-v1,single_global_user_default__dataset-pilot-balanced-v1__runtime-default,global_user_topk,single_region_citus,pilot-balanced-v1,default,eu_us_gac,baseline,,join_movement,pilot,"{""fetch_size"":""none"",""wan_latency"":""none"",""work_mem"":""high""}",supports_global_users,,,mixed_cache_first_observed,deterministic_shuffle,20260626,false,0,110
single_event_filter_default__dataset-pilot-balanced-v1__runtime-default__q03_event_filter_summary__lookback_days-1__min_value-900,q03_event_filter_summary,"{""lookback_days"": 1, ""min_value"": 900}",master-regimes/generated/corpus/clean-run-v1/groups/clean-run-eu-us-gac-v1__pilot-balanced-v1__default__coordinators/queries/single_event_filter_default__dataset-pilot-balanced-v1__runtime-default__q03_event_filter_summary__lookback_days-1__min_value-900.sql,"selective_filter,scan_pressure,aggregate",clean-run-eu-us-gac-v1,single_event_filter_default__dataset-pilot-balanced-v1__runtime-default,event_filter_summary,single_region_citus,pilot-balanced-v1,default,eu_us_gac,baseline,,well_reduced_localized,pilot,"{""fetch_size"":""none"",""wan_latency"":""none"",""work_mem"":""none""}",,,,mixed_cache_first_observed,deterministic_shuffle,20260626,false,0,111
single_daily_rollup_default__dataset-pilot-balanced-v1__runtime-default__q01_tenant_rollup__lookback_days-14__min_value-900,q01_tenant_rollup,"{""lookback_days"": 14, ""min_value"": 900}",master-regimes/generated/corpus/clean-run-v1/groups/clean-run-eu-us-gac-v1__pilot-balanced-v1__default__coordinators/queries/single_daily_rollup_default__dataset-pilot-balanced-v1__runtime-default__q01_tenant_rollup__lookback_days-14__min_value-900.sql,"regional_reduction,low_global_fanin",clean-run-eu-us-gac-v1,single_daily_rollup_default__dataset-pilot-balanced-v1__runtime-default,daily_tenant_rollup,single_region_citus,pilot-balanced-v1,default,eu_us_gac,baseline,,well_reduced_localized,pilot,"{""fetch_size"":""none"",""wan_latency"":""none"",""work_mem"":""low""}",supports_reference_join,,,mixed_cache_first_observed,deterministic_shuffle,20260626,false,0,112
single_user_segment_default__dataset-pilot-balanced-v1__runtime-default__q06_user_segment_join__lookback_days-30__limit_k-100,q06_user_segment_join,"{""limit_k"": 100, ""lookback_days"": 30}",master-regimes/generated/corpus/clean-run-v1/groups/clean-run-eu-us-gac-v1__pilot-balanced-v1__default__coordinators/queries/single_user_segment_default__dataset-pilot-balanced-v1__runtime-default__q06_user_segment_join__lookback_days-30__limit_k-100.sql,"colocated_join,high_group_cardinality,topk",clean-run-eu-us-gac-v1,single_user_segment_default__dataset-pilot-balanced-v1__runtime-default,user_segment_topk,single_region_citus,pilot-balanced-v1,default,eu_us_gac,baseline,,well_reduced_localized,pilot,"{""fetch_size"":""none"",""wan_latency"":""none"",""work_mem"":""high""}",supports_colocated_user_join,,,mixed_cache_first_observed,deterministic_shuffle,20260626,false,0,113
single_user_value_default__dataset-pilot-balanced-v1__runtime-default__q02_global_user_topk__lookback_days-30__limit_k-10,q02_global_user_topk,"{""limit_k"": 10, ""lookback_days"": 30}",master-regimes/generated/corpus/clean-run-v1/groups/clean-run-eu-us-gac-v1__pilot-balanced-v1__default__coordinators/queries/single_user_value_default__dataset-pilot-balanced-v1__runtime-default__q02_global_user_topk__lookback_days-30__limit_k-10.sql,"high_group_cardinality,final_ordering,topk",clean-run-eu-us-gac-v1,single_user_value_default__dataset-pilot-balanced-v1__runtime-default,user_value_topk,single_region_citus,pilot-balanced-v1,default,eu_us_gac,baseline,,gac_finalization_heavy,pilot,"{""fetch_size"":""none"",""wan_latency"":""none"",""work_mem"":""high""}",supports_high_group_cardinality,,,mixed_cache_first_observed,deterministic_shuffle,20260626,false,0,114
single_user_value_default__dataset-pilot-balanced-v1__runtime-default__q02_global_user_topk__lookback_days-7__limit_k-10,q02_global_user_topk,"{""limit_k"": 10, ""lookback_days"": 7}",master-regimes/generated/corpus/clean-run-v1/groups/clean-run-eu-us-gac-v1__pilot-balanced-v1__default__coordinators/queries/single_user_value_default__dataset-pilot-balanced-v1__runtime-default__q02_global_user_topk__lookback_days-7__limit_k-10.sql,"high_group_cardinality,final_ordering,topk",clean-run-eu-us-gac-v1,single_user_value_default__dataset-pilot-balanced-v1__runtime-default,user_value_topk,single_region_citus,pilot-balanced-v1,default,eu_us_gac,baseline,,gac_finalization_heavy,pilot,"{""fetch_size"":""none"",""wan_latency"":""none"",""work_mem"":""high""}",supports_high_group_cardinality,,,mixed_cache_first_observed,deterministic_shuffle,20260626,false,0,115
single_user_segment_default__dataset-pilot-balanced-v1__runtime-default__q06_user_segment_join__lookback_days-14__limit_k-25,q06_user_segment_join,"{""limit_k"": 25, ""lookback_days"": 14}",master-regimes/generated/corpus/clean-run-v1/groups/clean-run-eu-us-gac-v1__pilot-balanced-v1__default__coordinators/queries/single_user_segment_default__dataset-pilot-balanced-v1__runtime-default__q06_user_segment_join__lookback_days-14__limit_k-25.sql,"colocated_join,high_group_cardinality,topk",clean-run-eu-us-gac-v1,single_user_segment_default__dataset-pilot-balanced-v1__runtime-default,user_segment_topk,single_region_citus,pilot-balanced-v1,default,eu_us_gac,baseline,,well_reduced_localized,pilot,"{""fetch_size"":""none"",""wan_latency"":""none"",""work_mem"":""high""}",supports_colocated_user_join,,,mixed_cache_first_observed,deterministic_shuffle,20260626,false,0,116
single_multi_dimension_default__dataset-pilot-balanced-v1__runtime-default__q08_multi_dimension_rollup__lookback_days-7__limit_k-50,q08_multi_dimension_rollup,"{""limit_k"": 50, ""lookback_days"": 7}",master-regimes/generated/corpus/clean-run-v1/groups/clean-run-eu-us-gac-v1__pilot-balanced-v1__default__coordinators/queries/single_multi_dimension_default__dataset-pilot-balanced-v1__runtime-default__q08_multi_dimension_rollup__lookback_days-7__limit_k-50.sql,"multi_join,reference_join,colocated_join,daily_group_by",clean-run-eu-us-gac-v1,single_multi_dimension_default__dataset-pilot-balanced-v1__runtime-default,multi_dimension_rollup,single_region_citus,pilot-balanced-v1,default,eu_us_gac,baseline,,"join_movement,gac_finalization_heavy",pilot,"{""fetch_size"":""none"",""wan_latency"":""none"",""work_mem"":""high""}",,,,mixed_cache_first_observed,deterministic_shuffle,20260626,false,0,117
single_tenant_point_default__dataset-pilot-balanced-v1__runtime-default__q04_tenant_point_rollup__tenant_id-10__lookback_days-14,q04_tenant_point_rollup,"{""lookback_days"": 14, ""tenant_id"": 10}",master-regimes/generated/corpus/clean-run-v1/groups/clean-run-eu-us-gac-v1__pilot-balanced-v1__default__coordinators/queries/single_tenant_point_default__dataset-pilot-balanced-v1__runtime-default__q04_tenant_point_rollup__tenant_id-10__lookback_days-14.sql,"tenant_filter,shard_pruning_candidate,local_aggregate",clean-run-eu-us-gac-v1,single_tenant_point_default__dataset-pilot-balanced-v1__runtime-default,tenant_point_rollup,single_region_citus,pilot-balanced-v1,default,eu_us_gac,negative_control,,well_reduced_localized,pilot,"{""fetch_size"":""none"",""wan_latency"":""none"",""work_mem"":""none""}",,,,mixed_cache_first_observed,deterministic_shuffle,20260626,false,0,118
single_user_segment_default__dataset-pilot-balanced-v1__runtime-default__q06_user_segment_join__lookback_days-1__limit_k-50,q06_user_segment_join,"{""limit_k"": 50, ""lookback_days"": 1}",master-regimes/generated/corpus/clean-run-v1/groups/clean-run-eu-us-gac-v1__pilot-balanced-v1__default__coordinators/queries/single_user_segment_default__dataset-pilot-balanced-v1__runtime-default__q06_user_segment_join__lookback_days-1__limit_k-50.sql,"colocated_join,high_group_cardinality,topk",clean-run-eu-us-gac-v1,single_user_segment_default__dataset-pilot-balanced-v1__runtime-default,user_segment_topk,single_region_citus,pilot-balanced-v1,default,eu_us_gac,baseline,,well_reduced_localized,pilot,"{""fetch_size"":""none"",""wan_latency"":""none"",""work_mem"":""high""}",supports_colocated_user_join,,,mixed_cache_first_observed,deterministic_shuffle,20260626,false,0,119
single_multi_dimension_default__dataset-pilot-balanced-v1__runtime-default__q08_multi_dimension_rollup__lookback_days-7__limit_k-10,q08_multi_dimension_rollup,"{""limit_k"": 10, ""lookback_days"": 7}",master-regimes/generated/corpus/clean-run-v1/groups/clean-run-eu-us-gac-v1__pilot-balanced-v1__default__coordinators/queries/single_multi_dimension_default__dataset-pilot-balanced-v1__runtime-default__q08_multi_dimension_rollup__lookback_days-7__limit_k-10.sql,"multi_join,reference_join,colocated_join,daily_group_by",clean-run-eu-us-gac-v1,single_multi_dimension_default__dataset-pilot-balanced-v1__runtime-default,multi_dimension_rollup,single_region_citus,pilot-balanced-v1,default,eu_us_gac,baseline,,"join_movement,gac_finalization_heavy",pilot,"{""fetch_size"":""none"",""wan_latency"":""none"",""work_mem"":""high""}",,,,mixed_cache_first_observed,deterministic_shuffle,20260626,false,0,120
single_event_filter_default__dataset-pilot-balanced-v1__runtime-default__q03_event_filter_summary__lookback_days-7__min_value-100,q03_event_filter_summary,"{""lookback_days"": 7, ""min_value"": 100}",master-regimes/generated/corpus/clean-run-v1/groups/clean-run-eu-us-gac-v1__pilot-balanced-v1__default__coordinators/queries/single_event_filter_default__dataset-pilot-balanced-v1__runtime-default__q03_event_filter_summary__lookback_days-7__min_value-100.sql,"selective_filter,scan_pressure,aggregate",clean-run-eu-us-gac-v1,single_event_filter_default__dataset-pilot-balanced-v1__runtime-default,event_filter_summary,single_region_citus,pilot-balanced-v1,default,eu_us_gac,baseline,,well_reduced_localized,pilot,"{""fetch_size"":""none"",""wan_latency"":""none"",""work_mem"":""none""}",,,,mixed_cache_first_observed,deterministic_shuffle,20260626,false,0,121
single_tenant_point_default__dataset-pilot-balanced-v1__runtime-default__q04_tenant_point_rollup__tenant_id-1000__lookback_days-14,q04_tenant_point_rollup,"{""lookback_days"": 14, ""tenant_id"": 1000}",master-regimes/generated/corpus/clean-run-v1/groups/clean-run-eu-us-gac-v1__pilot-balanced-v1__default__coordinators/queries/single_tenant_point_default__dataset-pilot-balanced-v1__runtime-default__q04_tenant_point_rollup__tenant_id-1000__lookback_days-14.sql,"tenant_filter,shard_pruning_candidate,local_aggregate",clean-run-eu-us-gac-v1,single_tenant_point_default__dataset-pilot-balanced-v1__runtime-default,tenant_point_rollup,single_region_citus,pilot-balanced-v1,default,eu_us_gac,negative_control,,well_reduced_localized,pilot,"{""fetch_size"":""none"",""wan_latency"":""none"",""work_mem"":""none""}",,,,mixed_cache_first_observed,deterministic_shuffle,20260626,false,0,122
single_multi_dimension_default__dataset-pilot-balanced-v1__runtime-default__q08_multi_dimension_rollup__lookback_days-1__limit_k-50,q08_multi_dimension_rollup,"{""limit_k"": 50, ""lookback_days"": 1}",master-regimes/generated/corpus/clean-run-v1/groups/clean-run-eu-us-gac-v1__pilot-balanced-v1__default__coordinators/queries/single_multi_dimension_default__dataset-pilot-balanced-v1__runtime-default__q08_multi_dimension_rollup__lookback_days-1__limit_k-50.sql,"multi_join,reference_join,colocated_join,daily_group_by",clean-run-eu-us-gac-v1,single_multi_dimension_default__dataset-pilot-balanced-v1__runtime-default,multi_dimension_rollup,single_region_citus,pilot-balanced-v1,default,eu_us_gac,baseline,,"join_movement,gac_finalization_heavy",pilot,"{""fetch_size"":""none"",""wan_latency"":""none"",""work_mem"":""high""}",,,,mixed_cache_first_observed,deterministic_shuffle,20260626,false,0,123
single_tenant_point_default__dataset-pilot-balanced-v1__runtime-default__q04_tenant_point_rollup__tenant_id-1__lookback_days-3,q04_tenant_point_rollup,"{""lookback_days"": 3, ""tenant_id"": 1}",master-regimes/generated/corpus/clean-run-v1/groups/clean-run-eu-us-gac-v1__pilot-balanced-v1__default__coordinators/queries/single_tenant_point_default__dataset-pilot-balanced-v1__runtime-default__q04_tenant_point_rollup__tenant_id-1__lookback_days-3.sql,"tenant_filter,shard_pruning_candidate,local_aggregate",clean-run-eu-us-gac-v1,single_tenant_point_default__dataset-pilot-balanced-v1__runtime-default,tenant_point_rollup,single_region_citus,pilot-balanced-v1,default,eu_us_gac,negative_control,,well_reduced_localized,pilot,"{""fetch_size"":""none"",""wan_latency"":""none"",""work_mem"":""none""}",,,,mixed_cache_first_observed,deterministic_shuffle,20260626,false,0,124
single_tenant_tier_join_default__dataset-pilot-balanced-v1__runtime-default__q05_tenant_tier_daily_join__lookback_days-30,q05_tenant_tier_daily_join,"{""lookback_days"": 30}",master-regimes/generated/corpus/clean-run-v1/groups/clean-run-eu-us-gac-v1__pilot-balanced-v1__default__coordinators/queries/single_tenant_tier_join_default__dataset-pilot-balanced-v1__runtime-default__q05_tenant_tier_daily_join__lookback_days-30.sql,"reference_join,daily_group_by,distributed_aggregate",clean-run-eu-us-gac-v1,single_tenant_tier_join_default__dataset-pilot-balanced-v1__runtime-default,tenant_tier_daily_join,single_region_citus,pilot-balanced-v1,default,eu_us_gac,baseline,,well_reduced_localized,pilot,"{""fetch_size"":""none"",""wan_latency"":""none"",""work_mem"":""high""}",,,,mixed_cache_first_observed,deterministic_shuffle,20260626,false,0,125
single_tenant_point_default__dataset-pilot-balanced-v1__runtime-default__q04_tenant_point_rollup__tenant_id-1__lookback_days-7,q04_tenant_point_rollup,"{""lookback_days"": 7, ""tenant_id"": 1}",master-regimes/generated/corpus/clean-run-v1/groups/clean-run-eu-us-gac-v1__pilot-balanced-v1__default__coordinators/queries/single_tenant_point_default__dataset-pilot-balanced-v1__runtime-default__q04_tenant_point_rollup__tenant_id-1__lookback_days-7.sql,"tenant_filter,shard_pruning_candidate,local_aggregate",clean-run-eu-us-gac-v1,single_tenant_point_default__dataset-pilot-balanced-v1__runtime-default,tenant_point_rollup,single_region_citus,pilot-balanced-v1,default,eu_us_gac,negative_control,,well_reduced_localized,pilot,"{""fetch_size"":""none"",""wan_latency"":""none"",""work_mem"":""none""}",,,,mixed_cache_first_observed,deterministic_shuffle,20260626,false,0,126
single_tenant_point_default__dataset-pilot-balanced-v1__runtime-default__q04_tenant_point_rollup__tenant_id-1__lookback_days-14,q04_tenant_point_rollup,"{""lookback_days"": 14, ""tenant_id"": 1}",master-regimes/generated/corpus/clean-run-v1/groups/clean-run-eu-us-gac-v1__pilot-balanced-v1__default__coordinators/queries/single_tenant_point_default__dataset-pilot-balanced-v1__runtime-default__q04_tenant_point_rollup__tenant_id-1__lookback_days-14.sql,"tenant_filter,shard_pruning_candidate,local_aggregate",clean-run-eu-us-gac-v1,single_tenant_point_default__dataset-pilot-balanced-v1__runtime-default,tenant_point_rollup,single_region_citus,pilot-balanced-v1,default,eu_us_gac,negative_control,,well_reduced_localized,pilot,"{""fetch_size"":""none"",""wan_latency"":""none"",""work_mem"":""none""}",,,,mixed_cache_first_observed,deterministic_shuffle,20260626,false,0,127
single_multi_dimension_default__dataset-pilot-balanced-v1__runtime-default__q08_multi_dimension_rollup__lookback_days-14__limit_k-10,q08_multi_dimension_rollup,"{""limit_k"": 10, ""lookback_days"": 14}",master-regimes/generated/corpus/clean-run-v1/groups/clean-run-eu-us-gac-v1__pilot-balanced-v1__default__coordinators/queries/single_multi_dimension_default__dataset-pilot-balanced-v1__runtime-default__q08_multi_dimension_rollup__lookback_days-14__limit_k-10.sql,"multi_join,reference_join,colocated_join,daily_group_by",clean-run-eu-us-gac-v1,single_multi_dimension_default__dataset-pilot-balanced-v1__runtime-default,multi_dimension_rollup,single_region_citus,pilot-balanced-v1,default,eu_us_gac,baseline,,"join_movement,gac_finalization_heavy",pilot,"{""fetch_size"":""none"",""wan_latency"":""none"",""work_mem"":""high""}",,,,mixed_cache_first_observed,deterministic_shuffle,20260626,false,0,128
single_top_tenants_default__dataset-pilot-balanced-v1__runtime-default__q10_top_tenants__lookback_days-1__limit_k-10,q10_top_tenants,"{""limit_k"": 10, ""lookback_days"": 1}",master-regimes/generated/corpus/clean-run-v1/groups/clean-run-eu-us-gac-v1__pilot-balanced-v1__default__coordinators/queries/single_top_tenants_default__dataset-pilot-balanced-v1__runtime-default__q10_top_tenants__lookback_days-1__limit_k-10.sql,"topk,final_ordering,high_group_cardinality",clean-run-eu-us-gac-v1,single_top_tenants_default__dataset-pilot-balanced-v1__runtime-default,top_tenants,single_region_citus,pilot-balanced-v1,default,eu_us_gac,baseline,,gac_finalization_heavy,pilot,"{""fetch_size"":""none"",""wan_latency"":""none"",""work_mem"":""high""}",,,baseline,mixed_cache_first_observed,deterministic_shuffle,20260626,false,0,129
single_user_value_default__dataset-pilot-balanced-v1__runtime-default__q02_global_user_topk__lookback_days-7__limit_k-100,q02_global_user_topk,"{""limit_k"": 100, ""lookback_days"": 7}",master-regimes/generated/corpus/clean-run-v1/groups/clean-run-eu-us-gac-v1__pilot-balanced-v1__default__coordinators/queries/single_user_value_default__dataset-pilot-balanced-v1__runtime-default__q02_global_user_topk__lookback_days-7__limit_k-100.sql,"high_group_cardinality,final_ordering,topk",clean-run-eu-us-gac-v1,single_user_value_default__dataset-pilot-balanced-v1__runtime-default,user_value_topk,single_region_citus,pilot-balanced-v1,default,eu_us_gac,baseline,,gac_finalization_heavy,pilot,"{""fetch_size"":""none"",""wan_latency"":""none"",""work_mem"":""high""}",supports_high_group_cardinality,,,mixed_cache_first_observed,deterministic_shuffle,20260626,false,0,130
single_global_user_default__dataset-pilot-balanced-v1__runtime-default__q07_global_user_segment_join__lookback_days-7__limit_k-10,q07_global_user_segment_join,"{""limit_k"": 10, ""lookback_days"": 7}",master-regimes/generated/corpus/clean-run-v1/groups/clean-run-eu-us-gac-v1__pilot-balanced-v1__default__coordinators/queries/single_global_user_default__dataset-pilot-balanced-v1__runtime-default__q07_global_user_segment_join__lookback_days-7__limit_k-10.sql,"non_colocated_join,repartition_candidate,high_group_cardinality",clean-run-eu-us-gac-v1,single_global_user_default__dataset-pilot-balanced-v1__runtime-default,global_user_topk,single_region_citus,pilot-balanced-v1,default,eu_us_gac,baseline,,join_movement,pilot,"{""fetch_size"":""none"",""wan_latency"":""none"",""work_mem"":""high""}",supports_global_users,,,mixed_cache_first_observed,deterministic_shuffle,20260626,false,0,131
single_global_user_default__dataset-pilot-balanced-v1__runtime-default__q07_global_user_segment_join__lookback_days-1__limit_k-100,q07_global_user_segment_join,"{""limit_k"": 100, ""lookback_days"": 1}",master-regimes/generated/corpus/clean-run-v1/groups/clean-run-eu-us-gac-v1__pilot-balanced-v1__default__coordinators/queries/single_global_user_default__dataset-pilot-balanced-v1__runtime-default__q07_global_user_segment_join__lookback_days-1__limit_k-100.sql,"non_colocated_join,repartition_candidate,high_group_cardinality",clean-run-eu-us-gac-v1,single_global_user_default__dataset-pilot-balanced-v1__runtime-default,global_user_topk,single_region_citus,pilot-balanced-v1,default,eu_us_gac,baseline,,join_movement,pilot,"{""fetch_size"":""none"",""wan_latency"":""none"",""work_mem"":""high""}",supports_global_users,,,mixed_cache_first_observed,deterministic_shuffle,20260626,false,0,132
single_multi_dimension_default__dataset-pilot-balanced-v1__runtime-default__q08_multi_dimension_rollup__lookback_days-3__limit_k-50,q08_multi_dimension_rollup,"{""limit_k"": 50, ""lookback_days"": 3}",master-regimes/generated/corpus/clean-run-v1/groups/clean-run-eu-us-gac-v1__pilot-balanced-v1__default__coordinators/queries/single_multi_dimension_default__dataset-pilot-balanced-v1__runtime-default__q08_multi_dimension_rollup__lookback_days-3__limit_k-50.sql,"multi_join,reference_join,colocated_join,daily_group_by",clean-run-eu-us-gac-v1,single_multi_dimension_default__dataset-pilot-balanced-v1__runtime-default,multi_dimension_rollup,single_region_citus,pilot-balanced-v1,default,eu_us_gac,baseline,,"join_movement,gac_finalization_heavy",pilot,"{""fetch_size"":""none"",""wan_latency"":""none"",""work_mem"":""high""}",,,,mixed_cache_first_observed,deterministic_shuffle,20260626,false,0,133
single_event_filter_default__dataset-pilot-balanced-v1__runtime-default__q03_event_filter_summary__lookback_days-14__min_value-100,q03_event_filter_summary,"{""lookback_days"": 14, ""min_value"": 100}",master-regimes/generated/corpus/clean-run-v1/groups/clean-run-eu-us-gac-v1__pilot-balanced-v1__default__coordinators/queries/single_event_filter_default__dataset-pilot-balanced-v1__runtime-default__q03_event_filter_summary__lookback_days-14__min_value-100.sql,"selective_filter,scan_pressure,aggregate",clean-run-eu-us-gac-v1,single_event_filter_default__dataset-pilot-balanced-v1__runtime-default,event_filter_summary,single_region_citus,pilot-balanced-v1,default,eu_us_gac,baseline,,well_reduced_localized,pilot,"{""fetch_size"":""none"",""wan_latency"":""none"",""work_mem"":""none""}",,,,mixed_cache_first_observed,deterministic_shuffle,20260626,false,0,134
single_event_filter_default__dataset-pilot-balanced-v1__runtime-default__q03_event_filter_summary__lookback_days-14__min_value-500,q03_event_filter_summary,"{""lookback_days"": 14, ""min_value"": 500}",master-regimes/generated/corpus/clean-run-v1/groups/clean-run-eu-us-gac-v1__pilot-balanced-v1__default__coordinators/queries/single_event_filter_default__dataset-pilot-balanced-v1__runtime-default__q03_event_filter_summary__lookback_days-14__min_value-500.sql,"selective_filter,scan_pressure,aggregate",clean-run-eu-us-gac-v1,single_event_filter_default__dataset-pilot-balanced-v1__runtime-default,event_filter_summary,single_region_citus,pilot-balanced-v1,default,eu_us_gac,baseline,,well_reduced_localized,pilot,"{""fetch_size"":""none"",""wan_latency"":""none"",""work_mem"":""none""}",,,,mixed_cache_first_observed,deterministic_shuffle,20260626,false,0,135
single_daily_rollup_default__dataset-pilot-balanced-v1__runtime-default__q01_tenant_rollup__lookback_days-3__min_value-500,q01_tenant_rollup,"{""lookback_days"": 3, ""min_value"": 500}",master-regimes/generated/corpus/clean-run-v1/groups/clean-run-eu-us-gac-v1__pilot-balanced-v1__default__coordinators/queries/single_daily_rollup_default__dataset-pilot-balanced-v1__runtime-default__q01_tenant_rollup__lookback_days-3__min_value-500.sql,"regional_reduction,low_global_fanin",clean-run-eu-us-gac-v1,single_daily_rollup_default__dataset-pilot-balanced-v1__runtime-default,daily_tenant_rollup,single_region_citus,pilot-balanced-v1,default,eu_us_gac,baseline,,well_reduced_localized,pilot,"{""fetch_size"":""none"",""wan_latency"":""none"",""work_mem"":""low""}",supports_reference_join,,,mixed_cache_first_observed,deterministic_shuffle,20260626,false,0,136
single_event_filter_default__dataset-pilot-balanced-v1__runtime-default__q03_event_filter_summary__lookback_days-1__min_value-100,q03_event_filter_summary,"{""lookback_days"": 1, ""min_value"": 100}",master-regimes/generated/corpus/clean-run-v1/groups/clean-run-eu-us-gac-v1__pilot-balanced-v1__default__coordinators/queries/single_event_filter_default__dataset-pilot-balanced-v1__runtime-default__q03_event_filter_summary__lookback_days-1__min_value-100.sql,"selective_filter,scan_pressure,aggregate",clean-run-eu-us-gac-v1,single_event_filter_default__dataset-pilot-balanced-v1__runtime-default,event_filter_summary,single_region_citus,pilot-balanced-v1,default,eu_us_gac,baseline,,well_reduced_localized,pilot,"{""fetch_size"":""none"",""wan_latency"":""none"",""work_mem"":""none""}",,,,mixed_cache_first_observed,deterministic_shuffle,20260626,false,0,137
single_multi_dimension_default__dataset-pilot-balanced-v1__runtime-default__q08_multi_dimension_rollup__lookback_days-7__limit_k-100,q08_multi_dimension_rollup,"{""limit_k"": 100, ""lookback_days"": 7}",master-regimes/generated/corpus/clean-run-v1/groups/clean-run-eu-us-gac-v1__pilot-balanced-v1__default__coordinators/queries/single_multi_dimension_default__dataset-pilot-balanced-v1__runtime-default__q08_multi_dimension_rollup__lookback_days-7__limit_k-100.sql,"multi_join,reference_join,colocated_join,daily_group_by",clean-run-eu-us-gac-v1,single_multi_dimension_default__dataset-pilot-balanced-v1__runtime-default,multi_dimension_rollup,single_region_citus,pilot-balanced-v1,default,eu_us_gac,baseline,,"join_movement,gac_finalization_heavy",pilot,"{""fetch_size"":""none"",""wan_latency"":""none"",""work_mem"":""high""}",,,,mixed_cache_first_observed,deterministic_shuffle,20260626,false,0,138
single_top_tenants_default__dataset-pilot-balanced-v1__runtime-default__q10_top_tenants__lookback_days-7__limit_k-25,q10_top_tenants,"{""limit_k"": 25, ""lookback_days"": 7}",master-regimes/generated/corpus/clean-run-v1/groups/clean-run-eu-us-gac-v1__pilot-balanced-v1__default__coordinators/queries/single_top_tenants_default__dataset-pilot-balanced-v1__runtime-default__q10_top_tenants__lookback_days-7__limit_k-25.sql,"topk,final_ordering,high_group_cardinality",clean-run-eu-us-gac-v1,single_top_tenants_default__dataset-pilot-balanced-v1__runtime-default,top_tenants,single_region_citus,pilot-balanced-v1,default,eu_us_gac,baseline,,gac_finalization_heavy,pilot,"{""fetch_size"":""none"",""wan_latency"":""none"",""work_mem"":""high""}",,,baseline,mixed_cache_first_observed,deterministic_shuffle,20260626,false,0,139
single_global_user_default__dataset-pilot-balanced-v1__runtime-default__q07_global_user_segment_join__lookback_days-1__limit_k-50,q07_global_user_segment_join,"{""limit_k"": 50, ""lookback_days"": 1}",master-regimes/generated/corpus/clean-run-v1/groups/clean-run-eu-us-gac-v1__pilot-balanced-v1__default__coordinators/queries/single_global_user_default__dataset-pilot-balanced-v1__runtime-default__q07_global_user_segment_join__lookback_days-1__limit_k-50.sql,"non_colocated_join,repartition_candidate,high_group_cardinality",clean-run-eu-us-gac-v1,single_global_user_default__dataset-pilot-balanced-v1__runtime-default,global_user_topk,single_region_citus,pilot-balanced-v1,default,eu_us_gac,baseline,,join_movement,pilot,"{""fetch_size"":""none"",""wan_latency"":""none"",""work_mem"":""high""}",supports_global_users,,,mixed_cache_first_observed,deterministic_shuffle,20260626,false,0,140
single_top_tenants_default__dataset-pilot-balanced-v1__runtime-default__q10_top_tenants__lookback_days-14__limit_k-50,q10_top_tenants,"{""limit_k"": 50, ""lookback_days"": 14}",master-regimes/generated/corpus/clean-run-v1/groups/clean-run-eu-us-gac-v1__pilot-balanced-v1__default__coordinators/queries/single_top_tenants_default__dataset-pilot-balanced-v1__runtime-default__q10_top_tenants__lookback_days-14__limit_k-50.sql,"topk,final_ordering,high_group_cardinality",clean-run-eu-us-gac-v1,single_top_tenants_default__dataset-pilot-balanced-v1__runtime-default,top_tenants,single_region_citus,pilot-balanced-v1,default,eu_us_gac,baseline,,gac_finalization_heavy,pilot,"{""fetch_size"":""none"",""wan_latency"":""none"",""work_mem"":""high""}",,,baseline,mixed_cache_first_observed,deterministic_shuffle,20260626,false,0,141
single_user_segment_default__dataset-pilot-balanced-v1__runtime-default__q06_user_segment_join__lookback_days-7__limit_k-10,q06_user_segment_join,"{""limit_k"": 10, ""lookback_days"": 7}",master-regimes/generated/corpus/clean-run-v1/groups/clean-run-eu-us-gac-v1__pilot-balanced-v1__default__coordinators/queries/single_user_segment_default__dataset-pilot-balanced-v1__runtime-default__q06_user_segment_join__lookback_days-7__limit_k-10.sql,"colocated_join,high_group_cardinality,topk",clean-run-eu-us-gac-v1,single_user_segment_default__dataset-pilot-balanced-v1__runtime-default,user_segment_topk,single_region_citus,pilot-balanced-v1,default,eu_us_gac,baseline,,well_reduced_localized,pilot,"{""fetch_size"":""none"",""wan_latency"":""none"",""work_mem"":""high""}",supports_colocated_user_join,,,mixed_cache_first_observed,deterministic_shuffle,20260626,false,0,142
single_user_value_default__dataset-pilot-balanced-v1__runtime-default__q02_global_user_topk__lookback_days-14__limit_k-25,q02_global_user_topk,"{""limit_k"": 25, ""lookback_days"": 14}",master-regimes/generated/corpus/clean-run-v1/groups/clean-run-eu-us-gac-v1__pilot-balanced-v1__default__coordinators/queries/single_user_value_default__dataset-pilot-balanced-v1__runtime-default__q02_global_user_topk__lookback_days-14__limit_k-25.sql,"high_group_cardinality,final_ordering,topk",clean-run-eu-us-gac-v1,single_user_value_default__dataset-pilot-balanced-v1__runtime-default,user_value_topk,single_region_citus,pilot-balanced-v1,default,eu_us_gac,baseline,,gac_finalization_heavy,pilot,"{""fetch_size"":""none"",""wan_latency"":""none"",""work_mem"":""high""}",supports_high_group_cardinality,,,mixed_cache_first_observed,deterministic_shuffle,20260626,false,0,143
single_event_filter_default__dataset-pilot-balanced-v1__runtime-default__q03_event_filter_summary__lookback_days-14__min_value-900,q03_event_filter_summary,"{""lookback_days"": 14, ""min_value"": 900}",master-regimes/generated/corpus/clean-run-v1/groups/clean-run-eu-us-gac-v1__pilot-balanced-v1__default__coordinators/queries/single_event_filter_default__dataset-pilot-balanced-v1__runtime-default__q03_event_filter_summary__lookback_days-14__min_value-900.sql,"selective_filter,scan_pressure,aggregate",clean-run-eu-us-gac-v1,single_event_filter_default__dataset-pilot-balanced-v1__runtime-default,event_filter_summary,single_region_citus,pilot-balanced-v1,default,eu_us_gac,baseline,,well_reduced_localized,pilot,"{""fetch_size"":""none"",""wan_latency"":""none"",""work_mem"":""none""}",,,,mixed_cache_first_observed,deterministic_shuffle,20260626,false,0,144
single_user_segment_default__dataset-pilot-balanced-v1__runtime-default__q06_user_segment_join__lookback_days-7__limit_k-25,q06_user_segment_join,"{""limit_k"": 25, ""lookback_days"": 7}",master-regimes/generated/corpus/clean-run-v1/groups/clean-run-eu-us-gac-v1__pilot-balanced-v1__default__coordinators/queries/single_user_segment_default__dataset-pilot-balanced-v1__runtime-default__q06_user_segment_join__lookback_days-7__limit_k-25.sql,"colocated_join,high_group_cardinality,topk",clean-run-eu-us-gac-v1,single_user_segment_default__dataset-pilot-balanced-v1__runtime-default,user_segment_topk,single_region_citus,pilot-balanced-v1,default,eu_us_gac,baseline,,well_reduced_localized,pilot,"{""fetch_size"":""none"",""wan_latency"":""none"",""work_mem"":""high""}",supports_colocated_user_join,,,mixed_cache_first_observed,deterministic_shuffle,20260626,false,0,145
single_event_filter_default__dataset-pilot-balanced-v1__runtime-default__q03_event_filter_summary__lookback_days-30__min_value-500,q03_event_filter_summary,"{""lookback_days"": 30, ""min_value"": 500}",master-regimes/generated/corpus/clean-run-v1/groups/clean-run-eu-us-gac-v1__pilot-balanced-v1__default__coordinators/queries/single_event_filter_default__dataset-pilot-balanced-v1__runtime-default__q03_event_filter_summary__lookback_days-30__min_value-500.sql,"selective_filter,scan_pressure,aggregate",clean-run-eu-us-gac-v1,single_event_filter_default__dataset-pilot-balanced-v1__runtime-default,event_filter_summary,single_region_citus,pilot-balanced-v1,default,eu_us_gac,baseline,,well_reduced_localized,pilot,"{""fetch_size"":""none"",""wan_latency"":""none"",""work_mem"":""none""}",,,,mixed_cache_first_observed,deterministic_shuffle,20260626,false,0,146
single_global_user_default__dataset-pilot-balanced-v1__runtime-default__q07_global_user_segment_join__lookback_days-14__limit_k-25,q07_global_user_segment_join,"{""limit_k"": 25, ""lookback_days"": 14}",master-regimes/generated/corpus/clean-run-v1/groups/clean-run-eu-us-gac-v1__pilot-balanced-v1__default__coordinators/queries/single_global_user_default__dataset-pilot-balanced-v1__runtime-default__q07_global_user_segment_join__lookback_days-14__limit_k-25.sql,"non_colocated_join,repartition_candidate,high_group_cardinality",clean-run-eu-us-gac-v1,single_global_user_default__dataset-pilot-balanced-v1__runtime-default,global_user_topk,single_region_citus,pilot-balanced-v1,default,eu_us_gac,baseline,,join_movement,pilot,"{""fetch_size"":""none"",""wan_latency"":""none"",""work_mem"":""high""}",supports_global_users,,,mixed_cache_first_observed,deterministic_shuffle,20260626,false,0,147
single_daily_rollup_default__dataset-pilot-balanced-v1__runtime-default__q01_tenant_rollup__lookback_days-7__min_value-500,q01_tenant_rollup,"{""lookback_days"": 7, ""min_value"": 500}",master-regimes/generated/corpus/clean-run-v1/groups/clean-run-eu-us-gac-v1__pilot-balanced-v1__default__coordinators/queries/single_daily_rollup_default__dataset-pilot-balanced-v1__runtime-default__q01_tenant_rollup__lookback_days-7__min_value-500.sql,"regional_reduction,low_global_fanin",clean-run-eu-us-gac-v1,single_daily_rollup_default__dataset-pilot-balanced-v1__runtime-default,daily_tenant_rollup,single_region_citus,pilot-balanced-v1,default,eu_us_gac,baseline,,well_reduced_localized,pilot,"{""fetch_size"":""none"",""wan_latency"":""none"",""work_mem"":""low""}",supports_reference_join,,,mixed_cache_first_observed,deterministic_shuffle,20260626,false,0,148
single_user_segment_default__dataset-pilot-balanced-v1__runtime-default__q06_user_segment_join__lookback_days-7__limit_k-100,q06_user_segment_join,"{""limit_k"": 100, ""lookback_days"": 7}",master-regimes/generated/corpus/clean-run-v1/groups/clean-run-eu-us-gac-v1__pilot-balanced-v1__default__coordinators/queries/single_user_segment_default__dataset-pilot-balanced-v1__runtime-default__q06_user_segment_join__lookback_days-7__limit_k-100.sql,"colocated_join,high_group_cardinality,topk",clean-run-eu-us-gac-v1,single_user_segment_default__dataset-pilot-balanced-v1__runtime-default,user_segment_topk,single_region_citus,pilot-balanced-v1,default,eu_us_gac,baseline,,well_reduced_localized,pilot,"{""fetch_size"":""none"",""wan_latency"":""none"",""work_mem"":""high""}",supports_colocated_user_join,,,mixed_cache_first_observed,deterministic_shuffle,20260626,false,0,149
single_event_filter_default__dataset-pilot-balanced-v1__runtime-default__q03_event_filter_summary__lookback_days-1__min_value-0,q03_event_filter_summary,"{""lookback_days"": 1, ""min_value"": 0}",master-regimes/generated/corpus/clean-run-v1/groups/clean-run-eu-us-gac-v1__pilot-balanced-v1__default__coordinators/queries/single_event_filter_default__dataset-pilot-balanced-v1__runtime-default__q03_event_filter_summary__lookback_days-1__min_value-0.sql,"selective_filter,scan_pressure,aggregate",clean-run-eu-us-gac-v1,single_event_filter_default__dataset-pilot-balanced-v1__runtime-default,event_filter_summary,single_region_citus,pilot-balanced-v1,default,eu_us_gac,baseline,,well_reduced_localized,pilot,"{""fetch_size"":""none"",""wan_latency"":""none"",""work_mem"":""none""}",,,,mixed_cache_first_observed,deterministic_shuffle,20260626,false,0,150
single_tenant_point_default__dataset-pilot-balanced-v1__runtime-default__q04_tenant_point_rollup__tenant_id-500__lookback_days-3,q04_tenant_point_rollup,"{""lookback_days"": 3, ""tenant_id"": 500}",master-regimes/generated/corpus/clean-run-v1/groups/clean-run-eu-us-gac-v1__pilot-balanced-v1__default__coordinators/queries/single_tenant_point_default__dataset-pilot-balanced-v1__runtime-default__q04_tenant_point_rollup__tenant_id-500__lookback_days-3.sql,"tenant_filter,shard_pruning_candidate,local_aggregate",clean-run-eu-us-gac-v1,single_tenant_point_default__dataset-pilot-balanced-v1__runtime-default,tenant_point_rollup,single_region_citus,pilot-balanced-v1,default,eu_us_gac,negative_control,,well_reduced_localized,pilot,"{""fetch_size"":""none"",""wan_latency"":""none"",""work_mem"":""none""}",,,,mixed_cache_first_observed,deterministic_shuffle,20260626,false,0,151
single_tenant_point_default__dataset-pilot-balanced-v1__runtime-default__q04_tenant_point_rollup__tenant_id-100__lookback_days-14,q04_tenant_point_rollup,"{""lookback_days"": 14, ""tenant_id"": 100}",master-regimes/generated/corpus/clean-run-v1/groups/clean-run-eu-us-gac-v1__pilot-balanced-v1__default__coordinators/queries/single_tenant_point_default__dataset-pilot-balanced-v1__runtime-default__q04_tenant_point_rollup__tenant_id-100__lookback_days-14.sql,"tenant_filter,shard_pruning_candidate,local_aggregate",clean-run-eu-us-gac-v1,single_tenant_point_default__dataset-pilot-balanced-v1__runtime-default,tenant_point_rollup,single_region_citus,pilot-balanced-v1,default,eu_us_gac,negative_control,,well_reduced_localized,pilot,"{""fetch_size"":""none"",""wan_latency"":""none"",""work_mem"":""none""}",,,,mixed_cache_first_observed,deterministic_shuffle,20260626,false,0,152
single_multi_dimension_default__dataset-pilot-balanced-v1__runtime-default__q08_multi_dimension_rollup__lookback_days-3__limit_k-100,q08_multi_dimension_rollup,"{""limit_k"": 100, ""lookback_days"": 3}",master-regimes/generated/corpus/clean-run-v1/groups/clean-run-eu-us-gac-v1__pilot-balanced-v1__default__coordinators/queries/single_multi_dimension_default__dataset-pilot-balanced-v1__runtime-default__q08_multi_dimension_rollup__lookback_days-3__limit_k-100.sql,"multi_join,reference_join,colocated_join,daily_group_by",clean-run-eu-us-gac-v1,single_multi_dimension_default__dataset-pilot-balanced-v1__runtime-default,multi_dimension_rollup,single_region_citus,pilot-balanced-v1,default,eu_us_gac,baseline,,"join_movement,gac_finalization_heavy",pilot,"{""fetch_size"":""none"",""wan_latency"":""none"",""work_mem"":""high""}",,,,mixed_cache_first_observed,deterministic_shuffle,20260626,false,0,153
single_user_value_default__dataset-pilot-balanced-v1__runtime-default__q02_global_user_topk__lookback_days-14__limit_k-10,q02_global_user_topk,"{""limit_k"": 10, ""lookback_days"": 14}",master-regimes/generated/corpus/clean-run-v1/groups/clean-run-eu-us-gac-v1__pilot-balanced-v1__default__coordinators/queries/single_user_value_default__dataset-pilot-balanced-v1__runtime-default__q02_global_user_topk__lookback_days-14__limit_k-10.sql,"high_group_cardinality,final_ordering,topk",clean-run-eu-us-gac-v1,single_user_value_default__dataset-pilot-balanced-v1__runtime-default,user_value_topk,single_region_citus,pilot-balanced-v1,default,eu_us_gac,baseline,,gac_finalization_heavy,pilot,"{""fetch_size"":""none"",""wan_latency"":""none"",""work_mem"":""high""}",supports_high_group_cardinality,,,mixed_cache_first_observed,deterministic_shuffle,20260626,false,0,154
single_global_user_default__dataset-pilot-balanced-v1__runtime-default__q07_global_user_segment_join__lookback_days-14__limit_k-10,q07_global_user_segment_join,"{""limit_k"": 10, ""lookback_days"": 14}",master-regimes/generated/corpus/clean-run-v1/groups/clean-run-eu-us-gac-v1__pilot-balanced-v1__default__coordinators/queries/single_global_user_default__dataset-pilot-balanced-v1__runtime-default__q07_global_user_segment_join__lookback_days-14__limit_k-10.sql,"non_colocated_join,repartition_candidate,high_group_cardinality",clean-run-eu-us-gac-v1,single_global_user_default__dataset-pilot-balanced-v1__runtime-default,global_user_topk,single_region_citus,pilot-balanced-v1,default,eu_us_gac,baseline,,join_movement,pilot,"{""fetch_size"":""none"",""wan_latency"":""none"",""work_mem"":""high""}",supports_global_users,,,mixed_cache_first_observed,deterministic_shuffle,20260626,false,0,155
single_global_user_default__dataset-pilot-balanced-v1__runtime-default__q07_global_user_segment_join__lookback_days-30__limit_k-50,q07_global_user_segment_join,"{""limit_k"": 50, ""lookback_days"": 30}",master-regimes/generated/corpus/clean-run-v1/groups/clean-run-eu-us-gac-v1__pilot-balanced-v1__default__coordinators/queries/single_global_user_default__dataset-pilot-balanced-v1__runtime-default__q07_global_user_segment_join__lookback_days-30__limit_k-50.sql,"non_colocated_join,repartition_candidate,high_group_cardinality",clean-run-eu-us-gac-v1,single_global_user_default__dataset-pilot-balanced-v1__runtime-default,global_user_topk,single_region_citus,pilot-balanced-v1,default,eu_us_gac,baseline,,join_movement,pilot,"{""fetch_size"":""none"",""wan_latency"":""none"",""work_mem"":""high""}",supports_global_users,,,mixed_cache_first_observed,deterministic_shuffle,20260626,false,0,156
single_user_value_default__dataset-pilot-balanced-v1__runtime-default__q02_global_user_topk__lookback_days-1__limit_k-25,q02_global_user_topk,"{""limit_k"": 25, ""lookback_days"": 1}",master-regimes/generated/corpus/clean-run-v1/groups/clean-run-eu-us-gac-v1__pilot-balanced-v1__default__coordinators/queries/single_user_value_default__dataset-pilot-balanced-v1__runtime-default__q02_global_user_topk__lookback_days-1__limit_k-25.sql,"high_group_cardinality,final_ordering,topk",clean-run-eu-us-gac-v1,single_user_value_default__dataset-pilot-balanced-v1__runtime-default,user_value_topk,single_region_citus,pilot-balanced-v1,default,eu_us_gac,baseline,,gac_finalization_heavy,pilot,"{""fetch_size"":""none"",""wan_latency"":""none"",""work_mem"":""high""}",supports_high_group_cardinality,,,mixed_cache_first_observed,deterministic_shuffle,20260626,false,0,157
single_global_user_default__dataset-pilot-balanced-v1__runtime-default__q07_global_user_segment_join__lookback_days-14__limit_k-50,q07_global_user_segment_join,"{""limit_k"": 50, ""lookback_days"": 14}",master-regimes/generated/corpus/clean-run-v1/groups/clean-run-eu-us-gac-v1__pilot-balanced-v1__default__coordinators/queries/single_global_user_default__dataset-pilot-balanced-v1__runtime-default__q07_global_user_segment_join__lookback_days-14__limit_k-50.sql,"non_colocated_join,repartition_candidate,high_group_cardinality",clean-run-eu-us-gac-v1,single_global_user_default__dataset-pilot-balanced-v1__runtime-default,global_user_topk,single_region_citus,pilot-balanced-v1,default,eu_us_gac,baseline,,join_movement,pilot,"{""fetch_size"":""none"",""wan_latency"":""none"",""work_mem"":""high""}",supports_global_users,,,mixed_cache_first_observed,deterministic_shuffle,20260626,false,0,158
single_user_segment_default__dataset-pilot-balanced-v1__runtime-default__q06_user_segment_join__lookback_days-3__limit_k-100,q06_user_segment_join,"{""limit_k"": 100, ""lookback_days"": 3}",master-regimes/generated/corpus/clean-run-v1/groups/clean-run-eu-us-gac-v1__pilot-balanced-v1__default__coordinators/queries/single_user_segment_default__dataset-pilot-balanced-v1__runtime-default__q06_user_segment_join__lookback_days-3__limit_k-100.sql,"colocated_join,high_group_cardinality,topk",clean-run-eu-us-gac-v1,single_user_segment_default__dataset-pilot-balanced-v1__runtime-default,user_segment_topk,single_region_citus,pilot-balanced-v1,default,eu_us_gac,baseline,,well_reduced_localized,pilot,"{""fetch_size"":""none"",""wan_latency"":""none"",""work_mem"":""high""}",supports_colocated_user_join,,,mixed_cache_first_observed,deterministic_shuffle,20260626,false,0,159
single_top_tenants_default__dataset-pilot-balanced-v1__runtime-default__q10_top_tenants__lookback_days-7__limit_k-10,q10_top_tenants,"{""limit_k"": 10, ""lookback_days"": 7}",master-regimes/generated/corpus/clean-run-v1/groups/clean-run-eu-us-gac-v1__pilot-balanced-v1__default__coordinators/queries/single_top_tenants_default__dataset-pilot-balanced-v1__runtime-default__q10_top_tenants__lookback_days-7__limit_k-10.sql,"topk,final_ordering,high_group_cardinality",clean-run-eu-us-gac-v1,single_top_tenants_default__dataset-pilot-balanced-v1__runtime-default,top_tenants,single_region_citus,pilot-balanced-v1,default,eu_us_gac,baseline,,gac_finalization_heavy,pilot,"{""fetch_size"":""none"",""wan_latency"":""none"",""work_mem"":""high""}",,,baseline,mixed_cache_first_observed,deterministic_shuffle,20260626,false,0,160
single_daily_rollup_default__dataset-pilot-balanced-v1__runtime-default__q01_tenant_rollup__lookback_days-30__min_value-0,q01_tenant_rollup,"{""lookback_days"": 30, ""min_value"": 0}",master-regimes/generated/corpus/clean-run-v1/groups/clean-run-eu-us-gac-v1__pilot-balanced-v1__default__coordinators/queries/single_daily_rollup_default__dataset-pilot-balanced-v1__runtime-default__q01_tenant_rollup__lookback_days-30__min_value-0.sql,"regional_reduction,low_global_fanin",clean-run-eu-us-gac-v1,single_daily_rollup_default__dataset-pilot-balanced-v1__runtime-default,daily_tenant_rollup,single_region_citus,pilot-balanced-v1,default,eu_us_gac,baseline,,well_reduced_localized,pilot,"{""fetch_size"":""none"",""wan_latency"":""none"",""work_mem"":""low""}",supports_reference_join,,,mixed_cache_first_observed,deterministic_shuffle,20260626,false,0,161
single_daily_rollup_default__dataset-pilot-balanced-v1__runtime-default__q01_tenant_rollup__lookback_days-3__min_value-0,q01_tenant_rollup,"{""lookback_days"": 3, ""min_value"": 0}",master-regimes/generated/corpus/clean-run-v1/groups/clean-run-eu-us-gac-v1__pilot-balanced-v1__default__coordinators/queries/single_daily_rollup_default__dataset-pilot-balanced-v1__runtime-default__q01_tenant_rollup__lookback_days-3__min_value-0.sql,"regional_reduction,low_global_fanin",clean-run-eu-us-gac-v1,single_daily_rollup_default__dataset-pilot-balanced-v1__runtime-default,daily_tenant_rollup,single_region_citus,pilot-balanced-v1,default,eu_us_gac,baseline,,well_reduced_localized,pilot,"{""fetch_size"":""none"",""wan_latency"":""none"",""work_mem"":""low""}",supports_reference_join,,,mixed_cache_first_observed,deterministic_shuffle,20260626,false,0,162
single_tenant_point_default__dataset-pilot-balanced-v1__runtime-default__q04_tenant_point_rollup__tenant_id-500__lookback_days-30,q04_tenant_point_rollup,"{""lookback_days"": 30, ""tenant_id"": 500}",master-regimes/generated/corpus/clean-run-v1/groups/clean-run-eu-us-gac-v1__pilot-balanced-v1__default__coordinators/queries/single_tenant_point_default__dataset-pilot-balanced-v1__runtime-default__q04_tenant_point_rollup__tenant_id-500__lookback_days-30.sql,"tenant_filter,shard_pruning_candidate,local_aggregate",clean-run-eu-us-gac-v1,single_tenant_point_default__dataset-pilot-balanced-v1__runtime-default,tenant_point_rollup,single_region_citus,pilot-balanced-v1,default,eu_us_gac,negative_control,,well_reduced_localized,pilot,"{""fetch_size"":""none"",""wan_latency"":""none"",""work_mem"":""none""}",,,,mixed_cache_first_observed,deterministic_shuffle,20260626,false,0,163
single_multi_dimension_default__dataset-pilot-balanced-v1__runtime-default__q08_multi_dimension_rollup__lookback_days-3__limit_k-10,q08_multi_dimension_rollup,"{""limit_k"": 10, ""lookback_days"": 3}",master-regimes/generated/corpus/clean-run-v1/groups/clean-run-eu-us-gac-v1__pilot-balanced-v1__default__coordinators/queries/single_multi_dimension_default__dataset-pilot-balanced-v1__runtime-default__q08_multi_dimension_rollup__lookback_days-3__limit_k-10.sql,"multi_join,reference_join,colocated_join,daily_group_by",clean-run-eu-us-gac-v1,single_multi_dimension_default__dataset-pilot-balanced-v1__runtime-default,multi_dimension_rollup,single_region_citus,pilot-balanced-v1,default,eu_us_gac,baseline,,"join_movement,gac_finalization_heavy",pilot,"{""fetch_size"":""none"",""wan_latency"":""none"",""work_mem"":""high""}",,,,mixed_cache_first_observed,deterministic_shuffle,20260626,false,0,164
single_global_user_default__dataset-pilot-balanced-v1__runtime-default__q07_global_user_segment_join__lookback_days-30__limit_k-10,q07_global_user_segment_join,"{""limit_k"": 10, ""lookback_days"": 30}",master-regimes/generated/corpus/clean-run-v1/groups/clean-run-eu-us-gac-v1__pilot-balanced-v1__default__coordinators/queries/single_global_user_default__dataset-pilot-balanced-v1__runtime-default__q07_global_user_segment_join__lookback_days-30__limit_k-10.sql,"non_colocated_join,repartition_candidate,high_group_cardinality",clean-run-eu-us-gac-v1,single_global_user_default__dataset-pilot-balanced-v1__runtime-default,global_user_topk,single_region_citus,pilot-balanced-v1,default,eu_us_gac,baseline,,join_movement,pilot,"{""fetch_size"":""none"",""wan_latency"":""none"",""work_mem"":""high""}",supports_global_users,,,mixed_cache_first_observed,deterministic_shuffle,20260626,false,0,165
single_event_filter_default__dataset-pilot-balanced-v1__runtime-default__q03_event_filter_summary__lookback_days-3__min_value-900,q03_event_filter_summary,"{""lookback_days"": 3, ""min_value"": 900}",master-regimes/generated/corpus/clean-run-v1/groups/clean-run-eu-us-gac-v1__pilot-balanced-v1__default__coordinators/queries/single_event_filter_default__dataset-pilot-balanced-v1__runtime-default__q03_event_filter_summary__lookback_days-3__min_value-900.sql,"selective_filter,scan_pressure,aggregate",clean-run-eu-us-gac-v1,single_event_filter_default__dataset-pilot-balanced-v1__runtime-default,event_filter_summary,single_region_citus,pilot-balanced-v1,default,eu_us_gac,baseline,,well_reduced_localized,pilot,"{""fetch_size"":""none"",""wan_latency"":""none"",""work_mem"":""none""}",,,,mixed_cache_first_observed,deterministic_shuffle,20260626,false,0,166
single_user_value_default__dataset-pilot-balanced-v1__runtime-default__q02_global_user_topk__lookback_days-3__limit_k-50,q02_global_user_topk,"{""limit_k"": 50, ""lookback_days"": 3}",master-regimes/generated/corpus/clean-run-v1/groups/clean-run-eu-us-gac-v1__pilot-balanced-v1__default__coordinators/queries/single_user_value_default__dataset-pilot-balanced-v1__runtime-default__q02_global_user_topk__lookback_days-3__limit_k-50.sql,"high_group_cardinality,final_ordering,topk",clean-run-eu-us-gac-v1,single_user_value_default__dataset-pilot-balanced-v1__runtime-default,user_value_topk,single_region_citus,pilot-balanced-v1,default,eu_us_gac,baseline,,gac_finalization_heavy,pilot,"{""fetch_size"":""none"",""wan_latency"":""none"",""work_mem"":""high""}",supports_high_group_cardinality,,,mixed_cache_first_observed,deterministic_shuffle,20260626,false,0,167
single_user_segment_default__dataset-pilot-balanced-v1__runtime-default__q06_user_segment_join__lookback_days-14__limit_k-10,q06_user_segment_join,"{""limit_k"": 10, ""lookback_days"": 14}",master-regimes/generated/corpus/clean-run-v1/groups/clean-run-eu-us-gac-v1__pilot-balanced-v1__default__coordinators/queries/single_user_segment_default__dataset-pilot-balanced-v1__runtime-default__q06_user_segment_join__lookback_days-14__limit_k-10.sql,"colocated_join,high_group_cardinality,topk",clean-run-eu-us-gac-v1,single_user_segment_default__dataset-pilot-balanced-v1__runtime-default,user_segment_topk,single_region_citus,pilot-balanced-v1,default,eu_us_gac,baseline,,well_reduced_localized,pilot,"{""fetch_size"":""none"",""wan_latency"":""none"",""work_mem"":""high""}",supports_colocated_user_join,,,mixed_cache_first_observed,deterministic_shuffle,20260626,false,0,168
single_global_user_default__dataset-pilot-balanced-v1__runtime-default__q07_global_user_segment_join__lookback_days-3__limit_k-100,q07_global_user_segment_join,"{""limit_k"": 100, ""lookback_days"": 3}",master-regimes/generated/corpus/clean-run-v1/groups/clean-run-eu-us-gac-v1__pilot-balanced-v1__default__coordinators/queries/single_global_user_default__dataset-pilot-balanced-v1__runtime-default__q07_global_user_segment_join__lookback_days-3__limit_k-100.sql,"non_colocated_join,repartition_candidate,high_group_cardinality",clean-run-eu-us-gac-v1,single_global_user_default__dataset-pilot-balanced-v1__runtime-default,global_user_topk,single_region_citus,pilot-balanced-v1,default,eu_us_gac,baseline,,join_movement,pilot,"{""fetch_size"":""none"",""wan_latency"":""none"",""work_mem"":""high""}",supports_global_users,,,mixed_cache_first_observed,deterministic_shuffle,20260626,false,0,169
single_event_filter_default__dataset-pilot-balanced-v1__runtime-default__q03_event_filter_summary__lookback_days-30__min_value-0,q03_event_filter_summary,"{""lookback_days"": 30, ""min_value"": 0}",master-regimes/generated/corpus/clean-run-v1/groups/clean-run-eu-us-gac-v1__pilot-balanced-v1__default__coordinators/queries/single_event_filter_default__dataset-pilot-balanced-v1__runtime-default__q03_event_filter_summary__lookback_days-30__min_value-0.sql,"selective_filter,scan_pressure,aggregate",clean-run-eu-us-gac-v1,single_event_filter_default__dataset-pilot-balanced-v1__runtime-default,event_filter_summary,single_region_citus,pilot-balanced-v1,default,eu_us_gac,baseline,,well_reduced_localized,pilot,"{""fetch_size"":""none"",""wan_latency"":""none"",""work_mem"":""none""}",,,,mixed_cache_first_observed,deterministic_shuffle,20260626,false,0,170
single_event_filter_default__dataset-pilot-balanced-v1__runtime-default__q03_event_filter_summary__lookback_days-14__min_value-0,q03_event_filter_summary,"{""lookback_days"": 14, ""min_value"": 0}",master-regimes/generated/corpus/clean-run-v1/groups/clean-run-eu-us-gac-v1__pilot-balanced-v1__default__coordinators/queries/single_event_filter_default__dataset-pilot-balanced-v1__runtime-default__q03_event_filter_summary__lookback_days-14__min_value-0.sql,"selective_filter,scan_pressure,aggregate",clean-run-eu-us-gac-v1,single_event_filter_default__dataset-pilot-balanced-v1__runtime-default,event_filter_summary,single_region_citus,pilot-balanced-v1,default,eu_us_gac,baseline,,well_reduced_localized,pilot,"{""fetch_size"":""none"",""wan_latency"":""none"",""work_mem"":""none""}",,,,mixed_cache_first_observed,deterministic_shuffle,20260626,false,0,171
single_multi_dimension_default__dataset-pilot-balanced-v1__runtime-default__q08_multi_dimension_rollup__lookback_days-14__limit_k-100,q08_multi_dimension_rollup,"{""limit_k"": 100, ""lookback_days"": 14}",master-regimes/generated/corpus/clean-run-v1/groups/clean-run-eu-us-gac-v1__pilot-balanced-v1__default__coordinators/queries/single_multi_dimension_default__dataset-pilot-balanced-v1__runtime-default__q08_multi_dimension_rollup__lookback_days-14__limit_k-100.sql,"multi_join,reference_join,colocated_join,daily_group_by",clean-run-eu-us-gac-v1,single_multi_dimension_default__dataset-pilot-balanced-v1__runtime-default,multi_dimension_rollup,single_region_citus,pilot-balanced-v1,default,eu_us_gac,baseline,,"join_movement,gac_finalization_heavy",pilot,"{""fetch_size"":""none"",""wan_latency"":""none"",""work_mem"":""high""}",,,,mixed_cache_first_observed,deterministic_shuffle,20260626,false,0,172
single_user_value_default__dataset-pilot-balanced-v1__runtime-default__q02_global_user_topk__lookback_days-1__limit_k-10,q02_global_user_topk,"{""limit_k"": 10, ""lookback_days"": 1}",master-regimes/generated/corpus/clean-run-v1/groups/clean-run-eu-us-gac-v1__pilot-balanced-v1__default__coordinators/queries/single_user_value_default__dataset-pilot-balanced-v1__runtime-default__q02_global_user_topk__lookback_days-1__limit_k-10.sql,"high_group_cardinality,final_ordering,topk",clean-run-eu-us-gac-v1,single_user_value_default__dataset-pilot-balanced-v1__runtime-default,user_value_topk,single_region_citus,pilot-balanced-v1,default,eu_us_gac,baseline,,gac_finalization_heavy,pilot,"{""fetch_size"":""none"",""wan_latency"":""none"",""work_mem"":""high""}",supports_high_group_cardinality,,,mixed_cache_first_observed,deterministic_shuffle,20260626,false,0,173
single_daily_rollup_default__dataset-pilot-balanced-v1__runtime-default__q01_tenant_rollup__lookback_days-1__min_value-500,q01_tenant_rollup,"{""lookback_days"": 1, ""min_value"": 500}",master-regimes/generated/corpus/clean-run-v1/groups/clean-run-eu-us-gac-v1__pilot-balanced-v1__default__coordinators/queries/single_daily_rollup_default__dataset-pilot-balanced-v1__runtime-default__q01_tenant_rollup__lookback_days-1__min_value-500.sql,"regional_reduction,low_global_fanin",clean-run-eu-us-gac-v1,single_daily_rollup_default__dataset-pilot-balanced-v1__runtime-default,daily_tenant_rollup,single_region_citus,pilot-balanced-v1,default,eu_us_gac,baseline,,well_reduced_localized,pilot,"{""fetch_size"":""none"",""wan_latency"":""none"",""work_mem"":""low""}",supports_reference_join,,,mixed_cache_first_observed,deterministic_shuffle,20260626,false,0,174
single_tenant_point_default__dataset-pilot-balanced-v1__runtime-default__q04_tenant_point_rollup__tenant_id-100__lookback_days-30,q04_tenant_point_rollup,"{""lookback_days"": 30, ""tenant_id"": 100}",master-regimes/generated/corpus/clean-run-v1/groups/clean-run-eu-us-gac-v1__pilot-balanced-v1__default__coordinators/queries/single_tenant_point_default__dataset-pilot-balanced-v1__runtime-default__q04_tenant_point_rollup__tenant_id-100__lookback_days-30.sql,"tenant_filter,shard_pruning_candidate,local_aggregate",clean-run-eu-us-gac-v1,single_tenant_point_default__dataset-pilot-balanced-v1__runtime-default,tenant_point_rollup,single_region_citus,pilot-balanced-v1,default,eu_us_gac,negative_control,,well_reduced_localized,pilot,"{""fetch_size"":""none"",""wan_latency"":""none"",""work_mem"":""none""}",,,,mixed_cache_first_observed,deterministic_shuffle,20260626,false,0,175
single_daily_rollup_default__dataset-pilot-balanced-v1__runtime-default__q01_tenant_rollup__lookback_days-14__min_value-500,q01_tenant_rollup,"{""lookback_days"": 14, ""min_value"": 500}",master-regimes/generated/corpus/clean-run-v1/groups/clean-run-eu-us-gac-v1__pilot-balanced-v1__default__coordinators/queries/single_daily_rollup_default__dataset-pilot-balanced-v1__runtime-default__q01_tenant_rollup__lookback_days-14__min_value-500.sql,"regional_reduction,low_global_fanin",clean-run-eu-us-gac-v1,single_daily_rollup_default__dataset-pilot-balanced-v1__runtime-default,daily_tenant_rollup,single_region_citus,pilot-balanced-v1,default,eu_us_gac,baseline,,well_reduced_localized,pilot,"{""fetch_size"":""none"",""wan_latency"":""none"",""work_mem"":""low""}",supports_reference_join,,,mixed_cache_first_observed,deterministic_shuffle,20260626,false,0,176
