condition_id,execution_slot_id,pair_id,repeat_id,instance_id,template_id,param_json,rendered_sql_path,expected_shape_tags,corpus_id,corpus_version,batch_id,collection_contract_version,corpus_cell_id,logical_question_id,execution_strategy,execution_scope,target_scope,component_match_id,dataset_profile_id,runtime_config_id,topology_id,intervention_role,intervention_axis,pressure_axis,pressure_level,variant,pressure_pair_key,physical_strategy_id,scenario_level,join_shape_id,remote_shape_id,edge_stress_scope,transfer_volume_level,network_subblock,coordinator_pressure_kind,coordinator_shape_id,mitigation_action,target_metric,dataset_role,expected_regime_targets,execution_class,runtime_sensitivity,required_dataset_capabilities,distribution_key_usage,intervention_roles,cache_policy,order_policy,shuffle_seed,warmup_run_flag,repetition_index,run_order,sentinel_flag,dataset_size_class,planned_query_passes,progress_dataset_weight,progress_runtime_multiplier,planned_work_units,progress_cost_class,progress_weight_basis
cond-0a5b0f2081f49267d525,cond-0a5b0f2081f49267d525::r1,pair-4a877d333e0b6c5c65ae7397,pair-4a877d333e0b6c5c65ae7397::r1,gac_distinct_regional_mitigated__dataset-raw-small-balanced-v1__runtime-default__gac_fdw_coordinator_regional_distinct_users__as_of_unix-1782864000__cutoff_ts-2026-06-01-00-00-00-00__user_id_max-10,gac_fdw_coordinator_regional_distinct_users,"{""as_of_unix"": 1782864000, ""cutoff_ts"": ""2026-06-01 00:00:00+00"", ""user_id_max"": 10}",master-regimes/generated/corpus/pressure-raw-v1/batches/batch-100-gac/rendered/groups/pressure-raw-v1-gac__raw-small-balanced-v1__default__analytics_clients/queries/gac_distinct_regional_mitigated__dataset-raw-small-balanced-v1__runtime-default__gac_fdw_coordinator_regional_distinct_users__as_of_unix-1782864000__cutoff_ts-2026-06-01-00-00-00-00__user_id_max-10.sql,"regional_distinct,coordinator_unique,coordinator_fanin_mitigation",pressure-raw-v1-gac,pressure-raw-corpus-v1,batch-100-gac,pressure-raw-v1,gac_distinct_regional_mitigated__dataset-raw-small-balanced-v1__runtime-default,distinct_active_users,multiregion_union,,,,raw-small-balanced-v1,default,eu_us_gac,positive_case,gac_finalization,gac_finalization,mitigated,mitigated,gac__global_distinct,regional_distinct,parameterized,,,,,,"fanin,distinct_dedup",active_user_distinct,regional_prededuplication,paired_coordinator_severity_vector,pressure_isolated,"gac_finalization_heavy,well_reduced_localized",pilot,"{""fetch_size"":""medium"",""wan_latency"":""medium"",""work_mem"":""medium""}","supports_region_partitioning,supports_high_group_cardinality","{""filter_uses_distribution_key"":false,""group_by_uses_distribution_key"":false,""join_uses_distribution_key"":false,""multi_tenant_scope"":true,""order_by_uses_distribution_key"":false,""single_tenant_scope"":false,""tenant_filter_present"":false}",,mixed_cache_first_observed,deterministic_interleaved_shuffle,20260730,false,1,1,false,small,1,1.0,1.0,1.0,light,dataset=small:1;runtime=default:1;passes=1
cond-060088bb9affde80af01,cond-060088bb9affde80af01::r0,pair-a0e50eea8357c6a023ff5fd3,pair-a0e50eea8357c6a023ff5fd3::r0,gac_topk_raw_stressed__dataset-raw-small-balanced-v1__runtime-default__gac_fdw_coordinator_raw_event_topk__as_of_unix-1782864000__cutoff_ts-2026-06-01-00-00-00-00__limit_k-10,gac_fdw_coordinator_raw_event_topk,"{""as_of_unix"": 1782864000, ""cutoff_ts"": ""2026-06-01 00:00:00+00"", ""limit_k"": 10}",master-regimes/generated/corpus/pressure-raw-v1/batches/batch-100-gac/rendered/groups/pressure-raw-v1-gac__raw-small-balanced-v1__default__analytics_clients/queries/gac_topk_raw_stressed__dataset-raw-small-balanced-v1__runtime-default__gac_fdw_coordinator_raw_event_topk__as_of_unix-1782864000__cutoff_ts-2026-06-01-00-00-00-00__limit_k-10.sql,"coordinator_raw_fanin,coordinator_sort_topk",pressure-raw-v1-gac,pressure-raw-corpus-v1,batch-100-gac,pressure-raw-v1,gac_topk_raw_stressed__dataset-raw-small-balanced-v1__runtime-default,event_raw_wide_sample,multiregion_union,,,,raw-small-balanced-v1,default,eu_us_gac,positive_case,gac_finalization,gac_finalization,stressed,stressed,gac__global_topk,gac_raw_topk,parameterized,,,,,,"fanin,sort_topk",event_topk,regional_topk_candidates,paired_coordinator_severity_vector,pressure_isolated,"gac_finalization_heavy,remote_fetch_heavy",pilot,"{""fetch_size"":""high"",""wan_latency"":""high"",""work_mem"":""high""}","supports_region_partitioning,supports_large_scan","{""filter_uses_distribution_key"":false,""group_by_uses_distribution_key"":false,""join_uses_distribution_key"":false,""multi_tenant_scope"":true,""order_by_uses_distribution_key"":false,""single_tenant_scope"":false,""tenant_filter_present"":false}",,mixed_cache_first_observed,deterministic_interleaved_shuffle,20260730,false,0,2,false,small,2,1.0,1.0,2.0,light,dataset=small:1;runtime=default:1;passes=2
cond-4dfd79b14c665b33f389,cond-4dfd79b14c665b33f389::r1,pair-b4277ea23cb238dc55126cdc,pair-b4277ea23cb238dc55126cdc::r1,gac_local_join_stressed__dataset-raw-small-balanced-v1__runtime-default__gac_fdw_coordinator_local_user_join__as_of_unix-1782864000__cutoff_ts-2026-06-01-00-00-00-00__tenant_modulus-8,gac_fdw_coordinator_local_user_join,"{""as_of_unix"": 1782864000, ""cutoff_ts"": ""2026-06-01 00:00:00+00"", ""tenant_modulus"": 8}",master-regimes/generated/corpus/pressure-raw-v1/batches/batch-100-gac/rendered/groups/pressure-raw-v1-gac__raw-small-balanced-v1__default__analytics_clients/queries/gac_local_join_stressed__dataset-raw-small-balanced-v1__runtime-default__gac_fdw_coordinator_local_user_join__as_of_unix-1782864000__cutoff_ts-2026-06-01-00-00-00-00__tenant_modulus-8.sql,"coordinator_raw_fanin,coordinator_local_join,coordinator_group_merge",pressure-raw-v1-gac,pressure-raw-corpus-v1,batch-100-gac,pressure-raw-v1,gac_local_join_stressed__dataset-raw-small-balanced-v1__runtime-default,user_segment_topk,multiregion_union,,,,raw-small-balanced-v1,default,eu_us_gac,positive_case,gac_finalization,gac_finalization,stressed,stressed,gac__local_join,gac_local_hash_join,parameterized,,,,,,"fanin,local_join,group_merge",user_segment_join,regional_join_pushdown,paired_coordinator_severity_vector,pressure_isolated,"gac_finalization_heavy,remote_fetch_heavy",pilot,"{""fetch_size"":""high"",""wan_latency"":""high"",""work_mem"":""high""}","supports_region_partitioning,supports_colocated_user_join","{""filter_uses_distribution_key"":false,""group_by_uses_distribution_key"":false,""join_uses_distribution_key"":true,""multi_tenant_scope"":true,""order_by_uses_distribution_key"":false,""single_tenant_scope"":false,""tenant_filter_present"":false}",,mixed_cache_first_observed,deterministic_interleaved_shuffle,20260730,false,1,3,false,small,1,1.0,1.0,1.0,light,dataset=small:1;runtime=default:1;passes=1
cond-9075cf892cbb973c0690,cond-9075cf892cbb973c0690::r1,pair-e28e1200a5afd73ef9b321a9,pair-e28e1200a5afd73ef9b321a9::r1,gac_group_merge_mitigated__dataset-raw-small-balanced-v1__runtime-default__gac_fdw_coordinator_partial_user_topk__as_of_unix-1782864000__cutoff_ts-2026-06-01-00-00-00-00__tenant_modulus-1__limit_k-100,gac_fdw_coordinator_partial_user_topk,"{""as_of_unix"": 1782864000, ""cutoff_ts"": ""2026-06-01 00:00:00+00"", ""limit_k"": 100, ""tenant_modulus"": 1}",master-regimes/generated/corpus/pressure-raw-v1/batches/batch-100-gac/rendered/groups/pressure-raw-v1-gac__raw-small-balanced-v1__default__analytics_clients/queries/gac_group_merge_mitigated__dataset-raw-small-balanced-v1__runtime-default__gac_fdw_coordinator_partial_user_topk__as_of_unix-1782864000__cutoff_ts-2026-06-01-00-00-00-00__tenant_modulus-1__limit_k-100.sql,"regional_partial_aggregate,coordinator_sort_topk,coordinator_fanin_mitigation",pressure-raw-v1-gac,pressure-raw-corpus-v1,batch-100-gac,pressure-raw-v1,gac_group_merge_mitigated__dataset-raw-small-balanced-v1__runtime-default,user_value_topk,multiregion_union,,,,raw-small-balanced-v1,default,eu_us_gac,positive_case,gac_finalization,gac_finalization,mitigated,mitigated,gac__group_merge_fanin,regional_partial_aggregate,parameterized,,,,,,"fanin,group_merge,sort_topk",user_group_topk,regional_partial_aggregation,paired_coordinator_severity_vector,pressure_isolated,"gac_finalization_heavy,well_reduced_localized",pilot,"{""fetch_size"":""medium"",""wan_latency"":""medium"",""work_mem"":""medium""}","supports_region_partitioning,supports_high_group_cardinality","{""filter_uses_distribution_key"":false,""group_by_uses_distribution_key"":true,""join_uses_distribution_key"":false,""multi_tenant_scope"":true,""order_by_uses_distribution_key"":true,""single_tenant_scope"":false,""tenant_filter_present"":false}",,mixed_cache_first_observed,deterministic_interleaved_shuffle,20260730,false,1,4,false,small,1,1.0,1.0,1.0,light,dataset=small:1;runtime=default:1;passes=1
cond-69d1b7074021e9ae6521,cond-69d1b7074021e9ae6521::r1,pair-eedb63974432e76f986dc939,pair-eedb63974432e76f986dc939::r1,gac_group_merge_mitigated__dataset-raw-small-balanced-v1__runtime-default__gac_fdw_coordinator_partial_user_topk__as_of_unix-1782864000__cutoff_ts-2026-06-01-00-00-00-00__tenant_modulus-16__limit_k-100,gac_fdw_coordinator_partial_user_topk,"{""as_of_unix"": 1782864000, ""cutoff_ts"": ""2026-06-01 00:00:00+00"", ""limit_k"": 100, ""tenant_modulus"": 16}",master-regimes/generated/corpus/pressure-raw-v1/batches/batch-100-gac/rendered/groups/pressure-raw-v1-gac__raw-small-balanced-v1__default__analytics_clients/queries/gac_group_merge_mitigated__dataset-raw-small-balanced-v1__runtime-default__gac_fdw_coordinator_partial_user_topk__as_of_unix-1782864000__cutoff_ts-2026-06-01-00-00-00-00__tenant_modulus-16__limit_k-100.sql,"regional_partial_aggregate,coordinator_sort_topk,coordinator_fanin_mitigation",pressure-raw-v1-gac,pressure-raw-corpus-v1,batch-100-gac,pressure-raw-v1,gac_group_merge_mitigated__dataset-raw-small-balanced-v1__runtime-default,user_value_topk,multiregion_union,,,,raw-small-balanced-v1,default,eu_us_gac,positive_case,gac_finalization,gac_finalization,mitigated,mitigated,gac__group_merge_fanin,regional_partial_aggregate,parameterized,,,,,,"fanin,group_merge,sort_topk",user_group_topk,regional_partial_aggregation,paired_coordinator_severity_vector,pressure_isolated,"gac_finalization_heavy,well_reduced_localized",pilot,"{""fetch_size"":""medium"",""wan_latency"":""medium"",""work_mem"":""medium""}","supports_region_partitioning,supports_high_group_cardinality","{""filter_uses_distribution_key"":false,""group_by_uses_distribution_key"":true,""join_uses_distribution_key"":false,""multi_tenant_scope"":true,""order_by_uses_distribution_key"":true,""single_tenant_scope"":false,""tenant_filter_present"":false}",,mixed_cache_first_observed,deterministic_interleaved_shuffle,20260730,false,1,5,false,small,1,1.0,1.0,1.0,light,dataset=small:1;runtime=default:1;passes=1
cond-7b55d9dad7638cef276e,cond-7b55d9dad7638cef276e::r2,pair-c7aaf5c2989ca2887d5477dd,pair-c7aaf5c2989ca2887d5477dd::r2,gac_distinct_regional_mitigated__dataset-raw-small-balanced-v1__runtime-default__gac_fdw_coordinator_regional_distinct_users__as_of_unix-1782864000__cutoff_ts-2026-06-01-00-00-00-00__user_id_max-25,gac_fdw_coordinator_regional_distinct_users,"{""as_of_unix"": 1782864000, ""cutoff_ts"": ""2026-06-01 00:00:00+00"", ""user_id_max"": 25}",master-regimes/generated/corpus/pressure-raw-v1/batches/batch-100-gac/rendered/groups/pressure-raw-v1-gac__raw-small-balanced-v1__default__analytics_clients/queries/gac_distinct_regional_mitigated__dataset-raw-small-balanced-v1__runtime-default__gac_fdw_coordinator_regional_distinct_users__as_of_unix-1782864000__cutoff_ts-2026-06-01-00-00-00-00__user_id_max-25.sql,"regional_distinct,coordinator_unique,coordinator_fanin_mitigation",pressure-raw-v1-gac,pressure-raw-corpus-v1,batch-100-gac,pressure-raw-v1,gac_distinct_regional_mitigated__dataset-raw-small-balanced-v1__runtime-default,distinct_active_users,multiregion_union,,,,raw-small-balanced-v1,default,eu_us_gac,positive_case,gac_finalization,gac_finalization,mitigated,mitigated,gac__global_distinct,regional_distinct,parameterized,,,,,,"fanin,distinct_dedup",active_user_distinct,regional_prededuplication,paired_coordinator_severity_vector,pressure_isolated,"gac_finalization_heavy,well_reduced_localized",pilot,"{""fetch_size"":""medium"",""wan_latency"":""medium"",""work_mem"":""medium""}","supports_region_partitioning,supports_high_group_cardinality","{""filter_uses_distribution_key"":false,""group_by_uses_distribution_key"":false,""join_uses_distribution_key"":false,""multi_tenant_scope"":true,""order_by_uses_distribution_key"":false,""single_tenant_scope"":false,""tenant_filter_present"":false}",,mixed_cache_first_observed,deterministic_interleaved_shuffle,20260730,false,2,6,false,small,1,1.0,1.0,1.0,light,dataset=small:1;runtime=default:1;passes=1
cond-0b9be4b6b8c1f7b00841,cond-0b9be4b6b8c1f7b00841::r0,pair-ffefcee9b82c49cd8198e03a,pair-ffefcee9b82c49cd8198e03a::r0,gac_local_join_regional_mitigated__dataset-raw-small-balanced-v1__runtime-default__gac_fdw_coordinator_regional_user_join__as_of_unix-1782864000__cutoff_ts-2026-06-01-00-00-00-00__tenant_modulus-16,gac_fdw_coordinator_regional_user_join,"{""as_of_unix"": 1782864000, ""cutoff_ts"": ""2026-06-01 00:00:00+00"", ""tenant_modulus"": 16}",master-regimes/generated/corpus/pressure-raw-v1/batches/batch-100-gac/rendered/groups/pressure-raw-v1-gac__raw-small-balanced-v1__default__analytics_clients/queries/gac_local_join_regional_mitigated__dataset-raw-small-balanced-v1__runtime-default__gac_fdw_coordinator_regional_user_join__as_of_unix-1782864000__cutoff_ts-2026-06-01-00-00-00-00__tenant_modulus-16.sql,"regional_join,regional_partial_aggregate,coordinator_fanin_mitigation",pressure-raw-v1-gac,pressure-raw-corpus-v1,batch-100-gac,pressure-raw-v1,gac_local_join_regional_mitigated__dataset-raw-small-balanced-v1__runtime-default,user_segment_topk,multiregion_union,,,,raw-small-balanced-v1,default,eu_us_gac,positive_case,gac_finalization,gac_finalization,mitigated,mitigated,gac__local_join,regional_colocated_join,parameterized,,,,,,"fanin,local_join,group_merge",user_segment_join,regional_join_pushdown,paired_coordinator_severity_vector,pressure_isolated,"gac_finalization_heavy,well_reduced_localized",pilot,"{""fetch_size"":""medium"",""wan_latency"":""medium"",""work_mem"":""medium""}","supports_region_partitioning,supports_colocated_user_join","{""filter_uses_distribution_key"":false,""group_by_uses_distribution_key"":false,""join_uses_distribution_key"":true,""multi_tenant_scope"":true,""order_by_uses_distribution_key"":false,""single_tenant_scope"":false,""tenant_filter_present"":false}",,mixed_cache_first_observed,deterministic_interleaved_shuffle,20260730,false,0,7,false,small,2,1.0,1.0,2.0,light,dataset=small:1;runtime=default:1;passes=2
cond-2295b1fe2aa6a27c03a0,cond-2295b1fe2aa6a27c03a0::r1,pair-5220ae74d060ef47b73d888e,pair-5220ae74d060ef47b73d888e::r1,gac_group_merge_mitigated__dataset-raw-small-balanced-v1__runtime-default__gac_fdw_coordinator_partial_user_topk__as_of_unix-1782864000__cutoff_ts-2026-06-01-00-00-00-00__tenant_modulus-2__limit_k-100,gac_fdw_coordinator_partial_user_topk,"{""as_of_unix"": 1782864000, ""cutoff_ts"": ""2026-06-01 00:00:00+00"", ""limit_k"": 100, ""tenant_modulus"": 2}",master-regimes/generated/corpus/pressure-raw-v1/batches/batch-100-gac/rendered/groups/pressure-raw-v1-gac__raw-small-balanced-v1__default__analytics_clients/queries/gac_group_merge_mitigated__dataset-raw-small-balanced-v1__runtime-default__gac_fdw_coordinator_partial_user_topk__as_of_unix-1782864000__cutoff_ts-2026-06-01-00-00-00-00__tenant_modulus-2__limit_k-100.sql,"regional_partial_aggregate,coordinator_sort_topk,coordinator_fanin_mitigation",pressure-raw-v1-gac,pressure-raw-corpus-v1,batch-100-gac,pressure-raw-v1,gac_group_merge_mitigated__dataset-raw-small-balanced-v1__runtime-default,user_value_topk,multiregion_union,,,,raw-small-balanced-v1,default,eu_us_gac,positive_case,gac_finalization,gac_finalization,mitigated,mitigated,gac__group_merge_fanin,regional_partial_aggregate,parameterized,,,,,,"fanin,group_merge,sort_topk",user_group_topk,regional_partial_aggregation,paired_coordinator_severity_vector,pressure_isolated,"gac_finalization_heavy,well_reduced_localized",pilot,"{""fetch_size"":""medium"",""wan_latency"":""medium"",""work_mem"":""medium""}","supports_region_partitioning,supports_high_group_cardinality","{""filter_uses_distribution_key"":false,""group_by_uses_distribution_key"":true,""join_uses_distribution_key"":false,""multi_tenant_scope"":true,""order_by_uses_distribution_key"":true,""single_tenant_scope"":false,""tenant_filter_present"":false}",,mixed_cache_first_observed,deterministic_interleaved_shuffle,20260730,false,1,8,false,small,1,1.0,1.0,1.0,light,dataset=small:1;runtime=default:1;passes=1
cond-2295b1fe2aa6a27c03a0,cond-2295b1fe2aa6a27c03a0::r0,pair-5220ae74d060ef47b73d888e,pair-5220ae74d060ef47b73d888e::r0,gac_group_merge_mitigated__dataset-raw-small-balanced-v1__runtime-default__gac_fdw_coordinator_partial_user_topk__as_of_unix-1782864000__cutoff_ts-2026-06-01-00-00-00-00__tenant_modulus-2__limit_k-100,gac_fdw_coordinator_partial_user_topk,"{""as_of_unix"": 1782864000, ""cutoff_ts"": ""2026-06-01 00:00:00+00"", ""limit_k"": 100, ""tenant_modulus"": 2}",master-regimes/generated/corpus/pressure-raw-v1/batches/batch-100-gac/rendered/groups/pressure-raw-v1-gac__raw-small-balanced-v1__default__analytics_clients/queries/gac_group_merge_mitigated__dataset-raw-small-balanced-v1__runtime-default__gac_fdw_coordinator_partial_user_topk__as_of_unix-1782864000__cutoff_ts-2026-06-01-00-00-00-00__tenant_modulus-2__limit_k-100.sql,"regional_partial_aggregate,coordinator_sort_topk,coordinator_fanin_mitigation",pressure-raw-v1-gac,pressure-raw-corpus-v1,batch-100-gac,pressure-raw-v1,gac_group_merge_mitigated__dataset-raw-small-balanced-v1__runtime-default,user_value_topk,multiregion_union,,,,raw-small-balanced-v1,default,eu_us_gac,positive_case,gac_finalization,gac_finalization,mitigated,mitigated,gac__group_merge_fanin,regional_partial_aggregate,parameterized,,,,,,"fanin,group_merge,sort_topk",user_group_topk,regional_partial_aggregation,paired_coordinator_severity_vector,pressure_isolated,"gac_finalization_heavy,well_reduced_localized",pilot,"{""fetch_size"":""medium"",""wan_latency"":""medium"",""work_mem"":""medium""}","supports_region_partitioning,supports_high_group_cardinality","{""filter_uses_distribution_key"":false,""group_by_uses_distribution_key"":true,""join_uses_distribution_key"":false,""multi_tenant_scope"":true,""order_by_uses_distribution_key"":true,""single_tenant_scope"":false,""tenant_filter_present"":false}",,mixed_cache_first_observed,deterministic_interleaved_shuffle,20260730,false,0,9,false,small,2,1.0,1.0,2.0,light,dataset=small:1;runtime=default:1;passes=2
cond-b10f9fc7039ad1b76187,cond-b10f9fc7039ad1b76187::r2,pair-7a5da452b17f8b6889031031,pair-7a5da452b17f8b6889031031::r2,gac_local_join_regional_mitigated__dataset-raw-small-balanced-v1__runtime-default__gac_fdw_coordinator_regional_user_join__as_of_unix-1782864000__cutoff_ts-2026-06-01-00-00-00-00__tenant_modulus-4,gac_fdw_coordinator_regional_user_join,"{""as_of_unix"": 1782864000, ""cutoff_ts"": ""2026-06-01 00:00:00+00"", ""tenant_modulus"": 4}",master-regimes/generated/corpus/pressure-raw-v1/batches/batch-100-gac/rendered/groups/pressure-raw-v1-gac__raw-small-balanced-v1__default__analytics_clients/queries/gac_local_join_regional_mitigated__dataset-raw-small-balanced-v1__runtime-default__gac_fdw_coordinator_regional_user_join__as_of_unix-1782864000__cutoff_ts-2026-06-01-00-00-00-00__tenant_modulus-4.sql,"regional_join,regional_partial_aggregate,coordinator_fanin_mitigation",pressure-raw-v1-gac,pressure-raw-corpus-v1,batch-100-gac,pressure-raw-v1,gac_local_join_regional_mitigated__dataset-raw-small-balanced-v1__runtime-default,user_segment_topk,multiregion_union,,,,raw-small-balanced-v1,default,eu_us_gac,positive_case,gac_finalization,gac_finalization,mitigated,mitigated,gac__local_join,regional_colocated_join,parameterized,,,,,,"fanin,local_join,group_merge",user_segment_join,regional_join_pushdown,paired_coordinator_severity_vector,pressure_isolated,"gac_finalization_heavy,well_reduced_localized",pilot,"{""fetch_size"":""medium"",""wan_latency"":""medium"",""work_mem"":""medium""}","supports_region_partitioning,supports_colocated_user_join","{""filter_uses_distribution_key"":false,""group_by_uses_distribution_key"":false,""join_uses_distribution_key"":true,""multi_tenant_scope"":true,""order_by_uses_distribution_key"":false,""single_tenant_scope"":false,""tenant_filter_present"":false}",,mixed_cache_first_observed,deterministic_interleaved_shuffle,20260730,false,2,10,false,small,1,1.0,1.0,1.0,light,dataset=small:1;runtime=default:1;passes=1
cond-b10f9fc7039ad1b76187,cond-b10f9fc7039ad1b76187::r1,pair-7a5da452b17f8b6889031031,pair-7a5da452b17f8b6889031031::r1,gac_local_join_regional_mitigated__dataset-raw-small-balanced-v1__runtime-default__gac_fdw_coordinator_regional_user_join__as_of_unix-1782864000__cutoff_ts-2026-06-01-00-00-00-00__tenant_modulus-4,gac_fdw_coordinator_regional_user_join,"{""as_of_unix"": 1782864000, ""cutoff_ts"": ""2026-06-01 00:00:00+00"", ""tenant_modulus"": 4}",master-regimes/generated/corpus/pressure-raw-v1/batches/batch-100-gac/rendered/groups/pressure-raw-v1-gac__raw-small-balanced-v1__default__analytics_clients/queries/gac_local_join_regional_mitigated__dataset-raw-small-balanced-v1__runtime-default__gac_fdw_coordinator_regional_user_join__as_of_unix-1782864000__cutoff_ts-2026-06-01-00-00-00-00__tenant_modulus-4.sql,"regional_join,regional_partial_aggregate,coordinator_fanin_mitigation",pressure-raw-v1-gac,pressure-raw-corpus-v1,batch-100-gac,pressure-raw-v1,gac_local_join_regional_mitigated__dataset-raw-small-balanced-v1__runtime-default,user_segment_topk,multiregion_union,,,,raw-small-balanced-v1,default,eu_us_gac,positive_case,gac_finalization,gac_finalization,mitigated,mitigated,gac__local_join,regional_colocated_join,parameterized,,,,,,"fanin,local_join,group_merge",user_segment_join,regional_join_pushdown,paired_coordinator_severity_vector,pressure_isolated,"gac_finalization_heavy,well_reduced_localized",pilot,"{""fetch_size"":""medium"",""wan_latency"":""medium"",""work_mem"":""medium""}","supports_region_partitioning,supports_colocated_user_join","{""filter_uses_distribution_key"":false,""group_by_uses_distribution_key"":false,""join_uses_distribution_key"":true,""multi_tenant_scope"":true,""order_by_uses_distribution_key"":false,""single_tenant_scope"":false,""tenant_filter_present"":false}",,mixed_cache_first_observed,deterministic_interleaved_shuffle,20260730,false,1,11,false,small,1,1.0,1.0,1.0,light,dataset=small:1;runtime=default:1;passes=1
cond-ad975bb514918945664d,cond-ad975bb514918945664d::r0,pair-f9a37496ac06caecbe1e18fd,pair-f9a37496ac06caecbe1e18fd::r0,gac_distinct_raw_stressed__dataset-raw-small-balanced-v1__runtime-default__gac_fdw_coordinator_raw_distinct_users__as_of_unix-1782864000__cutoff_ts-2026-06-01-00-00-00-00__user_id_max-100,gac_fdw_coordinator_raw_distinct_users,"{""as_of_unix"": 1782864000, ""cutoff_ts"": ""2026-06-01 00:00:00+00"", ""user_id_max"": 100}",master-regimes/generated/corpus/pressure-raw-v1/batches/batch-100-gac/rendered/groups/pressure-raw-v1-gac__raw-small-balanced-v1__default__analytics_clients/queries/gac_distinct_raw_stressed__dataset-raw-small-balanced-v1__runtime-default__gac_fdw_coordinator_raw_distinct_users__as_of_unix-1782864000__cutoff_ts-2026-06-01-00-00-00-00__user_id_max-100.sql,"coordinator_raw_fanin,coordinator_unique",pressure-raw-v1-gac,pressure-raw-corpus-v1,batch-100-gac,pressure-raw-v1,gac_distinct_raw_stressed__dataset-raw-small-balanced-v1__runtime-default,distinct_active_users,multiregion_union,,,,raw-small-balanced-v1,default,eu_us_gac,positive_case,gac_finalization,gac_finalization,stressed,stressed,gac__global_distinct,gac_raw_distinct,parameterized,,,,,,"fanin,distinct_dedup",active_user_distinct,regional_prededuplication,paired_coordinator_severity_vector,pressure_isolated,"gac_finalization_heavy,remote_fetch_heavy",pilot,"{""fetch_size"":""high"",""wan_latency"":""high"",""work_mem"":""high""}","supports_region_partitioning,supports_high_group_cardinality","{""filter_uses_distribution_key"":false,""group_by_uses_distribution_key"":false,""join_uses_distribution_key"":false,""multi_tenant_scope"":true,""order_by_uses_distribution_key"":false,""single_tenant_scope"":false,""tenant_filter_present"":false}",,mixed_cache_first_observed,deterministic_interleaved_shuffle,20260730,false,0,12,false,small,2,1.0,1.0,2.0,light,dataset=small:1;runtime=default:1;passes=2
cond-dbb5458c38aedb4f02f9,cond-dbb5458c38aedb4f02f9::r2,pair-eedb63974432e76f986dc939,pair-eedb63974432e76f986dc939::r2,gac_group_merge_stressed__dataset-raw-small-balanced-v1__runtime-default__gac_fdw_coordinator_raw_user_topk__as_of_unix-1782864000__cutoff_ts-2026-06-01-00-00-00-00__tenant_modulus-16__limit_k-100,gac_fdw_coordinator_raw_user_topk,"{""as_of_unix"": 1782864000, ""cutoff_ts"": ""2026-06-01 00:00:00+00"", ""limit_k"": 100, ""tenant_modulus"": 16}",master-regimes/generated/corpus/pressure-raw-v1/batches/batch-100-gac/rendered/groups/pressure-raw-v1-gac__raw-small-balanced-v1__default__analytics_clients/queries/gac_group_merge_stressed__dataset-raw-small-balanced-v1__runtime-default__gac_fdw_coordinator_raw_user_topk__as_of_unix-1782864000__cutoff_ts-2026-06-01-00-00-00-00__tenant_modulus-16__limit_k-100.sql,"coordinator_raw_fanin,coordinator_group_merge,coordinator_sort_topk",pressure-raw-v1-gac,pressure-raw-corpus-v1,batch-100-gac,pressure-raw-v1,gac_group_merge_stressed__dataset-raw-small-balanced-v1__runtime-default,user_value_topk,multiregion_union,,,,raw-small-balanced-v1,default,eu_us_gac,positive_case,gac_finalization,gac_finalization,stressed,stressed,gac__group_merge_fanin,gac_raw_aggregate,parameterized,,,,,,"fanin,group_merge,sort_topk",user_group_topk,regional_partial_aggregation,paired_coordinator_severity_vector,pressure_isolated,"gac_finalization_heavy,remote_fetch_heavy",pilot,"{""fetch_size"":""high"",""wan_latency"":""medium"",""work_mem"":""high""}","supports_region_partitioning,supports_high_group_cardinality","{""filter_uses_distribution_key"":false,""group_by_uses_distribution_key"":true,""join_uses_distribution_key"":false,""multi_tenant_scope"":true,""order_by_uses_distribution_key"":true,""single_tenant_scope"":false,""tenant_filter_present"":false}",,mixed_cache_first_observed,deterministic_interleaved_shuffle,20260730,false,2,13,false,small,1,1.0,1.0,1.0,light,dataset=small:1;runtime=default:1;passes=1
cond-9075cf892cbb973c0690,cond-9075cf892cbb973c0690::r2,pair-e28e1200a5afd73ef9b321a9,pair-e28e1200a5afd73ef9b321a9::r2,gac_group_merge_mitigated__dataset-raw-small-balanced-v1__runtime-default__gac_fdw_coordinator_partial_user_topk__as_of_unix-1782864000__cutoff_ts-2026-06-01-00-00-00-00__tenant_modulus-1__limit_k-100,gac_fdw_coordinator_partial_user_topk,"{""as_of_unix"": 1782864000, ""cutoff_ts"": ""2026-06-01 00:00:00+00"", ""limit_k"": 100, ""tenant_modulus"": 1}",master-regimes/generated/corpus/pressure-raw-v1/batches/batch-100-gac/rendered/groups/pressure-raw-v1-gac__raw-small-balanced-v1__default__analytics_clients/queries/gac_group_merge_mitigated__dataset-raw-small-balanced-v1__runtime-default__gac_fdw_coordinator_partial_user_topk__as_of_unix-1782864000__cutoff_ts-2026-06-01-00-00-00-00__tenant_modulus-1__limit_k-100.sql,"regional_partial_aggregate,coordinator_sort_topk,coordinator_fanin_mitigation",pressure-raw-v1-gac,pressure-raw-corpus-v1,batch-100-gac,pressure-raw-v1,gac_group_merge_mitigated__dataset-raw-small-balanced-v1__runtime-default,user_value_topk,multiregion_union,,,,raw-small-balanced-v1,default,eu_us_gac,positive_case,gac_finalization,gac_finalization,mitigated,mitigated,gac__group_merge_fanin,regional_partial_aggregate,parameterized,,,,,,"fanin,group_merge,sort_topk",user_group_topk,regional_partial_aggregation,paired_coordinator_severity_vector,pressure_isolated,"gac_finalization_heavy,well_reduced_localized",pilot,"{""fetch_size"":""medium"",""wan_latency"":""medium"",""work_mem"":""medium""}","supports_region_partitioning,supports_high_group_cardinality","{""filter_uses_distribution_key"":false,""group_by_uses_distribution_key"":true,""join_uses_distribution_key"":false,""multi_tenant_scope"":true,""order_by_uses_distribution_key"":true,""single_tenant_scope"":false,""tenant_filter_present"":false}",,mixed_cache_first_observed,deterministic_interleaved_shuffle,20260730,false,2,14,false,small,1,1.0,1.0,1.0,light,dataset=small:1;runtime=default:1;passes=1
cond-34d96e2c47a8ba08e4e9,cond-34d96e2c47a8ba08e4e9::r1,pair-4496b933846d7b42fff2093e,pair-4496b933846d7b42fff2093e::r1,gac_distinct_raw_stressed__dataset-raw-small-balanced-v1__runtime-default__gac_fdw_coordinator_raw_distinct_users__as_of_unix-1782864000__cutoff_ts-2026-06-01-00-00-00-00__user_id_max-5,gac_fdw_coordinator_raw_distinct_users,"{""as_of_unix"": 1782864000, ""cutoff_ts"": ""2026-06-01 00:00:00+00"", ""user_id_max"": 5}",master-regimes/generated/corpus/pressure-raw-v1/batches/batch-100-gac/rendered/groups/pressure-raw-v1-gac__raw-small-balanced-v1__default__analytics_clients/queries/gac_distinct_raw_stressed__dataset-raw-small-balanced-v1__runtime-default__gac_fdw_coordinator_raw_distinct_users__as_of_unix-1782864000__cutoff_ts-2026-06-01-00-00-00-00__user_id_max-5.sql,"coordinator_raw_fanin,coordinator_unique",pressure-raw-v1-gac,pressure-raw-corpus-v1,batch-100-gac,pressure-raw-v1,gac_distinct_raw_stressed__dataset-raw-small-balanced-v1__runtime-default,distinct_active_users,multiregion_union,,,,raw-small-balanced-v1,default,eu_us_gac,positive_case,gac_finalization,gac_finalization,stressed,stressed,gac__global_distinct,gac_raw_distinct,parameterized,,,,,,"fanin,distinct_dedup",active_user_distinct,regional_prededuplication,paired_coordinator_severity_vector,pressure_isolated,"gac_finalization_heavy,remote_fetch_heavy",pilot,"{""fetch_size"":""high"",""wan_latency"":""high"",""work_mem"":""high""}","supports_region_partitioning,supports_high_group_cardinality","{""filter_uses_distribution_key"":false,""group_by_uses_distribution_key"":false,""join_uses_distribution_key"":false,""multi_tenant_scope"":true,""order_by_uses_distribution_key"":false,""single_tenant_scope"":false,""tenant_filter_present"":false}",,mixed_cache_first_observed,deterministic_interleaved_shuffle,20260730,false,1,15,false,small,1,1.0,1.0,1.0,light,dataset=small:1;runtime=default:1;passes=1
cond-7e27ba74060d5814e9ef,cond-7e27ba74060d5814e9ef::r2,pair-c7aaf5c2989ca2887d5477dd,pair-c7aaf5c2989ca2887d5477dd::r2,gac_distinct_raw_stressed__dataset-raw-small-balanced-v1__runtime-default__gac_fdw_coordinator_raw_distinct_users__as_of_unix-1782864000__cutoff_ts-2026-06-01-00-00-00-00__user_id_max-25,gac_fdw_coordinator_raw_distinct_users,"{""as_of_unix"": 1782864000, ""cutoff_ts"": ""2026-06-01 00:00:00+00"", ""user_id_max"": 25}",master-regimes/generated/corpus/pressure-raw-v1/batches/batch-100-gac/rendered/groups/pressure-raw-v1-gac__raw-small-balanced-v1__default__analytics_clients/queries/gac_distinct_raw_stressed__dataset-raw-small-balanced-v1__runtime-default__gac_fdw_coordinator_raw_distinct_users__as_of_unix-1782864000__cutoff_ts-2026-06-01-00-00-00-00__user_id_max-25.sql,"coordinator_raw_fanin,coordinator_unique",pressure-raw-v1-gac,pressure-raw-corpus-v1,batch-100-gac,pressure-raw-v1,gac_distinct_raw_stressed__dataset-raw-small-balanced-v1__runtime-default,distinct_active_users,multiregion_union,,,,raw-small-balanced-v1,default,eu_us_gac,positive_case,gac_finalization,gac_finalization,stressed,stressed,gac__global_distinct,gac_raw_distinct,parameterized,,,,,,"fanin,distinct_dedup",active_user_distinct,regional_prededuplication,paired_coordinator_severity_vector,pressure_isolated,"gac_finalization_heavy,remote_fetch_heavy",pilot,"{""fetch_size"":""high"",""wan_latency"":""high"",""work_mem"":""high""}","supports_region_partitioning,supports_high_group_cardinality","{""filter_uses_distribution_key"":false,""group_by_uses_distribution_key"":false,""join_uses_distribution_key"":false,""multi_tenant_scope"":true,""order_by_uses_distribution_key"":false,""single_tenant_scope"":false,""tenant_filter_present"":false}",,mixed_cache_first_observed,deterministic_interleaved_shuffle,20260730,false,2,16,false,small,1,1.0,1.0,1.0,light,dataset=small:1;runtime=default:1;passes=1
cond-885bd3ec2589974c1eab,cond-885bd3ec2589974c1eab::r1,pair-5220ae74d060ef47b73d888e,pair-5220ae74d060ef47b73d888e::r1,gac_group_merge_stressed__dataset-raw-small-balanced-v1__runtime-default__gac_fdw_coordinator_raw_user_topk__as_of_unix-1782864000__cutoff_ts-2026-06-01-00-00-00-00__tenant_modulus-2__limit_k-100,gac_fdw_coordinator_raw_user_topk,"{""as_of_unix"": 1782864000, ""cutoff_ts"": ""2026-06-01 00:00:00+00"", ""limit_k"": 100, ""tenant_modulus"": 2}",master-regimes/generated/corpus/pressure-raw-v1/batches/batch-100-gac/rendered/groups/pressure-raw-v1-gac__raw-small-balanced-v1__default__analytics_clients/queries/gac_group_merge_stressed__dataset-raw-small-balanced-v1__runtime-default__gac_fdw_coordinator_raw_user_topk__as_of_unix-1782864000__cutoff_ts-2026-06-01-00-00-00-00__tenant_modulus-2__limit_k-100.sql,"coordinator_raw_fanin,coordinator_group_merge,coordinator_sort_topk",pressure-raw-v1-gac,pressure-raw-corpus-v1,batch-100-gac,pressure-raw-v1,gac_group_merge_stressed__dataset-raw-small-balanced-v1__runtime-default,user_value_topk,multiregion_union,,,,raw-small-balanced-v1,default,eu_us_gac,positive_case,gac_finalization,gac_finalization,stressed,stressed,gac__group_merge_fanin,gac_raw_aggregate,parameterized,,,,,,"fanin,group_merge,sort_topk",user_group_topk,regional_partial_aggregation,paired_coordinator_severity_vector,pressure_isolated,"gac_finalization_heavy,remote_fetch_heavy",pilot,"{""fetch_size"":""high"",""wan_latency"":""medium"",""work_mem"":""high""}","supports_region_partitioning,supports_high_group_cardinality","{""filter_uses_distribution_key"":false,""group_by_uses_distribution_key"":true,""join_uses_distribution_key"":false,""multi_tenant_scope"":true,""order_by_uses_distribution_key"":true,""single_tenant_scope"":false,""tenant_filter_present"":false}",,mixed_cache_first_observed,deterministic_interleaved_shuffle,20260730,false,1,17,false,small,1,1.0,1.0,1.0,light,dataset=small:1;runtime=default:1;passes=1
cond-559045ce65fc017a1f2e,cond-559045ce65fc017a1f2e::r0,pair-a65aca1ef232a8dac1ad9478,pair-a65aca1ef232a8dac1ad9478::r0,gac_local_join_stressed__dataset-raw-small-balanced-v1__runtime-default__gac_fdw_coordinator_local_user_join__as_of_unix-1782864000__cutoff_ts-2026-06-01-00-00-00-00__tenant_modulus-1,gac_fdw_coordinator_local_user_join,"{""as_of_unix"": 1782864000, ""cutoff_ts"": ""2026-06-01 00:00:00+00"", ""tenant_modulus"": 1}",master-regimes/generated/corpus/pressure-raw-v1/batches/batch-100-gac/rendered/groups/pressure-raw-v1-gac__raw-small-balanced-v1__default__analytics_clients/queries/gac_local_join_stressed__dataset-raw-small-balanced-v1__runtime-default__gac_fdw_coordinator_local_user_join__as_of_unix-1782864000__cutoff_ts-2026-06-01-00-00-00-00__tenant_modulus-1.sql,"coordinator_raw_fanin,coordinator_local_join,coordinator_group_merge",pressure-raw-v1-gac,pressure-raw-corpus-v1,batch-100-gac,pressure-raw-v1,gac_local_join_stressed__dataset-raw-small-balanced-v1__runtime-default,user_segment_topk,multiregion_union,,,,raw-small-balanced-v1,default,eu_us_gac,positive_case,gac_finalization,gac_finalization,stressed,stressed,gac__local_join,gac_local_hash_join,parameterized,,,,,,"fanin,local_join,group_merge",user_segment_join,regional_join_pushdown,paired_coordinator_severity_vector,pressure_isolated,"gac_finalization_heavy,remote_fetch_heavy",pilot,"{""fetch_size"":""high"",""wan_latency"":""high"",""work_mem"":""high""}","supports_region_partitioning,supports_colocated_user_join","{""filter_uses_distribution_key"":false,""group_by_uses_distribution_key"":false,""join_uses_distribution_key"":true,""multi_tenant_scope"":true,""order_by_uses_distribution_key"":false,""single_tenant_scope"":false,""tenant_filter_present"":false}",,mixed_cache_first_observed,deterministic_interleaved_shuffle,20260730,false,0,18,false,small,2,1.0,1.0,2.0,light,dataset=small:1;runtime=default:1;passes=2
cond-f64ec67555ae74456b77,cond-f64ec67555ae74456b77::r1,pair-a0e50eea8357c6a023ff5fd3,pair-a0e50eea8357c6a023ff5fd3::r1,gac_topk_candidates_mitigated__dataset-raw-small-balanced-v1__runtime-default__gac_fdw_coordinator_regional_event_topk__as_of_unix-1782864000__cutoff_ts-2026-06-01-00-00-00-00__limit_k-10,gac_fdw_coordinator_regional_event_topk,"{""as_of_unix"": 1782864000, ""cutoff_ts"": ""2026-06-01 00:00:00+00"", ""limit_k"": 10}",master-regimes/generated/corpus/pressure-raw-v1/batches/batch-100-gac/rendered/groups/pressure-raw-v1-gac__raw-small-balanced-v1__default__analytics_clients/queries/gac_topk_candidates_mitigated__dataset-raw-small-balanced-v1__runtime-default__gac_fdw_coordinator_regional_event_topk__as_of_unix-1782864000__cutoff_ts-2026-06-01-00-00-00-00__limit_k-10.sql,"regional_topk,coordinator_sort_topk,coordinator_fanin_mitigation",pressure-raw-v1-gac,pressure-raw-corpus-v1,batch-100-gac,pressure-raw-v1,gac_topk_candidates_mitigated__dataset-raw-small-balanced-v1__runtime-default,event_raw_wide_sample,multiregion_union,,,,raw-small-balanced-v1,default,eu_us_gac,positive_case,gac_finalization,gac_finalization,mitigated,mitigated,gac__global_topk,regional_topk_candidates,parameterized,,,,,,"fanin,sort_topk",event_topk,regional_topk_candidates,paired_coordinator_severity_vector,pressure_isolated,"gac_finalization_heavy,well_reduced_localized",pilot,"{""fetch_size"":""medium"",""wan_latency"":""medium"",""work_mem"":""medium""}","supports_region_partitioning,supports_large_scan","{""filter_uses_distribution_key"":false,""group_by_uses_distribution_key"":false,""join_uses_distribution_key"":false,""multi_tenant_scope"":true,""order_by_uses_distribution_key"":false,""single_tenant_scope"":false,""tenant_filter_present"":false}",,mixed_cache_first_observed,deterministic_interleaved_shuffle,20260730,false,1,19,false,small,1,1.0,1.0,1.0,light,dataset=small:1;runtime=default:1;passes=1
cond-060088bb9affde80af01,cond-060088bb9affde80af01::r1,pair-a0e50eea8357c6a023ff5fd3,pair-a0e50eea8357c6a023ff5fd3::r1,gac_topk_raw_stressed__dataset-raw-small-balanced-v1__runtime-default__gac_fdw_coordinator_raw_event_topk__as_of_unix-1782864000__cutoff_ts-2026-06-01-00-00-00-00__limit_k-10,gac_fdw_coordinator_raw_event_topk,"{""as_of_unix"": 1782864000, ""cutoff_ts"": ""2026-06-01 00:00:00+00"", ""limit_k"": 10}",master-regimes/generated/corpus/pressure-raw-v1/batches/batch-100-gac/rendered/groups/pressure-raw-v1-gac__raw-small-balanced-v1__default__analytics_clients/queries/gac_topk_raw_stressed__dataset-raw-small-balanced-v1__runtime-default__gac_fdw_coordinator_raw_event_topk__as_of_unix-1782864000__cutoff_ts-2026-06-01-00-00-00-00__limit_k-10.sql,"coordinator_raw_fanin,coordinator_sort_topk",pressure-raw-v1-gac,pressure-raw-corpus-v1,batch-100-gac,pressure-raw-v1,gac_topk_raw_stressed__dataset-raw-small-balanced-v1__runtime-default,event_raw_wide_sample,multiregion_union,,,,raw-small-balanced-v1,default,eu_us_gac,positive_case,gac_finalization,gac_finalization,stressed,stressed,gac__global_topk,gac_raw_topk,parameterized,,,,,,"fanin,sort_topk",event_topk,regional_topk_candidates,paired_coordinator_severity_vector,pressure_isolated,"gac_finalization_heavy,remote_fetch_heavy",pilot,"{""fetch_size"":""high"",""wan_latency"":""high"",""work_mem"":""high""}","supports_region_partitioning,supports_large_scan","{""filter_uses_distribution_key"":false,""group_by_uses_distribution_key"":false,""join_uses_distribution_key"":false,""multi_tenant_scope"":true,""order_by_uses_distribution_key"":false,""single_tenant_scope"":false,""tenant_filter_present"":false}",,mixed_cache_first_observed,deterministic_interleaved_shuffle,20260730,false,1,20,false,small,1,1.0,1.0,1.0,light,dataset=small:1;runtime=default:1;passes=1
cond-0b9be4b6b8c1f7b00841,cond-0b9be4b6b8c1f7b00841::r2,pair-ffefcee9b82c49cd8198e03a,pair-ffefcee9b82c49cd8198e03a::r2,gac_local_join_regional_mitigated__dataset-raw-small-balanced-v1__runtime-default__gac_fdw_coordinator_regional_user_join__as_of_unix-1782864000__cutoff_ts-2026-06-01-00-00-00-00__tenant_modulus-16,gac_fdw_coordinator_regional_user_join,"{""as_of_unix"": 1782864000, ""cutoff_ts"": ""2026-06-01 00:00:00+00"", ""tenant_modulus"": 16}",master-regimes/generated/corpus/pressure-raw-v1/batches/batch-100-gac/rendered/groups/pressure-raw-v1-gac__raw-small-balanced-v1__default__analytics_clients/queries/gac_local_join_regional_mitigated__dataset-raw-small-balanced-v1__runtime-default__gac_fdw_coordinator_regional_user_join__as_of_unix-1782864000__cutoff_ts-2026-06-01-00-00-00-00__tenant_modulus-16.sql,"regional_join,regional_partial_aggregate,coordinator_fanin_mitigation",pressure-raw-v1-gac,pressure-raw-corpus-v1,batch-100-gac,pressure-raw-v1,gac_local_join_regional_mitigated__dataset-raw-small-balanced-v1__runtime-default,user_segment_topk,multiregion_union,,,,raw-small-balanced-v1,default,eu_us_gac,positive_case,gac_finalization,gac_finalization,mitigated,mitigated,gac__local_join,regional_colocated_join,parameterized,,,,,,"fanin,local_join,group_merge",user_segment_join,regional_join_pushdown,paired_coordinator_severity_vector,pressure_isolated,"gac_finalization_heavy,well_reduced_localized",pilot,"{""fetch_size"":""medium"",""wan_latency"":""medium"",""work_mem"":""medium""}","supports_region_partitioning,supports_colocated_user_join","{""filter_uses_distribution_key"":false,""group_by_uses_distribution_key"":false,""join_uses_distribution_key"":true,""multi_tenant_scope"":true,""order_by_uses_distribution_key"":false,""single_tenant_scope"":false,""tenant_filter_present"":false}",,mixed_cache_first_observed,deterministic_interleaved_shuffle,20260730,false,2,21,false,small,1,1.0,1.0,1.0,light,dataset=small:1;runtime=default:1;passes=1
cond-257813410916b5cbd26f,cond-257813410916b5cbd26f::r1,pair-c943275c7ce80a140ff5c633,pair-c943275c7ce80a140ff5c633::r1,gac_topk_candidates_mitigated__dataset-raw-small-balanced-v1__runtime-default__gac_fdw_coordinator_regional_event_topk__as_of_unix-1782864000__cutoff_ts-2026-06-01-00-00-00-00__limit_k-5000,gac_fdw_coordinator_regional_event_topk,"{""as_of_unix"": 1782864000, ""cutoff_ts"": ""2026-06-01 00:00:00+00"", ""limit_k"": 5000}",master-regimes/generated/corpus/pressure-raw-v1/batches/batch-100-gac/rendered/groups/pressure-raw-v1-gac__raw-small-balanced-v1__default__analytics_clients/queries/gac_topk_candidates_mitigated__dataset-raw-small-balanced-v1__runtime-default__gac_fdw_coordinator_regional_event_topk__as_of_unix-1782864000__cutoff_ts-2026-06-01-00-00-00-00__limit_k-5000.sql,"regional_topk,coordinator_sort_topk,coordinator_fanin_mitigation",pressure-raw-v1-gac,pressure-raw-corpus-v1,batch-100-gac,pressure-raw-v1,gac_topk_candidates_mitigated__dataset-raw-small-balanced-v1__runtime-default,event_raw_wide_sample,multiregion_union,,,,raw-small-balanced-v1,default,eu_us_gac,positive_case,gac_finalization,gac_finalization,mitigated,mitigated,gac__global_topk,regional_topk_candidates,parameterized,,,,,,"fanin,sort_topk",event_topk,regional_topk_candidates,paired_coordinator_severity_vector,pressure_isolated,"gac_finalization_heavy,well_reduced_localized",pilot,"{""fetch_size"":""medium"",""wan_latency"":""medium"",""work_mem"":""medium""}","supports_region_partitioning,supports_large_scan","{""filter_uses_distribution_key"":false,""group_by_uses_distribution_key"":false,""join_uses_distribution_key"":false,""multi_tenant_scope"":true,""order_by_uses_distribution_key"":false,""single_tenant_scope"":false,""tenant_filter_present"":false}",,mixed_cache_first_observed,deterministic_interleaved_shuffle,20260730,false,1,22,false,small,1,1.0,1.0,1.0,light,dataset=small:1;runtime=default:1;passes=1
cond-fc1337c1b6d1d86bf4d9,cond-fc1337c1b6d1d86bf4d9::r2,pair-8a49b927b3baf572270175ff,pair-8a49b927b3baf572270175ff::r2,gac_topk_candidates_mitigated__dataset-raw-small-balanced-v1__runtime-default__gac_fdw_coordinator_regional_event_topk__as_of_unix-1782864000__cutoff_ts-2026-06-01-00-00-00-00__limit_k-2000,gac_fdw_coordinator_regional_event_topk,"{""as_of_unix"": 1782864000, ""cutoff_ts"": ""2026-06-01 00:00:00+00"", ""limit_k"": 2000}",master-regimes/generated/corpus/pressure-raw-v1/batches/batch-100-gac/rendered/groups/pressure-raw-v1-gac__raw-small-balanced-v1__default__analytics_clients/queries/gac_topk_candidates_mitigated__dataset-raw-small-balanced-v1__runtime-default__gac_fdw_coordinator_regional_event_topk__as_of_unix-1782864000__cutoff_ts-2026-06-01-00-00-00-00__limit_k-2000.sql,"regional_topk,coordinator_sort_topk,coordinator_fanin_mitigation",pressure-raw-v1-gac,pressure-raw-corpus-v1,batch-100-gac,pressure-raw-v1,gac_topk_candidates_mitigated__dataset-raw-small-balanced-v1__runtime-default,event_raw_wide_sample,multiregion_union,,,,raw-small-balanced-v1,default,eu_us_gac,positive_case,gac_finalization,gac_finalization,mitigated,mitigated,gac__global_topk,regional_topk_candidates,parameterized,,,,,,"fanin,sort_topk",event_topk,regional_topk_candidates,paired_coordinator_severity_vector,pressure_isolated,"gac_finalization_heavy,well_reduced_localized",pilot,"{""fetch_size"":""medium"",""wan_latency"":""medium"",""work_mem"":""medium""}","supports_region_partitioning,supports_large_scan","{""filter_uses_distribution_key"":false,""group_by_uses_distribution_key"":false,""join_uses_distribution_key"":false,""multi_tenant_scope"":true,""order_by_uses_distribution_key"":false,""single_tenant_scope"":false,""tenant_filter_present"":false}",,mixed_cache_first_observed,deterministic_interleaved_shuffle,20260730,false,2,23,false,small,1,1.0,1.0,1.0,light,dataset=small:1;runtime=default:1;passes=1
cond-35ea7cf0b6394891ef6d,cond-35ea7cf0b6394891ef6d::r1,pair-12d76e59fa61657ede9a5645,pair-12d76e59fa61657ede9a5645::r1,gac_group_merge_mitigated__dataset-raw-small-balanced-v1__runtime-default__gac_fdw_coordinator_partial_user_topk__as_of_unix-1782864000__cutoff_ts-2026-06-01-00-00-00-00__tenant_modulus-4__limit_k-100,gac_fdw_coordinator_partial_user_topk,"{""as_of_unix"": 1782864000, ""cutoff_ts"": ""2026-06-01 00:00:00+00"", ""limit_k"": 100, ""tenant_modulus"": 4}",master-regimes/generated/corpus/pressure-raw-v1/batches/batch-100-gac/rendered/groups/pressure-raw-v1-gac__raw-small-balanced-v1__default__analytics_clients/queries/gac_group_merge_mitigated__dataset-raw-small-balanced-v1__runtime-default__gac_fdw_coordinator_partial_user_topk__as_of_unix-1782864000__cutoff_ts-2026-06-01-00-00-00-00__tenant_modulus-4__limit_k-100.sql,"regional_partial_aggregate,coordinator_sort_topk,coordinator_fanin_mitigation",pressure-raw-v1-gac,pressure-raw-corpus-v1,batch-100-gac,pressure-raw-v1,gac_group_merge_mitigated__dataset-raw-small-balanced-v1__runtime-default,user_value_topk,multiregion_union,,,,raw-small-balanced-v1,default,eu_us_gac,positive_case,gac_finalization,gac_finalization,mitigated,mitigated,gac__group_merge_fanin,regional_partial_aggregate,parameterized,,,,,,"fanin,group_merge,sort_topk",user_group_topk,regional_partial_aggregation,paired_coordinator_severity_vector,pressure_isolated,"gac_finalization_heavy,well_reduced_localized",pilot,"{""fetch_size"":""medium"",""wan_latency"":""medium"",""work_mem"":""medium""}","supports_region_partitioning,supports_high_group_cardinality","{""filter_uses_distribution_key"":false,""group_by_uses_distribution_key"":true,""join_uses_distribution_key"":false,""multi_tenant_scope"":true,""order_by_uses_distribution_key"":true,""single_tenant_scope"":false,""tenant_filter_present"":false}",,mixed_cache_first_observed,deterministic_interleaved_shuffle,20260730,false,1,24,false,small,1,1.0,1.0,1.0,light,dataset=small:1;runtime=default:1;passes=1
cond-02acd65e8699ecf2436f,cond-02acd65e8699ecf2436f::r2,pair-7a5da452b17f8b6889031031,pair-7a5da452b17f8b6889031031::r2,gac_local_join_stressed__dataset-raw-small-balanced-v1__runtime-default__gac_fdw_coordinator_local_user_join__as_of_unix-1782864000__cutoff_ts-2026-06-01-00-00-00-00__tenant_modulus-4,gac_fdw_coordinator_local_user_join,"{""as_of_unix"": 1782864000, ""cutoff_ts"": ""2026-06-01 00:00:00+00"", ""tenant_modulus"": 4}",master-regimes/generated/corpus/pressure-raw-v1/batches/batch-100-gac/rendered/groups/pressure-raw-v1-gac__raw-small-balanced-v1__default__analytics_clients/queries/gac_local_join_stressed__dataset-raw-small-balanced-v1__runtime-default__gac_fdw_coordinator_local_user_join__as_of_unix-1782864000__cutoff_ts-2026-06-01-00-00-00-00__tenant_modulus-4.sql,"coordinator_raw_fanin,coordinator_local_join,coordinator_group_merge",pressure-raw-v1-gac,pressure-raw-corpus-v1,batch-100-gac,pressure-raw-v1,gac_local_join_stressed__dataset-raw-small-balanced-v1__runtime-default,user_segment_topk,multiregion_union,,,,raw-small-balanced-v1,default,eu_us_gac,positive_case,gac_finalization,gac_finalization,stressed,stressed,gac__local_join,gac_local_hash_join,parameterized,,,,,,"fanin,local_join,group_merge",user_segment_join,regional_join_pushdown,paired_coordinator_severity_vector,pressure_isolated,"gac_finalization_heavy,remote_fetch_heavy",pilot,"{""fetch_size"":""high"",""wan_latency"":""high"",""work_mem"":""high""}","supports_region_partitioning,supports_colocated_user_join","{""filter_uses_distribution_key"":false,""group_by_uses_distribution_key"":false,""join_uses_distribution_key"":true,""multi_tenant_scope"":true,""order_by_uses_distribution_key"":false,""single_tenant_scope"":false,""tenant_filter_present"":false}",,mixed_cache_first_observed,deterministic_interleaved_shuffle,20260730,false,2,25,false,small,1,1.0,1.0,1.0,light,dataset=small:1;runtime=default:1;passes=1
cond-d4f230d820320b91369b,cond-d4f230d820320b91369b::r2,pair-8a49b927b3baf572270175ff,pair-8a49b927b3baf572270175ff::r2,gac_topk_raw_stressed__dataset-raw-small-balanced-v1__runtime-default__gac_fdw_coordinator_raw_event_topk__as_of_unix-1782864000__cutoff_ts-2026-06-01-00-00-00-00__limit_k-2000,gac_fdw_coordinator_raw_event_topk,"{""as_of_unix"": 1782864000, ""cutoff_ts"": ""2026-06-01 00:00:00+00"", ""limit_k"": 2000}",master-regimes/generated/corpus/pressure-raw-v1/batches/batch-100-gac/rendered/groups/pressure-raw-v1-gac__raw-small-balanced-v1__default__analytics_clients/queries/gac_topk_raw_stressed__dataset-raw-small-balanced-v1__runtime-default__gac_fdw_coordinator_raw_event_topk__as_of_unix-1782864000__cutoff_ts-2026-06-01-00-00-00-00__limit_k-2000.sql,"coordinator_raw_fanin,coordinator_sort_topk",pressure-raw-v1-gac,pressure-raw-corpus-v1,batch-100-gac,pressure-raw-v1,gac_topk_raw_stressed__dataset-raw-small-balanced-v1__runtime-default,event_raw_wide_sample,multiregion_union,,,,raw-small-balanced-v1,default,eu_us_gac,positive_case,gac_finalization,gac_finalization,stressed,stressed,gac__global_topk,gac_raw_topk,parameterized,,,,,,"fanin,sort_topk",event_topk,regional_topk_candidates,paired_coordinator_severity_vector,pressure_isolated,"gac_finalization_heavy,remote_fetch_heavy",pilot,"{""fetch_size"":""high"",""wan_latency"":""high"",""work_mem"":""high""}","supports_region_partitioning,supports_large_scan","{""filter_uses_distribution_key"":false,""group_by_uses_distribution_key"":false,""join_uses_distribution_key"":false,""multi_tenant_scope"":true,""order_by_uses_distribution_key"":false,""single_tenant_scope"":false,""tenant_filter_present"":false}",,mixed_cache_first_observed,deterministic_interleaved_shuffle,20260730,false,2,26,false,small,1,1.0,1.0,1.0,light,dataset=small:1;runtime=default:1;passes=1
cond-e71b3e9744facc9bb9d6,cond-e71b3e9744facc9bb9d6::r1,pair-ebe693ce5c4425ffbfeac156,pair-ebe693ce5c4425ffbfeac156::r1,gac_distinct_regional_mitigated__dataset-raw-small-balanced-v1__runtime-default__gac_fdw_coordinator_regional_distinct_users__as_of_unix-1782864000__cutoff_ts-2026-06-01-00-00-00-00__user_id_max-50,gac_fdw_coordinator_regional_distinct_users,"{""as_of_unix"": 1782864000, ""cutoff_ts"": ""2026-06-01 00:00:00+00"", ""user_id_max"": 50}",master-regimes/generated/corpus/pressure-raw-v1/batches/batch-100-gac/rendered/groups/pressure-raw-v1-gac__raw-small-balanced-v1__default__analytics_clients/queries/gac_distinct_regional_mitigated__dataset-raw-small-balanced-v1__runtime-default__gac_fdw_coordinator_regional_distinct_users__as_of_unix-1782864000__cutoff_ts-2026-06-01-00-00-00-00__user_id_max-50.sql,"regional_distinct,coordinator_unique,coordinator_fanin_mitigation",pressure-raw-v1-gac,pressure-raw-corpus-v1,batch-100-gac,pressure-raw-v1,gac_distinct_regional_mitigated__dataset-raw-small-balanced-v1__runtime-default,distinct_active_users,multiregion_union,,,,raw-small-balanced-v1,default,eu_us_gac,positive_case,gac_finalization,gac_finalization,mitigated,mitigated,gac__global_distinct,regional_distinct,parameterized,,,,,,"fanin,distinct_dedup",active_user_distinct,regional_prededuplication,paired_coordinator_severity_vector,pressure_isolated,"gac_finalization_heavy,well_reduced_localized",pilot,"{""fetch_size"":""medium"",""wan_latency"":""medium"",""work_mem"":""medium""}","supports_region_partitioning,supports_high_group_cardinality","{""filter_uses_distribution_key"":false,""group_by_uses_distribution_key"":false,""join_uses_distribution_key"":false,""multi_tenant_scope"":true,""order_by_uses_distribution_key"":false,""single_tenant_scope"":false,""tenant_filter_present"":false}",,mixed_cache_first_observed,deterministic_interleaved_shuffle,20260730,false,1,27,false,small,1,1.0,1.0,1.0,light,dataset=small:1;runtime=default:1;passes=1
cond-88ff0c8d8837c06dac83,cond-88ff0c8d8837c06dac83::r1,pair-73df78bae44273efaa266edf,pair-73df78bae44273efaa266edf::r1,gac_topk_raw_stressed__dataset-raw-small-balanced-v1__runtime-default__gac_fdw_coordinator_raw_event_topk__as_of_unix-1782864000__cutoff_ts-2026-06-01-00-00-00-00__limit_k-500,gac_fdw_coordinator_raw_event_topk,"{""as_of_unix"": 1782864000, ""cutoff_ts"": ""2026-06-01 00:00:00+00"", ""limit_k"": 500}",master-regimes/generated/corpus/pressure-raw-v1/batches/batch-100-gac/rendered/groups/pressure-raw-v1-gac__raw-small-balanced-v1__default__analytics_clients/queries/gac_topk_raw_stressed__dataset-raw-small-balanced-v1__runtime-default__gac_fdw_coordinator_raw_event_topk__as_of_unix-1782864000__cutoff_ts-2026-06-01-00-00-00-00__limit_k-500.sql,"coordinator_raw_fanin,coordinator_sort_topk",pressure-raw-v1-gac,pressure-raw-corpus-v1,batch-100-gac,pressure-raw-v1,gac_topk_raw_stressed__dataset-raw-small-balanced-v1__runtime-default,event_raw_wide_sample,multiregion_union,,,,raw-small-balanced-v1,default,eu_us_gac,positive_case,gac_finalization,gac_finalization,stressed,stressed,gac__global_topk,gac_raw_topk,parameterized,,,,,,"fanin,sort_topk",event_topk,regional_topk_candidates,paired_coordinator_severity_vector,pressure_isolated,"gac_finalization_heavy,remote_fetch_heavy",pilot,"{""fetch_size"":""high"",""wan_latency"":""high"",""work_mem"":""high""}","supports_region_partitioning,supports_large_scan","{""filter_uses_distribution_key"":false,""group_by_uses_distribution_key"":false,""join_uses_distribution_key"":false,""multi_tenant_scope"":true,""order_by_uses_distribution_key"":false,""single_tenant_scope"":false,""tenant_filter_present"":false}",,mixed_cache_first_observed,deterministic_interleaved_shuffle,20260730,false,1,28,false,small,1,1.0,1.0,1.0,light,dataset=small:1;runtime=default:1;passes=1
cond-352bb1ddb0554f411544,cond-352bb1ddb0554f411544::r1,pair-ebe693ce5c4425ffbfeac156,pair-ebe693ce5c4425ffbfeac156::r1,gac_distinct_raw_stressed__dataset-raw-small-balanced-v1__runtime-default__gac_fdw_coordinator_raw_distinct_users__as_of_unix-1782864000__cutoff_ts-2026-06-01-00-00-00-00__user_id_max-50,gac_fdw_coordinator_raw_distinct_users,"{""as_of_unix"": 1782864000, ""cutoff_ts"": ""2026-06-01 00:00:00+00"", ""user_id_max"": 50}",master-regimes/generated/corpus/pressure-raw-v1/batches/batch-100-gac/rendered/groups/pressure-raw-v1-gac__raw-small-balanced-v1__default__analytics_clients/queries/gac_distinct_raw_stressed__dataset-raw-small-balanced-v1__runtime-default__gac_fdw_coordinator_raw_distinct_users__as_of_unix-1782864000__cutoff_ts-2026-06-01-00-00-00-00__user_id_max-50.sql,"coordinator_raw_fanin,coordinator_unique",pressure-raw-v1-gac,pressure-raw-corpus-v1,batch-100-gac,pressure-raw-v1,gac_distinct_raw_stressed__dataset-raw-small-balanced-v1__runtime-default,distinct_active_users,multiregion_union,,,,raw-small-balanced-v1,default,eu_us_gac,positive_case,gac_finalization,gac_finalization,stressed,stressed,gac__global_distinct,gac_raw_distinct,parameterized,,,,,,"fanin,distinct_dedup",active_user_distinct,regional_prededuplication,paired_coordinator_severity_vector,pressure_isolated,"gac_finalization_heavy,remote_fetch_heavy",pilot,"{""fetch_size"":""high"",""wan_latency"":""high"",""work_mem"":""high""}","supports_region_partitioning,supports_high_group_cardinality","{""filter_uses_distribution_key"":false,""group_by_uses_distribution_key"":false,""join_uses_distribution_key"":false,""multi_tenant_scope"":true,""order_by_uses_distribution_key"":false,""single_tenant_scope"":false,""tenant_filter_present"":false}",,mixed_cache_first_observed,deterministic_interleaved_shuffle,20260730,false,1,29,false,small,1,1.0,1.0,1.0,light,dataset=small:1;runtime=default:1;passes=1
cond-0a5b0f2081f49267d525,cond-0a5b0f2081f49267d525::r0,pair-4a877d333e0b6c5c65ae7397,pair-4a877d333e0b6c5c65ae7397::r0,gac_distinct_regional_mitigated__dataset-raw-small-balanced-v1__runtime-default__gac_fdw_coordinator_regional_distinct_users__as_of_unix-1782864000__cutoff_ts-2026-06-01-00-00-00-00__user_id_max-10,gac_fdw_coordinator_regional_distinct_users,"{""as_of_unix"": 1782864000, ""cutoff_ts"": ""2026-06-01 00:00:00+00"", ""user_id_max"": 10}",master-regimes/generated/corpus/pressure-raw-v1/batches/batch-100-gac/rendered/groups/pressure-raw-v1-gac__raw-small-balanced-v1__default__analytics_clients/queries/gac_distinct_regional_mitigated__dataset-raw-small-balanced-v1__runtime-default__gac_fdw_coordinator_regional_distinct_users__as_of_unix-1782864000__cutoff_ts-2026-06-01-00-00-00-00__user_id_max-10.sql,"regional_distinct,coordinator_unique,coordinator_fanin_mitigation",pressure-raw-v1-gac,pressure-raw-corpus-v1,batch-100-gac,pressure-raw-v1,gac_distinct_regional_mitigated__dataset-raw-small-balanced-v1__runtime-default,distinct_active_users,multiregion_union,,,,raw-small-balanced-v1,default,eu_us_gac,positive_case,gac_finalization,gac_finalization,mitigated,mitigated,gac__global_distinct,regional_distinct,parameterized,,,,,,"fanin,distinct_dedup",active_user_distinct,regional_prededuplication,paired_coordinator_severity_vector,pressure_isolated,"gac_finalization_heavy,well_reduced_localized",pilot,"{""fetch_size"":""medium"",""wan_latency"":""medium"",""work_mem"":""medium""}","supports_region_partitioning,supports_high_group_cardinality","{""filter_uses_distribution_key"":false,""group_by_uses_distribution_key"":false,""join_uses_distribution_key"":false,""multi_tenant_scope"":true,""order_by_uses_distribution_key"":false,""single_tenant_scope"":false,""tenant_filter_present"":false}",,mixed_cache_first_observed,deterministic_interleaved_shuffle,20260730,false,0,30,false,small,2,1.0,1.0,2.0,light,dataset=small:1;runtime=default:1;passes=2
cond-e0556cf8a621ff358bce,cond-e0556cf8a621ff358bce::r0,pair-b825bac6f6af93ede60bdc0f,pair-b825bac6f6af93ede60bdc0f::r0,gac_group_merge_mitigated__dataset-raw-small-balanced-v1__runtime-default__gac_fdw_coordinator_partial_user_topk__as_of_unix-1782864000__cutoff_ts-2026-06-01-00-00-00-00__tenant_modulus-8__limit_k-100,gac_fdw_coordinator_partial_user_topk,"{""as_of_unix"": 1782864000, ""cutoff_ts"": ""2026-06-01 00:00:00+00"", ""limit_k"": 100, ""tenant_modulus"": 8}",master-regimes/generated/corpus/pressure-raw-v1/batches/batch-100-gac/rendered/groups/pressure-raw-v1-gac__raw-small-balanced-v1__default__analytics_clients/queries/gac_group_merge_mitigated__dataset-raw-small-balanced-v1__runtime-default__gac_fdw_coordinator_partial_user_topk__as_of_unix-1782864000__cutoff_ts-2026-06-01-00-00-00-00__tenant_modulus-8__limit_k-100.sql,"regional_partial_aggregate,coordinator_sort_topk,coordinator_fanin_mitigation",pressure-raw-v1-gac,pressure-raw-corpus-v1,batch-100-gac,pressure-raw-v1,gac_group_merge_mitigated__dataset-raw-small-balanced-v1__runtime-default,user_value_topk,multiregion_union,,,,raw-small-balanced-v1,default,eu_us_gac,positive_case,gac_finalization,gac_finalization,mitigated,mitigated,gac__group_merge_fanin,regional_partial_aggregate,parameterized,,,,,,"fanin,group_merge,sort_topk",user_group_topk,regional_partial_aggregation,paired_coordinator_severity_vector,pressure_isolated,"gac_finalization_heavy,well_reduced_localized",pilot,"{""fetch_size"":""medium"",""wan_latency"":""medium"",""work_mem"":""medium""}","supports_region_partitioning,supports_high_group_cardinality","{""filter_uses_distribution_key"":false,""group_by_uses_distribution_key"":true,""join_uses_distribution_key"":false,""multi_tenant_scope"":true,""order_by_uses_distribution_key"":true,""single_tenant_scope"":false,""tenant_filter_present"":false}",,mixed_cache_first_observed,deterministic_interleaved_shuffle,20260730,false,0,31,false,small,2,1.0,1.0,2.0,light,dataset=small:1;runtime=default:1;passes=2
cond-4aac88f4251c393c6e5f,cond-4aac88f4251c393c6e5f::r1,pair-fb25ef68bed9263239a6194e,pair-fb25ef68bed9263239a6194e::r1,gac_topk_raw_stressed__dataset-raw-small-balanced-v1__runtime-default__gac_fdw_coordinator_raw_event_topk__as_of_unix-1782864000__cutoff_ts-2026-06-01-00-00-00-00__limit_k-100,gac_fdw_coordinator_raw_event_topk,"{""as_of_unix"": 1782864000, ""cutoff_ts"": ""2026-06-01 00:00:00+00"", ""limit_k"": 100}",master-regimes/generated/corpus/pressure-raw-v1/batches/batch-100-gac/rendered/groups/pressure-raw-v1-gac__raw-small-balanced-v1__default__analytics_clients/queries/gac_topk_raw_stressed__dataset-raw-small-balanced-v1__runtime-default__gac_fdw_coordinator_raw_event_topk__as_of_unix-1782864000__cutoff_ts-2026-06-01-00-00-00-00__limit_k-100.sql,"coordinator_raw_fanin,coordinator_sort_topk",pressure-raw-v1-gac,pressure-raw-corpus-v1,batch-100-gac,pressure-raw-v1,gac_topk_raw_stressed__dataset-raw-small-balanced-v1__runtime-default,event_raw_wide_sample,multiregion_union,,,,raw-small-balanced-v1,default,eu_us_gac,positive_case,gac_finalization,gac_finalization,stressed,stressed,gac__global_topk,gac_raw_topk,parameterized,,,,,,"fanin,sort_topk",event_topk,regional_topk_candidates,paired_coordinator_severity_vector,pressure_isolated,"gac_finalization_heavy,remote_fetch_heavy",pilot,"{""fetch_size"":""high"",""wan_latency"":""high"",""work_mem"":""high""}","supports_region_partitioning,supports_large_scan","{""filter_uses_distribution_key"":false,""group_by_uses_distribution_key"":false,""join_uses_distribution_key"":false,""multi_tenant_scope"":true,""order_by_uses_distribution_key"":false,""single_tenant_scope"":false,""tenant_filter_present"":false}",,mixed_cache_first_observed,deterministic_interleaved_shuffle,20260730,false,1,32,false,small,1,1.0,1.0,1.0,light,dataset=small:1;runtime=default:1;passes=1
cond-37229de048ca2bb86373,cond-37229de048ca2bb86373::r0,pair-c943275c7ce80a140ff5c633,pair-c943275c7ce80a140ff5c633::r0,gac_topk_raw_stressed__dataset-raw-small-balanced-v1__runtime-default__gac_fdw_coordinator_raw_event_topk__as_of_unix-1782864000__cutoff_ts-2026-06-01-00-00-00-00__limit_k-5000,gac_fdw_coordinator_raw_event_topk,"{""as_of_unix"": 1782864000, ""cutoff_ts"": ""2026-06-01 00:00:00+00"", ""limit_k"": 5000}",master-regimes/generated/corpus/pressure-raw-v1/batches/batch-100-gac/rendered/groups/pressure-raw-v1-gac__raw-small-balanced-v1__default__analytics_clients/queries/gac_topk_raw_stressed__dataset-raw-small-balanced-v1__runtime-default__gac_fdw_coordinator_raw_event_topk__as_of_unix-1782864000__cutoff_ts-2026-06-01-00-00-00-00__limit_k-5000.sql,"coordinator_raw_fanin,coordinator_sort_topk",pressure-raw-v1-gac,pressure-raw-corpus-v1,batch-100-gac,pressure-raw-v1,gac_topk_raw_stressed__dataset-raw-small-balanced-v1__runtime-default,event_raw_wide_sample,multiregion_union,,,,raw-small-balanced-v1,default,eu_us_gac,positive_case,gac_finalization,gac_finalization,stressed,stressed,gac__global_topk,gac_raw_topk,parameterized,,,,,,"fanin,sort_topk",event_topk,regional_topk_candidates,paired_coordinator_severity_vector,pressure_isolated,"gac_finalization_heavy,remote_fetch_heavy",pilot,"{""fetch_size"":""high"",""wan_latency"":""high"",""work_mem"":""high""}","supports_region_partitioning,supports_large_scan","{""filter_uses_distribution_key"":false,""group_by_uses_distribution_key"":false,""join_uses_distribution_key"":false,""multi_tenant_scope"":true,""order_by_uses_distribution_key"":false,""single_tenant_scope"":false,""tenant_filter_present"":false}",,mixed_cache_first_observed,deterministic_interleaved_shuffle,20260730,false,0,33,false,small,2,1.0,1.0,2.0,light,dataset=small:1;runtime=default:1;passes=2
cond-68fbeedef9e723259e3a,cond-68fbeedef9e723259e3a::r0,pair-4496b933846d7b42fff2093e,pair-4496b933846d7b42fff2093e::r0,gac_distinct_regional_mitigated__dataset-raw-small-balanced-v1__runtime-default__gac_fdw_coordinator_regional_distinct_users__as_of_unix-1782864000__cutoff_ts-2026-06-01-00-00-00-00__user_id_max-5,gac_fdw_coordinator_regional_distinct_users,"{""as_of_unix"": 1782864000, ""cutoff_ts"": ""2026-06-01 00:00:00+00"", ""user_id_max"": 5}",master-regimes/generated/corpus/pressure-raw-v1/batches/batch-100-gac/rendered/groups/pressure-raw-v1-gac__raw-small-balanced-v1__default__analytics_clients/queries/gac_distinct_regional_mitigated__dataset-raw-small-balanced-v1__runtime-default__gac_fdw_coordinator_regional_distinct_users__as_of_unix-1782864000__cutoff_ts-2026-06-01-00-00-00-00__user_id_max-5.sql,"regional_distinct,coordinator_unique,coordinator_fanin_mitigation",pressure-raw-v1-gac,pressure-raw-corpus-v1,batch-100-gac,pressure-raw-v1,gac_distinct_regional_mitigated__dataset-raw-small-balanced-v1__runtime-default,distinct_active_users,multiregion_union,,,,raw-small-balanced-v1,default,eu_us_gac,positive_case,gac_finalization,gac_finalization,mitigated,mitigated,gac__global_distinct,regional_distinct,parameterized,,,,,,"fanin,distinct_dedup",active_user_distinct,regional_prededuplication,paired_coordinator_severity_vector,pressure_isolated,"gac_finalization_heavy,well_reduced_localized",pilot,"{""fetch_size"":""medium"",""wan_latency"":""medium"",""work_mem"":""medium""}","supports_region_partitioning,supports_high_group_cardinality","{""filter_uses_distribution_key"":false,""group_by_uses_distribution_key"":false,""join_uses_distribution_key"":false,""multi_tenant_scope"":true,""order_by_uses_distribution_key"":false,""single_tenant_scope"":false,""tenant_filter_present"":false}",,mixed_cache_first_observed,deterministic_interleaved_shuffle,20260730,false,0,34,false,small,2,1.0,1.0,2.0,light,dataset=small:1;runtime=default:1;passes=2
cond-4aac88f4251c393c6e5f,cond-4aac88f4251c393c6e5f::r0,pair-fb25ef68bed9263239a6194e,pair-fb25ef68bed9263239a6194e::r0,gac_topk_raw_stressed__dataset-raw-small-balanced-v1__runtime-default__gac_fdw_coordinator_raw_event_topk__as_of_unix-1782864000__cutoff_ts-2026-06-01-00-00-00-00__limit_k-100,gac_fdw_coordinator_raw_event_topk,"{""as_of_unix"": 1782864000, ""cutoff_ts"": ""2026-06-01 00:00:00+00"", ""limit_k"": 100}",master-regimes/generated/corpus/pressure-raw-v1/batches/batch-100-gac/rendered/groups/pressure-raw-v1-gac__raw-small-balanced-v1__default__analytics_clients/queries/gac_topk_raw_stressed__dataset-raw-small-balanced-v1__runtime-default__gac_fdw_coordinator_raw_event_topk__as_of_unix-1782864000__cutoff_ts-2026-06-01-00-00-00-00__limit_k-100.sql,"coordinator_raw_fanin,coordinator_sort_topk",pressure-raw-v1-gac,pressure-raw-corpus-v1,batch-100-gac,pressure-raw-v1,gac_topk_raw_stressed__dataset-raw-small-balanced-v1__runtime-default,event_raw_wide_sample,multiregion_union,,,,raw-small-balanced-v1,default,eu_us_gac,positive_case,gac_finalization,gac_finalization,stressed,stressed,gac__global_topk,gac_raw_topk,parameterized,,,,,,"fanin,sort_topk",event_topk,regional_topk_candidates,paired_coordinator_severity_vector,pressure_isolated,"gac_finalization_heavy,remote_fetch_heavy",pilot,"{""fetch_size"":""high"",""wan_latency"":""high"",""work_mem"":""high""}","supports_region_partitioning,supports_large_scan","{""filter_uses_distribution_key"":false,""group_by_uses_distribution_key"":false,""join_uses_distribution_key"":false,""multi_tenant_scope"":true,""order_by_uses_distribution_key"":false,""single_tenant_scope"":false,""tenant_filter_present"":false}",,mixed_cache_first_observed,deterministic_interleaved_shuffle,20260730,false,0,35,false,small,2,1.0,1.0,2.0,light,dataset=small:1;runtime=default:1;passes=2
cond-e45863d4c37010443c1c,cond-e45863d4c37010443c1c::r2,pair-4a877d333e0b6c5c65ae7397,pair-4a877d333e0b6c5c65ae7397::r2,gac_distinct_raw_stressed__dataset-raw-small-balanced-v1__runtime-default__gac_fdw_coordinator_raw_distinct_users__as_of_unix-1782864000__cutoff_ts-2026-06-01-00-00-00-00__user_id_max-10,gac_fdw_coordinator_raw_distinct_users,"{""as_of_unix"": 1782864000, ""cutoff_ts"": ""2026-06-01 00:00:00+00"", ""user_id_max"": 10}",master-regimes/generated/corpus/pressure-raw-v1/batches/batch-100-gac/rendered/groups/pressure-raw-v1-gac__raw-small-balanced-v1__default__analytics_clients/queries/gac_distinct_raw_stressed__dataset-raw-small-balanced-v1__runtime-default__gac_fdw_coordinator_raw_distinct_users__as_of_unix-1782864000__cutoff_ts-2026-06-01-00-00-00-00__user_id_max-10.sql,"coordinator_raw_fanin,coordinator_unique",pressure-raw-v1-gac,pressure-raw-corpus-v1,batch-100-gac,pressure-raw-v1,gac_distinct_raw_stressed__dataset-raw-small-balanced-v1__runtime-default,distinct_active_users,multiregion_union,,,,raw-small-balanced-v1,default,eu_us_gac,positive_case,gac_finalization,gac_finalization,stressed,stressed,gac__global_distinct,gac_raw_distinct,parameterized,,,,,,"fanin,distinct_dedup",active_user_distinct,regional_prededuplication,paired_coordinator_severity_vector,pressure_isolated,"gac_finalization_heavy,remote_fetch_heavy",pilot,"{""fetch_size"":""high"",""wan_latency"":""high"",""work_mem"":""high""}","supports_region_partitioning,supports_high_group_cardinality","{""filter_uses_distribution_key"":false,""group_by_uses_distribution_key"":false,""join_uses_distribution_key"":false,""multi_tenant_scope"":true,""order_by_uses_distribution_key"":false,""single_tenant_scope"":false,""tenant_filter_present"":false}",,mixed_cache_first_observed,deterministic_interleaved_shuffle,20260730,false,2,36,false,small,1,1.0,1.0,1.0,light,dataset=small:1;runtime=default:1;passes=1
cond-68fbeedef9e723259e3a,cond-68fbeedef9e723259e3a::r2,pair-4496b933846d7b42fff2093e,pair-4496b933846d7b42fff2093e::r2,gac_distinct_regional_mitigated__dataset-raw-small-balanced-v1__runtime-default__gac_fdw_coordinator_regional_distinct_users__as_of_unix-1782864000__cutoff_ts-2026-06-01-00-00-00-00__user_id_max-5,gac_fdw_coordinator_regional_distinct_users,"{""as_of_unix"": 1782864000, ""cutoff_ts"": ""2026-06-01 00:00:00+00"", ""user_id_max"": 5}",master-regimes/generated/corpus/pressure-raw-v1/batches/batch-100-gac/rendered/groups/pressure-raw-v1-gac__raw-small-balanced-v1__default__analytics_clients/queries/gac_distinct_regional_mitigated__dataset-raw-small-balanced-v1__runtime-default__gac_fdw_coordinator_regional_distinct_users__as_of_unix-1782864000__cutoff_ts-2026-06-01-00-00-00-00__user_id_max-5.sql,"regional_distinct,coordinator_unique,coordinator_fanin_mitigation",pressure-raw-v1-gac,pressure-raw-corpus-v1,batch-100-gac,pressure-raw-v1,gac_distinct_regional_mitigated__dataset-raw-small-balanced-v1__runtime-default,distinct_active_users,multiregion_union,,,,raw-small-balanced-v1,default,eu_us_gac,positive_case,gac_finalization,gac_finalization,mitigated,mitigated,gac__global_distinct,regional_distinct,parameterized,,,,,,"fanin,distinct_dedup",active_user_distinct,regional_prededuplication,paired_coordinator_severity_vector,pressure_isolated,"gac_finalization_heavy,well_reduced_localized",pilot,"{""fetch_size"":""medium"",""wan_latency"":""medium"",""work_mem"":""medium""}","supports_region_partitioning,supports_high_group_cardinality","{""filter_uses_distribution_key"":false,""group_by_uses_distribution_key"":false,""join_uses_distribution_key"":false,""multi_tenant_scope"":true,""order_by_uses_distribution_key"":false,""single_tenant_scope"":false,""tenant_filter_present"":false}",,mixed_cache_first_observed,deterministic_interleaved_shuffle,20260730,false,2,37,false,small,1,1.0,1.0,1.0,light,dataset=small:1;runtime=default:1;passes=1
cond-55a63d145d378e5d0dde,cond-55a63d145d378e5d0dde::r1,pair-12d76e59fa61657ede9a5645,pair-12d76e59fa61657ede9a5645::r1,gac_group_merge_stressed__dataset-raw-small-balanced-v1__runtime-default__gac_fdw_coordinator_raw_user_topk__as_of_unix-1782864000__cutoff_ts-2026-06-01-00-00-00-00__tenant_modulus-4__limit_k-100,gac_fdw_coordinator_raw_user_topk,"{""as_of_unix"": 1782864000, ""cutoff_ts"": ""2026-06-01 00:00:00+00"", ""limit_k"": 100, ""tenant_modulus"": 4}",master-regimes/generated/corpus/pressure-raw-v1/batches/batch-100-gac/rendered/groups/pressure-raw-v1-gac__raw-small-balanced-v1__default__analytics_clients/queries/gac_group_merge_stressed__dataset-raw-small-balanced-v1__runtime-default__gac_fdw_coordinator_raw_user_topk__as_of_unix-1782864000__cutoff_ts-2026-06-01-00-00-00-00__tenant_modulus-4__limit_k-100.sql,"coordinator_raw_fanin,coordinator_group_merge,coordinator_sort_topk",pressure-raw-v1-gac,pressure-raw-corpus-v1,batch-100-gac,pressure-raw-v1,gac_group_merge_stressed__dataset-raw-small-balanced-v1__runtime-default,user_value_topk,multiregion_union,,,,raw-small-balanced-v1,default,eu_us_gac,positive_case,gac_finalization,gac_finalization,stressed,stressed,gac__group_merge_fanin,gac_raw_aggregate,parameterized,,,,,,"fanin,group_merge,sort_topk",user_group_topk,regional_partial_aggregation,paired_coordinator_severity_vector,pressure_isolated,"gac_finalization_heavy,remote_fetch_heavy",pilot,"{""fetch_size"":""high"",""wan_latency"":""medium"",""work_mem"":""high""}","supports_region_partitioning,supports_high_group_cardinality","{""filter_uses_distribution_key"":false,""group_by_uses_distribution_key"":true,""join_uses_distribution_key"":false,""multi_tenant_scope"":true,""order_by_uses_distribution_key"":true,""single_tenant_scope"":false,""tenant_filter_present"":false}",,mixed_cache_first_observed,deterministic_interleaved_shuffle,20260730,false,1,38,false,small,1,1.0,1.0,1.0,light,dataset=small:1;runtime=default:1;passes=1
cond-0b9be4b6b8c1f7b00841,cond-0b9be4b6b8c1f7b00841::r1,pair-ffefcee9b82c49cd8198e03a,pair-ffefcee9b82c49cd8198e03a::r1,gac_local_join_regional_mitigated__dataset-raw-small-balanced-v1__runtime-default__gac_fdw_coordinator_regional_user_join__as_of_unix-1782864000__cutoff_ts-2026-06-01-00-00-00-00__tenant_modulus-16,gac_fdw_coordinator_regional_user_join,"{""as_of_unix"": 1782864000, ""cutoff_ts"": ""2026-06-01 00:00:00+00"", ""tenant_modulus"": 16}",master-regimes/generated/corpus/pressure-raw-v1/batches/batch-100-gac/rendered/groups/pressure-raw-v1-gac__raw-small-balanced-v1__default__analytics_clients/queries/gac_local_join_regional_mitigated__dataset-raw-small-balanced-v1__runtime-default__gac_fdw_coordinator_regional_user_join__as_of_unix-1782864000__cutoff_ts-2026-06-01-00-00-00-00__tenant_modulus-16.sql,"regional_join,regional_partial_aggregate,coordinator_fanin_mitigation",pressure-raw-v1-gac,pressure-raw-corpus-v1,batch-100-gac,pressure-raw-v1,gac_local_join_regional_mitigated__dataset-raw-small-balanced-v1__runtime-default,user_segment_topk,multiregion_union,,,,raw-small-balanced-v1,default,eu_us_gac,positive_case,gac_finalization,gac_finalization,mitigated,mitigated,gac__local_join,regional_colocated_join,parameterized,,,,,,"fanin,local_join,group_merge",user_segment_join,regional_join_pushdown,paired_coordinator_severity_vector,pressure_isolated,"gac_finalization_heavy,well_reduced_localized",pilot,"{""fetch_size"":""medium"",""wan_latency"":""medium"",""work_mem"":""medium""}","supports_region_partitioning,supports_colocated_user_join","{""filter_uses_distribution_key"":false,""group_by_uses_distribution_key"":false,""join_uses_distribution_key"":true,""multi_tenant_scope"":true,""order_by_uses_distribution_key"":false,""single_tenant_scope"":false,""tenant_filter_present"":false}",,mixed_cache_first_observed,deterministic_interleaved_shuffle,20260730,false,1,39,false,small,1,1.0,1.0,1.0,light,dataset=small:1;runtime=default:1;passes=1
cond-3f8bbed8422bce5ce3f7,cond-3f8bbed8422bce5ce3f7::r2,pair-3a67174ad470aceae256f159,pair-3a67174ad470aceae256f159::r2,gac_local_join_stressed__dataset-raw-small-balanced-v1__runtime-default__gac_fdw_coordinator_local_user_join__as_of_unix-1782864000__cutoff_ts-2026-06-01-00-00-00-00__tenant_modulus-2,gac_fdw_coordinator_local_user_join,"{""as_of_unix"": 1782864000, ""cutoff_ts"": ""2026-06-01 00:00:00+00"", ""tenant_modulus"": 2}",master-regimes/generated/corpus/pressure-raw-v1/batches/batch-100-gac/rendered/groups/pressure-raw-v1-gac__raw-small-balanced-v1__default__analytics_clients/queries/gac_local_join_stressed__dataset-raw-small-balanced-v1__runtime-default__gac_fdw_coordinator_local_user_join__as_of_unix-1782864000__cutoff_ts-2026-06-01-00-00-00-00__tenant_modulus-2.sql,"coordinator_raw_fanin,coordinator_local_join,coordinator_group_merge",pressure-raw-v1-gac,pressure-raw-corpus-v1,batch-100-gac,pressure-raw-v1,gac_local_join_stressed__dataset-raw-small-balanced-v1__runtime-default,user_segment_topk,multiregion_union,,,,raw-small-balanced-v1,default,eu_us_gac,positive_case,gac_finalization,gac_finalization,stressed,stressed,gac__local_join,gac_local_hash_join,parameterized,,,,,,"fanin,local_join,group_merge",user_segment_join,regional_join_pushdown,paired_coordinator_severity_vector,pressure_isolated,"gac_finalization_heavy,remote_fetch_heavy",pilot,"{""fetch_size"":""high"",""wan_latency"":""high"",""work_mem"":""high""}","supports_region_partitioning,supports_colocated_user_join","{""filter_uses_distribution_key"":false,""group_by_uses_distribution_key"":false,""join_uses_distribution_key"":true,""multi_tenant_scope"":true,""order_by_uses_distribution_key"":false,""single_tenant_scope"":false,""tenant_filter_present"":false}",,mixed_cache_first_observed,deterministic_interleaved_shuffle,20260730,false,2,40,false,small,1,1.0,1.0,1.0,light,dataset=small:1;runtime=default:1;passes=1
cond-6ed732f05c8e7c774a09,cond-6ed732f05c8e7c774a09::r1,pair-b4277ea23cb238dc55126cdc,pair-b4277ea23cb238dc55126cdc::r1,gac_local_join_regional_mitigated__dataset-raw-small-balanced-v1__runtime-default__gac_fdw_coordinator_regional_user_join__as_of_unix-1782864000__cutoff_ts-2026-06-01-00-00-00-00__tenant_modulus-8,gac_fdw_coordinator_regional_user_join,"{""as_of_unix"": 1782864000, ""cutoff_ts"": ""2026-06-01 00:00:00+00"", ""tenant_modulus"": 8}",master-regimes/generated/corpus/pressure-raw-v1/batches/batch-100-gac/rendered/groups/pressure-raw-v1-gac__raw-small-balanced-v1__default__analytics_clients/queries/gac_local_join_regional_mitigated__dataset-raw-small-balanced-v1__runtime-default__gac_fdw_coordinator_regional_user_join__as_of_unix-1782864000__cutoff_ts-2026-06-01-00-00-00-00__tenant_modulus-8.sql,"regional_join,regional_partial_aggregate,coordinator_fanin_mitigation",pressure-raw-v1-gac,pressure-raw-corpus-v1,batch-100-gac,pressure-raw-v1,gac_local_join_regional_mitigated__dataset-raw-small-balanced-v1__runtime-default,user_segment_topk,multiregion_union,,,,raw-small-balanced-v1,default,eu_us_gac,positive_case,gac_finalization,gac_finalization,mitigated,mitigated,gac__local_join,regional_colocated_join,parameterized,,,,,,"fanin,local_join,group_merge",user_segment_join,regional_join_pushdown,paired_coordinator_severity_vector,pressure_isolated,"gac_finalization_heavy,well_reduced_localized",pilot,"{""fetch_size"":""medium"",""wan_latency"":""medium"",""work_mem"":""medium""}","supports_region_partitioning,supports_colocated_user_join","{""filter_uses_distribution_key"":false,""group_by_uses_distribution_key"":false,""join_uses_distribution_key"":true,""multi_tenant_scope"":true,""order_by_uses_distribution_key"":false,""single_tenant_scope"":false,""tenant_filter_present"":false}",,mixed_cache_first_observed,deterministic_interleaved_shuffle,20260730,false,1,41,false,small,1,1.0,1.0,1.0,light,dataset=small:1;runtime=default:1;passes=1
cond-02acd65e8699ecf2436f,cond-02acd65e8699ecf2436f::r1,pair-7a5da452b17f8b6889031031,pair-7a5da452b17f8b6889031031::r1,gac_local_join_stressed__dataset-raw-small-balanced-v1__runtime-default__gac_fdw_coordinator_local_user_join__as_of_unix-1782864000__cutoff_ts-2026-06-01-00-00-00-00__tenant_modulus-4,gac_fdw_coordinator_local_user_join,"{""as_of_unix"": 1782864000, ""cutoff_ts"": ""2026-06-01 00:00:00+00"", ""tenant_modulus"": 4}",master-regimes/generated/corpus/pressure-raw-v1/batches/batch-100-gac/rendered/groups/pressure-raw-v1-gac__raw-small-balanced-v1__default__analytics_clients/queries/gac_local_join_stressed__dataset-raw-small-balanced-v1__runtime-default__gac_fdw_coordinator_local_user_join__as_of_unix-1782864000__cutoff_ts-2026-06-01-00-00-00-00__tenant_modulus-4.sql,"coordinator_raw_fanin,coordinator_local_join,coordinator_group_merge",pressure-raw-v1-gac,pressure-raw-corpus-v1,batch-100-gac,pressure-raw-v1,gac_local_join_stressed__dataset-raw-small-balanced-v1__runtime-default,user_segment_topk,multiregion_union,,,,raw-small-balanced-v1,default,eu_us_gac,positive_case,gac_finalization,gac_finalization,stressed,stressed,gac__local_join,gac_local_hash_join,parameterized,,,,,,"fanin,local_join,group_merge",user_segment_join,regional_join_pushdown,paired_coordinator_severity_vector,pressure_isolated,"gac_finalization_heavy,remote_fetch_heavy",pilot,"{""fetch_size"":""high"",""wan_latency"":""high"",""work_mem"":""high""}","supports_region_partitioning,supports_colocated_user_join","{""filter_uses_distribution_key"":false,""group_by_uses_distribution_key"":false,""join_uses_distribution_key"":true,""multi_tenant_scope"":true,""order_by_uses_distribution_key"":false,""single_tenant_scope"":false,""tenant_filter_present"":false}",,mixed_cache_first_observed,deterministic_interleaved_shuffle,20260730,false,1,42,false,small,1,1.0,1.0,1.0,light,dataset=small:1;runtime=default:1;passes=1
cond-f64ec67555ae74456b77,cond-f64ec67555ae74456b77::r0,pair-a0e50eea8357c6a023ff5fd3,pair-a0e50eea8357c6a023ff5fd3::r0,gac_topk_candidates_mitigated__dataset-raw-small-balanced-v1__runtime-default__gac_fdw_coordinator_regional_event_topk__as_of_unix-1782864000__cutoff_ts-2026-06-01-00-00-00-00__limit_k-10,gac_fdw_coordinator_regional_event_topk,"{""as_of_unix"": 1782864000, ""cutoff_ts"": ""2026-06-01 00:00:00+00"", ""limit_k"": 10}",master-regimes/generated/corpus/pressure-raw-v1/batches/batch-100-gac/rendered/groups/pressure-raw-v1-gac__raw-small-balanced-v1__default__analytics_clients/queries/gac_topk_candidates_mitigated__dataset-raw-small-balanced-v1__runtime-default__gac_fdw_coordinator_regional_event_topk__as_of_unix-1782864000__cutoff_ts-2026-06-01-00-00-00-00__limit_k-10.sql,"regional_topk,coordinator_sort_topk,coordinator_fanin_mitigation",pressure-raw-v1-gac,pressure-raw-corpus-v1,batch-100-gac,pressure-raw-v1,gac_topk_candidates_mitigated__dataset-raw-small-balanced-v1__runtime-default,event_raw_wide_sample,multiregion_union,,,,raw-small-balanced-v1,default,eu_us_gac,positive_case,gac_finalization,gac_finalization,mitigated,mitigated,gac__global_topk,regional_topk_candidates,parameterized,,,,,,"fanin,sort_topk",event_topk,regional_topk_candidates,paired_coordinator_severity_vector,pressure_isolated,"gac_finalization_heavy,well_reduced_localized",pilot,"{""fetch_size"":""medium"",""wan_latency"":""medium"",""work_mem"":""medium""}","supports_region_partitioning,supports_large_scan","{""filter_uses_distribution_key"":false,""group_by_uses_distribution_key"":false,""join_uses_distribution_key"":false,""multi_tenant_scope"":true,""order_by_uses_distribution_key"":false,""single_tenant_scope"":false,""tenant_filter_present"":false}",,mixed_cache_first_observed,deterministic_interleaved_shuffle,20260730,false,0,43,false,small,2,1.0,1.0,2.0,light,dataset=small:1;runtime=default:1;passes=2
cond-a0e3ec5d6dcd12d7d450,cond-a0e3ec5d6dcd12d7d450::r1,pair-f9a37496ac06caecbe1e18fd,pair-f9a37496ac06caecbe1e18fd::r1,gac_distinct_regional_mitigated__dataset-raw-small-balanced-v1__runtime-default__gac_fdw_coordinator_regional_distinct_users__as_of_unix-1782864000__cutoff_ts-2026-06-01-00-00-00-00__user_id_max-100,gac_fdw_coordinator_regional_distinct_users,"{""as_of_unix"": 1782864000, ""cutoff_ts"": ""2026-06-01 00:00:00+00"", ""user_id_max"": 100}",master-regimes/generated/corpus/pressure-raw-v1/batches/batch-100-gac/rendered/groups/pressure-raw-v1-gac__raw-small-balanced-v1__default__analytics_clients/queries/gac_distinct_regional_mitigated__dataset-raw-small-balanced-v1__runtime-default__gac_fdw_coordinator_regional_distinct_users__as_of_unix-1782864000__cutoff_ts-2026-06-01-00-00-00-00__user_id_max-100.sql,"regional_distinct,coordinator_unique,coordinator_fanin_mitigation",pressure-raw-v1-gac,pressure-raw-corpus-v1,batch-100-gac,pressure-raw-v1,gac_distinct_regional_mitigated__dataset-raw-small-balanced-v1__runtime-default,distinct_active_users,multiregion_union,,,,raw-small-balanced-v1,default,eu_us_gac,positive_case,gac_finalization,gac_finalization,mitigated,mitigated,gac__global_distinct,regional_distinct,parameterized,,,,,,"fanin,distinct_dedup",active_user_distinct,regional_prededuplication,paired_coordinator_severity_vector,pressure_isolated,"gac_finalization_heavy,well_reduced_localized",pilot,"{""fetch_size"":""medium"",""wan_latency"":""medium"",""work_mem"":""medium""}","supports_region_partitioning,supports_high_group_cardinality","{""filter_uses_distribution_key"":false,""group_by_uses_distribution_key"":false,""join_uses_distribution_key"":false,""multi_tenant_scope"":true,""order_by_uses_distribution_key"":false,""single_tenant_scope"":false,""tenant_filter_present"":false}",,mixed_cache_first_observed,deterministic_interleaved_shuffle,20260730,false,1,44,false,small,1,1.0,1.0,1.0,light,dataset=small:1;runtime=default:1;passes=1
cond-37229de048ca2bb86373,cond-37229de048ca2bb86373::r2,pair-c943275c7ce80a140ff5c633,pair-c943275c7ce80a140ff5c633::r2,gac_topk_raw_stressed__dataset-raw-small-balanced-v1__runtime-default__gac_fdw_coordinator_raw_event_topk__as_of_unix-1782864000__cutoff_ts-2026-06-01-00-00-00-00__limit_k-5000,gac_fdw_coordinator_raw_event_topk,"{""as_of_unix"": 1782864000, ""cutoff_ts"": ""2026-06-01 00:00:00+00"", ""limit_k"": 5000}",master-regimes/generated/corpus/pressure-raw-v1/batches/batch-100-gac/rendered/groups/pressure-raw-v1-gac__raw-small-balanced-v1__default__analytics_clients/queries/gac_topk_raw_stressed__dataset-raw-small-balanced-v1__runtime-default__gac_fdw_coordinator_raw_event_topk__as_of_unix-1782864000__cutoff_ts-2026-06-01-00-00-00-00__limit_k-5000.sql,"coordinator_raw_fanin,coordinator_sort_topk",pressure-raw-v1-gac,pressure-raw-corpus-v1,batch-100-gac,pressure-raw-v1,gac_topk_raw_stressed__dataset-raw-small-balanced-v1__runtime-default,event_raw_wide_sample,multiregion_union,,,,raw-small-balanced-v1,default,eu_us_gac,positive_case,gac_finalization,gac_finalization,stressed,stressed,gac__global_topk,gac_raw_topk,parameterized,,,,,,"fanin,sort_topk",event_topk,regional_topk_candidates,paired_coordinator_severity_vector,pressure_isolated,"gac_finalization_heavy,remote_fetch_heavy",pilot,"{""fetch_size"":""high"",""wan_latency"":""high"",""work_mem"":""high""}","supports_region_partitioning,supports_large_scan","{""filter_uses_distribution_key"":false,""group_by_uses_distribution_key"":false,""join_uses_distribution_key"":false,""multi_tenant_scope"":true,""order_by_uses_distribution_key"":false,""single_tenant_scope"":false,""tenant_filter_present"":false}",,mixed_cache_first_observed,deterministic_interleaved_shuffle,20260730,false,2,45,false,small,1,1.0,1.0,1.0,light,dataset=small:1;runtime=default:1;passes=1
cond-88ff0c8d8837c06dac83,cond-88ff0c8d8837c06dac83::r2,pair-73df78bae44273efaa266edf,pair-73df78bae44273efaa266edf::r2,gac_topk_raw_stressed__dataset-raw-small-balanced-v1__runtime-default__gac_fdw_coordinator_raw_event_topk__as_of_unix-1782864000__cutoff_ts-2026-06-01-00-00-00-00__limit_k-500,gac_fdw_coordinator_raw_event_topk,"{""as_of_unix"": 1782864000, ""cutoff_ts"": ""2026-06-01 00:00:00+00"", ""limit_k"": 500}",master-regimes/generated/corpus/pressure-raw-v1/batches/batch-100-gac/rendered/groups/pressure-raw-v1-gac__raw-small-balanced-v1__default__analytics_clients/queries/gac_topk_raw_stressed__dataset-raw-small-balanced-v1__runtime-default__gac_fdw_coordinator_raw_event_topk__as_of_unix-1782864000__cutoff_ts-2026-06-01-00-00-00-00__limit_k-500.sql,"coordinator_raw_fanin,coordinator_sort_topk",pressure-raw-v1-gac,pressure-raw-corpus-v1,batch-100-gac,pressure-raw-v1,gac_topk_raw_stressed__dataset-raw-small-balanced-v1__runtime-default,event_raw_wide_sample,multiregion_union,,,,raw-small-balanced-v1,default,eu_us_gac,positive_case,gac_finalization,gac_finalization,stressed,stressed,gac__global_topk,gac_raw_topk,parameterized,,,,,,"fanin,sort_topk",event_topk,regional_topk_candidates,paired_coordinator_severity_vector,pressure_isolated,"gac_finalization_heavy,remote_fetch_heavy",pilot,"{""fetch_size"":""high"",""wan_latency"":""high"",""work_mem"":""high""}","supports_region_partitioning,supports_large_scan","{""filter_uses_distribution_key"":false,""group_by_uses_distribution_key"":false,""join_uses_distribution_key"":false,""multi_tenant_scope"":true,""order_by_uses_distribution_key"":false,""single_tenant_scope"":false,""tenant_filter_present"":false}",,mixed_cache_first_observed,deterministic_interleaved_shuffle,20260730,false,2,46,false,small,1,1.0,1.0,1.0,light,dataset=small:1;runtime=default:1;passes=1
cond-559045ce65fc017a1f2e,cond-559045ce65fc017a1f2e::r2,pair-a65aca1ef232a8dac1ad9478,pair-a65aca1ef232a8dac1ad9478::r2,gac_local_join_stressed__dataset-raw-small-balanced-v1__runtime-default__gac_fdw_coordinator_local_user_join__as_of_unix-1782864000__cutoff_ts-2026-06-01-00-00-00-00__tenant_modulus-1,gac_fdw_coordinator_local_user_join,"{""as_of_unix"": 1782864000, ""cutoff_ts"": ""2026-06-01 00:00:00+00"", ""tenant_modulus"": 1}",master-regimes/generated/corpus/pressure-raw-v1/batches/batch-100-gac/rendered/groups/pressure-raw-v1-gac__raw-small-balanced-v1__default__analytics_clients/queries/gac_local_join_stressed__dataset-raw-small-balanced-v1__runtime-default__gac_fdw_coordinator_local_user_join__as_of_unix-1782864000__cutoff_ts-2026-06-01-00-00-00-00__tenant_modulus-1.sql,"coordinator_raw_fanin,coordinator_local_join,coordinator_group_merge",pressure-raw-v1-gac,pressure-raw-corpus-v1,batch-100-gac,pressure-raw-v1,gac_local_join_stressed__dataset-raw-small-balanced-v1__runtime-default,user_segment_topk,multiregion_union,,,,raw-small-balanced-v1,default,eu_us_gac,positive_case,gac_finalization,gac_finalization,stressed,stressed,gac__local_join,gac_local_hash_join,parameterized,,,,,,"fanin,local_join,group_merge",user_segment_join,regional_join_pushdown,paired_coordinator_severity_vector,pressure_isolated,"gac_finalization_heavy,remote_fetch_heavy",pilot,"{""fetch_size"":""high"",""wan_latency"":""high"",""work_mem"":""high""}","supports_region_partitioning,supports_colocated_user_join","{""filter_uses_distribution_key"":false,""group_by_uses_distribution_key"":false,""join_uses_distribution_key"":true,""multi_tenant_scope"":true,""order_by_uses_distribution_key"":false,""single_tenant_scope"":false,""tenant_filter_present"":false}",,mixed_cache_first_observed,deterministic_interleaved_shuffle,20260730,false,2,47,false,small,1,1.0,1.0,1.0,light,dataset=small:1;runtime=default:1;passes=1
cond-3f8bbed8422bce5ce3f7,cond-3f8bbed8422bce5ce3f7::r0,pair-3a67174ad470aceae256f159,pair-3a67174ad470aceae256f159::r0,gac_local_join_stressed__dataset-raw-small-balanced-v1__runtime-default__gac_fdw_coordinator_local_user_join__as_of_unix-1782864000__cutoff_ts-2026-06-01-00-00-00-00__tenant_modulus-2,gac_fdw_coordinator_local_user_join,"{""as_of_unix"": 1782864000, ""cutoff_ts"": ""2026-06-01 00:00:00+00"", ""tenant_modulus"": 2}",master-regimes/generated/corpus/pressure-raw-v1/batches/batch-100-gac/rendered/groups/pressure-raw-v1-gac__raw-small-balanced-v1__default__analytics_clients/queries/gac_local_join_stressed__dataset-raw-small-balanced-v1__runtime-default__gac_fdw_coordinator_local_user_join__as_of_unix-1782864000__cutoff_ts-2026-06-01-00-00-00-00__tenant_modulus-2.sql,"coordinator_raw_fanin,coordinator_local_join,coordinator_group_merge",pressure-raw-v1-gac,pressure-raw-corpus-v1,batch-100-gac,pressure-raw-v1,gac_local_join_stressed__dataset-raw-small-balanced-v1__runtime-default,user_segment_topk,multiregion_union,,,,raw-small-balanced-v1,default,eu_us_gac,positive_case,gac_finalization,gac_finalization,stressed,stressed,gac__local_join,gac_local_hash_join,parameterized,,,,,,"fanin,local_join,group_merge",user_segment_join,regional_join_pushdown,paired_coordinator_severity_vector,pressure_isolated,"gac_finalization_heavy,remote_fetch_heavy",pilot,"{""fetch_size"":""high"",""wan_latency"":""high"",""work_mem"":""high""}","supports_region_partitioning,supports_colocated_user_join","{""filter_uses_distribution_key"":false,""group_by_uses_distribution_key"":false,""join_uses_distribution_key"":true,""multi_tenant_scope"":true,""order_by_uses_distribution_key"":false,""single_tenant_scope"":false,""tenant_filter_present"":false}",,mixed_cache_first_observed,deterministic_interleaved_shuffle,20260730,false,0,48,false,small,2,1.0,1.0,2.0,light,dataset=small:1;runtime=default:1;passes=2
cond-34d96e2c47a8ba08e4e9,cond-34d96e2c47a8ba08e4e9::r2,pair-4496b933846d7b42fff2093e,pair-4496b933846d7b42fff2093e::r2,gac_distinct_raw_stressed__dataset-raw-small-balanced-v1__runtime-default__gac_fdw_coordinator_raw_distinct_users__as_of_unix-1782864000__cutoff_ts-2026-06-01-00-00-00-00__user_id_max-5,gac_fdw_coordinator_raw_distinct_users,"{""as_of_unix"": 1782864000, ""cutoff_ts"": ""2026-06-01 00:00:00+00"", ""user_id_max"": 5}",master-regimes/generated/corpus/pressure-raw-v1/batches/batch-100-gac/rendered/groups/pressure-raw-v1-gac__raw-small-balanced-v1__default__analytics_clients/queries/gac_distinct_raw_stressed__dataset-raw-small-balanced-v1__runtime-default__gac_fdw_coordinator_raw_distinct_users__as_of_unix-1782864000__cutoff_ts-2026-06-01-00-00-00-00__user_id_max-5.sql,"coordinator_raw_fanin,coordinator_unique",pressure-raw-v1-gac,pressure-raw-corpus-v1,batch-100-gac,pressure-raw-v1,gac_distinct_raw_stressed__dataset-raw-small-balanced-v1__runtime-default,distinct_active_users,multiregion_union,,,,raw-small-balanced-v1,default,eu_us_gac,positive_case,gac_finalization,gac_finalization,stressed,stressed,gac__global_distinct,gac_raw_distinct,parameterized,,,,,,"fanin,distinct_dedup",active_user_distinct,regional_prededuplication,paired_coordinator_severity_vector,pressure_isolated,"gac_finalization_heavy,remote_fetch_heavy",pilot,"{""fetch_size"":""high"",""wan_latency"":""high"",""work_mem"":""high""}","supports_region_partitioning,supports_high_group_cardinality","{""filter_uses_distribution_key"":false,""group_by_uses_distribution_key"":false,""join_uses_distribution_key"":false,""multi_tenant_scope"":true,""order_by_uses_distribution_key"":false,""single_tenant_scope"":false,""tenant_filter_present"":false}",,mixed_cache_first_observed,deterministic_interleaved_shuffle,20260730,false,2,49,false,small,1,1.0,1.0,1.0,light,dataset=small:1;runtime=default:1;passes=1
cond-e71b3e9744facc9bb9d6,cond-e71b3e9744facc9bb9d6::r2,pair-ebe693ce5c4425ffbfeac156,pair-ebe693ce5c4425ffbfeac156::r2,gac_distinct_regional_mitigated__dataset-raw-small-balanced-v1__runtime-default__gac_fdw_coordinator_regional_distinct_users__as_of_unix-1782864000__cutoff_ts-2026-06-01-00-00-00-00__user_id_max-50,gac_fdw_coordinator_regional_distinct_users,"{""as_of_unix"": 1782864000, ""cutoff_ts"": ""2026-06-01 00:00:00+00"", ""user_id_max"": 50}",master-regimes/generated/corpus/pressure-raw-v1/batches/batch-100-gac/rendered/groups/pressure-raw-v1-gac__raw-small-balanced-v1__default__analytics_clients/queries/gac_distinct_regional_mitigated__dataset-raw-small-balanced-v1__runtime-default__gac_fdw_coordinator_regional_distinct_users__as_of_unix-1782864000__cutoff_ts-2026-06-01-00-00-00-00__user_id_max-50.sql,"regional_distinct,coordinator_unique,coordinator_fanin_mitigation",pressure-raw-v1-gac,pressure-raw-corpus-v1,batch-100-gac,pressure-raw-v1,gac_distinct_regional_mitigated__dataset-raw-small-balanced-v1__runtime-default,distinct_active_users,multiregion_union,,,,raw-small-balanced-v1,default,eu_us_gac,positive_case,gac_finalization,gac_finalization,mitigated,mitigated,gac__global_distinct,regional_distinct,parameterized,,,,,,"fanin,distinct_dedup",active_user_distinct,regional_prededuplication,paired_coordinator_severity_vector,pressure_isolated,"gac_finalization_heavy,well_reduced_localized",pilot,"{""fetch_size"":""medium"",""wan_latency"":""medium"",""work_mem"":""medium""}","supports_region_partitioning,supports_high_group_cardinality","{""filter_uses_distribution_key"":false,""group_by_uses_distribution_key"":false,""join_uses_distribution_key"":false,""multi_tenant_scope"":true,""order_by_uses_distribution_key"":false,""single_tenant_scope"":false,""tenant_filter_present"":false}",,mixed_cache_first_observed,deterministic_interleaved_shuffle,20260730,false,2,50,false,small,1,1.0,1.0,1.0,light,dataset=small:1;runtime=default:1;passes=1
cond-55a63d145d378e5d0dde,cond-55a63d145d378e5d0dde::r2,pair-12d76e59fa61657ede9a5645,pair-12d76e59fa61657ede9a5645::r2,gac_group_merge_stressed__dataset-raw-small-balanced-v1__runtime-default__gac_fdw_coordinator_raw_user_topk__as_of_unix-1782864000__cutoff_ts-2026-06-01-00-00-00-00__tenant_modulus-4__limit_k-100,gac_fdw_coordinator_raw_user_topk,"{""as_of_unix"": 1782864000, ""cutoff_ts"": ""2026-06-01 00:00:00+00"", ""limit_k"": 100, ""tenant_modulus"": 4}",master-regimes/generated/corpus/pressure-raw-v1/batches/batch-100-gac/rendered/groups/pressure-raw-v1-gac__raw-small-balanced-v1__default__analytics_clients/queries/gac_group_merge_stressed__dataset-raw-small-balanced-v1__runtime-default__gac_fdw_coordinator_raw_user_topk__as_of_unix-1782864000__cutoff_ts-2026-06-01-00-00-00-00__tenant_modulus-4__limit_k-100.sql,"coordinator_raw_fanin,coordinator_group_merge,coordinator_sort_topk",pressure-raw-v1-gac,pressure-raw-corpus-v1,batch-100-gac,pressure-raw-v1,gac_group_merge_stressed__dataset-raw-small-balanced-v1__runtime-default,user_value_topk,multiregion_union,,,,raw-small-balanced-v1,default,eu_us_gac,positive_case,gac_finalization,gac_finalization,stressed,stressed,gac__group_merge_fanin,gac_raw_aggregate,parameterized,,,,,,"fanin,group_merge,sort_topk",user_group_topk,regional_partial_aggregation,paired_coordinator_severity_vector,pressure_isolated,"gac_finalization_heavy,remote_fetch_heavy",pilot,"{""fetch_size"":""high"",""wan_latency"":""medium"",""work_mem"":""high""}","supports_region_partitioning,supports_high_group_cardinality","{""filter_uses_distribution_key"":false,""group_by_uses_distribution_key"":true,""join_uses_distribution_key"":false,""multi_tenant_scope"":true,""order_by_uses_distribution_key"":true,""single_tenant_scope"":false,""tenant_filter_present"":false}",,mixed_cache_first_observed,deterministic_interleaved_shuffle,20260730,false,2,51,false,small,1,1.0,1.0,1.0,light,dataset=small:1;runtime=default:1;passes=1
cond-352bb1ddb0554f411544,cond-352bb1ddb0554f411544::r2,pair-ebe693ce5c4425ffbfeac156,pair-ebe693ce5c4425ffbfeac156::r2,gac_distinct_raw_stressed__dataset-raw-small-balanced-v1__runtime-default__gac_fdw_coordinator_raw_distinct_users__as_of_unix-1782864000__cutoff_ts-2026-06-01-00-00-00-00__user_id_max-50,gac_fdw_coordinator_raw_distinct_users,"{""as_of_unix"": 1782864000, ""cutoff_ts"": ""2026-06-01 00:00:00+00"", ""user_id_max"": 50}",master-regimes/generated/corpus/pressure-raw-v1/batches/batch-100-gac/rendered/groups/pressure-raw-v1-gac__raw-small-balanced-v1__default__analytics_clients/queries/gac_distinct_raw_stressed__dataset-raw-small-balanced-v1__runtime-default__gac_fdw_coordinator_raw_distinct_users__as_of_unix-1782864000__cutoff_ts-2026-06-01-00-00-00-00__user_id_max-50.sql,"coordinator_raw_fanin,coordinator_unique",pressure-raw-v1-gac,pressure-raw-corpus-v1,batch-100-gac,pressure-raw-v1,gac_distinct_raw_stressed__dataset-raw-small-balanced-v1__runtime-default,distinct_active_users,multiregion_union,,,,raw-small-balanced-v1,default,eu_us_gac,positive_case,gac_finalization,gac_finalization,stressed,stressed,gac__global_distinct,gac_raw_distinct,parameterized,,,,,,"fanin,distinct_dedup",active_user_distinct,regional_prededuplication,paired_coordinator_severity_vector,pressure_isolated,"gac_finalization_heavy,remote_fetch_heavy",pilot,"{""fetch_size"":""high"",""wan_latency"":""high"",""work_mem"":""high""}","supports_region_partitioning,supports_high_group_cardinality","{""filter_uses_distribution_key"":false,""group_by_uses_distribution_key"":false,""join_uses_distribution_key"":false,""multi_tenant_scope"":true,""order_by_uses_distribution_key"":false,""single_tenant_scope"":false,""tenant_filter_present"":false}",,mixed_cache_first_observed,deterministic_interleaved_shuffle,20260730,false,2,52,false,small,1,1.0,1.0,1.0,light,dataset=small:1;runtime=default:1;passes=1
cond-5f8b806dcd33d00e39cd,cond-5f8b806dcd33d00e39cd::r2,pair-3a67174ad470aceae256f159,pair-3a67174ad470aceae256f159::r2,gac_local_join_regional_mitigated__dataset-raw-small-balanced-v1__runtime-default__gac_fdw_coordinator_regional_user_join__as_of_unix-1782864000__cutoff_ts-2026-06-01-00-00-00-00__tenant_modulus-2,gac_fdw_coordinator_regional_user_join,"{""as_of_unix"": 1782864000, ""cutoff_ts"": ""2026-06-01 00:00:00+00"", ""tenant_modulus"": 2}",master-regimes/generated/corpus/pressure-raw-v1/batches/batch-100-gac/rendered/groups/pressure-raw-v1-gac__raw-small-balanced-v1__default__analytics_clients/queries/gac_local_join_regional_mitigated__dataset-raw-small-balanced-v1__runtime-default__gac_fdw_coordinator_regional_user_join__as_of_unix-1782864000__cutoff_ts-2026-06-01-00-00-00-00__tenant_modulus-2.sql,"regional_join,regional_partial_aggregate,coordinator_fanin_mitigation",pressure-raw-v1-gac,pressure-raw-corpus-v1,batch-100-gac,pressure-raw-v1,gac_local_join_regional_mitigated__dataset-raw-small-balanced-v1__runtime-default,user_segment_topk,multiregion_union,,,,raw-small-balanced-v1,default,eu_us_gac,positive_case,gac_finalization,gac_finalization,mitigated,mitigated,gac__local_join,regional_colocated_join,parameterized,,,,,,"fanin,local_join,group_merge",user_segment_join,regional_join_pushdown,paired_coordinator_severity_vector,pressure_isolated,"gac_finalization_heavy,well_reduced_localized",pilot,"{""fetch_size"":""medium"",""wan_latency"":""medium"",""work_mem"":""medium""}","supports_region_partitioning,supports_colocated_user_join","{""filter_uses_distribution_key"":false,""group_by_uses_distribution_key"":false,""join_uses_distribution_key"":true,""multi_tenant_scope"":true,""order_by_uses_distribution_key"":false,""single_tenant_scope"":false,""tenant_filter_present"":false}",,mixed_cache_first_observed,deterministic_interleaved_shuffle,20260730,false,2,53,false,small,1,1.0,1.0,1.0,light,dataset=small:1;runtime=default:1;passes=1
cond-dbb5458c38aedb4f02f9,cond-dbb5458c38aedb4f02f9::r0,pair-eedb63974432e76f986dc939,pair-eedb63974432e76f986dc939::r0,gac_group_merge_stressed__dataset-raw-small-balanced-v1__runtime-default__gac_fdw_coordinator_raw_user_topk__as_of_unix-1782864000__cutoff_ts-2026-06-01-00-00-00-00__tenant_modulus-16__limit_k-100,gac_fdw_coordinator_raw_user_topk,"{""as_of_unix"": 1782864000, ""cutoff_ts"": ""2026-06-01 00:00:00+00"", ""limit_k"": 100, ""tenant_modulus"": 16}",master-regimes/generated/corpus/pressure-raw-v1/batches/batch-100-gac/rendered/groups/pressure-raw-v1-gac__raw-small-balanced-v1__default__analytics_clients/queries/gac_group_merge_stressed__dataset-raw-small-balanced-v1__runtime-default__gac_fdw_coordinator_raw_user_topk__as_of_unix-1782864000__cutoff_ts-2026-06-01-00-00-00-00__tenant_modulus-16__limit_k-100.sql,"coordinator_raw_fanin,coordinator_group_merge,coordinator_sort_topk",pressure-raw-v1-gac,pressure-raw-corpus-v1,batch-100-gac,pressure-raw-v1,gac_group_merge_stressed__dataset-raw-small-balanced-v1__runtime-default,user_value_topk,multiregion_union,,,,raw-small-balanced-v1,default,eu_us_gac,positive_case,gac_finalization,gac_finalization,stressed,stressed,gac__group_merge_fanin,gac_raw_aggregate,parameterized,,,,,,"fanin,group_merge,sort_topk",user_group_topk,regional_partial_aggregation,paired_coordinator_severity_vector,pressure_isolated,"gac_finalization_heavy,remote_fetch_heavy",pilot,"{""fetch_size"":""high"",""wan_latency"":""medium"",""work_mem"":""high""}","supports_region_partitioning,supports_high_group_cardinality","{""filter_uses_distribution_key"":false,""group_by_uses_distribution_key"":true,""join_uses_distribution_key"":false,""multi_tenant_scope"":true,""order_by_uses_distribution_key"":true,""single_tenant_scope"":false,""tenant_filter_present"":false}",,mixed_cache_first_observed,deterministic_interleaved_shuffle,20260730,false,0,54,false,small,2,1.0,1.0,2.0,light,dataset=small:1;runtime=default:1;passes=2
cond-b6b68f0ea023d0a08656,cond-b6b68f0ea023d0a08656::r2,pair-ffefcee9b82c49cd8198e03a,pair-ffefcee9b82c49cd8198e03a::r2,gac_local_join_stressed__dataset-raw-small-balanced-v1__runtime-default__gac_fdw_coordinator_local_user_join__as_of_unix-1782864000__cutoff_ts-2026-06-01-00-00-00-00__tenant_modulus-16,gac_fdw_coordinator_local_user_join,"{""as_of_unix"": 1782864000, ""cutoff_ts"": ""2026-06-01 00:00:00+00"", ""tenant_modulus"": 16}",master-regimes/generated/corpus/pressure-raw-v1/batches/batch-100-gac/rendered/groups/pressure-raw-v1-gac__raw-small-balanced-v1__default__analytics_clients/queries/gac_local_join_stressed__dataset-raw-small-balanced-v1__runtime-default__gac_fdw_coordinator_local_user_join__as_of_unix-1782864000__cutoff_ts-2026-06-01-00-00-00-00__tenant_modulus-16.sql,"coordinator_raw_fanin,coordinator_local_join,coordinator_group_merge",pressure-raw-v1-gac,pressure-raw-corpus-v1,batch-100-gac,pressure-raw-v1,gac_local_join_stressed__dataset-raw-small-balanced-v1__runtime-default,user_segment_topk,multiregion_union,,,,raw-small-balanced-v1,default,eu_us_gac,positive_case,gac_finalization,gac_finalization,stressed,stressed,gac__local_join,gac_local_hash_join,parameterized,,,,,,"fanin,local_join,group_merge",user_segment_join,regional_join_pushdown,paired_coordinator_severity_vector,pressure_isolated,"gac_finalization_heavy,remote_fetch_heavy",pilot,"{""fetch_size"":""high"",""wan_latency"":""high"",""work_mem"":""high""}","supports_region_partitioning,supports_colocated_user_join","{""filter_uses_distribution_key"":false,""group_by_uses_distribution_key"":false,""join_uses_distribution_key"":true,""multi_tenant_scope"":true,""order_by_uses_distribution_key"":false,""single_tenant_scope"":false,""tenant_filter_present"":false}",,mixed_cache_first_observed,deterministic_interleaved_shuffle,20260730,false,2,55,false,small,1,1.0,1.0,1.0,light,dataset=small:1;runtime=default:1;passes=1
cond-352bb1ddb0554f411544,cond-352bb1ddb0554f411544::r0,pair-ebe693ce5c4425ffbfeac156,pair-ebe693ce5c4425ffbfeac156::r0,gac_distinct_raw_stressed__dataset-raw-small-balanced-v1__runtime-default__gac_fdw_coordinator_raw_distinct_users__as_of_unix-1782864000__cutoff_ts-2026-06-01-00-00-00-00__user_id_max-50,gac_fdw_coordinator_raw_distinct_users,"{""as_of_unix"": 1782864000, ""cutoff_ts"": ""2026-06-01 00:00:00+00"", ""user_id_max"": 50}",master-regimes/generated/corpus/pressure-raw-v1/batches/batch-100-gac/rendered/groups/pressure-raw-v1-gac__raw-small-balanced-v1__default__analytics_clients/queries/gac_distinct_raw_stressed__dataset-raw-small-balanced-v1__runtime-default__gac_fdw_coordinator_raw_distinct_users__as_of_unix-1782864000__cutoff_ts-2026-06-01-00-00-00-00__user_id_max-50.sql,"coordinator_raw_fanin,coordinator_unique",pressure-raw-v1-gac,pressure-raw-corpus-v1,batch-100-gac,pressure-raw-v1,gac_distinct_raw_stressed__dataset-raw-small-balanced-v1__runtime-default,distinct_active_users,multiregion_union,,,,raw-small-balanced-v1,default,eu_us_gac,positive_case,gac_finalization,gac_finalization,stressed,stressed,gac__global_distinct,gac_raw_distinct,parameterized,,,,,,"fanin,distinct_dedup",active_user_distinct,regional_prededuplication,paired_coordinator_severity_vector,pressure_isolated,"gac_finalization_heavy,remote_fetch_heavy",pilot,"{""fetch_size"":""high"",""wan_latency"":""high"",""work_mem"":""high""}","supports_region_partitioning,supports_high_group_cardinality","{""filter_uses_distribution_key"":false,""group_by_uses_distribution_key"":false,""join_uses_distribution_key"":false,""multi_tenant_scope"":true,""order_by_uses_distribution_key"":false,""single_tenant_scope"":false,""tenant_filter_present"":false}",,mixed_cache_first_observed,deterministic_interleaved_shuffle,20260730,false,0,56,false,small,2,1.0,1.0,2.0,light,dataset=small:1;runtime=default:1;passes=2
cond-559045ce65fc017a1f2e,cond-559045ce65fc017a1f2e::r1,pair-a65aca1ef232a8dac1ad9478,pair-a65aca1ef232a8dac1ad9478::r1,gac_local_join_stressed__dataset-raw-small-balanced-v1__runtime-default__gac_fdw_coordinator_local_user_join__as_of_unix-1782864000__cutoff_ts-2026-06-01-00-00-00-00__tenant_modulus-1,gac_fdw_coordinator_local_user_join,"{""as_of_unix"": 1782864000, ""cutoff_ts"": ""2026-06-01 00:00:00+00"", ""tenant_modulus"": 1}",master-regimes/generated/corpus/pressure-raw-v1/batches/batch-100-gac/rendered/groups/pressure-raw-v1-gac__raw-small-balanced-v1__default__analytics_clients/queries/gac_local_join_stressed__dataset-raw-small-balanced-v1__runtime-default__gac_fdw_coordinator_local_user_join__as_of_unix-1782864000__cutoff_ts-2026-06-01-00-00-00-00__tenant_modulus-1.sql,"coordinator_raw_fanin,coordinator_local_join,coordinator_group_merge",pressure-raw-v1-gac,pressure-raw-corpus-v1,batch-100-gac,pressure-raw-v1,gac_local_join_stressed__dataset-raw-small-balanced-v1__runtime-default,user_segment_topk,multiregion_union,,,,raw-small-balanced-v1,default,eu_us_gac,positive_case,gac_finalization,gac_finalization,stressed,stressed,gac__local_join,gac_local_hash_join,parameterized,,,,,,"fanin,local_join,group_merge",user_segment_join,regional_join_pushdown,paired_coordinator_severity_vector,pressure_isolated,"gac_finalization_heavy,remote_fetch_heavy",pilot,"{""fetch_size"":""high"",""wan_latency"":""high"",""work_mem"":""high""}","supports_region_partitioning,supports_colocated_user_join","{""filter_uses_distribution_key"":false,""group_by_uses_distribution_key"":false,""join_uses_distribution_key"":true,""multi_tenant_scope"":true,""order_by_uses_distribution_key"":false,""single_tenant_scope"":false,""tenant_filter_present"":false}",,mixed_cache_first_observed,deterministic_interleaved_shuffle,20260730,false,1,57,false,small,1,1.0,1.0,1.0,light,dataset=small:1;runtime=default:1;passes=1
cond-82e6e0a672d5f9370eab,cond-82e6e0a672d5f9370eab::r0,pair-b825bac6f6af93ede60bdc0f,pair-b825bac6f6af93ede60bdc0f::r0,gac_group_merge_stressed__dataset-raw-small-balanced-v1__runtime-default__gac_fdw_coordinator_raw_user_topk__as_of_unix-1782864000__cutoff_ts-2026-06-01-00-00-00-00__tenant_modulus-8__limit_k-100,gac_fdw_coordinator_raw_user_topk,"{""as_of_unix"": 1782864000, ""cutoff_ts"": ""2026-06-01 00:00:00+00"", ""limit_k"": 100, ""tenant_modulus"": 8}",master-regimes/generated/corpus/pressure-raw-v1/batches/batch-100-gac/rendered/groups/pressure-raw-v1-gac__raw-small-balanced-v1__default__analytics_clients/queries/gac_group_merge_stressed__dataset-raw-small-balanced-v1__runtime-default__gac_fdw_coordinator_raw_user_topk__as_of_unix-1782864000__cutoff_ts-2026-06-01-00-00-00-00__tenant_modulus-8__limit_k-100.sql,"coordinator_raw_fanin,coordinator_group_merge,coordinator_sort_topk",pressure-raw-v1-gac,pressure-raw-corpus-v1,batch-100-gac,pressure-raw-v1,gac_group_merge_stressed__dataset-raw-small-balanced-v1__runtime-default,user_value_topk,multiregion_union,,,,raw-small-balanced-v1,default,eu_us_gac,positive_case,gac_finalization,gac_finalization,stressed,stressed,gac__group_merge_fanin,gac_raw_aggregate,parameterized,,,,,,"fanin,group_merge,sort_topk",user_group_topk,regional_partial_aggregation,paired_coordinator_severity_vector,pressure_isolated,"gac_finalization_heavy,remote_fetch_heavy",pilot,"{""fetch_size"":""high"",""wan_latency"":""medium"",""work_mem"":""high""}","supports_region_partitioning,supports_high_group_cardinality","{""filter_uses_distribution_key"":false,""group_by_uses_distribution_key"":true,""join_uses_distribution_key"":false,""multi_tenant_scope"":true,""order_by_uses_distribution_key"":true,""single_tenant_scope"":false,""tenant_filter_present"":false}",,mixed_cache_first_observed,deterministic_interleaved_shuffle,20260730,false,0,58,false,small,2,1.0,1.0,2.0,light,dataset=small:1;runtime=default:1;passes=2
cond-9075cf892cbb973c0690,cond-9075cf892cbb973c0690::r0,pair-e28e1200a5afd73ef9b321a9,pair-e28e1200a5afd73ef9b321a9::r0,gac_group_merge_mitigated__dataset-raw-small-balanced-v1__runtime-default__gac_fdw_coordinator_partial_user_topk__as_of_unix-1782864000__cutoff_ts-2026-06-01-00-00-00-00__tenant_modulus-1__limit_k-100,gac_fdw_coordinator_partial_user_topk,"{""as_of_unix"": 1782864000, ""cutoff_ts"": ""2026-06-01 00:00:00+00"", ""limit_k"": 100, ""tenant_modulus"": 1}",master-regimes/generated/corpus/pressure-raw-v1/batches/batch-100-gac/rendered/groups/pressure-raw-v1-gac__raw-small-balanced-v1__default__analytics_clients/queries/gac_group_merge_mitigated__dataset-raw-small-balanced-v1__runtime-default__gac_fdw_coordinator_partial_user_topk__as_of_unix-1782864000__cutoff_ts-2026-06-01-00-00-00-00__tenant_modulus-1__limit_k-100.sql,"regional_partial_aggregate,coordinator_sort_topk,coordinator_fanin_mitigation",pressure-raw-v1-gac,pressure-raw-corpus-v1,batch-100-gac,pressure-raw-v1,gac_group_merge_mitigated__dataset-raw-small-balanced-v1__runtime-default,user_value_topk,multiregion_union,,,,raw-small-balanced-v1,default,eu_us_gac,positive_case,gac_finalization,gac_finalization,mitigated,mitigated,gac__group_merge_fanin,regional_partial_aggregate,parameterized,,,,,,"fanin,group_merge,sort_topk",user_group_topk,regional_partial_aggregation,paired_coordinator_severity_vector,pressure_isolated,"gac_finalization_heavy,well_reduced_localized",pilot,"{""fetch_size"":""medium"",""wan_latency"":""medium"",""work_mem"":""medium""}","supports_region_partitioning,supports_high_group_cardinality","{""filter_uses_distribution_key"":false,""group_by_uses_distribution_key"":true,""join_uses_distribution_key"":false,""multi_tenant_scope"":true,""order_by_uses_distribution_key"":true,""single_tenant_scope"":false,""tenant_filter_present"":false}",,mixed_cache_first_observed,deterministic_interleaved_shuffle,20260730,false,0,59,false,small,2,1.0,1.0,2.0,light,dataset=small:1;runtime=default:1;passes=2
cond-82e6e0a672d5f9370eab,cond-82e6e0a672d5f9370eab::r2,pair-b825bac6f6af93ede60bdc0f,pair-b825bac6f6af93ede60bdc0f::r2,gac_group_merge_stressed__dataset-raw-small-balanced-v1__runtime-default__gac_fdw_coordinator_raw_user_topk__as_of_unix-1782864000__cutoff_ts-2026-06-01-00-00-00-00__tenant_modulus-8__limit_k-100,gac_fdw_coordinator_raw_user_topk,"{""as_of_unix"": 1782864000, ""cutoff_ts"": ""2026-06-01 00:00:00+00"", ""limit_k"": 100, ""tenant_modulus"": 8}",master-regimes/generated/corpus/pressure-raw-v1/batches/batch-100-gac/rendered/groups/pressure-raw-v1-gac__raw-small-balanced-v1__default__analytics_clients/queries/gac_group_merge_stressed__dataset-raw-small-balanced-v1__runtime-default__gac_fdw_coordinator_raw_user_topk__as_of_unix-1782864000__cutoff_ts-2026-06-01-00-00-00-00__tenant_modulus-8__limit_k-100.sql,"coordinator_raw_fanin,coordinator_group_merge,coordinator_sort_topk",pressure-raw-v1-gac,pressure-raw-corpus-v1,batch-100-gac,pressure-raw-v1,gac_group_merge_stressed__dataset-raw-small-balanced-v1__runtime-default,user_value_topk,multiregion_union,,,,raw-small-balanced-v1,default,eu_us_gac,positive_case,gac_finalization,gac_finalization,stressed,stressed,gac__group_merge_fanin,gac_raw_aggregate,parameterized,,,,,,"fanin,group_merge,sort_topk",user_group_topk,regional_partial_aggregation,paired_coordinator_severity_vector,pressure_isolated,"gac_finalization_heavy,remote_fetch_heavy",pilot,"{""fetch_size"":""high"",""wan_latency"":""medium"",""work_mem"":""high""}","supports_region_partitioning,supports_high_group_cardinality","{""filter_uses_distribution_key"":false,""group_by_uses_distribution_key"":true,""join_uses_distribution_key"":false,""multi_tenant_scope"":true,""order_by_uses_distribution_key"":true,""single_tenant_scope"":false,""tenant_filter_present"":false}",,mixed_cache_first_observed,deterministic_interleaved_shuffle,20260730,false,2,60,false,small,1,1.0,1.0,1.0,light,dataset=small:1;runtime=default:1;passes=1
cond-ad975bb514918945664d,cond-ad975bb514918945664d::r2,pair-f9a37496ac06caecbe1e18fd,pair-f9a37496ac06caecbe1e18fd::r2,gac_distinct_raw_stressed__dataset-raw-small-balanced-v1__runtime-default__gac_fdw_coordinator_raw_distinct_users__as_of_unix-1782864000__cutoff_ts-2026-06-01-00-00-00-00__user_id_max-100,gac_fdw_coordinator_raw_distinct_users,"{""as_of_unix"": 1782864000, ""cutoff_ts"": ""2026-06-01 00:00:00+00"", ""user_id_max"": 100}",master-regimes/generated/corpus/pressure-raw-v1/batches/batch-100-gac/rendered/groups/pressure-raw-v1-gac__raw-small-balanced-v1__default__analytics_clients/queries/gac_distinct_raw_stressed__dataset-raw-small-balanced-v1__runtime-default__gac_fdw_coordinator_raw_distinct_users__as_of_unix-1782864000__cutoff_ts-2026-06-01-00-00-00-00__user_id_max-100.sql,"coordinator_raw_fanin,coordinator_unique",pressure-raw-v1-gac,pressure-raw-corpus-v1,batch-100-gac,pressure-raw-v1,gac_distinct_raw_stressed__dataset-raw-small-balanced-v1__runtime-default,distinct_active_users,multiregion_union,,,,raw-small-balanced-v1,default,eu_us_gac,positive_case,gac_finalization,gac_finalization,stressed,stressed,gac__global_distinct,gac_raw_distinct,parameterized,,,,,,"fanin,distinct_dedup",active_user_distinct,regional_prededuplication,paired_coordinator_severity_vector,pressure_isolated,"gac_finalization_heavy,remote_fetch_heavy",pilot,"{""fetch_size"":""high"",""wan_latency"":""high"",""work_mem"":""high""}","supports_region_partitioning,supports_high_group_cardinality","{""filter_uses_distribution_key"":false,""group_by_uses_distribution_key"":false,""join_uses_distribution_key"":false,""multi_tenant_scope"":true,""order_by_uses_distribution_key"":false,""single_tenant_scope"":false,""tenant_filter_present"":false}",,mixed_cache_first_observed,deterministic_interleaved_shuffle,20260730,false,2,61,false,small,1,1.0,1.0,1.0,light,dataset=small:1;runtime=default:1;passes=1
cond-b10f9fc7039ad1b76187,cond-b10f9fc7039ad1b76187::r0,pair-7a5da452b17f8b6889031031,pair-7a5da452b17f8b6889031031::r0,gac_local_join_regional_mitigated__dataset-raw-small-balanced-v1__runtime-default__gac_fdw_coordinator_regional_user_join__as_of_unix-1782864000__cutoff_ts-2026-06-01-00-00-00-00__tenant_modulus-4,gac_fdw_coordinator_regional_user_join,"{""as_of_unix"": 1782864000, ""cutoff_ts"": ""2026-06-01 00:00:00+00"", ""tenant_modulus"": 4}",master-regimes/generated/corpus/pressure-raw-v1/batches/batch-100-gac/rendered/groups/pressure-raw-v1-gac__raw-small-balanced-v1__default__analytics_clients/queries/gac_local_join_regional_mitigated__dataset-raw-small-balanced-v1__runtime-default__gac_fdw_coordinator_regional_user_join__as_of_unix-1782864000__cutoff_ts-2026-06-01-00-00-00-00__tenant_modulus-4.sql,"regional_join,regional_partial_aggregate,coordinator_fanin_mitigation",pressure-raw-v1-gac,pressure-raw-corpus-v1,batch-100-gac,pressure-raw-v1,gac_local_join_regional_mitigated__dataset-raw-small-balanced-v1__runtime-default,user_segment_topk,multiregion_union,,,,raw-small-balanced-v1,default,eu_us_gac,positive_case,gac_finalization,gac_finalization,mitigated,mitigated,gac__local_join,regional_colocated_join,parameterized,,,,,,"fanin,local_join,group_merge",user_segment_join,regional_join_pushdown,paired_coordinator_severity_vector,pressure_isolated,"gac_finalization_heavy,well_reduced_localized",pilot,"{""fetch_size"":""medium"",""wan_latency"":""medium"",""work_mem"":""medium""}","supports_region_partitioning,supports_colocated_user_join","{""filter_uses_distribution_key"":false,""group_by_uses_distribution_key"":false,""join_uses_distribution_key"":true,""multi_tenant_scope"":true,""order_by_uses_distribution_key"":false,""single_tenant_scope"":false,""tenant_filter_present"":false}",,mixed_cache_first_observed,deterministic_interleaved_shuffle,20260730,false,0,62,false,small,2,1.0,1.0,2.0,light,dataset=small:1;runtime=default:1;passes=2
cond-37229de048ca2bb86373,cond-37229de048ca2bb86373::r1,pair-c943275c7ce80a140ff5c633,pair-c943275c7ce80a140ff5c633::r1,gac_topk_raw_stressed__dataset-raw-small-balanced-v1__runtime-default__gac_fdw_coordinator_raw_event_topk__as_of_unix-1782864000__cutoff_ts-2026-06-01-00-00-00-00__limit_k-5000,gac_fdw_coordinator_raw_event_topk,"{""as_of_unix"": 1782864000, ""cutoff_ts"": ""2026-06-01 00:00:00+00"", ""limit_k"": 5000}",master-regimes/generated/corpus/pressure-raw-v1/batches/batch-100-gac/rendered/groups/pressure-raw-v1-gac__raw-small-balanced-v1__default__analytics_clients/queries/gac_topk_raw_stressed__dataset-raw-small-balanced-v1__runtime-default__gac_fdw_coordinator_raw_event_topk__as_of_unix-1782864000__cutoff_ts-2026-06-01-00-00-00-00__limit_k-5000.sql,"coordinator_raw_fanin,coordinator_sort_topk",pressure-raw-v1-gac,pressure-raw-corpus-v1,batch-100-gac,pressure-raw-v1,gac_topk_raw_stressed__dataset-raw-small-balanced-v1__runtime-default,event_raw_wide_sample,multiregion_union,,,,raw-small-balanced-v1,default,eu_us_gac,positive_case,gac_finalization,gac_finalization,stressed,stressed,gac__global_topk,gac_raw_topk,parameterized,,,,,,"fanin,sort_topk",event_topk,regional_topk_candidates,paired_coordinator_severity_vector,pressure_isolated,"gac_finalization_heavy,remote_fetch_heavy",pilot,"{""fetch_size"":""high"",""wan_latency"":""high"",""work_mem"":""high""}","supports_region_partitioning,supports_large_scan","{""filter_uses_distribution_key"":false,""group_by_uses_distribution_key"":false,""join_uses_distribution_key"":false,""multi_tenant_scope"":true,""order_by_uses_distribution_key"":false,""single_tenant_scope"":false,""tenant_filter_present"":false}",,mixed_cache_first_observed,deterministic_interleaved_shuffle,20260730,false,1,63,false,small,1,1.0,1.0,1.0,light,dataset=small:1;runtime=default:1;passes=1
cond-69d1b7074021e9ae6521,cond-69d1b7074021e9ae6521::r2,pair-eedb63974432e76f986dc939,pair-eedb63974432e76f986dc939::r2,gac_group_merge_mitigated__dataset-raw-small-balanced-v1__runtime-default__gac_fdw_coordinator_partial_user_topk__as_of_unix-1782864000__cutoff_ts-2026-06-01-00-00-00-00__tenant_modulus-16__limit_k-100,gac_fdw_coordinator_partial_user_topk,"{""as_of_unix"": 1782864000, ""cutoff_ts"": ""2026-06-01 00:00:00+00"", ""limit_k"": 100, ""tenant_modulus"": 16}",master-regimes/generated/corpus/pressure-raw-v1/batches/batch-100-gac/rendered/groups/pressure-raw-v1-gac__raw-small-balanced-v1__default__analytics_clients/queries/gac_group_merge_mitigated__dataset-raw-small-balanced-v1__runtime-default__gac_fdw_coordinator_partial_user_topk__as_of_unix-1782864000__cutoff_ts-2026-06-01-00-00-00-00__tenant_modulus-16__limit_k-100.sql,"regional_partial_aggregate,coordinator_sort_topk,coordinator_fanin_mitigation",pressure-raw-v1-gac,pressure-raw-corpus-v1,batch-100-gac,pressure-raw-v1,gac_group_merge_mitigated__dataset-raw-small-balanced-v1__runtime-default,user_value_topk,multiregion_union,,,,raw-small-balanced-v1,default,eu_us_gac,positive_case,gac_finalization,gac_finalization,mitigated,mitigated,gac__group_merge_fanin,regional_partial_aggregate,parameterized,,,,,,"fanin,group_merge,sort_topk",user_group_topk,regional_partial_aggregation,paired_coordinator_severity_vector,pressure_isolated,"gac_finalization_heavy,well_reduced_localized",pilot,"{""fetch_size"":""medium"",""wan_latency"":""medium"",""work_mem"":""medium""}","supports_region_partitioning,supports_high_group_cardinality","{""filter_uses_distribution_key"":false,""group_by_uses_distribution_key"":true,""join_uses_distribution_key"":false,""multi_tenant_scope"":true,""order_by_uses_distribution_key"":true,""single_tenant_scope"":false,""tenant_filter_present"":false}",,mixed_cache_first_observed,deterministic_interleaved_shuffle,20260730,false,2,64,false,small,1,1.0,1.0,1.0,light,dataset=small:1;runtime=default:1;passes=1
cond-69d1b7074021e9ae6521,cond-69d1b7074021e9ae6521::r0,pair-eedb63974432e76f986dc939,pair-eedb63974432e76f986dc939::r0,gac_group_merge_mitigated__dataset-raw-small-balanced-v1__runtime-default__gac_fdw_coordinator_partial_user_topk__as_of_unix-1782864000__cutoff_ts-2026-06-01-00-00-00-00__tenant_modulus-16__limit_k-100,gac_fdw_coordinator_partial_user_topk,"{""as_of_unix"": 1782864000, ""cutoff_ts"": ""2026-06-01 00:00:00+00"", ""limit_k"": 100, ""tenant_modulus"": 16}",master-regimes/generated/corpus/pressure-raw-v1/batches/batch-100-gac/rendered/groups/pressure-raw-v1-gac__raw-small-balanced-v1__default__analytics_clients/queries/gac_group_merge_mitigated__dataset-raw-small-balanced-v1__runtime-default__gac_fdw_coordinator_partial_user_topk__as_of_unix-1782864000__cutoff_ts-2026-06-01-00-00-00-00__tenant_modulus-16__limit_k-100.sql,"regional_partial_aggregate,coordinator_sort_topk,coordinator_fanin_mitigation",pressure-raw-v1-gac,pressure-raw-corpus-v1,batch-100-gac,pressure-raw-v1,gac_group_merge_mitigated__dataset-raw-small-balanced-v1__runtime-default,user_value_topk,multiregion_union,,,,raw-small-balanced-v1,default,eu_us_gac,positive_case,gac_finalization,gac_finalization,mitigated,mitigated,gac__group_merge_fanin,regional_partial_aggregate,parameterized,,,,,,"fanin,group_merge,sort_topk",user_group_topk,regional_partial_aggregation,paired_coordinator_severity_vector,pressure_isolated,"gac_finalization_heavy,well_reduced_localized",pilot,"{""fetch_size"":""medium"",""wan_latency"":""medium"",""work_mem"":""medium""}","supports_region_partitioning,supports_high_group_cardinality","{""filter_uses_distribution_key"":false,""group_by_uses_distribution_key"":true,""join_uses_distribution_key"":false,""multi_tenant_scope"":true,""order_by_uses_distribution_key"":true,""single_tenant_scope"":false,""tenant_filter_present"":false}",,mixed_cache_first_observed,deterministic_interleaved_shuffle,20260730,false,0,65,false,small,2,1.0,1.0,2.0,light,dataset=small:1;runtime=default:1;passes=2
cond-5f8b806dcd33d00e39cd,cond-5f8b806dcd33d00e39cd::r0,pair-3a67174ad470aceae256f159,pair-3a67174ad470aceae256f159::r0,gac_local_join_regional_mitigated__dataset-raw-small-balanced-v1__runtime-default__gac_fdw_coordinator_regional_user_join__as_of_unix-1782864000__cutoff_ts-2026-06-01-00-00-00-00__tenant_modulus-2,gac_fdw_coordinator_regional_user_join,"{""as_of_unix"": 1782864000, ""cutoff_ts"": ""2026-06-01 00:00:00+00"", ""tenant_modulus"": 2}",master-regimes/generated/corpus/pressure-raw-v1/batches/batch-100-gac/rendered/groups/pressure-raw-v1-gac__raw-small-balanced-v1__default__analytics_clients/queries/gac_local_join_regional_mitigated__dataset-raw-small-balanced-v1__runtime-default__gac_fdw_coordinator_regional_user_join__as_of_unix-1782864000__cutoff_ts-2026-06-01-00-00-00-00__tenant_modulus-2.sql,"regional_join,regional_partial_aggregate,coordinator_fanin_mitigation",pressure-raw-v1-gac,pressure-raw-corpus-v1,batch-100-gac,pressure-raw-v1,gac_local_join_regional_mitigated__dataset-raw-small-balanced-v1__runtime-default,user_segment_topk,multiregion_union,,,,raw-small-balanced-v1,default,eu_us_gac,positive_case,gac_finalization,gac_finalization,mitigated,mitigated,gac__local_join,regional_colocated_join,parameterized,,,,,,"fanin,local_join,group_merge",user_segment_join,regional_join_pushdown,paired_coordinator_severity_vector,pressure_isolated,"gac_finalization_heavy,well_reduced_localized",pilot,"{""fetch_size"":""medium"",""wan_latency"":""medium"",""work_mem"":""medium""}","supports_region_partitioning,supports_colocated_user_join","{""filter_uses_distribution_key"":false,""group_by_uses_distribution_key"":false,""join_uses_distribution_key"":true,""multi_tenant_scope"":true,""order_by_uses_distribution_key"":false,""single_tenant_scope"":false,""tenant_filter_present"":false}",,mixed_cache_first_observed,deterministic_interleaved_shuffle,20260730,false,0,66,false,small,2,1.0,1.0,2.0,light,dataset=small:1;runtime=default:1;passes=2
cond-496ded73b0a8ecc7906d,cond-496ded73b0a8ecc7906d::r2,pair-73df78bae44273efaa266edf,pair-73df78bae44273efaa266edf::r2,gac_topk_candidates_mitigated__dataset-raw-small-balanced-v1__runtime-default__gac_fdw_coordinator_regional_event_topk__as_of_unix-1782864000__cutoff_ts-2026-06-01-00-00-00-00__limit_k-500,gac_fdw_coordinator_regional_event_topk,"{""as_of_unix"": 1782864000, ""cutoff_ts"": ""2026-06-01 00:00:00+00"", ""limit_k"": 500}",master-regimes/generated/corpus/pressure-raw-v1/batches/batch-100-gac/rendered/groups/pressure-raw-v1-gac__raw-small-balanced-v1__default__analytics_clients/queries/gac_topk_candidates_mitigated__dataset-raw-small-balanced-v1__runtime-default__gac_fdw_coordinator_regional_event_topk__as_of_unix-1782864000__cutoff_ts-2026-06-01-00-00-00-00__limit_k-500.sql,"regional_topk,coordinator_sort_topk,coordinator_fanin_mitigation",pressure-raw-v1-gac,pressure-raw-corpus-v1,batch-100-gac,pressure-raw-v1,gac_topk_candidates_mitigated__dataset-raw-small-balanced-v1__runtime-default,event_raw_wide_sample,multiregion_union,,,,raw-small-balanced-v1,default,eu_us_gac,positive_case,gac_finalization,gac_finalization,mitigated,mitigated,gac__global_topk,regional_topk_candidates,parameterized,,,,,,"fanin,sort_topk",event_topk,regional_topk_candidates,paired_coordinator_severity_vector,pressure_isolated,"gac_finalization_heavy,well_reduced_localized",pilot,"{""fetch_size"":""medium"",""wan_latency"":""medium"",""work_mem"":""medium""}","supports_region_partitioning,supports_large_scan","{""filter_uses_distribution_key"":false,""group_by_uses_distribution_key"":false,""join_uses_distribution_key"":false,""multi_tenant_scope"":true,""order_by_uses_distribution_key"":false,""single_tenant_scope"":false,""tenant_filter_present"":false}",,mixed_cache_first_observed,deterministic_interleaved_shuffle,20260730,false,2,67,false,small,1,1.0,1.0,1.0,light,dataset=small:1;runtime=default:1;passes=1
cond-4dfd79b14c665b33f389,cond-4dfd79b14c665b33f389::r0,pair-b4277ea23cb238dc55126cdc,pair-b4277ea23cb238dc55126cdc::r0,gac_local_join_stressed__dataset-raw-small-balanced-v1__runtime-default__gac_fdw_coordinator_local_user_join__as_of_unix-1782864000__cutoff_ts-2026-06-01-00-00-00-00__tenant_modulus-8,gac_fdw_coordinator_local_user_join,"{""as_of_unix"": 1782864000, ""cutoff_ts"": ""2026-06-01 00:00:00+00"", ""tenant_modulus"": 8}",master-regimes/generated/corpus/pressure-raw-v1/batches/batch-100-gac/rendered/groups/pressure-raw-v1-gac__raw-small-balanced-v1__default__analytics_clients/queries/gac_local_join_stressed__dataset-raw-small-balanced-v1__runtime-default__gac_fdw_coordinator_local_user_join__as_of_unix-1782864000__cutoff_ts-2026-06-01-00-00-00-00__tenant_modulus-8.sql,"coordinator_raw_fanin,coordinator_local_join,coordinator_group_merge",pressure-raw-v1-gac,pressure-raw-corpus-v1,batch-100-gac,pressure-raw-v1,gac_local_join_stressed__dataset-raw-small-balanced-v1__runtime-default,user_segment_topk,multiregion_union,,,,raw-small-balanced-v1,default,eu_us_gac,positive_case,gac_finalization,gac_finalization,stressed,stressed,gac__local_join,gac_local_hash_join,parameterized,,,,,,"fanin,local_join,group_merge",user_segment_join,regional_join_pushdown,paired_coordinator_severity_vector,pressure_isolated,"gac_finalization_heavy,remote_fetch_heavy",pilot,"{""fetch_size"":""high"",""wan_latency"":""high"",""work_mem"":""high""}","supports_region_partitioning,supports_colocated_user_join","{""filter_uses_distribution_key"":false,""group_by_uses_distribution_key"":false,""join_uses_distribution_key"":true,""multi_tenant_scope"":true,""order_by_uses_distribution_key"":false,""single_tenant_scope"":false,""tenant_filter_present"":false}",,mixed_cache_first_observed,deterministic_interleaved_shuffle,20260730,false,0,68,false,small,2,1.0,1.0,2.0,light,dataset=small:1;runtime=default:1;passes=2
cond-b6b68f0ea023d0a08656,cond-b6b68f0ea023d0a08656::r1,pair-ffefcee9b82c49cd8198e03a,pair-ffefcee9b82c49cd8198e03a::r1,gac_local_join_stressed__dataset-raw-small-balanced-v1__runtime-default__gac_fdw_coordinator_local_user_join__as_of_unix-1782864000__cutoff_ts-2026-06-01-00-00-00-00__tenant_modulus-16,gac_fdw_coordinator_local_user_join,"{""as_of_unix"": 1782864000, ""cutoff_ts"": ""2026-06-01 00:00:00+00"", ""tenant_modulus"": 16}",master-regimes/generated/corpus/pressure-raw-v1/batches/batch-100-gac/rendered/groups/pressure-raw-v1-gac__raw-small-balanced-v1__default__analytics_clients/queries/gac_local_join_stressed__dataset-raw-small-balanced-v1__runtime-default__gac_fdw_coordinator_local_user_join__as_of_unix-1782864000__cutoff_ts-2026-06-01-00-00-00-00__tenant_modulus-16.sql,"coordinator_raw_fanin,coordinator_local_join,coordinator_group_merge",pressure-raw-v1-gac,pressure-raw-corpus-v1,batch-100-gac,pressure-raw-v1,gac_local_join_stressed__dataset-raw-small-balanced-v1__runtime-default,user_segment_topk,multiregion_union,,,,raw-small-balanced-v1,default,eu_us_gac,positive_case,gac_finalization,gac_finalization,stressed,stressed,gac__local_join,gac_local_hash_join,parameterized,,,,,,"fanin,local_join,group_merge",user_segment_join,regional_join_pushdown,paired_coordinator_severity_vector,pressure_isolated,"gac_finalization_heavy,remote_fetch_heavy",pilot,"{""fetch_size"":""high"",""wan_latency"":""high"",""work_mem"":""high""}","supports_region_partitioning,supports_colocated_user_join","{""filter_uses_distribution_key"":false,""group_by_uses_distribution_key"":false,""join_uses_distribution_key"":true,""multi_tenant_scope"":true,""order_by_uses_distribution_key"":false,""single_tenant_scope"":false,""tenant_filter_present"":false}",,mixed_cache_first_observed,deterministic_interleaved_shuffle,20260730,false,1,69,false,small,1,1.0,1.0,1.0,light,dataset=small:1;runtime=default:1;passes=1
cond-7b55d9dad7638cef276e,cond-7b55d9dad7638cef276e::r1,pair-c7aaf5c2989ca2887d5477dd,pair-c7aaf5c2989ca2887d5477dd::r1,gac_distinct_regional_mitigated__dataset-raw-small-balanced-v1__runtime-default__gac_fdw_coordinator_regional_distinct_users__as_of_unix-1782864000__cutoff_ts-2026-06-01-00-00-00-00__user_id_max-25,gac_fdw_coordinator_regional_distinct_users,"{""as_of_unix"": 1782864000, ""cutoff_ts"": ""2026-06-01 00:00:00+00"", ""user_id_max"": 25}",master-regimes/generated/corpus/pressure-raw-v1/batches/batch-100-gac/rendered/groups/pressure-raw-v1-gac__raw-small-balanced-v1__default__analytics_clients/queries/gac_distinct_regional_mitigated__dataset-raw-small-balanced-v1__runtime-default__gac_fdw_coordinator_regional_distinct_users__as_of_unix-1782864000__cutoff_ts-2026-06-01-00-00-00-00__user_id_max-25.sql,"regional_distinct,coordinator_unique,coordinator_fanin_mitigation",pressure-raw-v1-gac,pressure-raw-corpus-v1,batch-100-gac,pressure-raw-v1,gac_distinct_regional_mitigated__dataset-raw-small-balanced-v1__runtime-default,distinct_active_users,multiregion_union,,,,raw-small-balanced-v1,default,eu_us_gac,positive_case,gac_finalization,gac_finalization,mitigated,mitigated,gac__global_distinct,regional_distinct,parameterized,,,,,,"fanin,distinct_dedup",active_user_distinct,regional_prededuplication,paired_coordinator_severity_vector,pressure_isolated,"gac_finalization_heavy,well_reduced_localized",pilot,"{""fetch_size"":""medium"",""wan_latency"":""medium"",""work_mem"":""medium""}","supports_region_partitioning,supports_high_group_cardinality","{""filter_uses_distribution_key"":false,""group_by_uses_distribution_key"":false,""join_uses_distribution_key"":false,""multi_tenant_scope"":true,""order_by_uses_distribution_key"":false,""single_tenant_scope"":false,""tenant_filter_present"":false}",,mixed_cache_first_observed,deterministic_interleaved_shuffle,20260730,false,1,70,false,small,1,1.0,1.0,1.0,light,dataset=small:1;runtime=default:1;passes=1
cond-88ff0c8d8837c06dac83,cond-88ff0c8d8837c06dac83::r0,pair-73df78bae44273efaa266edf,pair-73df78bae44273efaa266edf::r0,gac_topk_raw_stressed__dataset-raw-small-balanced-v1__runtime-default__gac_fdw_coordinator_raw_event_topk__as_of_unix-1782864000__cutoff_ts-2026-06-01-00-00-00-00__limit_k-500,gac_fdw_coordinator_raw_event_topk,"{""as_of_unix"": 1782864000, ""cutoff_ts"": ""2026-06-01 00:00:00+00"", ""limit_k"": 500}",master-regimes/generated/corpus/pressure-raw-v1/batches/batch-100-gac/rendered/groups/pressure-raw-v1-gac__raw-small-balanced-v1__default__analytics_clients/queries/gac_topk_raw_stressed__dataset-raw-small-balanced-v1__runtime-default__gac_fdw_coordinator_raw_event_topk__as_of_unix-1782864000__cutoff_ts-2026-06-01-00-00-00-00__limit_k-500.sql,"coordinator_raw_fanin,coordinator_sort_topk",pressure-raw-v1-gac,pressure-raw-corpus-v1,batch-100-gac,pressure-raw-v1,gac_topk_raw_stressed__dataset-raw-small-balanced-v1__runtime-default,event_raw_wide_sample,multiregion_union,,,,raw-small-balanced-v1,default,eu_us_gac,positive_case,gac_finalization,gac_finalization,stressed,stressed,gac__global_topk,gac_raw_topk,parameterized,,,,,,"fanin,sort_topk",event_topk,regional_topk_candidates,paired_coordinator_severity_vector,pressure_isolated,"gac_finalization_heavy,remote_fetch_heavy",pilot,"{""fetch_size"":""high"",""wan_latency"":""high"",""work_mem"":""high""}","supports_region_partitioning,supports_large_scan","{""filter_uses_distribution_key"":false,""group_by_uses_distribution_key"":false,""join_uses_distribution_key"":false,""multi_tenant_scope"":true,""order_by_uses_distribution_key"":false,""single_tenant_scope"":false,""tenant_filter_present"":false}",,mixed_cache_first_observed,deterministic_interleaved_shuffle,20260730,false,0,71,false,small,2,1.0,1.0,2.0,light,dataset=small:1;runtime=default:1;passes=2
cond-b6b68f0ea023d0a08656,cond-b6b68f0ea023d0a08656::r0,pair-ffefcee9b82c49cd8198e03a,pair-ffefcee9b82c49cd8198e03a::r0,gac_local_join_stressed__dataset-raw-small-balanced-v1__runtime-default__gac_fdw_coordinator_local_user_join__as_of_unix-1782864000__cutoff_ts-2026-06-01-00-00-00-00__tenant_modulus-16,gac_fdw_coordinator_local_user_join,"{""as_of_unix"": 1782864000, ""cutoff_ts"": ""2026-06-01 00:00:00+00"", ""tenant_modulus"": 16}",master-regimes/generated/corpus/pressure-raw-v1/batches/batch-100-gac/rendered/groups/pressure-raw-v1-gac__raw-small-balanced-v1__default__analytics_clients/queries/gac_local_join_stressed__dataset-raw-small-balanced-v1__runtime-default__gac_fdw_coordinator_local_user_join__as_of_unix-1782864000__cutoff_ts-2026-06-01-00-00-00-00__tenant_modulus-16.sql,"coordinator_raw_fanin,coordinator_local_join,coordinator_group_merge",pressure-raw-v1-gac,pressure-raw-corpus-v1,batch-100-gac,pressure-raw-v1,gac_local_join_stressed__dataset-raw-small-balanced-v1__runtime-default,user_segment_topk,multiregion_union,,,,raw-small-balanced-v1,default,eu_us_gac,positive_case,gac_finalization,gac_finalization,stressed,stressed,gac__local_join,gac_local_hash_join,parameterized,,,,,,"fanin,local_join,group_merge",user_segment_join,regional_join_pushdown,paired_coordinator_severity_vector,pressure_isolated,"gac_finalization_heavy,remote_fetch_heavy",pilot,"{""fetch_size"":""high"",""wan_latency"":""high"",""work_mem"":""high""}","supports_region_partitioning,supports_colocated_user_join","{""filter_uses_distribution_key"":false,""group_by_uses_distribution_key"":false,""join_uses_distribution_key"":true,""multi_tenant_scope"":true,""order_by_uses_distribution_key"":false,""single_tenant_scope"":false,""tenant_filter_present"":false}",,mixed_cache_first_observed,deterministic_interleaved_shuffle,20260730,false,0,72,false,small,2,1.0,1.0,2.0,light,dataset=small:1;runtime=default:1;passes=2
cond-6ed732f05c8e7c774a09,cond-6ed732f05c8e7c774a09::r2,pair-b4277ea23cb238dc55126cdc,pair-b4277ea23cb238dc55126cdc::r2,gac_local_join_regional_mitigated__dataset-raw-small-balanced-v1__runtime-default__gac_fdw_coordinator_regional_user_join__as_of_unix-1782864000__cutoff_ts-2026-06-01-00-00-00-00__tenant_modulus-8,gac_fdw_coordinator_regional_user_join,"{""as_of_unix"": 1782864000, ""cutoff_ts"": ""2026-06-01 00:00:00+00"", ""tenant_modulus"": 8}",master-regimes/generated/corpus/pressure-raw-v1/batches/batch-100-gac/rendered/groups/pressure-raw-v1-gac__raw-small-balanced-v1__default__analytics_clients/queries/gac_local_join_regional_mitigated__dataset-raw-small-balanced-v1__runtime-default__gac_fdw_coordinator_regional_user_join__as_of_unix-1782864000__cutoff_ts-2026-06-01-00-00-00-00__tenant_modulus-8.sql,"regional_join,regional_partial_aggregate,coordinator_fanin_mitigation",pressure-raw-v1-gac,pressure-raw-corpus-v1,batch-100-gac,pressure-raw-v1,gac_local_join_regional_mitigated__dataset-raw-small-balanced-v1__runtime-default,user_segment_topk,multiregion_union,,,,raw-small-balanced-v1,default,eu_us_gac,positive_case,gac_finalization,gac_finalization,mitigated,mitigated,gac__local_join,regional_colocated_join,parameterized,,,,,,"fanin,local_join,group_merge",user_segment_join,regional_join_pushdown,paired_coordinator_severity_vector,pressure_isolated,"gac_finalization_heavy,well_reduced_localized",pilot,"{""fetch_size"":""medium"",""wan_latency"":""medium"",""work_mem"":""medium""}","supports_region_partitioning,supports_colocated_user_join","{""filter_uses_distribution_key"":false,""group_by_uses_distribution_key"":false,""join_uses_distribution_key"":true,""multi_tenant_scope"":true,""order_by_uses_distribution_key"":false,""single_tenant_scope"":false,""tenant_filter_present"":false}",,mixed_cache_first_observed,deterministic_interleaved_shuffle,20260730,false,2,73,false,small,1,1.0,1.0,1.0,light,dataset=small:1;runtime=default:1;passes=1
cond-2295b1fe2aa6a27c03a0,cond-2295b1fe2aa6a27c03a0::r2,pair-5220ae74d060ef47b73d888e,pair-5220ae74d060ef47b73d888e::r2,gac_group_merge_mitigated__dataset-raw-small-balanced-v1__runtime-default__gac_fdw_coordinator_partial_user_topk__as_of_unix-1782864000__cutoff_ts-2026-06-01-00-00-00-00__tenant_modulus-2__limit_k-100,gac_fdw_coordinator_partial_user_topk,"{""as_of_unix"": 1782864000, ""cutoff_ts"": ""2026-06-01 00:00:00+00"", ""limit_k"": 100, ""tenant_modulus"": 2}",master-regimes/generated/corpus/pressure-raw-v1/batches/batch-100-gac/rendered/groups/pressure-raw-v1-gac__raw-small-balanced-v1__default__analytics_clients/queries/gac_group_merge_mitigated__dataset-raw-small-balanced-v1__runtime-default__gac_fdw_coordinator_partial_user_topk__as_of_unix-1782864000__cutoff_ts-2026-06-01-00-00-00-00__tenant_modulus-2__limit_k-100.sql,"regional_partial_aggregate,coordinator_sort_topk,coordinator_fanin_mitigation",pressure-raw-v1-gac,pressure-raw-corpus-v1,batch-100-gac,pressure-raw-v1,gac_group_merge_mitigated__dataset-raw-small-balanced-v1__runtime-default,user_value_topk,multiregion_union,,,,raw-small-balanced-v1,default,eu_us_gac,positive_case,gac_finalization,gac_finalization,mitigated,mitigated,gac__group_merge_fanin,regional_partial_aggregate,parameterized,,,,,,"fanin,group_merge,sort_topk",user_group_topk,regional_partial_aggregation,paired_coordinator_severity_vector,pressure_isolated,"gac_finalization_heavy,well_reduced_localized",pilot,"{""fetch_size"":""medium"",""wan_latency"":""medium"",""work_mem"":""medium""}","supports_region_partitioning,supports_high_group_cardinality","{""filter_uses_distribution_key"":false,""group_by_uses_distribution_key"":true,""join_uses_distribution_key"":false,""multi_tenant_scope"":true,""order_by_uses_distribution_key"":true,""single_tenant_scope"":false,""tenant_filter_present"":false}",,mixed_cache_first_observed,deterministic_interleaved_shuffle,20260730,false,2,74,false,small,1,1.0,1.0,1.0,light,dataset=small:1;runtime=default:1;passes=1
cond-257813410916b5cbd26f,cond-257813410916b5cbd26f::r0,pair-c943275c7ce80a140ff5c633,pair-c943275c7ce80a140ff5c633::r0,gac_topk_candidates_mitigated__dataset-raw-small-balanced-v1__runtime-default__gac_fdw_coordinator_regional_event_topk__as_of_unix-1782864000__cutoff_ts-2026-06-01-00-00-00-00__limit_k-5000,gac_fdw_coordinator_regional_event_topk,"{""as_of_unix"": 1782864000, ""cutoff_ts"": ""2026-06-01 00:00:00+00"", ""limit_k"": 5000}",master-regimes/generated/corpus/pressure-raw-v1/batches/batch-100-gac/rendered/groups/pressure-raw-v1-gac__raw-small-balanced-v1__default__analytics_clients/queries/gac_topk_candidates_mitigated__dataset-raw-small-balanced-v1__runtime-default__gac_fdw_coordinator_regional_event_topk__as_of_unix-1782864000__cutoff_ts-2026-06-01-00-00-00-00__limit_k-5000.sql,"regional_topk,coordinator_sort_topk,coordinator_fanin_mitigation",pressure-raw-v1-gac,pressure-raw-corpus-v1,batch-100-gac,pressure-raw-v1,gac_topk_candidates_mitigated__dataset-raw-small-balanced-v1__runtime-default,event_raw_wide_sample,multiregion_union,,,,raw-small-balanced-v1,default,eu_us_gac,positive_case,gac_finalization,gac_finalization,mitigated,mitigated,gac__global_topk,regional_topk_candidates,parameterized,,,,,,"fanin,sort_topk",event_topk,regional_topk_candidates,paired_coordinator_severity_vector,pressure_isolated,"gac_finalization_heavy,well_reduced_localized",pilot,"{""fetch_size"":""medium"",""wan_latency"":""medium"",""work_mem"":""medium""}","supports_region_partitioning,supports_large_scan","{""filter_uses_distribution_key"":false,""group_by_uses_distribution_key"":false,""join_uses_distribution_key"":false,""multi_tenant_scope"":true,""order_by_uses_distribution_key"":false,""single_tenant_scope"":false,""tenant_filter_present"":false}",,mixed_cache_first_observed,deterministic_interleaved_shuffle,20260730,false,0,75,false,small,2,1.0,1.0,2.0,light,dataset=small:1;runtime=default:1;passes=2
cond-fc1337c1b6d1d86bf4d9,cond-fc1337c1b6d1d86bf4d9::r0,pair-8a49b927b3baf572270175ff,pair-8a49b927b3baf572270175ff::r0,gac_topk_candidates_mitigated__dataset-raw-small-balanced-v1__runtime-default__gac_fdw_coordinator_regional_event_topk__as_of_unix-1782864000__cutoff_ts-2026-06-01-00-00-00-00__limit_k-2000,gac_fdw_coordinator_regional_event_topk,"{""as_of_unix"": 1782864000, ""cutoff_ts"": ""2026-06-01 00:00:00+00"", ""limit_k"": 2000}",master-regimes/generated/corpus/pressure-raw-v1/batches/batch-100-gac/rendered/groups/pressure-raw-v1-gac__raw-small-balanced-v1__default__analytics_clients/queries/gac_topk_candidates_mitigated__dataset-raw-small-balanced-v1__runtime-default__gac_fdw_coordinator_regional_event_topk__as_of_unix-1782864000__cutoff_ts-2026-06-01-00-00-00-00__limit_k-2000.sql,"regional_topk,coordinator_sort_topk,coordinator_fanin_mitigation",pressure-raw-v1-gac,pressure-raw-corpus-v1,batch-100-gac,pressure-raw-v1,gac_topk_candidates_mitigated__dataset-raw-small-balanced-v1__runtime-default,event_raw_wide_sample,multiregion_union,,,,raw-small-balanced-v1,default,eu_us_gac,positive_case,gac_finalization,gac_finalization,mitigated,mitigated,gac__global_topk,regional_topk_candidates,parameterized,,,,,,"fanin,sort_topk",event_topk,regional_topk_candidates,paired_coordinator_severity_vector,pressure_isolated,"gac_finalization_heavy,well_reduced_localized",pilot,"{""fetch_size"":""medium"",""wan_latency"":""medium"",""work_mem"":""medium""}","supports_region_partitioning,supports_large_scan","{""filter_uses_distribution_key"":false,""group_by_uses_distribution_key"":false,""join_uses_distribution_key"":false,""multi_tenant_scope"":true,""order_by_uses_distribution_key"":false,""single_tenant_scope"":false,""tenant_filter_present"":false}",,mixed_cache_first_observed,deterministic_interleaved_shuffle,20260730,false,0,76,false,small,2,1.0,1.0,2.0,light,dataset=small:1;runtime=default:1;passes=2
cond-fc1337c1b6d1d86bf4d9,cond-fc1337c1b6d1d86bf4d9::r1,pair-8a49b927b3baf572270175ff,pair-8a49b927b3baf572270175ff::r1,gac_topk_candidates_mitigated__dataset-raw-small-balanced-v1__runtime-default__gac_fdw_coordinator_regional_event_topk__as_of_unix-1782864000__cutoff_ts-2026-06-01-00-00-00-00__limit_k-2000,gac_fdw_coordinator_regional_event_topk,"{""as_of_unix"": 1782864000, ""cutoff_ts"": ""2026-06-01 00:00:00+00"", ""limit_k"": 2000}",master-regimes/generated/corpus/pressure-raw-v1/batches/batch-100-gac/rendered/groups/pressure-raw-v1-gac__raw-small-balanced-v1__default__analytics_clients/queries/gac_topk_candidates_mitigated__dataset-raw-small-balanced-v1__runtime-default__gac_fdw_coordinator_regional_event_topk__as_of_unix-1782864000__cutoff_ts-2026-06-01-00-00-00-00__limit_k-2000.sql,"regional_topk,coordinator_sort_topk,coordinator_fanin_mitigation",pressure-raw-v1-gac,pressure-raw-corpus-v1,batch-100-gac,pressure-raw-v1,gac_topk_candidates_mitigated__dataset-raw-small-balanced-v1__runtime-default,event_raw_wide_sample,multiregion_union,,,,raw-small-balanced-v1,default,eu_us_gac,positive_case,gac_finalization,gac_finalization,mitigated,mitigated,gac__global_topk,regional_topk_candidates,parameterized,,,,,,"fanin,sort_topk",event_topk,regional_topk_candidates,paired_coordinator_severity_vector,pressure_isolated,"gac_finalization_heavy,well_reduced_localized",pilot,"{""fetch_size"":""medium"",""wan_latency"":""medium"",""work_mem"":""medium""}","supports_region_partitioning,supports_large_scan","{""filter_uses_distribution_key"":false,""group_by_uses_distribution_key"":false,""join_uses_distribution_key"":false,""multi_tenant_scope"":true,""order_by_uses_distribution_key"":false,""single_tenant_scope"":false,""tenant_filter_present"":false}",,mixed_cache_first_observed,deterministic_interleaved_shuffle,20260730,false,1,77,false,small,1,1.0,1.0,1.0,light,dataset=small:1;runtime=default:1;passes=1
cond-060088bb9affde80af01,cond-060088bb9affde80af01::r2,pair-a0e50eea8357c6a023ff5fd3,pair-a0e50eea8357c6a023ff5fd3::r2,gac_topk_raw_stressed__dataset-raw-small-balanced-v1__runtime-default__gac_fdw_coordinator_raw_event_topk__as_of_unix-1782864000__cutoff_ts-2026-06-01-00-00-00-00__limit_k-10,gac_fdw_coordinator_raw_event_topk,"{""as_of_unix"": 1782864000, ""cutoff_ts"": ""2026-06-01 00:00:00+00"", ""limit_k"": 10}",master-regimes/generated/corpus/pressure-raw-v1/batches/batch-100-gac/rendered/groups/pressure-raw-v1-gac__raw-small-balanced-v1__default__analytics_clients/queries/gac_topk_raw_stressed__dataset-raw-small-balanced-v1__runtime-default__gac_fdw_coordinator_raw_event_topk__as_of_unix-1782864000__cutoff_ts-2026-06-01-00-00-00-00__limit_k-10.sql,"coordinator_raw_fanin,coordinator_sort_topk",pressure-raw-v1-gac,pressure-raw-corpus-v1,batch-100-gac,pressure-raw-v1,gac_topk_raw_stressed__dataset-raw-small-balanced-v1__runtime-default,event_raw_wide_sample,multiregion_union,,,,raw-small-balanced-v1,default,eu_us_gac,positive_case,gac_finalization,gac_finalization,stressed,stressed,gac__global_topk,gac_raw_topk,parameterized,,,,,,"fanin,sort_topk",event_topk,regional_topk_candidates,paired_coordinator_severity_vector,pressure_isolated,"gac_finalization_heavy,remote_fetch_heavy",pilot,"{""fetch_size"":""high"",""wan_latency"":""high"",""work_mem"":""high""}","supports_region_partitioning,supports_large_scan","{""filter_uses_distribution_key"":false,""group_by_uses_distribution_key"":false,""join_uses_distribution_key"":false,""multi_tenant_scope"":true,""order_by_uses_distribution_key"":false,""single_tenant_scope"":false,""tenant_filter_present"":false}",,mixed_cache_first_observed,deterministic_interleaved_shuffle,20260730,false,2,78,false,small,1,1.0,1.0,1.0,light,dataset=small:1;runtime=default:1;passes=1
cond-f0ff2cc86b1609b35b46,cond-f0ff2cc86b1609b35b46::r2,pair-e28e1200a5afd73ef9b321a9,pair-e28e1200a5afd73ef9b321a9::r2,gac_group_merge_stressed__dataset-raw-small-balanced-v1__runtime-default__gac_fdw_coordinator_raw_user_topk__as_of_unix-1782864000__cutoff_ts-2026-06-01-00-00-00-00__tenant_modulus-1__limit_k-100,gac_fdw_coordinator_raw_user_topk,"{""as_of_unix"": 1782864000, ""cutoff_ts"": ""2026-06-01 00:00:00+00"", ""limit_k"": 100, ""tenant_modulus"": 1}",master-regimes/generated/corpus/pressure-raw-v1/batches/batch-100-gac/rendered/groups/pressure-raw-v1-gac__raw-small-balanced-v1__default__analytics_clients/queries/gac_group_merge_stressed__dataset-raw-small-balanced-v1__runtime-default__gac_fdw_coordinator_raw_user_topk__as_of_unix-1782864000__cutoff_ts-2026-06-01-00-00-00-00__tenant_modulus-1__limit_k-100.sql,"coordinator_raw_fanin,coordinator_group_merge,coordinator_sort_topk",pressure-raw-v1-gac,pressure-raw-corpus-v1,batch-100-gac,pressure-raw-v1,gac_group_merge_stressed__dataset-raw-small-balanced-v1__runtime-default,user_value_topk,multiregion_union,,,,raw-small-balanced-v1,default,eu_us_gac,positive_case,gac_finalization,gac_finalization,stressed,stressed,gac__group_merge_fanin,gac_raw_aggregate,parameterized,,,,,,"fanin,group_merge,sort_topk",user_group_topk,regional_partial_aggregation,paired_coordinator_severity_vector,pressure_isolated,"gac_finalization_heavy,remote_fetch_heavy",pilot,"{""fetch_size"":""high"",""wan_latency"":""medium"",""work_mem"":""high""}","supports_region_partitioning,supports_high_group_cardinality","{""filter_uses_distribution_key"":false,""group_by_uses_distribution_key"":true,""join_uses_distribution_key"":false,""multi_tenant_scope"":true,""order_by_uses_distribution_key"":true,""single_tenant_scope"":false,""tenant_filter_present"":false}",,mixed_cache_first_observed,deterministic_interleaved_shuffle,20260730,false,2,79,false,small,1,1.0,1.0,1.0,light,dataset=small:1;runtime=default:1;passes=1
cond-d4f230d820320b91369b,cond-d4f230d820320b91369b::r1,pair-8a49b927b3baf572270175ff,pair-8a49b927b3baf572270175ff::r1,gac_topk_raw_stressed__dataset-raw-small-balanced-v1__runtime-default__gac_fdw_coordinator_raw_event_topk__as_of_unix-1782864000__cutoff_ts-2026-06-01-00-00-00-00__limit_k-2000,gac_fdw_coordinator_raw_event_topk,"{""as_of_unix"": 1782864000, ""cutoff_ts"": ""2026-06-01 00:00:00+00"", ""limit_k"": 2000}",master-regimes/generated/corpus/pressure-raw-v1/batches/batch-100-gac/rendered/groups/pressure-raw-v1-gac__raw-small-balanced-v1__default__analytics_clients/queries/gac_topk_raw_stressed__dataset-raw-small-balanced-v1__runtime-default__gac_fdw_coordinator_raw_event_topk__as_of_unix-1782864000__cutoff_ts-2026-06-01-00-00-00-00__limit_k-2000.sql,"coordinator_raw_fanin,coordinator_sort_topk",pressure-raw-v1-gac,pressure-raw-corpus-v1,batch-100-gac,pressure-raw-v1,gac_topk_raw_stressed__dataset-raw-small-balanced-v1__runtime-default,event_raw_wide_sample,multiregion_union,,,,raw-small-balanced-v1,default,eu_us_gac,positive_case,gac_finalization,gac_finalization,stressed,stressed,gac__global_topk,gac_raw_topk,parameterized,,,,,,"fanin,sort_topk",event_topk,regional_topk_candidates,paired_coordinator_severity_vector,pressure_isolated,"gac_finalization_heavy,remote_fetch_heavy",pilot,"{""fetch_size"":""high"",""wan_latency"":""high"",""work_mem"":""high""}","supports_region_partitioning,supports_large_scan","{""filter_uses_distribution_key"":false,""group_by_uses_distribution_key"":false,""join_uses_distribution_key"":false,""multi_tenant_scope"":true,""order_by_uses_distribution_key"":false,""single_tenant_scope"":false,""tenant_filter_present"":false}",,mixed_cache_first_observed,deterministic_interleaved_shuffle,20260730,false,1,80,false,small,1,1.0,1.0,1.0,light,dataset=small:1;runtime=default:1;passes=1
cond-496ded73b0a8ecc7906d,cond-496ded73b0a8ecc7906d::r1,pair-73df78bae44273efaa266edf,pair-73df78bae44273efaa266edf::r1,gac_topk_candidates_mitigated__dataset-raw-small-balanced-v1__runtime-default__gac_fdw_coordinator_regional_event_topk__as_of_unix-1782864000__cutoff_ts-2026-06-01-00-00-00-00__limit_k-500,gac_fdw_coordinator_regional_event_topk,"{""as_of_unix"": 1782864000, ""cutoff_ts"": ""2026-06-01 00:00:00+00"", ""limit_k"": 500}",master-regimes/generated/corpus/pressure-raw-v1/batches/batch-100-gac/rendered/groups/pressure-raw-v1-gac__raw-small-balanced-v1__default__analytics_clients/queries/gac_topk_candidates_mitigated__dataset-raw-small-balanced-v1__runtime-default__gac_fdw_coordinator_regional_event_topk__as_of_unix-1782864000__cutoff_ts-2026-06-01-00-00-00-00__limit_k-500.sql,"regional_topk,coordinator_sort_topk,coordinator_fanin_mitigation",pressure-raw-v1-gac,pressure-raw-corpus-v1,batch-100-gac,pressure-raw-v1,gac_topk_candidates_mitigated__dataset-raw-small-balanced-v1__runtime-default,event_raw_wide_sample,multiregion_union,,,,raw-small-balanced-v1,default,eu_us_gac,positive_case,gac_finalization,gac_finalization,mitigated,mitigated,gac__global_topk,regional_topk_candidates,parameterized,,,,,,"fanin,sort_topk",event_topk,regional_topk_candidates,paired_coordinator_severity_vector,pressure_isolated,"gac_finalization_heavy,well_reduced_localized",pilot,"{""fetch_size"":""medium"",""wan_latency"":""medium"",""work_mem"":""medium""}","supports_region_partitioning,supports_large_scan","{""filter_uses_distribution_key"":false,""group_by_uses_distribution_key"":false,""join_uses_distribution_key"":false,""multi_tenant_scope"":true,""order_by_uses_distribution_key"":false,""single_tenant_scope"":false,""tenant_filter_present"":false}",,mixed_cache_first_observed,deterministic_interleaved_shuffle,20260730,false,1,81,false,small,1,1.0,1.0,1.0,light,dataset=small:1;runtime=default:1;passes=1
cond-e72043a65d614eaf48ea,cond-e72043a65d614eaf48ea::r1,pair-a65aca1ef232a8dac1ad9478,pair-a65aca1ef232a8dac1ad9478::r1,gac_local_join_regional_mitigated__dataset-raw-small-balanced-v1__runtime-default__gac_fdw_coordinator_regional_user_join__as_of_unix-1782864000__cutoff_ts-2026-06-01-00-00-00-00__tenant_modulus-1,gac_fdw_coordinator_regional_user_join,"{""as_of_unix"": 1782864000, ""cutoff_ts"": ""2026-06-01 00:00:00+00"", ""tenant_modulus"": 1}",master-regimes/generated/corpus/pressure-raw-v1/batches/batch-100-gac/rendered/groups/pressure-raw-v1-gac__raw-small-balanced-v1__default__analytics_clients/queries/gac_local_join_regional_mitigated__dataset-raw-small-balanced-v1__runtime-default__gac_fdw_coordinator_regional_user_join__as_of_unix-1782864000__cutoff_ts-2026-06-01-00-00-00-00__tenant_modulus-1.sql,"regional_join,regional_partial_aggregate,coordinator_fanin_mitigation",pressure-raw-v1-gac,pressure-raw-corpus-v1,batch-100-gac,pressure-raw-v1,gac_local_join_regional_mitigated__dataset-raw-small-balanced-v1__runtime-default,user_segment_topk,multiregion_union,,,,raw-small-balanced-v1,default,eu_us_gac,positive_case,gac_finalization,gac_finalization,mitigated,mitigated,gac__local_join,regional_colocated_join,parameterized,,,,,,"fanin,local_join,group_merge",user_segment_join,regional_join_pushdown,paired_coordinator_severity_vector,pressure_isolated,"gac_finalization_heavy,well_reduced_localized",pilot,"{""fetch_size"":""medium"",""wan_latency"":""medium"",""work_mem"":""medium""}","supports_region_partitioning,supports_colocated_user_join","{""filter_uses_distribution_key"":false,""group_by_uses_distribution_key"":false,""join_uses_distribution_key"":true,""multi_tenant_scope"":true,""order_by_uses_distribution_key"":false,""single_tenant_scope"":false,""tenant_filter_present"":false}",,mixed_cache_first_observed,deterministic_interleaved_shuffle,20260730,false,1,82,false,small,1,1.0,1.0,1.0,light,dataset=small:1;runtime=default:1;passes=1
cond-e72043a65d614eaf48ea,cond-e72043a65d614eaf48ea::r2,pair-a65aca1ef232a8dac1ad9478,pair-a65aca1ef232a8dac1ad9478::r2,gac_local_join_regional_mitigated__dataset-raw-small-balanced-v1__runtime-default__gac_fdw_coordinator_regional_user_join__as_of_unix-1782864000__cutoff_ts-2026-06-01-00-00-00-00__tenant_modulus-1,gac_fdw_coordinator_regional_user_join,"{""as_of_unix"": 1782864000, ""cutoff_ts"": ""2026-06-01 00:00:00+00"", ""tenant_modulus"": 1}",master-regimes/generated/corpus/pressure-raw-v1/batches/batch-100-gac/rendered/groups/pressure-raw-v1-gac__raw-small-balanced-v1__default__analytics_clients/queries/gac_local_join_regional_mitigated__dataset-raw-small-balanced-v1__runtime-default__gac_fdw_coordinator_regional_user_join__as_of_unix-1782864000__cutoff_ts-2026-06-01-00-00-00-00__tenant_modulus-1.sql,"regional_join,regional_partial_aggregate,coordinator_fanin_mitigation",pressure-raw-v1-gac,pressure-raw-corpus-v1,batch-100-gac,pressure-raw-v1,gac_local_join_regional_mitigated__dataset-raw-small-balanced-v1__runtime-default,user_segment_topk,multiregion_union,,,,raw-small-balanced-v1,default,eu_us_gac,positive_case,gac_finalization,gac_finalization,mitigated,mitigated,gac__local_join,regional_colocated_join,parameterized,,,,,,"fanin,local_join,group_merge",user_segment_join,regional_join_pushdown,paired_coordinator_severity_vector,pressure_isolated,"gac_finalization_heavy,well_reduced_localized",pilot,"{""fetch_size"":""medium"",""wan_latency"":""medium"",""work_mem"":""medium""}","supports_region_partitioning,supports_colocated_user_join","{""filter_uses_distribution_key"":false,""group_by_uses_distribution_key"":false,""join_uses_distribution_key"":true,""multi_tenant_scope"":true,""order_by_uses_distribution_key"":false,""single_tenant_scope"":false,""tenant_filter_present"":false}",,mixed_cache_first_observed,deterministic_interleaved_shuffle,20260730,false,2,83,false,small,1,1.0,1.0,1.0,light,dataset=small:1;runtime=default:1;passes=1
cond-55a63d145d378e5d0dde,cond-55a63d145d378e5d0dde::r0,pair-12d76e59fa61657ede9a5645,pair-12d76e59fa61657ede9a5645::r0,gac_group_merge_stressed__dataset-raw-small-balanced-v1__runtime-default__gac_fdw_coordinator_raw_user_topk__as_of_unix-1782864000__cutoff_ts-2026-06-01-00-00-00-00__tenant_modulus-4__limit_k-100,gac_fdw_coordinator_raw_user_topk,"{""as_of_unix"": 1782864000, ""cutoff_ts"": ""2026-06-01 00:00:00+00"", ""limit_k"": 100, ""tenant_modulus"": 4}",master-regimes/generated/corpus/pressure-raw-v1/batches/batch-100-gac/rendered/groups/pressure-raw-v1-gac__raw-small-balanced-v1__default__analytics_clients/queries/gac_group_merge_stressed__dataset-raw-small-balanced-v1__runtime-default__gac_fdw_coordinator_raw_user_topk__as_of_unix-1782864000__cutoff_ts-2026-06-01-00-00-00-00__tenant_modulus-4__limit_k-100.sql,"coordinator_raw_fanin,coordinator_group_merge,coordinator_sort_topk",pressure-raw-v1-gac,pressure-raw-corpus-v1,batch-100-gac,pressure-raw-v1,gac_group_merge_stressed__dataset-raw-small-balanced-v1__runtime-default,user_value_topk,multiregion_union,,,,raw-small-balanced-v1,default,eu_us_gac,positive_case,gac_finalization,gac_finalization,stressed,stressed,gac__group_merge_fanin,gac_raw_aggregate,parameterized,,,,,,"fanin,group_merge,sort_topk",user_group_topk,regional_partial_aggregation,paired_coordinator_severity_vector,pressure_isolated,"gac_finalization_heavy,remote_fetch_heavy",pilot,"{""fetch_size"":""high"",""wan_latency"":""medium"",""work_mem"":""high""}","supports_region_partitioning,supports_high_group_cardinality","{""filter_uses_distribution_key"":false,""group_by_uses_distribution_key"":true,""join_uses_distribution_key"":false,""multi_tenant_scope"":true,""order_by_uses_distribution_key"":true,""single_tenant_scope"":false,""tenant_filter_present"":false}",,mixed_cache_first_observed,deterministic_interleaved_shuffle,20260730,false,0,84,false,small,2,1.0,1.0,2.0,light,dataset=small:1;runtime=default:1;passes=2
cond-02acd65e8699ecf2436f,cond-02acd65e8699ecf2436f::r0,pair-7a5da452b17f8b6889031031,pair-7a5da452b17f8b6889031031::r0,gac_local_join_stressed__dataset-raw-small-balanced-v1__runtime-default__gac_fdw_coordinator_local_user_join__as_of_unix-1782864000__cutoff_ts-2026-06-01-00-00-00-00__tenant_modulus-4,gac_fdw_coordinator_local_user_join,"{""as_of_unix"": 1782864000, ""cutoff_ts"": ""2026-06-01 00:00:00+00"", ""tenant_modulus"": 4}",master-regimes/generated/corpus/pressure-raw-v1/batches/batch-100-gac/rendered/groups/pressure-raw-v1-gac__raw-small-balanced-v1__default__analytics_clients/queries/gac_local_join_stressed__dataset-raw-small-balanced-v1__runtime-default__gac_fdw_coordinator_local_user_join__as_of_unix-1782864000__cutoff_ts-2026-06-01-00-00-00-00__tenant_modulus-4.sql,"coordinator_raw_fanin,coordinator_local_join,coordinator_group_merge",pressure-raw-v1-gac,pressure-raw-corpus-v1,batch-100-gac,pressure-raw-v1,gac_local_join_stressed__dataset-raw-small-balanced-v1__runtime-default,user_segment_topk,multiregion_union,,,,raw-small-balanced-v1,default,eu_us_gac,positive_case,gac_finalization,gac_finalization,stressed,stressed,gac__local_join,gac_local_hash_join,parameterized,,,,,,"fanin,local_join,group_merge",user_segment_join,regional_join_pushdown,paired_coordinator_severity_vector,pressure_isolated,"gac_finalization_heavy,remote_fetch_heavy",pilot,"{""fetch_size"":""high"",""wan_latency"":""high"",""work_mem"":""high""}","supports_region_partitioning,supports_colocated_user_join","{""filter_uses_distribution_key"":false,""group_by_uses_distribution_key"":false,""join_uses_distribution_key"":true,""multi_tenant_scope"":true,""order_by_uses_distribution_key"":false,""single_tenant_scope"":false,""tenant_filter_present"":false}",,mixed_cache_first_observed,deterministic_interleaved_shuffle,20260730,false,0,85,false,small,2,1.0,1.0,2.0,light,dataset=small:1;runtime=default:1;passes=2
cond-885bd3ec2589974c1eab,cond-885bd3ec2589974c1eab::r0,pair-5220ae74d060ef47b73d888e,pair-5220ae74d060ef47b73d888e::r0,gac_group_merge_stressed__dataset-raw-small-balanced-v1__runtime-default__gac_fdw_coordinator_raw_user_topk__as_of_unix-1782864000__cutoff_ts-2026-06-01-00-00-00-00__tenant_modulus-2__limit_k-100,gac_fdw_coordinator_raw_user_topk,"{""as_of_unix"": 1782864000, ""cutoff_ts"": ""2026-06-01 00:00:00+00"", ""limit_k"": 100, ""tenant_modulus"": 2}",master-regimes/generated/corpus/pressure-raw-v1/batches/batch-100-gac/rendered/groups/pressure-raw-v1-gac__raw-small-balanced-v1__default__analytics_clients/queries/gac_group_merge_stressed__dataset-raw-small-balanced-v1__runtime-default__gac_fdw_coordinator_raw_user_topk__as_of_unix-1782864000__cutoff_ts-2026-06-01-00-00-00-00__tenant_modulus-2__limit_k-100.sql,"coordinator_raw_fanin,coordinator_group_merge,coordinator_sort_topk",pressure-raw-v1-gac,pressure-raw-corpus-v1,batch-100-gac,pressure-raw-v1,gac_group_merge_stressed__dataset-raw-small-balanced-v1__runtime-default,user_value_topk,multiregion_union,,,,raw-small-balanced-v1,default,eu_us_gac,positive_case,gac_finalization,gac_finalization,stressed,stressed,gac__group_merge_fanin,gac_raw_aggregate,parameterized,,,,,,"fanin,group_merge,sort_topk",user_group_topk,regional_partial_aggregation,paired_coordinator_severity_vector,pressure_isolated,"gac_finalization_heavy,remote_fetch_heavy",pilot,"{""fetch_size"":""high"",""wan_latency"":""medium"",""work_mem"":""high""}","supports_region_partitioning,supports_high_group_cardinality","{""filter_uses_distribution_key"":false,""group_by_uses_distribution_key"":true,""join_uses_distribution_key"":false,""multi_tenant_scope"":true,""order_by_uses_distribution_key"":true,""single_tenant_scope"":false,""tenant_filter_present"":false}",,mixed_cache_first_observed,deterministic_interleaved_shuffle,20260730,false,0,86,false,small,2,1.0,1.0,2.0,light,dataset=small:1;runtime=default:1;passes=2
cond-7e27ba74060d5814e9ef,cond-7e27ba74060d5814e9ef::r1,pair-c7aaf5c2989ca2887d5477dd,pair-c7aaf5c2989ca2887d5477dd::r1,gac_distinct_raw_stressed__dataset-raw-small-balanced-v1__runtime-default__gac_fdw_coordinator_raw_distinct_users__as_of_unix-1782864000__cutoff_ts-2026-06-01-00-00-00-00__user_id_max-25,gac_fdw_coordinator_raw_distinct_users,"{""as_of_unix"": 1782864000, ""cutoff_ts"": ""2026-06-01 00:00:00+00"", ""user_id_max"": 25}",master-regimes/generated/corpus/pressure-raw-v1/batches/batch-100-gac/rendered/groups/pressure-raw-v1-gac__raw-small-balanced-v1__default__analytics_clients/queries/gac_distinct_raw_stressed__dataset-raw-small-balanced-v1__runtime-default__gac_fdw_coordinator_raw_distinct_users__as_of_unix-1782864000__cutoff_ts-2026-06-01-00-00-00-00__user_id_max-25.sql,"coordinator_raw_fanin,coordinator_unique",pressure-raw-v1-gac,pressure-raw-corpus-v1,batch-100-gac,pressure-raw-v1,gac_distinct_raw_stressed__dataset-raw-small-balanced-v1__runtime-default,distinct_active_users,multiregion_union,,,,raw-small-balanced-v1,default,eu_us_gac,positive_case,gac_finalization,gac_finalization,stressed,stressed,gac__global_distinct,gac_raw_distinct,parameterized,,,,,,"fanin,distinct_dedup",active_user_distinct,regional_prededuplication,paired_coordinator_severity_vector,pressure_isolated,"gac_finalization_heavy,remote_fetch_heavy",pilot,"{""fetch_size"":""high"",""wan_latency"":""high"",""work_mem"":""high""}","supports_region_partitioning,supports_high_group_cardinality","{""filter_uses_distribution_key"":false,""group_by_uses_distribution_key"":false,""join_uses_distribution_key"":false,""multi_tenant_scope"":true,""order_by_uses_distribution_key"":false,""single_tenant_scope"":false,""tenant_filter_present"":false}",,mixed_cache_first_observed,deterministic_interleaved_shuffle,20260730,false,1,87,false,small,1,1.0,1.0,1.0,light,dataset=small:1;runtime=default:1;passes=1
cond-496ded73b0a8ecc7906d,cond-496ded73b0a8ecc7906d::r0,pair-73df78bae44273efaa266edf,pair-73df78bae44273efaa266edf::r0,gac_topk_candidates_mitigated__dataset-raw-small-balanced-v1__runtime-default__gac_fdw_coordinator_regional_event_topk__as_of_unix-1782864000__cutoff_ts-2026-06-01-00-00-00-00__limit_k-500,gac_fdw_coordinator_regional_event_topk,"{""as_of_unix"": 1782864000, ""cutoff_ts"": ""2026-06-01 00:00:00+00"", ""limit_k"": 500}",master-regimes/generated/corpus/pressure-raw-v1/batches/batch-100-gac/rendered/groups/pressure-raw-v1-gac__raw-small-balanced-v1__default__analytics_clients/queries/gac_topk_candidates_mitigated__dataset-raw-small-balanced-v1__runtime-default__gac_fdw_coordinator_regional_event_topk__as_of_unix-1782864000__cutoff_ts-2026-06-01-00-00-00-00__limit_k-500.sql,"regional_topk,coordinator_sort_topk,coordinator_fanin_mitigation",pressure-raw-v1-gac,pressure-raw-corpus-v1,batch-100-gac,pressure-raw-v1,gac_topk_candidates_mitigated__dataset-raw-small-balanced-v1__runtime-default,event_raw_wide_sample,multiregion_union,,,,raw-small-balanced-v1,default,eu_us_gac,positive_case,gac_finalization,gac_finalization,mitigated,mitigated,gac__global_topk,regional_topk_candidates,parameterized,,,,,,"fanin,sort_topk",event_topk,regional_topk_candidates,paired_coordinator_severity_vector,pressure_isolated,"gac_finalization_heavy,well_reduced_localized",pilot,"{""fetch_size"":""medium"",""wan_latency"":""medium"",""work_mem"":""medium""}","supports_region_partitioning,supports_large_scan","{""filter_uses_distribution_key"":false,""group_by_uses_distribution_key"":false,""join_uses_distribution_key"":false,""multi_tenant_scope"":true,""order_by_uses_distribution_key"":false,""single_tenant_scope"":false,""tenant_filter_present"":false}",,mixed_cache_first_observed,deterministic_interleaved_shuffle,20260730,false,0,88,false,small,2,1.0,1.0,2.0,light,dataset=small:1;runtime=default:1;passes=2
cond-dbb5458c38aedb4f02f9,cond-dbb5458c38aedb4f02f9::r1,pair-eedb63974432e76f986dc939,pair-eedb63974432e76f986dc939::r1,gac_group_merge_stressed__dataset-raw-small-balanced-v1__runtime-default__gac_fdw_coordinator_raw_user_topk__as_of_unix-1782864000__cutoff_ts-2026-06-01-00-00-00-00__tenant_modulus-16__limit_k-100,gac_fdw_coordinator_raw_user_topk,"{""as_of_unix"": 1782864000, ""cutoff_ts"": ""2026-06-01 00:00:00+00"", ""limit_k"": 100, ""tenant_modulus"": 16}",master-regimes/generated/corpus/pressure-raw-v1/batches/batch-100-gac/rendered/groups/pressure-raw-v1-gac__raw-small-balanced-v1__default__analytics_clients/queries/gac_group_merge_stressed__dataset-raw-small-balanced-v1__runtime-default__gac_fdw_coordinator_raw_user_topk__as_of_unix-1782864000__cutoff_ts-2026-06-01-00-00-00-00__tenant_modulus-16__limit_k-100.sql,"coordinator_raw_fanin,coordinator_group_merge,coordinator_sort_topk",pressure-raw-v1-gac,pressure-raw-corpus-v1,batch-100-gac,pressure-raw-v1,gac_group_merge_stressed__dataset-raw-small-balanced-v1__runtime-default,user_value_topk,multiregion_union,,,,raw-small-balanced-v1,default,eu_us_gac,positive_case,gac_finalization,gac_finalization,stressed,stressed,gac__group_merge_fanin,gac_raw_aggregate,parameterized,,,,,,"fanin,group_merge,sort_topk",user_group_topk,regional_partial_aggregation,paired_coordinator_severity_vector,pressure_isolated,"gac_finalization_heavy,remote_fetch_heavy",pilot,"{""fetch_size"":""high"",""wan_latency"":""medium"",""work_mem"":""high""}","supports_region_partitioning,supports_high_group_cardinality","{""filter_uses_distribution_key"":false,""group_by_uses_distribution_key"":true,""join_uses_distribution_key"":false,""multi_tenant_scope"":true,""order_by_uses_distribution_key"":true,""single_tenant_scope"":false,""tenant_filter_present"":false}",,mixed_cache_first_observed,deterministic_interleaved_shuffle,20260730,false,1,89,false,small,1,1.0,1.0,1.0,light,dataset=small:1;runtime=default:1;passes=1
cond-4aac88f4251c393c6e5f,cond-4aac88f4251c393c6e5f::r2,pair-fb25ef68bed9263239a6194e,pair-fb25ef68bed9263239a6194e::r2,gac_topk_raw_stressed__dataset-raw-small-balanced-v1__runtime-default__gac_fdw_coordinator_raw_event_topk__as_of_unix-1782864000__cutoff_ts-2026-06-01-00-00-00-00__limit_k-100,gac_fdw_coordinator_raw_event_topk,"{""as_of_unix"": 1782864000, ""cutoff_ts"": ""2026-06-01 00:00:00+00"", ""limit_k"": 100}",master-regimes/generated/corpus/pressure-raw-v1/batches/batch-100-gac/rendered/groups/pressure-raw-v1-gac__raw-small-balanced-v1__default__analytics_clients/queries/gac_topk_raw_stressed__dataset-raw-small-balanced-v1__runtime-default__gac_fdw_coordinator_raw_event_topk__as_of_unix-1782864000__cutoff_ts-2026-06-01-00-00-00-00__limit_k-100.sql,"coordinator_raw_fanin,coordinator_sort_topk",pressure-raw-v1-gac,pressure-raw-corpus-v1,batch-100-gac,pressure-raw-v1,gac_topk_raw_stressed__dataset-raw-small-balanced-v1__runtime-default,event_raw_wide_sample,multiregion_union,,,,raw-small-balanced-v1,default,eu_us_gac,positive_case,gac_finalization,gac_finalization,stressed,stressed,gac__global_topk,gac_raw_topk,parameterized,,,,,,"fanin,sort_topk",event_topk,regional_topk_candidates,paired_coordinator_severity_vector,pressure_isolated,"gac_finalization_heavy,remote_fetch_heavy",pilot,"{""fetch_size"":""high"",""wan_latency"":""high"",""work_mem"":""high""}","supports_region_partitioning,supports_large_scan","{""filter_uses_distribution_key"":false,""group_by_uses_distribution_key"":false,""join_uses_distribution_key"":false,""multi_tenant_scope"":true,""order_by_uses_distribution_key"":false,""single_tenant_scope"":false,""tenant_filter_present"":false}",,mixed_cache_first_observed,deterministic_interleaved_shuffle,20260730,false,2,90,false,small,1,1.0,1.0,1.0,light,dataset=small:1;runtime=default:1;passes=1
cond-34d96e2c47a8ba08e4e9,cond-34d96e2c47a8ba08e4e9::r0,pair-4496b933846d7b42fff2093e,pair-4496b933846d7b42fff2093e::r0,gac_distinct_raw_stressed__dataset-raw-small-balanced-v1__runtime-default__gac_fdw_coordinator_raw_distinct_users__as_of_unix-1782864000__cutoff_ts-2026-06-01-00-00-00-00__user_id_max-5,gac_fdw_coordinator_raw_distinct_users,"{""as_of_unix"": 1782864000, ""cutoff_ts"": ""2026-06-01 00:00:00+00"", ""user_id_max"": 5}",master-regimes/generated/corpus/pressure-raw-v1/batches/batch-100-gac/rendered/groups/pressure-raw-v1-gac__raw-small-balanced-v1__default__analytics_clients/queries/gac_distinct_raw_stressed__dataset-raw-small-balanced-v1__runtime-default__gac_fdw_coordinator_raw_distinct_users__as_of_unix-1782864000__cutoff_ts-2026-06-01-00-00-00-00__user_id_max-5.sql,"coordinator_raw_fanin,coordinator_unique",pressure-raw-v1-gac,pressure-raw-corpus-v1,batch-100-gac,pressure-raw-v1,gac_distinct_raw_stressed__dataset-raw-small-balanced-v1__runtime-default,distinct_active_users,multiregion_union,,,,raw-small-balanced-v1,default,eu_us_gac,positive_case,gac_finalization,gac_finalization,stressed,stressed,gac__global_distinct,gac_raw_distinct,parameterized,,,,,,"fanin,distinct_dedup",active_user_distinct,regional_prededuplication,paired_coordinator_severity_vector,pressure_isolated,"gac_finalization_heavy,remote_fetch_heavy",pilot,"{""fetch_size"":""high"",""wan_latency"":""high"",""work_mem"":""high""}","supports_region_partitioning,supports_high_group_cardinality","{""filter_uses_distribution_key"":false,""group_by_uses_distribution_key"":false,""join_uses_distribution_key"":false,""multi_tenant_scope"":true,""order_by_uses_distribution_key"":false,""single_tenant_scope"":false,""tenant_filter_present"":false}",,mixed_cache_first_observed,deterministic_interleaved_shuffle,20260730,false,0,91,false,small,2,1.0,1.0,2.0,light,dataset=small:1;runtime=default:1;passes=2
cond-f0ff2cc86b1609b35b46,cond-f0ff2cc86b1609b35b46::r0,pair-e28e1200a5afd73ef9b321a9,pair-e28e1200a5afd73ef9b321a9::r0,gac_group_merge_stressed__dataset-raw-small-balanced-v1__runtime-default__gac_fdw_coordinator_raw_user_topk__as_of_unix-1782864000__cutoff_ts-2026-06-01-00-00-00-00__tenant_modulus-1__limit_k-100,gac_fdw_coordinator_raw_user_topk,"{""as_of_unix"": 1782864000, ""cutoff_ts"": ""2026-06-01 00:00:00+00"", ""limit_k"": 100, ""tenant_modulus"": 1}",master-regimes/generated/corpus/pressure-raw-v1/batches/batch-100-gac/rendered/groups/pressure-raw-v1-gac__raw-small-balanced-v1__default__analytics_clients/queries/gac_group_merge_stressed__dataset-raw-small-balanced-v1__runtime-default__gac_fdw_coordinator_raw_user_topk__as_of_unix-1782864000__cutoff_ts-2026-06-01-00-00-00-00__tenant_modulus-1__limit_k-100.sql,"coordinator_raw_fanin,coordinator_group_merge,coordinator_sort_topk",pressure-raw-v1-gac,pressure-raw-corpus-v1,batch-100-gac,pressure-raw-v1,gac_group_merge_stressed__dataset-raw-small-balanced-v1__runtime-default,user_value_topk,multiregion_union,,,,raw-small-balanced-v1,default,eu_us_gac,positive_case,gac_finalization,gac_finalization,stressed,stressed,gac__group_merge_fanin,gac_raw_aggregate,parameterized,,,,,,"fanin,group_merge,sort_topk",user_group_topk,regional_partial_aggregation,paired_coordinator_severity_vector,pressure_isolated,"gac_finalization_heavy,remote_fetch_heavy",pilot,"{""fetch_size"":""high"",""wan_latency"":""medium"",""work_mem"":""high""}","supports_region_partitioning,supports_high_group_cardinality","{""filter_uses_distribution_key"":false,""group_by_uses_distribution_key"":true,""join_uses_distribution_key"":false,""multi_tenant_scope"":true,""order_by_uses_distribution_key"":true,""single_tenant_scope"":false,""tenant_filter_present"":false}",,mixed_cache_first_observed,deterministic_interleaved_shuffle,20260730,false,0,92,false,small,2,1.0,1.0,2.0,light,dataset=small:1;runtime=default:1;passes=2
cond-c9ad3a371f38f65677ed,cond-c9ad3a371f38f65677ed::r0,pair-fb25ef68bed9263239a6194e,pair-fb25ef68bed9263239a6194e::r0,gac_topk_candidates_mitigated__dataset-raw-small-balanced-v1__runtime-default__gac_fdw_coordinator_regional_event_topk__as_of_unix-1782864000__cutoff_ts-2026-06-01-00-00-00-00__limit_k-100,gac_fdw_coordinator_regional_event_topk,"{""as_of_unix"": 1782864000, ""cutoff_ts"": ""2026-06-01 00:00:00+00"", ""limit_k"": 100}",master-regimes/generated/corpus/pressure-raw-v1/batches/batch-100-gac/rendered/groups/pressure-raw-v1-gac__raw-small-balanced-v1__default__analytics_clients/queries/gac_topk_candidates_mitigated__dataset-raw-small-balanced-v1__runtime-default__gac_fdw_coordinator_regional_event_topk__as_of_unix-1782864000__cutoff_ts-2026-06-01-00-00-00-00__limit_k-100.sql,"regional_topk,coordinator_sort_topk,coordinator_fanin_mitigation",pressure-raw-v1-gac,pressure-raw-corpus-v1,batch-100-gac,pressure-raw-v1,gac_topk_candidates_mitigated__dataset-raw-small-balanced-v1__runtime-default,event_raw_wide_sample,multiregion_union,,,,raw-small-balanced-v1,default,eu_us_gac,positive_case,gac_finalization,gac_finalization,mitigated,mitigated,gac__global_topk,regional_topk_candidates,parameterized,,,,,,"fanin,sort_topk",event_topk,regional_topk_candidates,paired_coordinator_severity_vector,pressure_isolated,"gac_finalization_heavy,well_reduced_localized",pilot,"{""fetch_size"":""medium"",""wan_latency"":""medium"",""work_mem"":""medium""}","supports_region_partitioning,supports_large_scan","{""filter_uses_distribution_key"":false,""group_by_uses_distribution_key"":false,""join_uses_distribution_key"":false,""multi_tenant_scope"":true,""order_by_uses_distribution_key"":false,""single_tenant_scope"":false,""tenant_filter_present"":false}",,mixed_cache_first_observed,deterministic_interleaved_shuffle,20260730,false,0,93,false,small,2,1.0,1.0,2.0,light,dataset=small:1;runtime=default:1;passes=2
cond-7e27ba74060d5814e9ef,cond-7e27ba74060d5814e9ef::r0,pair-c7aaf5c2989ca2887d5477dd,pair-c7aaf5c2989ca2887d5477dd::r0,gac_distinct_raw_stressed__dataset-raw-small-balanced-v1__runtime-default__gac_fdw_coordinator_raw_distinct_users__as_of_unix-1782864000__cutoff_ts-2026-06-01-00-00-00-00__user_id_max-25,gac_fdw_coordinator_raw_distinct_users,"{""as_of_unix"": 1782864000, ""cutoff_ts"": ""2026-06-01 00:00:00+00"", ""user_id_max"": 25}",master-regimes/generated/corpus/pressure-raw-v1/batches/batch-100-gac/rendered/groups/pressure-raw-v1-gac__raw-small-balanced-v1__default__analytics_clients/queries/gac_distinct_raw_stressed__dataset-raw-small-balanced-v1__runtime-default__gac_fdw_coordinator_raw_distinct_users__as_of_unix-1782864000__cutoff_ts-2026-06-01-00-00-00-00__user_id_max-25.sql,"coordinator_raw_fanin,coordinator_unique",pressure-raw-v1-gac,pressure-raw-corpus-v1,batch-100-gac,pressure-raw-v1,gac_distinct_raw_stressed__dataset-raw-small-balanced-v1__runtime-default,distinct_active_users,multiregion_union,,,,raw-small-balanced-v1,default,eu_us_gac,positive_case,gac_finalization,gac_finalization,stressed,stressed,gac__global_distinct,gac_raw_distinct,parameterized,,,,,,"fanin,distinct_dedup",active_user_distinct,regional_prededuplication,paired_coordinator_severity_vector,pressure_isolated,"gac_finalization_heavy,remote_fetch_heavy",pilot,"{""fetch_size"":""high"",""wan_latency"":""high"",""work_mem"":""high""}","supports_region_partitioning,supports_high_group_cardinality","{""filter_uses_distribution_key"":false,""group_by_uses_distribution_key"":false,""join_uses_distribution_key"":false,""multi_tenant_scope"":true,""order_by_uses_distribution_key"":false,""single_tenant_scope"":false,""tenant_filter_present"":false}",,mixed_cache_first_observed,deterministic_interleaved_shuffle,20260730,false,0,94,false,small,2,1.0,1.0,2.0,light,dataset=small:1;runtime=default:1;passes=2
cond-c9ad3a371f38f65677ed,cond-c9ad3a371f38f65677ed::r1,pair-fb25ef68bed9263239a6194e,pair-fb25ef68bed9263239a6194e::r1,gac_topk_candidates_mitigated__dataset-raw-small-balanced-v1__runtime-default__gac_fdw_coordinator_regional_event_topk__as_of_unix-1782864000__cutoff_ts-2026-06-01-00-00-00-00__limit_k-100,gac_fdw_coordinator_regional_event_topk,"{""as_of_unix"": 1782864000, ""cutoff_ts"": ""2026-06-01 00:00:00+00"", ""limit_k"": 100}",master-regimes/generated/corpus/pressure-raw-v1/batches/batch-100-gac/rendered/groups/pressure-raw-v1-gac__raw-small-balanced-v1__default__analytics_clients/queries/gac_topk_candidates_mitigated__dataset-raw-small-balanced-v1__runtime-default__gac_fdw_coordinator_regional_event_topk__as_of_unix-1782864000__cutoff_ts-2026-06-01-00-00-00-00__limit_k-100.sql,"regional_topk,coordinator_sort_topk,coordinator_fanin_mitigation",pressure-raw-v1-gac,pressure-raw-corpus-v1,batch-100-gac,pressure-raw-v1,gac_topk_candidates_mitigated__dataset-raw-small-balanced-v1__runtime-default,event_raw_wide_sample,multiregion_union,,,,raw-small-balanced-v1,default,eu_us_gac,positive_case,gac_finalization,gac_finalization,mitigated,mitigated,gac__global_topk,regional_topk_candidates,parameterized,,,,,,"fanin,sort_topk",event_topk,regional_topk_candidates,paired_coordinator_severity_vector,pressure_isolated,"gac_finalization_heavy,well_reduced_localized",pilot,"{""fetch_size"":""medium"",""wan_latency"":""medium"",""work_mem"":""medium""}","supports_region_partitioning,supports_large_scan","{""filter_uses_distribution_key"":false,""group_by_uses_distribution_key"":false,""join_uses_distribution_key"":false,""multi_tenant_scope"":true,""order_by_uses_distribution_key"":false,""single_tenant_scope"":false,""tenant_filter_present"":false}",,mixed_cache_first_observed,deterministic_interleaved_shuffle,20260730,false,1,95,false,small,1,1.0,1.0,1.0,light,dataset=small:1;runtime=default:1;passes=1
cond-6ed732f05c8e7c774a09,cond-6ed732f05c8e7c774a09::r0,pair-b4277ea23cb238dc55126cdc,pair-b4277ea23cb238dc55126cdc::r0,gac_local_join_regional_mitigated__dataset-raw-small-balanced-v1__runtime-default__gac_fdw_coordinator_regional_user_join__as_of_unix-1782864000__cutoff_ts-2026-06-01-00-00-00-00__tenant_modulus-8,gac_fdw_coordinator_regional_user_join,"{""as_of_unix"": 1782864000, ""cutoff_ts"": ""2026-06-01 00:00:00+00"", ""tenant_modulus"": 8}",master-regimes/generated/corpus/pressure-raw-v1/batches/batch-100-gac/rendered/groups/pressure-raw-v1-gac__raw-small-balanced-v1__default__analytics_clients/queries/gac_local_join_regional_mitigated__dataset-raw-small-balanced-v1__runtime-default__gac_fdw_coordinator_regional_user_join__as_of_unix-1782864000__cutoff_ts-2026-06-01-00-00-00-00__tenant_modulus-8.sql,"regional_join,regional_partial_aggregate,coordinator_fanin_mitigation",pressure-raw-v1-gac,pressure-raw-corpus-v1,batch-100-gac,pressure-raw-v1,gac_local_join_regional_mitigated__dataset-raw-small-balanced-v1__runtime-default,user_segment_topk,multiregion_union,,,,raw-small-balanced-v1,default,eu_us_gac,positive_case,gac_finalization,gac_finalization,mitigated,mitigated,gac__local_join,regional_colocated_join,parameterized,,,,,,"fanin,local_join,group_merge",user_segment_join,regional_join_pushdown,paired_coordinator_severity_vector,pressure_isolated,"gac_finalization_heavy,well_reduced_localized",pilot,"{""fetch_size"":""medium"",""wan_latency"":""medium"",""work_mem"":""medium""}","supports_region_partitioning,supports_colocated_user_join","{""filter_uses_distribution_key"":false,""group_by_uses_distribution_key"":false,""join_uses_distribution_key"":true,""multi_tenant_scope"":true,""order_by_uses_distribution_key"":false,""single_tenant_scope"":false,""tenant_filter_present"":false}",,mixed_cache_first_observed,deterministic_interleaved_shuffle,20260730,false,0,96,false,small,2,1.0,1.0,2.0,light,dataset=small:1;runtime=default:1;passes=2
cond-68fbeedef9e723259e3a,cond-68fbeedef9e723259e3a::r1,pair-4496b933846d7b42fff2093e,pair-4496b933846d7b42fff2093e::r1,gac_distinct_regional_mitigated__dataset-raw-small-balanced-v1__runtime-default__gac_fdw_coordinator_regional_distinct_users__as_of_unix-1782864000__cutoff_ts-2026-06-01-00-00-00-00__user_id_max-5,gac_fdw_coordinator_regional_distinct_users,"{""as_of_unix"": 1782864000, ""cutoff_ts"": ""2026-06-01 00:00:00+00"", ""user_id_max"": 5}",master-regimes/generated/corpus/pressure-raw-v1/batches/batch-100-gac/rendered/groups/pressure-raw-v1-gac__raw-small-balanced-v1__default__analytics_clients/queries/gac_distinct_regional_mitigated__dataset-raw-small-balanced-v1__runtime-default__gac_fdw_coordinator_regional_distinct_users__as_of_unix-1782864000__cutoff_ts-2026-06-01-00-00-00-00__user_id_max-5.sql,"regional_distinct,coordinator_unique,coordinator_fanin_mitigation",pressure-raw-v1-gac,pressure-raw-corpus-v1,batch-100-gac,pressure-raw-v1,gac_distinct_regional_mitigated__dataset-raw-small-balanced-v1__runtime-default,distinct_active_users,multiregion_union,,,,raw-small-balanced-v1,default,eu_us_gac,positive_case,gac_finalization,gac_finalization,mitigated,mitigated,gac__global_distinct,regional_distinct,parameterized,,,,,,"fanin,distinct_dedup",active_user_distinct,regional_prededuplication,paired_coordinator_severity_vector,pressure_isolated,"gac_finalization_heavy,well_reduced_localized",pilot,"{""fetch_size"":""medium"",""wan_latency"":""medium"",""work_mem"":""medium""}","supports_region_partitioning,supports_high_group_cardinality","{""filter_uses_distribution_key"":false,""group_by_uses_distribution_key"":false,""join_uses_distribution_key"":false,""multi_tenant_scope"":true,""order_by_uses_distribution_key"":false,""single_tenant_scope"":false,""tenant_filter_present"":false}",,mixed_cache_first_observed,deterministic_interleaved_shuffle,20260730,false,1,97,false,small,1,1.0,1.0,1.0,light,dataset=small:1;runtime=default:1;passes=1
cond-e72043a65d614eaf48ea,cond-e72043a65d614eaf48ea::r0,pair-a65aca1ef232a8dac1ad9478,pair-a65aca1ef232a8dac1ad9478::r0,gac_local_join_regional_mitigated__dataset-raw-small-balanced-v1__runtime-default__gac_fdw_coordinator_regional_user_join__as_of_unix-1782864000__cutoff_ts-2026-06-01-00-00-00-00__tenant_modulus-1,gac_fdw_coordinator_regional_user_join,"{""as_of_unix"": 1782864000, ""cutoff_ts"": ""2026-06-01 00:00:00+00"", ""tenant_modulus"": 1}",master-regimes/generated/corpus/pressure-raw-v1/batches/batch-100-gac/rendered/groups/pressure-raw-v1-gac__raw-small-balanced-v1__default__analytics_clients/queries/gac_local_join_regional_mitigated__dataset-raw-small-balanced-v1__runtime-default__gac_fdw_coordinator_regional_user_join__as_of_unix-1782864000__cutoff_ts-2026-06-01-00-00-00-00__tenant_modulus-1.sql,"regional_join,regional_partial_aggregate,coordinator_fanin_mitigation",pressure-raw-v1-gac,pressure-raw-corpus-v1,batch-100-gac,pressure-raw-v1,gac_local_join_regional_mitigated__dataset-raw-small-balanced-v1__runtime-default,user_segment_topk,multiregion_union,,,,raw-small-balanced-v1,default,eu_us_gac,positive_case,gac_finalization,gac_finalization,mitigated,mitigated,gac__local_join,regional_colocated_join,parameterized,,,,,,"fanin,local_join,group_merge",user_segment_join,regional_join_pushdown,paired_coordinator_severity_vector,pressure_isolated,"gac_finalization_heavy,well_reduced_localized",pilot,"{""fetch_size"":""medium"",""wan_latency"":""medium"",""work_mem"":""medium""}","supports_region_partitioning,supports_colocated_user_join","{""filter_uses_distribution_key"":false,""group_by_uses_distribution_key"":false,""join_uses_distribution_key"":true,""multi_tenant_scope"":true,""order_by_uses_distribution_key"":false,""single_tenant_scope"":false,""tenant_filter_present"":false}",,mixed_cache_first_observed,deterministic_interleaved_shuffle,20260730,false,0,98,false,small,2,1.0,1.0,2.0,light,dataset=small:1;runtime=default:1;passes=2
cond-4dfd79b14c665b33f389,cond-4dfd79b14c665b33f389::r2,pair-b4277ea23cb238dc55126cdc,pair-b4277ea23cb238dc55126cdc::r2,gac_local_join_stressed__dataset-raw-small-balanced-v1__runtime-default__gac_fdw_coordinator_local_user_join__as_of_unix-1782864000__cutoff_ts-2026-06-01-00-00-00-00__tenant_modulus-8,gac_fdw_coordinator_local_user_join,"{""as_of_unix"": 1782864000, ""cutoff_ts"": ""2026-06-01 00:00:00+00"", ""tenant_modulus"": 8}",master-regimes/generated/corpus/pressure-raw-v1/batches/batch-100-gac/rendered/groups/pressure-raw-v1-gac__raw-small-balanced-v1__default__analytics_clients/queries/gac_local_join_stressed__dataset-raw-small-balanced-v1__runtime-default__gac_fdw_coordinator_local_user_join__as_of_unix-1782864000__cutoff_ts-2026-06-01-00-00-00-00__tenant_modulus-8.sql,"coordinator_raw_fanin,coordinator_local_join,coordinator_group_merge",pressure-raw-v1-gac,pressure-raw-corpus-v1,batch-100-gac,pressure-raw-v1,gac_local_join_stressed__dataset-raw-small-balanced-v1__runtime-default,user_segment_topk,multiregion_union,,,,raw-small-balanced-v1,default,eu_us_gac,positive_case,gac_finalization,gac_finalization,stressed,stressed,gac__local_join,gac_local_hash_join,parameterized,,,,,,"fanin,local_join,group_merge",user_segment_join,regional_join_pushdown,paired_coordinator_severity_vector,pressure_isolated,"gac_finalization_heavy,remote_fetch_heavy",pilot,"{""fetch_size"":""high"",""wan_latency"":""high"",""work_mem"":""high""}","supports_region_partitioning,supports_colocated_user_join","{""filter_uses_distribution_key"":false,""group_by_uses_distribution_key"":false,""join_uses_distribution_key"":true,""multi_tenant_scope"":true,""order_by_uses_distribution_key"":false,""single_tenant_scope"":false,""tenant_filter_present"":false}",,mixed_cache_first_observed,deterministic_interleaved_shuffle,20260730,false,2,99,false,small,1,1.0,1.0,1.0,light,dataset=small:1;runtime=default:1;passes=1
cond-c9ad3a371f38f65677ed,cond-c9ad3a371f38f65677ed::r2,pair-fb25ef68bed9263239a6194e,pair-fb25ef68bed9263239a6194e::r2,gac_topk_candidates_mitigated__dataset-raw-small-balanced-v1__runtime-default__gac_fdw_coordinator_regional_event_topk__as_of_unix-1782864000__cutoff_ts-2026-06-01-00-00-00-00__limit_k-100,gac_fdw_coordinator_regional_event_topk,"{""as_of_unix"": 1782864000, ""cutoff_ts"": ""2026-06-01 00:00:00+00"", ""limit_k"": 100}",master-regimes/generated/corpus/pressure-raw-v1/batches/batch-100-gac/rendered/groups/pressure-raw-v1-gac__raw-small-balanced-v1__default__analytics_clients/queries/gac_topk_candidates_mitigated__dataset-raw-small-balanced-v1__runtime-default__gac_fdw_coordinator_regional_event_topk__as_of_unix-1782864000__cutoff_ts-2026-06-01-00-00-00-00__limit_k-100.sql,"regional_topk,coordinator_sort_topk,coordinator_fanin_mitigation",pressure-raw-v1-gac,pressure-raw-corpus-v1,batch-100-gac,pressure-raw-v1,gac_topk_candidates_mitigated__dataset-raw-small-balanced-v1__runtime-default,event_raw_wide_sample,multiregion_union,,,,raw-small-balanced-v1,default,eu_us_gac,positive_case,gac_finalization,gac_finalization,mitigated,mitigated,gac__global_topk,regional_topk_candidates,parameterized,,,,,,"fanin,sort_topk",event_topk,regional_topk_candidates,paired_coordinator_severity_vector,pressure_isolated,"gac_finalization_heavy,well_reduced_localized",pilot,"{""fetch_size"":""medium"",""wan_latency"":""medium"",""work_mem"":""medium""}","supports_region_partitioning,supports_large_scan","{""filter_uses_distribution_key"":false,""group_by_uses_distribution_key"":false,""join_uses_distribution_key"":false,""multi_tenant_scope"":true,""order_by_uses_distribution_key"":false,""single_tenant_scope"":false,""tenant_filter_present"":false}",,mixed_cache_first_observed,deterministic_interleaved_shuffle,20260730,false,2,100,false,small,1,1.0,1.0,1.0,light,dataset=small:1;runtime=default:1;passes=1
cond-ad975bb514918945664d,cond-ad975bb514918945664d::r1,pair-f9a37496ac06caecbe1e18fd,pair-f9a37496ac06caecbe1e18fd::r1,gac_distinct_raw_stressed__dataset-raw-small-balanced-v1__runtime-default__gac_fdw_coordinator_raw_distinct_users__as_of_unix-1782864000__cutoff_ts-2026-06-01-00-00-00-00__user_id_max-100,gac_fdw_coordinator_raw_distinct_users,"{""as_of_unix"": 1782864000, ""cutoff_ts"": ""2026-06-01 00:00:00+00"", ""user_id_max"": 100}",master-regimes/generated/corpus/pressure-raw-v1/batches/batch-100-gac/rendered/groups/pressure-raw-v1-gac__raw-small-balanced-v1__default__analytics_clients/queries/gac_distinct_raw_stressed__dataset-raw-small-balanced-v1__runtime-default__gac_fdw_coordinator_raw_distinct_users__as_of_unix-1782864000__cutoff_ts-2026-06-01-00-00-00-00__user_id_max-100.sql,"coordinator_raw_fanin,coordinator_unique",pressure-raw-v1-gac,pressure-raw-corpus-v1,batch-100-gac,pressure-raw-v1,gac_distinct_raw_stressed__dataset-raw-small-balanced-v1__runtime-default,distinct_active_users,multiregion_union,,,,raw-small-balanced-v1,default,eu_us_gac,positive_case,gac_finalization,gac_finalization,stressed,stressed,gac__global_distinct,gac_raw_distinct,parameterized,,,,,,"fanin,distinct_dedup",active_user_distinct,regional_prededuplication,paired_coordinator_severity_vector,pressure_isolated,"gac_finalization_heavy,remote_fetch_heavy",pilot,"{""fetch_size"":""high"",""wan_latency"":""high"",""work_mem"":""high""}","supports_region_partitioning,supports_high_group_cardinality","{""filter_uses_distribution_key"":false,""group_by_uses_distribution_key"":false,""join_uses_distribution_key"":false,""multi_tenant_scope"":true,""order_by_uses_distribution_key"":false,""single_tenant_scope"":false,""tenant_filter_present"":false}",,mixed_cache_first_observed,deterministic_interleaved_shuffle,20260730,false,1,101,false,small,1,1.0,1.0,1.0,light,dataset=small:1;runtime=default:1;passes=1
cond-f0ff2cc86b1609b35b46,cond-f0ff2cc86b1609b35b46::r1,pair-e28e1200a5afd73ef9b321a9,pair-e28e1200a5afd73ef9b321a9::r1,gac_group_merge_stressed__dataset-raw-small-balanced-v1__runtime-default__gac_fdw_coordinator_raw_user_topk__as_of_unix-1782864000__cutoff_ts-2026-06-01-00-00-00-00__tenant_modulus-1__limit_k-100,gac_fdw_coordinator_raw_user_topk,"{""as_of_unix"": 1782864000, ""cutoff_ts"": ""2026-06-01 00:00:00+00"", ""limit_k"": 100, ""tenant_modulus"": 1}",master-regimes/generated/corpus/pressure-raw-v1/batches/batch-100-gac/rendered/groups/pressure-raw-v1-gac__raw-small-balanced-v1__default__analytics_clients/queries/gac_group_merge_stressed__dataset-raw-small-balanced-v1__runtime-default__gac_fdw_coordinator_raw_user_topk__as_of_unix-1782864000__cutoff_ts-2026-06-01-00-00-00-00__tenant_modulus-1__limit_k-100.sql,"coordinator_raw_fanin,coordinator_group_merge,coordinator_sort_topk",pressure-raw-v1-gac,pressure-raw-corpus-v1,batch-100-gac,pressure-raw-v1,gac_group_merge_stressed__dataset-raw-small-balanced-v1__runtime-default,user_value_topk,multiregion_union,,,,raw-small-balanced-v1,default,eu_us_gac,positive_case,gac_finalization,gac_finalization,stressed,stressed,gac__group_merge_fanin,gac_raw_aggregate,parameterized,,,,,,"fanin,group_merge,sort_topk",user_group_topk,regional_partial_aggregation,paired_coordinator_severity_vector,pressure_isolated,"gac_finalization_heavy,remote_fetch_heavy",pilot,"{""fetch_size"":""high"",""wan_latency"":""medium"",""work_mem"":""high""}","supports_region_partitioning,supports_high_group_cardinality","{""filter_uses_distribution_key"":false,""group_by_uses_distribution_key"":true,""join_uses_distribution_key"":false,""multi_tenant_scope"":true,""order_by_uses_distribution_key"":true,""single_tenant_scope"":false,""tenant_filter_present"":false}",,mixed_cache_first_observed,deterministic_interleaved_shuffle,20260730,false,1,102,false,small,1,1.0,1.0,1.0,light,dataset=small:1;runtime=default:1;passes=1
cond-7b55d9dad7638cef276e,cond-7b55d9dad7638cef276e::r0,pair-c7aaf5c2989ca2887d5477dd,pair-c7aaf5c2989ca2887d5477dd::r0,gac_distinct_regional_mitigated__dataset-raw-small-balanced-v1__runtime-default__gac_fdw_coordinator_regional_distinct_users__as_of_unix-1782864000__cutoff_ts-2026-06-01-00-00-00-00__user_id_max-25,gac_fdw_coordinator_regional_distinct_users,"{""as_of_unix"": 1782864000, ""cutoff_ts"": ""2026-06-01 00:00:00+00"", ""user_id_max"": 25}",master-regimes/generated/corpus/pressure-raw-v1/batches/batch-100-gac/rendered/groups/pressure-raw-v1-gac__raw-small-balanced-v1__default__analytics_clients/queries/gac_distinct_regional_mitigated__dataset-raw-small-balanced-v1__runtime-default__gac_fdw_coordinator_regional_distinct_users__as_of_unix-1782864000__cutoff_ts-2026-06-01-00-00-00-00__user_id_max-25.sql,"regional_distinct,coordinator_unique,coordinator_fanin_mitigation",pressure-raw-v1-gac,pressure-raw-corpus-v1,batch-100-gac,pressure-raw-v1,gac_distinct_regional_mitigated__dataset-raw-small-balanced-v1__runtime-default,distinct_active_users,multiregion_union,,,,raw-small-balanced-v1,default,eu_us_gac,positive_case,gac_finalization,gac_finalization,mitigated,mitigated,gac__global_distinct,regional_distinct,parameterized,,,,,,"fanin,distinct_dedup",active_user_distinct,regional_prededuplication,paired_coordinator_severity_vector,pressure_isolated,"gac_finalization_heavy,well_reduced_localized",pilot,"{""fetch_size"":""medium"",""wan_latency"":""medium"",""work_mem"":""medium""}","supports_region_partitioning,supports_high_group_cardinality","{""filter_uses_distribution_key"":false,""group_by_uses_distribution_key"":false,""join_uses_distribution_key"":false,""multi_tenant_scope"":true,""order_by_uses_distribution_key"":false,""single_tenant_scope"":false,""tenant_filter_present"":false}",,mixed_cache_first_observed,deterministic_interleaved_shuffle,20260730,false,0,103,false,small,2,1.0,1.0,2.0,light,dataset=small:1;runtime=default:1;passes=2
cond-0a5b0f2081f49267d525,cond-0a5b0f2081f49267d525::r2,pair-4a877d333e0b6c5c65ae7397,pair-4a877d333e0b6c5c65ae7397::r2,gac_distinct_regional_mitigated__dataset-raw-small-balanced-v1__runtime-default__gac_fdw_coordinator_regional_distinct_users__as_of_unix-1782864000__cutoff_ts-2026-06-01-00-00-00-00__user_id_max-10,gac_fdw_coordinator_regional_distinct_users,"{""as_of_unix"": 1782864000, ""cutoff_ts"": ""2026-06-01 00:00:00+00"", ""user_id_max"": 10}",master-regimes/generated/corpus/pressure-raw-v1/batches/batch-100-gac/rendered/groups/pressure-raw-v1-gac__raw-small-balanced-v1__default__analytics_clients/queries/gac_distinct_regional_mitigated__dataset-raw-small-balanced-v1__runtime-default__gac_fdw_coordinator_regional_distinct_users__as_of_unix-1782864000__cutoff_ts-2026-06-01-00-00-00-00__user_id_max-10.sql,"regional_distinct,coordinator_unique,coordinator_fanin_mitigation",pressure-raw-v1-gac,pressure-raw-corpus-v1,batch-100-gac,pressure-raw-v1,gac_distinct_regional_mitigated__dataset-raw-small-balanced-v1__runtime-default,distinct_active_users,multiregion_union,,,,raw-small-balanced-v1,default,eu_us_gac,positive_case,gac_finalization,gac_finalization,mitigated,mitigated,gac__global_distinct,regional_distinct,parameterized,,,,,,"fanin,distinct_dedup",active_user_distinct,regional_prededuplication,paired_coordinator_severity_vector,pressure_isolated,"gac_finalization_heavy,well_reduced_localized",pilot,"{""fetch_size"":""medium"",""wan_latency"":""medium"",""work_mem"":""medium""}","supports_region_partitioning,supports_high_group_cardinality","{""filter_uses_distribution_key"":false,""group_by_uses_distribution_key"":false,""join_uses_distribution_key"":false,""multi_tenant_scope"":true,""order_by_uses_distribution_key"":false,""single_tenant_scope"":false,""tenant_filter_present"":false}",,mixed_cache_first_observed,deterministic_interleaved_shuffle,20260730,false,2,104,false,small,1,1.0,1.0,1.0,light,dataset=small:1;runtime=default:1;passes=1
cond-e0556cf8a621ff358bce,cond-e0556cf8a621ff358bce::r1,pair-b825bac6f6af93ede60bdc0f,pair-b825bac6f6af93ede60bdc0f::r1,gac_group_merge_mitigated__dataset-raw-small-balanced-v1__runtime-default__gac_fdw_coordinator_partial_user_topk__as_of_unix-1782864000__cutoff_ts-2026-06-01-00-00-00-00__tenant_modulus-8__limit_k-100,gac_fdw_coordinator_partial_user_topk,"{""as_of_unix"": 1782864000, ""cutoff_ts"": ""2026-06-01 00:00:00+00"", ""limit_k"": 100, ""tenant_modulus"": 8}",master-regimes/generated/corpus/pressure-raw-v1/batches/batch-100-gac/rendered/groups/pressure-raw-v1-gac__raw-small-balanced-v1__default__analytics_clients/queries/gac_group_merge_mitigated__dataset-raw-small-balanced-v1__runtime-default__gac_fdw_coordinator_partial_user_topk__as_of_unix-1782864000__cutoff_ts-2026-06-01-00-00-00-00__tenant_modulus-8__limit_k-100.sql,"regional_partial_aggregate,coordinator_sort_topk,coordinator_fanin_mitigation",pressure-raw-v1-gac,pressure-raw-corpus-v1,batch-100-gac,pressure-raw-v1,gac_group_merge_mitigated__dataset-raw-small-balanced-v1__runtime-default,user_value_topk,multiregion_union,,,,raw-small-balanced-v1,default,eu_us_gac,positive_case,gac_finalization,gac_finalization,mitigated,mitigated,gac__group_merge_fanin,regional_partial_aggregate,parameterized,,,,,,"fanin,group_merge,sort_topk",user_group_topk,regional_partial_aggregation,paired_coordinator_severity_vector,pressure_isolated,"gac_finalization_heavy,well_reduced_localized",pilot,"{""fetch_size"":""medium"",""wan_latency"":""medium"",""work_mem"":""medium""}","supports_region_partitioning,supports_high_group_cardinality","{""filter_uses_distribution_key"":false,""group_by_uses_distribution_key"":true,""join_uses_distribution_key"":false,""multi_tenant_scope"":true,""order_by_uses_distribution_key"":true,""single_tenant_scope"":false,""tenant_filter_present"":false}",,mixed_cache_first_observed,deterministic_interleaved_shuffle,20260730,false,1,105,false,small,1,1.0,1.0,1.0,light,dataset=small:1;runtime=default:1;passes=1
cond-35ea7cf0b6394891ef6d,cond-35ea7cf0b6394891ef6d::r2,pair-12d76e59fa61657ede9a5645,pair-12d76e59fa61657ede9a5645::r2,gac_group_merge_mitigated__dataset-raw-small-balanced-v1__runtime-default__gac_fdw_coordinator_partial_user_topk__as_of_unix-1782864000__cutoff_ts-2026-06-01-00-00-00-00__tenant_modulus-4__limit_k-100,gac_fdw_coordinator_partial_user_topk,"{""as_of_unix"": 1782864000, ""cutoff_ts"": ""2026-06-01 00:00:00+00"", ""limit_k"": 100, ""tenant_modulus"": 4}",master-regimes/generated/corpus/pressure-raw-v1/batches/batch-100-gac/rendered/groups/pressure-raw-v1-gac__raw-small-balanced-v1__default__analytics_clients/queries/gac_group_merge_mitigated__dataset-raw-small-balanced-v1__runtime-default__gac_fdw_coordinator_partial_user_topk__as_of_unix-1782864000__cutoff_ts-2026-06-01-00-00-00-00__tenant_modulus-4__limit_k-100.sql,"regional_partial_aggregate,coordinator_sort_topk,coordinator_fanin_mitigation",pressure-raw-v1-gac,pressure-raw-corpus-v1,batch-100-gac,pressure-raw-v1,gac_group_merge_mitigated__dataset-raw-small-balanced-v1__runtime-default,user_value_topk,multiregion_union,,,,raw-small-balanced-v1,default,eu_us_gac,positive_case,gac_finalization,gac_finalization,mitigated,mitigated,gac__group_merge_fanin,regional_partial_aggregate,parameterized,,,,,,"fanin,group_merge,sort_topk",user_group_topk,regional_partial_aggregation,paired_coordinator_severity_vector,pressure_isolated,"gac_finalization_heavy,well_reduced_localized",pilot,"{""fetch_size"":""medium"",""wan_latency"":""medium"",""work_mem"":""medium""}","supports_region_partitioning,supports_high_group_cardinality","{""filter_uses_distribution_key"":false,""group_by_uses_distribution_key"":true,""join_uses_distribution_key"":false,""multi_tenant_scope"":true,""order_by_uses_distribution_key"":true,""single_tenant_scope"":false,""tenant_filter_present"":false}",,mixed_cache_first_observed,deterministic_interleaved_shuffle,20260730,false,2,106,false,small,1,1.0,1.0,1.0,light,dataset=small:1;runtime=default:1;passes=1
cond-5f8b806dcd33d00e39cd,cond-5f8b806dcd33d00e39cd::r1,pair-3a67174ad470aceae256f159,pair-3a67174ad470aceae256f159::r1,gac_local_join_regional_mitigated__dataset-raw-small-balanced-v1__runtime-default__gac_fdw_coordinator_regional_user_join__as_of_unix-1782864000__cutoff_ts-2026-06-01-00-00-00-00__tenant_modulus-2,gac_fdw_coordinator_regional_user_join,"{""as_of_unix"": 1782864000, ""cutoff_ts"": ""2026-06-01 00:00:00+00"", ""tenant_modulus"": 2}",master-regimes/generated/corpus/pressure-raw-v1/batches/batch-100-gac/rendered/groups/pressure-raw-v1-gac__raw-small-balanced-v1__default__analytics_clients/queries/gac_local_join_regional_mitigated__dataset-raw-small-balanced-v1__runtime-default__gac_fdw_coordinator_regional_user_join__as_of_unix-1782864000__cutoff_ts-2026-06-01-00-00-00-00__tenant_modulus-2.sql,"regional_join,regional_partial_aggregate,coordinator_fanin_mitigation",pressure-raw-v1-gac,pressure-raw-corpus-v1,batch-100-gac,pressure-raw-v1,gac_local_join_regional_mitigated__dataset-raw-small-balanced-v1__runtime-default,user_segment_topk,multiregion_union,,,,raw-small-balanced-v1,default,eu_us_gac,positive_case,gac_finalization,gac_finalization,mitigated,mitigated,gac__local_join,regional_colocated_join,parameterized,,,,,,"fanin,local_join,group_merge",user_segment_join,regional_join_pushdown,paired_coordinator_severity_vector,pressure_isolated,"gac_finalization_heavy,well_reduced_localized",pilot,"{""fetch_size"":""medium"",""wan_latency"":""medium"",""work_mem"":""medium""}","supports_region_partitioning,supports_colocated_user_join","{""filter_uses_distribution_key"":false,""group_by_uses_distribution_key"":false,""join_uses_distribution_key"":true,""multi_tenant_scope"":true,""order_by_uses_distribution_key"":false,""single_tenant_scope"":false,""tenant_filter_present"":false}",,mixed_cache_first_observed,deterministic_interleaved_shuffle,20260730,false,1,107,false,small,1,1.0,1.0,1.0,light,dataset=small:1;runtime=default:1;passes=1
cond-35ea7cf0b6394891ef6d,cond-35ea7cf0b6394891ef6d::r0,pair-12d76e59fa61657ede9a5645,pair-12d76e59fa61657ede9a5645::r0,gac_group_merge_mitigated__dataset-raw-small-balanced-v1__runtime-default__gac_fdw_coordinator_partial_user_topk__as_of_unix-1782864000__cutoff_ts-2026-06-01-00-00-00-00__tenant_modulus-4__limit_k-100,gac_fdw_coordinator_partial_user_topk,"{""as_of_unix"": 1782864000, ""cutoff_ts"": ""2026-06-01 00:00:00+00"", ""limit_k"": 100, ""tenant_modulus"": 4}",master-regimes/generated/corpus/pressure-raw-v1/batches/batch-100-gac/rendered/groups/pressure-raw-v1-gac__raw-small-balanced-v1__default__analytics_clients/queries/gac_group_merge_mitigated__dataset-raw-small-balanced-v1__runtime-default__gac_fdw_coordinator_partial_user_topk__as_of_unix-1782864000__cutoff_ts-2026-06-01-00-00-00-00__tenant_modulus-4__limit_k-100.sql,"regional_partial_aggregate,coordinator_sort_topk,coordinator_fanin_mitigation",pressure-raw-v1-gac,pressure-raw-corpus-v1,batch-100-gac,pressure-raw-v1,gac_group_merge_mitigated__dataset-raw-small-balanced-v1__runtime-default,user_value_topk,multiregion_union,,,,raw-small-balanced-v1,default,eu_us_gac,positive_case,gac_finalization,gac_finalization,mitigated,mitigated,gac__group_merge_fanin,regional_partial_aggregate,parameterized,,,,,,"fanin,group_merge,sort_topk",user_group_topk,regional_partial_aggregation,paired_coordinator_severity_vector,pressure_isolated,"gac_finalization_heavy,well_reduced_localized",pilot,"{""fetch_size"":""medium"",""wan_latency"":""medium"",""work_mem"":""medium""}","supports_region_partitioning,supports_high_group_cardinality","{""filter_uses_distribution_key"":false,""group_by_uses_distribution_key"":true,""join_uses_distribution_key"":false,""multi_tenant_scope"":true,""order_by_uses_distribution_key"":true,""single_tenant_scope"":false,""tenant_filter_present"":false}",,mixed_cache_first_observed,deterministic_interleaved_shuffle,20260730,false,0,108,false,small,2,1.0,1.0,2.0,light,dataset=small:1;runtime=default:1;passes=2
cond-3f8bbed8422bce5ce3f7,cond-3f8bbed8422bce5ce3f7::r1,pair-3a67174ad470aceae256f159,pair-3a67174ad470aceae256f159::r1,gac_local_join_stressed__dataset-raw-small-balanced-v1__runtime-default__gac_fdw_coordinator_local_user_join__as_of_unix-1782864000__cutoff_ts-2026-06-01-00-00-00-00__tenant_modulus-2,gac_fdw_coordinator_local_user_join,"{""as_of_unix"": 1782864000, ""cutoff_ts"": ""2026-06-01 00:00:00+00"", ""tenant_modulus"": 2}",master-regimes/generated/corpus/pressure-raw-v1/batches/batch-100-gac/rendered/groups/pressure-raw-v1-gac__raw-small-balanced-v1__default__analytics_clients/queries/gac_local_join_stressed__dataset-raw-small-balanced-v1__runtime-default__gac_fdw_coordinator_local_user_join__as_of_unix-1782864000__cutoff_ts-2026-06-01-00-00-00-00__tenant_modulus-2.sql,"coordinator_raw_fanin,coordinator_local_join,coordinator_group_merge",pressure-raw-v1-gac,pressure-raw-corpus-v1,batch-100-gac,pressure-raw-v1,gac_local_join_stressed__dataset-raw-small-balanced-v1__runtime-default,user_segment_topk,multiregion_union,,,,raw-small-balanced-v1,default,eu_us_gac,positive_case,gac_finalization,gac_finalization,stressed,stressed,gac__local_join,gac_local_hash_join,parameterized,,,,,,"fanin,local_join,group_merge",user_segment_join,regional_join_pushdown,paired_coordinator_severity_vector,pressure_isolated,"gac_finalization_heavy,remote_fetch_heavy",pilot,"{""fetch_size"":""high"",""wan_latency"":""high"",""work_mem"":""high""}","supports_region_partitioning,supports_colocated_user_join","{""filter_uses_distribution_key"":false,""group_by_uses_distribution_key"":false,""join_uses_distribution_key"":true,""multi_tenant_scope"":true,""order_by_uses_distribution_key"":false,""single_tenant_scope"":false,""tenant_filter_present"":false}",,mixed_cache_first_observed,deterministic_interleaved_shuffle,20260730,false,1,109,false,small,1,1.0,1.0,1.0,light,dataset=small:1;runtime=default:1;passes=1
cond-e45863d4c37010443c1c,cond-e45863d4c37010443c1c::r0,pair-4a877d333e0b6c5c65ae7397,pair-4a877d333e0b6c5c65ae7397::r0,gac_distinct_raw_stressed__dataset-raw-small-balanced-v1__runtime-default__gac_fdw_coordinator_raw_distinct_users__as_of_unix-1782864000__cutoff_ts-2026-06-01-00-00-00-00__user_id_max-10,gac_fdw_coordinator_raw_distinct_users,"{""as_of_unix"": 1782864000, ""cutoff_ts"": ""2026-06-01 00:00:00+00"", ""user_id_max"": 10}",master-regimes/generated/corpus/pressure-raw-v1/batches/batch-100-gac/rendered/groups/pressure-raw-v1-gac__raw-small-balanced-v1__default__analytics_clients/queries/gac_distinct_raw_stressed__dataset-raw-small-balanced-v1__runtime-default__gac_fdw_coordinator_raw_distinct_users__as_of_unix-1782864000__cutoff_ts-2026-06-01-00-00-00-00__user_id_max-10.sql,"coordinator_raw_fanin,coordinator_unique",pressure-raw-v1-gac,pressure-raw-corpus-v1,batch-100-gac,pressure-raw-v1,gac_distinct_raw_stressed__dataset-raw-small-balanced-v1__runtime-default,distinct_active_users,multiregion_union,,,,raw-small-balanced-v1,default,eu_us_gac,positive_case,gac_finalization,gac_finalization,stressed,stressed,gac__global_distinct,gac_raw_distinct,parameterized,,,,,,"fanin,distinct_dedup",active_user_distinct,regional_prededuplication,paired_coordinator_severity_vector,pressure_isolated,"gac_finalization_heavy,remote_fetch_heavy",pilot,"{""fetch_size"":""high"",""wan_latency"":""high"",""work_mem"":""high""}","supports_region_partitioning,supports_high_group_cardinality","{""filter_uses_distribution_key"":false,""group_by_uses_distribution_key"":false,""join_uses_distribution_key"":false,""multi_tenant_scope"":true,""order_by_uses_distribution_key"":false,""single_tenant_scope"":false,""tenant_filter_present"":false}",,mixed_cache_first_observed,deterministic_interleaved_shuffle,20260730,false,0,110,false,small,2,1.0,1.0,2.0,light,dataset=small:1;runtime=default:1;passes=2
cond-885bd3ec2589974c1eab,cond-885bd3ec2589974c1eab::r2,pair-5220ae74d060ef47b73d888e,pair-5220ae74d060ef47b73d888e::r2,gac_group_merge_stressed__dataset-raw-small-balanced-v1__runtime-default__gac_fdw_coordinator_raw_user_topk__as_of_unix-1782864000__cutoff_ts-2026-06-01-00-00-00-00__tenant_modulus-2__limit_k-100,gac_fdw_coordinator_raw_user_topk,"{""as_of_unix"": 1782864000, ""cutoff_ts"": ""2026-06-01 00:00:00+00"", ""limit_k"": 100, ""tenant_modulus"": 2}",master-regimes/generated/corpus/pressure-raw-v1/batches/batch-100-gac/rendered/groups/pressure-raw-v1-gac__raw-small-balanced-v1__default__analytics_clients/queries/gac_group_merge_stressed__dataset-raw-small-balanced-v1__runtime-default__gac_fdw_coordinator_raw_user_topk__as_of_unix-1782864000__cutoff_ts-2026-06-01-00-00-00-00__tenant_modulus-2__limit_k-100.sql,"coordinator_raw_fanin,coordinator_group_merge,coordinator_sort_topk",pressure-raw-v1-gac,pressure-raw-corpus-v1,batch-100-gac,pressure-raw-v1,gac_group_merge_stressed__dataset-raw-small-balanced-v1__runtime-default,user_value_topk,multiregion_union,,,,raw-small-balanced-v1,default,eu_us_gac,positive_case,gac_finalization,gac_finalization,stressed,stressed,gac__group_merge_fanin,gac_raw_aggregate,parameterized,,,,,,"fanin,group_merge,sort_topk",user_group_topk,regional_partial_aggregation,paired_coordinator_severity_vector,pressure_isolated,"gac_finalization_heavy,remote_fetch_heavy",pilot,"{""fetch_size"":""high"",""wan_latency"":""medium"",""work_mem"":""high""}","supports_region_partitioning,supports_high_group_cardinality","{""filter_uses_distribution_key"":false,""group_by_uses_distribution_key"":true,""join_uses_distribution_key"":false,""multi_tenant_scope"":true,""order_by_uses_distribution_key"":true,""single_tenant_scope"":false,""tenant_filter_present"":false}",,mixed_cache_first_observed,deterministic_interleaved_shuffle,20260730,false,2,111,false,small,1,1.0,1.0,1.0,light,dataset=small:1;runtime=default:1;passes=1
cond-d4f230d820320b91369b,cond-d4f230d820320b91369b::r0,pair-8a49b927b3baf572270175ff,pair-8a49b927b3baf572270175ff::r0,gac_topk_raw_stressed__dataset-raw-small-balanced-v1__runtime-default__gac_fdw_coordinator_raw_event_topk__as_of_unix-1782864000__cutoff_ts-2026-06-01-00-00-00-00__limit_k-2000,gac_fdw_coordinator_raw_event_topk,"{""as_of_unix"": 1782864000, ""cutoff_ts"": ""2026-06-01 00:00:00+00"", ""limit_k"": 2000}",master-regimes/generated/corpus/pressure-raw-v1/batches/batch-100-gac/rendered/groups/pressure-raw-v1-gac__raw-small-balanced-v1__default__analytics_clients/queries/gac_topk_raw_stressed__dataset-raw-small-balanced-v1__runtime-default__gac_fdw_coordinator_raw_event_topk__as_of_unix-1782864000__cutoff_ts-2026-06-01-00-00-00-00__limit_k-2000.sql,"coordinator_raw_fanin,coordinator_sort_topk",pressure-raw-v1-gac,pressure-raw-corpus-v1,batch-100-gac,pressure-raw-v1,gac_topk_raw_stressed__dataset-raw-small-balanced-v1__runtime-default,event_raw_wide_sample,multiregion_union,,,,raw-small-balanced-v1,default,eu_us_gac,positive_case,gac_finalization,gac_finalization,stressed,stressed,gac__global_topk,gac_raw_topk,parameterized,,,,,,"fanin,sort_topk",event_topk,regional_topk_candidates,paired_coordinator_severity_vector,pressure_isolated,"gac_finalization_heavy,remote_fetch_heavy",pilot,"{""fetch_size"":""high"",""wan_latency"":""high"",""work_mem"":""high""}","supports_region_partitioning,supports_large_scan","{""filter_uses_distribution_key"":false,""group_by_uses_distribution_key"":false,""join_uses_distribution_key"":false,""multi_tenant_scope"":true,""order_by_uses_distribution_key"":false,""single_tenant_scope"":false,""tenant_filter_present"":false}",,mixed_cache_first_observed,deterministic_interleaved_shuffle,20260730,false,0,112,false,small,2,1.0,1.0,2.0,light,dataset=small:1;runtime=default:1;passes=2
cond-f64ec67555ae74456b77,cond-f64ec67555ae74456b77::r2,pair-a0e50eea8357c6a023ff5fd3,pair-a0e50eea8357c6a023ff5fd3::r2,gac_topk_candidates_mitigated__dataset-raw-small-balanced-v1__runtime-default__gac_fdw_coordinator_regional_event_topk__as_of_unix-1782864000__cutoff_ts-2026-06-01-00-00-00-00__limit_k-10,gac_fdw_coordinator_regional_event_topk,"{""as_of_unix"": 1782864000, ""cutoff_ts"": ""2026-06-01 00:00:00+00"", ""limit_k"": 10}",master-regimes/generated/corpus/pressure-raw-v1/batches/batch-100-gac/rendered/groups/pressure-raw-v1-gac__raw-small-balanced-v1__default__analytics_clients/queries/gac_topk_candidates_mitigated__dataset-raw-small-balanced-v1__runtime-default__gac_fdw_coordinator_regional_event_topk__as_of_unix-1782864000__cutoff_ts-2026-06-01-00-00-00-00__limit_k-10.sql,"regional_topk,coordinator_sort_topk,coordinator_fanin_mitigation",pressure-raw-v1-gac,pressure-raw-corpus-v1,batch-100-gac,pressure-raw-v1,gac_topk_candidates_mitigated__dataset-raw-small-balanced-v1__runtime-default,event_raw_wide_sample,multiregion_union,,,,raw-small-balanced-v1,default,eu_us_gac,positive_case,gac_finalization,gac_finalization,mitigated,mitigated,gac__global_topk,regional_topk_candidates,parameterized,,,,,,"fanin,sort_topk",event_topk,regional_topk_candidates,paired_coordinator_severity_vector,pressure_isolated,"gac_finalization_heavy,well_reduced_localized",pilot,"{""fetch_size"":""medium"",""wan_latency"":""medium"",""work_mem"":""medium""}","supports_region_partitioning,supports_large_scan","{""filter_uses_distribution_key"":false,""group_by_uses_distribution_key"":false,""join_uses_distribution_key"":false,""multi_tenant_scope"":true,""order_by_uses_distribution_key"":false,""single_tenant_scope"":false,""tenant_filter_present"":false}",,mixed_cache_first_observed,deterministic_interleaved_shuffle,20260730,false,2,113,false,small,1,1.0,1.0,1.0,light,dataset=small:1;runtime=default:1;passes=1
cond-e45863d4c37010443c1c,cond-e45863d4c37010443c1c::r1,pair-4a877d333e0b6c5c65ae7397,pair-4a877d333e0b6c5c65ae7397::r1,gac_distinct_raw_stressed__dataset-raw-small-balanced-v1__runtime-default__gac_fdw_coordinator_raw_distinct_users__as_of_unix-1782864000__cutoff_ts-2026-06-01-00-00-00-00__user_id_max-10,gac_fdw_coordinator_raw_distinct_users,"{""as_of_unix"": 1782864000, ""cutoff_ts"": ""2026-06-01 00:00:00+00"", ""user_id_max"": 10}",master-regimes/generated/corpus/pressure-raw-v1/batches/batch-100-gac/rendered/groups/pressure-raw-v1-gac__raw-small-balanced-v1__default__analytics_clients/queries/gac_distinct_raw_stressed__dataset-raw-small-balanced-v1__runtime-default__gac_fdw_coordinator_raw_distinct_users__as_of_unix-1782864000__cutoff_ts-2026-06-01-00-00-00-00__user_id_max-10.sql,"coordinator_raw_fanin,coordinator_unique",pressure-raw-v1-gac,pressure-raw-corpus-v1,batch-100-gac,pressure-raw-v1,gac_distinct_raw_stressed__dataset-raw-small-balanced-v1__runtime-default,distinct_active_users,multiregion_union,,,,raw-small-balanced-v1,default,eu_us_gac,positive_case,gac_finalization,gac_finalization,stressed,stressed,gac__global_distinct,gac_raw_distinct,parameterized,,,,,,"fanin,distinct_dedup",active_user_distinct,regional_prededuplication,paired_coordinator_severity_vector,pressure_isolated,"gac_finalization_heavy,remote_fetch_heavy",pilot,"{""fetch_size"":""high"",""wan_latency"":""high"",""work_mem"":""high""}","supports_region_partitioning,supports_high_group_cardinality","{""filter_uses_distribution_key"":false,""group_by_uses_distribution_key"":false,""join_uses_distribution_key"":false,""multi_tenant_scope"":true,""order_by_uses_distribution_key"":false,""single_tenant_scope"":false,""tenant_filter_present"":false}",,mixed_cache_first_observed,deterministic_interleaved_shuffle,20260730,false,1,114,false,small,1,1.0,1.0,1.0,light,dataset=small:1;runtime=default:1;passes=1
cond-e0556cf8a621ff358bce,cond-e0556cf8a621ff358bce::r2,pair-b825bac6f6af93ede60bdc0f,pair-b825bac6f6af93ede60bdc0f::r2,gac_group_merge_mitigated__dataset-raw-small-balanced-v1__runtime-default__gac_fdw_coordinator_partial_user_topk__as_of_unix-1782864000__cutoff_ts-2026-06-01-00-00-00-00__tenant_modulus-8__limit_k-100,gac_fdw_coordinator_partial_user_topk,"{""as_of_unix"": 1782864000, ""cutoff_ts"": ""2026-06-01 00:00:00+00"", ""limit_k"": 100, ""tenant_modulus"": 8}",master-regimes/generated/corpus/pressure-raw-v1/batches/batch-100-gac/rendered/groups/pressure-raw-v1-gac__raw-small-balanced-v1__default__analytics_clients/queries/gac_group_merge_mitigated__dataset-raw-small-balanced-v1__runtime-default__gac_fdw_coordinator_partial_user_topk__as_of_unix-1782864000__cutoff_ts-2026-06-01-00-00-00-00__tenant_modulus-8__limit_k-100.sql,"regional_partial_aggregate,coordinator_sort_topk,coordinator_fanin_mitigation",pressure-raw-v1-gac,pressure-raw-corpus-v1,batch-100-gac,pressure-raw-v1,gac_group_merge_mitigated__dataset-raw-small-balanced-v1__runtime-default,user_value_topk,multiregion_union,,,,raw-small-balanced-v1,default,eu_us_gac,positive_case,gac_finalization,gac_finalization,mitigated,mitigated,gac__group_merge_fanin,regional_partial_aggregate,parameterized,,,,,,"fanin,group_merge,sort_topk",user_group_topk,regional_partial_aggregation,paired_coordinator_severity_vector,pressure_isolated,"gac_finalization_heavy,well_reduced_localized",pilot,"{""fetch_size"":""medium"",""wan_latency"":""medium"",""work_mem"":""medium""}","supports_region_partitioning,supports_high_group_cardinality","{""filter_uses_distribution_key"":false,""group_by_uses_distribution_key"":true,""join_uses_distribution_key"":false,""multi_tenant_scope"":true,""order_by_uses_distribution_key"":true,""single_tenant_scope"":false,""tenant_filter_present"":false}",,mixed_cache_first_observed,deterministic_interleaved_shuffle,20260730,false,2,115,false,small,1,1.0,1.0,1.0,light,dataset=small:1;runtime=default:1;passes=1
cond-82e6e0a672d5f9370eab,cond-82e6e0a672d5f9370eab::r1,pair-b825bac6f6af93ede60bdc0f,pair-b825bac6f6af93ede60bdc0f::r1,gac_group_merge_stressed__dataset-raw-small-balanced-v1__runtime-default__gac_fdw_coordinator_raw_user_topk__as_of_unix-1782864000__cutoff_ts-2026-06-01-00-00-00-00__tenant_modulus-8__limit_k-100,gac_fdw_coordinator_raw_user_topk,"{""as_of_unix"": 1782864000, ""cutoff_ts"": ""2026-06-01 00:00:00+00"", ""limit_k"": 100, ""tenant_modulus"": 8}",master-regimes/generated/corpus/pressure-raw-v1/batches/batch-100-gac/rendered/groups/pressure-raw-v1-gac__raw-small-balanced-v1__default__analytics_clients/queries/gac_group_merge_stressed__dataset-raw-small-balanced-v1__runtime-default__gac_fdw_coordinator_raw_user_topk__as_of_unix-1782864000__cutoff_ts-2026-06-01-00-00-00-00__tenant_modulus-8__limit_k-100.sql,"coordinator_raw_fanin,coordinator_group_merge,coordinator_sort_topk",pressure-raw-v1-gac,pressure-raw-corpus-v1,batch-100-gac,pressure-raw-v1,gac_group_merge_stressed__dataset-raw-small-balanced-v1__runtime-default,user_value_topk,multiregion_union,,,,raw-small-balanced-v1,default,eu_us_gac,positive_case,gac_finalization,gac_finalization,stressed,stressed,gac__group_merge_fanin,gac_raw_aggregate,parameterized,,,,,,"fanin,group_merge,sort_topk",user_group_topk,regional_partial_aggregation,paired_coordinator_severity_vector,pressure_isolated,"gac_finalization_heavy,remote_fetch_heavy",pilot,"{""fetch_size"":""high"",""wan_latency"":""medium"",""work_mem"":""high""}","supports_region_partitioning,supports_high_group_cardinality","{""filter_uses_distribution_key"":false,""group_by_uses_distribution_key"":true,""join_uses_distribution_key"":false,""multi_tenant_scope"":true,""order_by_uses_distribution_key"":true,""single_tenant_scope"":false,""tenant_filter_present"":false}",,mixed_cache_first_observed,deterministic_interleaved_shuffle,20260730,false,1,116,false,small,1,1.0,1.0,1.0,light,dataset=small:1;runtime=default:1;passes=1
cond-a0e3ec5d6dcd12d7d450,cond-a0e3ec5d6dcd12d7d450::r0,pair-f9a37496ac06caecbe1e18fd,pair-f9a37496ac06caecbe1e18fd::r0,gac_distinct_regional_mitigated__dataset-raw-small-balanced-v1__runtime-default__gac_fdw_coordinator_regional_distinct_users__as_of_unix-1782864000__cutoff_ts-2026-06-01-00-00-00-00__user_id_max-100,gac_fdw_coordinator_regional_distinct_users,"{""as_of_unix"": 1782864000, ""cutoff_ts"": ""2026-06-01 00:00:00+00"", ""user_id_max"": 100}",master-regimes/generated/corpus/pressure-raw-v1/batches/batch-100-gac/rendered/groups/pressure-raw-v1-gac__raw-small-balanced-v1__default__analytics_clients/queries/gac_distinct_regional_mitigated__dataset-raw-small-balanced-v1__runtime-default__gac_fdw_coordinator_regional_distinct_users__as_of_unix-1782864000__cutoff_ts-2026-06-01-00-00-00-00__user_id_max-100.sql,"regional_distinct,coordinator_unique,coordinator_fanin_mitigation",pressure-raw-v1-gac,pressure-raw-corpus-v1,batch-100-gac,pressure-raw-v1,gac_distinct_regional_mitigated__dataset-raw-small-balanced-v1__runtime-default,distinct_active_users,multiregion_union,,,,raw-small-balanced-v1,default,eu_us_gac,positive_case,gac_finalization,gac_finalization,mitigated,mitigated,gac__global_distinct,regional_distinct,parameterized,,,,,,"fanin,distinct_dedup",active_user_distinct,regional_prededuplication,paired_coordinator_severity_vector,pressure_isolated,"gac_finalization_heavy,well_reduced_localized",pilot,"{""fetch_size"":""medium"",""wan_latency"":""medium"",""work_mem"":""medium""}","supports_region_partitioning,supports_high_group_cardinality","{""filter_uses_distribution_key"":false,""group_by_uses_distribution_key"":false,""join_uses_distribution_key"":false,""multi_tenant_scope"":true,""order_by_uses_distribution_key"":false,""single_tenant_scope"":false,""tenant_filter_present"":false}",,mixed_cache_first_observed,deterministic_interleaved_shuffle,20260730,false,0,117,false,small,2,1.0,1.0,2.0,light,dataset=small:1;runtime=default:1;passes=2
cond-e71b3e9744facc9bb9d6,cond-e71b3e9744facc9bb9d6::r0,pair-ebe693ce5c4425ffbfeac156,pair-ebe693ce5c4425ffbfeac156::r0,gac_distinct_regional_mitigated__dataset-raw-small-balanced-v1__runtime-default__gac_fdw_coordinator_regional_distinct_users__as_of_unix-1782864000__cutoff_ts-2026-06-01-00-00-00-00__user_id_max-50,gac_fdw_coordinator_regional_distinct_users,"{""as_of_unix"": 1782864000, ""cutoff_ts"": ""2026-06-01 00:00:00+00"", ""user_id_max"": 50}",master-regimes/generated/corpus/pressure-raw-v1/batches/batch-100-gac/rendered/groups/pressure-raw-v1-gac__raw-small-balanced-v1__default__analytics_clients/queries/gac_distinct_regional_mitigated__dataset-raw-small-balanced-v1__runtime-default__gac_fdw_coordinator_regional_distinct_users__as_of_unix-1782864000__cutoff_ts-2026-06-01-00-00-00-00__user_id_max-50.sql,"regional_distinct,coordinator_unique,coordinator_fanin_mitigation",pressure-raw-v1-gac,pressure-raw-corpus-v1,batch-100-gac,pressure-raw-v1,gac_distinct_regional_mitigated__dataset-raw-small-balanced-v1__runtime-default,distinct_active_users,multiregion_union,,,,raw-small-balanced-v1,default,eu_us_gac,positive_case,gac_finalization,gac_finalization,mitigated,mitigated,gac__global_distinct,regional_distinct,parameterized,,,,,,"fanin,distinct_dedup",active_user_distinct,regional_prededuplication,paired_coordinator_severity_vector,pressure_isolated,"gac_finalization_heavy,well_reduced_localized",pilot,"{""fetch_size"":""medium"",""wan_latency"":""medium"",""work_mem"":""medium""}","supports_region_partitioning,supports_high_group_cardinality","{""filter_uses_distribution_key"":false,""group_by_uses_distribution_key"":false,""join_uses_distribution_key"":false,""multi_tenant_scope"":true,""order_by_uses_distribution_key"":false,""single_tenant_scope"":false,""tenant_filter_present"":false}",,mixed_cache_first_observed,deterministic_interleaved_shuffle,20260730,false,0,118,false,small,2,1.0,1.0,2.0,light,dataset=small:1;runtime=default:1;passes=2
cond-a0e3ec5d6dcd12d7d450,cond-a0e3ec5d6dcd12d7d450::r2,pair-f9a37496ac06caecbe1e18fd,pair-f9a37496ac06caecbe1e18fd::r2,gac_distinct_regional_mitigated__dataset-raw-small-balanced-v1__runtime-default__gac_fdw_coordinator_regional_distinct_users__as_of_unix-1782864000__cutoff_ts-2026-06-01-00-00-00-00__user_id_max-100,gac_fdw_coordinator_regional_distinct_users,"{""as_of_unix"": 1782864000, ""cutoff_ts"": ""2026-06-01 00:00:00+00"", ""user_id_max"": 100}",master-regimes/generated/corpus/pressure-raw-v1/batches/batch-100-gac/rendered/groups/pressure-raw-v1-gac__raw-small-balanced-v1__default__analytics_clients/queries/gac_distinct_regional_mitigated__dataset-raw-small-balanced-v1__runtime-default__gac_fdw_coordinator_regional_distinct_users__as_of_unix-1782864000__cutoff_ts-2026-06-01-00-00-00-00__user_id_max-100.sql,"regional_distinct,coordinator_unique,coordinator_fanin_mitigation",pressure-raw-v1-gac,pressure-raw-corpus-v1,batch-100-gac,pressure-raw-v1,gac_distinct_regional_mitigated__dataset-raw-small-balanced-v1__runtime-default,distinct_active_users,multiregion_union,,,,raw-small-balanced-v1,default,eu_us_gac,positive_case,gac_finalization,gac_finalization,mitigated,mitigated,gac__global_distinct,regional_distinct,parameterized,,,,,,"fanin,distinct_dedup",active_user_distinct,regional_prededuplication,paired_coordinator_severity_vector,pressure_isolated,"gac_finalization_heavy,well_reduced_localized",pilot,"{""fetch_size"":""medium"",""wan_latency"":""medium"",""work_mem"":""medium""}","supports_region_partitioning,supports_high_group_cardinality","{""filter_uses_distribution_key"":false,""group_by_uses_distribution_key"":false,""join_uses_distribution_key"":false,""multi_tenant_scope"":true,""order_by_uses_distribution_key"":false,""single_tenant_scope"":false,""tenant_filter_present"":false}",,mixed_cache_first_observed,deterministic_interleaved_shuffle,20260730,false,2,119,false,small,1,1.0,1.0,1.0,light,dataset=small:1;runtime=default:1;passes=1
cond-257813410916b5cbd26f,cond-257813410916b5cbd26f::r2,pair-c943275c7ce80a140ff5c633,pair-c943275c7ce80a140ff5c633::r2,gac_topk_candidates_mitigated__dataset-raw-small-balanced-v1__runtime-default__gac_fdw_coordinator_regional_event_topk__as_of_unix-1782864000__cutoff_ts-2026-06-01-00-00-00-00__limit_k-5000,gac_fdw_coordinator_regional_event_topk,"{""as_of_unix"": 1782864000, ""cutoff_ts"": ""2026-06-01 00:00:00+00"", ""limit_k"": 5000}",master-regimes/generated/corpus/pressure-raw-v1/batches/batch-100-gac/rendered/groups/pressure-raw-v1-gac__raw-small-balanced-v1__default__analytics_clients/queries/gac_topk_candidates_mitigated__dataset-raw-small-balanced-v1__runtime-default__gac_fdw_coordinator_regional_event_topk__as_of_unix-1782864000__cutoff_ts-2026-06-01-00-00-00-00__limit_k-5000.sql,"regional_topk,coordinator_sort_topk,coordinator_fanin_mitigation",pressure-raw-v1-gac,pressure-raw-corpus-v1,batch-100-gac,pressure-raw-v1,gac_topk_candidates_mitigated__dataset-raw-small-balanced-v1__runtime-default,event_raw_wide_sample,multiregion_union,,,,raw-small-balanced-v1,default,eu_us_gac,positive_case,gac_finalization,gac_finalization,mitigated,mitigated,gac__global_topk,regional_topk_candidates,parameterized,,,,,,"fanin,sort_topk",event_topk,regional_topk_candidates,paired_coordinator_severity_vector,pressure_isolated,"gac_finalization_heavy,well_reduced_localized",pilot,"{""fetch_size"":""medium"",""wan_latency"":""medium"",""work_mem"":""medium""}","supports_region_partitioning,supports_large_scan","{""filter_uses_distribution_key"":false,""group_by_uses_distribution_key"":false,""join_uses_distribution_key"":false,""multi_tenant_scope"":true,""order_by_uses_distribution_key"":false,""single_tenant_scope"":false,""tenant_filter_present"":false}",,mixed_cache_first_observed,deterministic_interleaved_shuffle,20260730,false,2,120,false,small,1,1.0,1.0,1.0,light,dataset=small:1;runtime=default:1;passes=1
