query_run_id,main_root_actual_total_time_ms,main_root_actual_rows,main_root_plan_rows,main_total_cost,has_foreign_scan,has_custom_scan,has_join,has_sort,has_hash,has_aggregate,has_limit,has_materialize,join_node_count,hash_join_count,merge_join_count,nested_loop_count,remote_path_share,fdw_remote_sql_count,fdw_remote_plan_count,remote_region_actual_rows_sum,remote_region_actual_rows_cv,remote_region_actual_rows_max_share,remote_region_actual_rows_min_max_ratio,remote_region_actual_rows_active_share,remote_region_zero_row_count,remote_region_nonzero_count,remote_region_tuple_bytes_sum,remote_region_tuple_bytes_cv,remote_region_tuple_bytes_max_share,remote_region_tuple_bytes_min_max_ratio,remote_region_tuple_bytes_active_share,remote_region_task_count_sum,remote_region_task_count_cv,remote_region_task_count_max_share,remote_region_task_count_min_max_ratio,remote_region_task_count_active_share,remote_region_plan_fingerprint_count,remote_region_dominant_plan_fingerprint_share,remote_plan_node_count_sum,remote_plan_max_depth,remote_has_custom_scan,remote_has_sort,remote_has_hash_join,remote_actual_rows_sum,global_fanin_ratio,remote_to_final_rows_ratio,finalize_share,drf_bytes_proxy,wan_output_rows,wan_output_bytes_proxy,regional_reduction_input_rows_proxy,regional_reduction_input_bytes_proxy,drf_rows_proxy,wan_output_to_final_rows_ratio,global_group_count_proxy,global_group_density,global_group_merge_ratio,task_count_to_shard_count_ratio,task_count_to_configured_region_shard_slots_ratio,task_count_to_observed_region_shard_slots_ratio,active_task_share,tasks_per_worker_ratio,temp_bytes_to_wan_bytes_ratio,temp_blocks_per_wan_row,temp_blocks_per_final_row,temp_blocks_per_regional_input_row,spill_per_wan_mb,root_rows_estimate_error_log,rows_estimate_error_max_abs_log,rows_estimate_error_mean_abs_log,foreign_scan_rows_estimate_error_log,aggregate_rows_estimate_error_log,join_rows_estimate_error_log,sort_rows_estimate_error_log,remote_root_rows_estimate_error_log,temp_blocks_sum,spill_flag,external_sort_count,sort_space_used_max,hash_batches_max,memory_pressure_score_v1,task_count,citus_map_merge_job_count,citus_repartition_query,worker_task_plan_count,worker_task_actual_rows_sum,worker_task_actual_rows_cv,worker_task_actual_rows_max_share,worker_task_scan_actual_rows_sum,worker_task_scan_actual_rows_cv,worker_task_scan_actual_rows_max_share,remote_region_rows_isf,remote_region_bytes_isf,worker_task_scan_rows_isf,worker_task_root_rows_isf,worker_task_within_region_scan_rows_isf_max,worker_task_index_scan_share,worker_task_seq_scan_share,worker_task_bitmap_scan_share,worker_task_node_count_sum,worker_task_plan_max_depth_max,worker_task_plan_max_depth_mean,worker_task_join_node_count,worker_task_aggregate_node_count,worker_task_sort_node_count,worker_task_blocking_node_count,worker_task_scan_node_count,worker_task_materialization_node_count,worker_task_parallel_node_count,worker_task_bitmap_node_count,worker_task_index_access_node_count,worker_task_sequential_access_node_count,worker_task_spill_capable_node_count,worker_task_plan_fingerprint_count,worker_task_plan_fingerprint_dominant_share,worker_task_region_task_count_cv,worker_task_region_rows_cv,worker_task_region_rows_max_share,worker_task_region_scan_rows_cv,worker_task_region_scan_rows_max_share,worker_task_within_region_rows_cv_max,worker_task_within_region_rows_cv_mean,worker_task_within_region_rows_max_share_max,worker_task_within_region_scan_rows_cv_max,worker_task_within_region_scan_rows_cv_mean,worker_task_within_region_scan_rows_max_share_max,worker_task_within_region_plan_fingerprint_count_max,worker_task_within_region_plan_fingerprint_count_mean,main_node_type_count_Aggregate,main_node_type_count_Append,main_node_type_count_ForeignScan,main_node_type_count_Limit,main_node_type_count_MergeJoin,main_node_type_count_Sort,main_node_type_count_SubqueryScan,main_node_type_count_Hash,main_node_type_count_HashJoin,main_node_type_count_IncrementalSort,main_node_type_count_SeqScan,main_node_type_count_MergeAppend,main_node_type_count_CustomScan,worker_node_count_seq_scan,worker_node_count_index_scan,worker_node_count_index_only_scan,worker_node_count_bitmap_heap_scan,worker_node_count_bitmap_index_scan,worker_node_count_hash_join,worker_node_count_merge_join,worker_node_count_nested_loop,worker_node_count_sort,worker_node_count_incremental_sort,worker_node_count_hash_aggregate,worker_node_count_group_aggregate,worker_node_count_aggregate,worker_node_count_materialize,worker_node_count_memoize,worker_node_count_other
20260702T013121Z-clean-run-eu-us-gac-region-asymmetry--3bac889b763f--gion_global_user_join__lookback_days-30__limit_k-50,4747.031,18.0,18.0,1608.99,1,0.0,1.0,1.0,0.0,1.0,1.0,0.0,2.0,0.0,2.0,0.0,0.7161889189263773,4.0,4.0,600000.0,0.0,0.5,1.0,1.0,0.0,2.0,19126272.0,0.0,0.5,1.0,1.0,128.0,0.0,0.5,1.0,1.0,1.0,1.0,4.0,0.0,1.0,0.0,0.0,600000.0,32607.666666666668,33333.333333333336,0.2838110810736227,1.0,600000.0,19126272.0,600000.0,19126272.0,1.0,33333.333333333336,18.0,3e-05,33333.333333333336,4.0,2.0,2.0,2.0,32.0,63.84794945925688,0.24844833333333333,8281.611111111111,0.24844833333333333,8172.537530784881,0.0,9.870814556221989,4.033184270411513,5.827763288387438,0.0,9.870814556221989,9.870814556221989,0.693142180597445,149069.0,1.0,6.0,8776.0,1.0,17.912171273264477,128.0,,0,128.0,600000.0,0.4428513670898322,0.015666666666666666,600000.0,0.4428513670898322,0.015666666666666666,1.0,1.0,2.005333333333333,2.005333333333333,2.005333333333333,0.0,1.0,0.0,128.0,0.0,0.0,0.0,0.0,0.0,0.0,128.0,0.0,0.0,0.0,0.0,128.0,0.0,1.0,1.0,0.0,0.0,0.5,0.0,0.5,0.4513446576619691,0.4427683137470273,0.03133333333333333,0.4513446576619691,0.4427683137470273,0.03133333333333333,1.0,1.0,3.0,1.0,4.0,1.0,2.0,8.0,2.0,0.0,0.0,0.0,0.0,0.0,0.0,128.0,0.0,0.0,0.0,0.0,0.0,0.0,0.0,0.0,0.0,0.0,0.0,0.0,0.0,0.0,0.0
20260702T013142Z-clean-run-eu-us-gac-region-asymmetry--a9bb6af3e084--vent_filter_summary__lookback_days-1__min_value-900,311.765,1.0,1.0,593.86,1,0.0,0.0,0.0,0.0,1.0,0.0,0.0,0.0,0.0,0.0,0.0,0.9982967940596285,2.0,2.0,39935.0,0.013096281457368223,0.5065481407286841,0.9741460279796332,1.0,0.0,2.0,638976.0,0.01282051282051282,0.5064102564102564,0.9746835443037974,1.0,64.0,0.0,0.5,1.0,1.0,1.0,1.0,2.0,0.0,1.0,0.0,0.0,39935.0,1243.0,39935.0,0.001703205940371591,1.0,39935.0,638976.0,39935.0,638976.0,1.0,39935.0,1.0,2.5040691123074996e-05,39935.0,2.0,1.0,1.0,1.0,16.0,0.0,0.0,0.0,0.0,0.0,0.0,1.0119978158313387,0.24998726001045213,1.0119978158313387,0.0,,,-1.6242062833596462,0.0,0.0,0.0,,1.0,0.0,64.0,,0,64.0,39935.0,0.15703055337625466,0.02218605233504445,39935.0,0.15703055337625466,0.02218605233504445,1.0130962814573683,1.0128205128205128,1.4199073494428447,1.4199073494428447,1.4387496194052574,0.0,1.0,0.0,64.0,0.0,0.0,0.0,0.0,0.0,0.0,64.0,0.0,0.0,0.0,0.0,64.0,0.0,1.0,1.0,0.0,0.013096281457368223,0.5065481407286841,0.013096281457368223,0.5065481407286841,0.1843564825934431,0.15435451246333767,0.04496092560641429,0.1843564825934431,0.15435451246333767,0.04496092560641429,1.0,1.0,3.0,1.0,2.0,0.0,0.0,0.0,2.0,0.0,0.0,0.0,0.0,0.0,0.0,64.0,0.0,0.0,0.0,0.0,0.0,0.0,0.0,0.0,0.0,0.0,0.0,0.0,0.0,0.0,0.0
20260702T013156Z-clean-run-eu-us-gac-region-asymmetry--070dfdc21c67--lti_dimension_rollup__lookback_days-30__limit_k-100,4477.056,100.0,6.0,2316.03,1,0.0,1.0,1.0,1.0,1.0,1.0,0.0,4.0,4.0,0.0,0.0,0.7515324802727508,6.0,6.0,602000.0,0.0,0.5,1.0,1.0,0.0,2.0,17530880.0,0.0,0.5,1.0,1.0,130.0,0.0,0.5,1.0,1.0,1.0,1.0,6.0,0.0,1.0,0.0,0.0,602000.0,5889.35,6020.0,0.2484675197272492,1.0,602000.0,17530880.0,602000.0,17530880.0,1.0,6020.0,100.0,0.00016611295681063124,6020.0,4.0625,2.03125,2.03125,2.03125,32.5,56.20140186915888,0.1997857142857143,1202.71,0.1997857142857143,7193.7794392523365,2.6692103677859462,10.78708978978675,4.893710521056798,5.983068745053494,4.535284058523925,10.78708978978675,10.78708978978675,6.90875477931522,120271.0,1.0,2.0,8720.0,4.0,15.083805484537141,130.0,,0,130.0,602000.0,0.3901674764838079,0.015614617940199336,602000.0,0.3901674764838079,0.015614617940199336,1.0,1.0,2.0299003322259135,2.0299003322259135,2.0299003322259135,0.0,1.0,0.0,130.0,0.0,0.0,0.0,0.0,0.0,0.0,130.0,0.0,0.0,0.0,0.0,130.0,0.0,1.0,1.0,0.0,0.0,0.5,0.0,0.5,0.40225410943960965,0.389974182610615,0.03122923588039867,0.40225410943960965,0.389974182610615,0.03122923588039867,1.0,1.0,3.0,1.0,6.0,1.0,0.0,3.0,2.0,4.0,4.0,1.0,0.0,0.0,0.0,130.0,0.0,0.0,0.0,0.0,0.0,0.0,0.0,0.0,0.0,0.0,0.0,0.0,0.0,0.0,0.0
20260702T013216Z-clean-run-eu-us-gac-region-asymmetry--14a824853ab9--rollup__lookback_days-30__min_value-500__limit_k-50,1322.328,50.0,50.0,553.76,1,0.0,0.0,1.0,0.0,1.0,1.0,0.0,0.0,0.0,0.0,0.0,0.9043512653441506,2.0,2.0,199954.0,0.0034507936825469857,0.5017253968412735,0.9931221466876657,1.0,0.0,2.0,4798464.0,0.0034144259496372174,0.5017072129748186,0.9931943853679286,1.0,64.0,0.0,0.5,1.0,1.0,1.0,1.0,2.0,0.0,1.0,0.0,0.0,199954.0,3867.64,3999.08,0.09564873465584942,1.0,199954.0,4798464.0,199954.0,4798464.0,1.0,3999.08,50.0,0.00025005751322804246,3999.08,2.0,1.0,1.0,1.0,16.0,7.5356380708493385,0.022075077267771588,88.28,0.022075077267771588,964.5616730687153,0.0,6.2299144401767315,3.8125255489110272,6.2299144401767315,5.424295893897581,,-1.37147927533475,-0.0036867509224410597,4414.0,1.0,1.0,2848.0,1.0,9.392763113038061,64.0,,0,64.0,199954.0,0.16445088857453383,0.023365374036028286,199954.0,0.16445088857453383,0.023365374036028286,1.003450793682547,1.0034144259496371,1.4953839383058103,1.4953839383058103,1.5005620684117553,0.0,1.0,0.0,64.0,0.0,0.0,0.0,0.0,0.0,0.0,64.0,0.0,0.0,0.0,0.0,64.0,0.0,1.0,1.0,0.0,0.0034507936825469857,0.5017253968412735,0.0034507936825469857,0.5017253968412735,0.1886109037651166,0.16250874499246262,0.046892564637867354,0.1886109037651166,0.16250874499246262,0.046892564637867354,1.0,1.0,3.0,1.0,2.0,1.0,0.0,1.0,2.0,0.0,0.0,1.0,0.0,0.0,0.0,64.0,0.0,0.0,0.0,0.0,0.0,0.0,0.0,0.0,0.0,0.0,0.0,0.0,0.0,0.0,0.0
20260702T013232Z-clean-run-eu-us-gac-region-asymmetry--8feef1e53d5c--_rollup__lookback_days-1__min_value-500__limit_k-50,1103.993,50.0,50.0,553.76,1,0.0,0.0,1.0,0.0,1.0,1.0,0.0,0.0,0.0,0.0,0.0,0.9935180748428659,2.0,2.0,199954.0,0.0034507936825469857,0.5017253968412735,0.9931221466876657,1.0,0.0,2.0,4798464.0,0.0034144259496372174,0.5017072129748186,0.9931943853679286,1.0,64.0,0.0,0.5,1.0,1.0,1.0,1.0,2.0,0.0,1.0,0.0,0.0,199954.0,127.4,3999.08,0.006481925157134103,1.0,199954.0,4798464.0,199954.0,4798464.0,1.0,3999.08,50.0,0.00025005751322804246,3999.08,2.0,1.0,1.0,1.0,16.0,3.1720017072129747,0.009292137191554058,37.16,0.009292137191554058,406.01621852326076,0.0,2.8353668597323534,1.7174249731581321,2.8353668597323534,2.1937463129598944,,-1.37147927533475,-0.0036867509224410597,1858.0,1.0,0.0,220.0,1.0,7.527793987721444,64.0,,0,64.0,199954.0,0.16445088857453383,0.023365374036028286,199954.0,0.16445088857453383,0.023365374036028286,1.003450793682547,1.0034144259496371,1.4953839383058103,1.4953839383058103,1.5005620684117553,0.0,1.0,0.0,64.0,0.0,0.0,0.0,0.0,0.0,0.0,64.0,0.0,0.0,0.0,0.0,64.0,0.0,1.0,1.0,0.0,0.0034507936825469857,0.5017253968412735,0.0034507936825469857,0.5017253968412735,0.1886109037651166,0.16250874499246262,0.046892564637867354,0.1886109037651166,0.16250874499246262,0.046892564637867354,1.0,1.0,3.0,1.0,2.0,1.0,0.0,1.0,2.0,0.0,0.0,1.0,0.0,0.0,0.0,64.0,0.0,0.0,0.0,0.0,0.0,0.0,0.0,0.0,0.0,0.0,0.0,0.0,0.0,0.0,0.0
20260702T013248Z-clean-run-eu-us-gac-region-asymmetry--8962701ce130--ltiregion_top_tenants__lookback_days-30__limit_k-50,2325.549,50.0,50.0,1049.08,1,0.0,0.0,1.0,0.0,1.0,1.0,0.0,0.0,0.0,0.0,0.0,0.9610264070978508,2.0,2.0,400000.0,0.0,0.5,1.0,1.0,0.0,2.0,9601024.0,0.0,0.5,1.0,1.0,64.0,0.0,0.5,1.0,1.0,1.0,1.0,2.0,0.0,1.0,0.0,0.0,400000.0,7738.56,8000.0,0.03897359290214922,1.0,400000.0,9601024.0,400000.0,9601024.0,1.0,8000.0,50.0,0.000125,8000.0,2.0,1.0,1.0,1.0,16.0,3.167235494880546,0.00928,74.24,0.00928,405.4061433447099,0.0,5.827737457738338,2.2856976696064395,5.827737457738338,2.2980974265246576,,1.637822990965287,0.693142180597445,3712.0,1.0,0.0,158.0,1.0,8.21959545417708,64.0,,0,64.0,400000.0,0.16502121075789014,0.0235,400000.0,0.16502121075789014,0.0235,1.0,1.0,1.504,1.504,1.504,0.0,1.0,0.0,64.0,0.0,0.0,0.0,0.0,0.0,0.0,64.0,0.0,0.0,0.0,0.0,64.0,0.0,1.0,1.0,0.0,0.0,0.5,0.0,0.5,0.18914544668059022,0.16292475330283535,0.047,0.18914544668059022,0.16292475330283535,0.047,1.0,1.0,3.0,1.0,2.0,1.0,0.0,2.0,2.0,0.0,0.0,0.0,0.0,0.0,0.0,64.0,0.0,0.0,0.0,0.0,0.0,0.0,0.0,0.0,0.0,0.0,0.0,0.0,0.0,0.0,0.0
20260702T013304Z-clean-run-eu-us-gac-region-asymmetry--bbc75dad398d--u_tenant_id-1__us_tenant_id-10001__lookback_days-30,39.058,2.0,2.0,305.8,1,0.0,0.0,1.0,0.0,1.0,0.0,0.0,0.0,0.0,0.0,0.0,0.9959547339853551,2.0,2.0,400.0,0.0,0.5,1.0,1.0,0.0,2.0,9600.0,0.0,0.5,1.0,1.0,2.0,0.0,0.5,1.0,1.0,1.0,1.0,2.0,0.0,1.0,0.0,0.0,400.0,193.0,200.0,0.0040452660146449194,2.0,400.0,9600.0,800.0,19200.0,2.0,200.0,2.0,0.005,200.0,0.0625,0.03125,0.03125,0.03125,0.5,0.0,0.0,0.0,0.0,0.0,0.0,3.886705197443856,1.2938501708714751,3.886705197443856,0.0,,0.0,5.303304908059076,0.0,0.0,0.0,25.0,1.0,0.0,2.0,,0,2.0,400.0,0.0,0.5,800.0,0.0,0.5,1.0,1.0,1.0,1.0,1.0,0.0,0.0,1.0,4.0,1.0,1.0,0.0,0.0,0.0,0.0,4.0,0.0,0.0,4.0,2.0,0.0,0.0,1.0,1.0,0.0,0.0,0.5,0.0,0.5,0.0,0.0,1.0,0.0,0.0,1.0,1.0,1.0,2.0,1.0,2.0,0.0,0.0,1.0,0.0,0.0,0.0,0.0,0.0,0.0,0.0,0.0,0.0,0.0,2.0,2.0,0.0,0.0,0.0,0.0,0.0,0.0,0.0,0.0,0.0,0.0,0.0
20260702T013319Z-clean-run-eu-us-gac-region-asymmetry--825cc13bd8b1--nt_rollup__lookback_days-1__min_value-0__limit_k-50,2236.217,50.0,50.0,553.76,1,0.0,0.0,1.0,0.0,1.0,1.0,0.0,0.0,0.0,0.0,0.0,0.9940582689425937,2.0,2.0,400000.0,0.0,0.5,1.0,1.0,0.0,2.0,9601024.0,0.0,0.5,1.0,1.0,64.0,0.0,0.5,1.0,1.0,1.0,1.0,2.0,0.0,1.0,0.0,0.0,400000.0,255.92,8000.0,0.005941731057406238,1.0,400000.0,9601024.0,400000.0,9601024.0,1.0,8000.0,50.0,0.000125,8000.0,2.0,1.0,1.0,1.0,16.0,3.167235494880546,0.00928,74.24,0.00928,405.4061433447099,0.0,3.518786487326658,2.033222336256463,3.518786487326658,2.352862246285056,,-1.37147927533475,0.693142180597445,3712.0,1.0,0.0,243.0,1.0,8.21959545417708,64.0,,0,64.0,400000.0,0.16502121075789014,0.0235,400000.0,0.16502121075789014,0.0235,1.0,1.0,1.504,1.504,1.504,0.0,1.0,0.0,64.0,0.0,0.0,0.0,0.0,0.0,0.0,64.0,0.0,0.0,0.0,0.0,64.0,0.0,1.0,1.0,0.0,0.0,0.5,0.0,0.5,0.18914544668059022,0.16292475330283535,0.047,0.18914544668059022,0.16292475330283535,0.047,1.0,1.0,3.0,1.0,2.0,1.0,0.0,1.0,2.0,0.0,0.0,1.0,0.0,0.0,0.0,64.0,0.0,0.0,0.0,0.0,0.0,0.0,0.0,0.0,0.0,0.0,0.0,0.0,0.0,0.0,0.0
20260702T013337Z-clean-run-eu-us-gac-region-asymmetry--9a7d87573b27--fdw_multiregion_raw_region_rollup__lookback_days-30,2143.24,2.0,199.0,823.16,1,0.0,0.0,1.0,0.0,1.0,0.0,0.0,0.0,0.0,0.0,0.0,0.9461474216606633,2.0,2.0,400000.0,0.0,0.5,1.0,1.0,0.0,2.0,6400000.0,0.0,0.5,1.0,1.0,64.0,0.0,0.5,1.0,1.0,1.0,1.0,2.0,0.0,1.0,0.0,0.0,400000.0,193460.5,200000.0,0.05385257833933665,1.0,400000.0,6400000.0,400000.0,6400000.0,1.0,200000.0,2.0,5e-06,200000.0,2.0,1.0,1.0,1.0,16.0,3.75296,0.00733,1466.0,0.00733,480.37888,-4.199705077879927,6.114876932373552,5.348341605350764,6.114240290538672,-4.199705077879927,,-4.199705077879927,0.693142180597445,2932.0,1.0,0.0,25.0,1.0,7.983781068977451,64.0,,0,64.0,400000.0,0.16502121075789014,0.0235,400000.0,0.16502121075789014,0.0235,1.0,1.0,1.504,1.504,1.504,0.0,1.0,0.0,64.0,0.0,0.0,0.0,0.0,0.0,0.0,64.0,0.0,0.0,0.0,0.0,64.0,0.0,1.0,1.0,0.0,0.0,0.5,0.0,0.5,0.18914544668059022,0.16292475330283535,0.047,0.18914544668059022,0.16292475330283535,0.047,1.0,1.0,1.0,1.0,2.0,0.0,0.0,1.0,0.0,0.0,0.0,0.0,0.0,0.0,0.0,64.0,0.0,0.0,0.0,0.0,0.0,0.0,0.0,0.0,0.0,0.0,0.0,0.0,0.0,0.0,0.0
20260702T013353Z-clean-run-eu-us-gac-region-asymmetry--a85d09d19f95--gion_global_user_join__lookback_days-30__limit_k-25,4831.971,18.0,18.0,1608.99,1,0.0,1.0,1.0,0.0,1.0,1.0,0.0,2.0,0.0,2.0,0.0,0.7346875633152601,4.0,4.0,600000.0,0.0,0.5,1.0,1.0,0.0,2.0,19126272.0,0.0,0.5,1.0,1.0,128.0,0.0,0.5,1.0,1.0,1.0,1.0,4.0,0.0,1.0,0.0,0.0,600000.0,32606.5,33333.333333333336,0.26531243668473997,1.0,600000.0,19126272.0,600000.0,19126272.0,1.0,33333.333333333336,18.0,3e-05,33333.333333333336,4.0,2.0,2.0,2.0,32.0,63.83938323160938,0.248415,8280.5,0.248415,8171.441053646001,0.0,9.870768060573198,4.033159468047509,5.827716792738648,0.0,9.870768060573198,9.870768060573198,0.693142180597445,149049.0,1.0,6.0,8776.0,1.0,17.912037099106218,128.0,,0,128.0,600000.0,0.4428513670898322,0.015666666666666666,600000.0,0.4428513670898322,0.015666666666666666,1.0,1.0,2.005333333333333,2.005333333333333,2.005333333333333,0.0,1.0,0.0,128.0,0.0,0.0,0.0,0.0,0.0,0.0,128.0,0.0,0.0,0.0,0.0,128.0,0.0,1.0,1.0,0.0,0.0,0.5,0.0,0.5,0.4513446576619691,0.4427683137470273,0.03133333333333333,0.4513446576619691,0.4427683137470273,0.03133333333333333,1.0,1.0,3.0,1.0,4.0,1.0,2.0,8.0,2.0,0.0,0.0,0.0,0.0,0.0,0.0,128.0,0.0,0.0,0.0,0.0,0.0,0.0,0.0,0.0,0.0,0.0,0.0,0.0,0.0,0.0,0.0
20260702T013413Z-clean-run-eu-us-gac-region-asymmetry--bcb583497976--egion_global_user_join__lookback_days-7__limit_k-25,3663.31,18.0,18.0,1608.99,1,0.0,1.0,1.0,0.0,1.0,1.0,0.0,2.0,0.0,2.0,0.0,0.8767740103895111,4.0,4.0,600000.0,0.0,0.5,1.0,1.0,0.0,2.0,19126272.0,0.0,0.5,1.0,1.0,128.0,0.0,0.5,1.0,1.0,1.0,1.0,4.0,0.0,1.0,0.0,0.0,600000.0,16093.333333333334,33333.333333333336,0.12322598961048886,1.0,600000.0,19126272.0,600000.0,19126272.0,1.0,33333.333333333336,18.0,3e-05,33333.333333333336,4.0,2.0,2.0,2.0,32.0,24.749116607773853,0.096305,3210.1666666666665,0.096305,3167.8869257950532,0.0,8.412654560141116,3.414450443839794,5.111018268193043,0.0,8.412654560141116,8.412654560141116,0.693142180597445,57783.0,1.0,2.0,4920.0,1.0,12.964467199730683,128.0,,0,128.0,600000.0,0.4428513670898322,0.015666666666666666,600000.0,0.4428513670898322,0.015666666666666666,1.0,1.0,2.005333333333333,2.005333333333333,2.005333333333333,0.0,1.0,0.0,128.0,0.0,0.0,0.0,0.0,0.0,0.0,128.0,0.0,0.0,0.0,0.0,128.0,0.0,1.0,1.0,0.0,0.0,0.5,0.0,0.5,0.4513446576619691,0.4427683137470273,0.03133333333333333,0.4513446576619691,0.4427683137470273,0.03133333333333333,1.0,1.0,3.0,1.0,4.0,1.0,2.0,8.0,2.0,0.0,0.0,0.0,0.0,0.0,0.0,128.0,0.0,0.0,0.0,0.0,0.0,0.0,0.0,0.0,0.0,0.0,0.0,0.0,0.0,0.0,0.0
20260702T013433Z-clean-run-eu-us-gac-region-asymmetry--c23090b2835e--ltiregion_top_tenants__lookback_days-30__limit_k-25,2303.951,25.0,25.0,1048.02,1,0.0,0.0,1.0,0.0,1.0,1.0,0.0,0.0,0.0,0.0,0.0,0.9613051666463394,2.0,2.0,400000.0,0.0,0.5,1.0,1.0,0.0,2.0,9601024.0,0.0,0.5,1.0,1.0,64.0,0.0,0.5,1.0,1.0,1.0,1.0,2.0,0.0,1.0,0.0,0.0,400000.0,15476.52,16000.0,0.03869483335366066,1.0,400000.0,9601024.0,400000.0,9601024.0,1.0,16000.0,25.0,6.25e-05,16000.0,2.0,1.0,1.0,1.0,16.0,3.167235494880546,0.00928,148.48,0.00928,405.4061433447099,0.0,5.8276961273119054,2.346938720739788,5.8276961273119054,2.2980974265246576,,-2.0452083700375936,0.693142180597445,3712.0,1.0,0.0,158.0,1.0,8.21959545417708,64.0,,0,64.0,400000.0,0.16502121075789014,0.0235,400000.0,0.16502121075789014,0.0235,1.0,1.0,1.504,1.504,1.504,0.0,1.0,0.0,64.0,0.0,0.0,0.0,0.0,0.0,0.0,64.0,0.0,0.0,0.0,0.0,64.0,0.0,1.0,1.0,0.0,0.0,0.5,0.0,0.5,0.18914544668059022,0.16292475330283535,0.047,0.18914544668059022,0.16292475330283535,0.047,1.0,1.0,3.0,1.0,2.0,1.0,0.0,2.0,2.0,0.0,0.0,0.0,0.0,0.0,0.0,64.0,0.0,0.0,0.0,0.0,0.0,0.0,0.0,0.0,0.0,0.0,0.0,0.0,0.0,0.0,0.0
20260702T013451Z-clean-run-eu-us-gac-region-asymmetry--2c50cd617799--c_fdw_multiregion_event_full_scan_summary__case-001,245.123,1.0,1.0,302.44,1,0.0,0.0,0.0,0.0,1.0,0.0,0.0,0.0,0.0,0.0,0.0,0.9998653737103413,2.0,2.0,2.0,0.0,0.5,1.0,1.0,0.0,2.0,2560.0,0.0,0.5,1.0,1.0,64.0,0.0,0.5,1.0,1.0,1.0,1.0,4.0,1.0,1.0,0.0,0.0,66.0,2.0,2.0,0.0001346262896586083,200000.0,2.0,2560.0,400000.0,512000000.0,200000.0,2.0,1.0,0.5,2.0,2.0,1.0,1.0,1.0,16.0,0.0,0.0,0.0,0.0,0.0,0.0,0.0,0.0,0.0,0.0,,,0.0,0.0,0.0,0.0,,1.0,0.0,64.0,,0,64.0,64.0,0.0,0.015625,400000.0,0.16502121075789014,0.0235,1.0,1.0,1.504,1.0,1.504,0.0,1.0,0.0,128.0,1.0,1.0,0.0,64.0,0.0,64.0,64.0,0.0,0.0,0.0,0.0,64.0,64.0,1.0,1.0,0.0,0.0,0.5,0.0,0.5,0.0,0.0,0.03125,0.18914544668059022,0.16292475330283535,0.047,1.0,1.0,1.0,1.0,2.0,0.0,0.0,0.0,2.0,0.0,0.0,0.0,0.0,0.0,0.0,64.0,0.0,0.0,0.0,0.0,0.0,0.0,0.0,0.0,0.0,0.0,0.0,64.0,0.0,0.0,0.0
20260702T013507Z-clean-run-eu-us-gac-region-asymmetry--705ca06ba078--gion_user_segment_join__lookback_days-7__limit_k-25,3725.515,9.0,22.0,1713.87,1,0.0,1.0,1.0,0.0,1.0,1.0,0.0,2.0,0.0,2.0,0.0,0.8881547920220426,4.0,4.0,600000.0,0.0,0.5,1.0,1.0,0.0,2.0,18726912.0,0.0,0.5,1.0,1.0,128.0,0.0,0.5,1.0,1.0,1.0,1.0,4.0,0.0,1.0,0.0,0.0,600000.0,32186.11111111111,66666.66666666667,0.11184520797795743,1.0,600000.0,18726912.0,600000.0,18726912.0,1.0,66666.66666666667,9.0,1.5e-05,66666.66666666667,4.0,2.0,2.0,2.0,32.0,24.41557305336833,0.09302333333333333,6201.555555555556,0.09302333333333333,3125.1933508311463,-0.832909122935104,8.230266389231605,3.5006428724244,4.84343737506235,-0.832909122935104,8.230266389231605,8.230266389231605,0.693142180597445,55814.0,1.0,2.0,4728.0,1.0,12.929797929448833,128.0,,0,128.0,600000.0,0.37599054361631074,0.015666666666666666,600000.0,0.37599054361631074,0.015666666666666666,1.0,1.0,2.005333333333333,2.005333333333333,2.005333333333333,0.0,1.0,0.0,128.0,0.0,0.0,0.0,0.0,0.0,0.0,128.0,0.0,0.0,0.0,0.0,128.0,0.0,1.0,1.0,0.0,0.0,0.5,0.0,0.5,0.38840986370356534,0.37577830239077137,0.03133333333333333,0.38840986370356534,0.37577830239077137,0.03133333333333333,1.0,1.0,3.0,1.0,4.0,1.0,2.0,8.0,2.0,0.0,0.0,0.0,0.0,0.0,0.0,128.0,0.0,0.0,0.0,0.0,0.0,0.0,0.0,0.0,0.0,0.0,0.0,0.0,0.0,0.0,0.0
20260702T013527Z-clean-run-eu-us-gac-region-asymmetry--19ac42525edb--ultiregion_top_tenants__lookback_days-1__limit_k-25,2286.011,25.0,25.0,1048.02,1,0.0,0.0,1.0,0.0,1.0,1.0,0.0,0.0,0.0,0.0,0.0,0.9950017738322344,2.0,2.0,400000.0,0.0,0.5,1.0,1.0,0.0,2.0,9601024.0,0.0,0.5,1.0,1.0,64.0,0.0,0.5,1.0,1.0,1.0,1.0,2.0,0.0,1.0,0.0,0.0,400000.0,510.84,16000.0,0.004998226167765567,1.0,400000.0,9601024.0,400000.0,9601024.0,1.0,16000.0,25.0,6.25e-05,16000.0,2.0,1.0,1.0,1.0,16.0,3.167235494880546,0.00928,148.48,0.00928,405.4061433447099,0.0,2.4234044500302065,1.725183988538413,2.4234044500302065,2.2955955488123334,,-2.0452083700375936,0.693142180597445,3712.0,1.0,0.0,158.0,1.0,8.21959545417708,64.0,,0,64.0,400000.0,0.16502121075789014,0.0235,400000.0,0.16502121075789014,0.0235,1.0,1.0,1.504,1.504,1.504,0.0,1.0,0.0,64.0,0.0,0.0,0.0,0.0,0.0,0.0,64.0,0.0,0.0,0.0,0.0,64.0,0.0,1.0,1.0,0.0,0.0,0.5,0.0,0.5,0.18914544668059022,0.16292475330283535,0.047,0.18914544668059022,0.16292475330283535,0.047,1.0,1.0,3.0,1.0,2.0,1.0,0.0,2.0,2.0,0.0,0.0,0.0,0.0,0.0,0.0,64.0,0.0,0.0,0.0,0.0,0.0,0.0,0.0,0.0,0.0,0.0,0.0,0.0,0.0,0.0,0.0
20260702T013544Z-clean-run-eu-us-gac-region-asymmetry--0b82b380da68--ent_filter_summary__lookback_days-30__min_value-900,306.36,1.0,1.0,593.86,1,0.0,0.0,0.0,0.0,1.0,0.0,0.0,0.0,0.0,0.0,0.0,0.9844659877268572,2.0,2.0,39935.0,0.013096281457368223,0.5065481407286841,0.9741460279796332,1.0,0.0,2.0,638976.0,0.01282051282051282,0.5064102564102564,0.9746835443037974,1.0,64.0,0.0,0.5,1.0,1.0,1.0,1.0,2.0,0.0,1.0,0.0,0.0,39935.0,38604.0,39935.0,0.015534012273142755,1.0,39935.0,638976.0,39935.0,638976.0,1.0,39935.0,1.0,2.5040691123074996e-05,39935.0,2.0,1.0,1.0,1.0,16.0,0.0,0.0,0.0,0.0,0.0,0.0,4.445780186231377,1.1085567659599267,4.445780186231377,0.0,,,-1.6242062833596462,0.0,0.0,0.0,,1.0,0.0,64.0,,0,64.0,39935.0,0.15703055337625466,0.02218605233504445,39935.0,0.15703055337625466,0.02218605233504445,1.0130962814573683,1.0128205128205128,1.4199073494428447,1.4199073494428447,1.4387496194052574,0.0,1.0,0.0,64.0,0.0,0.0,0.0,0.0,0.0,0.0,64.0,0.0,0.0,0.0,0.0,64.0,0.0,1.0,1.0,0.0,0.013096281457368223,0.5065481407286841,0.013096281457368223,0.5065481407286841,0.1843564825934431,0.15435451246333767,0.04496092560641429,0.1843564825934431,0.15435451246333767,0.04496092560641429,1.0,1.0,3.0,1.0,2.0,0.0,0.0,0.0,2.0,0.0,0.0,0.0,0.0,0.0,0.0,64.0,0.0,0.0,0.0,0.0,0.0,0.0,0.0,0.0,0.0,0.0,0.0,0.0,0.0,0.0,0.0
20260702T013600Z-clean-run-eu-us-gac-region-asymmetry--6e937252da52--ion_user_segment_join__lookback_days-30__limit_k-25,4437.95,9.0,22.0,1713.87,1,0.0,1.0,1.0,0.0,1.0,1.0,0.0,2.0,0.0,2.0,0.0,0.7653028988609607,4.0,4.0,600000.0,0.0,0.5,1.0,1.0,0.0,2.0,18726912.0,0.0,0.5,1.0,1.0,128.0,0.0,0.5,1.0,1.0,1.0,1.0,4.0,0.0,1.0,0.0,0.0,600000.0,65210.666666666664,66666.66666666667,0.23469710113903935,1.0,600000.0,18726912.0,600000.0,18726912.0,1.0,66666.66666666667,9.0,1.5e-05,66666.66666666667,4.0,2.0,2.0,2.0,32.0,63.29133858267716,0.24114,16076.0,0.24114,8101.291338582677,-0.832909122935104,9.688394839411629,4.119349172019007,5.8276651283710335,-0.832909122935104,9.688394839411629,9.688394839411629,0.693142180597445,144684.0,1.0,6.0,8392.0,1.0,17.882314244495703,128.0,,0,128.0,600000.0,0.37599054361631074,0.015666666666666666,600000.0,0.37599054361631074,0.015666666666666666,1.0,1.0,2.005333333333333,2.005333333333333,2.005333333333333,0.0,1.0,0.0,128.0,0.0,0.0,0.0,0.0,0.0,0.0,128.0,0.0,0.0,0.0,0.0,128.0,0.0,1.0,1.0,0.0,0.0,0.5,0.0,0.5,0.38840986370356534,0.37577830239077137,0.03133333333333333,0.38840986370356534,0.37577830239077137,0.03133333333333333,1.0,1.0,3.0,1.0,4.0,1.0,2.0,8.0,2.0,0.0,0.0,0.0,0.0,0.0,0.0,128.0,0.0,0.0,0.0,0.0,0.0,0.0,0.0,0.0,0.0,0.0,0.0,0.0,0.0,0.0,0.0
20260702T013619Z-clean-run-eu-us-gac-region-asymmetry--17b1fd8e806e--nt_rollup__lookback_days-7__min_value-0__limit_k-50,2234.466,50.0,50.0,553.76,1,0.0,0.0,1.0,0.0,1.0,1.0,0.0,0.0,0.0,0.0,0.0,0.9779620723698638,2.0,2.0,400000.0,0.0,0.5,1.0,1.0,0.0,2.0,9601024.0,0.0,0.5,1.0,1.0,64.0,0.0,0.5,1.0,1.0,1.0,1.0,2.0,0.0,1.0,0.0,0.0,400000.0,1793.26,8000.0,0.022037927630136213,1.0,400000.0,9601024.0,400000.0,9601024.0,1.0,8000.0,50.0,0.000125,8000.0,2.0,1.0,1.0,1.0,16.0,3.167235494880546,0.00928,74.24,0.00928,405.4061433447099,0.0,5.462721951634289,3.1593523423911845,5.462721951634289,4.048246084711654,,-1.37147927533475,0.693142180597445,3712.0,1.0,0.0,1186.0,1.0,8.21959545417708,64.0,,0,64.0,400000.0,0.16502121075789014,0.0235,400000.0,0.16502121075789014,0.0235,1.0,1.0,1.504,1.504,1.504,0.0,1.0,0.0,64.0,0.0,0.0,0.0,0.0,0.0,0.0,64.0,0.0,0.0,0.0,0.0,64.0,0.0,1.0,1.0,0.0,0.0,0.5,0.0,0.5,0.18914544668059022,0.16292475330283535,0.047,0.18914544668059022,0.16292475330283535,0.047,1.0,1.0,3.0,1.0,2.0,1.0,0.0,1.0,2.0,0.0,0.0,1.0,0.0,0.0,0.0,64.0,0.0,0.0,0.0,0.0,0.0,0.0,0.0,0.0,0.0,0.0,0.0,0.0,0.0,0.0,0.0
20260702T013638Z-clean-run-eu-us-gac-region-asymmetry--3a7f7940bd9f--ultiregion_top_tenants__lookback_days-1__limit_k-50,2100.474,50.0,50.0,1049.08,1,0.0,0.0,1.0,0.0,1.0,1.0,0.0,0.0,0.0,0.0,0.0,0.9947335696609431,2.0,2.0,400000.0,0.0,0.5,1.0,1.0,0.0,2.0,9601024.0,0.0,0.5,1.0,1.0,64.0,0.0,0.5,1.0,1.0,1.0,1.0,2.0,0.0,1.0,0.0,0.0,400000.0,255.28,8000.0,0.005266430339056971,1.0,400000.0,9601024.0,400000.0,9601024.0,1.0,8000.0,50.0,0.000125,8000.0,2.0,1.0,1.0,1.0,16.0,3.167235494880546,0.00928,74.24,0.00928,405.4061433447099,0.0,2.42262678454269,1.6638365142105742,2.42262678454269,2.2955955488123334,,1.6353211132529628,0.693142180597445,3712.0,1.0,0.0,158.0,1.0,8.21959545417708,64.0,,0,64.0,400000.0,0.16502121075789014,0.0235,400000.0,0.16502121075789014,0.0235,1.0,1.0,1.504,1.504,1.504,0.0,1.0,0.0,64.0,0.0,0.0,0.0,0.0,0.0,0.0,64.0,0.0,0.0,0.0,0.0,64.0,0.0,1.0,1.0,0.0,0.0,0.5,0.0,0.5,0.18914544668059022,0.16292475330283535,0.047,0.18914544668059022,0.16292475330283535,0.047,1.0,1.0,3.0,1.0,2.0,1.0,0.0,2.0,2.0,0.0,0.0,0.0,0.0,0.0,0.0,64.0,0.0,0.0,0.0,0.0,0.0,0.0,0.0,0.0,0.0,0.0,0.0,0.0,0.0,0.0,0.0
20260702T013656Z-clean-run-eu-us-gac-region-asymmetry--a77f9178750a--vent_filter_summary__lookback_days-7__min_value-500,1130.739,1.0,1.0,593.86,1,0.0,0.0,0.0,0.0,1.0,0.0,0.0,0.0,0.0,0.0,0.0,0.9945876104034617,2.0,2.0,199954.0,0.0034507936825469857,0.5017253968412735,0.9931221466876657,1.0,0.0,2.0,3200000.0,0.00352,0.50176,0.9929846938775511,1.0,64.0,0.0,0.5,1.0,1.0,1.0,1.0,2.0,0.0,1.0,0.0,0.0,199954.0,44977.0,199954.0,0.005412389596538297,0.9999999999999999,199954.0,3200000.0,199954.0,3199999.9999999995,1.0,199954.0,1.0,5.001150264560849e-06,199954.0,2.0,1.0,1.0,1.0,16.0,3.75296,0.007331686287846205,1466.0,0.007331686287846205,480.37888,0.0,4.588081775799931,1.146770327145396,4.588081775799931,0.0,,,-0.0036867509224410597,1466.0,1.0,0.0,,1.0,7.2909747781429814,64.0,,0,64.0,199954.0,0.16445088857453383,0.023365374036028286,199954.0,0.16445088857453383,0.023365374036028286,1.003450793682547,1.00352,1.4953839383058103,1.4953839383058103,1.5005620684117553,0.0,1.0,0.0,64.0,0.0,0.0,0.0,0.0,0.0,0.0,64.0,0.0,0.0,0.0,0.0,64.0,0.0,1.0,1.0,0.0,0.0034507936825469857,0.5017253968412735,0.0034507936825469857,0.5017253968412735,0.1886109037651166,0.16250874499246262,0.046892564637867354,0.1886109037651166,0.16250874499246262,0.046892564637867354,1.0,1.0,3.0,1.0,2.0,0.0,0.0,0.0,2.0,0.0,0.0,0.0,0.0,0.0,0.0,64.0,0.0,0.0,0.0,0.0,0.0,0.0,0.0,0.0,0.0,0.0,0.0,0.0,0.0,0.0,0.0
20260702T013713Z-clean-run-eu-us-gac-region-asymmetry--a3fe379e2a91--_fdw_multiregion_raw_region_rollup__lookback_days-7,2068.405,2.0,199.0,823.16,1,0.0,0.0,1.0,0.0,1.0,0.0,0.0,0.0,0.0,0.0,0.0,0.9845073861260246,2.0,2.0,400000.0,0.0,0.5,1.0,1.0,0.0,2.0,6400000.0,0.0,0.5,1.0,1.0,64.0,0.0,0.5,1.0,1.0,1.0,1.0,2.0,0.0,1.0,0.0,0.0,400000.0,44828.0,200000.0,0.015492613873975391,1.0,400000.0,6400000.0,400000.0,6400000.0,1.0,200000.0,2.0,5e-06,200000.0,2.0,1.0,1.0,1.0,16.0,3.75296,0.00733,1466.0,0.00733,480.37888,-4.199705077879927,4.655783342592312,4.471002275710412,4.655783342592312,-4.199705077879927,,-4.199705077879927,0.693142180597445,2932.0,1.0,0.0,25.0,1.0,7.983781068977451,64.0,,0,64.0,400000.0,0.16502121075789014,0.0235,400000.0,0.16502121075789014,0.0235,1.0,1.0,1.504,1.504,1.504,0.0,1.0,0.0,64.0,0.0,0.0,0.0,0.0,0.0,0.0,64.0,0.0,0.0,0.0,0.0,64.0,0.0,1.0,1.0,0.0,0.0,0.5,0.0,0.5,0.18914544668059022,0.16292475330283535,0.047,0.18914544668059022,0.16292475330283535,0.047,1.0,1.0,1.0,1.0,2.0,0.0,0.0,1.0,0.0,0.0,0.0,0.0,0.0,0.0,0.0,64.0,0.0,0.0,0.0,0.0,0.0,0.0,0.0,0.0,0.0,0.0,0.0,0.0,0.0,0.0,0.0
20260702T013734Z-clean-run-eu-us-gac-region-asymmetry--e59143778e2b--__limit_k-250__payload_repeat-16__payload_width-512,1361.88,250.0,250.0,472.97,1,0.0,0.0,1.0,0.0,0.0,1.0,0.0,0.0,0.0,0.0,0.0,0.9878249184950215,2.0,2.0,199954.0,0.0034507936825469857,0.5017253968412735,0.9931221466876657,1.0,0.0,2.0,7998464.0,0.00345666367942645,0.5017283318397132,0.9931104873692268,1.0,64.0,0.0,0.5,1.0,1.0,1.0,1.0,2.0,0.0,1.0,0.0,0.0,199954.0,179.9,799.816,0.012175081504978508,1.0,199954.0,7998464.0,199954.0,7998464.0,1.0,799.816,250.0,0.0012502875661402123,799.816,2.0,1.0,1.0,1.0,16.0,2.7018307515042888,0.013193034397911519,10.552,0.013193034397911519,345.83433619254896,0.0,5.061395112877663,3.0608519570620785,5.0589147273542565,,,-0.12703624113686668,-0.0036867509224410597,2638.0,1.0,0.0,450.0,1.0,7.878155336503324,64.0,,0,64.0,199954.0,0.16445088857453383,0.023365374036028286,199954.0,0.16445088857453383,0.023365374036028286,1.003450793682547,1.0034566636794264,1.4953839383058103,1.4953839383058103,1.5005620684117553,0.0,1.0,0.0,64.0,0.0,0.0,0.0,0.0,0.0,0.0,64.0,0.0,0.0,0.0,0.0,64.0,0.0,1.0,1.0,0.0,0.0034507936825469857,0.5017253968412735,0.0034507936825469857,0.5017253968412735,0.1886109037651166,0.16250874499246262,0.046892564637867354,0.1886109037651166,0.16250874499246262,0.046892564637867354,1.0,1.0,0.0,1.0,2.0,1.0,0.0,1.0,0.0,0.0,0.0,0.0,0.0,0.0,0.0,64.0,0.0,0.0,0.0,0.0,0.0,0.0,0.0,0.0,0.0,0.0,0.0,0.0,0.0,0.0,0.0
20260702T013753Z-clean-run-eu-us-gac-region-asymmetry--529744ab08b0--ulti_dimension_rollup__lookback_days-7__limit_k-100,3575.57,96.0,6.0,2316.03,1,0.0,1.0,1.0,1.0,1.0,1.0,0.0,4.0,4.0,0.0,0.0,0.9282547957388612,6.0,6.0,602000.0,0.0,0.5,1.0,1.0,0.0,2.0,17530880.0,0.0,0.5,1.0,1.0,130.0,0.0,0.5,1.0,1.0,1.0,1.0,6.0,0.0,1.0,0.0,0.0,602000.0,3038.0,6270.833333333333,0.07174520426113884,1.0,602000.0,17530880.0,602000.0,17530880.0,1.0,6270.833333333333,96.0,0.00015946843853820598,6270.833333333333,4.0625,2.03125,2.03125,2.03125,32.5,2.979439252336449,0.010591362126245847,66.41666666666667,0.010591362126245847,381.36822429906545,2.6288008294480694,9.328545540744068,4.025739767475733,4.5245244960108115,3.188416617383492,9.328545540744068,9.328545540744068,6.90875477931522,6376.0,1.0,0.0,3576.0,1.0,8.760453046315272,130.0,,0,130.0,602000.0,0.3901674764838079,0.015614617940199336,602000.0,0.3901674764838079,0.015614617940199336,1.0,1.0,2.0299003322259135,2.0299003322259135,2.0299003322259135,0.0,1.0,0.0,130.0,0.0,0.0,0.0,0.0,0.0,0.0,130.0,0.0,0.0,0.0,0.0,130.0,0.0,1.0,1.0,0.0,0.0,0.5,0.0,0.5,0.40225410943960965,0.389974182610615,0.03122923588039867,0.40225410943960965,0.389974182610615,0.03122923588039867,1.0,1.0,3.0,1.0,6.0,1.0,0.0,3.0,2.0,4.0,4.0,1.0,0.0,0.0,0.0,130.0,0.0,0.0,0.0,0.0,0.0,0.0,0.0,0.0,0.0,0.0,0.0,0.0,0.0,0.0,0.0
20260702T013815Z-clean-run-eu-us-gac-region-asymmetry--e12307bfd499--multi_dimension_rollup__lookback_days-7__limit_k-50,3445.198,50.0,6.0,2316.03,1,0.0,1.0,1.0,1.0,1.0,1.0,0.0,4.0,4.0,0.0,0.0,0.9285855268695733,6.0,6.0,602000.0,0.0,0.5,1.0,1.0,0.0,2.0,17530880.0,0.0,0.5,1.0,1.0,130.0,0.0,0.5,1.0,1.0,1.0,1.0,6.0,0.0,1.0,0.0,0.0,602000.0,5832.94,12040.0,0.0714144731304267,1.0,602000.0,17530880.0,602000.0,17530880.0,1.0,12040.0,50.0,8.305647840531562e-05,12040.0,4.0625,2.03125,2.03125,2.03125,32.5,2.979439252336449,0.010591362126245847,127.52,0.010591362126245847,381.36822429906545,1.9859154836690125,9.328545540744068,3.938705049902676,4.5245244960108115,3.188416617383492,9.328545540744068,9.328545540744068,6.90875477931522,6376.0,1.0,0.0,3577.0,1.0,8.760453046315272,130.0,,0,130.0,602000.0,0.3901674764838079,0.015614617940199336,602000.0,0.3901674764838079,0.015614617940199336,1.0,1.0,2.0299003322259135,2.0299003322259135,2.0299003322259135,0.0,1.0,0.0,130.0,0.0,0.0,0.0,0.0,0.0,0.0,130.0,0.0,0.0,0.0,0.0,130.0,0.0,1.0,1.0,0.0,0.0,0.5,0.0,0.5,0.40225410943960965,0.389974182610615,0.03122923588039867,0.40225410943960965,0.389974182610615,0.03122923588039867,1.0,1.0,3.0,1.0,6.0,1.0,0.0,3.0,2.0,4.0,4.0,1.0,0.0,0.0,0.0,130.0,0.0,0.0,0.0,0.0,0.0,0.0,0.0,0.0,0.0,0.0,0.0,0.0,0.0,0.0,0.0
20260702T013837Z-clean-run-eu-us-gac-region-asymmetry--53fdb70a8bb1--__limit_k-100__payload_repeat-16__payload_width-512,1221.345,100.0,100.0,471.87,1,0.0,0.0,1.0,0.0,0.0,1.0,0.0,0.0,0.0,0.0,0.0,0.9965497054476825,2.0,2.0,199954.0,0.0034507936825469857,0.5017253968412735,0.9931221466876657,1.0,0.0,2.0,7998464.0,0.00345666367942645,0.5017283318397132,0.9931104873692268,1.0,64.0,0.0,0.5,1.0,1.0,1.0,1.0,2.0,0.0,1.0,0.0,0.0,199954.0,63.32,1999.54,0.003450294552317461,1.0,199954.0,7998464.0,199954.0,7998464.0,1.0,1999.54,100.0,0.0005001150264560849,1999.54,2.0,1.0,1.0,1.0,16.0,2.7018307515042888,0.013193034397911519,26.38,0.013193034397911519,345.83433619254896,0.0,3.118630409877145,2.0666703979531293,3.118630409877145,,,-1.037368663427391,-0.0036867509224410597,2638.0,1.0,0.0,204.0,1.0,7.878155336503324,64.0,,0,64.0,199954.0,0.16445088857453383,0.023365374036028286,199954.0,0.16445088857453383,0.023365374036028286,1.003450793682547,1.0034566636794264,1.4953839383058103,1.4953839383058103,1.5005620684117553,0.0,1.0,0.0,64.0,0.0,0.0,0.0,0.0,0.0,0.0,64.0,0.0,0.0,0.0,0.0,64.0,0.0,1.0,1.0,0.0,0.0034507936825469857,0.5017253968412735,0.0034507936825469857,0.5017253968412735,0.1886109037651166,0.16250874499246262,0.046892564637867354,0.1886109037651166,0.16250874499246262,0.046892564637867354,1.0,1.0,0.0,1.0,2.0,1.0,0.0,1.0,0.0,0.0,0.0,0.0,0.0,0.0,0.0,64.0,0.0,0.0,0.0,0.0,0.0,0.0,0.0,0.0,0.0,0.0,0.0,0.0,0.0,0.0,0.0
20260702T013856Z-clean-run-eu-us-gac-region-asymmetry--9011fbd57338--t__gac_etl_top_tenants__lookback_days-7__limit_k-25,0.946,25.0,25.0,99.25,0,0.0,0.0,1.0,0.0,1.0,1.0,0.0,0.0,0.0,0.0,0.0,0.0,0.0,,,,,,,0.0,0.0,,,,,,,,,,,,,,,,,,,,,1.0,,,,,,,,25.0,,,,,,,,,,0.0,,,0.0,3.6486582406270713,0.9121645601567678,,0.0,,-3.6486582406270713,,0.0,0.0,0.0,27.0,1.0,0.0,,,0,,,,,,,,,,,,,,,,,,,,,,,,,,,,,,,,,,,,,,,,,,,,,1.0,0.0,0.0,1.0,0.0,1.0,0.0,0.0,0.0,0.0,1.0,0.0,0.0,,,,,,,,,,,,,,,,
20260702T013913Z-clean-run-eu-us-gac-region-asymmetry--c5792baccb15--event_filter_summary__lookback_days-30__min_value-0,2151.805,1.0,1.0,593.86,1,0.0,0.0,0.0,0.0,1.0,0.0,0.0,0.0,0.0,0.0,0.0,0.9775936945959325,2.0,2.0,400000.0,0.0,0.5,1.0,1.0,0.0,2.0,6400000.0,0.0,0.5,1.0,1.0,64.0,0.0,0.5,1.0,1.0,1.0,1.0,2.0,0.0,1.0,0.0,0.0,400000.0,386872.0,400000.0,0.02240630540406751,1.0,400000.0,6400000.0,400000.0,6400000.0,1.0,400000.0,1.0,2.5e-06,400000.0,2.0,1.0,1.0,1.0,16.0,3.75296,0.00733,2932.0,0.00733,480.37888,0.0,6.739522651757911,1.6847462522398433,6.739522651757911,0.0,,,0.693142180597445,2932.0,1.0,0.0,,1.0,7.983781068977451,64.0,,0,64.0,400000.0,0.16502121075789014,0.0235,400000.0,0.16502121075789014,0.0235,1.0,1.0,1.504,1.504,1.504,0.0,1.0,0.0,64.0,0.0,0.0,0.0,0.0,0.0,0.0,64.0,0.0,0.0,0.0,0.0,64.0,0.0,1.0,1.0,0.0,0.0,0.5,0.0,0.5,0.18914544668059022,0.16292475330283535,0.047,0.18914544668059022,0.16292475330283535,0.047,1.0,1.0,3.0,1.0,2.0,0.0,0.0,0.0,2.0,0.0,0.0,0.0,0.0,0.0,0.0,64.0,0.0,0.0,0.0,0.0,0.0,0.0,0.0,0.0,0.0,0.0,0.0,0.0,0.0,0.0,0.0
20260702T013931Z-clean-run-eu-us-gac-region-asymmetry--22d0b4db5ac4--__limit_k-100__payload_repeat-16__payload_width-512,1356.817,100.0,100.0,471.87,1,0.0,0.0,1.0,0.0,0.0,1.0,0.0,0.0,0.0,0.0,0.0,0.987483205178001,2.0,2.0,199954.0,0.0034507936825469857,0.5017253968412735,0.9931221466876657,1.0,0.0,2.0,7998464.0,0.00345666367942645,0.5017283318397132,0.9931104873692268,1.0,64.0,0.0,0.5,1.0,1.0,1.0,1.0,2.0,0.0,1.0,0.0,0.0,199954.0,449.69,1999.54,0.012516794821998968,1.0,199954.0,7998464.0,199954.0,7998464.0,1.0,1999.54,100.0,0.0005001150264560849,1999.54,2.0,1.0,1.0,1.0,16.0,2.7018307515042888,0.013193034397911519,26.38,0.013193034397911519,345.83433619254896,0.0,5.061261699496103,3.242838394624404,5.058781450293262,,,-1.037368663427391,-0.0036867509224410597,2638.0,1.0,0.0,206.0,1.0,7.878155336503324,64.0,,0,64.0,199954.0,0.16445088857453383,0.023365374036028286,199954.0,0.16445088857453383,0.023365374036028286,1.003450793682547,1.0034566636794264,1.4953839383058103,1.4953839383058103,1.5005620684117553,0.0,1.0,0.0,64.0,0.0,0.0,0.0,0.0,0.0,0.0,64.0,0.0,0.0,0.0,0.0,64.0,0.0,1.0,1.0,0.0,0.0034507936825469857,0.5017253968412735,0.0034507936825469857,0.5017253968412735,0.1886109037651166,0.16250874499246262,0.046892564637867354,0.1886109037651166,0.16250874499246262,0.046892564637867354,1.0,1.0,0.0,1.0,2.0,1.0,0.0,1.0,0.0,0.0,0.0,0.0,0.0,0.0,0.0,64.0,0.0,0.0,0.0,0.0,0.0,0.0,0.0,0.0,0.0,0.0,0.0,0.0,0.0,0.0,0.0
20260702T013948Z-clean-run-eu-us-gac-region-asymmetry--9488ea0f8abc--eu_tenant_id-1__us_tenant_id-10001__lookback_days-7,36.119,2.0,2.0,305.8,1,0.0,0.0,1.0,0.0,1.0,0.0,0.0,0.0,0.0,0.0,0.0,0.996871452698026,2.0,2.0,400.0,0.0,0.5,1.0,1.0,0.0,2.0,9600.0,0.0,0.5,1.0,1.0,2.0,0.0,0.5,1.0,1.0,1.0,1.0,2.0,0.0,1.0,0.0,0.0,400.0,39.0,200.0,0.0031285473019740176,2.0,400.0,9600.0,800.0,19200.0,2.0,200.0,2.0,0.005,200.0,0.0625,0.03125,0.03125,0.03125,0.5,0.0,0.0,0.0,0.0,0.0,0.0,2.3749057545736716,0.766588217683001,2.3749057545736716,0.0,,0.0,5.303304908059076,0.0,0.0,0.0,25.0,1.0,0.0,2.0,,0,2.0,400.0,0.0,0.5,800.0,0.0,0.5,1.0,1.0,1.0,1.0,1.0,0.0,0.0,1.0,4.0,1.0,1.0,0.0,0.0,0.0,0.0,4.0,0.0,0.0,4.0,2.0,0.0,0.0,1.0,1.0,0.0,0.0,0.5,0.0,0.5,0.0,0.0,1.0,0.0,0.0,1.0,1.0,1.0,2.0,1.0,2.0,0.0,0.0,1.0,0.0,0.0,0.0,0.0,0.0,0.0,0.0,0.0,0.0,0.0,2.0,2.0,0.0,0.0,0.0,0.0,0.0,0.0,0.0,0.0,0.0,0.0,0.0
20260702T014004Z-clean-run-eu-us-gac-region-asymmetry--1385a7c503d4--vent_filter_summary__lookback_days-7__min_value-900,418.968,1.0,1.0,593.86,1,0.0,0.0,0.0,0.0,1.0,0.0,0.0,0.0,0.0,0.0,0.0,0.9955080101582937,2.0,2.0,39935.0,0.013096281457368223,0.5065481407286841,0.9741460279796332,1.0,0.0,2.0,638976.0,0.01282051282051282,0.5064102564102564,0.9746835443037974,1.0,64.0,0.0,0.5,1.0,1.0,1.0,1.0,2.0,0.0,1.0,0.0,0.0,39935.0,8986.0,39935.0,0.004491989841706299,1.0,39935.0,638976.0,39935.0,638976.0,1.0,39935.0,1.0,2.5040691123074996e-05,39935.0,2.0,1.0,1.0,1.0,16.0,0.0,0.0,0.0,0.0,0.0,0.0,2.992013577373163,0.7441646414076192,2.992013577373163,0.0,,,-1.6242062833596462,0.0,0.0,0.0,,1.0,0.0,64.0,,0,64.0,39935.0,0.15703055337625466,0.02218605233504445,39935.0,0.15703055337625466,0.02218605233504445,1.0130962814573683,1.0128205128205128,1.4199073494428447,1.4199073494428447,1.4387496194052574,0.0,1.0,0.0,64.0,0.0,0.0,0.0,0.0,0.0,0.0,64.0,0.0,0.0,0.0,0.0,64.0,0.0,1.0,1.0,0.0,0.013096281457368223,0.5065481407286841,0.013096281457368223,0.5065481407286841,0.1843564825934431,0.15435451246333767,0.04496092560641429,0.1843564825934431,0.15435451246333767,0.04496092560641429,1.0,1.0,3.0,1.0,2.0,0.0,0.0,0.0,2.0,0.0,0.0,0.0,0.0,0.0,0.0,64.0,0.0,0.0,0.0,0.0,0.0,0.0,0.0,0.0,0.0,0.0,0.0,0.0,0.0,0.0,0.0
20260702T014020Z-clean-run-eu-us-gac-region-asymmetry--17a718312dda--egion_global_user_join__lookback_days-7__limit_k-50,3934.969,18.0,18.0,1608.99,1,0.0,1.0,1.0,0.0,1.0,1.0,0.0,2.0,0.0,2.0,0.0,0.8769459174900742,4.0,4.0,600000.0,0.0,0.5,1.0,1.0,0.0,2.0,19126272.0,0.0,0.5,1.0,1.0,128.0,0.0,0.5,1.0,1.0,1.0,1.0,4.0,0.0,1.0,0.0,0.0,600000.0,16090.777777777777,33333.333333333336,0.12305408250992574,1.0,600000.0,19126272.0,600000.0,19126272.0,1.0,33333.333333333336,18.0,3e-05,33333.333333333336,4.0,2.0,2.0,2.0,32.0,24.749116607773853,0.096305,3210.1666666666665,0.096305,3167.8869257950532,0.0,8.412054873292933,3.414247245890749,5.111018268193043,0.0,8.412054873292933,8.412054873292933,0.693142180597445,57783.0,1.0,2.0,4920.0,1.0,12.964467199730683,128.0,,0,128.0,600000.0,0.4428513670898322,0.015666666666666666,600000.0,0.4428513670898322,0.015666666666666666,1.0,1.0,2.005333333333333,2.005333333333333,2.005333333333333,0.0,1.0,0.0,128.0,0.0,0.0,0.0,0.0,0.0,0.0,128.0,0.0,0.0,0.0,0.0,128.0,0.0,1.0,1.0,0.0,0.0,0.5,0.0,0.5,0.4513446576619691,0.4427683137470273,0.03133333333333333,0.4513446576619691,0.4427683137470273,0.03133333333333333,1.0,1.0,3.0,1.0,4.0,1.0,2.0,8.0,2.0,0.0,0.0,0.0,0.0,0.0,0.0,128.0,0.0,0.0,0.0,0.0,0.0,0.0,0.0,0.0,0.0,0.0,0.0,0.0,0.0,0.0,0.0
20260702T014042Z-clean-run-eu-us-gac-region-asymmetry--db3d7f271830--egion_tenant_tier_join__lookback_days-7__limit_k-50,2356.275,24.0,50.0,1845.2,1,0.0,1.0,1.0,1.0,1.0,1.0,0.0,2.0,2.0,0.0,0.0,0.9208806272612492,4.0,4.0,402000.0,0.0,0.5,1.0,1.0,0.0,2.0,9631744.0,0.0,0.5,1.0,1.0,66.0,0.0,0.5,1.0,1.0,1.0,1.0,4.0,0.0,1.0,0.0,0.0,402000.0,3818.0,16750.0,0.07911937273875083,1.0,402000.0,9631744.0,402000.0,9631744.0,1.0,16750.0,24.0,5.9701492537313435e-05,16750.0,2.0625,1.03125,1.03125,1.03125,16.5,3.157133744418456,0.009233830845771144,154.66666666666666,0.009233830845771144,404.1131192855624,-0.712949807856125,4.368981387926527,2.6246950045943254,4.368981387926527,-3.126760535960395,4.368981387926527,4.368981387926527,6.90875477931522,3712.0,1.0,0.0,3656.0,1.0,8.21959545417708,66.0,,0,66.0,402000.0,0.222790047049304,0.023383084577114428,402000.0,0.222790047049304,0.023383084577114428,1.0,1.0,1.5432835820895523,1.5432835820895523,1.5432835820895523,0.0,1.0,0.0,66.0,0.0,0.0,0.0,0.0,0.0,0.0,66.0,0.0,0.0,0.0,0.0,66.0,0.0,1.0,1.0,0.0,0.0,0.5,0.0,0.5,0.24157597461482216,0.22192138759801852,0.046766169154228855,0.24157597461482216,0.22192138759801852,0.046766169154228855,1.0,1.0,3.0,0.0,4.0,1.0,0.0,3.0,2.0,2.0,2.0,1.0,0.0,1.0,0.0,66.0,0.0,0.0,0.0,0.0,0.0,0.0,0.0,0.0,0.0,0.0,0.0,0.0,0.0,0.0,0.0
20260702T014102Z-clean-run-eu-us-gac-region-asymmetry--8fff880f2007--t_rollup__lookback_days-14__min_value-0__limit_k-50,2595.989,50.0,50.0,553.76,1,0.0,0.0,1.0,0.0,1.0,1.0,0.0,0.0,0.0,0.0,0.0,0.9619108555544728,2.0,2.0,400000.0,0.0,0.5,1.0,1.0,0.0,2.0,9601024.0,0.0,0.5,1.0,1.0,64.0,0.0,0.5,1.0,1.0,1.0,1.0,2.0,0.0,1.0,0.0,0.0,400000.0,3601.42,8000.0,0.03808914444552727,1.0,400000.0,9601024.0,400000.0,9601024.0,1.0,8000.0,50.0,0.000125,8000.0,2.0,1.0,1.0,1.0,16.0,3.167235494880546,0.00928,74.24,0.00928,405.4061433447099,0.0,6.1584753364319855,3.5904101499620293,6.1584753364319855,4.717382176595019,,-1.37147927533475,0.693142180597445,3712.0,1.0,0.0,2334.0,1.0,8.21959545417708,64.0,,0,64.0,400000.0,0.16502121075789014,0.0235,400000.0,0.16502121075789014,0.0235,1.0,1.0,1.504,1.504,1.504,0.0,1.0,0.0,64.0,0.0,0.0,0.0,0.0,0.0,0.0,64.0,0.0,0.0,0.0,0.0,64.0,0.0,1.0,1.0,0.0,0.0,0.5,0.0,0.5,0.18914544668059022,0.16292475330283535,0.047,0.18914544668059022,0.16292475330283535,0.047,1.0,1.0,3.0,1.0,2.0,1.0,0.0,1.0,2.0,0.0,0.0,1.0,0.0,0.0,0.0,64.0,0.0,0.0,0.0,0.0,0.0,0.0,0.0,0.0,0.0,0.0,0.0,0.0,0.0,0.0,0.0
20260702T014122Z-clean-run-eu-us-gac-region-asymmetry--bbc458791215--ent_filter_summary__lookback_days-30__min_value-500,1106.257,1.0,1.0,593.86,1,0.0,0.0,0.0,0.0,1.0,0.0,0.0,0.0,0.0,0.0,0.0,0.9766193569848596,2.0,2.0,199954.0,0.0034507936825469857,0.5017253968412735,0.9931221466876657,1.0,0.0,2.0,3200000.0,0.00352,0.50176,0.9929846938775511,1.0,64.0,0.0,0.5,1.0,1.0,1.0,1.0,2.0,0.0,1.0,0.0,0.0,199954.0,193336.0,199954.0,0.023380643015140454,0.9999999999999999,199954.0,3200000.0,199954.0,3199999.9999999995,1.0,199954.0,1.0,5.001150264560849e-06,199954.0,2.0,1.0,1.0,1.0,16.0,3.75296,0.007331686287846205,1466.0,0.007331686287846205,480.37888,0.0,6.048197712852333,1.511330478067809,6.048197712852333,0.0,,,-0.0036867509224410597,1466.0,1.0,0.0,,1.0,7.2909747781429814,64.0,,0,64.0,199954.0,0.16445088857453383,0.023365374036028286,199954.0,0.16445088857453383,0.023365374036028286,1.003450793682547,1.00352,1.4953839383058103,1.4953839383058103,1.5005620684117553,0.0,1.0,0.0,64.0,0.0,0.0,0.0,0.0,0.0,0.0,64.0,0.0,0.0,0.0,0.0,64.0,0.0,1.0,1.0,0.0,0.0034507936825469857,0.5017253968412735,0.0034507936825469857,0.5017253968412735,0.1886109037651166,0.16250874499246262,0.046892564637867354,0.1886109037651166,0.16250874499246262,0.046892564637867354,1.0,1.0,3.0,1.0,2.0,0.0,0.0,0.0,2.0,0.0,0.0,0.0,0.0,0.0,0.0,64.0,0.0,0.0,0.0,0.0,0.0,0.0,0.0,0.0,0.0,0.0,0.0,0.0,0.0,0.0,0.0
20260702T014140Z-clean-run-eu-us-gac-region-asymmetry--660e758ab774--ion_user_segment_join__lookback_days-30__limit_k-50,4670.794,9.0,22.0,1713.87,1,0.0,1.0,1.0,0.0,1.0,1.0,0.0,2.0,0.0,2.0,0.0,0.7643353571148717,4.0,4.0,600000.0,0.0,0.5,1.0,1.0,0.0,2.0,18726912.0,0.0,0.5,1.0,1.0,128.0,0.0,0.5,1.0,1.0,1.0,1.0,4.0,0.0,1.0,0.0,0.0,600000.0,65205.0,66666.66666666667,0.2356646428851283,1.0,600000.0,18726912.0,600000.0,18726912.0,1.0,66666.66666666667,9.0,1.5e-05,66666.66666666667,4.0,2.0,2.0,2.0,32.0,63.2830271216098,0.24110833333333334,16073.888888888889,0.24110833333333334,8100.227471566054,-0.832909122935104,9.688265666813608,4.119288408400165,5.827535955773012,-0.832909122935104,9.688265666813608,9.688265666813608,0.693142180597445,144665.0,1.0,6.0,8392.0,1.0,17.88218291610888,128.0,,0,128.0,600000.0,0.37599054361631074,0.015666666666666666,600000.0,0.37599054361631074,0.015666666666666666,1.0,1.0,2.005333333333333,2.005333333333333,2.005333333333333,0.0,1.0,0.0,128.0,0.0,0.0,0.0,0.0,0.0,0.0,128.0,0.0,0.0,0.0,0.0,128.0,0.0,1.0,1.0,0.0,0.0,0.5,0.0,0.5,0.38840986370356534,0.37577830239077137,0.03133333333333333,0.38840986370356534,0.37577830239077137,0.03133333333333333,1.0,1.0,3.0,1.0,4.0,1.0,2.0,8.0,2.0,0.0,0.0,0.0,0.0,0.0,0.0,128.0,0.0,0.0,0.0,0.0,0.0,0.0,0.0,0.0,0.0,0.0,0.0,0.0,0.0,0.0,0.0
20260702T014202Z-clean-run-eu-us-gac-region-asymmetry--e00346e7e557--t_rollup__lookback_days-30__min_value-0__limit_k-50,2619.916,50.0,50.0,553.76,1,0.0,0.0,1.0,0.0,1.0,1.0,0.0,0.0,0.0,0.0,0.0,0.9277965400417416,2.0,2.0,400000.0,0.0,0.5,1.0,1.0,0.0,2.0,9601024.0,0.0,0.5,1.0,1.0,64.0,0.0,0.5,1.0,1.0,1.0,1.0,2.0,0.0,1.0,0.0,0.0,400000.0,7736.82,8000.0,0.07220345995825835,1.0,400000.0,9601024.0,400000.0,9601024.0,1.0,8000.0,50.0,0.000125,8000.0,2.0,1.0,1.0,1.0,16.0,5.450511945392491,0.01597,127.76,0.01597,697.6655290102389,0.0,6.920898888554978,4.070151984469816,6.920898888554978,5.466872727577844,,-1.37147927533475,0.693142180597445,6388.0,1.0,1.0,2968.0,1.0,9.762333040602343,64.0,,0,64.0,400000.0,0.16502121075789014,0.0235,400000.0,0.16502121075789014,0.0235,1.0,1.0,1.504,1.504,1.504,0.0,1.0,0.0,64.0,0.0,0.0,0.0,0.0,0.0,0.0,64.0,0.0,0.0,0.0,0.0,64.0,0.0,1.0,1.0,0.0,0.0,0.5,0.0,0.5,0.18914544668059022,0.16292475330283535,0.047,0.18914544668059022,0.16292475330283535,0.047,1.0,1.0,3.0,1.0,2.0,1.0,0.0,1.0,2.0,0.0,0.0,1.0,0.0,0.0,0.0,64.0,0.0,0.0,0.0,0.0,0.0,0.0,0.0,0.0,0.0,0.0,0.0,0.0,0.0,0.0,0.0
20260702T014221Z-clean-run-eu-us-gac-region-asymmetry--5463079614c7--gion_user_segment_join__lookback_days-7__limit_k-50,3960.63,9.0,22.0,1713.87,1,0.0,1.0,1.0,0.0,1.0,1.0,0.0,2.0,0.0,2.0,0.0,0.8946124732681418,4.0,4.0,600000.0,0.0,0.5,1.0,1.0,0.0,2.0,18726912.0,0.0,0.5,1.0,1.0,128.0,0.0,0.5,1.0,1.0,1.0,1.0,4.0,0.0,1.0,0.0,0.0,600000.0,32179.88888888889,66666.66666666667,0.10538752673185828,1.0,600000.0,18726912.0,600000.0,18726912.0,1.0,66666.66666666667,9.0,1.5e-05,66666.66666666667,4.0,2.0,2.0,2.0,32.0,24.41557305336833,0.09302333333333333,6201.555555555556,0.09302333333333333,3125.1933508311463,-0.832909122935104,8.229622223903185,3.5003979245068146,4.84343737506235,-0.832909122935104,8.229622223903185,8.229622223903185,0.693142180597445,55814.0,1.0,2.0,4728.0,1.0,12.929797929448833,128.0,,0,128.0,600000.0,0.37599054361631074,0.015666666666666666,600000.0,0.37599054361631074,0.015666666666666666,1.0,1.0,2.005333333333333,2.005333333333333,2.005333333333333,0.0,1.0,0.0,128.0,0.0,0.0,0.0,0.0,0.0,0.0,128.0,0.0,0.0,0.0,0.0,128.0,0.0,1.0,1.0,0.0,0.0,0.5,0.0,0.5,0.38840986370356534,0.37577830239077137,0.03133333333333333,0.38840986370356534,0.37577830239077137,0.03133333333333333,1.0,1.0,3.0,1.0,4.0,1.0,2.0,8.0,2.0,0.0,0.0,0.0,0.0,0.0,0.0,128.0,0.0,0.0,0.0,0.0,0.0,0.0,0.0,0.0,0.0,0.0,0.0,0.0,0.0,0.0,0.0
20260702T014245Z-clean-run-eu-us-gac-region-asymmetry--eca066caf657--ulti_dimension_rollup__lookback_days-30__limit_k-50,4456.579,50.0,6.0,2316.03,1,0.0,1.0,1.0,1.0,1.0,1.0,0.0,4.0,4.0,0.0,0.0,0.7393424418146745,6.0,6.0,602000.0,0.0,0.5,1.0,1.0,0.0,2.0,17530880.0,0.0,0.5,1.0,1.0,130.0,0.0,0.5,1.0,1.0,1.0,1.0,6.0,0.0,1.0,0.0,0.0,602000.0,11776.7,12040.0,0.2606575581853255,1.0,602000.0,17530880.0,602000.0,17530880.0,1.0,12040.0,50.0,8.305647840531562e-05,12040.0,4.0625,2.03125,2.03125,2.03125,32.5,56.160747663551405,0.19964119601328903,2403.68,0.19964119601328903,7188.57570093458,1.9859154836690125,10.786867620953023,4.793075854768954,5.982846576219767,4.535284058523925,10.786867620953023,10.786867620953023,6.90875477931522,120184.0,1.0,2.0,8720.0,4.0,15.083081862402652,130.0,,0,130.0,602000.0,0.3901674764838079,0.015614617940199336,602000.0,0.3901674764838079,0.015614617940199336,1.0,1.0,2.0299003322259135,2.0299003322259135,2.0299003322259135,0.0,1.0,0.0,130.0,0.0,0.0,0.0,0.0,0.0,0.0,130.0,0.0,0.0,0.0,0.0,130.0,0.0,1.0,1.0,0.0,0.0,0.5,0.0,0.5,0.40225410943960965,0.389974182610615,0.03122923588039867,0.40225410943960965,0.389974182610615,0.03122923588039867,1.0,1.0,3.0,1.0,6.0,1.0,0.0,3.0,2.0,4.0,4.0,1.0,0.0,0.0,0.0,130.0,0.0,0.0,0.0,0.0,0.0,0.0,0.0,0.0,0.0,0.0,0.0,0.0,0.0,0.0,0.0
20260702T014309Z-clean-run-eu-us-gac-region-asymmetry--b88dbb1240be--_fdw_multiregion_raw_region_rollup__lookback_days-1,1960.846,2.0,199.0,823.16,1,0.0,0.0,1.0,0.0,1.0,0.0,0.0,0.0,0.0,0.0,0.0,0.995550899968687,2.0,2.0,400000.0,0.0,0.5,1.0,1.0,0.0,2.0,6400000.0,0.0,0.5,1.0,1.0,64.0,0.0,0.5,1.0,1.0,1.0,1.0,2.0,0.0,1.0,0.0,0.0,400000.0,6348.5,200000.0,0.004449100031313096,1.0,400000.0,6400000.0,400000.0,6400000.0,1.0,200000.0,2.0,5e-06,200000.0,2.0,1.0,1.0,1.0,16.0,3.75296,0.00733,1466.0,0.00733,480.37888,-4.199705077879927,4.199705077879927,3.2982972143054994,2.7032098450205466,-4.199705077879927,,-4.199705077879927,0.693142180597445,2932.0,1.0,0.0,25.0,1.0,7.983781068977451,64.0,,0,64.0,400000.0,0.16502121075789014,0.0235,400000.0,0.16502121075789014,0.0235,1.0,1.0,1.504,1.504,1.504,0.0,1.0,0.0,64.0,0.0,0.0,0.0,0.0,0.0,0.0,64.0,0.0,0.0,0.0,0.0,64.0,0.0,1.0,1.0,0.0,0.0,0.5,0.0,0.5,0.18914544668059022,0.16292475330283535,0.047,0.18914544668059022,0.16292475330283535,0.047,1.0,1.0,1.0,1.0,2.0,0.0,0.0,1.0,0.0,0.0,0.0,0.0,0.0,0.0,0.0,64.0,0.0,0.0,0.0,0.0,0.0,0.0,0.0,0.0,0.0,0.0,0.0,0.0,0.0,0.0,0.0
20260702T014332Z-clean-run-eu-us-gac-region-asymmetry--c1ae9260233e--_event_filter_summary__lookback_days-7__min_value-0,1861.938,1.0,1.0,593.86,1,0.0,0.0,0.0,0.0,1.0,0.0,0.0,0.0,0.0,0.0,0.0,0.993898830143646,2.0,2.0,400000.0,0.0,0.5,1.0,1.0,0.0,2.0,6400000.0,0.0,0.5,1.0,1.0,64.0,0.0,0.5,1.0,1.0,1.0,1.0,2.0,0.0,1.0,0.0,0.0,400000.0,89607.0,400000.0,0.006101169856354039,1.0,400000.0,6400000.0,400000.0,6400000.0,1.0,400000.0,1.0,2.5e-06,400000.0,2.0,1.0,1.0,1.0,16.0,3.75296,0.00733,2932.0,0.00733,480.37888,0.0,5.280651319766089,1.3190831325726822,5.280651319766089,0.0,,,0.693142180597445,2932.0,1.0,0.0,,1.0,7.983781068977451,64.0,,0,64.0,400000.0,0.16502121075789014,0.0235,400000.0,0.16502121075789014,0.0235,1.0,1.0,1.504,1.504,1.504,0.0,1.0,0.0,64.0,0.0,0.0,0.0,0.0,0.0,0.0,64.0,0.0,0.0,0.0,0.0,64.0,0.0,1.0,1.0,0.0,0.0,0.5,0.0,0.5,0.18914544668059022,0.16292475330283535,0.047,0.18914544668059022,0.16292475330283535,0.047,1.0,1.0,3.0,1.0,2.0,0.0,0.0,0.0,2.0,0.0,0.0,0.0,0.0,0.0,0.0,64.0,0.0,0.0,0.0,0.0,0.0,0.0,0.0,0.0,0.0,0.0,0.0,0.0,0.0,0.0,0.0
20260702T014355Z-clean-run-eu-us-gac-region-asymmetry--39114deb76d4--vent_filter_summary__lookback_days-1__min_value-500,1131.826,1.0,1.0,593.86,1,0.0,0.0,0.0,0.0,1.0,0.0,0.0,0.0,0.0,0.0,0.0,0.9983681237221974,2.0,2.0,199954.0,0.0034507936825469857,0.5017253968412735,0.9931221466876657,1.0,0.0,2.0,3200000.0,0.00352,0.50176,0.9929846938775511,1.0,64.0,0.0,0.5,1.0,1.0,1.0,1.0,2.0,0.0,1.0,0.0,0.0,199954.0,6304.0,199954.0,0.0016318762778026017,0.9999999999999999,199954.0,3200000.0,199954.0,3199999.9999999995,1.0,199954.0,1.0,5.001150264560849e-06,199954.0,2.0,1.0,1.0,1.0,16.0,3.75296,0.007331686287846205,1466.0,0.007331686287846205,480.37888,0.0,2.6415495427432183,0.6555501186120365,2.6415495427432183,0.0,,,-0.0036867509224410597,1466.0,1.0,0.0,,1.0,7.2909747781429814,64.0,,0,64.0,199954.0,0.16445088857453383,0.023365374036028286,199954.0,0.16445088857453383,0.023365374036028286,1.003450793682547,1.00352,1.4953839383058103,1.4953839383058103,1.5005620684117553,0.0,1.0,0.0,64.0,0.0,0.0,0.0,0.0,0.0,0.0,64.0,0.0,0.0,0.0,0.0,64.0,0.0,1.0,1.0,0.0,0.0034507936825469857,0.5017253968412735,0.0034507936825469857,0.5017253968412735,0.1886109037651166,0.16250874499246262,0.046892564637867354,0.1886109037651166,0.16250874499246262,0.046892564637867354,1.0,1.0,3.0,1.0,2.0,0.0,0.0,0.0,2.0,0.0,0.0,0.0,0.0,0.0,0.0,64.0,0.0,0.0,0.0,0.0,0.0,0.0,0.0,0.0,0.0,0.0,0.0,0.0,0.0,0.0,0.0
20260702T014413Z-clean-run-eu-us-gac-region-asymmetry--470b16c5a833--ultiregion_top_tenants__lookback_days-7__limit_k-50,2196.316,50.0,50.0,1049.08,1,0.0,0.0,1.0,0.0,1.0,1.0,0.0,0.0,0.0,0.0,0.0,0.9873506362472431,2.0,2.0,400000.0,0.0,0.5,1.0,1.0,0.0,2.0,9601024.0,0.0,0.5,1.0,1.0,64.0,0.0,0.5,1.0,1.0,1.0,1.0,2.0,0.0,1.0,0.0,0.0,400000.0,1792.06,8000.0,0.01264936375275696,1.0,400000.0,9601024.0,400000.0,9601024.0,1.0,8000.0,50.0,0.000125,8000.0,2.0,1.0,1.0,1.0,16.0,3.167235494880546,0.00928,74.24,0.00928,405.4061433447099,0.0,4.3686925150841205,2.019726421129447,4.3686925150841205,2.2980974265246576,,1.637822990965287,0.693142180597445,3712.0,1.0,0.0,158.0,1.0,8.21959545417708,64.0,,0,64.0,400000.0,0.16502121075789014,0.0235,400000.0,0.16502121075789014,0.0235,1.0,1.0,1.504,1.504,1.504,0.0,1.0,0.0,64.0,0.0,0.0,0.0,0.0,0.0,0.0,64.0,0.0,0.0,0.0,0.0,64.0,0.0,1.0,1.0,0.0,0.0,0.5,0.0,0.5,0.18914544668059022,0.16292475330283535,0.047,0.18914544668059022,0.16292475330283535,0.047,1.0,1.0,3.0,1.0,2.0,1.0,0.0,2.0,2.0,0.0,0.0,0.0,0.0,0.0,0.0,64.0,0.0,0.0,0.0,0.0,0.0,0.0,0.0,0.0,0.0,0.0,0.0,0.0,0.0,0.0,0.0
20260702T014431Z-clean-run-eu-us-gac-region-asymmetry--0d5790d2e0f5--ultiregion_top_tenants__lookback_days-7__limit_k-25,2195.202,25.0,25.0,1048.02,1,0.0,0.0,1.0,0.0,1.0,1.0,0.0,0.0,0.0,0.0,0.0,0.986407173462852,2.0,2.0,400000.0,0.0,0.5,1.0,1.0,0.0,2.0,9601024.0,0.0,0.5,1.0,1.0,64.0,0.0,0.5,1.0,1.0,1.0,1.0,2.0,0.0,1.0,0.0,0.0,400000.0,3584.04,16000.0,0.013592826537148014,1.0,400000.0,9601024.0,400000.0,9601024.0,1.0,16000.0,25.0,6.25e-05,16000.0,2.0,1.0,1.0,1.0,16.0,3.167235494880546,0.00928,148.48,0.00928,405.4061433447099,0.0,4.368670290639453,2.0809704623117975,4.368670290639453,2.2980974265246576,,-2.0452083700375936,0.693142180597445,3712.0,1.0,0.0,158.0,1.0,8.21959545417708,64.0,,0,64.0,400000.0,0.16502121075789014,0.0235,400000.0,0.16502121075789014,0.0235,1.0,1.0,1.504,1.504,1.504,0.0,1.0,0.0,64.0,0.0,0.0,0.0,0.0,0.0,0.0,64.0,0.0,0.0,0.0,0.0,64.0,0.0,1.0,1.0,0.0,0.0,0.5,0.0,0.5,0.18914544668059022,0.16292475330283535,0.047,0.18914544668059022,0.16292475330283535,0.047,1.0,1.0,3.0,1.0,2.0,1.0,0.0,2.0,2.0,0.0,0.0,0.0,0.0,0.0,0.0,64.0,0.0,0.0,0.0,0.0,0.0,0.0,0.0,0.0,0.0,0.0,0.0,0.0,0.0,0.0,0.0
20260702T014450Z-clean-run-eu-us-gac-region-asymmetry--d99fdf35990b--__gac_etl_top_tenants__lookback_days-30__limit_k-25,0.849,25.0,25.0,99.25,0,0.0,0.0,1.0,0.0,1.0,1.0,0.0,0.0,0.0,0.0,0.0,0.0,0.0,,,,,,,0.0,0.0,,,,,,,,,,,,,,,,,,,,,1.0,,,,,,,,25.0,,,,,,,,,,0.0,,,0.0,3.6486582406270713,0.9121645601567678,,0.0,,-3.6486582406270713,,0.0,0.0,0.0,27.0,1.0,0.0,,,0,,,,,,,,,,,,,,,,,,,,,,,,,,,,,,,,,,,,,,,,,,,,,1.0,0.0,0.0,1.0,0.0,1.0,0.0,0.0,0.0,0.0,1.0,0.0,0.0,,,,,,,,,,,,,,,,
20260702T014507Z-clean-run-eu-us-gac-region-asymmetry--301c8b68879c--rollup__lookback_days-14__min_value-500__limit_k-50,1137.398,50.0,50.0,553.76,1,0.0,0.0,1.0,0.0,1.0,1.0,0.0,0.0,0.0,0.0,0.0,0.9562879484577959,2.0,2.0,199954.0,0.0034507936825469857,0.5017253968412735,0.9931221466876657,1.0,0.0,2.0,4798464.0,0.0034144259496372174,0.5017072129748186,0.9931943853679286,1.0,64.0,0.0,0.5,1.0,1.0,1.0,1.0,2.0,0.0,1.0,0.0,0.0,199954.0,1800.86,3999.08,0.043712051542204096,1.0,199954.0,4798464.0,199954.0,4798464.0,1.0,3999.08,50.0,0.00025005751322804246,3999.08,2.0,1.0,1.0,1.0,16.0,3.1720017072129747,0.009292137191554058,37.16,0.009292137191554058,406.01621852326076,0.0,5.464940428007829,3.3307051941018884,5.464940428007829,4.669464536693488,,-1.37147927533475,-0.0036867509224410597,1858.0,1.0,0.0,2261.0,1.0,7.527793987721444,64.0,,0,64.0,199954.0,0.16445088857453383,0.023365374036028286,199954.0,0.16445088857453383,0.023365374036028286,1.003450793682547,1.0034144259496371,1.4953839383058103,1.4953839383058103,1.5005620684117553,0.0,1.0,0.0,64.0,0.0,0.0,0.0,0.0,0.0,0.0,64.0,0.0,0.0,0.0,0.0,64.0,0.0,1.0,1.0,0.0,0.0034507936825469857,0.5017253968412735,0.0034507936825469857,0.5017253968412735,0.1886109037651166,0.16250874499246262,0.046892564637867354,0.1886109037651166,0.16250874499246262,0.046892564637867354,1.0,1.0,3.0,1.0,2.0,1.0,0.0,1.0,2.0,0.0,0.0,1.0,0.0,0.0,0.0,64.0,0.0,0.0,0.0,0.0,0.0,0.0,0.0,0.0,0.0,0.0,0.0,0.0,0.0,0.0,0.0
20260702T014528Z-clean-run-eu-us-gac-region-asymmetry--6f634031aeff--__limit_k-250__payload_repeat-16__payload_width-512,1342.308,250.0,250.0,472.97,1,0.0,0.0,1.0,0.0,0.0,1.0,0.0,0.0,0.0,0.0,0.0,0.9961000008939827,2.0,2.0,199954.0,0.0034507936825469857,0.5017253968412735,0.9931221466876657,1.0,0.0,2.0,7998464.0,0.00345666367942645,0.5017283318397132,0.9931104873692268,1.0,64.0,0.0,0.5,1.0,1.0,1.0,1.0,2.0,0.0,1.0,0.0,0.0,199954.0,25.188,799.816,0.0038999991060173224,1.0,199954.0,7998464.0,199954.0,7998464.0,1.0,799.816,250.0,0.0012502875661402123,799.816,2.0,1.0,1.0,1.0,16.0,2.7018307515042888,0.013193034397911519,10.552,0.013193034397911519,345.83433619254896,0.0,3.1108700108499496,1.8812972426022039,3.1108700108499496,,,-0.12703624113686668,-0.0036867509224410597,2638.0,1.0,0.0,451.0,1.0,7.878155336503324,64.0,,0,64.0,199954.0,0.16445088857453383,0.023365374036028286,199954.0,0.16445088857453383,0.023365374036028286,1.003450793682547,1.0034566636794264,1.4953839383058103,1.4953839383058103,1.5005620684117553,0.0,1.0,0.0,64.0,0.0,0.0,0.0,0.0,0.0,0.0,64.0,0.0,0.0,0.0,0.0,64.0,0.0,1.0,1.0,0.0,0.0034507936825469857,0.5017253968412735,0.0034507936825469857,0.5017253968412735,0.1886109037651166,0.16250874499246262,0.046892564637867354,0.1886109037651166,0.16250874499246262,0.046892564637867354,1.0,1.0,0.0,1.0,2.0,1.0,0.0,1.0,0.0,0.0,0.0,0.0,0.0,0.0,0.0,64.0,0.0,0.0,0.0,0.0,0.0,0.0,0.0,0.0,0.0,0.0,0.0,0.0,0.0,0.0,0.0
20260702T014548Z-clean-run-eu-us-gac-region-asymmetry--d29c00d8343b--_rollup__lookback_days-7__min_value-500__limit_k-50,1134.84,50.0,50.0,553.76,1,0.0,0.0,1.0,0.0,1.0,1.0,0.0,0.0,0.0,0.0,0.0,0.9741364421416235,2.0,2.0,199954.0,0.0034507936825469857,0.5017253968412735,0.9931221466876657,1.0,0.0,2.0,4798464.0,0.0034144259496372174,0.5017072129748186,0.9931943853679286,1.0,64.0,0.0,0.5,1.0,1.0,1.0,1.0,2.0,0.0,1.0,0.0,0.0,199954.0,899.0,3999.08,0.02586355785837641,1.0,199954.0,4798464.0,199954.0,4798464.0,1.0,3999.08,50.0,0.00025005751322804246,3999.08,2.0,1.0,1.0,1.0,16.0,3.1720017072129747,0.009292137191554058,37.16,0.009292137191554058,406.01621852326076,0.0,4.769041603602701,2.8954766129818754,4.769041603602701,3.989851725577497,,-1.37147927533475,-0.0036867509224410597,1858.0,1.0,0.0,1141.0,1.0,7.527793987721444,64.0,,0,64.0,199954.0,0.16445088857453383,0.023365374036028286,199954.0,0.16445088857453383,0.023365374036028286,1.003450793682547,1.0034144259496371,1.4953839383058103,1.4953839383058103,1.5005620684117553,0.0,1.0,0.0,64.0,0.0,0.0,0.0,0.0,0.0,0.0,64.0,0.0,0.0,0.0,0.0,64.0,0.0,1.0,1.0,0.0,0.0034507936825469857,0.5017253968412735,0.0034507936825469857,0.5017253968412735,0.1886109037651166,0.16250874499246262,0.046892564637867354,0.1886109037651166,0.16250874499246262,0.046892564637867354,1.0,1.0,3.0,1.0,2.0,1.0,0.0,1.0,2.0,0.0,0.0,1.0,0.0,0.0,0.0,64.0,0.0,0.0,0.0,0.0,0.0,0.0,0.0,0.0,0.0,0.0,0.0,0.0,0.0,0.0,0.0
20260702T014610Z-clean-run-eu-us-gac-region-asymmetry--c06dbda276d7--_event_filter_summary__lookback_days-1__min_value-0,2033.403,1.0,1.0,593.86,1,0.0,0.0,0.0,0.0,1.0,0.0,0.0,0.0,0.0,0.0,0.0,0.9982276017100398,2.0,2.0,400000.0,0.0,0.5,1.0,1.0,0.0,2.0,6400000.0,0.0,0.5,1.0,1.0,64.0,0.0,0.5,1.0,1.0,1.0,1.0,2.0,0.0,1.0,0.0,0.0,400000.0,12669.0,400000.0,0.0017723982899602497,1.0,400000.0,6400000.0,400000.0,6400000.0,1.0,400000.0,1.0,2.5e-06,400000.0,2.0,1.0,1.0,1.0,16.0,3.75296,0.00733,2932.0,0.00733,480.37888,0.0,3.3264173664723873,0.8300456441269233,3.3264173664723873,0.0,,,0.693142180597445,2932.0,1.0,0.0,,1.0,7.983781068977451,64.0,,0,64.0,400000.0,0.16502121075789014,0.0235,400000.0,0.16502121075789014,0.0235,1.0,1.0,1.504,1.504,1.504,0.0,1.0,0.0,64.0,0.0,0.0,0.0,0.0,0.0,0.0,64.0,0.0,0.0,0.0,0.0,64.0,0.0,1.0,1.0,0.0,0.0,0.5,0.0,0.5,0.18914544668059022,0.16292475330283535,0.047,0.18914544668059022,0.16292475330283535,0.047,1.0,1.0,3.0,1.0,2.0,0.0,0.0,0.0,2.0,0.0,0.0,0.0,0.0,0.0,0.0,64.0,0.0,0.0,0.0,0.0,0.0,0.0,0.0,0.0,0.0,0.0,0.0,0.0,0.0,0.0,0.0
20260702T014811Z-clean-run-eu-us-gac-region-asymmetry--1a6cf824c757--ault__q10_top_tenants__lookback_days-30__limit_k-25,136.813,25.0,25.0,2821.99,0,1.0,0.0,1.0,0.0,0.0,1.0,0.0,0.0,0.0,0.0,0.0,0.0,0.0,,,,,,,0.0,0.0,,,,,,,,,,,,,128.0,3.0,0.0,1.0,0.0,195958.0,,31.76,1.0,1.0,195958.0,31760.0,195958.0,31760.0,1.0,7838.32,25.0,0.00012757835862786923,7838.32,1.0,0.5,1.0,1.0,8.0,0.0,0.0,0.0,0.0,0.0,0.0,8.254838926898747,4.3631440923882145,,,,-8.254838926898747,-0.21357410029805904,0.0,0.0,0.0,27.0,1.0,0.0,32.0,,0,,,,,,,,,,,,,,,,,,,,,,,,,,,,,,,,,,,,,,,,,,,,,0.0,0.0,0.0,1.0,0.0,1.0,0.0,0.0,0.0,0.0,0.0,0.0,1.0,,,,,,,,,,,,,,,,
20260702T014828Z-clean-run-eu-us-gac-region-asymmetry--29416c2c41fc--fault__q10_top_tenants__lookback_days-7__limit_k-25,94.014,25.0,25.0,2821.99,0,1.0,0.0,1.0,0.0,0.0,1.0,0.0,0.0,0.0,0.0,0.0,0.0,0.0,,,,,,,0.0,0.0,,,,,,,,,,,,,160.0,4.0,0.0,1.0,0.0,91900.0,,31.76,1.0,1.0,91900.0,31760.0,91900.0,31760.0,1.0,3676.0,25.0,0.0002720348204570185,3676.0,1.0,0.5,1.0,1.0,8.0,0.0,0.0,0.0,0.0,0.0,0.0,8.254838926898747,4.3631440923882145,,,,-8.254838926898747,0.0,0.0,0.0,0.0,27.0,1.0,0.0,32.0,,0,,,,,,,,,,,,,,,,,,,,,,,,,,,,,,,,,,,,,,,,,,,,,0.0,0.0,0.0,1.0,0.0,1.0,0.0,0.0,0.0,0.0,0.0,0.0,1.0,,,,,,,,,,,,,,,,
20260702T015102Z-clean-run-eu-us-gac-region-asymmetry--c166f0aaa71d--egion_global_user_join__lookback_days-7__limit_k-50,3977.042,18.0,18.0,1608.99,1,0.0,1.0,1.0,0.0,1.0,1.0,0.0,2.0,0.0,2.0,0.0,0.8751293046440043,4.0,4.0,600000.0,0.8,0.9,0.1111111111111111,1.0,0.0,2.0,19140608.0,0.8001283971752622,0.9000641985876311,0.11103185924869234,1.0,128.0,0.0,0.5,1.0,1.0,1.0,1.0,4.0,0.0,1.0,0.0,0.0,600000.0,16101.666666666666,33333.333333333336,0.12487069535599574,1.0,600000.0,19140608.0,600000.0,19140608.0,1.0,33333.333333333336,18.0,3e-05,33333.333333333336,4.0,2.0,2.0,2.0,32.0,28.30601326770811,0.11022833333333333,3674.277777777778,0.11022833333333333,3623.169698266638,0.0,8.997134775200932,3.124181387788901,5.698800488685285,0.0,8.997134775200932,8.997134775200932,-1.609397913634059,66137.0,1.0,3.0,8864.0,1.0,14.09949874719137,128.0,,0,128.0,600000.0,0.9696808180473041,0.022333333333333334,600000.0,0.9696808180473041,0.022333333333333334,1.8,1.8001283971752622,2.8586666666666667,2.8586666666666667,2.56,0.0,1.0,0.0,128.0,0.0,0.0,0.0,0.0,0.0,0.0,128.0,0.0,0.0,0.0,0.0,128.0,0.0,1.0,1.0,0.0,0.8,0.9,0.8,0.9,0.5692880544055784,0.4975744595008247,0.04,0.5692880544055784,0.4975744595008247,0.04,1.0,1.0,3.0,1.0,4.0,1.0,2.0,8.0,2.0,0.0,0.0,0.0,0.0,0.0,0.0,128.0,0.0,0.0,0.0,0.0,0.0,0.0,0.0,0.0,0.0,0.0,0.0,0.0,0.0,0.0,0.0
20260702T015126Z-clean-run-eu-us-gac-region-asymmetry--d41c1c076221--__limit_k-100__payload_repeat-16__payload_width-512,1341.999,100.0,100.0,471.87,1,0.0,0.0,1.0,0.0,0.0,1.0,0.0,0.0,0.0,0.0,0.0,0.9967920989508934,2.0,2.0,200605.0,0.8007826325365769,0.9003913162682884,0.1106282145684658,1.0,0.0,2.0,8025088.0,0.800689039173153,0.9003445195865765,0.1106859410430839,1.0,64.0,0.0,0.5,1.0,1.0,1.0,1.0,2.0,0.0,1.0,0.0,0.0,200605.0,63.27,2006.05,0.0032079010491066415,1.0000000000000002,200605.0,8025088.0,200605.0,8025088.000000001,1.0,2006.05,100.0,0.0004984920615139204,2006.05,2.0,1.0,1.0,1.0,16.0,2.4315426821487813,0.011874080905261583,23.82,0.011874080905261583,311.237463315044,0.0,3.6830935170468924,1.8644912366166353,3.6830935170468924,,,-1.037368663427391,-1.6102982738389395,2382.0,1.0,0.0,197.0,1.0,7.776115477098742,64.0,,0,64.0,200605.0,0.8135811628098837,0.033264375264823905,200605.0,0.8135811628098837,0.033264375264823905,1.8007826325365768,1.800689039173153,2.12892001694873,2.12892001694873,1.8880992893604245,0.0,1.0,0.0,64.0,0.0,0.0,0.0,0.0,0.0,0.0,64.0,0.0,0.0,0.0,0.0,64.0,0.0,1.0,1.0,0.0,0.8007826325365769,0.9003913162682884,0.8007826325365769,0.9003913162682884,0.41823743125258017,0.26060199309085036,0.059003102792513265,0.41823743125258017,0.26060199309085036,0.059003102792513265,1.0,1.0,0.0,1.0,2.0,1.0,0.0,1.0,0.0,0.0,0.0,0.0,0.0,0.0,0.0,64.0,0.0,0.0,0.0,0.0,0.0,0.0,0.0,0.0,0.0,0.0,0.0,0.0,0.0,0.0,0.0
20260702T015147Z-clean-run-eu-us-gac-region-asymmetry--73105330cf8c--ent_filter_summary__lookback_days-30__min_value-900,345.716,1.0,1.0,593.86,1,0.0,0.0,0.0,0.0,1.0,0.0,0.0,0.0,0.0,0.0,0.0,0.9818290157238888,2.0,2.0,40309.0,0.803368974670669,0.9016844873353346,0.10903538216034776,1.0,0.0,2.0,645120.0,0.8031746031746032,0.9015873015873016,0.10915492957746478,1.0,64.0,0.0,0.5,1.0,1.0,1.0,1.0,2.0,0.0,1.0,0.0,0.0,40309.0,38912.0,40309.0,0.01817098427611114,1.0,40309.0,645120.0,40309.0,645120.0,1.0,40309.0,1.0,2.4808355454116946e-05,40309.0,2.0,1.0,1.0,1.0,16.0,0.0,0.0,0.0,0.0,0.0,0.0,5.031778461517033,0.9810845675171855,5.031778461517033,0.0,,,-3.22792656947035,0.0,0.0,0.0,,1.0,0.0,64.0,,0,64.0,40309.0,0.8154219159197271,0.033416854796695525,40309.0,0.8154219159197271,0.033416854796695525,1.8033689746706691,1.8031746031746032,2.1386787069885136,2.1386787069885136,1.8168054504163513,0.0,1.0,0.0,64.0,0.0,0.0,0.0,0.0,0.0,0.0,64.0,0.0,0.0,0.0,0.0,64.0,0.0,1.0,1.0,0.0,0.803368974670669,0.9016844873353346,0.803368974670669,0.9016844873353346,0.40703725769480364,0.25359175839529097,0.05677517032551098,0.40703725769480364,0.25359175839529097,0.05677517032551098,1.0,1.0,3.0,1.0,2.0,0.0,0.0,0.0,2.0,0.0,0.0,0.0,0.0,0.0,0.0,64.0,0.0,0.0,0.0,0.0,0.0,0.0,0.0,0.0,0.0,0.0,0.0,0.0,0.0,0.0,0.0
20260702T015210Z-clean-run-eu-us-gac-region-asymmetry--b0d2373bfa1b--t_rollup__lookback_days-30__min_value-0__limit_k-50,2602.754,50.0,50.0,553.76,1,0.0,0.0,1.0,0.0,1.0,1.0,0.0,0.0,0.0,0.0,0.0,0.9224782672507659,2.0,2.0,400000.0,0.8,0.9,0.1111111111111111,1.0,0.0,2.0,9601024.0,0.7999146757679181,0.899957337883959,0.11116378288694004,1.0,64.0,0.0,0.5,1.0,1.0,1.0,1.0,2.0,0.0,1.0,0.0,0.0,400000.0,7735.48,8000.0,0.07752173274923407,1.0,400000.0,9601024.0,400000.0,9601024.0,1.0,8000.0,50.0,0.000125,8000.0,2.0,1.0,1.0,1.0,16.0,5.139931740614334,0.01506,120.48,0.01506,657.9112627986348,0.0,7.507963027502607,3.8142252167840285,7.507963027502607,6.056344806721308,,-1.37147927533475,1.2809266232859837,6024.0,1.0,1.0,2976.0,1.0,9.703672758358856,64.0,,0,64.0,400000.0,0.812797637791843,0.0335,400000.0,0.812797637791843,0.0335,1.8,1.799914675767918,2.144,2.144,1.92,0.0,1.0,0.0,64.0,0.0,0.0,0.0,0.0,0.0,0.0,64.0,0.0,0.0,0.0,0.0,64.0,0.0,1.0,1.0,0.0,0.8,0.9,0.8,0.9,0.41376321731154403,0.2584256686768529,0.06,0.41376321731154403,0.2584256686768529,0.06,1.0,1.0,3.0,1.0,2.0,1.0,0.0,1.0,2.0,0.0,0.0,1.0,0.0,0.0,0.0,64.0,0.0,0.0,0.0,0.0,0.0,0.0,0.0,0.0,0.0,0.0,0.0,0.0,0.0,0.0,0.0
20260702T015236Z-clean-run-eu-us-gac-region-asymmetry--d82e1c951abf--nt_rollup__lookback_days-7__min_value-0__limit_k-50,2282.118,50.0,50.0,553.76,1,0.0,0.0,1.0,0.0,1.0,1.0,0.0,0.0,0.0,0.0,0.0,0.9743825691747754,2.0,2.0,400000.0,0.8,0.9,0.1111111111111111,1.0,0.0,2.0,9601024.0,0.7999146757679181,0.899957337883959,0.11116378288694004,1.0,64.0,0.0,0.5,1.0,1.0,1.0,1.0,2.0,0.0,1.0,0.0,0.0,400000.0,1796.36,8000.0,0.025617430825224635,1.0,400000.0,9601024.0,400000.0,9601024.0,1.0,8000.0,50.0,0.000125,8000.0,2.0,1.0,1.0,1.0,16.0,2.849829351535836,0.00835,66.8,0.00835,364.77815699658703,0.0,6.0473226685809935,2.905958770040298,6.0473226685809935,4.642661640411891,,-1.37147927533475,1.2809266232859837,3340.0,1.0,0.0,1192.0,1.0,8.114025442356757,64.0,,0,64.0,400000.0,0.812797637791843,0.0335,400000.0,0.812797637791843,0.0335,1.8,1.799914675767918,2.144,2.144,1.92,0.0,1.0,0.0,64.0,0.0,0.0,0.0,0.0,0.0,0.0,64.0,0.0,0.0,0.0,0.0,64.0,0.0,1.0,1.0,0.0,0.8,0.9,0.8,0.9,0.41376321731154403,0.2584256686768529,0.06,0.41376321731154403,0.2584256686768529,0.06,1.0,1.0,3.0,1.0,2.0,1.0,0.0,1.0,2.0,0.0,0.0,1.0,0.0,0.0,0.0,64.0,0.0,0.0,0.0,0.0,0.0,0.0,0.0,0.0,0.0,0.0,0.0,0.0,0.0,0.0,0.0
20260702T015301Z-clean-run-eu-us-gac-region-asymmetry--df1e9707ff47--event_filter_summary__lookback_days-30__min_value-0,2205.346,1.0,1.0,593.86,1,0.0,0.0,0.0,0.0,1.0,0.0,0.0,0.0,0.0,0.0,0.0,0.975894032047579,2.0,2.0,400000.0,0.8,0.9,0.1111111111111111,1.0,0.0,2.0,6400000.0,0.8,0.9,0.1111111111111111,1.0,64.0,0.0,0.5,1.0,1.0,1.0,1.0,2.0,0.0,1.0,0.0,0.0,400000.0,386767.0,400000.0,0.024105967952420985,1.0,400000.0,6400000.0,400000.0,6400000.0,1.0,400000.0,1.0,2.5e-06,400000.0,2.0,1.0,1.0,1.0,16.0,3.37664,0.006595,2638.0,0.006595,432.20992,0.0,7.326497215271583,1.5569751817049484,7.326497215271583,0.0,,,1.2809266232859837,2638.0,1.0,0.0,,1.0,7.878155336503324,64.0,,0,64.0,400000.0,0.812797637791843,0.0335,400000.0,0.812797637791843,0.0335,1.8,1.8,2.144,2.144,1.92,0.0,1.0,0.0,64.0,0.0,0.0,0.0,0.0,0.0,0.0,64.0,0.0,0.0,0.0,0.0,64.0,0.0,1.0,1.0,0.0,0.8,0.9,0.8,0.9,0.41376321731154403,0.2584256686768529,0.06,0.41376321731154403,0.2584256686768529,0.06,1.0,1.0,3.0,1.0,2.0,0.0,0.0,0.0,2.0,0.0,0.0,0.0,0.0,0.0,0.0,64.0,0.0,0.0,0.0,0.0,0.0,0.0,0.0,0.0,0.0,0.0,0.0,0.0,0.0,0.0,0.0
20260702T015321Z-clean-run-eu-us-gac-region-asymmetry--09341e7ee50e--__limit_k-250__payload_repeat-16__payload_width-512,1257.2,250.0,250.0,472.97,1,0.0,0.0,1.0,0.0,0.0,1.0,0.0,0.0,0.0,0.0,0.0,0.9962257397391027,2.0,2.0,200605.0,0.8007826325365769,0.9003913162682884,0.1106282145684658,1.0,0.0,2.0,8025088.0,0.800689039173153,0.9003445195865765,0.1106859410430839,1.0,64.0,0.0,0.5,1.0,1.0,1.0,1.0,2.0,0.0,1.0,0.0,0.0,200605.0,25.26,802.42,0.0037742602608973256,1.0000000000000002,200605.0,8025088.0,200605.0,8025088.000000001,1.0,802.42,250.0,0.001246230153784801,802.42,2.0,1.0,1.0,1.0,16.0,2.4315426821487813,0.011874080905261583,9.528,0.011874080905261583,311.237463315044,0.0,3.6813335729108188,1.6810691110496756,3.6813335729108188,,,-0.12703624113686668,-1.6102982738389395,2382.0,1.0,0.0,467.0,1.0,7.776115477098742,64.0,,0,64.0,200605.0,0.8135811628098837,0.033264375264823905,200605.0,0.8135811628098837,0.033264375264823905,1.8007826325365768,1.800689039173153,2.12892001694873,2.12892001694873,1.8880992893604245,0.0,1.0,0.0,64.0,0.0,0.0,0.0,0.0,0.0,0.0,64.0,0.0,0.0,0.0,0.0,64.0,0.0,1.0,1.0,0.0,0.8007826325365769,0.9003913162682884,0.8007826325365769,0.9003913162682884,0.41823743125258017,0.26060199309085036,0.059003102792513265,0.41823743125258017,0.26060199309085036,0.059003102792513265,1.0,1.0,0.0,1.0,2.0,1.0,0.0,1.0,0.0,0.0,0.0,0.0,0.0,0.0,0.0,64.0,0.0,0.0,0.0,0.0,0.0,0.0,0.0,0.0,0.0,0.0,0.0,0.0,0.0,0.0,0.0
20260702T015339Z-clean-run-eu-us-gac-region-asymmetry--079a967ee66a--nt_rollup__lookback_days-1__min_value-0__limit_k-50,2282.677,50.0,50.0,553.76,1,0.0,0.0,1.0,0.0,1.0,1.0,0.0,0.0,0.0,0.0,0.0,0.993418692175897,2.0,2.0,400000.0,0.8,0.9,0.1111111111111111,1.0,0.0,2.0,9601024.0,0.7999146757679181,0.899957337883959,0.11116378288694004,1.0,64.0,0.0,0.5,1.0,1.0,1.0,1.0,2.0,0.0,1.0,0.0,0.0,400000.0,253.28,8000.0,0.006581307824103076,1.0,400000.0,9601024.0,400000.0,9601024.0,1.0,8000.0,50.0,0.000125,8000.0,2.0,1.0,1.0,1.0,16.0,2.849829351535836,0.00835,66.8,0.00835,364.77815699658703,0.0,4.089709052981268,1.7871043862319218,4.089709052981268,2.972415666958002,,-1.37147927533475,1.2809266232859837,3340.0,1.0,0.0,248.0,1.0,8.114025442356757,64.0,,0,64.0,400000.0,0.812797637791843,0.0335,400000.0,0.812797637791843,0.0335,1.8,1.799914675767918,2.144,2.144,1.92,0.0,1.0,0.0,64.0,0.0,0.0,0.0,0.0,0.0,0.0,64.0,0.0,0.0,0.0,0.0,64.0,0.0,1.0,1.0,0.0,0.8,0.9,0.8,0.9,0.41376321731154403,0.2584256686768529,0.06,0.41376321731154403,0.2584256686768529,0.06,1.0,1.0,3.0,1.0,2.0,1.0,0.0,1.0,2.0,0.0,0.0,1.0,0.0,0.0,0.0,64.0,0.0,0.0,0.0,0.0,0.0,0.0,0.0,0.0,0.0,0.0,0.0,0.0,0.0,0.0,0.0
20260702T015358Z-clean-run-eu-us-gac-region-asymmetry--30a71d69b7f1--_fdw_multiregion_raw_region_rollup__lookback_days-1,2254.464,2.0,199.0,823.16,1,0.0,0.0,1.0,0.0,1.0,0.0,0.0,0.0,0.0,0.0,0.0,0.9951873261227503,2.0,2.0,400000.0,0.8,0.9,0.1111111111111111,1.0,0.0,2.0,6400000.0,0.8,0.9,0.1111111111111111,1.0,64.0,0.0,0.5,1.0,1.0,1.0,1.0,2.0,0.0,1.0,0.0,0.0,400000.0,6330.5,200000.0,0.004812673877249718,1.0,400000.0,6400000.0,400000.0,6400000.0,1.0,200000.0,2.0,5e-06,200000.0,2.0,1.0,1.0,1.0,16.0,3.37664,0.006595,1319.0,0.006595,432.20992,-4.199705077879927,4.199705077879927,3.0911017057484895,3.2826839391366915,-4.199705077879927,,-4.199705077879927,1.2809266232859837,2638.0,1.0,0.0,25.0,1.0,7.878155336503324,64.0,,0,64.0,400000.0,0.812797637791843,0.0335,400000.0,0.812797637791843,0.0335,1.8,1.8,2.144,2.144,1.92,0.0,1.0,0.0,64.0,0.0,0.0,0.0,0.0,0.0,0.0,64.0,0.0,0.0,0.0,0.0,64.0,0.0,1.0,1.0,0.0,0.8,0.9,0.8,0.9,0.41376321731154403,0.2584256686768529,0.06,0.41376321731154403,0.2584256686768529,0.06,1.0,1.0,1.0,1.0,2.0,0.0,0.0,1.0,0.0,0.0,0.0,0.0,0.0,0.0,0.0,64.0,0.0,0.0,0.0,0.0,0.0,0.0,0.0,0.0,0.0,0.0,0.0,0.0,0.0,0.0,0.0
20260702T015416Z-clean-run-eu-us-gac-region-asymmetry--fa349b98c441--_event_filter_summary__lookback_days-7__min_value-0,2184.318,1.0,1.0,593.86,1,0.0,0.0,0.0,0.0,1.0,0.0,0.0,0.0,0.0,0.0,0.0,0.9931021948269435,2.0,2.0,400000.0,0.8,0.9,0.1111111111111111,1.0,0.0,2.0,6400000.0,0.8,0.9,0.1111111111111111,1.0,64.0,0.0,0.5,1.0,1.0,1.0,1.0,2.0,0.0,1.0,0.0,0.0,400000.0,89810.0,400000.0,0.006897805173056515,1.0,400000.0,6400000.0,400000.0,6400000.0,1.0,400000.0,1.0,2.5e-06,400000.0,2.0,1.0,1.0,1.0,16.0,3.37664,0.006595,2638.0,0.006595,432.20992,0.0,5.86578744386029,1.1925466358396353,5.86578744386029,0.0,,,1.2809266232859837,2638.0,1.0,0.0,,1.0,7.878155336503324,64.0,,0,64.0,400000.0,0.812797637791843,0.0335,400000.0,0.812797637791843,0.0335,1.8,1.8,2.144,2.144,1.92,0.0,1.0,0.0,64.0,0.0,0.0,0.0,0.0,0.0,0.0,64.0,0.0,0.0,0.0,0.0,64.0,0.0,1.0,1.0,0.0,0.8,0.9,0.8,0.9,0.41376321731154403,0.2584256686768529,0.06,0.41376321731154403,0.2584256686768529,0.06,1.0,1.0,3.0,1.0,2.0,0.0,0.0,0.0,2.0,0.0,0.0,0.0,0.0,0.0,0.0,64.0,0.0,0.0,0.0,0.0,0.0,0.0,0.0,0.0,0.0,0.0,0.0,0.0,0.0,0.0,0.0
20260702T015434Z-clean-run-eu-us-gac-region-asymmetry--6e2946b618af--ultiregion_top_tenants__lookback_days-1__limit_k-25,2233.565,25.0,25.0,1048.02,1,0.0,0.0,1.0,0.0,1.0,1.0,0.0,0.0,0.0,0.0,0.0,0.9944438599279628,2.0,2.0,400000.0,0.8,0.9,0.1111111111111111,1.0,0.0,2.0,9601024.0,0.7999146757679181,0.899957337883959,0.11116378288694004,1.0,64.0,0.0,0.5,1.0,1.0,1.0,1.0,2.0,0.0,1.0,0.0,0.0,400000.0,506.24,16000.0,0.005556140072037238,1.0,400000.0,9601024.0,400000.0,9601024.0,1.0,16000.0,25.0,6.25e-05,16000.0,2.0,1.0,1.0,1.0,16.0,2.849829351535836,0.00835,133.6,0.00835,364.77815699658703,0.0,2.995732273553991,1.4461736525448035,2.995732273553991,2.2970974264413244,,-2.0452083700375936,1.2809266232859837,3340.0,1.0,0.0,158.0,1.0,8.114025442356757,64.0,,0,64.0,400000.0,0.812797637791843,0.0335,400000.0,0.812797637791843,0.0335,1.8,1.799914675767918,2.144,2.144,1.92,0.0,1.0,0.0,64.0,0.0,0.0,0.0,0.0,0.0,0.0,64.0,0.0,0.0,0.0,0.0,64.0,0.0,1.0,1.0,0.0,0.8,0.9,0.8,0.9,0.41376321731154403,0.2584256686768529,0.06,0.41376321731154403,0.2584256686768529,0.06,1.0,1.0,3.0,1.0,2.0,1.0,0.0,2.0,2.0,0.0,0.0,0.0,0.0,0.0,0.0,64.0,0.0,0.0,0.0,0.0,0.0,0.0,0.0,0.0,0.0,0.0,0.0,0.0,0.0,0.0,0.0
20260702T015451Z-clean-run-eu-us-gac-region-asymmetry--7671648e5c9b--ultiregion_top_tenants__lookback_days-1__limit_k-50,3141.848,50.0,50.0,1049.08,1,0.0,0.0,1.0,0.0,1.0,1.0,0.0,0.0,0.0,0.0,0.0,0.9921934479325544,2.0,2.0,400000.0,0.8,0.9,0.1111111111111111,1.0,0.0,2.0,9601024.0,0.7999146757679181,0.899957337883959,0.11116378288694004,1.0,64.0,0.0,0.5,1.0,1.0,1.0,1.0,2.0,0.0,1.0,0.0,0.0,400000.0,253.06,8000.0,0.00780655206744567,1.0,400000.0,9601024.0,400000.0,9601024.0,1.0,8000.0,50.0,0.000125,8000.0,2.0,1.0,1.0,1.0,16.0,2.849829351535836,0.00835,66.8,0.00835,364.77815699658703,0.0,2.995556819566349,1.384837309148383,2.995556819566349,2.2970974264413244,,1.6368229908819538,1.2809266232859837,3340.0,1.0,0.0,158.0,1.0,8.114025442356757,64.0,,0,64.0,400000.0,0.812797637791843,0.0335,400000.0,0.812797637791843,0.0335,1.8,1.799914675767918,2.144,2.144,1.92,0.0,1.0,0.0,64.0,0.0,0.0,0.0,0.0,0.0,0.0,64.0,0.0,0.0,0.0,0.0,64.0,0.0,1.0,1.0,0.0,0.8,0.9,0.8,0.9,0.41376321731154403,0.2584256686768529,0.06,0.41376321731154403,0.2584256686768529,0.06,1.0,1.0,3.0,1.0,2.0,1.0,0.0,2.0,2.0,0.0,0.0,0.0,0.0,0.0,0.0,64.0,0.0,0.0,0.0,0.0,0.0,0.0,0.0,0.0,0.0,0.0,0.0,0.0,0.0,0.0,0.0
20260702T015509Z-clean-run-eu-us-gac-region-asymmetry--2172348787f9--egion_global_user_join__lookback_days-7__limit_k-25,4199.776,18.0,18.0,1608.99,1,0.0,1.0,1.0,0.0,1.0,1.0,0.0,2.0,0.0,2.0,0.0,0.8893152872915127,4.0,4.0,600000.0,0.8,0.9,0.1111111111111111,1.0,0.0,2.0,19140608.0,0.8001283971752622,0.9000641985876311,0.11103185924869234,1.0,128.0,0.0,0.5,1.0,1.0,1.0,1.0,4.0,0.0,1.0,0.0,0.0,600000.0,16100.111111111111,33333.333333333336,0.11068471270848734,1.0,600000.0,19140608.0,600000.0,19140608.0,1.0,33333.333333333336,18.0,3e-05,33333.333333333336,4.0,2.0,2.0,2.0,32.0,28.30601326770811,0.11022833333333333,3674.277777777778,0.11022833333333333,3623.169698266638,0.0,8.996837697698654,3.1240353241020644,5.698800488685285,0.0,8.996837697698654,8.996837697698654,-1.609397913634059,66137.0,1.0,3.0,8864.0,1.0,14.09949874719137,128.0,,0,128.0,600000.0,0.9696808180473041,0.022333333333333334,600000.0,0.9696808180473041,0.022333333333333334,1.8,1.8001283971752622,2.8586666666666667,2.8586666666666667,2.56,0.0,1.0,0.0,128.0,0.0,0.0,0.0,0.0,0.0,0.0,128.0,0.0,0.0,0.0,0.0,128.0,0.0,1.0,1.0,0.0,0.8,0.9,0.8,0.9,0.5692880544055784,0.4975744595008247,0.04,0.5692880544055784,0.4975744595008247,0.04,1.0,1.0,3.0,1.0,4.0,1.0,2.0,8.0,2.0,0.0,0.0,0.0,0.0,0.0,0.0,128.0,0.0,0.0,0.0,0.0,0.0,0.0,0.0,0.0,0.0,0.0,0.0,0.0,0.0,0.0,0.0
20260702T015528Z-clean-run-eu-us-gac-region-asymmetry--47a7a207bfd3--vent_filter_summary__lookback_days-1__min_value-500,1127.28,1.0,1.0,593.86,1,0.0,0.0,0.0,0.0,1.0,0.0,0.0,0.0,0.0,0.0,0.0,0.9983961393797459,2.0,2.0,200605.0,0.8007826325365769,0.9003913162682884,0.1106282145684658,1.0,0.0,2.0,3209216.0,0.8008934269304403,0.9004467134652202,0.1105598866052445,1.0,64.0,0.0,0.5,1.0,1.0,1.0,1.0,2.0,0.0,1.0,0.0,0.0,200605.0,6304.0,200605.0,0.0016038606202540564,1.0,200605.0,3209216.0,200605.0,3209216.0,1.0,200605.0,1.0,4.984920615139204e-06,200605.0,2.0,1.0,1.0,1.0,16.0,3.379706445437141,0.006600034894444306,1324.0,0.006600034894444306,432.60242501595405,0.0,3.2086931526153797,0.5293594504298343,3.2086931526153797,0.0,,,-1.6102982738389395,1324.0,1.0,0.0,,1.0,7.1891677384203225,64.0,,0,64.0,200605.0,0.8135811628098837,0.033264375264823905,200605.0,0.8135811628098837,0.033264375264823905,1.8007826325365768,1.8008934269304404,2.12892001694873,2.12892001694873,1.8880992893604245,0.0,1.0,0.0,64.0,0.0,0.0,0.0,0.0,0.0,0.0,64.0,0.0,0.0,0.0,0.0,64.0,0.0,1.0,1.0,0.0,0.8007826325365769,0.9003913162682884,0.8007826325365769,0.9003913162682884,0.41823743125258017,0.26060199309085036,0.059003102792513265,0.41823743125258017,0.26060199309085036,0.059003102792513265,1.0,1.0,3.0,1.0,2.0,0.0,0.0,0.0,2.0,0.0,0.0,0.0,0.0,0.0,0.0,64.0,0.0,0.0,0.0,0.0,0.0,0.0,0.0,0.0,0.0,0.0,0.0,0.0,0.0,0.0,0.0
20260702T015543Z-clean-run-eu-us-gac-region-asymmetry--f087fe22f99d--ultiregion_top_tenants__lookback_days-7__limit_k-50,2366.485,50.0,50.0,1049.08,1,0.0,0.0,1.0,0.0,1.0,1.0,0.0,0.0,0.0,0.0,0.0,0.985890888807662,2.0,2.0,400000.0,0.8,0.9,0.1111111111111111,1.0,0.0,2.0,9601024.0,0.7999146757679181,0.899957337883959,0.11116378288694004,1.0,64.0,0.0,0.5,1.0,1.0,1.0,1.0,2.0,0.0,1.0,0.0,0.0,400000.0,1795.96,8000.0,0.014109111192338056,1.0,400000.0,9601024.0,400000.0,9601024.0,1.0,8000.0,50.0,0.000125,8000.0,2.0,1.0,1.0,1.0,16.0,2.849829351535836,0.00835,66.8,0.00835,364.77815699658703,0.0,4.953749288970117,1.7425661838258186,4.953749288970117,2.2980974265246576,,1.637822990965287,1.2809266232859837,3340.0,1.0,0.0,158.0,1.0,8.114025442356757,64.0,,0,64.0,400000.0,0.812797637791843,0.0335,400000.0,0.812797637791843,0.0335,1.8,1.799914675767918,2.144,2.144,1.92,0.0,1.0,0.0,64.0,0.0,0.0,0.0,0.0,0.0,0.0,64.0,0.0,0.0,0.0,0.0,64.0,0.0,1.0,1.0,0.0,0.8,0.9,0.8,0.9,0.41376321731154403,0.2584256686768529,0.06,0.41376321731154403,0.2584256686768529,0.06,1.0,1.0,3.0,1.0,2.0,1.0,0.0,2.0,2.0,0.0,0.0,0.0,0.0,0.0,0.0,64.0,0.0,0.0,0.0,0.0,0.0,0.0,0.0,0.0,0.0,0.0,0.0,0.0,0.0,0.0,0.0
20260702T015600Z-clean-run-eu-us-gac-region-asymmetry--718f3eaa6f8f--t_rollup__lookback_days-14__min_value-0__limit_k-50,2749.093,50.0,50.0,553.76,1,0.0,0.0,1.0,0.0,1.0,1.0,0.0,0.0,0.0,0.0,0.0,0.9619525421657252,2.0,2.0,400000.0,0.8,0.9,0.1111111111111111,1.0,0.0,2.0,9601024.0,0.7999146757679181,0.899957337883959,0.11116378288694004,1.0,64.0,0.0,0.5,1.0,1.0,1.0,1.0,2.0,0.0,1.0,0.0,0.0,400000.0,3600.3,8000.0,0.0380474578342748,1.0,400000.0,9601024.0,400000.0,9601024.0,1.0,8000.0,50.0,0.000125,8000.0,2.0,1.0,1.0,1.0,16.0,2.849829351535836,0.00835,66.8,0.00835,364.77815699658703,0.0,6.743312726562377,3.3348695038536005,6.743312726562377,5.3086543800555726,,-1.37147927533475,1.2809266232859837,3340.0,1.0,0.0,2340.0,1.0,8.114025442356757,64.0,,0,64.0,400000.0,0.812797637791843,0.0335,400000.0,0.812797637791843,0.0335,1.8,1.799914675767918,2.144,2.144,1.92,0.0,1.0,0.0,64.0,0.0,0.0,0.0,0.0,0.0,0.0,64.0,0.0,0.0,0.0,0.0,64.0,0.0,1.0,1.0,0.0,0.8,0.9,0.8,0.9,0.41376321731154403,0.2584256686768529,0.06,0.41376321731154403,0.2584256686768529,0.06,1.0,1.0,3.0,1.0,2.0,1.0,0.0,1.0,2.0,0.0,0.0,1.0,0.0,0.0,0.0,64.0,0.0,0.0,0.0,0.0,0.0,0.0,0.0,0.0,0.0,0.0,0.0,0.0,0.0,0.0,0.0
20260702T015617Z-clean-run-eu-us-gac-region-asymmetry--335454cf51b0--eu_tenant_id-1__us_tenant_id-10001__lookback_days-7,36.154,2.0,2.0,305.8,1,0.0,0.0,1.0,0.0,1.0,0.0,0.0,0.0,0.0,0.0,0.0,0.9976212867179287,2.0,2.0,400.0,0.0,0.5,1.0,1.0,0.0,2.0,9600.0,0.0,0.5,1.0,1.0,2.0,0.0,0.5,1.0,1.0,1.0,1.0,2.0,0.0,1.0,0.0,0.0,400.0,39.0,200.0,0.0023787132820712958,1.5,400.0,9600.0,600.0,14400.0,1.5,200.0,2.0,0.005,200.0,0.0625,0.03125,0.03125,0.03125,0.5,0.0,0.0,0.0,0.0,0.0,0.0,2.3749057545736716,0.766588217683001,2.3749057545736716,0.0,,0.0,5.303304908059076,0.0,0.0,0.0,25.0,1.0,0.0,2.0,,0,2.0,400.0,0.0,0.5,600.0,0.3333333333333333,0.6666666666666666,1.0,1.0,1.3333333333333333,1.0,1.0,0.0,0.3333333333333333,0.6666666666666666,3.0,1.0,0.5,0.0,0.0,0.0,0.0,3.0,0.0,0.0,2.0,1.0,1.0,0.0,2.0,0.5,0.0,0.0,0.5,0.3333333333333333,0.6666666666666666,0.0,0.0,1.0,0.0,0.0,1.0,1.0,1.0,2.0,1.0,2.0,0.0,0.0,1.0,0.0,0.0,0.0,0.0,0.0,0.0,0.0,1.0,0.0,0.0,1.0,1.0,0.0,0.0,0.0,0.0,0.0,0.0,0.0,0.0,0.0,0.0,0.0
20260702T015632Z-clean-run-eu-us-gac-region-asymmetry--2ee951e037e4--_rollup__lookback_days-7__min_value-500__limit_k-50,1160.152,50.0,50.0,553.76,1,0.0,0.0,1.0,0.0,1.0,1.0,0.0,0.0,0.0,0.0,0.0,0.9693350526482737,2.0,2.0,200605.0,0.8007826325365769,0.9003913162682884,0.1106282145684658,1.0,0.0,2.0,4813824.0,0.8008934269304403,0.9004467134652202,0.1105598866052445,1.0,64.0,0.0,0.5,1.0,1.0,1.0,1.0,2.0,0.0,1.0,0.0,0.0,200605.0,903.7,4012.1,0.030664947351726344,1.0,200605.0,4813824.0,200605.0,4813824.0,1.0,4012.1,50.0,0.0002492460307569602,4012.1,2.0,1.0,1.0,1.0,16.0,2.8521591150818977,0.008354726950973305,33.52,0.008354726950973305,365.0763667304829,0.0,5.361734513106788,2.6440405732518815,5.361734513106788,4.581613646572141,,-1.37147927533475,-1.6102982738389395,1676.0,1.0,0.0,1144.0,1.0,7.424761761823209,64.0,,0,64.0,200605.0,0.8135811628098837,0.033264375264823905,200605.0,0.8135811628098837,0.033264375264823905,1.8007826325365768,1.8008934269304404,2.12892001694873,2.12892001694873,1.8880992893604245,0.0,1.0,0.0,64.0,0.0,0.0,0.0,0.0,0.0,0.0,64.0,0.0,0.0,0.0,0.0,64.0,0.0,1.0,1.0,0.0,0.8007826325365769,0.9003913162682884,0.8007826325365769,0.9003913162682884,0.41823743125258017,0.26060199309085036,0.059003102792513265,0.41823743125258017,0.26060199309085036,0.059003102792513265,1.0,1.0,3.0,1.0,2.0,1.0,0.0,1.0,2.0,0.0,0.0,1.0,0.0,0.0,0.0,64.0,0.0,0.0,0.0,0.0,0.0,0.0,0.0,0.0,0.0,0.0,0.0,0.0,0.0,0.0,0.0
20260702T015647Z-clean-run-eu-us-gac-region-asymmetry--43736f2d47cb--ulti_dimension_rollup__lookback_days-7__limit_k-100,3433.043,96.0,16.0,2320.65,1,0.0,1.0,1.0,1.0,1.0,1.0,0.0,4.0,4.0,0.0,0.0,0.9224582972016371,6.0,6.0,602000.0,0.8,0.9,0.1111111111111111,1.0,0.0,2.0,17545214.0,0.8001636229686341,0.900081811484317,0.11101011845901958,1.0,130.0,0.0,0.5,1.0,1.0,1.0,1.0,6.0,0.0,1.0,0.0,0.0,602000.0,3039.4791666666665,6270.833333333333,0.07754170279836291,1.0,602000.0,17545214.0,602000.0,17545214.0,1.0,6270.833333333333,96.0,0.00015946843853820598,6270.833333333333,4.0625,2.03125,2.03125,2.03125,32.5,6.081009214250678,0.021634551495016613,135.66666666666666,0.021634551495016613,778.3691794240868,1.7414976344471669,10.20068669367975,3.4354462092981124,5.108983576494711,3.4760986898352733,10.20068669367975,10.20068669367975,7.496097345175956,13024.0,1.0,1.0,3640.0,1.0,10.474625866621567,130.0,,0,130.0,602000.0,0.9288334875280709,0.022259136212624583,602000.0,0.9288334875280709,0.022259136212624583,1.8,1.800163622968634,2.8936877076411958,2.8936877076411958,2.591362126245847,0.0,1.0,0.0,130.0,0.0,0.0,0.0,0.0,0.0,0.0,130.0,0.0,0.0,0.0,0.0,130.0,0.0,1.0,1.0,0.0,0.8,0.9,0.8,0.9,0.5600150422052648,0.46277572019461477,0.03986710963455149,0.5600150422052648,0.46277572019461477,0.03986710963455149,1.0,1.0,3.0,1.0,6.0,1.0,0.0,3.0,2.0,4.0,4.0,1.0,0.0,0.0,0.0,130.0,0.0,0.0,0.0,0.0,0.0,0.0,0.0,0.0,0.0,0.0,0.0,0.0,0.0,0.0,0.0
20260702T015705Z-clean-run-eu-us-gac-region-asymmetry--b0e4c0e85729--multi_dimension_rollup__lookback_days-7__limit_k-50,3458.434,50.0,16.0,2320.65,1,0.0,1.0,1.0,1.0,1.0,1.0,0.0,4.0,4.0,0.0,0.0,0.9171729169907535,6.0,6.0,602000.0,0.8,0.9,0.1111111111111111,1.0,0.0,2.0,17545214.0,0.8001636229686341,0.900081811484317,0.11101011845901958,1.0,130.0,0.0,0.5,1.0,1.0,1.0,1.0,6.0,0.0,1.0,0.0,0.0,602000.0,5835.76,12040.0,0.08282708300924645,1.0,602000.0,17545214.0,602000.0,17545214.0,1.0,12040.0,50.0,8.305647840531562e-05,12040.0,4.0625,2.03125,2.03125,2.03125,32.5,6.081009214250678,0.021634551495016613,260.48,0.021634551495016613,778.3691794240868,1.0986122886681098,10.200661930171254,3.3480580241332074,5.1089588129862165,3.4760986898352733,10.200661930171254,10.200661930171254,7.496097345175956,13024.0,1.0,1.0,3640.0,1.0,10.474625866621567,130.0,,0,130.0,602000.0,0.9288334875280709,0.022259136212624583,602000.0,0.9288334875280709,0.022259136212624583,1.8,1.800163622968634,2.8936877076411958,2.8936877076411958,2.591362126245847,0.0,1.0,0.0,130.0,0.0,0.0,0.0,0.0,0.0,0.0,130.0,0.0,0.0,0.0,0.0,130.0,0.0,1.0,1.0,0.0,0.8,0.9,0.8,0.9,0.5600150422052648,0.46277572019461477,0.03986710963455149,0.5600150422052648,0.46277572019461477,0.03986710963455149,1.0,1.0,3.0,1.0,6.0,1.0,0.0,3.0,2.0,4.0,4.0,1.0,0.0,0.0,0.0,130.0,0.0,0.0,0.0,0.0,0.0,0.0,0.0,0.0,0.0,0.0,0.0,0.0,0.0,0.0,0.0
20260702T015725Z-clean-run-eu-us-gac-region-asymmetry--3332e590ebe4--ent_filter_summary__lookback_days-30__min_value-500,1015.64,1.0,1.0,593.86,1,0.0,0.0,0.0,0.0,1.0,0.0,0.0,0.0,0.0,0.0,0.0,0.9776003308258832,2.0,2.0,200605.0,0.8007826325365769,0.9003913162682884,0.1106282145684658,1.0,0.0,2.0,3209216.0,0.8008934269304403,0.9004467134652202,0.1105598866052445,1.0,64.0,0.0,0.5,1.0,1.0,1.0,1.0,2.0,0.0,1.0,0.0,0.0,200605.0,193898.0,200605.0,0.022399669174116812,1.0,200605.0,3209216.0,200605.0,3209216.0,1.0,200605.0,1.0,4.984920615139204e-06,200605.0,2.0,1.0,1.0,1.0,16.0,3.379706445437141,0.006600034894444306,1324.0,0.006600034894444306,432.60242501595405,0.0,6.636359082764586,1.3840063314265905,6.636359082764586,0.0,,,-1.6102982738389395,1324.0,1.0,0.0,,1.0,7.1891677384203225,64.0,,0,64.0,200605.0,0.8135811628098837,0.033264375264823905,200605.0,0.8135811628098837,0.033264375264823905,1.8007826325365768,1.8008934269304404,2.12892001694873,2.12892001694873,1.8880992893604245,0.0,1.0,0.0,64.0,0.0,0.0,0.0,0.0,0.0,0.0,64.0,0.0,0.0,0.0,0.0,64.0,0.0,1.0,1.0,0.0,0.8007826325365769,0.9003913162682884,0.8007826325365769,0.9003913162682884,0.41823743125258017,0.26060199309085036,0.059003102792513265,0.41823743125258017,0.26060199309085036,0.059003102792513265,1.0,1.0,3.0,1.0,2.0,0.0,0.0,0.0,2.0,0.0,0.0,0.0,0.0,0.0,0.0,64.0,0.0,0.0,0.0,0.0,0.0,0.0,0.0,0.0,0.0,0.0,0.0,0.0,0.0,0.0,0.0
20260702T015743Z-clean-run-eu-us-gac-region-asymmetry--d307fb9fc759--ulti_dimension_rollup__lookback_days-30__limit_k-50,4311.257,50.0,16.0,2320.65,1,0.0,1.0,1.0,1.0,1.0,1.0,0.0,4.0,4.0,0.0,0.0,0.7404455359538994,6.0,6.0,602000.0,0.8,0.9,0.1111111111111111,1.0,0.0,2.0,17545214.0,0.8001636229686341,0.900081811484317,0.11101011845901958,1.0,130.0,0.0,0.5,1.0,1.0,1.0,1.0,6.0,0.0,1.0,0.0,0.0,602000.0,11774.54,12040.0,0.2595544640461006,1.0,602000.0,17545214.0,602000.0,17545214.0,1.0,12040.0,50.0,8.305647840531562e-05,12040.0,4.0625,2.03125,2.03125,2.03125,32.5,60.57897270446516,0.21552325581395348,2594.9,0.21552325581395348,7754.10850617154,1.0986122886681098,11.661503503577563,4.203074889477917,6.569800386392526,4.822966130975706,11.661503503577563,11.661503503577563,7.496097345175956,129745.0,1.0,1.0,15656.0,8.0,14.852775513716384,130.0,,0,130.0,602000.0,0.9288334875280709,0.022259136212624583,602000.0,0.9288334875280709,0.022259136212624583,1.8,1.800163622968634,2.8936877076411958,2.8936877076411958,2.591362126245847,0.0,1.0,0.0,130.0,0.0,0.0,0.0,0.0,0.0,0.0,130.0,0.0,0.0,0.0,0.0,130.0,0.0,1.0,1.0,0.0,0.8,0.9,0.8,0.9,0.5600150422052648,0.46277572019461477,0.03986710963455149,0.5600150422052648,0.46277572019461477,0.03986710963455149,1.0,1.0,3.0,1.0,6.0,1.0,0.0,3.0,2.0,4.0,4.0,1.0,0.0,0.0,0.0,130.0,0.0,0.0,0.0,0.0,0.0,0.0,0.0,0.0,0.0,0.0,0.0,0.0,0.0,0.0,0.0
20260702T015802Z-clean-run-eu-us-gac-region-asymmetry--8712b57d3901--__gac_etl_top_tenants__lookback_days-30__limit_k-25,1.845,25.0,25.0,181.77,0,0.0,0.0,1.0,0.0,1.0,1.0,0.0,0.0,0.0,0.0,0.0,0.0,0.0,,,,,,,0.0,0.0,,,,,,,,,,,,,,,,,,,,,1.0,,,,,,,,25.0,,,,,,,,,,0.0,,,0.0,4.236889695929051,1.0592224239822627,,0.0,,-4.236889695929051,,0.0,0.0,0.0,27.0,1.0,0.0,,,0,,,,,,,,,,,,,,,,,,,,,,,,,,,,,,,,,,,,,,,,,,,,,1.0,0.0,0.0,1.0,0.0,1.0,0.0,0.0,0.0,0.0,1.0,0.0,0.0,,,,,,,,,,,,,,,,
20260702T015817Z-clean-run-eu-us-gac-region-asymmetry--3efaacbb38d0--_rollup__lookback_days-1__min_value-500__limit_k-50,1104.013,50.0,50.0,553.76,1,0.0,0.0,1.0,0.0,1.0,1.0,0.0,0.0,0.0,0.0,0.0,0.9937527909544543,2.0,2.0,200605.0,0.8007826325365769,0.9003913162682884,0.1106282145684658,1.0,0.0,2.0,4813824.0,0.8008934269304403,0.9004467134652202,0.1105598866052445,1.0,64.0,0.0,0.5,1.0,1.0,1.0,1.0,2.0,0.0,1.0,0.0,0.0,200605.0,125.86,4012.1,0.0062472090455456,1.0,200605.0,4813824.0,200605.0,4813824.0,1.0,4012.1,50.0,0.0002492460307569602,4012.1,2.0,1.0,1.0,1.0,16.0,2.8521591150818977,0.008354726950973305,33.52,0.008354726950973305,365.0763667304829,0.0,3.3885523238148827,1.4735536602584949,3.3885523238148827,2.792410497636949,,-1.37147927533475,-1.6102982738389395,1676.0,1.0,0.0,223.0,1.0,7.424761761823209,64.0,,0,64.0,200605.0,0.8135811628098837,0.033264375264823905,200605.0,0.8135811628098837,0.033264375264823905,1.8007826325365768,1.8008934269304404,2.12892001694873,2.12892001694873,1.8880992893604245,0.0,1.0,0.0,64.0,0.0,0.0,0.0,0.0,0.0,0.0,64.0,0.0,0.0,0.0,0.0,64.0,0.0,1.0,1.0,0.0,0.8007826325365769,0.9003913162682884,0.8007826325365769,0.9003913162682884,0.41823743125258017,0.26060199309085036,0.059003102792513265,0.41823743125258017,0.26060199309085036,0.059003102792513265,1.0,1.0,3.0,1.0,2.0,1.0,0.0,1.0,2.0,0.0,0.0,1.0,0.0,0.0,0.0,64.0,0.0,0.0,0.0,0.0,0.0,0.0,0.0,0.0,0.0,0.0,0.0,0.0,0.0,0.0,0.0
20260702T015832Z-clean-run-eu-us-gac-region-asymmetry--ab2fecb10b69--ltiregion_top_tenants__lookback_days-30__limit_k-50,2437.431,50.0,50.0,1049.08,1,0.0,0.0,1.0,0.0,1.0,1.0,0.0,0.0,0.0,0.0,0.0,0.9627878696873879,2.0,2.0,400000.0,0.8,0.9,0.1111111111111111,1.0,0.0,2.0,9601024.0,0.7999146757679181,0.899957337883959,0.11116378288694004,1.0,64.0,0.0,0.5,1.0,1.0,1.0,1.0,2.0,0.0,1.0,0.0,0.0,400000.0,7734.34,8000.0,0.037212130312612016,1.0,400000.0,9601024.0,400000.0,9601024.0,1.0,8000.0,50.0,0.000125,8000.0,2.0,1.0,1.0,1.0,16.0,2.849829351535836,0.00835,66.8,0.00835,364.77815699658703,0.0,6.414450699912981,2.007615101245453,6.414450699912981,2.2980974265246576,,1.637822990965287,1.2809266232859837,3340.0,1.0,0.0,158.0,1.0,8.114025442356757,64.0,,0,64.0,400000.0,0.812797637791843,0.0335,400000.0,0.812797637791843,0.0335,1.8,1.799914675767918,2.144,2.144,1.92,0.0,1.0,0.0,64.0,0.0,0.0,0.0,0.0,0.0,0.0,64.0,0.0,0.0,0.0,0.0,64.0,0.0,1.0,1.0,0.0,0.8,0.9,0.8,0.9,0.41376321731154403,0.2584256686768529,0.06,0.41376321731154403,0.2584256686768529,0.06,1.0,1.0,3.0,1.0,2.0,1.0,0.0,2.0,2.0,0.0,0.0,0.0,0.0,0.0,0.0,64.0,0.0,0.0,0.0,0.0,0.0,0.0,0.0,0.0,0.0,0.0,0.0,0.0,0.0,0.0,0.0
20260702T015849Z-clean-run-eu-us-gac-region-asymmetry--9da4ca628521--gion_user_segment_join__lookback_days-7__limit_k-50,4029.68,9.0,22.0,1713.87,1,0.0,1.0,1.0,0.0,1.0,1.0,0.0,2.0,0.0,2.0,0.0,0.8924584582398603,4.0,4.0,600000.0,0.8,0.9,0.1111111111111111,1.0,0.0,2.0,18740224.0,0.8001202120102726,0.9000601060051363,0.11103691112190384,1.0,128.0,0.0,0.5,1.0,1.0,1.0,1.0,4.0,0.0,1.0,0.0,0.0,600000.0,32196.666666666668,66666.66666666667,0.10754154176013969,1.0,600000.0,18740224.0,600000.0,18740224.0,1.0,66666.66666666667,9.0,1.5e-05,66666.66666666667,4.0,2.0,2.0,2.0,32.0,27.968307742746298,0.106635,7109.0,0.106635,3579.943391071526,-0.832909122935104,8.814181823188319,3.210075988042003,5.431219595554592,-0.832909122935104,8.814181823188319,8.814181823188319,-1.609397913634059,63981.0,1.0,3.0,8504.0,1.0,14.06635707278361,128.0,,0,128.0,600000.0,0.9193234227167039,0.022333333333333334,600000.0,0.9193234227167039,0.022333333333333334,1.8,1.8001202120102726,2.8586666666666667,2.8586666666666667,2.56,0.0,1.0,0.0,128.0,0.0,0.0,0.0,0.0,0.0,0.0,128.0,0.0,0.0,0.0,0.0,128.0,0.0,1.0,1.0,0.0,0.8,0.9,0.8,0.9,0.5489383693397041,0.4497682628301233,0.04,0.5489383693397041,0.4497682628301233,0.04,1.0,1.0,3.0,1.0,4.0,1.0,2.0,8.0,2.0,0.0,0.0,0.0,0.0,0.0,0.0,128.0,0.0,0.0,0.0,0.0,0.0,0.0,0.0,0.0,0.0,0.0,0.0,0.0,0.0,0.0,0.0
20260702T015908Z-clean-run-eu-us-gac-region-asymmetry--bdeac4bbe9e6--ltiregion_top_tenants__lookback_days-30__limit_k-25,2250.955,25.0,25.0,1048.02,1,0.0,0.0,1.0,0.0,1.0,1.0,0.0,0.0,0.0,0.0,0.0,0.957634426276847,2.0,2.0,400000.0,0.8,0.9,0.1111111111111111,1.0,0.0,2.0,9601024.0,0.7999146757679181,0.899957337883959,0.11116378288694004,1.0,64.0,0.0,0.5,1.0,1.0,1.0,1.0,2.0,0.0,1.0,0.0,0.0,400000.0,15468.36,16000.0,0.042365573723152986,1.0,400000.0,9601024.0,400000.0,9601024.0,1.0,16000.0,25.0,6.25e-05,16000.0,2.0,1.0,1.0,1.0,16.0,2.849829351535836,0.00835,133.6,0.00835,364.77815699658703,0.0,6.414430587368931,2.068859021669041,6.414430587368931,2.2980974265246576,,-2.0452083700375936,1.2809266232859837,3340.0,1.0,0.0,158.0,1.0,8.114025442356757,64.0,,0,64.0,400000.0,0.812797637791843,0.0335,400000.0,0.812797637791843,0.0335,1.8,1.799914675767918,2.144,2.144,1.92,0.0,1.0,0.0,64.0,0.0,0.0,0.0,0.0,0.0,0.0,64.0,0.0,0.0,0.0,0.0,64.0,0.0,1.0,1.0,0.0,0.8,0.9,0.8,0.9,0.41376321731154403,0.2584256686768529,0.06,0.41376321731154403,0.2584256686768529,0.06,1.0,1.0,3.0,1.0,2.0,1.0,0.0,2.0,2.0,0.0,0.0,0.0,0.0,0.0,0.0,64.0,0.0,0.0,0.0,0.0,0.0,0.0,0.0,0.0,0.0,0.0,0.0,0.0,0.0,0.0,0.0
20260702T015925Z-clean-run-eu-us-gac-region-asymmetry--fecf31322963--rollup__lookback_days-30__min_value-500__limit_k-50,1484.952,50.0,50.0,553.76,1,0.0,0.0,1.0,0.0,1.0,1.0,0.0,0.0,0.0,0.0,0.0,0.9065902466881085,2.0,2.0,200605.0,0.8007826325365769,0.9003913162682884,0.1106282145684658,1.0,0.0,2.0,4813824.0,0.8008934269304403,0.9004467134652202,0.1105598866052445,1.0,64.0,0.0,0.5,1.0,1.0,1.0,1.0,2.0,0.0,1.0,0.0,0.0,200605.0,3877.68,4012.1,0.09340975331189146,1.0,200605.0,4813824.0,200605.0,4813824.0,1.0,4012.1,50.0,0.0002492460307569602,4012.1,2.0,1.0,1.0,1.0,16.0,7.20187194213997,0.02109618404326911,84.64,0.02109618404326911,921.8396085939162,0.0,6.817733186804758,3.559433744222044,6.817733186804758,6.011956275154986,,-1.37147927533475,-1.6102982738389395,4232.0,1.0,1.0,2848.0,1.0,9.350666240520924,64.0,,0,64.0,200605.0,0.8135811628098837,0.033264375264823905,200605.0,0.8135811628098837,0.033264375264823905,1.8007826325365768,1.8008934269304404,2.12892001694873,2.12892001694873,1.8880992893604245,0.0,1.0,0.0,64.0,0.0,0.0,0.0,0.0,0.0,0.0,64.0,0.0,0.0,0.0,0.0,64.0,0.0,1.0,1.0,0.0,0.8007826325365769,0.9003913162682884,0.8007826325365769,0.9003913162682884,0.41823743125258017,0.26060199309085036,0.059003102792513265,0.41823743125258017,0.26060199309085036,0.059003102792513265,1.0,1.0,3.0,1.0,2.0,1.0,0.0,1.0,2.0,0.0,0.0,1.0,0.0,0.0,0.0,64.0,0.0,0.0,0.0,0.0,0.0,0.0,0.0,0.0,0.0,0.0,0.0,0.0,0.0,0.0,0.0
20260702T015943Z-clean-run-eu-us-gac-region-asymmetry--92aeca902928--gion_user_segment_join__lookback_days-7__limit_k-25,3826.828,9.0,22.0,1713.87,1,0.0,1.0,1.0,0.0,1.0,1.0,0.0,2.0,0.0,2.0,0.0,0.8968085317657338,4.0,4.0,600000.0,0.8,0.9,0.1111111111111111,1.0,0.0,2.0,18740224.0,0.8001202120102726,0.9000601060051363,0.11103691112190384,1.0,128.0,0.0,0.5,1.0,1.0,1.0,1.0,4.0,0.0,1.0,0.0,0.0,600000.0,32196.333333333332,66666.66666666667,0.10319146823426613,1.0,600000.0,18740224.0,600000.0,18740224.0,1.0,66666.66666666667,9.0,1.5e-05,66666.66666666667,4.0,2.0,2.0,2.0,32.0,27.968307742746298,0.106635,7109.0,0.106635,3579.943391071526,-0.832909122935104,8.814157054466259,3.210050161286689,5.431219595554592,-0.832909122935104,8.814157054466259,8.814157054466259,-1.609397913634059,63981.0,1.0,3.0,8504.0,1.0,14.06635707278361,128.0,,0,128.0,600000.0,0.9193234227167039,0.022333333333333334,600000.0,0.9193234227167039,0.022333333333333334,1.8,1.8001202120102726,2.8586666666666667,2.8586666666666667,2.56,0.0,1.0,0.0,128.0,0.0,0.0,0.0,0.0,0.0,0.0,128.0,0.0,0.0,0.0,0.0,128.0,0.0,1.0,1.0,0.0,0.8,0.9,0.8,0.9,0.5489383693397041,0.4497682628301233,0.04,0.5489383693397041,0.4497682628301233,0.04,1.0,1.0,3.0,1.0,4.0,1.0,2.0,8.0,2.0,0.0,0.0,0.0,0.0,0.0,0.0,128.0,0.0,0.0,0.0,0.0,0.0,0.0,0.0,0.0,0.0,0.0,0.0,0.0,0.0,0.0,0.0
20260702T020003Z-clean-run-eu-us-gac-region-asymmetry--714c774c5016--ion_user_segment_join__lookback_days-30__limit_k-25,5659.775,9.0,22.0,1713.87,1,0.0,1.0,1.0,0.0,1.0,1.0,0.0,2.0,0.0,2.0,0.0,0.7972120799855119,4.0,4.0,600000.0,0.8,0.9,0.1111111111111111,1.0,0.0,2.0,18740224.0,0.8001202120102726,0.9000601060051363,0.11103691112190384,1.0,128.0,0.0,0.5,1.0,1.0,1.0,1.0,4.0,0.0,1.0,0.0,0.0,600000.0,65189.444444444445,66666.66666666667,0.20278792001448812,1.0,600000.0,18740224.0,600000.0,18740224.0,1.0,66666.66666666667,9.0,1.5e-05,66666.66666666667,4.0,2.0,2.0,2.0,32.0,56.580514725971256,0.215725,14381.666666666666,0.215725,7242.305884924321,-0.832909122935104,10.275148805345589,3.8272517756657645,6.414419094304995,-0.832909122935104,10.275148805345589,10.275148805345589,-1.609397913634059,129435.0,1.0,3.0,15096.0,1.0,14.770941829466253,128.0,,0,128.0,600000.0,0.9193234227167039,0.022333333333333334,600000.0,0.9193234227167039,0.022333333333333334,1.8,1.8001202120102726,2.8586666666666667,2.8586666666666667,2.56,0.0,1.0,0.0,128.0,0.0,0.0,0.0,0.0,0.0,0.0,128.0,0.0,0.0,0.0,0.0,128.0,0.0,1.0,1.0,0.0,0.8,0.9,0.8,0.9,0.5489383693397041,0.4497682628301233,0.04,0.5489383693397041,0.4497682628301233,0.04,1.0,1.0,3.0,1.0,4.0,1.0,2.0,8.0,2.0,0.0,0.0,0.0,0.0,0.0,0.0,128.0,0.0,0.0,0.0,0.0,0.0,0.0,0.0,0.0,0.0,0.0,0.0,0.0,0.0,0.0,0.0
20260702T020025Z-clean-run-eu-us-gac-region-asymmetry--b14e1737d4f6--ultiregion_top_tenants__lookback_days-7__limit_k-25,2301.617,25.0,25.0,1048.02,1,0.0,0.0,1.0,0.0,1.0,1.0,0.0,0.0,0.0,0.0,0.0,0.9868579350951961,2.0,2.0,400000.0,0.8,0.9,0.1111111111111111,1.0,0.0,2.0,9601024.0,0.7999146757679181,0.899957337883959,0.11116378288694004,1.0,64.0,0.0,0.5,1.0,1.0,1.0,1.0,2.0,0.0,1.0,0.0,0.0,400000.0,3590.52,16000.0,0.013142064904803904,1.0,400000.0,9601024.0,400000.0,9601024.0,1.0,16000.0,25.0,6.25e-05,16000.0,2.0,1.0,1.0,1.0,16.0,2.849829351535836,0.00835,133.6,0.00835,364.77815699658703,0.0,4.953377804141001,1.8037301496377096,4.953377804141001,2.2980974265246576,,-2.0452083700375936,1.2809266232859837,3340.0,1.0,0.0,158.0,1.0,8.114025442356757,64.0,,0,64.0,400000.0,0.812797637791843,0.0335,400000.0,0.812797637791843,0.0335,1.8,1.799914675767918,2.144,2.144,1.92,0.0,1.0,0.0,64.0,0.0,0.0,0.0,0.0,0.0,0.0,64.0,0.0,0.0,0.0,0.0,64.0,0.0,1.0,1.0,0.0,0.8,0.9,0.8,0.9,0.41376321731154403,0.2584256686768529,0.06,0.41376321731154403,0.2584256686768529,0.06,1.0,1.0,3.0,1.0,2.0,1.0,0.0,2.0,2.0,0.0,0.0,0.0,0.0,0.0,0.0,64.0,0.0,0.0,0.0,0.0,0.0,0.0,0.0,0.0,0.0,0.0,0.0,0.0,0.0,0.0,0.0
20260702T020045Z-clean-run-eu-us-gac-region-asymmetry--787ab853f103--vent_filter_summary__lookback_days-1__min_value-900,332.769,1.0,1.0,593.86,1,0.0,0.0,0.0,0.0,1.0,0.0,0.0,0.0,0.0,0.0,0.0,0.998767914078535,2.0,2.0,40309.0,0.803368974670669,0.9016844873353346,0.10903538216034776,1.0,0.0,2.0,645120.0,0.8031746031746032,0.9015873015873016,0.10915492957746478,1.0,64.0,0.0,0.5,1.0,1.0,1.0,1.0,2.0,0.0,1.0,0.0,0.0,40309.0,1234.0,40309.0,0.0012320859214649447,1.0,40309.0,645120.0,40309.0,645120.0,1.0,40309.0,1.0,2.4808355454116946e-05,40309.0,2.0,1.0,1.0,1.0,16.0,0.0,0.0,0.0,0.0,0.0,0.0,1.5837841393870167,0.2787518000199013,1.5837841393870167,0.0,,,-3.22792656947035,0.0,0.0,0.0,,1.0,0.0,64.0,,0,64.0,40309.0,0.8154219159197271,0.033416854796695525,40309.0,0.8154219159197271,0.033416854796695525,1.8033689746706691,1.8031746031746032,2.1386787069885136,2.1386787069885136,1.8168054504163513,0.0,1.0,0.0,64.0,0.0,0.0,0.0,0.0,0.0,0.0,64.0,0.0,0.0,0.0,0.0,64.0,0.0,1.0,1.0,0.0,0.803368974670669,0.9016844873353346,0.803368974670669,0.9016844873353346,0.40703725769480364,0.25359175839529097,0.05677517032551098,0.40703725769480364,0.25359175839529097,0.05677517032551098,1.0,1.0,3.0,1.0,2.0,0.0,0.0,0.0,2.0,0.0,0.0,0.0,0.0,0.0,0.0,64.0,0.0,0.0,0.0,0.0,0.0,0.0,0.0,0.0,0.0,0.0,0.0,0.0,0.0,0.0,0.0
20260702T020102Z-clean-run-eu-us-gac-region-asymmetry--d4bb1667bfa8--ion_user_segment_join__lookback_days-30__limit_k-50,4879.033,9.0,22.0,1713.87,1,0.0,1.0,1.0,0.0,1.0,1.0,0.0,2.0,0.0,2.0,0.0,0.770451234906589,4.0,4.0,600000.0,0.8,0.9,0.1111111111111111,1.0,0.0,2.0,18740224.0,0.8001202120102726,0.9000601060051363,0.11103691112190384,1.0,128.0,0.0,0.5,1.0,1.0,1.0,1.0,4.0,0.0,1.0,0.0,0.0,600000.0,65188.333333333336,66666.66666666667,0.22954876509341102,1.0,600000.0,18740224.0,600000.0,18740224.0,1.0,66666.66666666667,9.0,1.5e-05,66666.66666666667,4.0,2.0,2.0,2.0,32.0,56.580514725971256,0.215725,14381.666666666666,0.215725,7242.305884924321,-0.832909122935104,10.275125818821438,3.827234235256565,6.414396107780843,-0.832909122935104,10.275125818821438,10.275125818821438,-1.609397913634059,129435.0,1.0,3.0,15096.0,1.0,14.770941829466253,128.0,,0,128.0,600000.0,0.9193234227167039,0.022333333333333334,600000.0,0.9193234227167039,0.022333333333333334,1.8,1.8001202120102726,2.8586666666666667,2.8586666666666667,2.56,0.0,1.0,0.0,128.0,0.0,0.0,0.0,0.0,0.0,0.0,128.0,0.0,0.0,0.0,0.0,128.0,0.0,1.0,1.0,0.0,0.8,0.9,0.8,0.9,0.5489383693397041,0.4497682628301233,0.04,0.5489383693397041,0.4497682628301233,0.04,1.0,1.0,3.0,1.0,4.0,1.0,2.0,8.0,2.0,0.0,0.0,0.0,0.0,0.0,0.0,128.0,0.0,0.0,0.0,0.0,0.0,0.0,0.0,0.0,0.0,0.0,0.0,0.0,0.0,0.0,0.0
20260702T020125Z-clean-run-eu-us-gac-region-asymmetry--debf69e18bda--__limit_k-100__payload_repeat-16__payload_width-512,1410.565,100.0,100.0,471.87,1,0.0,0.0,1.0,0.0,0.0,1.0,0.0,0.0,0.0,0.0,0.0,0.988133123960966,2.0,2.0,200605.0,0.8007826325365769,0.9003913162682884,0.1106282145684658,1.0,0.0,2.0,8025088.0,0.800689039173153,0.9003445195865765,0.1106859410430839,1.0,64.0,0.0,0.5,1.0,1.0,1.0,1.0,2.0,0.0,1.0,0.0,0.0,200605.0,451.66,2006.05,0.011866876039034026,1.0000000000000002,200605.0,8025088.0,200605.0,8025088.000000001,1.0,2006.05,100.0,0.0004984920615139204,2006.05,2.0,1.0,1.0,1.0,16.0,2.4315426821487813,0.011874080905261583,23.82,0.011874080905261583,311.237463315044,0.0,5.65077012287085,3.039794946121095,5.65077012287085,,,-1.037368663427391,-1.6102982738389395,2382.0,1.0,0.0,206.0,1.0,7.776115477098742,64.0,,0,64.0,200605.0,0.8135811628098837,0.033264375264823905,200605.0,0.8135811628098837,0.033264375264823905,1.8007826325365768,1.800689039173153,2.12892001694873,2.12892001694873,1.8880992893604245,0.0,1.0,0.0,64.0,0.0,0.0,0.0,0.0,0.0,0.0,64.0,0.0,0.0,0.0,0.0,64.0,0.0,1.0,1.0,0.0,0.8007826325365769,0.9003913162682884,0.8007826325365769,0.9003913162682884,0.41823743125258017,0.26060199309085036,0.059003102792513265,0.41823743125258017,0.26060199309085036,0.059003102792513265,1.0,1.0,0.0,1.0,2.0,1.0,0.0,1.0,0.0,0.0,0.0,0.0,0.0,0.0,0.0,64.0,0.0,0.0,0.0,0.0,0.0,0.0,0.0,0.0,0.0,0.0,0.0,0.0,0.0,0.0,0.0
20260702T020146Z-clean-run-eu-us-gac-region-asymmetry--a22ae174afd1--t__gac_etl_top_tenants__lookback_days-7__limit_k-25,1.928,25.0,25.0,181.77,0,0.0,0.0,1.0,0.0,1.0,1.0,0.0,0.0,0.0,0.0,0.0,0.0,0.0,,,,,,,0.0,0.0,,,,,,,,,,,,,,,,,,,,,1.0,,,,,,,,25.0,,,,,,,,,,0.0,,,0.0,4.236889695929051,1.0592224239822627,,0.0,,-4.236889695929051,,0.0,0.0,0.0,27.0,1.0,0.0,,,0,,,,,,,,,,,,,,,,,,,,,,,,,,,,,,,,,,,,,,,,,,,,,1.0,0.0,0.0,1.0,0.0,1.0,0.0,0.0,0.0,0.0,1.0,0.0,0.0,,,,,,,,,,,,,,,,
20260702T020203Z-clean-run-eu-us-gac-region-asymmetry--a4346e08af2f--_event_filter_summary__lookback_days-1__min_value-0,2013.952,1.0,1.0,593.86,1,0.0,0.0,0.0,0.0,1.0,0.0,0.0,0.0,0.0,0.0,0.0,0.9981206106203127,2.0,2.0,400000.0,0.8,0.9,0.1111111111111111,1.0,0.0,2.0,6400000.0,0.8,0.9,0.1111111111111111,1.0,64.0,0.0,0.5,1.0,1.0,1.0,1.0,2.0,0.0,1.0,0.0,0.0,400000.0,12588.0,400000.0,0.001879389379687342,1.0,400000.0,6400000.0,400000.0,6400000.0,1.0,400000.0,1.0,2.5e-06,400000.0,2.0,1.0,1.0,1.0,16.0,3.37664,0.006595,2638.0,0.006595,432.20992,0.0,3.9028103936597023,0.6994973998755338,3.9028103936597023,0.0,,,1.2809266232859837,2638.0,1.0,0.0,,1.0,7.878155336503324,64.0,,0,64.0,400000.0,0.812797637791843,0.0335,400000.0,0.812797637791843,0.0335,1.8,1.8,2.144,2.144,1.92,0.0,1.0,0.0,64.0,0.0,0.0,0.0,0.0,0.0,0.0,64.0,0.0,0.0,0.0,0.0,64.0,0.0,1.0,1.0,0.0,0.8,0.9,0.8,0.9,0.41376321731154403,0.2584256686768529,0.06,0.41376321731154403,0.2584256686768529,0.06,1.0,1.0,3.0,1.0,2.0,0.0,0.0,0.0,2.0,0.0,0.0,0.0,0.0,0.0,0.0,64.0,0.0,0.0,0.0,0.0,0.0,0.0,0.0,0.0,0.0,0.0,0.0,0.0,0.0,0.0,0.0
20260702T020220Z-clean-run-eu-us-gac-region-asymmetry--f98ea0a8c22d--fdw_multiregion_raw_region_rollup__lookback_days-30,2228.283,2.0,199.0,823.16,1,0.0,0.0,1.0,0.0,1.0,0.0,0.0,0.0,0.0,0.0,0.0,0.9469847411661805,2.0,2.0,400000.0,0.8,0.9,0.1111111111111111,1.0,0.0,2.0,6400000.0,0.8,0.9,0.1111111111111111,1.0,64.0,0.0,0.5,1.0,1.0,1.0,1.0,2.0,0.0,1.0,0.0,0.0,400000.0,193342.5,200000.0,0.0530152588338195,1.0,400000.0,6400000.0,400000.0,6400000.0,1.0,200000.0,2.0,5e-06,200000.0,2.0,1.0,1.0,1.0,16.0,3.37664,0.006595,1319.0,0.006595,432.20992,-4.199705077879927,6.700883412556377,5.1436513123126995,6.700883412556377,-4.199705077879927,,-4.199705077879927,1.2809266232859837,2638.0,1.0,0.0,25.0,1.0,7.878155336503324,64.0,,0,64.0,400000.0,0.812797637791843,0.0335,400000.0,0.812797637791843,0.0335,1.8,1.8,2.144,2.144,1.92,0.0,1.0,0.0,64.0,0.0,0.0,0.0,0.0,0.0,0.0,64.0,0.0,0.0,0.0,0.0,64.0,0.0,1.0,1.0,0.0,0.8,0.9,0.8,0.9,0.41376321731154403,0.2584256686768529,0.06,0.41376321731154403,0.2584256686768529,0.06,1.0,1.0,1.0,1.0,2.0,0.0,0.0,1.0,0.0,0.0,0.0,0.0,0.0,0.0,0.0,64.0,0.0,0.0,0.0,0.0,0.0,0.0,0.0,0.0,0.0,0.0,0.0,0.0,0.0,0.0,0.0
20260702T020237Z-clean-run-eu-us-gac-region-asymmetry--f3b4dba3e0b9--lti_dimension_rollup__lookback_days-30__limit_k-100,5790.094,100.0,16.0,2320.65,1,0.0,1.0,1.0,1.0,1.0,1.0,0.0,4.0,4.0,0.0,0.0,0.8080589019798297,6.0,6.0,602000.0,0.8,0.9,0.1111111111111111,1.0,0.0,2.0,17545214.0,0.8001636229686341,0.900081811484317,0.11101011845901958,1.0,130.0,0.0,0.5,1.0,1.0,1.0,1.0,6.0,0.0,1.0,0.0,0.0,602000.0,5886.83,6020.0,0.19194109802017031,1.0,602000.0,17545214.0,602000.0,17545214.0,1.0,6020.0,100.0,0.00016611295681063124,6020.0,4.0625,2.03125,2.03125,2.03125,32.5,60.57103526921929,0.2154950166112957,1297.28,0.2154950166112957,7753.092514460069,1.7819071727850435,11.661388572607851,4.303992918759132,6.569685455422813,4.822966130975706,11.661388572607851,11.661388572607851,7.496097345175956,129728.0,1.0,1.0,15648.0,8.0,14.852644479897911,130.0,,0,130.0,602000.0,0.9288334875280709,0.022259136212624583,602000.0,0.9288334875280709,0.022259136212624583,1.8,1.800163622968634,2.8936877076411958,2.8936877076411958,2.591362126245847,0.0,1.0,0.0,130.0,0.0,0.0,0.0,0.0,0.0,0.0,130.0,0.0,0.0,0.0,0.0,130.0,0.0,1.0,1.0,0.0,0.8,0.9,0.8,0.9,0.5600150422052648,0.46277572019461477,0.03986710963455149,0.5600150422052648,0.46277572019461477,0.03986710963455149,1.0,1.0,3.0,1.0,6.0,1.0,0.0,3.0,2.0,4.0,4.0,1.0,0.0,0.0,0.0,130.0,0.0,0.0,0.0,0.0,0.0,0.0,0.0,0.0,0.0,0.0,0.0,0.0,0.0,0.0,0.0
20260702T020258Z-clean-run-eu-us-gac-region-asymmetry--5e9920259f2f--vent_filter_summary__lookback_days-7__min_value-500,1093.422,1.0,1.0,593.86,1,0.0,0.0,0.0,0.0,1.0,0.0,0.0,0.0,0.0,0.0,0.0,0.9939556731069981,2.0,2.0,200605.0,0.8007826325365769,0.9003913162682884,0.1106282145684658,1.0,0.0,2.0,3209216.0,0.8008934269304403,0.9004467134652202,0.1105598866052445,1.0,64.0,0.0,0.5,1.0,1.0,1.0,1.0,2.0,0.0,1.0,0.0,0.0,200605.0,45164.0,200605.0,0.0060443268930019,1.0,200605.0,3209216.0,200605.0,3209216.0,1.0,200605.0,1.0,4.984920615139204e-06,200605.0,2.0,1.0,1.0,1.0,16.0,3.379706445437141,0.006600034894444306,1324.0,0.006600034894444306,432.60242501595405,0.0,5.179843590201815,1.0192711663503768,5.179843590201815,0.0,,,-1.6102982738389395,1324.0,1.0,0.0,,1.0,7.1891677384203225,64.0,,0,64.0,200605.0,0.8135811628098837,0.033264375264823905,200605.0,0.8135811628098837,0.033264375264823905,1.8007826325365768,1.8008934269304404,2.12892001694873,2.12892001694873,1.8880992893604245,0.0,1.0,0.0,64.0,0.0,0.0,0.0,0.0,0.0,0.0,64.0,0.0,0.0,0.0,0.0,64.0,0.0,1.0,1.0,0.0,0.8007826325365769,0.9003913162682884,0.8007826325365769,0.9003913162682884,0.41823743125258017,0.26060199309085036,0.059003102792513265,0.41823743125258017,0.26060199309085036,0.059003102792513265,1.0,1.0,3.0,1.0,2.0,0.0,0.0,0.0,2.0,0.0,0.0,0.0,0.0,0.0,0.0,64.0,0.0,0.0,0.0,0.0,0.0,0.0,0.0,0.0,0.0,0.0,0.0,0.0,0.0,0.0,0.0
20260702T020318Z-clean-run-eu-us-gac-region-asymmetry--a7b1ee5e3740--c_fdw_multiregion_event_full_scan_summary__case-001,155.497,1.0,1.0,302.44,1,0.0,0.0,0.0,0.0,1.0,0.0,0.0,0.0,0.0,0.0,0.0,0.9998135012251038,2.0,2.0,2.0,0.0,0.5,1.0,1.0,0.0,2.0,2560.0,0.0,0.5,1.0,1.0,64.0,0.0,0.5,1.0,1.0,1.0,1.0,4.0,1.0,1.0,0.0,0.0,66.0,2.0,2.0,0.00018649877489613806,200000.0,2.0,2560.0,400000.0,512000000.0,200000.0,2.0,1.0,0.5,2.0,2.0,1.0,1.0,1.0,16.0,0.0,0.0,0.0,0.0,0.0,0.0,0.0,0.0,0.0,0.0,,,0.0,0.0,0.0,0.0,,1.0,0.0,64.0,,0,64.0,64.0,0.0,0.015625,400000.0,0.812797637791843,0.0335,1.0,1.0,2.144,1.0,1.92,0.0,1.0,0.0,128.0,1.0,1.0,0.0,64.0,0.0,64.0,64.0,0.0,0.0,0.0,0.0,64.0,64.0,1.0,1.0,0.0,0.0,0.5,0.8,0.9,0.0,0.0,0.03125,0.41376321731154403,0.2584256686768529,0.06,1.0,1.0,1.0,1.0,2.0,0.0,0.0,0.0,2.0,0.0,0.0,0.0,0.0,0.0,0.0,64.0,0.0,0.0,0.0,0.0,0.0,0.0,0.0,0.0,0.0,0.0,0.0,64.0,0.0,0.0,0.0
20260702T020338Z-clean-run-eu-us-gac-region-asymmetry--ec81021196ed--gion_global_user_join__lookback_days-30__limit_k-25,5419.344,18.0,18.0,1608.99,1,0.0,1.0,1.0,0.0,1.0,1.0,0.0,2.0,0.0,2.0,0.0,0.7645274040548081,4.0,4.0,600000.0,0.8,0.9,0.1111111111111111,1.0,0.0,2.0,19140608.0,0.8001283971752622,0.9000641985876311,0.11103185924869234,1.0,128.0,0.0,0.5,1.0,1.0,1.0,1.0,4.0,0.0,1.0,0.0,0.0,600000.0,32593.11111111111,33333.333333333336,0.23547259594519188,1.0,600000.0,19140608.0,600000.0,19140608.0,1.0,33333.333333333336,18.0,3e-05,33333.333333333336,4.0,2.0,2.0,2.0,32.0,57.38540552107854,0.22346833333333332,7448.944444444444,0.22346833333333332,7345.331906698053,0.0,10.457395654004081,3.741001308432385,6.414344386169531,0.0,10.457395654004081,10.457395654004081,-1.609397913634059,134081.0,1.0,3.0,15760.0,1.0,14.80620683207244,128.0,,0,128.0,600000.0,0.9696808180473041,0.022333333333333334,600000.0,0.9696808180473041,0.022333333333333334,1.8,1.8001283971752622,2.8586666666666667,2.8586666666666667,2.56,0.0,1.0,0.0,128.0,0.0,0.0,0.0,0.0,0.0,0.0,128.0,0.0,0.0,0.0,0.0,128.0,0.0,1.0,1.0,0.0,0.8,0.9,0.8,0.9,0.5692880544055784,0.4975744595008247,0.04,0.5692880544055784,0.4975744595008247,0.04,1.0,1.0,3.0,1.0,4.0,1.0,2.0,8.0,2.0,0.0,0.0,0.0,0.0,0.0,0.0,128.0,0.0,0.0,0.0,0.0,0.0,0.0,0.0,0.0,0.0,0.0,0.0,0.0,0.0,0.0,0.0
20260702T020405Z-clean-run-eu-us-gac-region-asymmetry--16330cf3da59--egion_tenant_tier_join__lookback_days-7__limit_k-50,2473.85,24.0,50.0,1845.2,1,0.0,1.0,1.0,1.0,1.0,1.0,0.0,2.0,2.0,0.0,0.0,0.9192020534793944,4.0,4.0,402000.0,0.8,0.9,0.1111111111111111,1.0,0.0,2.0,9631742.0,0.7999153216520958,0.8999576608260479,0.11116338415534555,1.0,66.0,0.0,0.5,1.0,1.0,1.0,1.0,4.0,0.0,1.0,0.0,0.0,402000.0,3822.1666666666665,16750.0,0.08079794652060557,1.0,402000.0,9631742.0,402000.0,9631742.0,1.0,16750.0,24.0,5.9701492537313435e-05,16750.0,2.0625,1.03125,1.03125,1.03125,16.5,9.42037193271996,0.027552238805970148,461.5,0.027552238805970148,1205.8076073881548,-0.712949807856125,4.953018570914258,2.4644789207357616,4.953018570914258,-3.126760535960395,4.953018570914258,4.953018570914258,7.496097345175956,11076.0,1.0,1.0,3864.0,1.0,10.312626165516933,66.0,,0,66.0,402000.0,0.8347914769449619,0.03333333333333333,402000.0,0.8347914769449619,0.03333333333333333,1.8,1.7999153216520958,2.2,2.2,1.9701492537313432,0.0,1.0,0.0,66.0,0.0,0.0,0.0,0.0,0.0,0.0,66.0,0.0,0.0,0.0,0.0,66.0,0.0,1.0,1.0,0.0,0.8,0.9,0.8,0.9,0.44342845681904863,0.3121045292705958,0.05970149253731343,0.44342845681904863,0.3121045292705958,0.05970149253731343,1.0,1.0,3.0,0.0,4.0,1.0,0.0,3.0,2.0,2.0,2.0,1.0,0.0,1.0,0.0,66.0,0.0,0.0,0.0,0.0,0.0,0.0,0.0,0.0,0.0,0.0,0.0,0.0,0.0,0.0,0.0
20260702T020423Z-clean-run-eu-us-gac-region-asymmetry--e94254ff941c--__limit_k-250__payload_repeat-16__payload_width-512,1631.308,250.0,250.0,472.97,1,0.0,0.0,1.0,0.0,0.0,1.0,0.0,0.0,0.0,0.0,0.0,0.9875480289436454,2.0,2.0,200605.0,0.8007826325365769,0.9003913162682884,0.1106282145684658,1.0,0.0,2.0,8025088.0,0.800689039173153,0.9003445195865765,0.1106859410430839,1.0,64.0,0.0,0.5,1.0,1.0,1.0,1.0,2.0,0.0,1.0,0.0,0.0,200605.0,180.624,802.42,0.012451971056354701,1.0000000000000002,200605.0,8025088.0,200605.0,8025088.000000001,1.0,802.42,250.0,0.001246230153784801,802.42,2.0,1.0,1.0,1.0,16.0,2.4315426821487813,0.011874080905261583,9.528,0.011874080905261583,311.237463315044,0.0,5.650548886651121,2.8575953114415715,5.650548886651121,,,-0.12703624113686668,-1.6102982738389395,2382.0,1.0,0.0,445.0,1.0,7.776115477098742,64.0,,0,64.0,200605.0,0.8135811628098837,0.033264375264823905,200605.0,0.8135811628098837,0.033264375264823905,1.8007826325365768,1.800689039173153,2.12892001694873,2.12892001694873,1.8880992893604245,0.0,1.0,0.0,64.0,0.0,0.0,0.0,0.0,0.0,0.0,64.0,0.0,0.0,0.0,0.0,64.0,0.0,1.0,1.0,0.0,0.8007826325365769,0.9003913162682884,0.8007826325365769,0.9003913162682884,0.41823743125258017,0.26060199309085036,0.059003102792513265,0.41823743125258017,0.26060199309085036,0.059003102792513265,1.0,1.0,0.0,1.0,2.0,1.0,0.0,1.0,0.0,0.0,0.0,0.0,0.0,0.0,0.0,64.0,0.0,0.0,0.0,0.0,0.0,0.0,0.0,0.0,0.0,0.0,0.0,0.0,0.0,0.0,0.0
20260702T020440Z-clean-run-eu-us-gac-region-asymmetry--fe7d15492a90--_fdw_multiregion_raw_region_rollup__lookback_days-7,2059.611,2.0,199.0,823.16,1,0.0,0.0,1.0,0.0,1.0,0.0,0.0,0.0,0.0,0.0,0.0,0.9835667997500499,2.0,2.0,400000.0,0.8,0.9,0.1111111111111111,1.0,0.0,2.0,6400000.0,0.8,0.9,0.1111111111111111,1.0,64.0,0.0,0.5,1.0,1.0,1.0,1.0,2.0,0.0,1.0,0.0,0.0,400000.0,44864.5,200000.0,0.016433200249950115,1.0,400000.0,6400000.0,400000.0,6400000.0,1.0,200000.0,2.0,5e-06,200000.0,2.0,1.0,1.0,1.0,16.0,3.37664,0.006595,1319.0,0.006595,432.20992,-4.199705077879927,5.239494566736621,4.268110193985332,5.239494566736621,-4.199705077879927,,-4.199705077879927,1.2809266232859837,2638.0,1.0,0.0,25.0,1.0,7.878155336503324,64.0,,0,64.0,400000.0,0.812797637791843,0.0335,400000.0,0.812797637791843,0.0335,1.8,1.8,2.144,2.144,1.92,0.0,1.0,0.0,64.0,0.0,0.0,0.0,0.0,0.0,0.0,64.0,0.0,0.0,0.0,0.0,64.0,0.0,1.0,1.0,0.0,0.8,0.9,0.8,0.9,0.41376321731154403,0.2584256686768529,0.06,0.41376321731154403,0.2584256686768529,0.06,1.0,1.0,1.0,1.0,2.0,0.0,0.0,1.0,0.0,0.0,0.0,0.0,0.0,0.0,0.0,64.0,0.0,0.0,0.0,0.0,0.0,0.0,0.0,0.0,0.0,0.0,0.0,0.0,0.0,0.0,0.0
20260702T020457Z-clean-run-eu-us-gac-region-asymmetry--accc76ae5dc6--gion_global_user_join__lookback_days-30__limit_k-50,4842.439,18.0,18.0,1608.99,1,0.0,1.0,1.0,0.0,1.0,1.0,0.0,2.0,0.0,2.0,0.0,0.7160098454518476,4.0,4.0,600000.0,0.8,0.9,0.1111111111111111,1.0,0.0,2.0,19140608.0,0.8001283971752622,0.9000641985876311,0.11103185924869234,1.0,128.0,0.0,0.5,1.0,1.0,1.0,1.0,4.0,0.0,1.0,0.0,0.0,600000.0,32592.444444444445,33333.333333333336,0.28399015454815235,1.0,600000.0,19140608.0,600000.0,19140608.0,1.0,33333.333333333336,18.0,3e-05,33333.333333333336,4.0,2.0,2.0,2.0,32.0,57.3772736999786,0.22343666666666667,7447.888888888889,0.22343666666666667,7344.291033597261,0.0,10.457361171443633,3.7409933390591554,6.414309903609082,0.0,10.457361171443633,10.457361171443633,-1.609397913634059,134062.0,1.0,3.0,15760.0,1.0,14.806065117701248,128.0,,0,128.0,600000.0,0.9696808180473041,0.022333333333333334,600000.0,0.9696808180473041,0.022333333333333334,1.8,1.8001283971752622,2.8586666666666667,2.8586666666666667,2.56,0.0,1.0,0.0,128.0,0.0,0.0,0.0,0.0,0.0,0.0,128.0,0.0,0.0,0.0,0.0,128.0,0.0,1.0,1.0,0.0,0.8,0.9,0.8,0.9,0.5692880544055784,0.4975744595008247,0.04,0.5692880544055784,0.4975744595008247,0.04,1.0,1.0,3.0,1.0,4.0,1.0,2.0,8.0,2.0,0.0,0.0,0.0,0.0,0.0,0.0,128.0,0.0,0.0,0.0,0.0,0.0,0.0,0.0,0.0,0.0,0.0,0.0,0.0,0.0,0.0,0.0
20260702T020517Z-clean-run-eu-us-gac-region-asymmetry--2996e5870893--u_tenant_id-1__us_tenant_id-10001__lookback_days-30,35.038,2.0,2.0,305.8,1,0.0,0.0,1.0,0.0,1.0,0.0,0.0,0.0,0.0,0.0,0.0,0.9959187168217364,2.0,2.0,400.0,0.0,0.5,1.0,1.0,0.0,2.0,9600.0,0.0,0.5,1.0,1.0,2.0,0.0,0.5,1.0,1.0,1.0,1.0,2.0,0.0,1.0,0.0,0.0,400.0,193.0,200.0,0.00408128317826362,1.5,400.0,9600.0,600.0,14400.0,1.5,200.0,2.0,0.005,200.0,0.0625,0.03125,0.03125,0.03125,0.5,0.0,0.0,0.0,0.0,0.0,0.0,3.886705197443856,1.2938501708714751,3.886705197443856,0.0,,0.0,5.303304908059076,0.0,0.0,0.0,25.0,1.0,0.0,2.0,,0,2.0,400.0,0.0,0.5,600.0,0.3333333333333333,0.6666666666666666,1.0,1.0,1.3333333333333333,1.0,1.0,0.0,0.3333333333333333,0.6666666666666666,3.0,1.0,0.5,0.0,0.0,0.0,0.0,3.0,0.0,0.0,2.0,1.0,1.0,0.0,2.0,0.5,0.0,0.0,0.5,0.3333333333333333,0.6666666666666666,0.0,0.0,1.0,0.0,0.0,1.0,1.0,1.0,2.0,1.0,2.0,0.0,0.0,1.0,0.0,0.0,0.0,0.0,0.0,0.0,0.0,1.0,0.0,0.0,1.0,1.0,0.0,0.0,0.0,0.0,0.0,0.0,0.0,0.0,0.0,0.0,0.0
20260702T020532Z-clean-run-eu-us-gac-region-asymmetry--38166dafd700--rollup__lookback_days-14__min_value-500__limit_k-50,1153.938,50.0,50.0,553.76,1,0.0,0.0,1.0,0.0,1.0,1.0,0.0,0.0,0.0,0.0,0.0,0.9550963743286034,2.0,2.0,200605.0,0.8007826325365769,0.9003913162682884,0.1106282145684658,1.0,0.0,2.0,4813824.0,0.8008934269304403,0.9004467134652202,0.1105598866052445,1.0,64.0,0.0,0.5,1.0,1.0,1.0,1.0,2.0,0.0,1.0,0.0,0.0,200605.0,1807.22,4012.1,0.04490362567139658,1.0,200605.0,4813824.0,200605.0,4813824.0,1.0,4012.1,50.0,0.0002492460307569602,4012.1,2.0,1.0,1.0,1.0,16.0,2.8521591150818977,0.008354726950973305,33.52,0.008354726950973305,365.0763667304829,0.0,6.054955399213109,3.077410242035266,6.054955399213109,5.258471458000837,,-1.37147927533475,-1.6102982738389395,1676.0,1.0,0.0,2263.0,1.0,7.424761761823209,64.0,,0,64.0,200605.0,0.8135811628098837,0.033264375264823905,200605.0,0.8135811628098837,0.033264375264823905,1.8007826325365768,1.8008934269304404,2.12892001694873,2.12892001694873,1.8880992893604245,0.0,1.0,0.0,64.0,0.0,0.0,0.0,0.0,0.0,0.0,64.0,0.0,0.0,0.0,0.0,64.0,0.0,1.0,1.0,0.0,0.8007826325365769,0.9003913162682884,0.8007826325365769,0.9003913162682884,0.41823743125258017,0.26060199309085036,0.059003102792513265,0.41823743125258017,0.26060199309085036,0.059003102792513265,1.0,1.0,3.0,1.0,2.0,1.0,0.0,1.0,2.0,0.0,0.0,1.0,0.0,0.0,0.0,64.0,0.0,0.0,0.0,0.0,0.0,0.0,0.0,0.0,0.0,0.0,0.0,0.0,0.0,0.0,0.0
20260702T020549Z-clean-run-eu-us-gac-region-asymmetry--0e2a3e3038b0--vent_filter_summary__lookback_days-7__min_value-900,317.173,1.0,1.0,593.86,1,0.0,0.0,0.0,0.0,1.0,0.0,0.0,0.0,0.0,0.0,0.0,0.9962607157607992,2.0,2.0,40309.0,0.803368974670669,0.9016844873353346,0.10903538216034776,1.0,0.0,2.0,645120.0,0.8031746031746032,0.9015873015873016,0.10915492957746478,1.0,64.0,0.0,0.5,1.0,1.0,1.0,1.0,2.0,0.0,1.0,0.0,0.0,40309.0,9123.0,40309.0,0.0037392842392008005,1.0,40309.0,645120.0,40309.0,645120.0,1.0,40309.0,1.0,2.4808355454116946e-05,40309.0,2.0,1.0,1.0,1.0,16.0,0.0,0.0,0.0,0.0,0.0,0.0,3.5818192901168757,0.6181151256046864,3.5818192901168757,0.0,,,-3.22792656947035,0.0,0.0,0.0,,1.0,0.0,64.0,,0,64.0,40309.0,0.8154219159197271,0.033416854796695525,40309.0,0.8154219159197271,0.033416854796695525,1.8033689746706691,1.8031746031746032,2.1386787069885136,2.1386787069885136,1.8168054504163513,0.0,1.0,0.0,64.0,0.0,0.0,0.0,0.0,0.0,0.0,64.0,0.0,0.0,0.0,0.0,64.0,0.0,1.0,1.0,0.0,0.803368974670669,0.9016844873353346,0.803368974670669,0.9016844873353346,0.40703725769480364,0.25359175839529097,0.05677517032551098,0.40703725769480364,0.25359175839529097,0.05677517032551098,1.0,1.0,3.0,1.0,2.0,0.0,0.0,0.0,2.0,0.0,0.0,0.0,0.0,0.0,0.0,64.0,0.0,0.0,0.0,0.0,0.0,0.0,0.0,0.0,0.0,0.0,0.0,0.0,0.0,0.0,0.0
20260702T020654Z-clean-run-eu-us-gac-region-asymmetry--d4ed604de8be--fault__q10_top_tenants__lookback_days-7__limit_k-25,145.351,25.0,25.0,2821.99,0,1.0,0.0,1.0,0.0,0.0,1.0,0.0,0.0,0.0,0.0,0.0,0.0,0.0,,,,,,,0.0,0.0,,,,,,,,,,,,,128.0,3.0,0.0,1.0,0.0,84211.0,,32.0,1.0,1.0,84211.0,32000.0,84211.0,32000.0,1.0,3368.44,25.0,0.00029687333008751826,3368.44,1.0,0.5,1.0,1.0,8.0,0.0,0.0,0.0,0.0,0.0,0.0,8.254838926898747,4.360637814916872,,,,-8.254838926898747,0.0,0.0,0.0,0.0,28.0,1.0,0.0,32.0,,0,,,,,,,,,,,,,,,,,,,,,,,,,,,,,,,,,,,,,,,,,,,,,0.0,0.0,0.0,1.0,0.0,1.0,0.0,0.0,0.0,0.0,0.0,0.0,1.0,,,,,,,,,,,,,,,,
20260702T020709Z-clean-run-eu-us-gac-region-asymmetry--571cf0da746a--ault__q10_top_tenants__lookback_days-30__limit_k-25,181.553,25.0,25.0,2821.99,0,1.0,0.0,1.0,0.0,0.0,1.0,0.0,0.0,0.0,0.0,0.0,0.0,0.0,,,,,,,0.0,0.0,,,,,,,,,,,,,128.0,3.0,0.0,1.0,0.0,351513.0,,32.0,1.0,1.0,351513.0,32000.0,351513.0,32000.0,1.0,14060.52,25.0,7.112112496550626e-05,14060.52,1.0,0.5,1.0,1.0,8.0,0.0,0.0,0.0,0.0,0.0,0.0,8.254838926898747,4.360637814916872,,,,-8.254838926898747,0.0,0.0,0.0,0.0,28.0,1.0,0.0,32.0,,0,,,,,,,,,,,,,,,,,,,,,,,,,,,,,,,,,,,,,,,,,,,,,0.0,0.0,0.0,1.0,0.0,1.0,0.0,0.0,0.0,0.0,0.0,0.0,1.0,,,,,,,,,,,,,,,,
20260702T020858Z-clean-run-eu-us-gac-region-asymmetry--bb2d5144689f--t_rollup__lookback_days-14__min_value-0__limit_k-50,2623.64,50.0,50.0,553.76,1,0.0,0.0,1.0,0.0,1.0,1.0,0.0,0.0,0.0,0.0,0.0,0.9661874342516504,2.0,2.0,400000.0,0.0,0.5,1.0,1.0,0.0,2.0,9601024.0,0.0,0.5,1.0,1.0,64.0,0.0,0.5,1.0,1.0,1.0,1.0,2.0,0.0,1.0,0.0,0.0,400000.0,3608.96,8000.0,0.03381256574834962,1.0,400000.0,9601024.0,400000.0,9601024.0,1.0,8000.0,50.0,0.000125,8000.0,2.0,1.0,1.0,1.0,16.0,3.167235494880546,0.00928,74.24,0.00928,405.4061433447099,0.0,6.1587300471982145,3.461373990340542,6.1587300471982145,4.506643902562259,,-1.37147927533475,0.693142180597445,3712.0,1.0,0.0,1999.0,1.0,8.21959545417708,64.0,,0,64.0,400000.0,0.4006034128661412,0.0308225,400000.0,0.4006034128661412,0.0308225,1.0,1.0,1.97264,1.97264,1.97264,0.0,1.0,0.0,64.0,0.0,0.0,0.0,0.0,0.0,0.0,64.0,0.0,0.0,0.0,0.0,64.0,0.0,1.0,1.0,0.0,0.0,0.5,0.0,0.5,0.5281724990947559,0.366555757206974,0.061645,0.5281724990947559,0.366555757206974,0.061645,1.0,1.0,3.0,1.0,2.0,1.0,0.0,1.0,2.0,0.0,0.0,1.0,0.0,0.0,0.0,64.0,0.0,0.0,0.0,0.0,0.0,0.0,0.0,0.0,0.0,0.0,0.0,0.0,0.0,0.0,0.0
20260702T020917Z-clean-run-eu-us-gac-region-asymmetry--a2d3b5d90741--t_rollup__lookback_days-30__min_value-0__limit_k-50,2585.011,50.0,50.0,553.76,1,0.0,0.0,1.0,0.0,1.0,1.0,0.0,0.0,0.0,0.0,0.0,0.9380644801898329,2.0,2.0,400000.0,0.0,0.5,1.0,1.0,0.0,2.0,9601024.0,0.0,0.5,1.0,1.0,64.0,0.0,0.5,1.0,1.0,1.0,1.0,2.0,0.0,1.0,0.0,0.0,400000.0,7738.58,8000.0,0.06193551981016708,1.0,400000.0,9601024.0,400000.0,9601024.0,1.0,8000.0,50.0,0.000125,8000.0,2.0,1.0,1.0,1.0,16.0,3.167235494880546,0.00928,74.24,0.00928,405.4061433447099,0.0,6.9208782193907865,3.93994123714952,6.9208782193907865,5.25010320833032,,-1.37147927533475,0.693142180597445,3712.0,1.0,0.0,3827.0,1.0,8.21959545417708,64.0,,0,64.0,400000.0,0.4006034128661412,0.0308225,400000.0,0.4006034128661412,0.0308225,1.0,1.0,1.97264,1.97264,1.97264,0.0,1.0,0.0,64.0,0.0,0.0,0.0,0.0,0.0,0.0,64.0,0.0,0.0,0.0,0.0,64.0,0.0,1.0,1.0,0.0,0.0,0.5,0.0,0.5,0.5281724990947559,0.366555757206974,0.061645,0.5281724990947559,0.366555757206974,0.061645,1.0,1.0,3.0,1.0,2.0,1.0,0.0,1.0,2.0,0.0,0.0,1.0,0.0,0.0,0.0,64.0,0.0,0.0,0.0,0.0,0.0,0.0,0.0,0.0,0.0,0.0,0.0,0.0,0.0,0.0,0.0
20260702T020934Z-clean-run-eu-us-gac-region-asymmetry--2f9ad7c3032c--ltiregion_top_tenants__lookback_days-30__limit_k-25,2534.537,25.0,25.0,1048.02,1,0.0,0.0,1.0,0.0,1.0,1.0,0.0,0.0,0.0,0.0,0.0,0.9606792088653668,2.0,2.0,400000.0,0.0,0.5,1.0,1.0,0.0,2.0,9601024.0,0.0,0.5,1.0,1.0,64.0,0.0,0.5,1.0,1.0,1.0,1.0,2.0,0.0,1.0,0.0,0.0,400000.0,15477.08,16000.0,0.039320791134633215,1.0,400000.0,9601024.0,400000.0,9601024.0,1.0,16000.0,25.0,6.25e-05,16000.0,2.0,1.0,1.0,1.0,16.0,3.167235494880546,0.00928,148.48,0.00928,405.4061433447099,0.0,5.827504951866517,2.205069753180045,5.827504951866517,2.075078804937639,,-2.0452083700375936,0.693142180597445,3712.0,1.0,0.0,136.0,1.0,8.21959545417708,64.0,,0,64.0,400000.0,0.4006034128661412,0.0308225,400000.0,0.4006034128661412,0.0308225,1.0,1.0,1.97264,1.97264,1.97264,0.0,1.0,0.0,64.0,0.0,0.0,0.0,0.0,0.0,0.0,64.0,0.0,0.0,0.0,0.0,64.0,0.0,1.0,1.0,0.0,0.0,0.5,0.0,0.5,0.5281724990947559,0.366555757206974,0.061645,0.5281724990947559,0.366555757206974,0.061645,1.0,1.0,3.0,1.0,2.0,1.0,0.0,2.0,2.0,0.0,0.0,0.0,0.0,0.0,0.0,64.0,0.0,0.0,0.0,0.0,0.0,0.0,0.0,0.0,0.0,0.0,0.0,0.0,0.0,0.0,0.0
20260702T020950Z-clean-run-eu-us-gac-region-asymmetry--2bb3dbcc5fa5--ultiregion_top_tenants__lookback_days-7__limit_k-50,2480.512,50.0,50.0,1049.08,1,0.0,0.0,1.0,0.0,1.0,1.0,0.0,0.0,0.0,0.0,0.0,0.9862403407038548,2.0,2.0,400000.0,0.0,0.5,1.0,1.0,0.0,2.0,9601024.0,0.0,0.5,1.0,1.0,64.0,0.0,0.5,1.0,1.0,1.0,1.0,2.0,0.0,1.0,0.0,0.0,400000.0,1795.78,8000.0,0.013759659296145255,1.0,400000.0,9601024.0,400000.0,9601024.0,1.0,8000.0,50.0,0.000125,8000.0,2.0,1.0,1.0,1.0,16.0,3.167235494880546,0.00928,74.24,0.00928,405.4061433447099,0.0,4.369625496025689,1.8782286608005996,4.369625496025689,2.075078804937639,,1.4148043693782684,0.693142180597445,3712.0,1.0,0.0,136.0,1.0,8.21959545417708,64.0,,0,64.0,400000.0,0.4006034128661412,0.0308225,400000.0,0.4006034128661412,0.0308225,1.0,1.0,1.97264,1.97264,1.97264,0.0,1.0,0.0,64.0,0.0,0.0,0.0,0.0,0.0,0.0,64.0,0.0,0.0,0.0,0.0,64.0,0.0,1.0,1.0,0.0,0.0,0.5,0.0,0.5,0.5281724990947559,0.366555757206974,0.061645,0.5281724990947559,0.366555757206974,0.061645,1.0,1.0,3.0,1.0,2.0,1.0,0.0,2.0,2.0,0.0,0.0,0.0,0.0,0.0,0.0,64.0,0.0,0.0,0.0,0.0,0.0,0.0,0.0,0.0,0.0,0.0,0.0,0.0,0.0,0.0,0.0
20260702T021008Z-clean-run-eu-us-gac-region-asymmetry--11400cb5dd0d--__limit_k-250__payload_repeat-16__payload_width-512,1543.783,250.0,250.0,472.97,1,0.0,0.0,1.0,0.0,0.0,1.0,0.0,0.0,0.0,0.0,0.0,0.9879218776214016,2.0,2.0,199651.0,0.0016879454648361391,0.5008439727324181,0.9966297977878673,1.0,0.0,2.0,7986176.0,0.0016668803692781126,0.500833440184639,0.9966717869943676,1.0,64.0,0.0,0.5,1.0,1.0,1.0,1.0,2.0,0.0,1.0,0.0,0.0,199651.0,179.828,798.604,0.012078122378598373,1.0,199651.0,7986176.0,199651.0,7986176.0,1.0,798.604,250.0,0.0012521850629348213,798.604,2.0,1.0,1.0,1.0,16.0,2.701884857032953,0.013193021823081276,10.536,0.013193021823081276,345.84126170021796,0.0,5.0609948193237155,3.0606106761345946,5.0600690517587585,,,-0.12703624113686668,-0.0034358615181916633,2634.0,1.0,0.0,457.0,1.0,7.876638460975463,64.0,,0,64.0,199651.0,0.4021697722427294,0.030949006015497042,199651.0,0.4021697722427294,0.030949006015497042,1.0016879454648362,1.001666880369278,1.9807363849918107,1.9807363849918107,1.977398643918635,0.0,1.0,0.0,64.0,0.0,0.0,0.0,0.0,0.0,0.0,64.0,0.0,0.0,0.0,0.0,64.0,0.0,1.0,1.0,0.0,0.0016879454648361391,0.5008439727324181,0.0016879454648361391,0.5008439727324181,0.5296676183460142,0.3674517261391827,0.061793707622457346,0.5296676183460142,0.3674517261391827,0.061793707622457346,1.0,1.0,0.0,1.0,2.0,1.0,0.0,1.0,0.0,0.0,0.0,0.0,0.0,0.0,0.0,64.0,0.0,0.0,0.0,0.0,0.0,0.0,0.0,0.0,0.0,0.0,0.0,0.0,0.0,0.0,0.0
20260702T021024Z-clean-run-eu-us-gac-region-asymmetry--d4f1466f9afd--multi_dimension_rollup__lookback_days-7__limit_k-50,3265.925,50.0,6.0,2223.03,1,0.0,1.0,1.0,1.0,1.0,1.0,0.0,4.0,4.0,0.0,0.0,0.9333120019596285,6.0,6.0,561600.0,0.0,0.5,1.0,1.0,0.0,2.0,16584704.0,0.0,0.5,1.0,1.0,130.0,0.0,0.5,1.0,1.0,1.0,1.0,6.0,0.0,1.0,0.0,0.0,561600.0,5027.76,11232.0,0.06668799804037148,1.0,561600.0,16584704.0,561600.0,16584704.0,1.0,11232.0,50.0,8.903133903133904e-05,11232.0,4.0625,2.03125,2.03125,2.03125,32.5,2.9636947394418374,0.010683760683760684,120.0,0.010683760683760684,379.3529266485552,1.9859154836690125,9.328967495734394,3.921484128357039,4.524946451001138,3.188416617383492,9.328967495734394,9.328967495734394,6.68586094706836,6000.0,1.0,0.0,3578.0,1.0,8.699681400989514,130.0,,0,130.0,561600.0,0.6061768416722645,0.02195334757834758,561600.0,0.6061768416722645,0.02195334757834758,1.0,1.0,2.8539351851851853,2.8539351851851853,2.8539351851851853,0.0,1.0,0.0,130.0,0.0,0.0,0.0,0.0,0.0,0.0,130.0,0.0,0.0,0.0,0.0,130.0,0.0,1.0,1.0,0.0,0.0,0.5,0.0,0.5,0.6991717870995011,0.5976078375807238,0.04390669515669516,0.6991717870995011,0.5976078375807238,0.04390669515669516,1.0,1.0,3.0,1.0,6.0,1.0,0.0,3.0,2.0,4.0,4.0,1.0,0.0,0.0,0.0,130.0,0.0,0.0,0.0,0.0,0.0,0.0,0.0,0.0,0.0,0.0,0.0,0.0,0.0,0.0,0.0
20260702T021043Z-clean-run-eu-us-gac-region-asymmetry--0761e2bca224--egion_global_user_join__lookback_days-7__limit_k-50,3513.162,18.0,18.0,1608.99,1,0.0,1.0,1.0,0.0,1.0,1.0,0.0,2.0,0.0,2.0,0.0,0.8891667961796239,4.0,4.0,560000.0,0.0,0.5,1.0,1.0,0.0,2.0,17860608.0,0.0,0.5,1.0,1.0,128.0,0.0,0.5,1.0,1.0,1.0,1.0,4.0,0.0,1.0,0.0,0.0,560000.0,13877.0,31111.11111111111,0.11083320382037606,1.0,560000.0,17860608.0,560000.0,17860608.0,1.0,31111.11111111111,18.0,3.2142857142857144e-05,31111.11111111111,4.0,2.0,2.0,2.0,32.0,22.773993808049536,0.08866607142857143,2758.5,0.08866607142857143,2915.0712074303406,0.0,8.412654560141116,3.3841723046321515,4.8878772168507085,0.0,8.412654560141116,8.412654560141116,0.693142180597445,49653.0,1.0,2.0,3944.0,1.0,12.812834230175852,128.0,,0,128.0,560000.0,0.6261797798832966,0.02201607142857143,560000.0,0.6261797798832966,0.02201607142857143,1.0,1.0,2.818057142857143,2.818057142857143,2.818057142857143,0.0,1.0,0.0,128.0,0.0,0.0,0.0,0.0,0.0,0.0,128.0,0.0,0.0,0.0,0.0,128.0,0.0,1.0,1.0,0.0,0.0,0.5,0.0,0.5,0.7162417423394057,0.6185052024955336,0.04403214285714286,0.7162417423394057,0.6185052024955336,0.04403214285714286,1.0,1.0,3.0,1.0,4.0,1.0,2.0,8.0,2.0,0.0,0.0,0.0,0.0,0.0,0.0,128.0,0.0,0.0,0.0,0.0,0.0,0.0,0.0,0.0,0.0,0.0,0.0,0.0,0.0,0.0,0.0
20260702T021101Z-clean-run-eu-us-gac-region-asymmetry--5dbe60075f81--gion_global_user_join__lookback_days-30__limit_k-50,4729.559,18.0,18.0,1608.99,1,0.0,1.0,1.0,0.0,1.0,1.0,0.0,2.0,0.0,2.0,0.0,0.7436133051728501,4.0,4.0,560000.0,0.0,0.5,1.0,1.0,0.0,2.0,17860608.0,0.0,0.5,1.0,1.0,128.0,0.0,0.5,1.0,1.0,1.0,1.0,4.0,0.0,1.0,0.0,0.0,560000.0,30383.944444444445,31111.11111111111,0.25638669482714993,1.0,560000.0,17860608.0,560000.0,17860608.0,1.0,31111.11111111111,18.0,3.2142857142857144e-05,31111.11111111111,4.0,2.0,2.0,2.0,32.0,65.84382524939801,0.25635,7975.333333333333,0.25635,8428.009631922945,0.0,9.870520047261879,4.01389363016816,5.8274687794273285,0.0,9.870520047261879,9.870520047261879,0.693142180597445,143556.0,1.0,6.0,8776.0,1.0,17.874487447857348,128.0,,0,128.0,560000.0,0.6261797798832966,0.02201607142857143,560000.0,0.6261797798832966,0.02201607142857143,1.0,1.0,2.818057142857143,2.818057142857143,2.818057142857143,0.0,1.0,0.0,128.0,0.0,0.0,0.0,0.0,0.0,0.0,128.0,0.0,0.0,0.0,0.0,128.0,0.0,1.0,1.0,0.0,0.0,0.5,0.0,0.5,0.7162417423394057,0.6185052024955336,0.04403214285714286,0.7162417423394057,0.6185052024955336,0.04403214285714286,1.0,1.0,3.0,1.0,4.0,1.0,2.0,8.0,2.0,0.0,0.0,0.0,0.0,0.0,0.0,128.0,0.0,0.0,0.0,0.0,0.0,0.0,0.0,0.0,0.0,0.0,0.0,0.0,0.0,0.0,0.0
20260702T021123Z-clean-run-eu-us-gac-region-asymmetry--59c005cf99e2--ultiregion_top_tenants__lookback_days-1__limit_k-50,2262.654,50.0,50.0,1049.08,1,0.0,0.0,1.0,0.0,1.0,1.0,0.0,0.0,0.0,0.0,0.0,0.9950124941771917,2.0,2.0,400000.0,0.0,0.5,1.0,1.0,0.0,2.0,9601024.0,0.0,0.5,1.0,1.0,64.0,0.0,0.5,1.0,1.0,1.0,1.0,2.0,0.0,1.0,0.0,0.0,400000.0,255.72,8000.0,0.00498750582280822,1.0,400000.0,9601024.0,400000.0,9601024.0,1.0,8000.0,50.0,0.000125,8000.0,2.0,1.0,1.0,1.0,16.0,3.167235494880546,0.00928,74.24,0.00928,405.4061433447099,0.0,2.426664057107244,1.5101316257742676,2.426664057107244,2.053613334296945,,1.3933388987375745,0.693142180597445,3712.0,1.0,0.0,134.0,1.0,8.21959545417708,64.0,,0,64.0,400000.0,0.4006034128661412,0.0308225,400000.0,0.4006034128661412,0.0308225,1.0,1.0,1.97264,1.97264,1.97264,0.0,1.0,0.0,64.0,0.0,0.0,0.0,0.0,0.0,0.0,64.0,0.0,0.0,0.0,0.0,64.0,0.0,1.0,1.0,0.0,0.0,0.5,0.0,0.5,0.5281724990947559,0.366555757206974,0.061645,0.5281724990947559,0.366555757206974,0.061645,1.0,1.0,3.0,1.0,2.0,1.0,0.0,2.0,2.0,0.0,0.0,0.0,0.0,0.0,0.0,64.0,0.0,0.0,0.0,0.0,0.0,0.0,0.0,0.0,0.0,0.0,0.0,0.0,0.0,0.0,0.0
20260702T021139Z-clean-run-eu-us-gac-region-asymmetry--7acb6ab2fff1--ent_filter_summary__lookback_days-30__min_value-500,1102.152,1.0,1.0,593.86,1,0.0,0.0,0.0,0.0,1.0,0.0,0.0,0.0,0.0,0.0,0.0,0.9745860825004173,2.0,2.0,199651.0,0.0016879454648361391,0.5008439727324181,0.9966297977878673,1.0,0.0,2.0,3193856.0,0.0016030779095864058,0.5008015389547932,0.9967989756722151,1.0,64.0,0.0,0.5,1.0,1.0,1.0,1.0,2.0,0.0,1.0,0.0,0.0,199651.0,193076.0,199651.0,0.025413917499582626,1.0,199651.0,3193856.0,199651.0,3193856.0,1.0,199651.0,1.0,5.008740251739285e-06,199651.0,2.0,1.0,1.0,1.0,16.0,3.755049695415197,0.007332795728546313,1464.0,0.007332795728546313,480.6463610131452,0.0,6.045398456803627,1.5109948350650972,6.045398456803627,0.0,,,-0.0034358615181916633,1464.0,1.0,0.0,,1.0,7.289610521451167,64.0,,0,64.0,199651.0,0.4021697722427294,0.030949006015497042,199651.0,0.4021697722427294,0.030949006015497042,1.0016879454648362,1.0016030779095864,1.9807363849918107,1.9807363849918107,1.977398643918635,0.0,1.0,0.0,64.0,0.0,0.0,0.0,0.0,0.0,0.0,64.0,0.0,0.0,0.0,0.0,64.0,0.0,1.0,1.0,0.0,0.0016879454648361391,0.5008439727324181,0.0016879454648361391,0.5008439727324181,0.5296676183460142,0.3674517261391827,0.061793707622457346,0.5296676183460142,0.3674517261391827,0.061793707622457346,1.0,1.0,3.0,1.0,2.0,0.0,0.0,0.0,2.0,0.0,0.0,0.0,0.0,0.0,0.0,64.0,0.0,0.0,0.0,0.0,0.0,0.0,0.0,0.0,0.0,0.0,0.0,0.0,0.0,0.0,0.0
20260702T021156Z-clean-run-eu-us-gac-region-asymmetry--6b638dfbdb3a--ultiregion_top_tenants__lookback_days-1__limit_k-25,2400.154,25.0,25.0,1048.02,1,0.0,0.0,1.0,0.0,1.0,1.0,0.0,0.0,0.0,0.0,0.0,0.9954907060130309,2.0,2.0,400000.0,0.0,0.5,1.0,1.0,0.0,2.0,9601024.0,0.0,0.5,1.0,1.0,64.0,0.0,0.5,1.0,1.0,1.0,1.0,2.0,0.0,1.0,0.0,0.0,400000.0,511.12,16000.0,0.004509293986969113,1.0,400000.0,9601024.0,400000.0,9601024.0,1.0,16000.0,25.0,6.25e-05,16000.0,2.0,1.0,1.0,1.0,16.0,3.167235494880546,0.00928,148.48,0.00928,405.4061433447099,0.0,2.426199048961222,1.5712656720415226,2.426199048961222,2.053613334296945,,-2.0452083700375936,0.693142180597445,3712.0,1.0,0.0,134.0,1.0,8.21959545417708,64.0,,0,64.0,400000.0,0.4006034128661412,0.0308225,400000.0,0.4006034128661412,0.0308225,1.0,1.0,1.97264,1.97264,1.97264,0.0,1.0,0.0,64.0,0.0,0.0,0.0,0.0,0.0,0.0,64.0,0.0,0.0,0.0,0.0,64.0,0.0,1.0,1.0,0.0,0.0,0.5,0.0,0.5,0.5281724990947559,0.366555757206974,0.061645,0.5281724990947559,0.366555757206974,0.061645,1.0,1.0,3.0,1.0,2.0,1.0,0.0,2.0,2.0,0.0,0.0,0.0,0.0,0.0,0.0,64.0,0.0,0.0,0.0,0.0,0.0,0.0,0.0,0.0,0.0,0.0,0.0,0.0,0.0,0.0,0.0
20260702T021213Z-clean-run-eu-us-gac-region-asymmetry--b9be797e4727--gion_user_segment_join__lookback_days-7__limit_k-50,3508.757,9.0,22.0,1713.87,1,0.0,1.0,1.0,0.0,1.0,1.0,0.0,2.0,0.0,2.0,0.0,0.8926560032512938,4.0,4.0,560000.0,0.0,0.5,1.0,1.0,0.0,2.0,17541120.0,0.0,0.5,1.0,1.0,128.0,0.0,0.5,1.0,1.0,1.0,1.0,4.0,0.0,1.0,0.0,0.0,560000.0,27752.666666666668,62222.22222222222,0.10734399674870623,1.0,560000.0,17541120.0,560000.0,17541120.0,1.0,62222.22222222222,9.0,1.6071428571428572e-05,62222.22222222222,4.0,2.0,2.0,2.0,32.0,22.371044950379453,0.08553928571428572,5322.444444444444,0.08553928571428572,2863.49375364857,-0.832909122935104,8.230177563507617,3.4703330176990286,4.620296323720015,-0.832909122935104,8.230177563507617,8.230177563507617,0.693142180597445,47902.0,1.0,2.0,3784.0,1.0,12.776933411917968,128.0,,0,128.0,560000.0,0.5946385408680758,0.02201607142857143,560000.0,0.5946385408680758,0.02201607142857143,1.0,1.0,2.818057142857143,2.818057142857143,2.818057142857143,0.0,1.0,0.0,128.0,0.0,0.0,0.0,0.0,0.0,0.0,128.0,0.0,0.0,0.0,0.0,128.0,0.0,1.0,1.0,0.0,0.0,0.5,0.0,0.5,0.6883329379518226,0.5857175790447955,0.04403214285714286,0.6883329379518226,0.5857175790447955,0.04403214285714286,1.0,1.0,3.0,1.0,4.0,1.0,2.0,8.0,2.0,0.0,0.0,0.0,0.0,0.0,0.0,128.0,0.0,0.0,0.0,0.0,0.0,0.0,0.0,0.0,0.0,0.0,0.0,0.0,0.0,0.0,0.0
20260702T021232Z-clean-run-eu-us-gac-region-asymmetry--ec261603c92f--ltiregion_top_tenants__lookback_days-30__limit_k-50,2434.619,50.0,50.0,1049.08,1,0.0,0.0,1.0,0.0,1.0,1.0,0.0,0.0,0.0,0.0,0.0,0.9611331382857029,2.0,2.0,400000.0,0.0,0.5,1.0,1.0,0.0,2.0,9601024.0,0.0,0.5,1.0,1.0,64.0,0.0,0.5,1.0,1.0,1.0,1.0,2.0,0.0,1.0,0.0,0.0,400000.0,7737.94,8000.0,0.03886686171429706,1.0,400000.0,9601024.0,400000.0,9601024.0,1.0,8000.0,50.0,0.000125,8000.0,2.0,1.0,1.0,1.0,16.0,3.167235494880546,0.00928,74.24,0.00928,405.4061433447099,0.0,5.827442941169652,2.1438075552495253,5.827442941169652,2.075078804937639,,1.4148043693782684,0.693142180597445,3712.0,1.0,0.0,136.0,1.0,8.21959545417708,64.0,,0,64.0,400000.0,0.4006034128661412,0.0308225,400000.0,0.4006034128661412,0.0308225,1.0,1.0,1.97264,1.97264,1.97264,0.0,1.0,0.0,64.0,0.0,0.0,0.0,0.0,0.0,0.0,64.0,0.0,0.0,0.0,0.0,64.0,0.0,1.0,1.0,0.0,0.0,0.5,0.0,0.5,0.5281724990947559,0.366555757206974,0.061645,0.5281724990947559,0.366555757206974,0.061645,1.0,1.0,3.0,1.0,2.0,1.0,0.0,2.0,2.0,0.0,0.0,0.0,0.0,0.0,0.0,64.0,0.0,0.0,0.0,0.0,0.0,0.0,0.0,0.0,0.0,0.0,0.0,0.0,0.0,0.0,0.0
20260702T021251Z-clean-run-eu-us-gac-region-asymmetry--c3f1b34d4591--ent_filter_summary__lookback_days-30__min_value-900,493.751,1.0,1.0,593.86,1,0.0,0.0,0.0,0.0,1.0,0.0,0.0,0.0,0.0,0.0,0.0,0.9861792684976841,2.0,2.0,39947.0,0.014794602848774626,0.5073973014243873,0.9708421727761607,1.0,0.0,2.0,638976.0,0.016025641025641024,0.5080128205128205,0.9684542586750788,1.0,64.0,0.0,0.5,1.0,1.0,1.0,1.0,2.0,0.0,1.0,0.0,0.0,39947.0,38636.0,39947.0,0.013820731502315855,1.0,39947.0,638976.0,39947.0,638976.0,1.0,39947.0,1.0,2.5033168948857236e-05,39947.0,2.0,1.0,1.0,1.0,16.0,0.0,0.0,0.0,0.0,0.0,0.0,4.44951181995462,1.1087543252947571,4.44951181995462,0.0,,,-1.625628108613139,0.0,0.0,0.0,,1.0,0.0,64.0,,0,64.0,39947.0,0.4063645588320283,0.031792124565048686,39947.0,0.4063645588320283,0.031792124565048686,1.0147946028487747,1.016025641025641,2.034695972163116,2.034695972163116,2.005032315358429,0.0,1.0,0.0,64.0,0.0,0.0,0.0,0.0,0.0,0.0,64.0,0.0,0.0,0.0,0.0,64.0,0.0,1.0,1.0,0.0,0.014794602848774626,0.5073973014243873,0.014794602848774626,0.5073973014243873,0.5291283702513058,0.3679566640352141,0.06265725985495091,0.5291283702513058,0.3679566640352141,0.06265725985495091,1.0,1.0,3.0,1.0,2.0,0.0,0.0,0.0,2.0,0.0,0.0,0.0,0.0,0.0,0.0,64.0,0.0,0.0,0.0,0.0,0.0,0.0,0.0,0.0,0.0,0.0,0.0,0.0,0.0,0.0,0.0
20260702T021308Z-clean-run-eu-us-gac-region-asymmetry--595f56bcdec0--ion_user_segment_join__lookback_days-30__limit_k-50,4329.72,9.0,22.0,1713.87,1,0.0,1.0,1.0,0.0,1.0,1.0,0.0,2.0,0.0,2.0,0.0,0.7684392986151529,4.0,4.0,560000.0,0.0,0.5,1.0,1.0,0.0,2.0,17541120.0,0.0,0.5,1.0,1.0,128.0,0.0,0.5,1.0,1.0,1.0,1.0,4.0,0.0,1.0,0.0,0.0,560000.0,60765.88888888889,62222.22222222222,0.2315607013848471,1.0,560000.0,17541120.0,560000.0,17541120.0,1.0,62222.22222222222,9.0,1.6071428571428572e-05,62222.22222222222,4.0,2.0,2.0,2.0,32.0,65.05545826036195,0.24875,15477.777777777777,0.24875,8327.098657326329,-0.832909122935104,9.688162316720243,4.100087324919071,5.827432605679647,-0.832909122935104,9.688162316720243,9.688162316720243,0.693142180597445,139300.0,1.0,6.0,8392.0,1.0,17.844392338493027,128.0,,0,128.0,560000.0,0.5946385408680758,0.02201607142857143,560000.0,0.5946385408680758,0.02201607142857143,1.0,1.0,2.818057142857143,2.818057142857143,2.818057142857143,0.0,1.0,0.0,128.0,0.0,0.0,0.0,0.0,0.0,0.0,128.0,0.0,0.0,0.0,0.0,128.0,0.0,1.0,1.0,0.0,0.0,0.5,0.0,0.5,0.6883329379518226,0.5857175790447955,0.04403214285714286,0.6883329379518226,0.5857175790447955,0.04403214285714286,1.0,1.0,3.0,1.0,4.0,1.0,2.0,8.0,2.0,0.0,0.0,0.0,0.0,0.0,0.0,128.0,0.0,0.0,0.0,0.0,0.0,0.0,0.0,0.0,0.0,0.0,0.0,0.0,0.0,0.0,0.0
20260702T021327Z-clean-run-eu-us-gac-region-asymmetry--f8a0bbcb6aaa--lti_dimension_rollup__lookback_days-30__limit_k-100,4189.81,100.0,6.0,2223.03,1,0.0,1.0,1.0,1.0,1.0,1.0,0.0,4.0,4.0,0.0,0.0,0.7417422269744928,6.0,6.0,561600.0,0.0,0.5,1.0,1.0,0.0,2.0,16584704.0,0.0,0.5,1.0,1.0,130.0,0.0,0.5,1.0,1.0,1.0,1.0,6.0,0.0,1.0,0.0,0.0,561600.0,5484.89,5616.0,0.2582577730255072,1.0,561600.0,16584704.0,561600.0,16584704.0,1.0,5616.0,100.0,0.00017806267806267807,5616.0,4.0625,2.03125,2.03125,2.03125,32.5,57.73919486292912,0.20814280626780626,1168.93,0.20814280626780626,7390.616942454927,2.6692103677859462,10.786764269791522,4.875811715140653,5.982743225058266,4.535284058523925,10.786764269791522,10.786764269791522,6.68586094706836,116893.0,1.0,2.0,8720.0,4.0,15.055317181343241,130.0,,0,130.0,561600.0,0.6061768416722645,0.02195334757834758,561600.0,0.6061768416722645,0.02195334757834758,1.0,1.0,2.8539351851851853,2.8539351851851853,2.8539351851851853,0.0,1.0,0.0,130.0,0.0,0.0,0.0,0.0,0.0,0.0,130.0,0.0,0.0,0.0,0.0,130.0,0.0,1.0,1.0,0.0,0.0,0.5,0.0,0.5,0.6991717870995011,0.5976078375807238,0.04390669515669516,0.6991717870995011,0.5976078375807238,0.04390669515669516,1.0,1.0,3.0,1.0,6.0,1.0,0.0,3.0,2.0,4.0,4.0,1.0,0.0,0.0,0.0,130.0,0.0,0.0,0.0,0.0,0.0,0.0,0.0,0.0,0.0,0.0,0.0,0.0,0.0,0.0,0.0
20260702T021347Z-clean-run-eu-us-gac-region-asymmetry--bb73180c9c8f--egion_tenant_tier_join__lookback_days-7__limit_k-50,2460.241,24.0,50.0,1752.2,1,0.0,1.0,1.0,1.0,1.0,1.0,0.0,2.0,2.0,0.0,0.0,0.9333695357487335,4.0,4.0,401600.0,0.0,0.5,1.0,1.0,0.0,2.0,9625600.0,0.0,0.5,1.0,1.0,66.0,0.0,0.5,1.0,1.0,1.0,1.0,4.0,0.0,1.0,0.0,0.0,401600.0,3806.75,16733.333333333332,0.0666304642512665,1.0,401600.0,9625600.0,401600.0,9625600.0,1.0,16733.333333333332,24.0,5.976095617529881e-05,16733.333333333332,2.0625,1.03125,1.03125,1.03125,16.5,3.159148936170213,0.009243027888446215,154.66666666666666,0.009243027888446215,404.37106382978726,-0.712949807856125,4.369270177345513,2.62515403729573,4.369270177345513,-3.126760535960395,4.369270177345513,4.369270177345513,6.68586094706836,3712.0,1.0,0.0,3655.0,1.0,8.21959545417708,66.0,,0,66.0,401600.0,0.4333072187846165,0.030699701195219125,401600.0,0.4333072187846165,0.030699701195219125,1.0,1.0,2.0261802788844623,2.0261802788844623,2.0261802788844623,0.0,1.0,0.0,66.0,0.0,0.0,0.0,0.0,0.0,0.0,66.0,0.0,0.0,0.0,0.0,66.0,0.0,1.0,1.0,0.0,0.0,0.5,0.0,0.5,0.5558499664579876,0.4069027976878894,0.06139940239043825,0.5558499664579876,0.4069027976878894,0.06139940239043825,1.0,1.0,3.0,0.0,4.0,1.0,0.0,3.0,2.0,2.0,2.0,1.0,0.0,1.0,0.0,66.0,0.0,0.0,0.0,0.0,0.0,0.0,0.0,0.0,0.0,0.0,0.0,0.0,0.0,0.0,0.0
20260702T021405Z-clean-run-eu-us-gac-region-asymmetry--6cf9c5dd045e--u_tenant_id-1__us_tenant_id-10001__lookback_days-30,56.862,2.0,2.0,305.8,1,0.0,0.0,1.0,0.0,1.0,0.0,0.0,0.0,0.0,0.0,0.0,0.9896943477190391,2.0,2.0,3500.0,0.8571428571428571,0.9285714285714286,0.07692307692307693,1.0,0.0,2.0,83824.0,0.8568429089520901,0.9284214544760451,0.07709703947368421,1.0,2.0,0.0,0.5,1.0,1.0,1.0,1.0,2.0,0.0,1.0,0.0,0.0,3500.0,1692.0,1750.0,0.010305652280960897,2.0,3500.0,83824.0,7000.0,167648.0,2.0,1750.0,2.0,0.0005714285714285715,1750.0,0.0625,0.03125,0.03125,0.03125,0.5,0.0,0.0,0.0,0.0,0.0,0.0,6.666956792429207,1.7949333595776669,6.666956792429207,0.0,,0.0,8.086717920303906,0.0,0.0,0.0,25.0,1.0,0.0,2.0,,0,2.0,3500.0,0.8571428571428571,0.9285714285714286,7000.0,0.8571428571428571,0.9285714285714286,1.8571428571428572,1.8568429089520901,1.8571428571428572,1.8571428571428572,1.0,0.0,0.0,1.0,4.0,1.0,1.0,0.0,0.0,0.0,0.0,4.0,0.0,0.0,4.0,2.0,0.0,0.0,1.0,1.0,0.0,0.8571428571428571,0.9285714285714286,0.8571428571428571,0.9285714285714286,0.0,0.0,1.0,0.0,0.0,1.0,1.0,1.0,2.0,1.0,2.0,0.0,0.0,1.0,0.0,0.0,0.0,0.0,0.0,0.0,0.0,0.0,0.0,0.0,2.0,2.0,0.0,0.0,0.0,0.0,0.0,0.0,0.0,0.0,0.0,0.0,0.0
20260702T021422Z-clean-run-eu-us-gac-region-asymmetry--245f7145952e--_fdw_multiregion_raw_region_rollup__lookback_days-7,2160.991,2.0,199.0,823.16,1,0.0,0.0,1.0,0.0,1.0,0.0,0.0,0.0,0.0,0.0,0.0,0.9856996165185326,2.0,2.0,400000.0,0.0,0.5,1.0,1.0,0.0,2.0,6400000.0,0.0,0.5,1.0,1.0,64.0,0.0,0.5,1.0,1.0,1.0,1.0,2.0,0.0,1.0,0.0,0.0,400000.0,44879.5,200000.0,0.014300383481467435,1.0,400000.0,6400000.0,400000.0,6400000.0,1.0,200000.0,2.0,5e-06,200000.0,2.0,1.0,1.0,1.0,16.0,3.75296,0.00733,1466.0,0.00733,480.37888,-4.199705077879927,4.655761130982302,4.471692915604849,4.655761130982302,-4.199705077879927,,-4.199705077879927,0.693142180597445,2932.0,1.0,0.0,25.0,1.0,7.983781068977451,64.0,,0,64.0,400000.0,0.4006034128661412,0.0308225,400000.0,0.4006034128661412,0.0308225,1.0,1.0,1.97264,1.97264,1.97264,0.0,1.0,0.0,64.0,0.0,0.0,0.0,0.0,0.0,0.0,64.0,0.0,0.0,0.0,0.0,64.0,0.0,1.0,1.0,0.0,0.0,0.5,0.0,0.5,0.5281724990947559,0.366555757206974,0.061645,0.5281724990947559,0.366555757206974,0.061645,1.0,1.0,1.0,1.0,2.0,0.0,0.0,1.0,0.0,0.0,0.0,0.0,0.0,0.0,0.0,64.0,0.0,0.0,0.0,0.0,0.0,0.0,0.0,0.0,0.0,0.0,0.0,0.0,0.0,0.0,0.0
20260702T021440Z-clean-run-eu-us-gac-region-asymmetry--65a4dcb6875b--nt_rollup__lookback_days-1__min_value-0__limit_k-50,2299.228,50.0,50.0,553.76,1,0.0,0.0,1.0,0.0,1.0,1.0,0.0,0.0,0.0,0.0,0.0,0.9945090265080279,2.0,2.0,400000.0,0.0,0.5,1.0,1.0,0.0,2.0,9601024.0,0.0,0.5,1.0,1.0,64.0,0.0,0.5,1.0,1.0,1.0,1.0,2.0,0.0,1.0,0.0,0.0,400000.0,254.96,8000.0,0.005490973491972088,1.0,400000.0,9601024.0,400000.0,9601024.0,1.0,8000.0,50.0,0.000125,8000.0,2.0,1.0,1.0,1.0,16.0,3.167235494880546,0.00928,74.24,0.00928,405.4061433447099,0.0,3.5169228433643704,1.915121932655566,3.5169228433643704,2.2380465718564744,,-1.37147927533475,0.693142180597445,3712.0,1.0,0.0,215.0,1.0,8.21959545417708,64.0,,0,64.0,400000.0,0.4006034128661412,0.0308225,400000.0,0.4006034128661412,0.0308225,1.0,1.0,1.97264,1.97264,1.97264,0.0,1.0,0.0,64.0,0.0,0.0,0.0,0.0,0.0,0.0,64.0,0.0,0.0,0.0,0.0,64.0,0.0,1.0,1.0,0.0,0.0,0.5,0.0,0.5,0.5281724990947559,0.366555757206974,0.061645,0.5281724990947559,0.366555757206974,0.061645,1.0,1.0,3.0,1.0,2.0,1.0,0.0,1.0,2.0,0.0,0.0,1.0,0.0,0.0,0.0,64.0,0.0,0.0,0.0,0.0,0.0,0.0,0.0,0.0,0.0,0.0,0.0,0.0,0.0,0.0,0.0
20260702T021458Z-clean-run-eu-us-gac-region-asymmetry--0855986bb2b0--vent_filter_summary__lookback_days-7__min_value-500,1221.186,1.0,1.0,593.86,1,0.0,0.0,0.0,0.0,1.0,0.0,0.0,0.0,0.0,0.0,0.0,0.9932803029186382,2.0,2.0,199651.0,0.0016879454648361391,0.5008439727324181,0.9966297977878673,1.0,0.0,2.0,3193856.0,0.0016030779095864058,0.5008015389547932,0.9967989756722151,1.0,64.0,0.0,0.5,1.0,1.0,1.0,1.0,2.0,0.0,1.0,0.0,0.0,199651.0,44936.0,199651.0,0.006719697081361811,1.0,199651.0,3193856.0,199651.0,3193856.0,1.0,199651.0,1.0,5.008740251739285e-06,199651.0,2.0,1.0,1.0,1.0,16.0,3.755049695415197,0.007332795728546313,1464.0,0.007332795728546313,480.6463610131452,0.0,4.588570284747139,1.1465417422228048,4.588570284747139,0.0,,,-0.0034358615181916633,1464.0,1.0,0.0,,1.0,7.289610521451167,64.0,,0,64.0,199651.0,0.4021697722427294,0.030949006015497042,199651.0,0.4021697722427294,0.030949006015497042,1.0016879454648362,1.0016030779095864,1.9807363849918107,1.9807363849918107,1.977398643918635,0.0,1.0,0.0,64.0,0.0,0.0,0.0,0.0,0.0,0.0,64.0,0.0,0.0,0.0,0.0,64.0,0.0,1.0,1.0,0.0,0.0016879454648361391,0.5008439727324181,0.0016879454648361391,0.5008439727324181,0.5296676183460142,0.3674517261391827,0.061793707622457346,0.5296676183460142,0.3674517261391827,0.061793707622457346,1.0,1.0,3.0,1.0,2.0,0.0,0.0,0.0,2.0,0.0,0.0,0.0,0.0,0.0,0.0,64.0,0.0,0.0,0.0,0.0,0.0,0.0,0.0,0.0,0.0,0.0,0.0,0.0,0.0,0.0,0.0
20260702T021514Z-clean-run-eu-us-gac-region-asymmetry--68a20690cf21--ulti_dimension_rollup__lookback_days-7__limit_k-100,3410.318,96.0,6.0,2223.03,1,0.0,1.0,1.0,1.0,1.0,1.0,0.0,4.0,4.0,0.0,0.0,0.9247677196085525,6.0,6.0,561600.0,0.0,0.5,1.0,1.0,0.0,2.0,16584704.0,0.0,0.5,1.0,1.0,130.0,0.0,0.5,1.0,1.0,1.0,1.0,6.0,0.0,1.0,0.0,0.0,561600.0,2618.2395833333335,5850.0,0.07523228039144744,1.0,561600.0,16584704.0,561600.0,16584704.0,1.0,5850.0,96.0,0.00017094017094017094,5850.0,4.0625,2.03125,2.03125,2.03125,32.5,2.9636947394418374,0.010683760683760684,62.5,0.010683760683760684,379.3529266485552,2.6288008294480694,9.328523327653894,4.0083495423815805,4.524502282920636,3.188416617383492,9.328523327653894,9.328523327653894,6.68586094706836,6000.0,1.0,0.0,3577.0,1.0,8.699681400989514,130.0,,0,130.0,561600.0,0.6061768416722645,0.02195334757834758,561600.0,0.6061768416722645,0.02195334757834758,1.0,1.0,2.8539351851851853,2.8539351851851853,2.8539351851851853,0.0,1.0,0.0,130.0,0.0,0.0,0.0,0.0,0.0,0.0,130.0,0.0,0.0,0.0,0.0,130.0,0.0,1.0,1.0,0.0,0.0,0.5,0.0,0.5,0.6991717870995011,0.5976078375807238,0.04390669515669516,0.6991717870995011,0.5976078375807238,0.04390669515669516,1.0,1.0,3.0,1.0,6.0,1.0,0.0,3.0,2.0,4.0,4.0,1.0,0.0,0.0,0.0,130.0,0.0,0.0,0.0,0.0,0.0,0.0,0.0,0.0,0.0,0.0,0.0,0.0,0.0,0.0,0.0
20260702T021531Z-clean-run-eu-us-gac-region-asymmetry--d091e40c6f3a--rollup__lookback_days-14__min_value-500__limit_k-50,1332.534,50.0,50.0,553.76,1,0.0,0.0,1.0,0.0,1.0,1.0,0.0,0.0,0.0,0.0,0.0,0.9585361424173791,2.0,2.0,199651.0,0.0016879454648361391,0.5008439727324181,0.9966297977878673,1.0,0.0,2.0,4792320.0,0.0017094017094017094,0.5008547008547009,0.9965870307167235,1.0,64.0,0.0,0.5,1.0,1.0,1.0,1.0,2.0,0.0,1.0,0.0,0.0,199651.0,1802.52,3993.02,0.04146385758262091,1.0,199651.0,4792320.0,199651.0,4792320.0,1.0,3993.02,50.0,0.00025043701258696424,3993.02,2.0,1.0,1.0,1.0,16.0,3.169230769230769,0.009286204426724634,37.08,0.009286204426724634,405.66153846153844,0.0,5.465383533296893,3.191671348438122,5.465383533296893,4.475203859528065,,-1.37147927533475,-0.0034358615181916633,1854.0,1.0,0.0,1873.0,1.0,7.5256399750415355,64.0,,0,64.0,199651.0,0.4021697722427294,0.030949006015497042,199651.0,0.4021697722427294,0.030949006015497042,1.0016879454648362,1.0017094017094017,1.9807363849918107,1.9807363849918107,1.977398643918635,0.0,1.0,0.0,64.0,0.0,0.0,0.0,0.0,0.0,0.0,64.0,0.0,0.0,0.0,0.0,64.0,0.0,1.0,1.0,0.0,0.0016879454648361391,0.5008439727324181,0.0016879454648361391,0.5008439727324181,0.5296676183460142,0.3674517261391827,0.061793707622457346,0.5296676183460142,0.3674517261391827,0.061793707622457346,1.0,1.0,3.0,1.0,2.0,1.0,0.0,1.0,2.0,0.0,0.0,1.0,0.0,0.0,0.0,64.0,0.0,0.0,0.0,0.0,0.0,0.0,0.0,0.0,0.0,0.0,0.0,0.0,0.0,0.0,0.0
20260702T021548Z-clean-run-eu-us-gac-region-asymmetry--f0c2832b7994--_fdw_multiregion_raw_region_rollup__lookback_days-1,2059.332,2.0,199.0,823.16,1,0.0,0.0,1.0,0.0,1.0,0.0,0.0,0.0,0.0,0.0,0.0,0.9955606963811567,2.0,2.0,400000.0,0.0,0.5,1.0,1.0,0.0,2.0,6400000.0,0.0,0.5,1.0,1.0,64.0,0.0,0.5,1.0,1.0,1.0,1.0,2.0,0.0,1.0,0.0,0.0,400000.0,6371.5,200000.0,0.004439303618843308,1.0,400000.0,6400000.0,400000.0,6400000.0,1.0,200000.0,2.0,5e-06,200000.0,2.0,1.0,1.0,1.0,16.0,3.75296,0.00733,1466.0,0.00733,480.37888,-4.199705077879927,4.199705077879927,3.3004581998531286,2.7096066216498684,-4.199705077879927,,-4.199705077879927,0.693142180597445,2932.0,1.0,0.0,25.0,1.0,7.983781068977451,64.0,,0,64.0,400000.0,0.4006034128661412,0.0308225,400000.0,0.4006034128661412,0.0308225,1.0,1.0,1.97264,1.97264,1.97264,0.0,1.0,0.0,64.0,0.0,0.0,0.0,0.0,0.0,0.0,64.0,0.0,0.0,0.0,0.0,64.0,0.0,1.0,1.0,0.0,0.0,0.5,0.0,0.5,0.5281724990947559,0.366555757206974,0.061645,0.5281724990947559,0.366555757206974,0.061645,1.0,1.0,1.0,1.0,2.0,0.0,0.0,1.0,0.0,0.0,0.0,0.0,0.0,0.0,0.0,64.0,0.0,0.0,0.0,0.0,0.0,0.0,0.0,0.0,0.0,0.0,0.0,0.0,0.0,0.0,0.0
20260702T021604Z-clean-run-eu-us-gac-region-asymmetry--4b9a7d2dab70--ultiregion_top_tenants__lookback_days-7__limit_k-25,2227.635,25.0,25.0,1048.02,1,0.0,0.0,1.0,0.0,1.0,1.0,0.0,0.0,0.0,0.0,0.0,0.9877457482935937,2.0,2.0,400000.0,0.0,0.5,1.0,1.0,0.0,2.0,9601024.0,0.0,0.5,1.0,1.0,64.0,0.0,0.5,1.0,1.0,1.0,1.0,2.0,0.0,1.0,0.0,0.0,400000.0,3589.68,16000.0,0.012254251706406222,1.0,400000.0,9601024.0,400000.0,9601024.0,1.0,16000.0,25.0,6.25e-05,16000.0,2.0,1.0,1.0,1.0,16.0,3.167235494880546,0.00928,148.48,0.00928,405.4061433447099,0.0,4.369092470649946,1.9393815703634965,4.369092470649946,2.075078804937639,,-2.0452083700375936,0.693142180597445,3712.0,1.0,0.0,136.0,1.0,8.21959545417708,64.0,,0,64.0,400000.0,0.4006034128661412,0.0308225,400000.0,0.4006034128661412,0.0308225,1.0,1.0,1.97264,1.97264,1.97264,0.0,1.0,0.0,64.0,0.0,0.0,0.0,0.0,0.0,0.0,64.0,0.0,0.0,0.0,0.0,64.0,0.0,1.0,1.0,0.0,0.0,0.5,0.0,0.5,0.5281724990947559,0.366555757206974,0.061645,0.5281724990947559,0.366555757206974,0.061645,1.0,1.0,3.0,1.0,2.0,1.0,0.0,2.0,2.0,0.0,0.0,0.0,0.0,0.0,0.0,64.0,0.0,0.0,0.0,0.0,0.0,0.0,0.0,0.0,0.0,0.0,0.0,0.0,0.0,0.0,0.0
20260702T021623Z-clean-run-eu-us-gac-region-asymmetry--def012c76f2e--vent_filter_summary__lookback_days-1__min_value-500,1009.798,1.0,1.0,593.86,1,0.0,0.0,0.0,0.0,1.0,0.0,0.0,0.0,0.0,0.0,0.0,0.9984194858773735,2.0,2.0,199651.0,0.0016879454648361391,0.5008439727324181,0.9966297977878673,1.0,0.0,2.0,3193856.0,0.0016030779095864058,0.5008015389547932,0.9967989756722151,1.0,64.0,0.0,0.5,1.0,1.0,1.0,1.0,2.0,0.0,1.0,0.0,0.0,199651.0,6356.0,199651.0,0.001580514122626509,1.0,199651.0,3193856.0,199651.0,3193856.0,1.0,199651.0,1.0,5.008740251739285e-06,199651.0,2.0,1.0,1.0,1.0,16.0,3.755049695415197,0.007332795728546313,1464.0,0.007332795728546313,480.6463610131452,0.0,2.653610922919112,0.6575822392165565,2.653610922919112,0.0,,,-0.0034358615181916633,1464.0,1.0,0.0,,1.0,7.289610521451167,64.0,,0,64.0,199651.0,0.4021697722427294,0.030949006015497042,199651.0,0.4021697722427294,0.030949006015497042,1.0016879454648362,1.0016030779095864,1.9807363849918107,1.9807363849918107,1.977398643918635,0.0,1.0,0.0,64.0,0.0,0.0,0.0,0.0,0.0,0.0,64.0,0.0,0.0,0.0,0.0,64.0,0.0,1.0,1.0,0.0,0.0016879454648361391,0.5008439727324181,0.0016879454648361391,0.5008439727324181,0.5296676183460142,0.3674517261391827,0.061793707622457346,0.5296676183460142,0.3674517261391827,0.061793707622457346,1.0,1.0,3.0,1.0,2.0,0.0,0.0,0.0,2.0,0.0,0.0,0.0,0.0,0.0,0.0,64.0,0.0,0.0,0.0,0.0,0.0,0.0,0.0,0.0,0.0,0.0,0.0,0.0,0.0,0.0,0.0
20260702T021638Z-clean-run-eu-us-gac-region-asymmetry--e6819ba9d1e4--_event_filter_summary__lookback_days-1__min_value-0,1898.723,1.0,1.0,593.86,1,0.0,0.0,0.0,0.0,1.0,0.0,0.0,0.0,0.0,0.0,0.0,0.9983810171362542,2.0,2.0,400000.0,0.0,0.5,1.0,1.0,0.0,2.0,6400000.0,0.0,0.5,1.0,1.0,64.0,0.0,0.5,1.0,1.0,1.0,1.0,2.0,0.0,1.0,0.0,0.0,400000.0,12735.0,400000.0,0.0016189828637458276,1.0,400000.0,6400000.0,400000.0,6400000.0,1.0,400000.0,1.0,2.5e-06,400000.0,2.0,1.0,1.0,1.0,16.0,3.75296,0.00733,2932.0,0.00733,480.37888,0.0,3.3342299062091807,0.8313394706475814,3.3342299062091807,0.0,,,0.693142180597445,2932.0,1.0,0.0,,1.0,7.983781068977451,64.0,,0,64.0,400000.0,0.4006034128661412,0.0308225,400000.0,0.4006034128661412,0.0308225,1.0,1.0,1.97264,1.97264,1.97264,0.0,1.0,0.0,64.0,0.0,0.0,0.0,0.0,0.0,0.0,64.0,0.0,0.0,0.0,0.0,64.0,0.0,1.0,1.0,0.0,0.0,0.5,0.0,0.5,0.5281724990947559,0.366555757206974,0.061645,0.5281724990947559,0.366555757206974,0.061645,1.0,1.0,3.0,1.0,2.0,0.0,0.0,0.0,2.0,0.0,0.0,0.0,0.0,0.0,0.0,64.0,0.0,0.0,0.0,0.0,0.0,0.0,0.0,0.0,0.0,0.0,0.0,0.0,0.0,0.0,0.0
20260702T021655Z-clean-run-eu-us-gac-region-asymmetry--c67deb14689b--__limit_k-100__payload_repeat-16__payload_width-512,1515.312,100.0,100.0,471.87,1,0.0,0.0,1.0,0.0,0.0,1.0,0.0,0.0,0.0,0.0,0.0,0.997189357703232,2.0,2.0,199651.0,0.0016879454648361391,0.5008439727324181,0.9966297977878673,1.0,0.0,2.0,7986176.0,0.0016668803692781126,0.500833440184639,0.9966717869943676,1.0,64.0,0.0,0.5,1.0,1.0,1.0,1.0,2.0,0.0,1.0,0.0,0.0,199651.0,63.53,1996.51,0.002810642296767936,1.0,199651.0,7986176.0,199651.0,7986176.0,1.0,1996.51,100.0,0.0005008740251739285,1996.51,2.0,1.0,1.0,1.0,16.0,2.701884857032953,0.013193021823081276,26.34,0.013193021823081276,345.84126170021796,0.0,3.123873290043998,2.0686389678150805,3.123873290043998,,,-1.037368663427391,-0.0034358615181916633,2634.0,1.0,0.0,192.0,1.0,7.876638460975463,64.0,,0,64.0,199651.0,0.4021697722427294,0.030949006015497042,199651.0,0.4021697722427294,0.030949006015497042,1.0016879454648362,1.001666880369278,1.9807363849918107,1.9807363849918107,1.977398643918635,0.0,1.0,0.0,64.0,0.0,0.0,0.0,0.0,0.0,0.0,64.0,0.0,0.0,0.0,0.0,64.0,0.0,1.0,1.0,0.0,0.0016879454648361391,0.5008439727324181,0.0016879454648361391,0.5008439727324181,0.5296676183460142,0.3674517261391827,0.061793707622457346,0.5296676183460142,0.3674517261391827,0.061793707622457346,1.0,1.0,0.0,1.0,2.0,1.0,0.0,1.0,0.0,0.0,0.0,0.0,0.0,0.0,0.0,64.0,0.0,0.0,0.0,0.0,0.0,0.0,0.0,0.0,0.0,0.0,0.0,0.0,0.0,0.0,0.0
20260702T021710Z-clean-run-eu-us-gac-region-asymmetry--e2e8f5795e3e--_rollup__lookback_days-7__min_value-500__limit_k-50,1154.951,50.0,50.0,553.76,1,0.0,0.0,1.0,0.0,1.0,1.0,0.0,0.0,0.0,0.0,0.0,0.978199940949876,2.0,2.0,199651.0,0.0016879454648361391,0.5008439727324181,0.9966297977878673,1.0,0.0,2.0,4792320.0,0.0017094017094017094,0.5008547008547009,0.9965870307167235,1.0,64.0,0.0,0.5,1.0,1.0,1.0,1.0,2.0,0.0,1.0,0.0,0.0,199651.0,898.5,3993.02,0.021800059050124103,1.0,199651.0,4792320.0,199651.0,4792320.0,1.0,3993.02,50.0,0.00025043701258696424,3993.02,2.0,1.0,1.0,1.0,16.0,3.169230769230769,0.009286204426724634,37.08,0.009286204426724634,405.66153846153844,0.0,4.769796840316446,2.7566891554842616,4.769796840316446,3.8010914447208646,,-1.37147927533475,-0.0034358615181916633,1854.0,1.0,0.0,945.0,1.0,7.5256399750415355,64.0,,0,64.0,199651.0,0.4021697722427294,0.030949006015497042,199651.0,0.4021697722427294,0.030949006015497042,1.0016879454648362,1.0017094017094017,1.9807363849918107,1.9807363849918107,1.977398643918635,0.0,1.0,0.0,64.0,0.0,0.0,0.0,0.0,0.0,0.0,64.0,0.0,0.0,0.0,0.0,64.0,0.0,1.0,1.0,0.0,0.0016879454648361391,0.5008439727324181,0.0016879454648361391,0.5008439727324181,0.5296676183460142,0.3674517261391827,0.061793707622457346,0.5296676183460142,0.3674517261391827,0.061793707622457346,1.0,1.0,3.0,1.0,2.0,1.0,0.0,1.0,2.0,0.0,0.0,1.0,0.0,0.0,0.0,64.0,0.0,0.0,0.0,0.0,0.0,0.0,0.0,0.0,0.0,0.0,0.0,0.0,0.0,0.0,0.0
20260702T021726Z-clean-run-eu-us-gac-region-asymmetry--2af47e67705e--eu_tenant_id-1__us_tenant_id-10001__lookback_days-7,49.484,2.0,2.0,305.8,1,0.0,0.0,1.0,0.0,1.0,0.0,0.0,0.0,0.0,0.0,0.0,0.9958774553390995,2.0,2.0,3500.0,0.8571428571428571,0.9285714285714286,0.07692307692307693,1.0,0.0,2.0,83824.0,0.8568429089520901,0.9284214544760451,0.07709703947368421,1.0,2.0,0.0,0.5,1.0,1.0,1.0,1.0,2.0,0.0,1.0,0.0,0.0,3500.0,387.5,1750.0,0.004122544660900506,2.0,3500.0,83824.0,7000.0,167648.0,2.0,1750.0,2.0,0.0005714285714285715,1750.0,0.0625,0.03125,0.03125,0.03125,0.5,0.0,0.0,0.0,0.0,0.0,0.0,5.1943447761650585,1.305567017630053,5.1943447761650585,0.0,,0.0,8.086717920303906,0.0,0.0,0.0,25.0,1.0,0.0,2.0,,0,2.0,3500.0,0.8571428571428571,0.9285714285714286,7000.0,0.8571428571428571,0.9285714285714286,1.8571428571428572,1.8568429089520901,1.8571428571428572,1.8571428571428572,1.0,0.0,0.0,1.0,4.0,1.0,1.0,0.0,0.0,0.0,0.0,4.0,0.0,0.0,4.0,2.0,0.0,0.0,1.0,1.0,0.0,0.8571428571428571,0.9285714285714286,0.8571428571428571,0.9285714285714286,0.0,0.0,1.0,0.0,0.0,1.0,1.0,1.0,2.0,1.0,2.0,0.0,0.0,1.0,0.0,0.0,0.0,0.0,0.0,0.0,0.0,0.0,0.0,0.0,2.0,2.0,0.0,0.0,0.0,0.0,0.0,0.0,0.0,0.0,0.0,0.0,0.0
20260702T021740Z-clean-run-eu-us-gac-region-asymmetry--a08e7d21867d--nt_rollup__lookback_days-7__min_value-0__limit_k-50,2314.921,50.0,50.0,553.76,1,0.0,0.0,1.0,0.0,1.0,1.0,0.0,0.0,0.0,0.0,0.0,0.9792459440300557,2.0,2.0,400000.0,0.0,0.5,1.0,1.0,0.0,2.0,9601024.0,0.0,0.5,1.0,1.0,64.0,0.0,0.5,1.0,1.0,1.0,1.0,2.0,0.0,1.0,0.0,0.0,400000.0,1794.58,8000.0,0.020754055969944295,1.0,400000.0,9601024.0,400000.0,9601024.0,1.0,8000.0,50.0,0.000125,8000.0,2.0,1.0,1.0,1.0,16.0,3.167235494880546,0.00928,74.24,0.00928,405.4061433447099,0.0,5.462344320708493,3.031122859877263,5.462344320708493,3.847317803733476,,-1.37147927533475,0.693142180597445,3712.0,1.0,0.0,1016.0,1.0,8.21959545417708,64.0,,0,64.0,400000.0,0.4006034128661412,0.0308225,400000.0,0.4006034128661412,0.0308225,1.0,1.0,1.97264,1.97264,1.97264,0.0,1.0,0.0,64.0,0.0,0.0,0.0,0.0,0.0,0.0,64.0,0.0,0.0,0.0,0.0,64.0,0.0,1.0,1.0,0.0,0.0,0.5,0.0,0.5,0.5281724990947559,0.366555757206974,0.061645,0.5281724990947559,0.366555757206974,0.061645,1.0,1.0,3.0,1.0,2.0,1.0,0.0,1.0,2.0,0.0,0.0,1.0,0.0,0.0,0.0,64.0,0.0,0.0,0.0,0.0,0.0,0.0,0.0,0.0,0.0,0.0,0.0,0.0,0.0,0.0,0.0
20260702T021757Z-clean-run-eu-us-gac-region-asymmetry--1f1a18528140--ion_user_segment_join__lookback_days-30__limit_k-25,4326.206,9.0,22.0,1713.87,1,0.0,1.0,1.0,0.0,1.0,1.0,0.0,2.0,0.0,2.0,0.0,0.7658703723308597,4.0,4.0,560000.0,0.0,0.5,1.0,1.0,0.0,2.0,17541120.0,0.0,0.5,1.0,1.0,128.0,0.0,0.5,1.0,1.0,1.0,1.0,4.0,0.0,1.0,0.0,0.0,560000.0,60761.444444444445,62222.22222222222,0.23412962766914022,1.0,560000.0,17541120.0,560000.0,17541120.0,1.0,62222.22222222222,9.0,1.6071428571428572e-05,62222.22222222222,4.0,2.0,2.0,2.0,32.0,65.04658493870403,0.24871607142857144,15475.666666666666,0.24871607142857144,8325.962872154116,-0.832909122935104,9.688064124237057,4.100040055484643,5.827334413196461,-0.832909122935104,9.688064124237057,9.688064124237057,0.693142180597445,139281.0,1.0,6.0,8392.0,1.0,17.844255933902442,128.0,,0,128.0,560000.0,0.5946385408680758,0.02201607142857143,560000.0,0.5946385408680758,0.02201607142857143,1.0,1.0,2.818057142857143,2.818057142857143,2.818057142857143,0.0,1.0,0.0,128.0,0.0,0.0,0.0,0.0,0.0,0.0,128.0,0.0,0.0,0.0,0.0,128.0,0.0,1.0,1.0,0.0,0.0,0.5,0.0,0.5,0.6883329379518226,0.5857175790447955,0.04403214285714286,0.6883329379518226,0.5857175790447955,0.04403214285714286,1.0,1.0,3.0,1.0,4.0,1.0,2.0,8.0,2.0,0.0,0.0,0.0,0.0,0.0,0.0,128.0,0.0,0.0,0.0,0.0,0.0,0.0,0.0,0.0,0.0,0.0,0.0,0.0,0.0,0.0,0.0
20260702T021816Z-clean-run-eu-us-gac-region-asymmetry--f532e0a8ea1d--__limit_k-250__payload_repeat-16__payload_width-512,1384.123,250.0,250.0,472.97,1,0.0,0.0,1.0,0.0,0.0,1.0,0.0,0.0,0.0,0.0,0.0,0.9962503332435051,2.0,2.0,199651.0,0.0016879454648361391,0.5008439727324181,0.9966297977878673,1.0,0.0,2.0,7986176.0,0.0016668803692781126,0.500833440184639,0.9966717869943676,1.0,64.0,0.0,0.5,1.0,1.0,1.0,1.0,2.0,0.0,1.0,0.0,0.0,199651.0,25.388,798.604,0.003749666756494946,1.0,199651.0,7986176.0,199651.0,7986176.0,1.0,798.604,250.0,0.0012521850629348213,798.604,2.0,1.0,1.0,1.0,16.0,2.701884857032953,0.013193021823081276,10.536,0.013193021823081276,345.84126170021796,0.0,3.122334117814629,1.8860112589035236,3.122334117814629,,,-0.12703624113686668,-0.0034358615181916633,2634.0,1.0,0.0,469.0,1.0,7.876638460975463,64.0,,0,64.0,199651.0,0.4021697722427294,0.030949006015497042,199651.0,0.4021697722427294,0.030949006015497042,1.0016879454648362,1.001666880369278,1.9807363849918107,1.9807363849918107,1.977398643918635,0.0,1.0,0.0,64.0,0.0,0.0,0.0,0.0,0.0,0.0,64.0,0.0,0.0,0.0,0.0,64.0,0.0,1.0,1.0,0.0,0.0016879454648361391,0.5008439727324181,0.0016879454648361391,0.5008439727324181,0.5296676183460142,0.3674517261391827,0.061793707622457346,0.5296676183460142,0.3674517261391827,0.061793707622457346,1.0,1.0,0.0,1.0,2.0,1.0,0.0,1.0,0.0,0.0,0.0,0.0,0.0,0.0,0.0,64.0,0.0,0.0,0.0,0.0,0.0,0.0,0.0,0.0,0.0,0.0,0.0,0.0,0.0,0.0,0.0
20260702T021832Z-clean-run-eu-us-gac-region-asymmetry--1f2d29ab6b0a--_event_filter_summary__lookback_days-7__min_value-0,1929.143,1.0,1.0,593.86,1,0.0,0.0,0.0,0.0,1.0,0.0,0.0,0.0,0.0,0.0,0.0,0.9929699353547146,2.0,2.0,400000.0,0.0,0.5,1.0,1.0,0.0,2.0,6400000.0,0.0,0.5,1.0,1.0,64.0,0.0,0.5,1.0,1.0,1.0,1.0,2.0,0.0,1.0,0.0,0.0,400000.0,89723.0,400000.0,0.007030064645285444,1.0,400000.0,6400000.0,400000.0,6400000.0,1.0,400000.0,1.0,2.5e-06,400000.0,2.0,1.0,1.0,1.0,16.0,3.75296,0.00733,2932.0,0.00733,480.37888,0.0,5.2808290896434515,1.3194076040385754,5.2808290896434515,0.0,,,0.693142180597445,2932.0,1.0,0.0,,1.0,7.983781068977451,64.0,,0,64.0,400000.0,0.4006034128661412,0.0308225,400000.0,0.4006034128661412,0.0308225,1.0,1.0,1.97264,1.97264,1.97264,0.0,1.0,0.0,64.0,0.0,0.0,0.0,0.0,0.0,0.0,64.0,0.0,0.0,0.0,0.0,64.0,0.0,1.0,1.0,0.0,0.0,0.5,0.0,0.5,0.5281724990947559,0.366555757206974,0.061645,0.5281724990947559,0.366555757206974,0.061645,1.0,1.0,3.0,1.0,2.0,0.0,0.0,0.0,2.0,0.0,0.0,0.0,0.0,0.0,0.0,64.0,0.0,0.0,0.0,0.0,0.0,0.0,0.0,0.0,0.0,0.0,0.0,0.0,0.0,0.0,0.0
20260702T021850Z-clean-run-eu-us-gac-region-asymmetry--b24e3582d974--__limit_k-100__payload_repeat-16__payload_width-512,1603.69,100.0,100.0,471.87,1,0.0,0.0,1.0,0.0,0.0,1.0,0.0,0.0,0.0,0.0,0.0,0.98773765503308,2.0,2.0,199651.0,0.0016879454648361391,0.5008439727324181,0.9966297977878673,1.0,0.0,2.0,7986176.0,0.0016668803692781126,0.500833440184639,0.9966717869943676,1.0,64.0,0.0,0.5,1.0,1.0,1.0,1.0,2.0,0.0,1.0,0.0,0.0,199651.0,449.21,1996.51,0.012262344966920018,1.0,199651.0,7986176.0,199651.0,7986176.0,1.0,1996.51,100.0,0.0005008740251739285,1996.51,2.0,1.0,1.0,1.0,16.0,2.701884857032953,0.013193021823081276,26.34,0.013193021823081276,345.84126170021796,0.0,5.06019375119009,3.242196657941352,5.05913681632401,,,-1.037368663427391,-0.0034358615181916633,2634.0,1.0,0.0,195.0,1.0,7.876638460975463,64.0,,0,64.0,199651.0,0.4021697722427294,0.030949006015497042,199651.0,0.4021697722427294,0.030949006015497042,1.0016879454648362,1.001666880369278,1.9807363849918107,1.9807363849918107,1.977398643918635,0.0,1.0,0.0,64.0,0.0,0.0,0.0,0.0,0.0,0.0,64.0,0.0,0.0,0.0,0.0,64.0,0.0,1.0,1.0,0.0,0.0016879454648361391,0.5008439727324181,0.0016879454648361391,0.5008439727324181,0.5296676183460142,0.3674517261391827,0.061793707622457346,0.5296676183460142,0.3674517261391827,0.061793707622457346,1.0,1.0,0.0,1.0,2.0,1.0,0.0,1.0,0.0,0.0,0.0,0.0,0.0,0.0,0.0,64.0,0.0,0.0,0.0,0.0,0.0,0.0,0.0,0.0,0.0,0.0,0.0,0.0,0.0,0.0,0.0
20260702T021908Z-clean-run-eu-us-gac-region-asymmetry--3f8dfc1d42cd--fdw_multiregion_raw_region_rollup__lookback_days-30,2211.637,2.0,199.0,823.16,1,0.0,0.0,1.0,0.0,1.0,0.0,0.0,0.0,0.0,0.0,0.0,0.9496232880893201,2.0,2.0,400000.0,0.0,0.5,1.0,1.0,0.0,2.0,6400000.0,0.0,0.5,1.0,1.0,64.0,0.0,0.5,1.0,1.0,1.0,1.0,2.0,0.0,1.0,0.0,0.0,400000.0,193422.0,200000.0,0.050376711910679925,1.0,400000.0,6400000.0,400000.0,6400000.0,1.0,200000.0,2.0,5e-06,200000.0,2.0,1.0,1.0,1.0,16.0,3.75296,0.00733,1466.0,0.00733,480.37888,-4.199705077879927,6.114677906051019,5.3482222285365735,6.113806231355123,-4.199705077879927,,-4.199705077879927,0.693142180597445,2932.0,1.0,0.0,25.0,1.0,7.983781068977451,64.0,,0,64.0,400000.0,0.4006034128661412,0.0308225,400000.0,0.4006034128661412,0.0308225,1.0,1.0,1.97264,1.97264,1.97264,0.0,1.0,0.0,64.0,0.0,0.0,0.0,0.0,0.0,0.0,64.0,0.0,0.0,0.0,0.0,64.0,0.0,1.0,1.0,0.0,0.0,0.5,0.0,0.5,0.5281724990947559,0.366555757206974,0.061645,0.5281724990947559,0.366555757206974,0.061645,1.0,1.0,1.0,1.0,2.0,0.0,0.0,1.0,0.0,0.0,0.0,0.0,0.0,0.0,0.0,64.0,0.0,0.0,0.0,0.0,0.0,0.0,0.0,0.0,0.0,0.0,0.0,0.0,0.0,0.0,0.0
20260702T021925Z-clean-run-eu-us-gac-region-asymmetry--9ea3a1b123c1--t__gac_etl_top_tenants__lookback_days-7__limit_k-25,0.643,25.0,25.0,78.34,0,0.0,0.0,1.0,0.0,1.0,1.0,0.0,0.0,0.0,0.0,0.0,0.0,0.0,,,,,,,0.0,0.0,,,,,,,,,,,,,,,,,,,,,1.0,,,,,,,,25.0,,,,,,,,,,0.0,,,0.0,3.38569319512619,0.8464232987815475,,0.0,,-3.38569319512619,,0.0,0.0,0.0,27.0,1.0,0.0,,,0,,,,,,,,,,,,,,,,,,,,,,,,,,,,,,,,,,,,,,,,,,,,,1.0,0.0,0.0,1.0,0.0,1.0,0.0,0.0,0.0,0.0,1.0,0.0,0.0,,,,,,,,,,,,,,,,
20260702T021939Z-clean-run-eu-us-gac-region-asymmetry--81948fe9da24--event_filter_summary__lookback_days-30__min_value-0,2029.084,1.0,1.0,593.86,1,0.0,0.0,0.0,0.0,1.0,0.0,0.0,0.0,0.0,0.0,0.0,0.9778890376150027,2.0,2.0,400000.0,0.0,0.5,1.0,1.0,0.0,2.0,6400000.0,0.0,0.5,1.0,1.0,64.0,0.0,0.5,1.0,1.0,1.0,1.0,2.0,0.0,1.0,0.0,0.0,400000.0,386841.0,400000.0,0.022110962384997372,1.0,400000.0,6400000.0,400000.0,6400000.0,1.0,400000.0,1.0,2.5e-06,400000.0,2.0,1.0,1.0,1.0,16.0,3.75296,0.00733,2932.0,0.00733,480.37888,0.0,6.7392074233826795,1.6847262437733515,6.7392074233826795,0.0,,,0.693142180597445,2932.0,1.0,0.0,,1.0,7.983781068977451,64.0,,0,64.0,400000.0,0.4006034128661412,0.0308225,400000.0,0.4006034128661412,0.0308225,1.0,1.0,1.97264,1.97264,1.97264,0.0,1.0,0.0,64.0,0.0,0.0,0.0,0.0,0.0,0.0,64.0,0.0,0.0,0.0,0.0,64.0,0.0,1.0,1.0,0.0,0.0,0.5,0.0,0.5,0.5281724990947559,0.366555757206974,0.061645,0.5281724990947559,0.366555757206974,0.061645,1.0,1.0,3.0,1.0,2.0,0.0,0.0,0.0,2.0,0.0,0.0,0.0,0.0,0.0,0.0,64.0,0.0,0.0,0.0,0.0,0.0,0.0,0.0,0.0,0.0,0.0,0.0,0.0,0.0,0.0,0.0
20260702T021956Z-clean-run-eu-us-gac-region-asymmetry--aab06bd89788--gion_user_segment_join__lookback_days-7__limit_k-25,4133.527,9.0,22.0,1713.87,1,0.0,1.0,1.0,0.0,1.0,1.0,0.0,2.0,0.0,2.0,0.0,0.8828003300813083,4.0,4.0,560000.0,0.0,0.5,1.0,1.0,0.0,2.0,17541120.0,0.0,0.5,1.0,1.0,128.0,0.0,0.5,1.0,1.0,1.0,1.0,4.0,0.0,1.0,0.0,0.0,560000.0,27746.0,62222.22222222222,0.11719966991869168,1.0,560000.0,17541120.0,560000.0,17541120.0,1.0,62222.22222222222,9.0,1.6071428571428572e-05,62222.22222222222,4.0,2.0,2.0,2.0,32.0,22.371044950379453,0.08553928571428572,5322.444444444444,0.08553928571428572,2863.49375364857,-0.832909122935104,8.229600003902963,3.4700607097638785,4.620296323720015,-0.832909122935104,8.229600003902963,8.229600003902963,0.693142180597445,47902.0,1.0,2.0,3784.0,1.0,12.776933411917968,128.0,,0,128.0,560000.0,0.5946385408680758,0.02201607142857143,560000.0,0.5946385408680758,0.02201607142857143,1.0,1.0,2.818057142857143,2.818057142857143,2.818057142857143,0.0,1.0,0.0,128.0,0.0,0.0,0.0,0.0,0.0,0.0,128.0,0.0,0.0,0.0,0.0,128.0,0.0,1.0,1.0,0.0,0.0,0.5,0.0,0.5,0.6883329379518226,0.5857175790447955,0.04403214285714286,0.6883329379518226,0.5857175790447955,0.04403214285714286,1.0,1.0,3.0,1.0,4.0,1.0,2.0,8.0,2.0,0.0,0.0,0.0,0.0,0.0,0.0,128.0,0.0,0.0,0.0,0.0,0.0,0.0,0.0,0.0,0.0,0.0,0.0,0.0,0.0,0.0,0.0
20260702T022016Z-clean-run-eu-us-gac-region-asymmetry--39526b3c49c1--egion_global_user_join__lookback_days-7__limit_k-25,3717.408,18.0,18.0,1608.99,1,0.0,1.0,1.0,0.0,1.0,1.0,0.0,2.0,0.0,2.0,0.0,0.8803677185824101,4.0,4.0,560000.0,0.0,0.5,1.0,1.0,0.0,2.0,17860608.0,0.0,0.5,1.0,1.0,128.0,0.0,0.5,1.0,1.0,1.0,1.0,4.0,0.0,1.0,0.0,0.0,560000.0,13872.888888888889,31111.11111111111,0.11963228141758983,1.0,560000.0,17860608.0,560000.0,17860608.0,1.0,31111.11111111111,18.0,3.2142857142857144e-05,31111.11111111111,4.0,2.0,2.0,2.0,32.0,22.78316706799679,0.08870178571428572,2759.6111111111113,0.08870178571428572,2916.245384703589,0.0,8.411899340202954,3.3838368058154438,4.8878772168507085,0.0,8.411899340202954,8.411899340202954,0.693142180597445,49673.0,1.0,2.0,3944.0,1.0,12.813236936366861,128.0,,0,128.0,560000.0,0.6261797798832966,0.02201607142857143,560000.0,0.6261797798832966,0.02201607142857143,1.0,1.0,2.818057142857143,2.818057142857143,2.818057142857143,0.0,1.0,0.0,128.0,0.0,0.0,0.0,0.0,0.0,0.0,128.0,0.0,0.0,0.0,0.0,128.0,0.0,1.0,1.0,0.0,0.0,0.5,0.0,0.5,0.7162417423394057,0.6185052024955336,0.04403214285714286,0.7162417423394057,0.6185052024955336,0.04403214285714286,1.0,1.0,3.0,1.0,4.0,1.0,2.0,8.0,2.0,0.0,0.0,0.0,0.0,0.0,0.0,128.0,0.0,0.0,0.0,0.0,0.0,0.0,0.0,0.0,0.0,0.0,0.0,0.0,0.0,0.0,0.0
20260702T022036Z-clean-run-eu-us-gac-region-asymmetry--418d247523be--vent_filter_summary__lookback_days-1__min_value-900,315.393,1.0,1.0,593.86,1,0.0,0.0,0.0,0.0,1.0,0.0,0.0,0.0,0.0,0.0,0.0,0.998700034560057,2.0,2.0,39947.0,0.014794602848774626,0.5073973014243873,0.9708421727761607,1.0,0.0,2.0,638976.0,0.016025641025641024,0.5080128205128205,0.9684542586750788,1.0,64.0,0.0,0.5,1.0,1.0,1.0,1.0,2.0,0.0,1.0,0.0,0.0,39947.0,1222.0,39947.0,0.0012999654399430812,1.0,39947.0,638976.0,39947.0,638976.0,1.0,39947.0,1.0,2.5033168948857236e-05,39947.0,2.0,1.0,1.0,1.0,16.0,0.0,0.0,0.0,0.0,0.0,0.0,0.9862729245929027,0.2457512347757525,0.9862729245929027,0.0,,,-1.625628108613139,0.0,0.0,0.0,,1.0,0.0,64.0,,0,64.0,39947.0,0.4063645588320283,0.031792124565048686,39947.0,0.4063645588320283,0.031792124565048686,1.0147946028487747,1.016025641025641,2.034695972163116,2.034695972163116,2.005032315358429,0.0,1.0,0.0,64.0,0.0,0.0,0.0,0.0,0.0,0.0,64.0,0.0,0.0,0.0,0.0,64.0,0.0,1.0,1.0,0.0,0.014794602848774626,0.5073973014243873,0.014794602848774626,0.5073973014243873,0.5291283702513058,0.3679566640352141,0.06265725985495091,0.5291283702513058,0.3679566640352141,0.06265725985495091,1.0,1.0,3.0,1.0,2.0,0.0,0.0,0.0,2.0,0.0,0.0,0.0,0.0,0.0,0.0,64.0,0.0,0.0,0.0,0.0,0.0,0.0,0.0,0.0,0.0,0.0,0.0,0.0,0.0,0.0,0.0
20260702T022050Z-clean-run-eu-us-gac-region-asymmetry--561c4ac82de3--__gac_etl_top_tenants__lookback_days-30__limit_k-25,1.392,25.0,25.0,78.34,0,0.0,0.0,1.0,0.0,1.0,1.0,0.0,0.0,0.0,0.0,0.0,0.0,0.0,,,,,,,0.0,0.0,,,,,,,,,,,,,,,,,,,,,1.0,,,,,,,,25.0,,,,,,,,,,0.0,,,0.0,3.38569319512619,0.8464232987815475,,0.0,,-3.38569319512619,,0.0,0.0,0.0,27.0,1.0,0.0,,,0,,,,,,,,,,,,,,,,,,,,,,,,,,,,,,,,,,,,,,,,,,,,,1.0,0.0,0.0,1.0,0.0,1.0,0.0,0.0,0.0,0.0,1.0,0.0,0.0,,,,,,,,,,,,,,,,
20260702T022106Z-clean-run-eu-us-gac-region-asymmetry--dd0059a16e0d--c_fdw_multiregion_event_full_scan_summary__case-001,214.501,1.0,1.0,302.44,1,0.0,0.0,0.0,0.0,1.0,0.0,0.0,0.0,0.0,0.0,0.0,0.9998741264609489,2.0,2.0,2.0,0.0,0.5,1.0,1.0,0.0,2.0,2560.0,0.0,0.5,1.0,1.0,64.0,0.0,0.5,1.0,1.0,1.0,1.0,4.0,1.0,1.0,0.0,0.0,66.0,2.0,2.0,0.000125873539051171,200000.0,2.0,2560.0,400000.0,512000000.0,200000.0,2.0,1.0,0.5,2.0,2.0,1.0,1.0,1.0,16.0,0.0,0.0,0.0,0.0,0.0,0.0,0.0,0.0,0.0,0.0,,,0.0,0.0,0.0,0.0,,1.0,0.0,64.0,,0,64.0,64.0,0.0,0.015625,400000.0,0.4006034128661412,0.0308225,1.0,1.0,1.97264,1.0,1.97264,0.0,1.0,0.0,128.0,1.0,1.0,0.0,64.0,0.0,64.0,64.0,0.0,0.0,0.0,0.0,64.0,64.0,1.0,1.0,0.0,0.0,0.5,0.0,0.5,0.0,0.0,0.03125,0.5281724990947559,0.366555757206974,0.061645,1.0,1.0,1.0,1.0,2.0,0.0,0.0,0.0,2.0,0.0,0.0,0.0,0.0,0.0,0.0,64.0,0.0,0.0,0.0,0.0,0.0,0.0,0.0,0.0,0.0,0.0,0.0,64.0,0.0,0.0,0.0
20260702T022122Z-clean-run-eu-us-gac-region-asymmetry--dead5bee65c2--ulti_dimension_rollup__lookback_days-30__limit_k-50,4118.193,50.0,6.0,2223.03,1,0.0,1.0,1.0,1.0,1.0,1.0,0.0,4.0,4.0,0.0,0.0,0.755229053130827,6.0,6.0,561600.0,0.0,0.5,1.0,1.0,0.0,2.0,16584704.0,0.0,0.5,1.0,1.0,130.0,0.0,0.5,1.0,1.0,1.0,1.0,6.0,0.0,1.0,0.0,0.0,561600.0,10968.38,11232.0,0.24477094686917297,1.0,561600.0,16584704.0,561600.0,16584704.0,1.0,11232.0,50.0,8.903133903133904e-05,11232.0,4.0625,2.03125,2.03125,2.03125,32.5,57.78463818226723,0.20830662393162394,2339.7,0.20830662393162394,7396.433687330205,1.9859154836690125,10.78657821077927,4.775208068222685,5.982557166046013,4.535284058523925,10.78657821077927,10.78657821077927,6.68586094706836,116985.0,1.0,2.0,8712.0,4.0,15.056103909620521,130.0,,0,130.0,561600.0,0.6061768416722645,0.02195334757834758,561600.0,0.6061768416722645,0.02195334757834758,1.0,1.0,2.8539351851851853,2.8539351851851853,2.8539351851851853,0.0,1.0,0.0,130.0,0.0,0.0,0.0,0.0,0.0,0.0,130.0,0.0,0.0,0.0,0.0,130.0,0.0,1.0,1.0,0.0,0.0,0.5,0.0,0.5,0.6991717870995011,0.5976078375807238,0.04390669515669516,0.6991717870995011,0.5976078375807238,0.04390669515669516,1.0,1.0,3.0,1.0,6.0,1.0,0.0,3.0,2.0,4.0,4.0,1.0,0.0,0.0,0.0,130.0,0.0,0.0,0.0,0.0,0.0,0.0,0.0,0.0,0.0,0.0,0.0,0.0,0.0,0.0,0.0
20260702T022142Z-clean-run-eu-us-gac-region-asymmetry--fc00468f9816--rollup__lookback_days-30__min_value-500__limit_k-50,1270.148,50.0,50.0,553.76,1,0.0,0.0,1.0,0.0,1.0,1.0,0.0,0.0,0.0,0.0,0.0,0.9240120049002165,2.0,2.0,199651.0,0.0016879454648361391,0.5008439727324181,0.9966297977878673,1.0,0.0,2.0,4792320.0,0.0017094017094017094,0.5008547008547009,0.9965870307167235,1.0,64.0,0.0,0.5,1.0,1.0,1.0,1.0,2.0,0.0,1.0,0.0,0.0,199651.0,3860.52,3993.02,0.07598799509978353,1.0,199651.0,4792320.0,199651.0,4792320.0,1.0,3993.02,50.0,0.00025043701258696424,3993.02,2.0,1.0,1.0,1.0,16.0,3.169230769230769,0.009286204426724634,37.08,0.009286204426724634,405.66153846153844,0.0,6.226588403147806,3.671374989154364,6.226588403147806,5.2248221873675735,,-1.37147927533475,-0.0034358615181916633,1854.0,1.0,0.0,3569.0,1.0,7.5256399750415355,64.0,,0,64.0,199651.0,0.4021697722427294,0.030949006015497042,199651.0,0.4021697722427294,0.030949006015497042,1.0016879454648362,1.0017094017094017,1.9807363849918107,1.9807363849918107,1.977398643918635,0.0,1.0,0.0,64.0,0.0,0.0,0.0,0.0,0.0,0.0,64.0,0.0,0.0,0.0,0.0,64.0,0.0,1.0,1.0,0.0,0.0016879454648361391,0.5008439727324181,0.0016879454648361391,0.5008439727324181,0.5296676183460142,0.3674517261391827,0.061793707622457346,0.5296676183460142,0.3674517261391827,0.061793707622457346,1.0,1.0,3.0,1.0,2.0,1.0,0.0,1.0,2.0,0.0,0.0,1.0,0.0,0.0,0.0,64.0,0.0,0.0,0.0,0.0,0.0,0.0,0.0,0.0,0.0,0.0,0.0,0.0,0.0,0.0,0.0
20260702T022158Z-clean-run-eu-us-gac-region-asymmetry--9fab3c6d786a--_rollup__lookback_days-1__min_value-500__limit_k-50,1227.039,50.0,50.0,553.76,1,0.0,0.0,1.0,0.0,1.0,1.0,0.0,0.0,0.0,0.0,0.0,0.9946953601311778,2.0,2.0,199651.0,0.0016879454648361391,0.5008439727324181,0.9966297977878673,1.0,0.0,2.0,4792320.0,0.0017094017094017094,0.5008547008547009,0.9965870307167235,1.0,64.0,0.0,0.5,1.0,1.0,1.0,1.0,2.0,0.0,1.0,0.0,0.0,199651.0,126.52,3993.02,0.005304639868822252,1.0,199651.0,4792320.0,199651.0,4792320.0,1.0,3993.02,50.0,0.00025043701258696424,3993.02,2.0,1.0,1.0,1.0,16.0,3.169230769230769,0.009286204426724634,37.08,0.009286204426724634,405.66153846153844,0.0,2.828892349678803,1.5917246995857248,2.828892349678803,2.0745467693031077,,-1.37147927533475,-0.0034358615181916633,1854.0,1.0,0.0,144.0,1.0,7.5256399750415355,64.0,,0,64.0,199651.0,0.4021697722427294,0.030949006015497042,199651.0,0.4021697722427294,0.030949006015497042,1.0016879454648362,1.0017094017094017,1.9807363849918107,1.9807363849918107,1.977398643918635,0.0,1.0,0.0,64.0,0.0,0.0,0.0,0.0,0.0,0.0,64.0,0.0,0.0,0.0,0.0,64.0,0.0,1.0,1.0,0.0,0.0016879454648361391,0.5008439727324181,0.0016879454648361391,0.5008439727324181,0.5296676183460142,0.3674517261391827,0.061793707622457346,0.5296676183460142,0.3674517261391827,0.061793707622457346,1.0,1.0,3.0,1.0,2.0,1.0,0.0,1.0,2.0,0.0,0.0,1.0,0.0,0.0,0.0,64.0,0.0,0.0,0.0,0.0,0.0,0.0,0.0,0.0,0.0,0.0,0.0,0.0,0.0,0.0,0.0
20260702T022214Z-clean-run-eu-us-gac-region-asymmetry--bb21839d8b65--gion_global_user_join__lookback_days-30__limit_k-25,4503.096,18.0,18.0,1608.99,1,0.0,1.0,1.0,0.0,1.0,1.0,0.0,2.0,0.0,2.0,0.0,0.7163331627840047,4.0,4.0,560000.0,0.0,0.5,1.0,1.0,0.0,2.0,17860608.0,0.0,0.5,1.0,1.0,128.0,0.0,0.5,1.0,1.0,1.0,1.0,4.0,0.0,1.0,0.0,0.0,560000.0,30378.222222222223,31111.11111111111,0.2836668372159953,1.0,560000.0,17860608.0,560000.0,17860608.0,1.0,31111.11111111111,18.0,3.2142857142857144e-05,31111.11111111111,4.0,2.0,2.0,2.0,32.0,65.7933723196881,0.2561535714285714,7969.222222222223,0.2561535714285714,8421.551656920077,0.0,9.870266803544459,4.013771730536376,5.827215535709908,0.0,9.870266803544459,9.870266803544459,0.693142180597445,143446.0,1.0,6.0,8768.0,1.0,17.873720907980648,128.0,,0,128.0,560000.0,0.6261797798832966,0.02201607142857143,560000.0,0.6261797798832966,0.02201607142857143,1.0,1.0,2.818057142857143,2.818057142857143,2.818057142857143,0.0,1.0,0.0,128.0,0.0,0.0,0.0,0.0,0.0,0.0,128.0,0.0,0.0,0.0,0.0,128.0,0.0,1.0,1.0,0.0,0.0,0.5,0.0,0.5,0.7162417423394057,0.6185052024955336,0.04403214285714286,0.7162417423394057,0.6185052024955336,0.04403214285714286,1.0,1.0,3.0,1.0,4.0,1.0,2.0,8.0,2.0,0.0,0.0,0.0,0.0,0.0,0.0,128.0,0.0,0.0,0.0,0.0,0.0,0.0,0.0,0.0,0.0,0.0,0.0,0.0,0.0,0.0,0.0
20260702T022234Z-clean-run-eu-us-gac-region-asymmetry--7ed84d8c81ca--vent_filter_summary__lookback_days-7__min_value-900,315.9,1.0,1.0,593.86,1,0.0,0.0,0.0,0.0,1.0,0.0,0.0,0.0,0.0,0.0,0.0,0.9952896486229822,2.0,2.0,39947.0,0.014794602848774626,0.5073973014243873,0.9708421727761607,1.0,0.0,2.0,638976.0,0.016025641025641024,0.5080128205128205,0.9684542586750788,1.0,64.0,0.0,0.5,1.0,1.0,1.0,1.0,2.0,0.0,1.0,0.0,0.0,39947.0,8909.0,39947.0,0.004710351377017863,1.0,39947.0,638976.0,39947.0,638976.0,1.0,39947.0,1.0,2.5033168948857236e-05,39947.0,2.0,1.0,1.0,1.0,16.0,0.0,0.0,0.0,0.0,0.0,0.0,2.9792211664881987,0.7420277112870309,2.9792211664881987,0.0,,,-1.625628108613139,0.0,0.0,0.0,,1.0,0.0,64.0,,0,64.0,39947.0,0.4063645588320283,0.031792124565048686,39947.0,0.4063645588320283,0.031792124565048686,1.0147946028487747,1.016025641025641,2.034695972163116,2.034695972163116,2.005032315358429,0.0,1.0,0.0,64.0,0.0,0.0,0.0,0.0,0.0,0.0,64.0,0.0,0.0,0.0,0.0,64.0,0.0,1.0,1.0,0.0,0.014794602848774626,0.5073973014243873,0.014794602848774626,0.5073973014243873,0.5291283702513058,0.3679566640352141,0.06265725985495091,0.5291283702513058,0.3679566640352141,0.06265725985495091,1.0,1.0,3.0,1.0,2.0,0.0,0.0,0.0,2.0,0.0,0.0,0.0,0.0,0.0,0.0,64.0,0.0,0.0,0.0,0.0,0.0,0.0,0.0,0.0,0.0,0.0,0.0,0.0,0.0,0.0,0.0
20260702T022331Z-clean-run-eu-us-gac-region-asymmetry--f181cf629b85--fault__q10_top_tenants__lookback_days-7__limit_k-25,120.049,25.0,25.0,2821.99,0,1.0,0.0,1.0,0.0,0.0,1.0,0.0,0.0,0.0,0.0,0.0,0.0,0.0,,,,,,,0.0,0.0,,,,,,,,,,,,,128.0,3.0,0.0,1.0,0.0,47040.0,,29.6,1.0,1.0,47040.0,29600.0,47040.0,29600.0,1.0,1881.6,25.0,0.0005314625850340137,1881.6,1.0,0.5,1.0,1.0,8.0,0.0,0.0,0.0,0.0,0.0,0.0,8.254838926898747,4.386591255507629,,,,-8.254838926898747,-0.48550781578170077,0.0,0.0,0.0,27.0,1.0,0.0,32.0,,0,,,,,,,,,,,,,,,,,,,,,,,,,,,,,,,,,,,,,,,,,,,,,0.0,0.0,0.0,1.0,0.0,1.0,0.0,0.0,0.0,0.0,0.0,0.0,1.0,,,,,,,,,,,,,,,,
20260702T022345Z-clean-run-eu-us-gac-region-asymmetry--2d518a52e3de--ault__q10_top_tenants__lookback_days-30__limit_k-25,136.311,25.0,25.0,2821.99,0,1.0,0.0,1.0,0.0,0.0,1.0,0.0,0.0,0.0,0.0,0.0,0.0,0.0,,,,,,,0.0,0.0,,,,,,,,,,,,,128.0,3.0,0.0,1.0,0.0,195689.0,,29.6,1.0,0.9999999999999999,195689.0,29600.0,195689.0,29599.999999999996,1.0,7827.56,25.0,0.00012775373168650257,7827.56,1.0,0.5,1.0,1.0,8.0,0.0,0.0,0.0,0.0,0.0,0.0,8.254838926898747,4.386591255507629,,,,-8.254838926898747,-0.48550781578170077,0.0,0.0,0.0,27.0,1.0,0.0,32.0,,0,,,,,,,,,,,,,,,,,,,,,,,,,,,,,,,,,,,,,,,,,,,,,0.0,0.0,0.0,1.0,0.0,1.0,0.0,0.0,0.0,0.0,0.0,0.0,1.0,,,,,,,,,,,,,,,,
