condition_id,execution_slot_id,pair_id,repeat_id,instance_id,template_id,param_json,rendered_sql_path,expected_shape_tags,corpus_id,corpus_version,batch_id,collection_contract_version,corpus_cell_id,logical_question_id,execution_strategy,execution_scope,target_scope,component_match_id,dataset_profile_id,runtime_config_id,topology_id,intervention_role,intervention_axis,pressure_axis,pressure_level,variant,pressure_pair_key,physical_strategy_id,scenario_level,join_shape_id,remote_shape_id,edge_stress_scope,transfer_volume_level,network_subblock,coordinator_pressure_kind,coordinator_shape_id,mitigation_action,target_metric,dataset_role,expected_regime_targets,execution_class,runtime_sensitivity,required_dataset_capabilities,distribution_key_usage,intervention_roles,cache_policy,order_policy,shuffle_seed,warmup_run_flag,repetition_index,run_order,sentinel_flag
cond-72bd6c176bb9592b27fa,cond-72bd6c176bb9592b27fa::r0,pair-4711c69cab926c15c3fc7e8d,pair-4711c69cab926c15c3fc7e8d::r0,q27_user_sum__baseline__gac_fdw_dba_topk_raw__query_shape-user_sum__cutoff_ts-2026-06-29-00-00-00-00__limit_k-50__include_apac-True,gac_fdw_dba_topk_raw,"{""cutoff_ts"": ""2026-06-29 00:00:00+00"", ""include_apac"": true, ""limit_k"": 50, ""query_shape"": ""user_sum""}",master-regimes/generated/corpus/confirmatory-action-replication-v1/groups/confirmatory-action-replication-v1__topology-isolation-large-n3-v1__runtime-bundle-multi-edge__analytics_clients/queries/q27_user_sum__baseline__gac_fdw_dba_topk_raw__query_shape-user_sum__cutoff_ts-2026-06-29-00-00-00-00__limit_k-50__include_apac-True.sql,"coordinator_raw_fanin,coordinator_sort_topk",confirmatory-action-replication-v1,confirmatory-action-replication-v1,batch-confirmatory-action-replication-v1,fuzzy-intervention-memory-v1,q27_user_sum__baseline,dba_local_memory_topk,multiregion_union,gac_multi_edge,global_query,confirmatory_q27_user_sum,topology-isolation-large-n3-v1,dba_topk_balanced_stressed,eu_us_apac_gac,final_check,combined_pressure,local_intervention_memory,stressed,stressed,q27_user_sum__shared_baseline,gac_raw_topk,confirmatory_holdout,,,,,,,,,global_gac_mitigation_gain_log2,confirmatory_action_replication,"gac_finalization_heavy,remote_fetch_heavy",pilot,"{""fetch_size"":""high"",""wan_latency"":""high"",""work_mem"":""high""}","supports_region_partitioning,supports_large_scan","{""filter_uses_distribution_key"":false,""group_by_uses_distribution_key"":false,""join_uses_distribution_key"":false,""multi_tenant_scope"":true,""order_by_uses_distribution_key"":false,""single_tenant_scope"":false,""tenant_filter_present"":false}",,balanced_williams_confirmatory,explicit_schedule,,false,0,1,false
cond-416644b0da6a48c2b9b7,cond-416644b0da6a48c2b9b7::r0,pair-a3d66a34901044d1a6e3590e,pair-a3d66a34901044d1a6e3590e::r0,q27_user_sum__increase_gac_work_mem__gac_fdw_dba_topk_raw__query_shape-user_sum__cutoff_ts-2026-06-29-00-00-00-00__limit_k-50__include_apac-True,gac_fdw_dba_topk_raw,"{""cutoff_ts"": ""2026-06-29 00:00:00+00"", ""include_apac"": true, ""limit_k"": 50, ""query_shape"": ""user_sum""}",master-regimes/generated/corpus/confirmatory-action-replication-v1/groups/confirmatory-action-replication-v1__topology-isolation-large-n3-v1__runtime-bundle-multi-edge__analytics_clients/queries/q27_user_sum__increase_gac_work_mem__gac_fdw_dba_topk_raw__query_shape-user_sum__cutoff_ts-2026-06-29-00-00-00-00__limit_k-50__include_apac-True.sql,"coordinator_raw_fanin,coordinator_sort_topk",confirmatory-action-replication-v1,confirmatory-action-replication-v1,batch-confirmatory-action-replication-v1,fuzzy-intervention-memory-v1,q27_user_sum__increase_gac_work_mem,dba_local_memory_topk,multiregion_union,gac_multi_edge,global_query,confirmatory_q27_user_sum,topology-isolation-large-n3-v1,dba_topk_balanced_gac_mitigated,eu_us_apac_gac,final_check,combined_pressure,local_intervention_memory,mitigated,mitigated,q27_user_sum__increase_gac_work_mem,gac_memory_increase,confirmatory_holdout,,,,,,,,increase_gac_work_mem,global_gac_mitigation_gain_log2,confirmatory_action_replication,"gac_finalization_heavy,remote_fetch_heavy",pilot,"{""fetch_size"":""high"",""wan_latency"":""high"",""work_mem"":""high""}","supports_region_partitioning,supports_large_scan","{""filter_uses_distribution_key"":false,""group_by_uses_distribution_key"":false,""join_uses_distribution_key"":false,""multi_tenant_scope"":true,""order_by_uses_distribution_key"":false,""single_tenant_scope"":false,""tenant_filter_present"":false}",,balanced_williams_confirmatory,explicit_schedule,,false,0,2,false
cond-f90916670f1125d505bb,cond-f90916670f1125d505bb::r0,pair-b7ea628951097147fd7cf3b5,pair-b7ea628951097147fd7cf3b5::r0,q27_user_sum__mitigate_remote_path_bundle__gac_fdw_dba_topk_raw__query_shape-user_sum__cutoff_ts-2026-06-29-00-00-00-00__limit_k-50__include_apac-True,gac_fdw_dba_topk_raw,"{""cutoff_ts"": ""2026-06-29 00:00:00+00"", ""include_apac"": true, ""limit_k"": 50, ""query_shape"": ""user_sum""}",master-regimes/generated/corpus/confirmatory-action-replication-v1/groups/confirmatory-action-replication-v1__topology-isolation-large-n3-v1__runtime-bundle-multi-edge__analytics_clients/queries/q27_user_sum__mitigate_remote_path_bundle__gac_fdw_dba_topk_raw__query_shape-user_sum__cutoff_ts-2026-06-29-00-00-00-00__limit_k-50__include_apac-True.sql,"coordinator_raw_fanin,coordinator_sort_topk",confirmatory-action-replication-v1,confirmatory-action-replication-v1,batch-confirmatory-action-replication-v1,fuzzy-intervention-memory-v1,q27_user_sum__mitigate_remote_path_bundle,dba_local_memory_topk,multiregion_union,gac_multi_edge,global_query,confirmatory_q27_user_sum,topology-isolation-large-n3-v1,dba_topk_balanced_remote_mitigated,eu_us_apac_gac,final_check,combined_pressure,local_intervention_memory,mitigated,mitigated,q27_user_sum__mitigate_remote_path_bundle,remote_transport_bundle,confirmatory_holdout,,,,,,,,mitigate_remote_path_bundle,global_gac_mitigation_gain_log2,confirmatory_action_replication,"gac_finalization_heavy,remote_fetch_heavy",pilot,"{""fetch_size"":""high"",""wan_latency"":""high"",""work_mem"":""high""}","supports_region_partitioning,supports_large_scan","{""filter_uses_distribution_key"":false,""group_by_uses_distribution_key"":false,""join_uses_distribution_key"":false,""multi_tenant_scope"":true,""order_by_uses_distribution_key"":false,""single_tenant_scope"":false,""tenant_filter_present"":false}",,balanced_williams_confirmatory,explicit_schedule,,false,0,3,false
cond-ef17f7aa2b5811d0873a,cond-ef17f7aa2b5811d0873a::r0,pair-bc425a611b513e51ff08bb23,pair-bc425a611b513e51ff08bb23::r0,q27_user_sum__regional_topk_candidates__gac_fdw_dba_topk_regional__query_shape-user_sum__cutoff_ts-2026-06-29-00-00-00-00__limit_k-50__include_apac-True,gac_fdw_dba_topk_regional,"{""cutoff_ts"": ""2026-06-29 00:00:00+00"", ""include_apac"": true, ""limit_k"": 50, ""query_shape"": ""user_sum""}",master-regimes/generated/corpus/confirmatory-action-replication-v1/groups/confirmatory-action-replication-v1__topology-isolation-large-n3-v1__runtime-bundle-multi-edge__analytics_clients/queries/q27_user_sum__regional_topk_candidates__gac_fdw_dba_topk_regional__query_shape-user_sum__cutoff_ts-2026-06-29-00-00-00-00__limit_k-50__include_apac-True.sql,"regional_topk,coordinator_sort_topk",confirmatory-action-replication-v1,confirmatory-action-replication-v1,batch-confirmatory-action-replication-v1,fuzzy-intervention-memory-v1,q27_user_sum__regional_topk_candidates,dba_local_memory_topk,multiregion_union,gac_multi_edge,global_query,confirmatory_q27_user_sum,topology-isolation-large-n3-v1,dba_topk_balanced_stressed,eu_us_apac_gac,final_check,combined_pressure,local_intervention_memory,mitigated,mitigated,q27_user_sum__regional_topk_candidates,regional_topk_candidates,confirmatory_holdout,,,,,,,,regional_topk_candidates,global_gac_mitigation_gain_log2,confirmatory_action_replication,"gac_finalization_heavy,well_reduced_localized",pilot,"{""fetch_size"":""medium"",""wan_latency"":""medium"",""work_mem"":""medium""}","supports_region_partitioning,supports_large_scan","{""filter_uses_distribution_key"":false,""group_by_uses_distribution_key"":false,""join_uses_distribution_key"":false,""multi_tenant_scope"":true,""order_by_uses_distribution_key"":false,""single_tenant_scope"":false,""tenant_filter_present"":false}",,balanced_williams_confirmatory,explicit_schedule,,false,0,4,false
cond-8f34877def719a77b255,cond-8f34877def719a77b255::r0,pair-12fc0f52bd39daa650692d18,pair-12fc0f52bd39daa650692d18::r0,q26_tenant_hour_count__increase_gac_work_mem__gac_fdw_dba_topk_raw__query_shape-tenant_hour_count__cutoff_ts-2026-06-30-00-00-00-00__limit_k-25__include_apac-True,gac_fdw_dba_topk_raw,"{""cutoff_ts"": ""2026-06-30 00:00:00+00"", ""include_apac"": true, ""limit_k"": 25, ""query_shape"": ""tenant_hour_count""}",master-regimes/generated/corpus/confirmatory-action-replication-v1/groups/confirmatory-action-replication-v1__topology-isolation-large-n3-v1__runtime-bundle-multi-edge__analytics_clients/queries/q26_tenant_hour_count__increase_gac_work_mem__gac_fdw_dba_topk_raw__query_shape-tenant_hour_count__cutoff_ts-2026-06-30-00-00-00-00__limit_k-25__include_apac-True.sql,"coordinator_raw_fanin,coordinator_sort_topk",confirmatory-action-replication-v1,confirmatory-action-replication-v1,batch-confirmatory-action-replication-v1,fuzzy-intervention-memory-v1,q26_tenant_hour_count__increase_gac_work_mem,dba_local_memory_topk,multiregion_union,gac_multi_edge,global_query,confirmatory_q26_tenant_hour_count,topology-isolation-large-n3-v1,dba_topk_balanced_gac_mitigated,eu_us_apac_gac,final_check,combined_pressure,local_intervention_memory,mitigated,mitigated,q26_tenant_hour_count__increase_gac_work_mem,gac_memory_increase,confirmatory_holdout,,,,,,,,increase_gac_work_mem,global_gac_mitigation_gain_log2,confirmatory_action_replication,"gac_finalization_heavy,remote_fetch_heavy",pilot,"{""fetch_size"":""high"",""wan_latency"":""high"",""work_mem"":""high""}","supports_region_partitioning,supports_large_scan","{""filter_uses_distribution_key"":false,""group_by_uses_distribution_key"":false,""join_uses_distribution_key"":false,""multi_tenant_scope"":true,""order_by_uses_distribution_key"":false,""single_tenant_scope"":false,""tenant_filter_present"":false}",,balanced_williams_confirmatory,explicit_schedule,,false,0,5,false
cond-14e51d1d6f691b698a2d,cond-14e51d1d6f691b698a2d::r0,pair-2cbdd3800086c989267e9827,pair-2cbdd3800086c989267e9827::r0,q26_tenant_hour_count__regional_topk_candidates__gac_fdw_dba_topk_regional__query_shape-tenant_hour_count__cutoff_ts-2026-06-30-00-00-00-00__limit_k-25__include_apac-True,gac_fdw_dba_topk_regional,"{""cutoff_ts"": ""2026-06-30 00:00:00+00"", ""include_apac"": true, ""limit_k"": 25, ""query_shape"": ""tenant_hour_count""}",master-regimes/generated/corpus/confirmatory-action-replication-v1/groups/confirmatory-action-replication-v1__topology-isolation-large-n3-v1__runtime-bundle-multi-edge__analytics_clients/queries/q26_tenant_hour_count__regional_topk_candidates__gac_fdw_dba_topk_regional__query_shape-tenant_hour_count__cutoff_ts-2026-06-30-00-00-00-00__limit_k-25__include_apac-True.sql,"regional_topk,coordinator_sort_topk",confirmatory-action-replication-v1,confirmatory-action-replication-v1,batch-confirmatory-action-replication-v1,fuzzy-intervention-memory-v1,q26_tenant_hour_count__regional_topk_candidates,dba_local_memory_topk,multiregion_union,gac_multi_edge,global_query,confirmatory_q26_tenant_hour_count,topology-isolation-large-n3-v1,dba_topk_balanced_stressed,eu_us_apac_gac,final_check,combined_pressure,local_intervention_memory,mitigated,mitigated,q26_tenant_hour_count__regional_topk_candidates,regional_topk_candidates,confirmatory_holdout,,,,,,,,regional_topk_candidates,global_gac_mitigation_gain_log2,confirmatory_action_replication,"gac_finalization_heavy,well_reduced_localized",pilot,"{""fetch_size"":""medium"",""wan_latency"":""medium"",""work_mem"":""medium""}","supports_region_partitioning,supports_large_scan","{""filter_uses_distribution_key"":false,""group_by_uses_distribution_key"":false,""join_uses_distribution_key"":false,""multi_tenant_scope"":true,""order_by_uses_distribution_key"":false,""single_tenant_scope"":false,""tenant_filter_present"":false}",,balanced_williams_confirmatory,explicit_schedule,,false,0,6,false
cond-e5f2ec8c336eb7496803,cond-e5f2ec8c336eb7496803::r0,pair-53b59ed974f4d7ce62d40a2a,pair-53b59ed974f4d7ce62d40a2a::r0,q26_tenant_hour_count__baseline__gac_fdw_dba_topk_raw__query_shape-tenant_hour_count__cutoff_ts-2026-06-30-00-00-00-00__limit_k-25__include_apac-True,gac_fdw_dba_topk_raw,"{""cutoff_ts"": ""2026-06-30 00:00:00+00"", ""include_apac"": true, ""limit_k"": 25, ""query_shape"": ""tenant_hour_count""}",master-regimes/generated/corpus/confirmatory-action-replication-v1/groups/confirmatory-action-replication-v1__topology-isolation-large-n3-v1__runtime-bundle-multi-edge__analytics_clients/queries/q26_tenant_hour_count__baseline__gac_fdw_dba_topk_raw__query_shape-tenant_hour_count__cutoff_ts-2026-06-30-00-00-00-00__limit_k-25__include_apac-True.sql,"coordinator_raw_fanin,coordinator_sort_topk",confirmatory-action-replication-v1,confirmatory-action-replication-v1,batch-confirmatory-action-replication-v1,fuzzy-intervention-memory-v1,q26_tenant_hour_count__baseline,dba_local_memory_topk,multiregion_union,gac_multi_edge,global_query,confirmatory_q26_tenant_hour_count,topology-isolation-large-n3-v1,dba_topk_balanced_stressed,eu_us_apac_gac,final_check,combined_pressure,local_intervention_memory,stressed,stressed,q26_tenant_hour_count__shared_baseline,gac_raw_topk,confirmatory_holdout,,,,,,,,,global_gac_mitigation_gain_log2,confirmatory_action_replication,"gac_finalization_heavy,remote_fetch_heavy",pilot,"{""fetch_size"":""high"",""wan_latency"":""high"",""work_mem"":""high""}","supports_region_partitioning,supports_large_scan","{""filter_uses_distribution_key"":false,""group_by_uses_distribution_key"":false,""join_uses_distribution_key"":false,""multi_tenant_scope"":true,""order_by_uses_distribution_key"":false,""single_tenant_scope"":false,""tenant_filter_present"":false}",,balanced_williams_confirmatory,explicit_schedule,,false,0,7,false
cond-5210f09d3fae149ac1a3,cond-5210f09d3fae149ac1a3::r0,pair-df56dd978a574acfeed659d3,pair-df56dd978a574acfeed659d3::r0,q26_tenant_hour_count__mitigate_remote_path_bundle__gac_fdw_dba_topk_raw__query_shape-tenant_hour_count__cutoff_ts-2026-06-30-00-00-00-00__limit_k-25__include_apac-True,gac_fdw_dba_topk_raw,"{""cutoff_ts"": ""2026-06-30 00:00:00+00"", ""include_apac"": true, ""limit_k"": 25, ""query_shape"": ""tenant_hour_count""}",master-regimes/generated/corpus/confirmatory-action-replication-v1/groups/confirmatory-action-replication-v1__topology-isolation-large-n3-v1__runtime-bundle-multi-edge__analytics_clients/queries/q26_tenant_hour_count__mitigate_remote_path_bundle__gac_fdw_dba_topk_raw__query_shape-tenant_hour_count__cutoff_ts-2026-06-30-00-00-00-00__limit_k-25__include_apac-True.sql,"coordinator_raw_fanin,coordinator_sort_topk",confirmatory-action-replication-v1,confirmatory-action-replication-v1,batch-confirmatory-action-replication-v1,fuzzy-intervention-memory-v1,q26_tenant_hour_count__mitigate_remote_path_bundle,dba_local_memory_topk,multiregion_union,gac_multi_edge,global_query,confirmatory_q26_tenant_hour_count,topology-isolation-large-n3-v1,dba_topk_balanced_remote_mitigated,eu_us_apac_gac,final_check,combined_pressure,local_intervention_memory,mitigated,mitigated,q26_tenant_hour_count__mitigate_remote_path_bundle,remote_transport_bundle,confirmatory_holdout,,,,,,,,mitigate_remote_path_bundle,global_gac_mitigation_gain_log2,confirmatory_action_replication,"gac_finalization_heavy,remote_fetch_heavy",pilot,"{""fetch_size"":""high"",""wan_latency"":""high"",""work_mem"":""high""}","supports_region_partitioning,supports_large_scan","{""filter_uses_distribution_key"":false,""group_by_uses_distribution_key"":false,""join_uses_distribution_key"":false,""multi_tenant_scope"":true,""order_by_uses_distribution_key"":false,""single_tenant_scope"":false,""tenant_filter_present"":false}",,balanced_williams_confirmatory,explicit_schedule,,false,0,8,false
cond-4d8790fa36869b64198e,cond-4d8790fa36869b64198e::r0,pair-a58e81873b8264863f339f00,pair-a58e81873b8264863f339f00::r0,q18_event_recent_high_value__regional_topk_candidates__gac_fdw_dba_topk_regional__query_shape-event_recent_high_value__cutoff_ts-2026-06-27-00-00-00-00__limit_k-100__include_apac-True,gac_fdw_dba_topk_regional,"{""cutoff_ts"": ""2026-06-27 00:00:00+00"", ""include_apac"": true, ""limit_k"": 100, ""query_shape"": ""event_recent_high_value""}",master-regimes/generated/corpus/confirmatory-action-replication-v1/groups/confirmatory-action-replication-v1__topology-isolation-large-n3-v1__runtime-bundle-multi-edge__analytics_clients/queries/q18_event_recent_high_value__regional_topk_candidates__gac_fdw_dba_topk_regional__query_shape-event_recent_high_value__cutoff_ts-2026-06-27-00-00-00-00__limit_k-100__include_apac-True.sql,"regional_topk,coordinator_sort_topk",confirmatory-action-replication-v1,confirmatory-action-replication-v1,batch-confirmatory-action-replication-v1,fuzzy-intervention-memory-v1,q18_event_recent_high_value__regional_topk_candidates,dba_local_memory_topk,multiregion_union,gac_multi_edge,global_query,confirmatory_q18_event_recent_high_value,topology-isolation-large-n3-v1,dba_topk_balanced_stressed,eu_us_apac_gac,final_check,combined_pressure,local_intervention_memory,mitigated,mitigated,q18_event_recent_high_value__regional_topk_candidates,regional_topk_candidates,confirmatory_holdout,,,,,,,,regional_topk_candidates,global_gac_mitigation_gain_log2,confirmatory_action_replication,"gac_finalization_heavy,well_reduced_localized",pilot,"{""fetch_size"":""medium"",""wan_latency"":""medium"",""work_mem"":""medium""}","supports_region_partitioning,supports_large_scan","{""filter_uses_distribution_key"":false,""group_by_uses_distribution_key"":false,""join_uses_distribution_key"":false,""multi_tenant_scope"":true,""order_by_uses_distribution_key"":false,""single_tenant_scope"":false,""tenant_filter_present"":false}",,balanced_williams_confirmatory,explicit_schedule,,false,0,9,false
cond-0c42c10f372ba8c3c4ed,cond-0c42c10f372ba8c3c4ed::r0,pair-7e66c7ea525d8b50297d3362,pair-7e66c7ea525d8b50297d3362::r0,q18_event_recent_high_value__mitigate_remote_path_bundle__gac_fdw_dba_topk_raw__query_shape-event_recent_high_value__cutoff_ts-2026-06-27-00-00-00-00__limit_k-100__include_apac-True,gac_fdw_dba_topk_raw,"{""cutoff_ts"": ""2026-06-27 00:00:00+00"", ""include_apac"": true, ""limit_k"": 100, ""query_shape"": ""event_recent_high_value""}",master-regimes/generated/corpus/confirmatory-action-replication-v1/groups/confirmatory-action-replication-v1__topology-isolation-large-n3-v1__runtime-bundle-multi-edge__analytics_clients/queries/q18_event_recent_high_value__mitigate_remote_path_bundle__gac_fdw_dba_topk_raw__query_shape-event_recent_high_value__cutoff_ts-2026-06-27-00-00-00-00__limit_k-100__include_apac-True.sql,"coordinator_raw_fanin,coordinator_sort_topk",confirmatory-action-replication-v1,confirmatory-action-replication-v1,batch-confirmatory-action-replication-v1,fuzzy-intervention-memory-v1,q18_event_recent_high_value__mitigate_remote_path_bundle,dba_local_memory_topk,multiregion_union,gac_multi_edge,global_query,confirmatory_q18_event_recent_high_value,topology-isolation-large-n3-v1,dba_topk_balanced_remote_mitigated,eu_us_apac_gac,final_check,combined_pressure,local_intervention_memory,mitigated,mitigated,q18_event_recent_high_value__mitigate_remote_path_bundle,remote_transport_bundle,confirmatory_holdout,,,,,,,,mitigate_remote_path_bundle,global_gac_mitigation_gain_log2,confirmatory_action_replication,"gac_finalization_heavy,remote_fetch_heavy",pilot,"{""fetch_size"":""high"",""wan_latency"":""high"",""work_mem"":""high""}","supports_region_partitioning,supports_large_scan","{""filter_uses_distribution_key"":false,""group_by_uses_distribution_key"":false,""join_uses_distribution_key"":false,""multi_tenant_scope"":true,""order_by_uses_distribution_key"":false,""single_tenant_scope"":false,""tenant_filter_present"":false}",,balanced_williams_confirmatory,explicit_schedule,,false,0,10,false
cond-c10c256b51a09fd89b2c,cond-c10c256b51a09fd89b2c::r0,pair-6123cf1bee094e59e21912e1,pair-6123cf1bee094e59e21912e1::r0,q18_event_recent_high_value__increase_gac_work_mem__gac_fdw_dba_topk_raw__query_shape-event_recent_high_value__cutoff_ts-2026-06-27-00-00-00-00__limit_k-100__include_apac-True,gac_fdw_dba_topk_raw,"{""cutoff_ts"": ""2026-06-27 00:00:00+00"", ""include_apac"": true, ""limit_k"": 100, ""query_shape"": ""event_recent_high_value""}",master-regimes/generated/corpus/confirmatory-action-replication-v1/groups/confirmatory-action-replication-v1__topology-isolation-large-n3-v1__runtime-bundle-multi-edge__analytics_clients/queries/q18_event_recent_high_value__increase_gac_work_mem__gac_fdw_dba_topk_raw__query_shape-event_recent_high_value__cutoff_ts-2026-06-27-00-00-00-00__limit_k-100__include_apac-True.sql,"coordinator_raw_fanin,coordinator_sort_topk",confirmatory-action-replication-v1,confirmatory-action-replication-v1,batch-confirmatory-action-replication-v1,fuzzy-intervention-memory-v1,q18_event_recent_high_value__increase_gac_work_mem,dba_local_memory_topk,multiregion_union,gac_multi_edge,global_query,confirmatory_q18_event_recent_high_value,topology-isolation-large-n3-v1,dba_topk_balanced_gac_mitigated,eu_us_apac_gac,final_check,combined_pressure,local_intervention_memory,mitigated,mitigated,q18_event_recent_high_value__increase_gac_work_mem,gac_memory_increase,confirmatory_holdout,,,,,,,,increase_gac_work_mem,global_gac_mitigation_gain_log2,confirmatory_action_replication,"gac_finalization_heavy,remote_fetch_heavy",pilot,"{""fetch_size"":""high"",""wan_latency"":""high"",""work_mem"":""high""}","supports_region_partitioning,supports_large_scan","{""filter_uses_distribution_key"":false,""group_by_uses_distribution_key"":false,""join_uses_distribution_key"":false,""multi_tenant_scope"":true,""order_by_uses_distribution_key"":false,""single_tenant_scope"":false,""tenant_filter_present"":false}",,balanced_williams_confirmatory,explicit_schedule,,false,0,11,false
cond-38a3f871fc3298a9853c,cond-38a3f871fc3298a9853c::r0,pair-ab65e63da9e807e82f18297f,pair-ab65e63da9e807e82f18297f::r0,q18_event_recent_high_value__baseline__gac_fdw_dba_topk_raw__query_shape-event_recent_high_value__cutoff_ts-2026-06-27-00-00-00-00__limit_k-100__include_apac-True,gac_fdw_dba_topk_raw,"{""cutoff_ts"": ""2026-06-27 00:00:00+00"", ""include_apac"": true, ""limit_k"": 100, ""query_shape"": ""event_recent_high_value""}",master-regimes/generated/corpus/confirmatory-action-replication-v1/groups/confirmatory-action-replication-v1__topology-isolation-large-n3-v1__runtime-bundle-multi-edge__analytics_clients/queries/q18_event_recent_high_value__baseline__gac_fdw_dba_topk_raw__query_shape-event_recent_high_value__cutoff_ts-2026-06-27-00-00-00-00__limit_k-100__include_apac-True.sql,"coordinator_raw_fanin,coordinator_sort_topk",confirmatory-action-replication-v1,confirmatory-action-replication-v1,batch-confirmatory-action-replication-v1,fuzzy-intervention-memory-v1,q18_event_recent_high_value__baseline,dba_local_memory_topk,multiregion_union,gac_multi_edge,global_query,confirmatory_q18_event_recent_high_value,topology-isolation-large-n3-v1,dba_topk_balanced_stressed,eu_us_apac_gac,final_check,combined_pressure,local_intervention_memory,stressed,stressed,q18_event_recent_high_value__shared_baseline,gac_raw_topk,confirmatory_holdout,,,,,,,,,global_gac_mitigation_gain_log2,confirmatory_action_replication,"gac_finalization_heavy,remote_fetch_heavy",pilot,"{""fetch_size"":""high"",""wan_latency"":""high"",""work_mem"":""high""}","supports_region_partitioning,supports_large_scan","{""filter_uses_distribution_key"":false,""group_by_uses_distribution_key"":false,""join_uses_distribution_key"":false,""multi_tenant_scope"":true,""order_by_uses_distribution_key"":false,""single_tenant_scope"":false,""tenant_filter_present"":false}",,balanced_williams_confirmatory,explicit_schedule,,false,0,12,false
cond-ddc9360c1d096719515d,cond-ddc9360c1d096719515d::r0,pair-8245d9dbb5c40df7d902a62e,pair-8245d9dbb5c40df7d902a62e::r0,q24_tenant_midband_sum__mitigate_remote_path_bundle__gac_fdw_dba_topk_raw__query_shape-tenant_midband_sum__cutoff_ts-2026-06-30-00-00-00-00__limit_k-250__include_apac-True,gac_fdw_dba_topk_raw,"{""cutoff_ts"": ""2026-06-30 00:00:00+00"", ""include_apac"": true, ""limit_k"": 250, ""query_shape"": ""tenant_midband_sum""}",master-regimes/generated/corpus/confirmatory-action-replication-v1/groups/confirmatory-action-replication-v1__topology-isolation-large-n3-v1__runtime-bundle-multi-edge__analytics_clients/queries/q24_tenant_midband_sum__mitigate_remote_path_bundle__gac_fdw_dba_topk_raw__query_shape-tenant_midband_sum__cutoff_ts-2026-06-30-00-00-00-00__limit_k-250__include_apac-True.sql,"coordinator_raw_fanin,coordinator_sort_topk",confirmatory-action-replication-v1,confirmatory-action-replication-v1,batch-confirmatory-action-replication-v1,fuzzy-intervention-memory-v1,q24_tenant_midband_sum__mitigate_remote_path_bundle,dba_local_memory_topk,multiregion_union,gac_multi_edge,global_query,confirmatory_q24_tenant_midband_sum,topology-isolation-large-n3-v1,dba_topk_balanced_remote_mitigated,eu_us_apac_gac,final_check,combined_pressure,local_intervention_memory,mitigated,mitigated,q24_tenant_midband_sum__mitigate_remote_path_bundle,remote_transport_bundle,confirmatory_holdout,,,,,,,,mitigate_remote_path_bundle,global_gac_mitigation_gain_log2,confirmatory_action_replication,"gac_finalization_heavy,remote_fetch_heavy",pilot,"{""fetch_size"":""high"",""wan_latency"":""high"",""work_mem"":""high""}","supports_region_partitioning,supports_large_scan","{""filter_uses_distribution_key"":false,""group_by_uses_distribution_key"":false,""join_uses_distribution_key"":false,""multi_tenant_scope"":true,""order_by_uses_distribution_key"":false,""single_tenant_scope"":false,""tenant_filter_present"":false}",,balanced_williams_confirmatory,explicit_schedule,,false,0,13,false
cond-c793f69100da9d8073a9,cond-c793f69100da9d8073a9::r0,pair-391867cf1c2ad311e401ca9d,pair-391867cf1c2ad311e401ca9d::r0,q24_tenant_midband_sum__baseline__gac_fdw_dba_topk_raw__query_shape-tenant_midband_sum__cutoff_ts-2026-06-30-00-00-00-00__limit_k-250__include_apac-True,gac_fdw_dba_topk_raw,"{""cutoff_ts"": ""2026-06-30 00:00:00+00"", ""include_apac"": true, ""limit_k"": 250, ""query_shape"": ""tenant_midband_sum""}",master-regimes/generated/corpus/confirmatory-action-replication-v1/groups/confirmatory-action-replication-v1__topology-isolation-large-n3-v1__runtime-bundle-multi-edge__analytics_clients/queries/q24_tenant_midband_sum__baseline__gac_fdw_dba_topk_raw__query_shape-tenant_midband_sum__cutoff_ts-2026-06-30-00-00-00-00__limit_k-250__include_apac-True.sql,"coordinator_raw_fanin,coordinator_sort_topk",confirmatory-action-replication-v1,confirmatory-action-replication-v1,batch-confirmatory-action-replication-v1,fuzzy-intervention-memory-v1,q24_tenant_midband_sum__baseline,dba_local_memory_topk,multiregion_union,gac_multi_edge,global_query,confirmatory_q24_tenant_midband_sum,topology-isolation-large-n3-v1,dba_topk_balanced_stressed,eu_us_apac_gac,final_check,combined_pressure,local_intervention_memory,stressed,stressed,q24_tenant_midband_sum__shared_baseline,gac_raw_topk,confirmatory_holdout,,,,,,,,,global_gac_mitigation_gain_log2,confirmatory_action_replication,"gac_finalization_heavy,remote_fetch_heavy",pilot,"{""fetch_size"":""high"",""wan_latency"":""high"",""work_mem"":""high""}","supports_region_partitioning,supports_large_scan","{""filter_uses_distribution_key"":false,""group_by_uses_distribution_key"":false,""join_uses_distribution_key"":false,""multi_tenant_scope"":true,""order_by_uses_distribution_key"":false,""single_tenant_scope"":false,""tenant_filter_present"":false}",,balanced_williams_confirmatory,explicit_schedule,,false,0,14,false
cond-711872a79328bba478df,cond-711872a79328bba478df::r0,pair-7ebb6672cd25e5afd613b198,pair-7ebb6672cd25e5afd613b198::r0,q24_tenant_midband_sum__regional_topk_candidates__gac_fdw_dba_topk_regional__query_shape-tenant_midband_sum__cutoff_ts-2026-06-30-00-00-00-00__limit_k-250__include_apac-True,gac_fdw_dba_topk_regional,"{""cutoff_ts"": ""2026-06-30 00:00:00+00"", ""include_apac"": true, ""limit_k"": 250, ""query_shape"": ""tenant_midband_sum""}",master-regimes/generated/corpus/confirmatory-action-replication-v1/groups/confirmatory-action-replication-v1__topology-isolation-large-n3-v1__runtime-bundle-multi-edge__analytics_clients/queries/q24_tenant_midband_sum__regional_topk_candidates__gac_fdw_dba_topk_regional__query_shape-tenant_midband_sum__cutoff_ts-2026-06-30-00-00-00-00__limit_k-250__include_apac-True.sql,"regional_topk,coordinator_sort_topk",confirmatory-action-replication-v1,confirmatory-action-replication-v1,batch-confirmatory-action-replication-v1,fuzzy-intervention-memory-v1,q24_tenant_midband_sum__regional_topk_candidates,dba_local_memory_topk,multiregion_union,gac_multi_edge,global_query,confirmatory_q24_tenant_midband_sum,topology-isolation-large-n3-v1,dba_topk_balanced_stressed,eu_us_apac_gac,final_check,combined_pressure,local_intervention_memory,mitigated,mitigated,q24_tenant_midband_sum__regional_topk_candidates,regional_topk_candidates,confirmatory_holdout,,,,,,,,regional_topk_candidates,global_gac_mitigation_gain_log2,confirmatory_action_replication,"gac_finalization_heavy,well_reduced_localized",pilot,"{""fetch_size"":""medium"",""wan_latency"":""medium"",""work_mem"":""medium""}","supports_region_partitioning,supports_large_scan","{""filter_uses_distribution_key"":false,""group_by_uses_distribution_key"":false,""join_uses_distribution_key"":false,""multi_tenant_scope"":true,""order_by_uses_distribution_key"":false,""single_tenant_scope"":false,""tenant_filter_present"":false}",,balanced_williams_confirmatory,explicit_schedule,,false,0,15,false
cond-75f64252c841322ea368,cond-75f64252c841322ea368::r0,pair-b96e9aa1053227d5f5e0938f,pair-b96e9aa1053227d5f5e0938f::r0,q24_tenant_midband_sum__increase_gac_work_mem__gac_fdw_dba_topk_raw__query_shape-tenant_midband_sum__cutoff_ts-2026-06-30-00-00-00-00__limit_k-250__include_apac-True,gac_fdw_dba_topk_raw,"{""cutoff_ts"": ""2026-06-30 00:00:00+00"", ""include_apac"": true, ""limit_k"": 250, ""query_shape"": ""tenant_midband_sum""}",master-regimes/generated/corpus/confirmatory-action-replication-v1/groups/confirmatory-action-replication-v1__topology-isolation-large-n3-v1__runtime-bundle-multi-edge__analytics_clients/queries/q24_tenant_midband_sum__increase_gac_work_mem__gac_fdw_dba_topk_raw__query_shape-tenant_midband_sum__cutoff_ts-2026-06-30-00-00-00-00__limit_k-250__include_apac-True.sql,"coordinator_raw_fanin,coordinator_sort_topk",confirmatory-action-replication-v1,confirmatory-action-replication-v1,batch-confirmatory-action-replication-v1,fuzzy-intervention-memory-v1,q24_tenant_midband_sum__increase_gac_work_mem,dba_local_memory_topk,multiregion_union,gac_multi_edge,global_query,confirmatory_q24_tenant_midband_sum,topology-isolation-large-n3-v1,dba_topk_balanced_gac_mitigated,eu_us_apac_gac,final_check,combined_pressure,local_intervention_memory,mitigated,mitigated,q24_tenant_midband_sum__increase_gac_work_mem,gac_memory_increase,confirmatory_holdout,,,,,,,,increase_gac_work_mem,global_gac_mitigation_gain_log2,confirmatory_action_replication,"gac_finalization_heavy,remote_fetch_heavy",pilot,"{""fetch_size"":""high"",""wan_latency"":""high"",""work_mem"":""high""}","supports_region_partitioning,supports_large_scan","{""filter_uses_distribution_key"":false,""group_by_uses_distribution_key"":false,""join_uses_distribution_key"":false,""multi_tenant_scope"":true,""order_by_uses_distribution_key"":false,""single_tenant_scope"":false,""tenant_filter_present"":false}",,balanced_williams_confirmatory,explicit_schedule,,false,0,16,false
cond-5926239db67afb9d46cb,cond-5926239db67afb9d46cb::r0,pair-d76afafbb498655d732c241a,pair-d76afafbb498655d732c241a::r0,q20_event_tenant_weighted__baseline__gac_fdw_dba_topk_raw__query_shape-event_tenant_weighted__cutoff_ts-2026-06-30-00-00-00-00__limit_k-500__include_apac-True,gac_fdw_dba_topk_raw,"{""cutoff_ts"": ""2026-06-30 00:00:00+00"", ""include_apac"": true, ""limit_k"": 500, ""query_shape"": ""event_tenant_weighted""}",master-regimes/generated/corpus/confirmatory-action-replication-v1/groups/confirmatory-action-replication-v1__topology-isolation-large-n3-v1__runtime-bundle-multi-edge__analytics_clients/queries/q20_event_tenant_weighted__baseline__gac_fdw_dba_topk_raw__query_shape-event_tenant_weighted__cutoff_ts-2026-06-30-00-00-00-00__limit_k-500__include_apac-True.sql,"coordinator_raw_fanin,coordinator_sort_topk",confirmatory-action-replication-v1,confirmatory-action-replication-v1,batch-confirmatory-action-replication-v1,fuzzy-intervention-memory-v1,q20_event_tenant_weighted__baseline,dba_local_memory_topk,multiregion_union,gac_multi_edge,global_query,confirmatory_q20_event_tenant_weighted,topology-isolation-large-n3-v1,dba_topk_balanced_stressed,eu_us_apac_gac,final_check,combined_pressure,local_intervention_memory,stressed,stressed,q20_event_tenant_weighted__shared_baseline,gac_raw_topk,confirmatory_holdout,,,,,,,,,global_gac_mitigation_gain_log2,confirmatory_action_replication,"gac_finalization_heavy,remote_fetch_heavy",pilot,"{""fetch_size"":""high"",""wan_latency"":""high"",""work_mem"":""high""}","supports_region_partitioning,supports_large_scan","{""filter_uses_distribution_key"":false,""group_by_uses_distribution_key"":false,""join_uses_distribution_key"":false,""multi_tenant_scope"":true,""order_by_uses_distribution_key"":false,""single_tenant_scope"":false,""tenant_filter_present"":false}",,balanced_williams_confirmatory,explicit_schedule,,false,0,17,false
cond-b30a7fc475b723e301be,cond-b30a7fc475b723e301be::r0,pair-36424e6eeabbe6a53f810b32,pair-36424e6eeabbe6a53f810b32::r0,q20_event_tenant_weighted__increase_gac_work_mem__gac_fdw_dba_topk_raw__query_shape-event_tenant_weighted__cutoff_ts-2026-06-30-00-00-00-00__limit_k-500__include_apac-True,gac_fdw_dba_topk_raw,"{""cutoff_ts"": ""2026-06-30 00:00:00+00"", ""include_apac"": true, ""limit_k"": 500, ""query_shape"": ""event_tenant_weighted""}",master-regimes/generated/corpus/confirmatory-action-replication-v1/groups/confirmatory-action-replication-v1__topology-isolation-large-n3-v1__runtime-bundle-multi-edge__analytics_clients/queries/q20_event_tenant_weighted__increase_gac_work_mem__gac_fdw_dba_topk_raw__query_shape-event_tenant_weighted__cutoff_ts-2026-06-30-00-00-00-00__limit_k-500__include_apac-True.sql,"coordinator_raw_fanin,coordinator_sort_topk",confirmatory-action-replication-v1,confirmatory-action-replication-v1,batch-confirmatory-action-replication-v1,fuzzy-intervention-memory-v1,q20_event_tenant_weighted__increase_gac_work_mem,dba_local_memory_topk,multiregion_union,gac_multi_edge,global_query,confirmatory_q20_event_tenant_weighted,topology-isolation-large-n3-v1,dba_topk_balanced_gac_mitigated,eu_us_apac_gac,final_check,combined_pressure,local_intervention_memory,mitigated,mitigated,q20_event_tenant_weighted__increase_gac_work_mem,gac_memory_increase,confirmatory_holdout,,,,,,,,increase_gac_work_mem,global_gac_mitigation_gain_log2,confirmatory_action_replication,"gac_finalization_heavy,remote_fetch_heavy",pilot,"{""fetch_size"":""high"",""wan_latency"":""high"",""work_mem"":""high""}","supports_region_partitioning,supports_large_scan","{""filter_uses_distribution_key"":false,""group_by_uses_distribution_key"":false,""join_uses_distribution_key"":false,""multi_tenant_scope"":true,""order_by_uses_distribution_key"":false,""single_tenant_scope"":false,""tenant_filter_present"":false}",,balanced_williams_confirmatory,explicit_schedule,,false,0,18,false
cond-9283a7e79baf0172c0a6,cond-9283a7e79baf0172c0a6::r0,pair-970812b299b3599cdb567a31,pair-970812b299b3599cdb567a31::r0,q20_event_tenant_weighted__mitigate_remote_path_bundle__gac_fdw_dba_topk_raw__query_shape-event_tenant_weighted__cutoff_ts-2026-06-30-00-00-00-00__limit_k-500__include_apac-True,gac_fdw_dba_topk_raw,"{""cutoff_ts"": ""2026-06-30 00:00:00+00"", ""include_apac"": true, ""limit_k"": 500, ""query_shape"": ""event_tenant_weighted""}",master-regimes/generated/corpus/confirmatory-action-replication-v1/groups/confirmatory-action-replication-v1__topology-isolation-large-n3-v1__runtime-bundle-multi-edge__analytics_clients/queries/q20_event_tenant_weighted__mitigate_remote_path_bundle__gac_fdw_dba_topk_raw__query_shape-event_tenant_weighted__cutoff_ts-2026-06-30-00-00-00-00__limit_k-500__include_apac-True.sql,"coordinator_raw_fanin,coordinator_sort_topk",confirmatory-action-replication-v1,confirmatory-action-replication-v1,batch-confirmatory-action-replication-v1,fuzzy-intervention-memory-v1,q20_event_tenant_weighted__mitigate_remote_path_bundle,dba_local_memory_topk,multiregion_union,gac_multi_edge,global_query,confirmatory_q20_event_tenant_weighted,topology-isolation-large-n3-v1,dba_topk_balanced_remote_mitigated,eu_us_apac_gac,final_check,combined_pressure,local_intervention_memory,mitigated,mitigated,q20_event_tenant_weighted__mitigate_remote_path_bundle,remote_transport_bundle,confirmatory_holdout,,,,,,,,mitigate_remote_path_bundle,global_gac_mitigation_gain_log2,confirmatory_action_replication,"gac_finalization_heavy,remote_fetch_heavy",pilot,"{""fetch_size"":""high"",""wan_latency"":""high"",""work_mem"":""high""}","supports_region_partitioning,supports_large_scan","{""filter_uses_distribution_key"":false,""group_by_uses_distribution_key"":false,""join_uses_distribution_key"":false,""multi_tenant_scope"":true,""order_by_uses_distribution_key"":false,""single_tenant_scope"":false,""tenant_filter_present"":false}",,balanced_williams_confirmatory,explicit_schedule,,false,0,19,false
cond-7ae32f0997ca20ccfaf7,cond-7ae32f0997ca20ccfaf7::r0,pair-f44d65b3530b64496926c04a,pair-f44d65b3530b64496926c04a::r0,q20_event_tenant_weighted__regional_topk_candidates__gac_fdw_dba_topk_regional__query_shape-event_tenant_weighted__cutoff_ts-2026-06-30-00-00-00-00__limit_k-500__include_apac-True,gac_fdw_dba_topk_regional,"{""cutoff_ts"": ""2026-06-30 00:00:00+00"", ""include_apac"": true, ""limit_k"": 500, ""query_shape"": ""event_tenant_weighted""}",master-regimes/generated/corpus/confirmatory-action-replication-v1/groups/confirmatory-action-replication-v1__topology-isolation-large-n3-v1__runtime-bundle-multi-edge__analytics_clients/queries/q20_event_tenant_weighted__regional_topk_candidates__gac_fdw_dba_topk_regional__query_shape-event_tenant_weighted__cutoff_ts-2026-06-30-00-00-00-00__limit_k-500__include_apac-True.sql,"regional_topk,coordinator_sort_topk",confirmatory-action-replication-v1,confirmatory-action-replication-v1,batch-confirmatory-action-replication-v1,fuzzy-intervention-memory-v1,q20_event_tenant_weighted__regional_topk_candidates,dba_local_memory_topk,multiregion_union,gac_multi_edge,global_query,confirmatory_q20_event_tenant_weighted,topology-isolation-large-n3-v1,dba_topk_balanced_stressed,eu_us_apac_gac,final_check,combined_pressure,local_intervention_memory,mitigated,mitigated,q20_event_tenant_weighted__regional_topk_candidates,regional_topk_candidates,confirmatory_holdout,,,,,,,,regional_topk_candidates,global_gac_mitigation_gain_log2,confirmatory_action_replication,"gac_finalization_heavy,well_reduced_localized",pilot,"{""fetch_size"":""medium"",""wan_latency"":""medium"",""work_mem"":""medium""}","supports_region_partitioning,supports_large_scan","{""filter_uses_distribution_key"":false,""group_by_uses_distribution_key"":false,""join_uses_distribution_key"":false,""multi_tenant_scope"":true,""order_by_uses_distribution_key"":false,""single_tenant_scope"":false,""tenant_filter_present"":false}",,balanced_williams_confirmatory,explicit_schedule,,false,0,20,false
cond-1ddc98899ffb69fd6f9c,cond-1ddc98899ffb69fd6f9c::r0,pair-71b0d769c4fdabdab532c563,pair-71b0d769c4fdabdab532c563::r0,q25_tenant_day_avg__increase_gac_work_mem__gac_fdw_dba_topk_raw__query_shape-tenant_day_avg__cutoff_ts-2026-06-29-00-00-00-00__limit_k-500__include_apac-True,gac_fdw_dba_topk_raw,"{""cutoff_ts"": ""2026-06-29 00:00:00+00"", ""include_apac"": true, ""limit_k"": 500, ""query_shape"": ""tenant_day_avg""}",master-regimes/generated/corpus/confirmatory-action-replication-v1/groups/confirmatory-action-replication-v1__topology-isolation-large-n3-v1__runtime-bundle-multi-edge__analytics_clients/queries/q25_tenant_day_avg__increase_gac_work_mem__gac_fdw_dba_topk_raw__query_shape-tenant_day_avg__cutoff_ts-2026-06-29-00-00-00-00__limit_k-500__include_apac-True.sql,"coordinator_raw_fanin,coordinator_sort_topk",confirmatory-action-replication-v1,confirmatory-action-replication-v1,batch-confirmatory-action-replication-v1,fuzzy-intervention-memory-v1,q25_tenant_day_avg__increase_gac_work_mem,dba_local_memory_topk,multiregion_union,gac_multi_edge,global_query,confirmatory_q25_tenant_day_avg,topology-isolation-large-n3-v1,dba_topk_balanced_gac_mitigated,eu_us_apac_gac,final_check,combined_pressure,local_intervention_memory,mitigated,mitigated,q25_tenant_day_avg__increase_gac_work_mem,gac_memory_increase,confirmatory_holdout,,,,,,,,increase_gac_work_mem,global_gac_mitigation_gain_log2,confirmatory_action_replication,"gac_finalization_heavy,remote_fetch_heavy",pilot,"{""fetch_size"":""high"",""wan_latency"":""high"",""work_mem"":""high""}","supports_region_partitioning,supports_large_scan","{""filter_uses_distribution_key"":false,""group_by_uses_distribution_key"":false,""join_uses_distribution_key"":false,""multi_tenant_scope"":true,""order_by_uses_distribution_key"":false,""single_tenant_scope"":false,""tenant_filter_present"":false}",,balanced_williams_confirmatory,explicit_schedule,,false,0,21,false
cond-a28e3ac8abd2d1db0d3b,cond-a28e3ac8abd2d1db0d3b::r0,pair-a0b811d0028ad1e1c015c593,pair-a0b811d0028ad1e1c015c593::r0,q25_tenant_day_avg__regional_topk_candidates__gac_fdw_dba_topk_regional__query_shape-tenant_day_avg__cutoff_ts-2026-06-29-00-00-00-00__limit_k-500__include_apac-True,gac_fdw_dba_topk_regional,"{""cutoff_ts"": ""2026-06-29 00:00:00+00"", ""include_apac"": true, ""limit_k"": 500, ""query_shape"": ""tenant_day_avg""}",master-regimes/generated/corpus/confirmatory-action-replication-v1/groups/confirmatory-action-replication-v1__topology-isolation-large-n3-v1__runtime-bundle-multi-edge__analytics_clients/queries/q25_tenant_day_avg__regional_topk_candidates__gac_fdw_dba_topk_regional__query_shape-tenant_day_avg__cutoff_ts-2026-06-29-00-00-00-00__limit_k-500__include_apac-True.sql,"regional_topk,coordinator_sort_topk",confirmatory-action-replication-v1,confirmatory-action-replication-v1,batch-confirmatory-action-replication-v1,fuzzy-intervention-memory-v1,q25_tenant_day_avg__regional_topk_candidates,dba_local_memory_topk,multiregion_union,gac_multi_edge,global_query,confirmatory_q25_tenant_day_avg,topology-isolation-large-n3-v1,dba_topk_balanced_stressed,eu_us_apac_gac,final_check,combined_pressure,local_intervention_memory,mitigated,mitigated,q25_tenant_day_avg__regional_topk_candidates,regional_topk_candidates,confirmatory_holdout,,,,,,,,regional_topk_candidates,global_gac_mitigation_gain_log2,confirmatory_action_replication,"gac_finalization_heavy,well_reduced_localized",pilot,"{""fetch_size"":""medium"",""wan_latency"":""medium"",""work_mem"":""medium""}","supports_region_partitioning,supports_large_scan","{""filter_uses_distribution_key"":false,""group_by_uses_distribution_key"":false,""join_uses_distribution_key"":false,""multi_tenant_scope"":true,""order_by_uses_distribution_key"":false,""single_tenant_scope"":false,""tenant_filter_present"":false}",,balanced_williams_confirmatory,explicit_schedule,,false,0,22,false
cond-a303f06d1d83f7eaea61,cond-a303f06d1d83f7eaea61::r0,pair-37c16ba5bb4563f09fb38061,pair-37c16ba5bb4563f09fb38061::r0,q25_tenant_day_avg__baseline__gac_fdw_dba_topk_raw__query_shape-tenant_day_avg__cutoff_ts-2026-06-29-00-00-00-00__limit_k-500__include_apac-True,gac_fdw_dba_topk_raw,"{""cutoff_ts"": ""2026-06-29 00:00:00+00"", ""include_apac"": true, ""limit_k"": 500, ""query_shape"": ""tenant_day_avg""}",master-regimes/generated/corpus/confirmatory-action-replication-v1/groups/confirmatory-action-replication-v1__topology-isolation-large-n3-v1__runtime-bundle-multi-edge__analytics_clients/queries/q25_tenant_day_avg__baseline__gac_fdw_dba_topk_raw__query_shape-tenant_day_avg__cutoff_ts-2026-06-29-00-00-00-00__limit_k-500__include_apac-True.sql,"coordinator_raw_fanin,coordinator_sort_topk",confirmatory-action-replication-v1,confirmatory-action-replication-v1,batch-confirmatory-action-replication-v1,fuzzy-intervention-memory-v1,q25_tenant_day_avg__baseline,dba_local_memory_topk,multiregion_union,gac_multi_edge,global_query,confirmatory_q25_tenant_day_avg,topology-isolation-large-n3-v1,dba_topk_balanced_stressed,eu_us_apac_gac,final_check,combined_pressure,local_intervention_memory,stressed,stressed,q25_tenant_day_avg__shared_baseline,gac_raw_topk,confirmatory_holdout,,,,,,,,,global_gac_mitigation_gain_log2,confirmatory_action_replication,"gac_finalization_heavy,remote_fetch_heavy",pilot,"{""fetch_size"":""high"",""wan_latency"":""high"",""work_mem"":""high""}","supports_region_partitioning,supports_large_scan","{""filter_uses_distribution_key"":false,""group_by_uses_distribution_key"":false,""join_uses_distribution_key"":false,""multi_tenant_scope"":true,""order_by_uses_distribution_key"":false,""single_tenant_scope"":false,""tenant_filter_present"":false}",,balanced_williams_confirmatory,explicit_schedule,,false,0,23,false
cond-a31fb62a5a5f78eee06c,cond-a31fb62a5a5f78eee06c::r0,pair-cf20192341c52470fd38e45c,pair-cf20192341c52470fd38e45c::r0,q25_tenant_day_avg__mitigate_remote_path_bundle__gac_fdw_dba_topk_raw__query_shape-tenant_day_avg__cutoff_ts-2026-06-29-00-00-00-00__limit_k-500__include_apac-True,gac_fdw_dba_topk_raw,"{""cutoff_ts"": ""2026-06-29 00:00:00+00"", ""include_apac"": true, ""limit_k"": 500, ""query_shape"": ""tenant_day_avg""}",master-regimes/generated/corpus/confirmatory-action-replication-v1/groups/confirmatory-action-replication-v1__topology-isolation-large-n3-v1__runtime-bundle-multi-edge__analytics_clients/queries/q25_tenant_day_avg__mitigate_remote_path_bundle__gac_fdw_dba_topk_raw__query_shape-tenant_day_avg__cutoff_ts-2026-06-29-00-00-00-00__limit_k-500__include_apac-True.sql,"coordinator_raw_fanin,coordinator_sort_topk",confirmatory-action-replication-v1,confirmatory-action-replication-v1,batch-confirmatory-action-replication-v1,fuzzy-intervention-memory-v1,q25_tenant_day_avg__mitigate_remote_path_bundle,dba_local_memory_topk,multiregion_union,gac_multi_edge,global_query,confirmatory_q25_tenant_day_avg,topology-isolation-large-n3-v1,dba_topk_balanced_remote_mitigated,eu_us_apac_gac,final_check,combined_pressure,local_intervention_memory,mitigated,mitigated,q25_tenant_day_avg__mitigate_remote_path_bundle,remote_transport_bundle,confirmatory_holdout,,,,,,,,mitigate_remote_path_bundle,global_gac_mitigation_gain_log2,confirmatory_action_replication,"gac_finalization_heavy,remote_fetch_heavy",pilot,"{""fetch_size"":""high"",""wan_latency"":""high"",""work_mem"":""high""}","supports_region_partitioning,supports_large_scan","{""filter_uses_distribution_key"":false,""group_by_uses_distribution_key"":false,""join_uses_distribution_key"":false,""multi_tenant_scope"":true,""order_by_uses_distribution_key"":false,""single_tenant_scope"":false,""tenant_filter_present"":false}",,balanced_williams_confirmatory,explicit_schedule,,false,0,24,false
cond-84c446660059908a1502,cond-84c446660059908a1502::r0,pair-ff3de517f1659be9713a58e4,pair-ff3de517f1659be9713a58e4::r0,q21_tenant_value_range__regional_topk_candidates__gac_fdw_dba_topk_regional__query_shape-tenant_value_range__cutoff_ts-2026-06-29-00-00-00-00__limit_k-25__include_apac-True,gac_fdw_dba_topk_regional,"{""cutoff_ts"": ""2026-06-29 00:00:00+00"", ""include_apac"": true, ""limit_k"": 25, ""query_shape"": ""tenant_value_range""}",master-regimes/generated/corpus/confirmatory-action-replication-v1/groups/confirmatory-action-replication-v1__topology-isolation-large-n3-v1__runtime-bundle-multi-edge__analytics_clients/queries/q21_tenant_value_range__regional_topk_candidates__gac_fdw_dba_topk_regional__query_shape-tenant_value_range__cutoff_ts-2026-06-29-00-00-00-00__limit_k-25__include_apac-True.sql,"regional_topk,coordinator_sort_topk",confirmatory-action-replication-v1,confirmatory-action-replication-v1,batch-confirmatory-action-replication-v1,fuzzy-intervention-memory-v1,q21_tenant_value_range__regional_topk_candidates,dba_local_memory_topk,multiregion_union,gac_multi_edge,global_query,confirmatory_q21_tenant_value_range,topology-isolation-large-n3-v1,dba_topk_balanced_stressed,eu_us_apac_gac,final_check,combined_pressure,local_intervention_memory,mitigated,mitigated,q21_tenant_value_range__regional_topk_candidates,regional_topk_candidates,confirmatory_holdout,,,,,,,,regional_topk_candidates,global_gac_mitigation_gain_log2,confirmatory_action_replication,"gac_finalization_heavy,well_reduced_localized",pilot,"{""fetch_size"":""medium"",""wan_latency"":""medium"",""work_mem"":""medium""}","supports_region_partitioning,supports_large_scan","{""filter_uses_distribution_key"":false,""group_by_uses_distribution_key"":false,""join_uses_distribution_key"":false,""multi_tenant_scope"":true,""order_by_uses_distribution_key"":false,""single_tenant_scope"":false,""tenant_filter_present"":false}",,balanced_williams_confirmatory,explicit_schedule,,false,0,25,false
cond-45e1b3b75d664c5f6426,cond-45e1b3b75d664c5f6426::r0,pair-6aeb339e9e03cf7f162aaa8a,pair-6aeb339e9e03cf7f162aaa8a::r0,q21_tenant_value_range__mitigate_remote_path_bundle__gac_fdw_dba_topk_raw__query_shape-tenant_value_range__cutoff_ts-2026-06-29-00-00-00-00__limit_k-25__include_apac-True,gac_fdw_dba_topk_raw,"{""cutoff_ts"": ""2026-06-29 00:00:00+00"", ""include_apac"": true, ""limit_k"": 25, ""query_shape"": ""tenant_value_range""}",master-regimes/generated/corpus/confirmatory-action-replication-v1/groups/confirmatory-action-replication-v1__topology-isolation-large-n3-v1__runtime-bundle-multi-edge__analytics_clients/queries/q21_tenant_value_range__mitigate_remote_path_bundle__gac_fdw_dba_topk_raw__query_shape-tenant_value_range__cutoff_ts-2026-06-29-00-00-00-00__limit_k-25__include_apac-True.sql,"coordinator_raw_fanin,coordinator_sort_topk",confirmatory-action-replication-v1,confirmatory-action-replication-v1,batch-confirmatory-action-replication-v1,fuzzy-intervention-memory-v1,q21_tenant_value_range__mitigate_remote_path_bundle,dba_local_memory_topk,multiregion_union,gac_multi_edge,global_query,confirmatory_q21_tenant_value_range,topology-isolation-large-n3-v1,dba_topk_balanced_remote_mitigated,eu_us_apac_gac,final_check,combined_pressure,local_intervention_memory,mitigated,mitigated,q21_tenant_value_range__mitigate_remote_path_bundle,remote_transport_bundle,confirmatory_holdout,,,,,,,,mitigate_remote_path_bundle,global_gac_mitigation_gain_log2,confirmatory_action_replication,"gac_finalization_heavy,remote_fetch_heavy",pilot,"{""fetch_size"":""high"",""wan_latency"":""high"",""work_mem"":""high""}","supports_region_partitioning,supports_large_scan","{""filter_uses_distribution_key"":false,""group_by_uses_distribution_key"":false,""join_uses_distribution_key"":false,""multi_tenant_scope"":true,""order_by_uses_distribution_key"":false,""single_tenant_scope"":false,""tenant_filter_present"":false}",,balanced_williams_confirmatory,explicit_schedule,,false,0,26,false
cond-15e89c93076e5554776a,cond-15e89c93076e5554776a::r0,pair-071f913e036d71f534b5eab2,pair-071f913e036d71f534b5eab2::r0,q21_tenant_value_range__increase_gac_work_mem__gac_fdw_dba_topk_raw__query_shape-tenant_value_range__cutoff_ts-2026-06-29-00-00-00-00__limit_k-25__include_apac-True,gac_fdw_dba_topk_raw,"{""cutoff_ts"": ""2026-06-29 00:00:00+00"", ""include_apac"": true, ""limit_k"": 25, ""query_shape"": ""tenant_value_range""}",master-regimes/generated/corpus/confirmatory-action-replication-v1/groups/confirmatory-action-replication-v1__topology-isolation-large-n3-v1__runtime-bundle-multi-edge__analytics_clients/queries/q21_tenant_value_range__increase_gac_work_mem__gac_fdw_dba_topk_raw__query_shape-tenant_value_range__cutoff_ts-2026-06-29-00-00-00-00__limit_k-25__include_apac-True.sql,"coordinator_raw_fanin,coordinator_sort_topk",confirmatory-action-replication-v1,confirmatory-action-replication-v1,batch-confirmatory-action-replication-v1,fuzzy-intervention-memory-v1,q21_tenant_value_range__increase_gac_work_mem,dba_local_memory_topk,multiregion_union,gac_multi_edge,global_query,confirmatory_q21_tenant_value_range,topology-isolation-large-n3-v1,dba_topk_balanced_gac_mitigated,eu_us_apac_gac,final_check,combined_pressure,local_intervention_memory,mitigated,mitigated,q21_tenant_value_range__increase_gac_work_mem,gac_memory_increase,confirmatory_holdout,,,,,,,,increase_gac_work_mem,global_gac_mitigation_gain_log2,confirmatory_action_replication,"gac_finalization_heavy,remote_fetch_heavy",pilot,"{""fetch_size"":""high"",""wan_latency"":""high"",""work_mem"":""high""}","supports_region_partitioning,supports_large_scan","{""filter_uses_distribution_key"":false,""group_by_uses_distribution_key"":false,""join_uses_distribution_key"":false,""multi_tenant_scope"":true,""order_by_uses_distribution_key"":false,""single_tenant_scope"":false,""tenant_filter_present"":false}",,balanced_williams_confirmatory,explicit_schedule,,false,0,27,false
cond-ff41e225c9daa4852d73,cond-ff41e225c9daa4852d73::r0,pair-5e510e3b1a7c2ae9c5cf4ff4,pair-5e510e3b1a7c2ae9c5cf4ff4::r0,q21_tenant_value_range__baseline__gac_fdw_dba_topk_raw__query_shape-tenant_value_range__cutoff_ts-2026-06-29-00-00-00-00__limit_k-25__include_apac-True,gac_fdw_dba_topk_raw,"{""cutoff_ts"": ""2026-06-29 00:00:00+00"", ""include_apac"": true, ""limit_k"": 25, ""query_shape"": ""tenant_value_range""}",master-regimes/generated/corpus/confirmatory-action-replication-v1/groups/confirmatory-action-replication-v1__topology-isolation-large-n3-v1__runtime-bundle-multi-edge__analytics_clients/queries/q21_tenant_value_range__baseline__gac_fdw_dba_topk_raw__query_shape-tenant_value_range__cutoff_ts-2026-06-29-00-00-00-00__limit_k-25__include_apac-True.sql,"coordinator_raw_fanin,coordinator_sort_topk",confirmatory-action-replication-v1,confirmatory-action-replication-v1,batch-confirmatory-action-replication-v1,fuzzy-intervention-memory-v1,q21_tenant_value_range__baseline,dba_local_memory_topk,multiregion_union,gac_multi_edge,global_query,confirmatory_q21_tenant_value_range,topology-isolation-large-n3-v1,dba_topk_balanced_stressed,eu_us_apac_gac,final_check,combined_pressure,local_intervention_memory,stressed,stressed,q21_tenant_value_range__shared_baseline,gac_raw_topk,confirmatory_holdout,,,,,,,,,global_gac_mitigation_gain_log2,confirmatory_action_replication,"gac_finalization_heavy,remote_fetch_heavy",pilot,"{""fetch_size"":""high"",""wan_latency"":""high"",""work_mem"":""high""}","supports_region_partitioning,supports_large_scan","{""filter_uses_distribution_key"":false,""group_by_uses_distribution_key"":false,""join_uses_distribution_key"":false,""multi_tenant_scope"":true,""order_by_uses_distribution_key"":false,""single_tenant_scope"":false,""tenant_filter_present"":false}",,balanced_williams_confirmatory,explicit_schedule,,false,0,28,false
cond-ae6bfc74ec4b88155b46,cond-ae6bfc74ec4b88155b46::r0,pair-d1bdedaac653339a295fcf33,pair-d1bdedaac653339a295fcf33::r0,q17_event_log_value__mitigate_remote_path_bundle__gac_fdw_dba_topk_raw__query_shape-event_log_value__cutoff_ts-2026-06-29-00-00-00-00__limit_k-50__include_apac-True,gac_fdw_dba_topk_raw,"{""cutoff_ts"": ""2026-06-29 00:00:00+00"", ""include_apac"": true, ""limit_k"": 50, ""query_shape"": ""event_log_value""}",master-regimes/generated/corpus/confirmatory-action-replication-v1/groups/confirmatory-action-replication-v1__topology-isolation-large-n3-v1__runtime-bundle-multi-edge__analytics_clients/queries/q17_event_log_value__mitigate_remote_path_bundle__gac_fdw_dba_topk_raw__query_shape-event_log_value__cutoff_ts-2026-06-29-00-00-00-00__limit_k-50__include_apac-True.sql,"coordinator_raw_fanin,coordinator_sort_topk",confirmatory-action-replication-v1,confirmatory-action-replication-v1,batch-confirmatory-action-replication-v1,fuzzy-intervention-memory-v1,q17_event_log_value__mitigate_remote_path_bundle,dba_local_memory_topk,multiregion_union,gac_multi_edge,global_query,confirmatory_q17_event_log_value,topology-isolation-large-n3-v1,dba_topk_balanced_remote_mitigated,eu_us_apac_gac,final_check,combined_pressure,local_intervention_memory,mitigated,mitigated,q17_event_log_value__mitigate_remote_path_bundle,remote_transport_bundle,confirmatory_holdout,,,,,,,,mitigate_remote_path_bundle,global_gac_mitigation_gain_log2,confirmatory_action_replication,"gac_finalization_heavy,remote_fetch_heavy",pilot,"{""fetch_size"":""high"",""wan_latency"":""high"",""work_mem"":""high""}","supports_region_partitioning,supports_large_scan","{""filter_uses_distribution_key"":false,""group_by_uses_distribution_key"":false,""join_uses_distribution_key"":false,""multi_tenant_scope"":true,""order_by_uses_distribution_key"":false,""single_tenant_scope"":false,""tenant_filter_present"":false}",,balanced_williams_confirmatory,explicit_schedule,,false,0,29,false
cond-ffaf0f865cf7dc1409cc,cond-ffaf0f865cf7dc1409cc::r0,pair-b6d210f427bbd8cef5ac71bd,pair-b6d210f427bbd8cef5ac71bd::r0,q17_event_log_value__baseline__gac_fdw_dba_topk_raw__query_shape-event_log_value__cutoff_ts-2026-06-29-00-00-00-00__limit_k-50__include_apac-True,gac_fdw_dba_topk_raw,"{""cutoff_ts"": ""2026-06-29 00:00:00+00"", ""include_apac"": true, ""limit_k"": 50, ""query_shape"": ""event_log_value""}",master-regimes/generated/corpus/confirmatory-action-replication-v1/groups/confirmatory-action-replication-v1__topology-isolation-large-n3-v1__runtime-bundle-multi-edge__analytics_clients/queries/q17_event_log_value__baseline__gac_fdw_dba_topk_raw__query_shape-event_log_value__cutoff_ts-2026-06-29-00-00-00-00__limit_k-50__include_apac-True.sql,"coordinator_raw_fanin,coordinator_sort_topk",confirmatory-action-replication-v1,confirmatory-action-replication-v1,batch-confirmatory-action-replication-v1,fuzzy-intervention-memory-v1,q17_event_log_value__baseline,dba_local_memory_topk,multiregion_union,gac_multi_edge,global_query,confirmatory_q17_event_log_value,topology-isolation-large-n3-v1,dba_topk_balanced_stressed,eu_us_apac_gac,final_check,combined_pressure,local_intervention_memory,stressed,stressed,q17_event_log_value__shared_baseline,gac_raw_topk,confirmatory_holdout,,,,,,,,,global_gac_mitigation_gain_log2,confirmatory_action_replication,"gac_finalization_heavy,remote_fetch_heavy",pilot,"{""fetch_size"":""high"",""wan_latency"":""high"",""work_mem"":""high""}","supports_region_partitioning,supports_large_scan","{""filter_uses_distribution_key"":false,""group_by_uses_distribution_key"":false,""join_uses_distribution_key"":false,""multi_tenant_scope"":true,""order_by_uses_distribution_key"":false,""single_tenant_scope"":false,""tenant_filter_present"":false}",,balanced_williams_confirmatory,explicit_schedule,,false,0,30,false
cond-d640b35b387ab7459f6b,cond-d640b35b387ab7459f6b::r0,pair-791f99d1b18dbce9fc1472e8,pair-791f99d1b18dbce9fc1472e8::r0,q17_event_log_value__regional_topk_candidates__gac_fdw_dba_topk_regional__query_shape-event_log_value__cutoff_ts-2026-06-29-00-00-00-00__limit_k-50__include_apac-True,gac_fdw_dba_topk_regional,"{""cutoff_ts"": ""2026-06-29 00:00:00+00"", ""include_apac"": true, ""limit_k"": 50, ""query_shape"": ""event_log_value""}",master-regimes/generated/corpus/confirmatory-action-replication-v1/groups/confirmatory-action-replication-v1__topology-isolation-large-n3-v1__runtime-bundle-multi-edge__analytics_clients/queries/q17_event_log_value__regional_topk_candidates__gac_fdw_dba_topk_regional__query_shape-event_log_value__cutoff_ts-2026-06-29-00-00-00-00__limit_k-50__include_apac-True.sql,"regional_topk,coordinator_sort_topk",confirmatory-action-replication-v1,confirmatory-action-replication-v1,batch-confirmatory-action-replication-v1,fuzzy-intervention-memory-v1,q17_event_log_value__regional_topk_candidates,dba_local_memory_topk,multiregion_union,gac_multi_edge,global_query,confirmatory_q17_event_log_value,topology-isolation-large-n3-v1,dba_topk_balanced_stressed,eu_us_apac_gac,final_check,combined_pressure,local_intervention_memory,mitigated,mitigated,q17_event_log_value__regional_topk_candidates,regional_topk_candidates,confirmatory_holdout,,,,,,,,regional_topk_candidates,global_gac_mitigation_gain_log2,confirmatory_action_replication,"gac_finalization_heavy,well_reduced_localized",pilot,"{""fetch_size"":""medium"",""wan_latency"":""medium"",""work_mem"":""medium""}","supports_region_partitioning,supports_large_scan","{""filter_uses_distribution_key"":false,""group_by_uses_distribution_key"":false,""join_uses_distribution_key"":false,""multi_tenant_scope"":true,""order_by_uses_distribution_key"":false,""single_tenant_scope"":false,""tenant_filter_present"":false}",,balanced_williams_confirmatory,explicit_schedule,,false,0,31,false
cond-c08518b655f49020d9ab,cond-c08518b655f49020d9ab::r0,pair-49337cd3d2698fc7b5202970,pair-49337cd3d2698fc7b5202970::r0,q17_event_log_value__increase_gac_work_mem__gac_fdw_dba_topk_raw__query_shape-event_log_value__cutoff_ts-2026-06-29-00-00-00-00__limit_k-50__include_apac-True,gac_fdw_dba_topk_raw,"{""cutoff_ts"": ""2026-06-29 00:00:00+00"", ""include_apac"": true, ""limit_k"": 50, ""query_shape"": ""event_log_value""}",master-regimes/generated/corpus/confirmatory-action-replication-v1/groups/confirmatory-action-replication-v1__topology-isolation-large-n3-v1__runtime-bundle-multi-edge__analytics_clients/queries/q17_event_log_value__increase_gac_work_mem__gac_fdw_dba_topk_raw__query_shape-event_log_value__cutoff_ts-2026-06-29-00-00-00-00__limit_k-50__include_apac-True.sql,"coordinator_raw_fanin,coordinator_sort_topk",confirmatory-action-replication-v1,confirmatory-action-replication-v1,batch-confirmatory-action-replication-v1,fuzzy-intervention-memory-v1,q17_event_log_value__increase_gac_work_mem,dba_local_memory_topk,multiregion_union,gac_multi_edge,global_query,confirmatory_q17_event_log_value,topology-isolation-large-n3-v1,dba_topk_balanced_gac_mitigated,eu_us_apac_gac,final_check,combined_pressure,local_intervention_memory,mitigated,mitigated,q17_event_log_value__increase_gac_work_mem,gac_memory_increase,confirmatory_holdout,,,,,,,,increase_gac_work_mem,global_gac_mitigation_gain_log2,confirmatory_action_replication,"gac_finalization_heavy,remote_fetch_heavy",pilot,"{""fetch_size"":""high"",""wan_latency"":""high"",""work_mem"":""high""}","supports_region_partitioning,supports_large_scan","{""filter_uses_distribution_key"":false,""group_by_uses_distribution_key"":false,""join_uses_distribution_key"":false,""multi_tenant_scope"":true,""order_by_uses_distribution_key"":false,""single_tenant_scope"":false,""tenant_filter_present"":false}",,balanced_williams_confirmatory,explicit_schedule,,false,0,32,false
cond-333f20684c53a3cb86ae,cond-333f20684c53a3cb86ae::r0,pair-84b49c7fea3a65ec45d2b72f,pair-84b49c7fea3a65ec45d2b72f::r0,q22_tenant_distinct_users__baseline__gac_fdw_dba_topk_raw__query_shape-tenant_distinct_users__cutoff_ts-2026-06-27-00-00-00-00__limit_k-50__include_apac-True,gac_fdw_dba_topk_raw,"{""cutoff_ts"": ""2026-06-27 00:00:00+00"", ""include_apac"": true, ""limit_k"": 50, ""query_shape"": ""tenant_distinct_users""}",master-regimes/generated/corpus/confirmatory-action-replication-v1/groups/confirmatory-action-replication-v1__topology-isolation-large-n3-v1__runtime-bundle-multi-edge__analytics_clients/queries/q22_tenant_distinct_users__baseline__gac_fdw_dba_topk_raw__query_shape-tenant_distinct_users__cutoff_ts-2026-06-27-00-00-00-00__limit_k-50__include_apac-True.sql,"coordinator_raw_fanin,coordinator_sort_topk",confirmatory-action-replication-v1,confirmatory-action-replication-v1,batch-confirmatory-action-replication-v1,fuzzy-intervention-memory-v1,q22_tenant_distinct_users__baseline,dba_local_memory_topk,multiregion_union,gac_multi_edge,global_query,confirmatory_q22_tenant_distinct_users,topology-isolation-large-n3-v1,dba_topk_balanced_stressed,eu_us_apac_gac,final_check,combined_pressure,local_intervention_memory,stressed,stressed,q22_tenant_distinct_users__shared_baseline,gac_raw_topk,confirmatory_holdout,,,,,,,,,global_gac_mitigation_gain_log2,confirmatory_action_replication,"gac_finalization_heavy,remote_fetch_heavy",pilot,"{""fetch_size"":""high"",""wan_latency"":""high"",""work_mem"":""high""}","supports_region_partitioning,supports_large_scan","{""filter_uses_distribution_key"":false,""group_by_uses_distribution_key"":false,""join_uses_distribution_key"":false,""multi_tenant_scope"":true,""order_by_uses_distribution_key"":false,""single_tenant_scope"":false,""tenant_filter_present"":false}",,balanced_williams_confirmatory,explicit_schedule,,false,0,33,false
cond-af05aee8f4f3a1e281ce,cond-af05aee8f4f3a1e281ce::r0,pair-f72a4f98468d2ac871e859f6,pair-f72a4f98468d2ac871e859f6::r0,q22_tenant_distinct_users__increase_gac_work_mem__gac_fdw_dba_topk_raw__query_shape-tenant_distinct_users__cutoff_ts-2026-06-27-00-00-00-00__limit_k-50__include_apac-True,gac_fdw_dba_topk_raw,"{""cutoff_ts"": ""2026-06-27 00:00:00+00"", ""include_apac"": true, ""limit_k"": 50, ""query_shape"": ""tenant_distinct_users""}",master-regimes/generated/corpus/confirmatory-action-replication-v1/groups/confirmatory-action-replication-v1__topology-isolation-large-n3-v1__runtime-bundle-multi-edge__analytics_clients/queries/q22_tenant_distinct_users__increase_gac_work_mem__gac_fdw_dba_topk_raw__query_shape-tenant_distinct_users__cutoff_ts-2026-06-27-00-00-00-00__limit_k-50__include_apac-True.sql,"coordinator_raw_fanin,coordinator_sort_topk",confirmatory-action-replication-v1,confirmatory-action-replication-v1,batch-confirmatory-action-replication-v1,fuzzy-intervention-memory-v1,q22_tenant_distinct_users__increase_gac_work_mem,dba_local_memory_topk,multiregion_union,gac_multi_edge,global_query,confirmatory_q22_tenant_distinct_users,topology-isolation-large-n3-v1,dba_topk_balanced_gac_mitigated,eu_us_apac_gac,final_check,combined_pressure,local_intervention_memory,mitigated,mitigated,q22_tenant_distinct_users__increase_gac_work_mem,gac_memory_increase,confirmatory_holdout,,,,,,,,increase_gac_work_mem,global_gac_mitigation_gain_log2,confirmatory_action_replication,"gac_finalization_heavy,remote_fetch_heavy",pilot,"{""fetch_size"":""high"",""wan_latency"":""high"",""work_mem"":""high""}","supports_region_partitioning,supports_large_scan","{""filter_uses_distribution_key"":false,""group_by_uses_distribution_key"":false,""join_uses_distribution_key"":false,""multi_tenant_scope"":true,""order_by_uses_distribution_key"":false,""single_tenant_scope"":false,""tenant_filter_present"":false}",,balanced_williams_confirmatory,explicit_schedule,,false,0,34,false
cond-45acff50290f701783f3,cond-45acff50290f701783f3::r0,pair-2e5b6474e54580d4292c4816,pair-2e5b6474e54580d4292c4816::r0,q22_tenant_distinct_users__mitigate_remote_path_bundle__gac_fdw_dba_topk_raw__query_shape-tenant_distinct_users__cutoff_ts-2026-06-27-00-00-00-00__limit_k-50__include_apac-True,gac_fdw_dba_topk_raw,"{""cutoff_ts"": ""2026-06-27 00:00:00+00"", ""include_apac"": true, ""limit_k"": 50, ""query_shape"": ""tenant_distinct_users""}",master-regimes/generated/corpus/confirmatory-action-replication-v1/groups/confirmatory-action-replication-v1__topology-isolation-large-n3-v1__runtime-bundle-multi-edge__analytics_clients/queries/q22_tenant_distinct_users__mitigate_remote_path_bundle__gac_fdw_dba_topk_raw__query_shape-tenant_distinct_users__cutoff_ts-2026-06-27-00-00-00-00__limit_k-50__include_apac-True.sql,"coordinator_raw_fanin,coordinator_sort_topk",confirmatory-action-replication-v1,confirmatory-action-replication-v1,batch-confirmatory-action-replication-v1,fuzzy-intervention-memory-v1,q22_tenant_distinct_users__mitigate_remote_path_bundle,dba_local_memory_topk,multiregion_union,gac_multi_edge,global_query,confirmatory_q22_tenant_distinct_users,topology-isolation-large-n3-v1,dba_topk_balanced_remote_mitigated,eu_us_apac_gac,final_check,combined_pressure,local_intervention_memory,mitigated,mitigated,q22_tenant_distinct_users__mitigate_remote_path_bundle,remote_transport_bundle,confirmatory_holdout,,,,,,,,mitigate_remote_path_bundle,global_gac_mitigation_gain_log2,confirmatory_action_replication,"gac_finalization_heavy,remote_fetch_heavy",pilot,"{""fetch_size"":""high"",""wan_latency"":""high"",""work_mem"":""high""}","supports_region_partitioning,supports_large_scan","{""filter_uses_distribution_key"":false,""group_by_uses_distribution_key"":false,""join_uses_distribution_key"":false,""multi_tenant_scope"":true,""order_by_uses_distribution_key"":false,""single_tenant_scope"":false,""tenant_filter_present"":false}",,balanced_williams_confirmatory,explicit_schedule,,false,0,35,false
cond-5946457e5fe45602d4c9,cond-5946457e5fe45602d4c9::r0,pair-a54ea92d36592a318d7b2308,pair-a54ea92d36592a318d7b2308::r0,q22_tenant_distinct_users__regional_topk_candidates__gac_fdw_dba_topk_regional__query_shape-tenant_distinct_users__cutoff_ts-2026-06-27-00-00-00-00__limit_k-50__include_apac-True,gac_fdw_dba_topk_regional,"{""cutoff_ts"": ""2026-06-27 00:00:00+00"", ""include_apac"": true, ""limit_k"": 50, ""query_shape"": ""tenant_distinct_users""}",master-regimes/generated/corpus/confirmatory-action-replication-v1/groups/confirmatory-action-replication-v1__topology-isolation-large-n3-v1__runtime-bundle-multi-edge__analytics_clients/queries/q22_tenant_distinct_users__regional_topk_candidates__gac_fdw_dba_topk_regional__query_shape-tenant_distinct_users__cutoff_ts-2026-06-27-00-00-00-00__limit_k-50__include_apac-True.sql,"regional_topk,coordinator_sort_topk",confirmatory-action-replication-v1,confirmatory-action-replication-v1,batch-confirmatory-action-replication-v1,fuzzy-intervention-memory-v1,q22_tenant_distinct_users__regional_topk_candidates,dba_local_memory_topk,multiregion_union,gac_multi_edge,global_query,confirmatory_q22_tenant_distinct_users,topology-isolation-large-n3-v1,dba_topk_balanced_stressed,eu_us_apac_gac,final_check,combined_pressure,local_intervention_memory,mitigated,mitigated,q22_tenant_distinct_users__regional_topk_candidates,regional_topk_candidates,confirmatory_holdout,,,,,,,,regional_topk_candidates,global_gac_mitigation_gain_log2,confirmatory_action_replication,"gac_finalization_heavy,well_reduced_localized",pilot,"{""fetch_size"":""medium"",""wan_latency"":""medium"",""work_mem"":""medium""}","supports_region_partitioning,supports_large_scan","{""filter_uses_distribution_key"":false,""group_by_uses_distribution_key"":false,""join_uses_distribution_key"":false,""multi_tenant_scope"":true,""order_by_uses_distribution_key"":false,""single_tenant_scope"":false,""tenant_filter_present"":false}",,balanced_williams_confirmatory,explicit_schedule,,false,0,36,false
cond-4036797e87876e752672,cond-4036797e87876e752672::r0,pair-01ce3e0a23db03ad0c405a36,pair-01ce3e0a23db03ad0c405a36::r0,q23_tenant_even_user_count__increase_gac_work_mem__gac_fdw_dba_topk_raw__query_shape-tenant_even_user_count__cutoff_ts-2026-06-24-00-00-00-00__limit_k-100__include_apac-True,gac_fdw_dba_topk_raw,"{""cutoff_ts"": ""2026-06-24 00:00:00+00"", ""include_apac"": true, ""limit_k"": 100, ""query_shape"": ""tenant_even_user_count""}",master-regimes/generated/corpus/confirmatory-action-replication-v1/groups/confirmatory-action-replication-v1__topology-isolation-large-n3-v1__runtime-bundle-multi-edge__analytics_clients/queries/q23_tenant_even_user_count__increase_gac_work_mem__gac_fdw_dba_topk_raw__query_shape-tenant_even_user_count__cutoff_ts-2026-06-24-00-00-00-00__limit_k-100__include_apac-True.sql,"coordinator_raw_fanin,coordinator_sort_topk",confirmatory-action-replication-v1,confirmatory-action-replication-v1,batch-confirmatory-action-replication-v1,fuzzy-intervention-memory-v1,q23_tenant_even_user_count__increase_gac_work_mem,dba_local_memory_topk,multiregion_union,gac_multi_edge,global_query,confirmatory_q23_tenant_even_user_count,topology-isolation-large-n3-v1,dba_topk_balanced_gac_mitigated,eu_us_apac_gac,final_check,combined_pressure,local_intervention_memory,mitigated,mitigated,q23_tenant_even_user_count__increase_gac_work_mem,gac_memory_increase,confirmatory_holdout,,,,,,,,increase_gac_work_mem,global_gac_mitigation_gain_log2,confirmatory_action_replication,"gac_finalization_heavy,remote_fetch_heavy",pilot,"{""fetch_size"":""high"",""wan_latency"":""high"",""work_mem"":""high""}","supports_region_partitioning,supports_large_scan","{""filter_uses_distribution_key"":false,""group_by_uses_distribution_key"":false,""join_uses_distribution_key"":false,""multi_tenant_scope"":true,""order_by_uses_distribution_key"":false,""single_tenant_scope"":false,""tenant_filter_present"":false}",,balanced_williams_confirmatory,explicit_schedule,,false,0,37,false
cond-f23cd7aab59e8ec5098d,cond-f23cd7aab59e8ec5098d::r0,pair-ba930b22b645b2e6000e38ef,pair-ba930b22b645b2e6000e38ef::r0,q23_tenant_even_user_count__regional_topk_candidates__gac_fdw_dba_topk_regional__query_shape-tenant_even_user_count__cutoff_ts-2026-06-24-00-00-00-00__limit_k-100__include_apac-True,gac_fdw_dba_topk_regional,"{""cutoff_ts"": ""2026-06-24 00:00:00+00"", ""include_apac"": true, ""limit_k"": 100, ""query_shape"": ""tenant_even_user_count""}",master-regimes/generated/corpus/confirmatory-action-replication-v1/groups/confirmatory-action-replication-v1__topology-isolation-large-n3-v1__runtime-bundle-multi-edge__analytics_clients/queries/q23_tenant_even_user_count__regional_topk_candidates__gac_fdw_dba_topk_regional__query_shape-tenant_even_user_count__cutoff_ts-2026-06-24-00-00-00-00__limit_k-100__include_apac-True.sql,"regional_topk,coordinator_sort_topk",confirmatory-action-replication-v1,confirmatory-action-replication-v1,batch-confirmatory-action-replication-v1,fuzzy-intervention-memory-v1,q23_tenant_even_user_count__regional_topk_candidates,dba_local_memory_topk,multiregion_union,gac_multi_edge,global_query,confirmatory_q23_tenant_even_user_count,topology-isolation-large-n3-v1,dba_topk_balanced_stressed,eu_us_apac_gac,final_check,combined_pressure,local_intervention_memory,mitigated,mitigated,q23_tenant_even_user_count__regional_topk_candidates,regional_topk_candidates,confirmatory_holdout,,,,,,,,regional_topk_candidates,global_gac_mitigation_gain_log2,confirmatory_action_replication,"gac_finalization_heavy,well_reduced_localized",pilot,"{""fetch_size"":""medium"",""wan_latency"":""medium"",""work_mem"":""medium""}","supports_region_partitioning,supports_large_scan","{""filter_uses_distribution_key"":false,""group_by_uses_distribution_key"":false,""join_uses_distribution_key"":false,""multi_tenant_scope"":true,""order_by_uses_distribution_key"":false,""single_tenant_scope"":false,""tenant_filter_present"":false}",,balanced_williams_confirmatory,explicit_schedule,,false,0,38,false
cond-a0db2eac4b88e0b54bdc,cond-a0db2eac4b88e0b54bdc::r0,pair-41f7834f6d3b30731f9cc5d3,pair-41f7834f6d3b30731f9cc5d3::r0,q23_tenant_even_user_count__baseline__gac_fdw_dba_topk_raw__query_shape-tenant_even_user_count__cutoff_ts-2026-06-24-00-00-00-00__limit_k-100__include_apac-True,gac_fdw_dba_topk_raw,"{""cutoff_ts"": ""2026-06-24 00:00:00+00"", ""include_apac"": true, ""limit_k"": 100, ""query_shape"": ""tenant_even_user_count""}",master-regimes/generated/corpus/confirmatory-action-replication-v1/groups/confirmatory-action-replication-v1__topology-isolation-large-n3-v1__runtime-bundle-multi-edge__analytics_clients/queries/q23_tenant_even_user_count__baseline__gac_fdw_dba_topk_raw__query_shape-tenant_even_user_count__cutoff_ts-2026-06-24-00-00-00-00__limit_k-100__include_apac-True.sql,"coordinator_raw_fanin,coordinator_sort_topk",confirmatory-action-replication-v1,confirmatory-action-replication-v1,batch-confirmatory-action-replication-v1,fuzzy-intervention-memory-v1,q23_tenant_even_user_count__baseline,dba_local_memory_topk,multiregion_union,gac_multi_edge,global_query,confirmatory_q23_tenant_even_user_count,topology-isolation-large-n3-v1,dba_topk_balanced_stressed,eu_us_apac_gac,final_check,combined_pressure,local_intervention_memory,stressed,stressed,q23_tenant_even_user_count__shared_baseline,gac_raw_topk,confirmatory_holdout,,,,,,,,,global_gac_mitigation_gain_log2,confirmatory_action_replication,"gac_finalization_heavy,remote_fetch_heavy",pilot,"{""fetch_size"":""high"",""wan_latency"":""high"",""work_mem"":""high""}","supports_region_partitioning,supports_large_scan","{""filter_uses_distribution_key"":false,""group_by_uses_distribution_key"":false,""join_uses_distribution_key"":false,""multi_tenant_scope"":true,""order_by_uses_distribution_key"":false,""single_tenant_scope"":false,""tenant_filter_present"":false}",,balanced_williams_confirmatory,explicit_schedule,,false,0,39,false
cond-e657cd5676494c699765,cond-e657cd5676494c699765::r0,pair-1ce38a1721a1ec238249c1ec,pair-1ce38a1721a1ec238249c1ec::r0,q23_tenant_even_user_count__mitigate_remote_path_bundle__gac_fdw_dba_topk_raw__query_shape-tenant_even_user_count__cutoff_ts-2026-06-24-00-00-00-00__limit_k-100__include_apac-True,gac_fdw_dba_topk_raw,"{""cutoff_ts"": ""2026-06-24 00:00:00+00"", ""include_apac"": true, ""limit_k"": 100, ""query_shape"": ""tenant_even_user_count""}",master-regimes/generated/corpus/confirmatory-action-replication-v1/groups/confirmatory-action-replication-v1__topology-isolation-large-n3-v1__runtime-bundle-multi-edge__analytics_clients/queries/q23_tenant_even_user_count__mitigate_remote_path_bundle__gac_fdw_dba_topk_raw__query_shape-tenant_even_user_count__cutoff_ts-2026-06-24-00-00-00-00__limit_k-100__include_apac-True.sql,"coordinator_raw_fanin,coordinator_sort_topk",confirmatory-action-replication-v1,confirmatory-action-replication-v1,batch-confirmatory-action-replication-v1,fuzzy-intervention-memory-v1,q23_tenant_even_user_count__mitigate_remote_path_bundle,dba_local_memory_topk,multiregion_union,gac_multi_edge,global_query,confirmatory_q23_tenant_even_user_count,topology-isolation-large-n3-v1,dba_topk_balanced_remote_mitigated,eu_us_apac_gac,final_check,combined_pressure,local_intervention_memory,mitigated,mitigated,q23_tenant_even_user_count__mitigate_remote_path_bundle,remote_transport_bundle,confirmatory_holdout,,,,,,,,mitigate_remote_path_bundle,global_gac_mitigation_gain_log2,confirmatory_action_replication,"gac_finalization_heavy,remote_fetch_heavy",pilot,"{""fetch_size"":""high"",""wan_latency"":""high"",""work_mem"":""high""}","supports_region_partitioning,supports_large_scan","{""filter_uses_distribution_key"":false,""group_by_uses_distribution_key"":false,""join_uses_distribution_key"":false,""multi_tenant_scope"":true,""order_by_uses_distribution_key"":false,""single_tenant_scope"":false,""tenant_filter_present"":false}",,balanced_williams_confirmatory,explicit_schedule,,false,0,40,false
cond-e050755e4235df8d3cf3,cond-e050755e4235df8d3cf3::r0,pair-f09711856c72c908c3b64914,pair-f09711856c72c908c3b64914::r0,q16_event_value_squared__regional_topk_candidates__gac_fdw_dba_topk_regional__query_shape-event_value_squared__cutoff_ts-2026-06-30-00-00-00-00__limit_k-25__include_apac-True,gac_fdw_dba_topk_regional,"{""cutoff_ts"": ""2026-06-30 00:00:00+00"", ""include_apac"": true, ""limit_k"": 25, ""query_shape"": ""event_value_squared""}",master-regimes/generated/corpus/confirmatory-action-replication-v1/groups/confirmatory-action-replication-v1__topology-isolation-large-n3-v1__runtime-bundle-multi-edge__analytics_clients/queries/q16_event_value_squared__regional_topk_candidates__gac_fdw_dba_topk_regional__query_shape-event_value_squared__cutoff_ts-2026-06-30-00-00-00-00__limit_k-25__include_apac-True.sql,"regional_topk,coordinator_sort_topk",confirmatory-action-replication-v1,confirmatory-action-replication-v1,batch-confirmatory-action-replication-v1,fuzzy-intervention-memory-v1,q16_event_value_squared__regional_topk_candidates,dba_local_memory_topk,multiregion_union,gac_multi_edge,global_query,confirmatory_q16_event_value_squared,topology-isolation-large-n3-v1,dba_topk_balanced_stressed,eu_us_apac_gac,final_check,combined_pressure,local_intervention_memory,mitigated,mitigated,q16_event_value_squared__regional_topk_candidates,regional_topk_candidates,confirmatory_holdout,,,,,,,,regional_topk_candidates,global_gac_mitigation_gain_log2,confirmatory_action_replication,"gac_finalization_heavy,well_reduced_localized",pilot,"{""fetch_size"":""medium"",""wan_latency"":""medium"",""work_mem"":""medium""}","supports_region_partitioning,supports_large_scan","{""filter_uses_distribution_key"":false,""group_by_uses_distribution_key"":false,""join_uses_distribution_key"":false,""multi_tenant_scope"":true,""order_by_uses_distribution_key"":false,""single_tenant_scope"":false,""tenant_filter_present"":false}",,balanced_williams_confirmatory,explicit_schedule,,false,0,41,false
cond-2546bf7240c2df6d63a8,cond-2546bf7240c2df6d63a8::r0,pair-41223489542837b713b42fed,pair-41223489542837b713b42fed::r0,q16_event_value_squared__mitigate_remote_path_bundle__gac_fdw_dba_topk_raw__query_shape-event_value_squared__cutoff_ts-2026-06-30-00-00-00-00__limit_k-25__include_apac-True,gac_fdw_dba_topk_raw,"{""cutoff_ts"": ""2026-06-30 00:00:00+00"", ""include_apac"": true, ""limit_k"": 25, ""query_shape"": ""event_value_squared""}",master-regimes/generated/corpus/confirmatory-action-replication-v1/groups/confirmatory-action-replication-v1__topology-isolation-large-n3-v1__runtime-bundle-multi-edge__analytics_clients/queries/q16_event_value_squared__mitigate_remote_path_bundle__gac_fdw_dba_topk_raw__query_shape-event_value_squared__cutoff_ts-2026-06-30-00-00-00-00__limit_k-25__include_apac-True.sql,"coordinator_raw_fanin,coordinator_sort_topk",confirmatory-action-replication-v1,confirmatory-action-replication-v1,batch-confirmatory-action-replication-v1,fuzzy-intervention-memory-v1,q16_event_value_squared__mitigate_remote_path_bundle,dba_local_memory_topk,multiregion_union,gac_multi_edge,global_query,confirmatory_q16_event_value_squared,topology-isolation-large-n3-v1,dba_topk_balanced_remote_mitigated,eu_us_apac_gac,final_check,combined_pressure,local_intervention_memory,mitigated,mitigated,q16_event_value_squared__mitigate_remote_path_bundle,remote_transport_bundle,confirmatory_holdout,,,,,,,,mitigate_remote_path_bundle,global_gac_mitigation_gain_log2,confirmatory_action_replication,"gac_finalization_heavy,remote_fetch_heavy",pilot,"{""fetch_size"":""high"",""wan_latency"":""high"",""work_mem"":""high""}","supports_region_partitioning,supports_large_scan","{""filter_uses_distribution_key"":false,""group_by_uses_distribution_key"":false,""join_uses_distribution_key"":false,""multi_tenant_scope"":true,""order_by_uses_distribution_key"":false,""single_tenant_scope"":false,""tenant_filter_present"":false}",,balanced_williams_confirmatory,explicit_schedule,,false,0,42,false
cond-dc94020b6c64b265c4d6,cond-dc94020b6c64b265c4d6::r0,pair-8fa91106958cd0a403a09a54,pair-8fa91106958cd0a403a09a54::r0,q16_event_value_squared__increase_gac_work_mem__gac_fdw_dba_topk_raw__query_shape-event_value_squared__cutoff_ts-2026-06-30-00-00-00-00__limit_k-25__include_apac-True,gac_fdw_dba_topk_raw,"{""cutoff_ts"": ""2026-06-30 00:00:00+00"", ""include_apac"": true, ""limit_k"": 25, ""query_shape"": ""event_value_squared""}",master-regimes/generated/corpus/confirmatory-action-replication-v1/groups/confirmatory-action-replication-v1__topology-isolation-large-n3-v1__runtime-bundle-multi-edge__analytics_clients/queries/q16_event_value_squared__increase_gac_work_mem__gac_fdw_dba_topk_raw__query_shape-event_value_squared__cutoff_ts-2026-06-30-00-00-00-00__limit_k-25__include_apac-True.sql,"coordinator_raw_fanin,coordinator_sort_topk",confirmatory-action-replication-v1,confirmatory-action-replication-v1,batch-confirmatory-action-replication-v1,fuzzy-intervention-memory-v1,q16_event_value_squared__increase_gac_work_mem,dba_local_memory_topk,multiregion_union,gac_multi_edge,global_query,confirmatory_q16_event_value_squared,topology-isolation-large-n3-v1,dba_topk_balanced_gac_mitigated,eu_us_apac_gac,final_check,combined_pressure,local_intervention_memory,mitigated,mitigated,q16_event_value_squared__increase_gac_work_mem,gac_memory_increase,confirmatory_holdout,,,,,,,,increase_gac_work_mem,global_gac_mitigation_gain_log2,confirmatory_action_replication,"gac_finalization_heavy,remote_fetch_heavy",pilot,"{""fetch_size"":""high"",""wan_latency"":""high"",""work_mem"":""high""}","supports_region_partitioning,supports_large_scan","{""filter_uses_distribution_key"":false,""group_by_uses_distribution_key"":false,""join_uses_distribution_key"":false,""multi_tenant_scope"":true,""order_by_uses_distribution_key"":false,""single_tenant_scope"":false,""tenant_filter_present"":false}",,balanced_williams_confirmatory,explicit_schedule,,false,0,43,false
cond-be7744eddb28ec419dde,cond-be7744eddb28ec419dde::r0,pair-5a38c76ddc40297fe3e9de6a,pair-5a38c76ddc40297fe3e9de6a::r0,q16_event_value_squared__baseline__gac_fdw_dba_topk_raw__query_shape-event_value_squared__cutoff_ts-2026-06-30-00-00-00-00__limit_k-25__include_apac-True,gac_fdw_dba_topk_raw,"{""cutoff_ts"": ""2026-06-30 00:00:00+00"", ""include_apac"": true, ""limit_k"": 25, ""query_shape"": ""event_value_squared""}",master-regimes/generated/corpus/confirmatory-action-replication-v1/groups/confirmatory-action-replication-v1__topology-isolation-large-n3-v1__runtime-bundle-multi-edge__analytics_clients/queries/q16_event_value_squared__baseline__gac_fdw_dba_topk_raw__query_shape-event_value_squared__cutoff_ts-2026-06-30-00-00-00-00__limit_k-25__include_apac-True.sql,"coordinator_raw_fanin,coordinator_sort_topk",confirmatory-action-replication-v1,confirmatory-action-replication-v1,batch-confirmatory-action-replication-v1,fuzzy-intervention-memory-v1,q16_event_value_squared__baseline,dba_local_memory_topk,multiregion_union,gac_multi_edge,global_query,confirmatory_q16_event_value_squared,topology-isolation-large-n3-v1,dba_topk_balanced_stressed,eu_us_apac_gac,final_check,combined_pressure,local_intervention_memory,stressed,stressed,q16_event_value_squared__shared_baseline,gac_raw_topk,confirmatory_holdout,,,,,,,,,global_gac_mitigation_gain_log2,confirmatory_action_replication,"gac_finalization_heavy,remote_fetch_heavy",pilot,"{""fetch_size"":""high"",""wan_latency"":""high"",""work_mem"":""high""}","supports_region_partitioning,supports_large_scan","{""filter_uses_distribution_key"":false,""group_by_uses_distribution_key"":false,""join_uses_distribution_key"":false,""multi_tenant_scope"":true,""order_by_uses_distribution_key"":false,""single_tenant_scope"":false,""tenant_filter_present"":false}",,balanced_williams_confirmatory,explicit_schedule,,false,0,44,false
cond-efd8889f42b630a339e9,cond-efd8889f42b630a339e9::r0,pair-cc6217644d24db31e668f502,pair-cc6217644d24db31e668f502::r0,q30_user_day_sum__mitigate_remote_path_bundle__gac_fdw_dba_topk_raw__query_shape-user_day_sum__cutoff_ts-2026-06-30-00-00-00-00__limit_k-500__include_apac-True,gac_fdw_dba_topk_raw,"{""cutoff_ts"": ""2026-06-30 00:00:00+00"", ""include_apac"": true, ""limit_k"": 500, ""query_shape"": ""user_day_sum""}",master-regimes/generated/corpus/confirmatory-action-replication-v1/groups/confirmatory-action-replication-v1__topology-isolation-large-n3-v1__runtime-bundle-multi-edge__analytics_clients/queries/q30_user_day_sum__mitigate_remote_path_bundle__gac_fdw_dba_topk_raw__query_shape-user_day_sum__cutoff_ts-2026-06-30-00-00-00-00__limit_k-500__include_apac-True.sql,"coordinator_raw_fanin,coordinator_sort_topk",confirmatory-action-replication-v1,confirmatory-action-replication-v1,batch-confirmatory-action-replication-v1,fuzzy-intervention-memory-v1,q30_user_day_sum__mitigate_remote_path_bundle,dba_local_memory_topk,multiregion_union,gac_multi_edge,global_query,confirmatory_q30_user_day_sum,topology-isolation-large-n3-v1,dba_topk_balanced_remote_mitigated,eu_us_apac_gac,final_check,combined_pressure,local_intervention_memory,mitigated,mitigated,q30_user_day_sum__mitigate_remote_path_bundle,remote_transport_bundle,confirmatory_holdout,,,,,,,,mitigate_remote_path_bundle,global_gac_mitigation_gain_log2,confirmatory_action_replication,"gac_finalization_heavy,remote_fetch_heavy",pilot,"{""fetch_size"":""high"",""wan_latency"":""high"",""work_mem"":""high""}","supports_region_partitioning,supports_large_scan","{""filter_uses_distribution_key"":false,""group_by_uses_distribution_key"":false,""join_uses_distribution_key"":false,""multi_tenant_scope"":true,""order_by_uses_distribution_key"":false,""single_tenant_scope"":false,""tenant_filter_present"":false}",,balanced_williams_confirmatory,explicit_schedule,,false,0,45,false
cond-5d0ef16459bfd07544ef,cond-5d0ef16459bfd07544ef::r0,pair-83d45a2f2e76b683cba526c2,pair-83d45a2f2e76b683cba526c2::r0,q30_user_day_sum__baseline__gac_fdw_dba_topk_raw__query_shape-user_day_sum__cutoff_ts-2026-06-30-00-00-00-00__limit_k-500__include_apac-True,gac_fdw_dba_topk_raw,"{""cutoff_ts"": ""2026-06-30 00:00:00+00"", ""include_apac"": true, ""limit_k"": 500, ""query_shape"": ""user_day_sum""}",master-regimes/generated/corpus/confirmatory-action-replication-v1/groups/confirmatory-action-replication-v1__topology-isolation-large-n3-v1__runtime-bundle-multi-edge__analytics_clients/queries/q30_user_day_sum__baseline__gac_fdw_dba_topk_raw__query_shape-user_day_sum__cutoff_ts-2026-06-30-00-00-00-00__limit_k-500__include_apac-True.sql,"coordinator_raw_fanin,coordinator_sort_topk",confirmatory-action-replication-v1,confirmatory-action-replication-v1,batch-confirmatory-action-replication-v1,fuzzy-intervention-memory-v1,q30_user_day_sum__baseline,dba_local_memory_topk,multiregion_union,gac_multi_edge,global_query,confirmatory_q30_user_day_sum,topology-isolation-large-n3-v1,dba_topk_balanced_stressed,eu_us_apac_gac,final_check,combined_pressure,local_intervention_memory,stressed,stressed,q30_user_day_sum__shared_baseline,gac_raw_topk,confirmatory_holdout,,,,,,,,,global_gac_mitigation_gain_log2,confirmatory_action_replication,"gac_finalization_heavy,remote_fetch_heavy",pilot,"{""fetch_size"":""high"",""wan_latency"":""high"",""work_mem"":""high""}","supports_region_partitioning,supports_large_scan","{""filter_uses_distribution_key"":false,""group_by_uses_distribution_key"":false,""join_uses_distribution_key"":false,""multi_tenant_scope"":true,""order_by_uses_distribution_key"":false,""single_tenant_scope"":false,""tenant_filter_present"":false}",,balanced_williams_confirmatory,explicit_schedule,,false,0,46,false
cond-40a867772492e6202aa6,cond-40a867772492e6202aa6::r0,pair-018d06377510f8a5ddfc0762,pair-018d06377510f8a5ddfc0762::r0,q30_user_day_sum__regional_topk_candidates__gac_fdw_dba_topk_regional__query_shape-user_day_sum__cutoff_ts-2026-06-30-00-00-00-00__limit_k-500__include_apac-True,gac_fdw_dba_topk_regional,"{""cutoff_ts"": ""2026-06-30 00:00:00+00"", ""include_apac"": true, ""limit_k"": 500, ""query_shape"": ""user_day_sum""}",master-regimes/generated/corpus/confirmatory-action-replication-v1/groups/confirmatory-action-replication-v1__topology-isolation-large-n3-v1__runtime-bundle-multi-edge__analytics_clients/queries/q30_user_day_sum__regional_topk_candidates__gac_fdw_dba_topk_regional__query_shape-user_day_sum__cutoff_ts-2026-06-30-00-00-00-00__limit_k-500__include_apac-True.sql,"regional_topk,coordinator_sort_topk",confirmatory-action-replication-v1,confirmatory-action-replication-v1,batch-confirmatory-action-replication-v1,fuzzy-intervention-memory-v1,q30_user_day_sum__regional_topk_candidates,dba_local_memory_topk,multiregion_union,gac_multi_edge,global_query,confirmatory_q30_user_day_sum,topology-isolation-large-n3-v1,dba_topk_balanced_stressed,eu_us_apac_gac,final_check,combined_pressure,local_intervention_memory,mitigated,mitigated,q30_user_day_sum__regional_topk_candidates,regional_topk_candidates,confirmatory_holdout,,,,,,,,regional_topk_candidates,global_gac_mitigation_gain_log2,confirmatory_action_replication,"gac_finalization_heavy,well_reduced_localized",pilot,"{""fetch_size"":""medium"",""wan_latency"":""medium"",""work_mem"":""medium""}","supports_region_partitioning,supports_large_scan","{""filter_uses_distribution_key"":false,""group_by_uses_distribution_key"":false,""join_uses_distribution_key"":false,""multi_tenant_scope"":true,""order_by_uses_distribution_key"":false,""single_tenant_scope"":false,""tenant_filter_present"":false}",,balanced_williams_confirmatory,explicit_schedule,,false,0,47,false
cond-0eab0fa927515555a83f,cond-0eab0fa927515555a83f::r0,pair-824e29ca9e59f4f569185cd8,pair-824e29ca9e59f4f569185cd8::r0,q30_user_day_sum__increase_gac_work_mem__gac_fdw_dba_topk_raw__query_shape-user_day_sum__cutoff_ts-2026-06-30-00-00-00-00__limit_k-500__include_apac-True,gac_fdw_dba_topk_raw,"{""cutoff_ts"": ""2026-06-30 00:00:00+00"", ""include_apac"": true, ""limit_k"": 500, ""query_shape"": ""user_day_sum""}",master-regimes/generated/corpus/confirmatory-action-replication-v1/groups/confirmatory-action-replication-v1__topology-isolation-large-n3-v1__runtime-bundle-multi-edge__analytics_clients/queries/q30_user_day_sum__increase_gac_work_mem__gac_fdw_dba_topk_raw__query_shape-user_day_sum__cutoff_ts-2026-06-30-00-00-00-00__limit_k-500__include_apac-True.sql,"coordinator_raw_fanin,coordinator_sort_topk",confirmatory-action-replication-v1,confirmatory-action-replication-v1,batch-confirmatory-action-replication-v1,fuzzy-intervention-memory-v1,q30_user_day_sum__increase_gac_work_mem,dba_local_memory_topk,multiregion_union,gac_multi_edge,global_query,confirmatory_q30_user_day_sum,topology-isolation-large-n3-v1,dba_topk_balanced_gac_mitigated,eu_us_apac_gac,final_check,combined_pressure,local_intervention_memory,mitigated,mitigated,q30_user_day_sum__increase_gac_work_mem,gac_memory_increase,confirmatory_holdout,,,,,,,,increase_gac_work_mem,global_gac_mitigation_gain_log2,confirmatory_action_replication,"gac_finalization_heavy,remote_fetch_heavy",pilot,"{""fetch_size"":""high"",""wan_latency"":""high"",""work_mem"":""high""}","supports_region_partitioning,supports_large_scan","{""filter_uses_distribution_key"":false,""group_by_uses_distribution_key"":false,""join_uses_distribution_key"":false,""multi_tenant_scope"":true,""order_by_uses_distribution_key"":false,""single_tenant_scope"":false,""tenant_filter_present"":false}",,balanced_williams_confirmatory,explicit_schedule,,false,0,48,false
cond-dc01acff6e758d390b4a,cond-dc01acff6e758d390b4a::r0,pair-05c2294075e5febb2ac80986,pair-05c2294075e5febb2ac80986::r0,q19_event_old_low_value__baseline__gac_fdw_dba_topk_raw__query_shape-event_old_low_value__cutoff_ts-2026-06-24-00-00-00-00__limit_k-250__include_apac-True,gac_fdw_dba_topk_raw,"{""cutoff_ts"": ""2026-06-24 00:00:00+00"", ""include_apac"": true, ""limit_k"": 250, ""query_shape"": ""event_old_low_value""}",master-regimes/generated/corpus/confirmatory-action-replication-v1/groups/confirmatory-action-replication-v1__topology-isolation-large-n3-v1__runtime-bundle-multi-edge__analytics_clients/queries/q19_event_old_low_value__baseline__gac_fdw_dba_topk_raw__query_shape-event_old_low_value__cutoff_ts-2026-06-24-00-00-00-00__limit_k-250__include_apac-True.sql,"coordinator_raw_fanin,coordinator_sort_topk",confirmatory-action-replication-v1,confirmatory-action-replication-v1,batch-confirmatory-action-replication-v1,fuzzy-intervention-memory-v1,q19_event_old_low_value__baseline,dba_local_memory_topk,multiregion_union,gac_multi_edge,global_query,confirmatory_q19_event_old_low_value,topology-isolation-large-n3-v1,dba_topk_balanced_stressed,eu_us_apac_gac,final_check,combined_pressure,local_intervention_memory,stressed,stressed,q19_event_old_low_value__shared_baseline,gac_raw_topk,confirmatory_holdout,,,,,,,,,global_gac_mitigation_gain_log2,confirmatory_action_replication,"gac_finalization_heavy,remote_fetch_heavy",pilot,"{""fetch_size"":""high"",""wan_latency"":""high"",""work_mem"":""high""}","supports_region_partitioning,supports_large_scan","{""filter_uses_distribution_key"":false,""group_by_uses_distribution_key"":false,""join_uses_distribution_key"":false,""multi_tenant_scope"":true,""order_by_uses_distribution_key"":false,""single_tenant_scope"":false,""tenant_filter_present"":false}",,balanced_williams_confirmatory,explicit_schedule,,false,0,49,false
cond-ebc858113b618f505d31,cond-ebc858113b618f505d31::r0,pair-28bc7a9bd2dcbea6f92cb83d,pair-28bc7a9bd2dcbea6f92cb83d::r0,q19_event_old_low_value__increase_gac_work_mem__gac_fdw_dba_topk_raw__query_shape-event_old_low_value__cutoff_ts-2026-06-24-00-00-00-00__limit_k-250__include_apac-True,gac_fdw_dba_topk_raw,"{""cutoff_ts"": ""2026-06-24 00:00:00+00"", ""include_apac"": true, ""limit_k"": 250, ""query_shape"": ""event_old_low_value""}",master-regimes/generated/corpus/confirmatory-action-replication-v1/groups/confirmatory-action-replication-v1__topology-isolation-large-n3-v1__runtime-bundle-multi-edge__analytics_clients/queries/q19_event_old_low_value__increase_gac_work_mem__gac_fdw_dba_topk_raw__query_shape-event_old_low_value__cutoff_ts-2026-06-24-00-00-00-00__limit_k-250__include_apac-True.sql,"coordinator_raw_fanin,coordinator_sort_topk",confirmatory-action-replication-v1,confirmatory-action-replication-v1,batch-confirmatory-action-replication-v1,fuzzy-intervention-memory-v1,q19_event_old_low_value__increase_gac_work_mem,dba_local_memory_topk,multiregion_union,gac_multi_edge,global_query,confirmatory_q19_event_old_low_value,topology-isolation-large-n3-v1,dba_topk_balanced_gac_mitigated,eu_us_apac_gac,final_check,combined_pressure,local_intervention_memory,mitigated,mitigated,q19_event_old_low_value__increase_gac_work_mem,gac_memory_increase,confirmatory_holdout,,,,,,,,increase_gac_work_mem,global_gac_mitigation_gain_log2,confirmatory_action_replication,"gac_finalization_heavy,remote_fetch_heavy",pilot,"{""fetch_size"":""high"",""wan_latency"":""high"",""work_mem"":""high""}","supports_region_partitioning,supports_large_scan","{""filter_uses_distribution_key"":false,""group_by_uses_distribution_key"":false,""join_uses_distribution_key"":false,""multi_tenant_scope"":true,""order_by_uses_distribution_key"":false,""single_tenant_scope"":false,""tenant_filter_present"":false}",,balanced_williams_confirmatory,explicit_schedule,,false,0,50,false
cond-e080cd6be4eb1bdee62a,cond-e080cd6be4eb1bdee62a::r0,pair-48512a64612dc8749d4f6929,pair-48512a64612dc8749d4f6929::r0,q19_event_old_low_value__mitigate_remote_path_bundle__gac_fdw_dba_topk_raw__query_shape-event_old_low_value__cutoff_ts-2026-06-24-00-00-00-00__limit_k-250__include_apac-True,gac_fdw_dba_topk_raw,"{""cutoff_ts"": ""2026-06-24 00:00:00+00"", ""include_apac"": true, ""limit_k"": 250, ""query_shape"": ""event_old_low_value""}",master-regimes/generated/corpus/confirmatory-action-replication-v1/groups/confirmatory-action-replication-v1__topology-isolation-large-n3-v1__runtime-bundle-multi-edge__analytics_clients/queries/q19_event_old_low_value__mitigate_remote_path_bundle__gac_fdw_dba_topk_raw__query_shape-event_old_low_value__cutoff_ts-2026-06-24-00-00-00-00__limit_k-250__include_apac-True.sql,"coordinator_raw_fanin,coordinator_sort_topk",confirmatory-action-replication-v1,confirmatory-action-replication-v1,batch-confirmatory-action-replication-v1,fuzzy-intervention-memory-v1,q19_event_old_low_value__mitigate_remote_path_bundle,dba_local_memory_topk,multiregion_union,gac_multi_edge,global_query,confirmatory_q19_event_old_low_value,topology-isolation-large-n3-v1,dba_topk_balanced_remote_mitigated,eu_us_apac_gac,final_check,combined_pressure,local_intervention_memory,mitigated,mitigated,q19_event_old_low_value__mitigate_remote_path_bundle,remote_transport_bundle,confirmatory_holdout,,,,,,,,mitigate_remote_path_bundle,global_gac_mitigation_gain_log2,confirmatory_action_replication,"gac_finalization_heavy,remote_fetch_heavy",pilot,"{""fetch_size"":""high"",""wan_latency"":""high"",""work_mem"":""high""}","supports_region_partitioning,supports_large_scan","{""filter_uses_distribution_key"":false,""group_by_uses_distribution_key"":false,""join_uses_distribution_key"":false,""multi_tenant_scope"":true,""order_by_uses_distribution_key"":false,""single_tenant_scope"":false,""tenant_filter_present"":false}",,balanced_williams_confirmatory,explicit_schedule,,false,0,51,false
cond-d1bf7e08b663c3f91ac6,cond-d1bf7e08b663c3f91ac6::r0,pair-98b704f4defbbbb407767c07,pair-98b704f4defbbbb407767c07::r0,q19_event_old_low_value__regional_topk_candidates__gac_fdw_dba_topk_regional__query_shape-event_old_low_value__cutoff_ts-2026-06-24-00-00-00-00__limit_k-250__include_apac-True,gac_fdw_dba_topk_regional,"{""cutoff_ts"": ""2026-06-24 00:00:00+00"", ""include_apac"": true, ""limit_k"": 250, ""query_shape"": ""event_old_low_value""}",master-regimes/generated/corpus/confirmatory-action-replication-v1/groups/confirmatory-action-replication-v1__topology-isolation-large-n3-v1__runtime-bundle-multi-edge__analytics_clients/queries/q19_event_old_low_value__regional_topk_candidates__gac_fdw_dba_topk_regional__query_shape-event_old_low_value__cutoff_ts-2026-06-24-00-00-00-00__limit_k-250__include_apac-True.sql,"regional_topk,coordinator_sort_topk",confirmatory-action-replication-v1,confirmatory-action-replication-v1,batch-confirmatory-action-replication-v1,fuzzy-intervention-memory-v1,q19_event_old_low_value__regional_topk_candidates,dba_local_memory_topk,multiregion_union,gac_multi_edge,global_query,confirmatory_q19_event_old_low_value,topology-isolation-large-n3-v1,dba_topk_balanced_stressed,eu_us_apac_gac,final_check,combined_pressure,local_intervention_memory,mitigated,mitigated,q19_event_old_low_value__regional_topk_candidates,regional_topk_candidates,confirmatory_holdout,,,,,,,,regional_topk_candidates,global_gac_mitigation_gain_log2,confirmatory_action_replication,"gac_finalization_heavy,well_reduced_localized",pilot,"{""fetch_size"":""medium"",""wan_latency"":""medium"",""work_mem"":""medium""}","supports_region_partitioning,supports_large_scan","{""filter_uses_distribution_key"":false,""group_by_uses_distribution_key"":false,""join_uses_distribution_key"":false,""multi_tenant_scope"":true,""order_by_uses_distribution_key"":false,""single_tenant_scope"":false,""tenant_filter_present"":false}",,balanced_williams_confirmatory,explicit_schedule,,false,0,52,false
cond-ba292ebb6b89446b3946,cond-ba292ebb6b89446b3946::r0,pair-d803ed710fef833d4ee4e912,pair-d803ed710fef833d4ee4e912::r0,q29_user_value_range__increase_gac_work_mem__gac_fdw_dba_topk_raw__query_shape-user_value_range__cutoff_ts-2026-06-24-00-00-00-00__limit_k-250__include_apac-True,gac_fdw_dba_topk_raw,"{""cutoff_ts"": ""2026-06-24 00:00:00+00"", ""include_apac"": true, ""limit_k"": 250, ""query_shape"": ""user_value_range""}",master-regimes/generated/corpus/confirmatory-action-replication-v1/groups/confirmatory-action-replication-v1__topology-isolation-large-n3-v1__runtime-bundle-multi-edge__analytics_clients/queries/q29_user_value_range__increase_gac_work_mem__gac_fdw_dba_topk_raw__query_shape-user_value_range__cutoff_ts-2026-06-24-00-00-00-00__limit_k-250__include_apac-True.sql,"coordinator_raw_fanin,coordinator_sort_topk",confirmatory-action-replication-v1,confirmatory-action-replication-v1,batch-confirmatory-action-replication-v1,fuzzy-intervention-memory-v1,q29_user_value_range__increase_gac_work_mem,dba_local_memory_topk,multiregion_union,gac_multi_edge,global_query,confirmatory_q29_user_value_range,topology-isolation-large-n3-v1,dba_topk_balanced_gac_mitigated,eu_us_apac_gac,final_check,combined_pressure,local_intervention_memory,mitigated,mitigated,q29_user_value_range__increase_gac_work_mem,gac_memory_increase,confirmatory_holdout,,,,,,,,increase_gac_work_mem,global_gac_mitigation_gain_log2,confirmatory_action_replication,"gac_finalization_heavy,remote_fetch_heavy",pilot,"{""fetch_size"":""high"",""wan_latency"":""high"",""work_mem"":""high""}","supports_region_partitioning,supports_large_scan","{""filter_uses_distribution_key"":false,""group_by_uses_distribution_key"":false,""join_uses_distribution_key"":false,""multi_tenant_scope"":true,""order_by_uses_distribution_key"":false,""single_tenant_scope"":false,""tenant_filter_present"":false}",,balanced_williams_confirmatory,explicit_schedule,,false,0,53,false
cond-1671ed2fbc5b758ad44e,cond-1671ed2fbc5b758ad44e::r0,pair-30f364f40ee066e237b2fe99,pair-30f364f40ee066e237b2fe99::r0,q29_user_value_range__regional_topk_candidates__gac_fdw_dba_topk_regional__query_shape-user_value_range__cutoff_ts-2026-06-24-00-00-00-00__limit_k-250__include_apac-True,gac_fdw_dba_topk_regional,"{""cutoff_ts"": ""2026-06-24 00:00:00+00"", ""include_apac"": true, ""limit_k"": 250, ""query_shape"": ""user_value_range""}",master-regimes/generated/corpus/confirmatory-action-replication-v1/groups/confirmatory-action-replication-v1__topology-isolation-large-n3-v1__runtime-bundle-multi-edge__analytics_clients/queries/q29_user_value_range__regional_topk_candidates__gac_fdw_dba_topk_regional__query_shape-user_value_range__cutoff_ts-2026-06-24-00-00-00-00__limit_k-250__include_apac-True.sql,"regional_topk,coordinator_sort_topk",confirmatory-action-replication-v1,confirmatory-action-replication-v1,batch-confirmatory-action-replication-v1,fuzzy-intervention-memory-v1,q29_user_value_range__regional_topk_candidates,dba_local_memory_topk,multiregion_union,gac_multi_edge,global_query,confirmatory_q29_user_value_range,topology-isolation-large-n3-v1,dba_topk_balanced_stressed,eu_us_apac_gac,final_check,combined_pressure,local_intervention_memory,mitigated,mitigated,q29_user_value_range__regional_topk_candidates,regional_topk_candidates,confirmatory_holdout,,,,,,,,regional_topk_candidates,global_gac_mitigation_gain_log2,confirmatory_action_replication,"gac_finalization_heavy,well_reduced_localized",pilot,"{""fetch_size"":""medium"",""wan_latency"":""medium"",""work_mem"":""medium""}","supports_region_partitioning,supports_large_scan","{""filter_uses_distribution_key"":false,""group_by_uses_distribution_key"":false,""join_uses_distribution_key"":false,""multi_tenant_scope"":true,""order_by_uses_distribution_key"":false,""single_tenant_scope"":false,""tenant_filter_present"":false}",,balanced_williams_confirmatory,explicit_schedule,,false,0,54,false
cond-907a996d966df8d95123,cond-907a996d966df8d95123::r0,pair-ebf19f065bf550b760847662,pair-ebf19f065bf550b760847662::r0,q29_user_value_range__baseline__gac_fdw_dba_topk_raw__query_shape-user_value_range__cutoff_ts-2026-06-24-00-00-00-00__limit_k-250__include_apac-True,gac_fdw_dba_topk_raw,"{""cutoff_ts"": ""2026-06-24 00:00:00+00"", ""include_apac"": true, ""limit_k"": 250, ""query_shape"": ""user_value_range""}",master-regimes/generated/corpus/confirmatory-action-replication-v1/groups/confirmatory-action-replication-v1__topology-isolation-large-n3-v1__runtime-bundle-multi-edge__analytics_clients/queries/q29_user_value_range__baseline__gac_fdw_dba_topk_raw__query_shape-user_value_range__cutoff_ts-2026-06-24-00-00-00-00__limit_k-250__include_apac-True.sql,"coordinator_raw_fanin,coordinator_sort_topk",confirmatory-action-replication-v1,confirmatory-action-replication-v1,batch-confirmatory-action-replication-v1,fuzzy-intervention-memory-v1,q29_user_value_range__baseline,dba_local_memory_topk,multiregion_union,gac_multi_edge,global_query,confirmatory_q29_user_value_range,topology-isolation-large-n3-v1,dba_topk_balanced_stressed,eu_us_apac_gac,final_check,combined_pressure,local_intervention_memory,stressed,stressed,q29_user_value_range__shared_baseline,gac_raw_topk,confirmatory_holdout,,,,,,,,,global_gac_mitigation_gain_log2,confirmatory_action_replication,"gac_finalization_heavy,remote_fetch_heavy",pilot,"{""fetch_size"":""high"",""wan_latency"":""high"",""work_mem"":""high""}","supports_region_partitioning,supports_large_scan","{""filter_uses_distribution_key"":false,""group_by_uses_distribution_key"":false,""join_uses_distribution_key"":false,""multi_tenant_scope"":true,""order_by_uses_distribution_key"":false,""single_tenant_scope"":false,""tenant_filter_present"":false}",,balanced_williams_confirmatory,explicit_schedule,,false,0,55,false
cond-f45b8496a90049d0b97d,cond-f45b8496a90049d0b97d::r0,pair-321448c9b9fa37f205517ab2,pair-321448c9b9fa37f205517ab2::r0,q29_user_value_range__mitigate_remote_path_bundle__gac_fdw_dba_topk_raw__query_shape-user_value_range__cutoff_ts-2026-06-24-00-00-00-00__limit_k-250__include_apac-True,gac_fdw_dba_topk_raw,"{""cutoff_ts"": ""2026-06-24 00:00:00+00"", ""include_apac"": true, ""limit_k"": 250, ""query_shape"": ""user_value_range""}",master-regimes/generated/corpus/confirmatory-action-replication-v1/groups/confirmatory-action-replication-v1__topology-isolation-large-n3-v1__runtime-bundle-multi-edge__analytics_clients/queries/q29_user_value_range__mitigate_remote_path_bundle__gac_fdw_dba_topk_raw__query_shape-user_value_range__cutoff_ts-2026-06-24-00-00-00-00__limit_k-250__include_apac-True.sql,"coordinator_raw_fanin,coordinator_sort_topk",confirmatory-action-replication-v1,confirmatory-action-replication-v1,batch-confirmatory-action-replication-v1,fuzzy-intervention-memory-v1,q29_user_value_range__mitigate_remote_path_bundle,dba_local_memory_topk,multiregion_union,gac_multi_edge,global_query,confirmatory_q29_user_value_range,topology-isolation-large-n3-v1,dba_topk_balanced_remote_mitigated,eu_us_apac_gac,final_check,combined_pressure,local_intervention_memory,mitigated,mitigated,q29_user_value_range__mitigate_remote_path_bundle,remote_transport_bundle,confirmatory_holdout,,,,,,,,mitigate_remote_path_bundle,global_gac_mitigation_gain_log2,confirmatory_action_replication,"gac_finalization_heavy,remote_fetch_heavy",pilot,"{""fetch_size"":""high"",""wan_latency"":""high"",""work_mem"":""high""}","supports_region_partitioning,supports_large_scan","{""filter_uses_distribution_key"":false,""group_by_uses_distribution_key"":false,""join_uses_distribution_key"":false,""multi_tenant_scope"":true,""order_by_uses_distribution_key"":false,""single_tenant_scope"":false,""tenant_filter_present"":false}",,balanced_williams_confirmatory,explicit_schedule,,false,0,56,false
cond-853d379dfe002304522e,cond-853d379dfe002304522e::r0,pair-89ee7352dd383a3bb9c0c432,pair-89ee7352dd383a3bb9c0c432::r0,q28_user_count__regional_topk_candidates__gac_fdw_dba_topk_regional__query_shape-user_count__cutoff_ts-2026-06-27-00-00-00-00__limit_k-100__include_apac-True,gac_fdw_dba_topk_regional,"{""cutoff_ts"": ""2026-06-27 00:00:00+00"", ""include_apac"": true, ""limit_k"": 100, ""query_shape"": ""user_count""}",master-regimes/generated/corpus/confirmatory-action-replication-v1/groups/confirmatory-action-replication-v1__topology-isolation-large-n3-v1__runtime-bundle-multi-edge__analytics_clients/queries/q28_user_count__regional_topk_candidates__gac_fdw_dba_topk_regional__query_shape-user_count__cutoff_ts-2026-06-27-00-00-00-00__limit_k-100__include_apac-True.sql,"regional_topk,coordinator_sort_topk",confirmatory-action-replication-v1,confirmatory-action-replication-v1,batch-confirmatory-action-replication-v1,fuzzy-intervention-memory-v1,q28_user_count__regional_topk_candidates,dba_local_memory_topk,multiregion_union,gac_multi_edge,global_query,confirmatory_q28_user_count,topology-isolation-large-n3-v1,dba_topk_balanced_stressed,eu_us_apac_gac,final_check,combined_pressure,local_intervention_memory,mitigated,mitigated,q28_user_count__regional_topk_candidates,regional_topk_candidates,confirmatory_holdout,,,,,,,,regional_topk_candidates,global_gac_mitigation_gain_log2,confirmatory_action_replication,"gac_finalization_heavy,well_reduced_localized",pilot,"{""fetch_size"":""medium"",""wan_latency"":""medium"",""work_mem"":""medium""}","supports_region_partitioning,supports_large_scan","{""filter_uses_distribution_key"":false,""group_by_uses_distribution_key"":false,""join_uses_distribution_key"":false,""multi_tenant_scope"":true,""order_by_uses_distribution_key"":false,""single_tenant_scope"":false,""tenant_filter_present"":false}",,balanced_williams_confirmatory,explicit_schedule,,false,0,57,false
cond-a8b793a1a110500269f2,cond-a8b793a1a110500269f2::r0,pair-f00d3ce2e2726ebe79437f0e,pair-f00d3ce2e2726ebe79437f0e::r0,q28_user_count__mitigate_remote_path_bundle__gac_fdw_dba_topk_raw__query_shape-user_count__cutoff_ts-2026-06-27-00-00-00-00__limit_k-100__include_apac-True,gac_fdw_dba_topk_raw,"{""cutoff_ts"": ""2026-06-27 00:00:00+00"", ""include_apac"": true, ""limit_k"": 100, ""query_shape"": ""user_count""}",master-regimes/generated/corpus/confirmatory-action-replication-v1/groups/confirmatory-action-replication-v1__topology-isolation-large-n3-v1__runtime-bundle-multi-edge__analytics_clients/queries/q28_user_count__mitigate_remote_path_bundle__gac_fdw_dba_topk_raw__query_shape-user_count__cutoff_ts-2026-06-27-00-00-00-00__limit_k-100__include_apac-True.sql,"coordinator_raw_fanin,coordinator_sort_topk",confirmatory-action-replication-v1,confirmatory-action-replication-v1,batch-confirmatory-action-replication-v1,fuzzy-intervention-memory-v1,q28_user_count__mitigate_remote_path_bundle,dba_local_memory_topk,multiregion_union,gac_multi_edge,global_query,confirmatory_q28_user_count,topology-isolation-large-n3-v1,dba_topk_balanced_remote_mitigated,eu_us_apac_gac,final_check,combined_pressure,local_intervention_memory,mitigated,mitigated,q28_user_count__mitigate_remote_path_bundle,remote_transport_bundle,confirmatory_holdout,,,,,,,,mitigate_remote_path_bundle,global_gac_mitigation_gain_log2,confirmatory_action_replication,"gac_finalization_heavy,remote_fetch_heavy",pilot,"{""fetch_size"":""high"",""wan_latency"":""high"",""work_mem"":""high""}","supports_region_partitioning,supports_large_scan","{""filter_uses_distribution_key"":false,""group_by_uses_distribution_key"":false,""join_uses_distribution_key"":false,""multi_tenant_scope"":true,""order_by_uses_distribution_key"":false,""single_tenant_scope"":false,""tenant_filter_present"":false}",,balanced_williams_confirmatory,explicit_schedule,,false,0,58,false
cond-2206c85945db8e92e8b5,cond-2206c85945db8e92e8b5::r0,pair-53bc30de80c30e13df8fca13,pair-53bc30de80c30e13df8fca13::r0,q28_user_count__increase_gac_work_mem__gac_fdw_dba_topk_raw__query_shape-user_count__cutoff_ts-2026-06-27-00-00-00-00__limit_k-100__include_apac-True,gac_fdw_dba_topk_raw,"{""cutoff_ts"": ""2026-06-27 00:00:00+00"", ""include_apac"": true, ""limit_k"": 100, ""query_shape"": ""user_count""}",master-regimes/generated/corpus/confirmatory-action-replication-v1/groups/confirmatory-action-replication-v1__topology-isolation-large-n3-v1__runtime-bundle-multi-edge__analytics_clients/queries/q28_user_count__increase_gac_work_mem__gac_fdw_dba_topk_raw__query_shape-user_count__cutoff_ts-2026-06-27-00-00-00-00__limit_k-100__include_apac-True.sql,"coordinator_raw_fanin,coordinator_sort_topk",confirmatory-action-replication-v1,confirmatory-action-replication-v1,batch-confirmatory-action-replication-v1,fuzzy-intervention-memory-v1,q28_user_count__increase_gac_work_mem,dba_local_memory_topk,multiregion_union,gac_multi_edge,global_query,confirmatory_q28_user_count,topology-isolation-large-n3-v1,dba_topk_balanced_gac_mitigated,eu_us_apac_gac,final_check,combined_pressure,local_intervention_memory,mitigated,mitigated,q28_user_count__increase_gac_work_mem,gac_memory_increase,confirmatory_holdout,,,,,,,,increase_gac_work_mem,global_gac_mitigation_gain_log2,confirmatory_action_replication,"gac_finalization_heavy,remote_fetch_heavy",pilot,"{""fetch_size"":""high"",""wan_latency"":""high"",""work_mem"":""high""}","supports_region_partitioning,supports_large_scan","{""filter_uses_distribution_key"":false,""group_by_uses_distribution_key"":false,""join_uses_distribution_key"":false,""multi_tenant_scope"":true,""order_by_uses_distribution_key"":false,""single_tenant_scope"":false,""tenant_filter_present"":false}",,balanced_williams_confirmatory,explicit_schedule,,false,0,59,false
cond-e518af9532fd3c8da41f,cond-e518af9532fd3c8da41f::r0,pair-0c1e60b00747989238020548,pair-0c1e60b00747989238020548::r0,q28_user_count__baseline__gac_fdw_dba_topk_raw__query_shape-user_count__cutoff_ts-2026-06-27-00-00-00-00__limit_k-100__include_apac-True,gac_fdw_dba_topk_raw,"{""cutoff_ts"": ""2026-06-27 00:00:00+00"", ""include_apac"": true, ""limit_k"": 100, ""query_shape"": ""user_count""}",master-regimes/generated/corpus/confirmatory-action-replication-v1/groups/confirmatory-action-replication-v1__topology-isolation-large-n3-v1__runtime-bundle-multi-edge__analytics_clients/queries/q28_user_count__baseline__gac_fdw_dba_topk_raw__query_shape-user_count__cutoff_ts-2026-06-27-00-00-00-00__limit_k-100__include_apac-True.sql,"coordinator_raw_fanin,coordinator_sort_topk",confirmatory-action-replication-v1,confirmatory-action-replication-v1,batch-confirmatory-action-replication-v1,fuzzy-intervention-memory-v1,q28_user_count__baseline,dba_local_memory_topk,multiregion_union,gac_multi_edge,global_query,confirmatory_q28_user_count,topology-isolation-large-n3-v1,dba_topk_balanced_stressed,eu_us_apac_gac,final_check,combined_pressure,local_intervention_memory,stressed,stressed,q28_user_count__shared_baseline,gac_raw_topk,confirmatory_holdout,,,,,,,,,global_gac_mitigation_gain_log2,confirmatory_action_replication,"gac_finalization_heavy,remote_fetch_heavy",pilot,"{""fetch_size"":""high"",""wan_latency"":""high"",""work_mem"":""high""}","supports_region_partitioning,supports_large_scan","{""filter_uses_distribution_key"":false,""group_by_uses_distribution_key"":false,""join_uses_distribution_key"":false,""multi_tenant_scope"":true,""order_by_uses_distribution_key"":false,""single_tenant_scope"":false,""tenant_filter_present"":false}",,balanced_williams_confirmatory,explicit_schedule,,false,0,60,false
cond-0eab0fa927515555a83f,cond-0eab0fa927515555a83f::r1,pair-824e29ca9e59f4f569185cd8,pair-824e29ca9e59f4f569185cd8::r1,q30_user_day_sum__increase_gac_work_mem__gac_fdw_dba_topk_raw__query_shape-user_day_sum__cutoff_ts-2026-06-30-00-00-00-00__limit_k-500__include_apac-True,gac_fdw_dba_topk_raw,"{""cutoff_ts"": ""2026-06-30 00:00:00+00"", ""include_apac"": true, ""limit_k"": 500, ""query_shape"": ""user_day_sum""}",master-regimes/generated/corpus/confirmatory-action-replication-v1/groups/confirmatory-action-replication-v1__topology-isolation-large-n3-v1__runtime-bundle-multi-edge__analytics_clients/queries/q30_user_day_sum__increase_gac_work_mem__gac_fdw_dba_topk_raw__query_shape-user_day_sum__cutoff_ts-2026-06-30-00-00-00-00__limit_k-500__include_apac-True.sql,"coordinator_raw_fanin,coordinator_sort_topk",confirmatory-action-replication-v1,confirmatory-action-replication-v1,batch-confirmatory-action-replication-v1,fuzzy-intervention-memory-v1,q30_user_day_sum__increase_gac_work_mem,dba_local_memory_topk,multiregion_union,gac_multi_edge,global_query,confirmatory_q30_user_day_sum,topology-isolation-large-n3-v1,dba_topk_balanced_gac_mitigated,eu_us_apac_gac,final_check,combined_pressure,local_intervention_memory,mitigated,mitigated,q30_user_day_sum__increase_gac_work_mem,gac_memory_increase,confirmatory_holdout,,,,,,,,increase_gac_work_mem,global_gac_mitigation_gain_log2,confirmatory_action_replication,"gac_finalization_heavy,remote_fetch_heavy",pilot,"{""fetch_size"":""high"",""wan_latency"":""high"",""work_mem"":""high""}","supports_region_partitioning,supports_large_scan","{""filter_uses_distribution_key"":false,""group_by_uses_distribution_key"":false,""join_uses_distribution_key"":false,""multi_tenant_scope"":true,""order_by_uses_distribution_key"":false,""single_tenant_scope"":false,""tenant_filter_present"":false}",,balanced_williams_confirmatory,explicit_schedule,,false,1,61,false
cond-40a867772492e6202aa6,cond-40a867772492e6202aa6::r1,pair-018d06377510f8a5ddfc0762,pair-018d06377510f8a5ddfc0762::r1,q30_user_day_sum__regional_topk_candidates__gac_fdw_dba_topk_regional__query_shape-user_day_sum__cutoff_ts-2026-06-30-00-00-00-00__limit_k-500__include_apac-True,gac_fdw_dba_topk_regional,"{""cutoff_ts"": ""2026-06-30 00:00:00+00"", ""include_apac"": true, ""limit_k"": 500, ""query_shape"": ""user_day_sum""}",master-regimes/generated/corpus/confirmatory-action-replication-v1/groups/confirmatory-action-replication-v1__topology-isolation-large-n3-v1__runtime-bundle-multi-edge__analytics_clients/queries/q30_user_day_sum__regional_topk_candidates__gac_fdw_dba_topk_regional__query_shape-user_day_sum__cutoff_ts-2026-06-30-00-00-00-00__limit_k-500__include_apac-True.sql,"regional_topk,coordinator_sort_topk",confirmatory-action-replication-v1,confirmatory-action-replication-v1,batch-confirmatory-action-replication-v1,fuzzy-intervention-memory-v1,q30_user_day_sum__regional_topk_candidates,dba_local_memory_topk,multiregion_union,gac_multi_edge,global_query,confirmatory_q30_user_day_sum,topology-isolation-large-n3-v1,dba_topk_balanced_stressed,eu_us_apac_gac,final_check,combined_pressure,local_intervention_memory,mitigated,mitigated,q30_user_day_sum__regional_topk_candidates,regional_topk_candidates,confirmatory_holdout,,,,,,,,regional_topk_candidates,global_gac_mitigation_gain_log2,confirmatory_action_replication,"gac_finalization_heavy,well_reduced_localized",pilot,"{""fetch_size"":""medium"",""wan_latency"":""medium"",""work_mem"":""medium""}","supports_region_partitioning,supports_large_scan","{""filter_uses_distribution_key"":false,""group_by_uses_distribution_key"":false,""join_uses_distribution_key"":false,""multi_tenant_scope"":true,""order_by_uses_distribution_key"":false,""single_tenant_scope"":false,""tenant_filter_present"":false}",,balanced_williams_confirmatory,explicit_schedule,,false,1,62,false
cond-5d0ef16459bfd07544ef,cond-5d0ef16459bfd07544ef::r1,pair-83d45a2f2e76b683cba526c2,pair-83d45a2f2e76b683cba526c2::r1,q30_user_day_sum__baseline__gac_fdw_dba_topk_raw__query_shape-user_day_sum__cutoff_ts-2026-06-30-00-00-00-00__limit_k-500__include_apac-True,gac_fdw_dba_topk_raw,"{""cutoff_ts"": ""2026-06-30 00:00:00+00"", ""include_apac"": true, ""limit_k"": 500, ""query_shape"": ""user_day_sum""}",master-regimes/generated/corpus/confirmatory-action-replication-v1/groups/confirmatory-action-replication-v1__topology-isolation-large-n3-v1__runtime-bundle-multi-edge__analytics_clients/queries/q30_user_day_sum__baseline__gac_fdw_dba_topk_raw__query_shape-user_day_sum__cutoff_ts-2026-06-30-00-00-00-00__limit_k-500__include_apac-True.sql,"coordinator_raw_fanin,coordinator_sort_topk",confirmatory-action-replication-v1,confirmatory-action-replication-v1,batch-confirmatory-action-replication-v1,fuzzy-intervention-memory-v1,q30_user_day_sum__baseline,dba_local_memory_topk,multiregion_union,gac_multi_edge,global_query,confirmatory_q30_user_day_sum,topology-isolation-large-n3-v1,dba_topk_balanced_stressed,eu_us_apac_gac,final_check,combined_pressure,local_intervention_memory,stressed,stressed,q30_user_day_sum__shared_baseline,gac_raw_topk,confirmatory_holdout,,,,,,,,,global_gac_mitigation_gain_log2,confirmatory_action_replication,"gac_finalization_heavy,remote_fetch_heavy",pilot,"{""fetch_size"":""high"",""wan_latency"":""high"",""work_mem"":""high""}","supports_region_partitioning,supports_large_scan","{""filter_uses_distribution_key"":false,""group_by_uses_distribution_key"":false,""join_uses_distribution_key"":false,""multi_tenant_scope"":true,""order_by_uses_distribution_key"":false,""single_tenant_scope"":false,""tenant_filter_present"":false}",,balanced_williams_confirmatory,explicit_schedule,,false,1,63,false
cond-efd8889f42b630a339e9,cond-efd8889f42b630a339e9::r1,pair-cc6217644d24db31e668f502,pair-cc6217644d24db31e668f502::r1,q30_user_day_sum__mitigate_remote_path_bundle__gac_fdw_dba_topk_raw__query_shape-user_day_sum__cutoff_ts-2026-06-30-00-00-00-00__limit_k-500__include_apac-True,gac_fdw_dba_topk_raw,"{""cutoff_ts"": ""2026-06-30 00:00:00+00"", ""include_apac"": true, ""limit_k"": 500, ""query_shape"": ""user_day_sum""}",master-regimes/generated/corpus/confirmatory-action-replication-v1/groups/confirmatory-action-replication-v1__topology-isolation-large-n3-v1__runtime-bundle-multi-edge__analytics_clients/queries/q30_user_day_sum__mitigate_remote_path_bundle__gac_fdw_dba_topk_raw__query_shape-user_day_sum__cutoff_ts-2026-06-30-00-00-00-00__limit_k-500__include_apac-True.sql,"coordinator_raw_fanin,coordinator_sort_topk",confirmatory-action-replication-v1,confirmatory-action-replication-v1,batch-confirmatory-action-replication-v1,fuzzy-intervention-memory-v1,q30_user_day_sum__mitigate_remote_path_bundle,dba_local_memory_topk,multiregion_union,gac_multi_edge,global_query,confirmatory_q30_user_day_sum,topology-isolation-large-n3-v1,dba_topk_balanced_remote_mitigated,eu_us_apac_gac,final_check,combined_pressure,local_intervention_memory,mitigated,mitigated,q30_user_day_sum__mitigate_remote_path_bundle,remote_transport_bundle,confirmatory_holdout,,,,,,,,mitigate_remote_path_bundle,global_gac_mitigation_gain_log2,confirmatory_action_replication,"gac_finalization_heavy,remote_fetch_heavy",pilot,"{""fetch_size"":""high"",""wan_latency"":""high"",""work_mem"":""high""}","supports_region_partitioning,supports_large_scan","{""filter_uses_distribution_key"":false,""group_by_uses_distribution_key"":false,""join_uses_distribution_key"":false,""multi_tenant_scope"":true,""order_by_uses_distribution_key"":false,""single_tenant_scope"":false,""tenant_filter_present"":false}",,balanced_williams_confirmatory,explicit_schedule,,false,1,64,false
cond-84c446660059908a1502,cond-84c446660059908a1502::r1,pair-ff3de517f1659be9713a58e4,pair-ff3de517f1659be9713a58e4::r1,q21_tenant_value_range__regional_topk_candidates__gac_fdw_dba_topk_regional__query_shape-tenant_value_range__cutoff_ts-2026-06-29-00-00-00-00__limit_k-25__include_apac-True,gac_fdw_dba_topk_regional,"{""cutoff_ts"": ""2026-06-29 00:00:00+00"", ""include_apac"": true, ""limit_k"": 25, ""query_shape"": ""tenant_value_range""}",master-regimes/generated/corpus/confirmatory-action-replication-v1/groups/confirmatory-action-replication-v1__topology-isolation-large-n3-v1__runtime-bundle-multi-edge__analytics_clients/queries/q21_tenant_value_range__regional_topk_candidates__gac_fdw_dba_topk_regional__query_shape-tenant_value_range__cutoff_ts-2026-06-29-00-00-00-00__limit_k-25__include_apac-True.sql,"regional_topk,coordinator_sort_topk",confirmatory-action-replication-v1,confirmatory-action-replication-v1,batch-confirmatory-action-replication-v1,fuzzy-intervention-memory-v1,q21_tenant_value_range__regional_topk_candidates,dba_local_memory_topk,multiregion_union,gac_multi_edge,global_query,confirmatory_q21_tenant_value_range,topology-isolation-large-n3-v1,dba_topk_balanced_stressed,eu_us_apac_gac,final_check,combined_pressure,local_intervention_memory,mitigated,mitigated,q21_tenant_value_range__regional_topk_candidates,regional_topk_candidates,confirmatory_holdout,,,,,,,,regional_topk_candidates,global_gac_mitigation_gain_log2,confirmatory_action_replication,"gac_finalization_heavy,well_reduced_localized",pilot,"{""fetch_size"":""medium"",""wan_latency"":""medium"",""work_mem"":""medium""}","supports_region_partitioning,supports_large_scan","{""filter_uses_distribution_key"":false,""group_by_uses_distribution_key"":false,""join_uses_distribution_key"":false,""multi_tenant_scope"":true,""order_by_uses_distribution_key"":false,""single_tenant_scope"":false,""tenant_filter_present"":false}",,balanced_williams_confirmatory,explicit_schedule,,false,1,65,false
cond-45e1b3b75d664c5f6426,cond-45e1b3b75d664c5f6426::r1,pair-6aeb339e9e03cf7f162aaa8a,pair-6aeb339e9e03cf7f162aaa8a::r1,q21_tenant_value_range__mitigate_remote_path_bundle__gac_fdw_dba_topk_raw__query_shape-tenant_value_range__cutoff_ts-2026-06-29-00-00-00-00__limit_k-25__include_apac-True,gac_fdw_dba_topk_raw,"{""cutoff_ts"": ""2026-06-29 00:00:00+00"", ""include_apac"": true, ""limit_k"": 25, ""query_shape"": ""tenant_value_range""}",master-regimes/generated/corpus/confirmatory-action-replication-v1/groups/confirmatory-action-replication-v1__topology-isolation-large-n3-v1__runtime-bundle-multi-edge__analytics_clients/queries/q21_tenant_value_range__mitigate_remote_path_bundle__gac_fdw_dba_topk_raw__query_shape-tenant_value_range__cutoff_ts-2026-06-29-00-00-00-00__limit_k-25__include_apac-True.sql,"coordinator_raw_fanin,coordinator_sort_topk",confirmatory-action-replication-v1,confirmatory-action-replication-v1,batch-confirmatory-action-replication-v1,fuzzy-intervention-memory-v1,q21_tenant_value_range__mitigate_remote_path_bundle,dba_local_memory_topk,multiregion_union,gac_multi_edge,global_query,confirmatory_q21_tenant_value_range,topology-isolation-large-n3-v1,dba_topk_balanced_remote_mitigated,eu_us_apac_gac,final_check,combined_pressure,local_intervention_memory,mitigated,mitigated,q21_tenant_value_range__mitigate_remote_path_bundle,remote_transport_bundle,confirmatory_holdout,,,,,,,,mitigate_remote_path_bundle,global_gac_mitigation_gain_log2,confirmatory_action_replication,"gac_finalization_heavy,remote_fetch_heavy",pilot,"{""fetch_size"":""high"",""wan_latency"":""high"",""work_mem"":""high""}","supports_region_partitioning,supports_large_scan","{""filter_uses_distribution_key"":false,""group_by_uses_distribution_key"":false,""join_uses_distribution_key"":false,""multi_tenant_scope"":true,""order_by_uses_distribution_key"":false,""single_tenant_scope"":false,""tenant_filter_present"":false}",,balanced_williams_confirmatory,explicit_schedule,,false,1,66,false
cond-15e89c93076e5554776a,cond-15e89c93076e5554776a::r1,pair-071f913e036d71f534b5eab2,pair-071f913e036d71f534b5eab2::r1,q21_tenant_value_range__increase_gac_work_mem__gac_fdw_dba_topk_raw__query_shape-tenant_value_range__cutoff_ts-2026-06-29-00-00-00-00__limit_k-25__include_apac-True,gac_fdw_dba_topk_raw,"{""cutoff_ts"": ""2026-06-29 00:00:00+00"", ""include_apac"": true, ""limit_k"": 25, ""query_shape"": ""tenant_value_range""}",master-regimes/generated/corpus/confirmatory-action-replication-v1/groups/confirmatory-action-replication-v1__topology-isolation-large-n3-v1__runtime-bundle-multi-edge__analytics_clients/queries/q21_tenant_value_range__increase_gac_work_mem__gac_fdw_dba_topk_raw__query_shape-tenant_value_range__cutoff_ts-2026-06-29-00-00-00-00__limit_k-25__include_apac-True.sql,"coordinator_raw_fanin,coordinator_sort_topk",confirmatory-action-replication-v1,confirmatory-action-replication-v1,batch-confirmatory-action-replication-v1,fuzzy-intervention-memory-v1,q21_tenant_value_range__increase_gac_work_mem,dba_local_memory_topk,multiregion_union,gac_multi_edge,global_query,confirmatory_q21_tenant_value_range,topology-isolation-large-n3-v1,dba_topk_balanced_gac_mitigated,eu_us_apac_gac,final_check,combined_pressure,local_intervention_memory,mitigated,mitigated,q21_tenant_value_range__increase_gac_work_mem,gac_memory_increase,confirmatory_holdout,,,,,,,,increase_gac_work_mem,global_gac_mitigation_gain_log2,confirmatory_action_replication,"gac_finalization_heavy,remote_fetch_heavy",pilot,"{""fetch_size"":""high"",""wan_latency"":""high"",""work_mem"":""high""}","supports_region_partitioning,supports_large_scan","{""filter_uses_distribution_key"":false,""group_by_uses_distribution_key"":false,""join_uses_distribution_key"":false,""multi_tenant_scope"":true,""order_by_uses_distribution_key"":false,""single_tenant_scope"":false,""tenant_filter_present"":false}",,balanced_williams_confirmatory,explicit_schedule,,false,1,67,false
cond-ff41e225c9daa4852d73,cond-ff41e225c9daa4852d73::r1,pair-5e510e3b1a7c2ae9c5cf4ff4,pair-5e510e3b1a7c2ae9c5cf4ff4::r1,q21_tenant_value_range__baseline__gac_fdw_dba_topk_raw__query_shape-tenant_value_range__cutoff_ts-2026-06-29-00-00-00-00__limit_k-25__include_apac-True,gac_fdw_dba_topk_raw,"{""cutoff_ts"": ""2026-06-29 00:00:00+00"", ""include_apac"": true, ""limit_k"": 25, ""query_shape"": ""tenant_value_range""}",master-regimes/generated/corpus/confirmatory-action-replication-v1/groups/confirmatory-action-replication-v1__topology-isolation-large-n3-v1__runtime-bundle-multi-edge__analytics_clients/queries/q21_tenant_value_range__baseline__gac_fdw_dba_topk_raw__query_shape-tenant_value_range__cutoff_ts-2026-06-29-00-00-00-00__limit_k-25__include_apac-True.sql,"coordinator_raw_fanin,coordinator_sort_topk",confirmatory-action-replication-v1,confirmatory-action-replication-v1,batch-confirmatory-action-replication-v1,fuzzy-intervention-memory-v1,q21_tenant_value_range__baseline,dba_local_memory_topk,multiregion_union,gac_multi_edge,global_query,confirmatory_q21_tenant_value_range,topology-isolation-large-n3-v1,dba_topk_balanced_stressed,eu_us_apac_gac,final_check,combined_pressure,local_intervention_memory,stressed,stressed,q21_tenant_value_range__shared_baseline,gac_raw_topk,confirmatory_holdout,,,,,,,,,global_gac_mitigation_gain_log2,confirmatory_action_replication,"gac_finalization_heavy,remote_fetch_heavy",pilot,"{""fetch_size"":""high"",""wan_latency"":""high"",""work_mem"":""high""}","supports_region_partitioning,supports_large_scan","{""filter_uses_distribution_key"":false,""group_by_uses_distribution_key"":false,""join_uses_distribution_key"":false,""multi_tenant_scope"":true,""order_by_uses_distribution_key"":false,""single_tenant_scope"":false,""tenant_filter_present"":false}",,balanced_williams_confirmatory,explicit_schedule,,false,1,68,false
cond-0c42c10f372ba8c3c4ed,cond-0c42c10f372ba8c3c4ed::r1,pair-7e66c7ea525d8b50297d3362,pair-7e66c7ea525d8b50297d3362::r1,q18_event_recent_high_value__mitigate_remote_path_bundle__gac_fdw_dba_topk_raw__query_shape-event_recent_high_value__cutoff_ts-2026-06-27-00-00-00-00__limit_k-100__include_apac-True,gac_fdw_dba_topk_raw,"{""cutoff_ts"": ""2026-06-27 00:00:00+00"", ""include_apac"": true, ""limit_k"": 100, ""query_shape"": ""event_recent_high_value""}",master-regimes/generated/corpus/confirmatory-action-replication-v1/groups/confirmatory-action-replication-v1__topology-isolation-large-n3-v1__runtime-bundle-multi-edge__analytics_clients/queries/q18_event_recent_high_value__mitigate_remote_path_bundle__gac_fdw_dba_topk_raw__query_shape-event_recent_high_value__cutoff_ts-2026-06-27-00-00-00-00__limit_k-100__include_apac-True.sql,"coordinator_raw_fanin,coordinator_sort_topk",confirmatory-action-replication-v1,confirmatory-action-replication-v1,batch-confirmatory-action-replication-v1,fuzzy-intervention-memory-v1,q18_event_recent_high_value__mitigate_remote_path_bundle,dba_local_memory_topk,multiregion_union,gac_multi_edge,global_query,confirmatory_q18_event_recent_high_value,topology-isolation-large-n3-v1,dba_topk_balanced_remote_mitigated,eu_us_apac_gac,final_check,combined_pressure,local_intervention_memory,mitigated,mitigated,q18_event_recent_high_value__mitigate_remote_path_bundle,remote_transport_bundle,confirmatory_holdout,,,,,,,,mitigate_remote_path_bundle,global_gac_mitigation_gain_log2,confirmatory_action_replication,"gac_finalization_heavy,remote_fetch_heavy",pilot,"{""fetch_size"":""high"",""wan_latency"":""high"",""work_mem"":""high""}","supports_region_partitioning,supports_large_scan","{""filter_uses_distribution_key"":false,""group_by_uses_distribution_key"":false,""join_uses_distribution_key"":false,""multi_tenant_scope"":true,""order_by_uses_distribution_key"":false,""single_tenant_scope"":false,""tenant_filter_present"":false}",,balanced_williams_confirmatory,explicit_schedule,,false,1,69,false
cond-38a3f871fc3298a9853c,cond-38a3f871fc3298a9853c::r1,pair-ab65e63da9e807e82f18297f,pair-ab65e63da9e807e82f18297f::r1,q18_event_recent_high_value__baseline__gac_fdw_dba_topk_raw__query_shape-event_recent_high_value__cutoff_ts-2026-06-27-00-00-00-00__limit_k-100__include_apac-True,gac_fdw_dba_topk_raw,"{""cutoff_ts"": ""2026-06-27 00:00:00+00"", ""include_apac"": true, ""limit_k"": 100, ""query_shape"": ""event_recent_high_value""}",master-regimes/generated/corpus/confirmatory-action-replication-v1/groups/confirmatory-action-replication-v1__topology-isolation-large-n3-v1__runtime-bundle-multi-edge__analytics_clients/queries/q18_event_recent_high_value__baseline__gac_fdw_dba_topk_raw__query_shape-event_recent_high_value__cutoff_ts-2026-06-27-00-00-00-00__limit_k-100__include_apac-True.sql,"coordinator_raw_fanin,coordinator_sort_topk",confirmatory-action-replication-v1,confirmatory-action-replication-v1,batch-confirmatory-action-replication-v1,fuzzy-intervention-memory-v1,q18_event_recent_high_value__baseline,dba_local_memory_topk,multiregion_union,gac_multi_edge,global_query,confirmatory_q18_event_recent_high_value,topology-isolation-large-n3-v1,dba_topk_balanced_stressed,eu_us_apac_gac,final_check,combined_pressure,local_intervention_memory,stressed,stressed,q18_event_recent_high_value__shared_baseline,gac_raw_topk,confirmatory_holdout,,,,,,,,,global_gac_mitigation_gain_log2,confirmatory_action_replication,"gac_finalization_heavy,remote_fetch_heavy",pilot,"{""fetch_size"":""high"",""wan_latency"":""high"",""work_mem"":""high""}","supports_region_partitioning,supports_large_scan","{""filter_uses_distribution_key"":false,""group_by_uses_distribution_key"":false,""join_uses_distribution_key"":false,""multi_tenant_scope"":true,""order_by_uses_distribution_key"":false,""single_tenant_scope"":false,""tenant_filter_present"":false}",,balanced_williams_confirmatory,explicit_schedule,,false,1,70,false
cond-4d8790fa36869b64198e,cond-4d8790fa36869b64198e::r1,pair-a58e81873b8264863f339f00,pair-a58e81873b8264863f339f00::r1,q18_event_recent_high_value__regional_topk_candidates__gac_fdw_dba_topk_regional__query_shape-event_recent_high_value__cutoff_ts-2026-06-27-00-00-00-00__limit_k-100__include_apac-True,gac_fdw_dba_topk_regional,"{""cutoff_ts"": ""2026-06-27 00:00:00+00"", ""include_apac"": true, ""limit_k"": 100, ""query_shape"": ""event_recent_high_value""}",master-regimes/generated/corpus/confirmatory-action-replication-v1/groups/confirmatory-action-replication-v1__topology-isolation-large-n3-v1__runtime-bundle-multi-edge__analytics_clients/queries/q18_event_recent_high_value__regional_topk_candidates__gac_fdw_dba_topk_regional__query_shape-event_recent_high_value__cutoff_ts-2026-06-27-00-00-00-00__limit_k-100__include_apac-True.sql,"regional_topk,coordinator_sort_topk",confirmatory-action-replication-v1,confirmatory-action-replication-v1,batch-confirmatory-action-replication-v1,fuzzy-intervention-memory-v1,q18_event_recent_high_value__regional_topk_candidates,dba_local_memory_topk,multiregion_union,gac_multi_edge,global_query,confirmatory_q18_event_recent_high_value,topology-isolation-large-n3-v1,dba_topk_balanced_stressed,eu_us_apac_gac,final_check,combined_pressure,local_intervention_memory,mitigated,mitigated,q18_event_recent_high_value__regional_topk_candidates,regional_topk_candidates,confirmatory_holdout,,,,,,,,regional_topk_candidates,global_gac_mitigation_gain_log2,confirmatory_action_replication,"gac_finalization_heavy,well_reduced_localized",pilot,"{""fetch_size"":""medium"",""wan_latency"":""medium"",""work_mem"":""medium""}","supports_region_partitioning,supports_large_scan","{""filter_uses_distribution_key"":false,""group_by_uses_distribution_key"":false,""join_uses_distribution_key"":false,""multi_tenant_scope"":true,""order_by_uses_distribution_key"":false,""single_tenant_scope"":false,""tenant_filter_present"":false}",,balanced_williams_confirmatory,explicit_schedule,,false,1,71,false
cond-c10c256b51a09fd89b2c,cond-c10c256b51a09fd89b2c::r1,pair-6123cf1bee094e59e21912e1,pair-6123cf1bee094e59e21912e1::r1,q18_event_recent_high_value__increase_gac_work_mem__gac_fdw_dba_topk_raw__query_shape-event_recent_high_value__cutoff_ts-2026-06-27-00-00-00-00__limit_k-100__include_apac-True,gac_fdw_dba_topk_raw,"{""cutoff_ts"": ""2026-06-27 00:00:00+00"", ""include_apac"": true, ""limit_k"": 100, ""query_shape"": ""event_recent_high_value""}",master-regimes/generated/corpus/confirmatory-action-replication-v1/groups/confirmatory-action-replication-v1__topology-isolation-large-n3-v1__runtime-bundle-multi-edge__analytics_clients/queries/q18_event_recent_high_value__increase_gac_work_mem__gac_fdw_dba_topk_raw__query_shape-event_recent_high_value__cutoff_ts-2026-06-27-00-00-00-00__limit_k-100__include_apac-True.sql,"coordinator_raw_fanin,coordinator_sort_topk",confirmatory-action-replication-v1,confirmatory-action-replication-v1,batch-confirmatory-action-replication-v1,fuzzy-intervention-memory-v1,q18_event_recent_high_value__increase_gac_work_mem,dba_local_memory_topk,multiregion_union,gac_multi_edge,global_query,confirmatory_q18_event_recent_high_value,topology-isolation-large-n3-v1,dba_topk_balanced_gac_mitigated,eu_us_apac_gac,final_check,combined_pressure,local_intervention_memory,mitigated,mitigated,q18_event_recent_high_value__increase_gac_work_mem,gac_memory_increase,confirmatory_holdout,,,,,,,,increase_gac_work_mem,global_gac_mitigation_gain_log2,confirmatory_action_replication,"gac_finalization_heavy,remote_fetch_heavy",pilot,"{""fetch_size"":""high"",""wan_latency"":""high"",""work_mem"":""high""}","supports_region_partitioning,supports_large_scan","{""filter_uses_distribution_key"":false,""group_by_uses_distribution_key"":false,""join_uses_distribution_key"":false,""multi_tenant_scope"":true,""order_by_uses_distribution_key"":false,""single_tenant_scope"":false,""tenant_filter_present"":false}",,balanced_williams_confirmatory,explicit_schedule,,false,1,72,false
cond-5926239db67afb9d46cb,cond-5926239db67afb9d46cb::r1,pair-d76afafbb498655d732c241a,pair-d76afafbb498655d732c241a::r1,q20_event_tenant_weighted__baseline__gac_fdw_dba_topk_raw__query_shape-event_tenant_weighted__cutoff_ts-2026-06-30-00-00-00-00__limit_k-500__include_apac-True,gac_fdw_dba_topk_raw,"{""cutoff_ts"": ""2026-06-30 00:00:00+00"", ""include_apac"": true, ""limit_k"": 500, ""query_shape"": ""event_tenant_weighted""}",master-regimes/generated/corpus/confirmatory-action-replication-v1/groups/confirmatory-action-replication-v1__topology-isolation-large-n3-v1__runtime-bundle-multi-edge__analytics_clients/queries/q20_event_tenant_weighted__baseline__gac_fdw_dba_topk_raw__query_shape-event_tenant_weighted__cutoff_ts-2026-06-30-00-00-00-00__limit_k-500__include_apac-True.sql,"coordinator_raw_fanin,coordinator_sort_topk",confirmatory-action-replication-v1,confirmatory-action-replication-v1,batch-confirmatory-action-replication-v1,fuzzy-intervention-memory-v1,q20_event_tenant_weighted__baseline,dba_local_memory_topk,multiregion_union,gac_multi_edge,global_query,confirmatory_q20_event_tenant_weighted,topology-isolation-large-n3-v1,dba_topk_balanced_stressed,eu_us_apac_gac,final_check,combined_pressure,local_intervention_memory,stressed,stressed,q20_event_tenant_weighted__shared_baseline,gac_raw_topk,confirmatory_holdout,,,,,,,,,global_gac_mitigation_gain_log2,confirmatory_action_replication,"gac_finalization_heavy,remote_fetch_heavy",pilot,"{""fetch_size"":""high"",""wan_latency"":""high"",""work_mem"":""high""}","supports_region_partitioning,supports_large_scan","{""filter_uses_distribution_key"":false,""group_by_uses_distribution_key"":false,""join_uses_distribution_key"":false,""multi_tenant_scope"":true,""order_by_uses_distribution_key"":false,""single_tenant_scope"":false,""tenant_filter_present"":false}",,balanced_williams_confirmatory,explicit_schedule,,false,1,73,false
cond-b30a7fc475b723e301be,cond-b30a7fc475b723e301be::r1,pair-36424e6eeabbe6a53f810b32,pair-36424e6eeabbe6a53f810b32::r1,q20_event_tenant_weighted__increase_gac_work_mem__gac_fdw_dba_topk_raw__query_shape-event_tenant_weighted__cutoff_ts-2026-06-30-00-00-00-00__limit_k-500__include_apac-True,gac_fdw_dba_topk_raw,"{""cutoff_ts"": ""2026-06-30 00:00:00+00"", ""include_apac"": true, ""limit_k"": 500, ""query_shape"": ""event_tenant_weighted""}",master-regimes/generated/corpus/confirmatory-action-replication-v1/groups/confirmatory-action-replication-v1__topology-isolation-large-n3-v1__runtime-bundle-multi-edge__analytics_clients/queries/q20_event_tenant_weighted__increase_gac_work_mem__gac_fdw_dba_topk_raw__query_shape-event_tenant_weighted__cutoff_ts-2026-06-30-00-00-00-00__limit_k-500__include_apac-True.sql,"coordinator_raw_fanin,coordinator_sort_topk",confirmatory-action-replication-v1,confirmatory-action-replication-v1,batch-confirmatory-action-replication-v1,fuzzy-intervention-memory-v1,q20_event_tenant_weighted__increase_gac_work_mem,dba_local_memory_topk,multiregion_union,gac_multi_edge,global_query,confirmatory_q20_event_tenant_weighted,topology-isolation-large-n3-v1,dba_topk_balanced_gac_mitigated,eu_us_apac_gac,final_check,combined_pressure,local_intervention_memory,mitigated,mitigated,q20_event_tenant_weighted__increase_gac_work_mem,gac_memory_increase,confirmatory_holdout,,,,,,,,increase_gac_work_mem,global_gac_mitigation_gain_log2,confirmatory_action_replication,"gac_finalization_heavy,remote_fetch_heavy",pilot,"{""fetch_size"":""high"",""wan_latency"":""high"",""work_mem"":""high""}","supports_region_partitioning,supports_large_scan","{""filter_uses_distribution_key"":false,""group_by_uses_distribution_key"":false,""join_uses_distribution_key"":false,""multi_tenant_scope"":true,""order_by_uses_distribution_key"":false,""single_tenant_scope"":false,""tenant_filter_present"":false}",,balanced_williams_confirmatory,explicit_schedule,,false,1,74,false
cond-9283a7e79baf0172c0a6,cond-9283a7e79baf0172c0a6::r1,pair-970812b299b3599cdb567a31,pair-970812b299b3599cdb567a31::r1,q20_event_tenant_weighted__mitigate_remote_path_bundle__gac_fdw_dba_topk_raw__query_shape-event_tenant_weighted__cutoff_ts-2026-06-30-00-00-00-00__limit_k-500__include_apac-True,gac_fdw_dba_topk_raw,"{""cutoff_ts"": ""2026-06-30 00:00:00+00"", ""include_apac"": true, ""limit_k"": 500, ""query_shape"": ""event_tenant_weighted""}",master-regimes/generated/corpus/confirmatory-action-replication-v1/groups/confirmatory-action-replication-v1__topology-isolation-large-n3-v1__runtime-bundle-multi-edge__analytics_clients/queries/q20_event_tenant_weighted__mitigate_remote_path_bundle__gac_fdw_dba_topk_raw__query_shape-event_tenant_weighted__cutoff_ts-2026-06-30-00-00-00-00__limit_k-500__include_apac-True.sql,"coordinator_raw_fanin,coordinator_sort_topk",confirmatory-action-replication-v1,confirmatory-action-replication-v1,batch-confirmatory-action-replication-v1,fuzzy-intervention-memory-v1,q20_event_tenant_weighted__mitigate_remote_path_bundle,dba_local_memory_topk,multiregion_union,gac_multi_edge,global_query,confirmatory_q20_event_tenant_weighted,topology-isolation-large-n3-v1,dba_topk_balanced_remote_mitigated,eu_us_apac_gac,final_check,combined_pressure,local_intervention_memory,mitigated,mitigated,q20_event_tenant_weighted__mitigate_remote_path_bundle,remote_transport_bundle,confirmatory_holdout,,,,,,,,mitigate_remote_path_bundle,global_gac_mitigation_gain_log2,confirmatory_action_replication,"gac_finalization_heavy,remote_fetch_heavy",pilot,"{""fetch_size"":""high"",""wan_latency"":""high"",""work_mem"":""high""}","supports_region_partitioning,supports_large_scan","{""filter_uses_distribution_key"":false,""group_by_uses_distribution_key"":false,""join_uses_distribution_key"":false,""multi_tenant_scope"":true,""order_by_uses_distribution_key"":false,""single_tenant_scope"":false,""tenant_filter_present"":false}",,balanced_williams_confirmatory,explicit_schedule,,false,1,75,false
cond-7ae32f0997ca20ccfaf7,cond-7ae32f0997ca20ccfaf7::r1,pair-f44d65b3530b64496926c04a,pair-f44d65b3530b64496926c04a::r1,q20_event_tenant_weighted__regional_topk_candidates__gac_fdw_dba_topk_regional__query_shape-event_tenant_weighted__cutoff_ts-2026-06-30-00-00-00-00__limit_k-500__include_apac-True,gac_fdw_dba_topk_regional,"{""cutoff_ts"": ""2026-06-30 00:00:00+00"", ""include_apac"": true, ""limit_k"": 500, ""query_shape"": ""event_tenant_weighted""}",master-regimes/generated/corpus/confirmatory-action-replication-v1/groups/confirmatory-action-replication-v1__topology-isolation-large-n3-v1__runtime-bundle-multi-edge__analytics_clients/queries/q20_event_tenant_weighted__regional_topk_candidates__gac_fdw_dba_topk_regional__query_shape-event_tenant_weighted__cutoff_ts-2026-06-30-00-00-00-00__limit_k-500__include_apac-True.sql,"regional_topk,coordinator_sort_topk",confirmatory-action-replication-v1,confirmatory-action-replication-v1,batch-confirmatory-action-replication-v1,fuzzy-intervention-memory-v1,q20_event_tenant_weighted__regional_topk_candidates,dba_local_memory_topk,multiregion_union,gac_multi_edge,global_query,confirmatory_q20_event_tenant_weighted,topology-isolation-large-n3-v1,dba_topk_balanced_stressed,eu_us_apac_gac,final_check,combined_pressure,local_intervention_memory,mitigated,mitigated,q20_event_tenant_weighted__regional_topk_candidates,regional_topk_candidates,confirmatory_holdout,,,,,,,,regional_topk_candidates,global_gac_mitigation_gain_log2,confirmatory_action_replication,"gac_finalization_heavy,well_reduced_localized",pilot,"{""fetch_size"":""medium"",""wan_latency"":""medium"",""work_mem"":""medium""}","supports_region_partitioning,supports_large_scan","{""filter_uses_distribution_key"":false,""group_by_uses_distribution_key"":false,""join_uses_distribution_key"":false,""multi_tenant_scope"":true,""order_by_uses_distribution_key"":false,""single_tenant_scope"":false,""tenant_filter_present"":false}",,balanced_williams_confirmatory,explicit_schedule,,false,1,76,false
cond-ba292ebb6b89446b3946,cond-ba292ebb6b89446b3946::r1,pair-d803ed710fef833d4ee4e912,pair-d803ed710fef833d4ee4e912::r1,q29_user_value_range__increase_gac_work_mem__gac_fdw_dba_topk_raw__query_shape-user_value_range__cutoff_ts-2026-06-24-00-00-00-00__limit_k-250__include_apac-True,gac_fdw_dba_topk_raw,"{""cutoff_ts"": ""2026-06-24 00:00:00+00"", ""include_apac"": true, ""limit_k"": 250, ""query_shape"": ""user_value_range""}",master-regimes/generated/corpus/confirmatory-action-replication-v1/groups/confirmatory-action-replication-v1__topology-isolation-large-n3-v1__runtime-bundle-multi-edge__analytics_clients/queries/q29_user_value_range__increase_gac_work_mem__gac_fdw_dba_topk_raw__query_shape-user_value_range__cutoff_ts-2026-06-24-00-00-00-00__limit_k-250__include_apac-True.sql,"coordinator_raw_fanin,coordinator_sort_topk",confirmatory-action-replication-v1,confirmatory-action-replication-v1,batch-confirmatory-action-replication-v1,fuzzy-intervention-memory-v1,q29_user_value_range__increase_gac_work_mem,dba_local_memory_topk,multiregion_union,gac_multi_edge,global_query,confirmatory_q29_user_value_range,topology-isolation-large-n3-v1,dba_topk_balanced_gac_mitigated,eu_us_apac_gac,final_check,combined_pressure,local_intervention_memory,mitigated,mitigated,q29_user_value_range__increase_gac_work_mem,gac_memory_increase,confirmatory_holdout,,,,,,,,increase_gac_work_mem,global_gac_mitigation_gain_log2,confirmatory_action_replication,"gac_finalization_heavy,remote_fetch_heavy",pilot,"{""fetch_size"":""high"",""wan_latency"":""high"",""work_mem"":""high""}","supports_region_partitioning,supports_large_scan","{""filter_uses_distribution_key"":false,""group_by_uses_distribution_key"":false,""join_uses_distribution_key"":false,""multi_tenant_scope"":true,""order_by_uses_distribution_key"":false,""single_tenant_scope"":false,""tenant_filter_present"":false}",,balanced_williams_confirmatory,explicit_schedule,,false,1,77,false
cond-1671ed2fbc5b758ad44e,cond-1671ed2fbc5b758ad44e::r1,pair-30f364f40ee066e237b2fe99,pair-30f364f40ee066e237b2fe99::r1,q29_user_value_range__regional_topk_candidates__gac_fdw_dba_topk_regional__query_shape-user_value_range__cutoff_ts-2026-06-24-00-00-00-00__limit_k-250__include_apac-True,gac_fdw_dba_topk_regional,"{""cutoff_ts"": ""2026-06-24 00:00:00+00"", ""include_apac"": true, ""limit_k"": 250, ""query_shape"": ""user_value_range""}",master-regimes/generated/corpus/confirmatory-action-replication-v1/groups/confirmatory-action-replication-v1__topology-isolation-large-n3-v1__runtime-bundle-multi-edge__analytics_clients/queries/q29_user_value_range__regional_topk_candidates__gac_fdw_dba_topk_regional__query_shape-user_value_range__cutoff_ts-2026-06-24-00-00-00-00__limit_k-250__include_apac-True.sql,"regional_topk,coordinator_sort_topk",confirmatory-action-replication-v1,confirmatory-action-replication-v1,batch-confirmatory-action-replication-v1,fuzzy-intervention-memory-v1,q29_user_value_range__regional_topk_candidates,dba_local_memory_topk,multiregion_union,gac_multi_edge,global_query,confirmatory_q29_user_value_range,topology-isolation-large-n3-v1,dba_topk_balanced_stressed,eu_us_apac_gac,final_check,combined_pressure,local_intervention_memory,mitigated,mitigated,q29_user_value_range__regional_topk_candidates,regional_topk_candidates,confirmatory_holdout,,,,,,,,regional_topk_candidates,global_gac_mitigation_gain_log2,confirmatory_action_replication,"gac_finalization_heavy,well_reduced_localized",pilot,"{""fetch_size"":""medium"",""wan_latency"":""medium"",""work_mem"":""medium""}","supports_region_partitioning,supports_large_scan","{""filter_uses_distribution_key"":false,""group_by_uses_distribution_key"":false,""join_uses_distribution_key"":false,""multi_tenant_scope"":true,""order_by_uses_distribution_key"":false,""single_tenant_scope"":false,""tenant_filter_present"":false}",,balanced_williams_confirmatory,explicit_schedule,,false,1,78,false
cond-907a996d966df8d95123,cond-907a996d966df8d95123::r1,pair-ebf19f065bf550b760847662,pair-ebf19f065bf550b760847662::r1,q29_user_value_range__baseline__gac_fdw_dba_topk_raw__query_shape-user_value_range__cutoff_ts-2026-06-24-00-00-00-00__limit_k-250__include_apac-True,gac_fdw_dba_topk_raw,"{""cutoff_ts"": ""2026-06-24 00:00:00+00"", ""include_apac"": true, ""limit_k"": 250, ""query_shape"": ""user_value_range""}",master-regimes/generated/corpus/confirmatory-action-replication-v1/groups/confirmatory-action-replication-v1__topology-isolation-large-n3-v1__runtime-bundle-multi-edge__analytics_clients/queries/q29_user_value_range__baseline__gac_fdw_dba_topk_raw__query_shape-user_value_range__cutoff_ts-2026-06-24-00-00-00-00__limit_k-250__include_apac-True.sql,"coordinator_raw_fanin,coordinator_sort_topk",confirmatory-action-replication-v1,confirmatory-action-replication-v1,batch-confirmatory-action-replication-v1,fuzzy-intervention-memory-v1,q29_user_value_range__baseline,dba_local_memory_topk,multiregion_union,gac_multi_edge,global_query,confirmatory_q29_user_value_range,topology-isolation-large-n3-v1,dba_topk_balanced_stressed,eu_us_apac_gac,final_check,combined_pressure,local_intervention_memory,stressed,stressed,q29_user_value_range__shared_baseline,gac_raw_topk,confirmatory_holdout,,,,,,,,,global_gac_mitigation_gain_log2,confirmatory_action_replication,"gac_finalization_heavy,remote_fetch_heavy",pilot,"{""fetch_size"":""high"",""wan_latency"":""high"",""work_mem"":""high""}","supports_region_partitioning,supports_large_scan","{""filter_uses_distribution_key"":false,""group_by_uses_distribution_key"":false,""join_uses_distribution_key"":false,""multi_tenant_scope"":true,""order_by_uses_distribution_key"":false,""single_tenant_scope"":false,""tenant_filter_present"":false}",,balanced_williams_confirmatory,explicit_schedule,,false,1,79,false
cond-f45b8496a90049d0b97d,cond-f45b8496a90049d0b97d::r1,pair-321448c9b9fa37f205517ab2,pair-321448c9b9fa37f205517ab2::r1,q29_user_value_range__mitigate_remote_path_bundle__gac_fdw_dba_topk_raw__query_shape-user_value_range__cutoff_ts-2026-06-24-00-00-00-00__limit_k-250__include_apac-True,gac_fdw_dba_topk_raw,"{""cutoff_ts"": ""2026-06-24 00:00:00+00"", ""include_apac"": true, ""limit_k"": 250, ""query_shape"": ""user_value_range""}",master-regimes/generated/corpus/confirmatory-action-replication-v1/groups/confirmatory-action-replication-v1__topology-isolation-large-n3-v1__runtime-bundle-multi-edge__analytics_clients/queries/q29_user_value_range__mitigate_remote_path_bundle__gac_fdw_dba_topk_raw__query_shape-user_value_range__cutoff_ts-2026-06-24-00-00-00-00__limit_k-250__include_apac-True.sql,"coordinator_raw_fanin,coordinator_sort_topk",confirmatory-action-replication-v1,confirmatory-action-replication-v1,batch-confirmatory-action-replication-v1,fuzzy-intervention-memory-v1,q29_user_value_range__mitigate_remote_path_bundle,dba_local_memory_topk,multiregion_union,gac_multi_edge,global_query,confirmatory_q29_user_value_range,topology-isolation-large-n3-v1,dba_topk_balanced_remote_mitigated,eu_us_apac_gac,final_check,combined_pressure,local_intervention_memory,mitigated,mitigated,q29_user_value_range__mitigate_remote_path_bundle,remote_transport_bundle,confirmatory_holdout,,,,,,,,mitigate_remote_path_bundle,global_gac_mitigation_gain_log2,confirmatory_action_replication,"gac_finalization_heavy,remote_fetch_heavy",pilot,"{""fetch_size"":""high"",""wan_latency"":""high"",""work_mem"":""high""}","supports_region_partitioning,supports_large_scan","{""filter_uses_distribution_key"":false,""group_by_uses_distribution_key"":false,""join_uses_distribution_key"":false,""multi_tenant_scope"":true,""order_by_uses_distribution_key"":false,""single_tenant_scope"":false,""tenant_filter_present"":false}",,balanced_williams_confirmatory,explicit_schedule,,false,1,80,false
cond-e050755e4235df8d3cf3,cond-e050755e4235df8d3cf3::r1,pair-f09711856c72c908c3b64914,pair-f09711856c72c908c3b64914::r1,q16_event_value_squared__regional_topk_candidates__gac_fdw_dba_topk_regional__query_shape-event_value_squared__cutoff_ts-2026-06-30-00-00-00-00__limit_k-25__include_apac-True,gac_fdw_dba_topk_regional,"{""cutoff_ts"": ""2026-06-30 00:00:00+00"", ""include_apac"": true, ""limit_k"": 25, ""query_shape"": ""event_value_squared""}",master-regimes/generated/corpus/confirmatory-action-replication-v1/groups/confirmatory-action-replication-v1__topology-isolation-large-n3-v1__runtime-bundle-multi-edge__analytics_clients/queries/q16_event_value_squared__regional_topk_candidates__gac_fdw_dba_topk_regional__query_shape-event_value_squared__cutoff_ts-2026-06-30-00-00-00-00__limit_k-25__include_apac-True.sql,"regional_topk,coordinator_sort_topk",confirmatory-action-replication-v1,confirmatory-action-replication-v1,batch-confirmatory-action-replication-v1,fuzzy-intervention-memory-v1,q16_event_value_squared__regional_topk_candidates,dba_local_memory_topk,multiregion_union,gac_multi_edge,global_query,confirmatory_q16_event_value_squared,topology-isolation-large-n3-v1,dba_topk_balanced_stressed,eu_us_apac_gac,final_check,combined_pressure,local_intervention_memory,mitigated,mitigated,q16_event_value_squared__regional_topk_candidates,regional_topk_candidates,confirmatory_holdout,,,,,,,,regional_topk_candidates,global_gac_mitigation_gain_log2,confirmatory_action_replication,"gac_finalization_heavy,well_reduced_localized",pilot,"{""fetch_size"":""medium"",""wan_latency"":""medium"",""work_mem"":""medium""}","supports_region_partitioning,supports_large_scan","{""filter_uses_distribution_key"":false,""group_by_uses_distribution_key"":false,""join_uses_distribution_key"":false,""multi_tenant_scope"":true,""order_by_uses_distribution_key"":false,""single_tenant_scope"":false,""tenant_filter_present"":false}",,balanced_williams_confirmatory,explicit_schedule,,false,1,81,false
cond-2546bf7240c2df6d63a8,cond-2546bf7240c2df6d63a8::r1,pair-41223489542837b713b42fed,pair-41223489542837b713b42fed::r1,q16_event_value_squared__mitigate_remote_path_bundle__gac_fdw_dba_topk_raw__query_shape-event_value_squared__cutoff_ts-2026-06-30-00-00-00-00__limit_k-25__include_apac-True,gac_fdw_dba_topk_raw,"{""cutoff_ts"": ""2026-06-30 00:00:00+00"", ""include_apac"": true, ""limit_k"": 25, ""query_shape"": ""event_value_squared""}",master-regimes/generated/corpus/confirmatory-action-replication-v1/groups/confirmatory-action-replication-v1__topology-isolation-large-n3-v1__runtime-bundle-multi-edge__analytics_clients/queries/q16_event_value_squared__mitigate_remote_path_bundle__gac_fdw_dba_topk_raw__query_shape-event_value_squared__cutoff_ts-2026-06-30-00-00-00-00__limit_k-25__include_apac-True.sql,"coordinator_raw_fanin,coordinator_sort_topk",confirmatory-action-replication-v1,confirmatory-action-replication-v1,batch-confirmatory-action-replication-v1,fuzzy-intervention-memory-v1,q16_event_value_squared__mitigate_remote_path_bundle,dba_local_memory_topk,multiregion_union,gac_multi_edge,global_query,confirmatory_q16_event_value_squared,topology-isolation-large-n3-v1,dba_topk_balanced_remote_mitigated,eu_us_apac_gac,final_check,combined_pressure,local_intervention_memory,mitigated,mitigated,q16_event_value_squared__mitigate_remote_path_bundle,remote_transport_bundle,confirmatory_holdout,,,,,,,,mitigate_remote_path_bundle,global_gac_mitigation_gain_log2,confirmatory_action_replication,"gac_finalization_heavy,remote_fetch_heavy",pilot,"{""fetch_size"":""high"",""wan_latency"":""high"",""work_mem"":""high""}","supports_region_partitioning,supports_large_scan","{""filter_uses_distribution_key"":false,""group_by_uses_distribution_key"":false,""join_uses_distribution_key"":false,""multi_tenant_scope"":true,""order_by_uses_distribution_key"":false,""single_tenant_scope"":false,""tenant_filter_present"":false}",,balanced_williams_confirmatory,explicit_schedule,,false,1,82,false
cond-dc94020b6c64b265c4d6,cond-dc94020b6c64b265c4d6::r1,pair-8fa91106958cd0a403a09a54,pair-8fa91106958cd0a403a09a54::r1,q16_event_value_squared__increase_gac_work_mem__gac_fdw_dba_topk_raw__query_shape-event_value_squared__cutoff_ts-2026-06-30-00-00-00-00__limit_k-25__include_apac-True,gac_fdw_dba_topk_raw,"{""cutoff_ts"": ""2026-06-30 00:00:00+00"", ""include_apac"": true, ""limit_k"": 25, ""query_shape"": ""event_value_squared""}",master-regimes/generated/corpus/confirmatory-action-replication-v1/groups/confirmatory-action-replication-v1__topology-isolation-large-n3-v1__runtime-bundle-multi-edge__analytics_clients/queries/q16_event_value_squared__increase_gac_work_mem__gac_fdw_dba_topk_raw__query_shape-event_value_squared__cutoff_ts-2026-06-30-00-00-00-00__limit_k-25__include_apac-True.sql,"coordinator_raw_fanin,coordinator_sort_topk",confirmatory-action-replication-v1,confirmatory-action-replication-v1,batch-confirmatory-action-replication-v1,fuzzy-intervention-memory-v1,q16_event_value_squared__increase_gac_work_mem,dba_local_memory_topk,multiregion_union,gac_multi_edge,global_query,confirmatory_q16_event_value_squared,topology-isolation-large-n3-v1,dba_topk_balanced_gac_mitigated,eu_us_apac_gac,final_check,combined_pressure,local_intervention_memory,mitigated,mitigated,q16_event_value_squared__increase_gac_work_mem,gac_memory_increase,confirmatory_holdout,,,,,,,,increase_gac_work_mem,global_gac_mitigation_gain_log2,confirmatory_action_replication,"gac_finalization_heavy,remote_fetch_heavy",pilot,"{""fetch_size"":""high"",""wan_latency"":""high"",""work_mem"":""high""}","supports_region_partitioning,supports_large_scan","{""filter_uses_distribution_key"":false,""group_by_uses_distribution_key"":false,""join_uses_distribution_key"":false,""multi_tenant_scope"":true,""order_by_uses_distribution_key"":false,""single_tenant_scope"":false,""tenant_filter_present"":false}",,balanced_williams_confirmatory,explicit_schedule,,false,1,83,false
cond-be7744eddb28ec419dde,cond-be7744eddb28ec419dde::r1,pair-5a38c76ddc40297fe3e9de6a,pair-5a38c76ddc40297fe3e9de6a::r1,q16_event_value_squared__baseline__gac_fdw_dba_topk_raw__query_shape-event_value_squared__cutoff_ts-2026-06-30-00-00-00-00__limit_k-25__include_apac-True,gac_fdw_dba_topk_raw,"{""cutoff_ts"": ""2026-06-30 00:00:00+00"", ""include_apac"": true, ""limit_k"": 25, ""query_shape"": ""event_value_squared""}",master-regimes/generated/corpus/confirmatory-action-replication-v1/groups/confirmatory-action-replication-v1__topology-isolation-large-n3-v1__runtime-bundle-multi-edge__analytics_clients/queries/q16_event_value_squared__baseline__gac_fdw_dba_topk_raw__query_shape-event_value_squared__cutoff_ts-2026-06-30-00-00-00-00__limit_k-25__include_apac-True.sql,"coordinator_raw_fanin,coordinator_sort_topk",confirmatory-action-replication-v1,confirmatory-action-replication-v1,batch-confirmatory-action-replication-v1,fuzzy-intervention-memory-v1,q16_event_value_squared__baseline,dba_local_memory_topk,multiregion_union,gac_multi_edge,global_query,confirmatory_q16_event_value_squared,topology-isolation-large-n3-v1,dba_topk_balanced_stressed,eu_us_apac_gac,final_check,combined_pressure,local_intervention_memory,stressed,stressed,q16_event_value_squared__shared_baseline,gac_raw_topk,confirmatory_holdout,,,,,,,,,global_gac_mitigation_gain_log2,confirmatory_action_replication,"gac_finalization_heavy,remote_fetch_heavy",pilot,"{""fetch_size"":""high"",""wan_latency"":""high"",""work_mem"":""high""}","supports_region_partitioning,supports_large_scan","{""filter_uses_distribution_key"":false,""group_by_uses_distribution_key"":false,""join_uses_distribution_key"":false,""multi_tenant_scope"":true,""order_by_uses_distribution_key"":false,""single_tenant_scope"":false,""tenant_filter_present"":false}",,balanced_williams_confirmatory,explicit_schedule,,false,1,84,false
cond-5210f09d3fae149ac1a3,cond-5210f09d3fae149ac1a3::r1,pair-df56dd978a574acfeed659d3,pair-df56dd978a574acfeed659d3::r1,q26_tenant_hour_count__mitigate_remote_path_bundle__gac_fdw_dba_topk_raw__query_shape-tenant_hour_count__cutoff_ts-2026-06-30-00-00-00-00__limit_k-25__include_apac-True,gac_fdw_dba_topk_raw,"{""cutoff_ts"": ""2026-06-30 00:00:00+00"", ""include_apac"": true, ""limit_k"": 25, ""query_shape"": ""tenant_hour_count""}",master-regimes/generated/corpus/confirmatory-action-replication-v1/groups/confirmatory-action-replication-v1__topology-isolation-large-n3-v1__runtime-bundle-multi-edge__analytics_clients/queries/q26_tenant_hour_count__mitigate_remote_path_bundle__gac_fdw_dba_topk_raw__query_shape-tenant_hour_count__cutoff_ts-2026-06-30-00-00-00-00__limit_k-25__include_apac-True.sql,"coordinator_raw_fanin,coordinator_sort_topk",confirmatory-action-replication-v1,confirmatory-action-replication-v1,batch-confirmatory-action-replication-v1,fuzzy-intervention-memory-v1,q26_tenant_hour_count__mitigate_remote_path_bundle,dba_local_memory_topk,multiregion_union,gac_multi_edge,global_query,confirmatory_q26_tenant_hour_count,topology-isolation-large-n3-v1,dba_topk_balanced_remote_mitigated,eu_us_apac_gac,final_check,combined_pressure,local_intervention_memory,mitigated,mitigated,q26_tenant_hour_count__mitigate_remote_path_bundle,remote_transport_bundle,confirmatory_holdout,,,,,,,,mitigate_remote_path_bundle,global_gac_mitigation_gain_log2,confirmatory_action_replication,"gac_finalization_heavy,remote_fetch_heavy",pilot,"{""fetch_size"":""high"",""wan_latency"":""high"",""work_mem"":""high""}","supports_region_partitioning,supports_large_scan","{""filter_uses_distribution_key"":false,""group_by_uses_distribution_key"":false,""join_uses_distribution_key"":false,""multi_tenant_scope"":true,""order_by_uses_distribution_key"":false,""single_tenant_scope"":false,""tenant_filter_present"":false}",,balanced_williams_confirmatory,explicit_schedule,,false,1,85,false
cond-e5f2ec8c336eb7496803,cond-e5f2ec8c336eb7496803::r1,pair-53b59ed974f4d7ce62d40a2a,pair-53b59ed974f4d7ce62d40a2a::r1,q26_tenant_hour_count__baseline__gac_fdw_dba_topk_raw__query_shape-tenant_hour_count__cutoff_ts-2026-06-30-00-00-00-00__limit_k-25__include_apac-True,gac_fdw_dba_topk_raw,"{""cutoff_ts"": ""2026-06-30 00:00:00+00"", ""include_apac"": true, ""limit_k"": 25, ""query_shape"": ""tenant_hour_count""}",master-regimes/generated/corpus/confirmatory-action-replication-v1/groups/confirmatory-action-replication-v1__topology-isolation-large-n3-v1__runtime-bundle-multi-edge__analytics_clients/queries/q26_tenant_hour_count__baseline__gac_fdw_dba_topk_raw__query_shape-tenant_hour_count__cutoff_ts-2026-06-30-00-00-00-00__limit_k-25__include_apac-True.sql,"coordinator_raw_fanin,coordinator_sort_topk",confirmatory-action-replication-v1,confirmatory-action-replication-v1,batch-confirmatory-action-replication-v1,fuzzy-intervention-memory-v1,q26_tenant_hour_count__baseline,dba_local_memory_topk,multiregion_union,gac_multi_edge,global_query,confirmatory_q26_tenant_hour_count,topology-isolation-large-n3-v1,dba_topk_balanced_stressed,eu_us_apac_gac,final_check,combined_pressure,local_intervention_memory,stressed,stressed,q26_tenant_hour_count__shared_baseline,gac_raw_topk,confirmatory_holdout,,,,,,,,,global_gac_mitigation_gain_log2,confirmatory_action_replication,"gac_finalization_heavy,remote_fetch_heavy",pilot,"{""fetch_size"":""high"",""wan_latency"":""high"",""work_mem"":""high""}","supports_region_partitioning,supports_large_scan","{""filter_uses_distribution_key"":false,""group_by_uses_distribution_key"":false,""join_uses_distribution_key"":false,""multi_tenant_scope"":true,""order_by_uses_distribution_key"":false,""single_tenant_scope"":false,""tenant_filter_present"":false}",,balanced_williams_confirmatory,explicit_schedule,,false,1,86,false
cond-14e51d1d6f691b698a2d,cond-14e51d1d6f691b698a2d::r1,pair-2cbdd3800086c989267e9827,pair-2cbdd3800086c989267e9827::r1,q26_tenant_hour_count__regional_topk_candidates__gac_fdw_dba_topk_regional__query_shape-tenant_hour_count__cutoff_ts-2026-06-30-00-00-00-00__limit_k-25__include_apac-True,gac_fdw_dba_topk_regional,"{""cutoff_ts"": ""2026-06-30 00:00:00+00"", ""include_apac"": true, ""limit_k"": 25, ""query_shape"": ""tenant_hour_count""}",master-regimes/generated/corpus/confirmatory-action-replication-v1/groups/confirmatory-action-replication-v1__topology-isolation-large-n3-v1__runtime-bundle-multi-edge__analytics_clients/queries/q26_tenant_hour_count__regional_topk_candidates__gac_fdw_dba_topk_regional__query_shape-tenant_hour_count__cutoff_ts-2026-06-30-00-00-00-00__limit_k-25__include_apac-True.sql,"regional_topk,coordinator_sort_topk",confirmatory-action-replication-v1,confirmatory-action-replication-v1,batch-confirmatory-action-replication-v1,fuzzy-intervention-memory-v1,q26_tenant_hour_count__regional_topk_candidates,dba_local_memory_topk,multiregion_union,gac_multi_edge,global_query,confirmatory_q26_tenant_hour_count,topology-isolation-large-n3-v1,dba_topk_balanced_stressed,eu_us_apac_gac,final_check,combined_pressure,local_intervention_memory,mitigated,mitigated,q26_tenant_hour_count__regional_topk_candidates,regional_topk_candidates,confirmatory_holdout,,,,,,,,regional_topk_candidates,global_gac_mitigation_gain_log2,confirmatory_action_replication,"gac_finalization_heavy,well_reduced_localized",pilot,"{""fetch_size"":""medium"",""wan_latency"":""medium"",""work_mem"":""medium""}","supports_region_partitioning,supports_large_scan","{""filter_uses_distribution_key"":false,""group_by_uses_distribution_key"":false,""join_uses_distribution_key"":false,""multi_tenant_scope"":true,""order_by_uses_distribution_key"":false,""single_tenant_scope"":false,""tenant_filter_present"":false}",,balanced_williams_confirmatory,explicit_schedule,,false,1,87,false
cond-8f34877def719a77b255,cond-8f34877def719a77b255::r1,pair-12fc0f52bd39daa650692d18,pair-12fc0f52bd39daa650692d18::r1,q26_tenant_hour_count__increase_gac_work_mem__gac_fdw_dba_topk_raw__query_shape-tenant_hour_count__cutoff_ts-2026-06-30-00-00-00-00__limit_k-25__include_apac-True,gac_fdw_dba_topk_raw,"{""cutoff_ts"": ""2026-06-30 00:00:00+00"", ""include_apac"": true, ""limit_k"": 25, ""query_shape"": ""tenant_hour_count""}",master-regimes/generated/corpus/confirmatory-action-replication-v1/groups/confirmatory-action-replication-v1__topology-isolation-large-n3-v1__runtime-bundle-multi-edge__analytics_clients/queries/q26_tenant_hour_count__increase_gac_work_mem__gac_fdw_dba_topk_raw__query_shape-tenant_hour_count__cutoff_ts-2026-06-30-00-00-00-00__limit_k-25__include_apac-True.sql,"coordinator_raw_fanin,coordinator_sort_topk",confirmatory-action-replication-v1,confirmatory-action-replication-v1,batch-confirmatory-action-replication-v1,fuzzy-intervention-memory-v1,q26_tenant_hour_count__increase_gac_work_mem,dba_local_memory_topk,multiregion_union,gac_multi_edge,global_query,confirmatory_q26_tenant_hour_count,topology-isolation-large-n3-v1,dba_topk_balanced_gac_mitigated,eu_us_apac_gac,final_check,combined_pressure,local_intervention_memory,mitigated,mitigated,q26_tenant_hour_count__increase_gac_work_mem,gac_memory_increase,confirmatory_holdout,,,,,,,,increase_gac_work_mem,global_gac_mitigation_gain_log2,confirmatory_action_replication,"gac_finalization_heavy,remote_fetch_heavy",pilot,"{""fetch_size"":""high"",""wan_latency"":""high"",""work_mem"":""high""}","supports_region_partitioning,supports_large_scan","{""filter_uses_distribution_key"":false,""group_by_uses_distribution_key"":false,""join_uses_distribution_key"":false,""multi_tenant_scope"":true,""order_by_uses_distribution_key"":false,""single_tenant_scope"":false,""tenant_filter_present"":false}",,balanced_williams_confirmatory,explicit_schedule,,false,1,88,false
cond-72bd6c176bb9592b27fa,cond-72bd6c176bb9592b27fa::r1,pair-4711c69cab926c15c3fc7e8d,pair-4711c69cab926c15c3fc7e8d::r1,q27_user_sum__baseline__gac_fdw_dba_topk_raw__query_shape-user_sum__cutoff_ts-2026-06-29-00-00-00-00__limit_k-50__include_apac-True,gac_fdw_dba_topk_raw,"{""cutoff_ts"": ""2026-06-29 00:00:00+00"", ""include_apac"": true, ""limit_k"": 50, ""query_shape"": ""user_sum""}",master-regimes/generated/corpus/confirmatory-action-replication-v1/groups/confirmatory-action-replication-v1__topology-isolation-large-n3-v1__runtime-bundle-multi-edge__analytics_clients/queries/q27_user_sum__baseline__gac_fdw_dba_topk_raw__query_shape-user_sum__cutoff_ts-2026-06-29-00-00-00-00__limit_k-50__include_apac-True.sql,"coordinator_raw_fanin,coordinator_sort_topk",confirmatory-action-replication-v1,confirmatory-action-replication-v1,batch-confirmatory-action-replication-v1,fuzzy-intervention-memory-v1,q27_user_sum__baseline,dba_local_memory_topk,multiregion_union,gac_multi_edge,global_query,confirmatory_q27_user_sum,topology-isolation-large-n3-v1,dba_topk_balanced_stressed,eu_us_apac_gac,final_check,combined_pressure,local_intervention_memory,stressed,stressed,q27_user_sum__shared_baseline,gac_raw_topk,confirmatory_holdout,,,,,,,,,global_gac_mitigation_gain_log2,confirmatory_action_replication,"gac_finalization_heavy,remote_fetch_heavy",pilot,"{""fetch_size"":""high"",""wan_latency"":""high"",""work_mem"":""high""}","supports_region_partitioning,supports_large_scan","{""filter_uses_distribution_key"":false,""group_by_uses_distribution_key"":false,""join_uses_distribution_key"":false,""multi_tenant_scope"":true,""order_by_uses_distribution_key"":false,""single_tenant_scope"":false,""tenant_filter_present"":false}",,balanced_williams_confirmatory,explicit_schedule,,false,1,89,false
cond-416644b0da6a48c2b9b7,cond-416644b0da6a48c2b9b7::r1,pair-a3d66a34901044d1a6e3590e,pair-a3d66a34901044d1a6e3590e::r1,q27_user_sum__increase_gac_work_mem__gac_fdw_dba_topk_raw__query_shape-user_sum__cutoff_ts-2026-06-29-00-00-00-00__limit_k-50__include_apac-True,gac_fdw_dba_topk_raw,"{""cutoff_ts"": ""2026-06-29 00:00:00+00"", ""include_apac"": true, ""limit_k"": 50, ""query_shape"": ""user_sum""}",master-regimes/generated/corpus/confirmatory-action-replication-v1/groups/confirmatory-action-replication-v1__topology-isolation-large-n3-v1__runtime-bundle-multi-edge__analytics_clients/queries/q27_user_sum__increase_gac_work_mem__gac_fdw_dba_topk_raw__query_shape-user_sum__cutoff_ts-2026-06-29-00-00-00-00__limit_k-50__include_apac-True.sql,"coordinator_raw_fanin,coordinator_sort_topk",confirmatory-action-replication-v1,confirmatory-action-replication-v1,batch-confirmatory-action-replication-v1,fuzzy-intervention-memory-v1,q27_user_sum__increase_gac_work_mem,dba_local_memory_topk,multiregion_union,gac_multi_edge,global_query,confirmatory_q27_user_sum,topology-isolation-large-n3-v1,dba_topk_balanced_gac_mitigated,eu_us_apac_gac,final_check,combined_pressure,local_intervention_memory,mitigated,mitigated,q27_user_sum__increase_gac_work_mem,gac_memory_increase,confirmatory_holdout,,,,,,,,increase_gac_work_mem,global_gac_mitigation_gain_log2,confirmatory_action_replication,"gac_finalization_heavy,remote_fetch_heavy",pilot,"{""fetch_size"":""high"",""wan_latency"":""high"",""work_mem"":""high""}","supports_region_partitioning,supports_large_scan","{""filter_uses_distribution_key"":false,""group_by_uses_distribution_key"":false,""join_uses_distribution_key"":false,""multi_tenant_scope"":true,""order_by_uses_distribution_key"":false,""single_tenant_scope"":false,""tenant_filter_present"":false}",,balanced_williams_confirmatory,explicit_schedule,,false,1,90,false
cond-f90916670f1125d505bb,cond-f90916670f1125d505bb::r1,pair-b7ea628951097147fd7cf3b5,pair-b7ea628951097147fd7cf3b5::r1,q27_user_sum__mitigate_remote_path_bundle__gac_fdw_dba_topk_raw__query_shape-user_sum__cutoff_ts-2026-06-29-00-00-00-00__limit_k-50__include_apac-True,gac_fdw_dba_topk_raw,"{""cutoff_ts"": ""2026-06-29 00:00:00+00"", ""include_apac"": true, ""limit_k"": 50, ""query_shape"": ""user_sum""}",master-regimes/generated/corpus/confirmatory-action-replication-v1/groups/confirmatory-action-replication-v1__topology-isolation-large-n3-v1__runtime-bundle-multi-edge__analytics_clients/queries/q27_user_sum__mitigate_remote_path_bundle__gac_fdw_dba_topk_raw__query_shape-user_sum__cutoff_ts-2026-06-29-00-00-00-00__limit_k-50__include_apac-True.sql,"coordinator_raw_fanin,coordinator_sort_topk",confirmatory-action-replication-v1,confirmatory-action-replication-v1,batch-confirmatory-action-replication-v1,fuzzy-intervention-memory-v1,q27_user_sum__mitigate_remote_path_bundle,dba_local_memory_topk,multiregion_union,gac_multi_edge,global_query,confirmatory_q27_user_sum,topology-isolation-large-n3-v1,dba_topk_balanced_remote_mitigated,eu_us_apac_gac,final_check,combined_pressure,local_intervention_memory,mitigated,mitigated,q27_user_sum__mitigate_remote_path_bundle,remote_transport_bundle,confirmatory_holdout,,,,,,,,mitigate_remote_path_bundle,global_gac_mitigation_gain_log2,confirmatory_action_replication,"gac_finalization_heavy,remote_fetch_heavy",pilot,"{""fetch_size"":""high"",""wan_latency"":""high"",""work_mem"":""high""}","supports_region_partitioning,supports_large_scan","{""filter_uses_distribution_key"":false,""group_by_uses_distribution_key"":false,""join_uses_distribution_key"":false,""multi_tenant_scope"":true,""order_by_uses_distribution_key"":false,""single_tenant_scope"":false,""tenant_filter_present"":false}",,balanced_williams_confirmatory,explicit_schedule,,false,1,91,false
cond-ef17f7aa2b5811d0873a,cond-ef17f7aa2b5811d0873a::r1,pair-bc425a611b513e51ff08bb23,pair-bc425a611b513e51ff08bb23::r1,q27_user_sum__regional_topk_candidates__gac_fdw_dba_topk_regional__query_shape-user_sum__cutoff_ts-2026-06-29-00-00-00-00__limit_k-50__include_apac-True,gac_fdw_dba_topk_regional,"{""cutoff_ts"": ""2026-06-29 00:00:00+00"", ""include_apac"": true, ""limit_k"": 50, ""query_shape"": ""user_sum""}",master-regimes/generated/corpus/confirmatory-action-replication-v1/groups/confirmatory-action-replication-v1__topology-isolation-large-n3-v1__runtime-bundle-multi-edge__analytics_clients/queries/q27_user_sum__regional_topk_candidates__gac_fdw_dba_topk_regional__query_shape-user_sum__cutoff_ts-2026-06-29-00-00-00-00__limit_k-50__include_apac-True.sql,"regional_topk,coordinator_sort_topk",confirmatory-action-replication-v1,confirmatory-action-replication-v1,batch-confirmatory-action-replication-v1,fuzzy-intervention-memory-v1,q27_user_sum__regional_topk_candidates,dba_local_memory_topk,multiregion_union,gac_multi_edge,global_query,confirmatory_q27_user_sum,topology-isolation-large-n3-v1,dba_topk_balanced_stressed,eu_us_apac_gac,final_check,combined_pressure,local_intervention_memory,mitigated,mitigated,q27_user_sum__regional_topk_candidates,regional_topk_candidates,confirmatory_holdout,,,,,,,,regional_topk_candidates,global_gac_mitigation_gain_log2,confirmatory_action_replication,"gac_finalization_heavy,well_reduced_localized",pilot,"{""fetch_size"":""medium"",""wan_latency"":""medium"",""work_mem"":""medium""}","supports_region_partitioning,supports_large_scan","{""filter_uses_distribution_key"":false,""group_by_uses_distribution_key"":false,""join_uses_distribution_key"":false,""multi_tenant_scope"":true,""order_by_uses_distribution_key"":false,""single_tenant_scope"":false,""tenant_filter_present"":false}",,balanced_williams_confirmatory,explicit_schedule,,false,1,92,false
cond-af05aee8f4f3a1e281ce,cond-af05aee8f4f3a1e281ce::r1,pair-f72a4f98468d2ac871e859f6,pair-f72a4f98468d2ac871e859f6::r1,q22_tenant_distinct_users__increase_gac_work_mem__gac_fdw_dba_topk_raw__query_shape-tenant_distinct_users__cutoff_ts-2026-06-27-00-00-00-00__limit_k-50__include_apac-True,gac_fdw_dba_topk_raw,"{""cutoff_ts"": ""2026-06-27 00:00:00+00"", ""include_apac"": true, ""limit_k"": 50, ""query_shape"": ""tenant_distinct_users""}",master-regimes/generated/corpus/confirmatory-action-replication-v1/groups/confirmatory-action-replication-v1__topology-isolation-large-n3-v1__runtime-bundle-multi-edge__analytics_clients/queries/q22_tenant_distinct_users__increase_gac_work_mem__gac_fdw_dba_topk_raw__query_shape-tenant_distinct_users__cutoff_ts-2026-06-27-00-00-00-00__limit_k-50__include_apac-True.sql,"coordinator_raw_fanin,coordinator_sort_topk",confirmatory-action-replication-v1,confirmatory-action-replication-v1,batch-confirmatory-action-replication-v1,fuzzy-intervention-memory-v1,q22_tenant_distinct_users__increase_gac_work_mem,dba_local_memory_topk,multiregion_union,gac_multi_edge,global_query,confirmatory_q22_tenant_distinct_users,topology-isolation-large-n3-v1,dba_topk_balanced_gac_mitigated,eu_us_apac_gac,final_check,combined_pressure,local_intervention_memory,mitigated,mitigated,q22_tenant_distinct_users__increase_gac_work_mem,gac_memory_increase,confirmatory_holdout,,,,,,,,increase_gac_work_mem,global_gac_mitigation_gain_log2,confirmatory_action_replication,"gac_finalization_heavy,remote_fetch_heavy",pilot,"{""fetch_size"":""high"",""wan_latency"":""high"",""work_mem"":""high""}","supports_region_partitioning,supports_large_scan","{""filter_uses_distribution_key"":false,""group_by_uses_distribution_key"":false,""join_uses_distribution_key"":false,""multi_tenant_scope"":true,""order_by_uses_distribution_key"":false,""single_tenant_scope"":false,""tenant_filter_present"":false}",,balanced_williams_confirmatory,explicit_schedule,,false,1,93,false
cond-5946457e5fe45602d4c9,cond-5946457e5fe45602d4c9::r1,pair-a54ea92d36592a318d7b2308,pair-a54ea92d36592a318d7b2308::r1,q22_tenant_distinct_users__regional_topk_candidates__gac_fdw_dba_topk_regional__query_shape-tenant_distinct_users__cutoff_ts-2026-06-27-00-00-00-00__limit_k-50__include_apac-True,gac_fdw_dba_topk_regional,"{""cutoff_ts"": ""2026-06-27 00:00:00+00"", ""include_apac"": true, ""limit_k"": 50, ""query_shape"": ""tenant_distinct_users""}",master-regimes/generated/corpus/confirmatory-action-replication-v1/groups/confirmatory-action-replication-v1__topology-isolation-large-n3-v1__runtime-bundle-multi-edge__analytics_clients/queries/q22_tenant_distinct_users__regional_topk_candidates__gac_fdw_dba_topk_regional__query_shape-tenant_distinct_users__cutoff_ts-2026-06-27-00-00-00-00__limit_k-50__include_apac-True.sql,"regional_topk,coordinator_sort_topk",confirmatory-action-replication-v1,confirmatory-action-replication-v1,batch-confirmatory-action-replication-v1,fuzzy-intervention-memory-v1,q22_tenant_distinct_users__regional_topk_candidates,dba_local_memory_topk,multiregion_union,gac_multi_edge,global_query,confirmatory_q22_tenant_distinct_users,topology-isolation-large-n3-v1,dba_topk_balanced_stressed,eu_us_apac_gac,final_check,combined_pressure,local_intervention_memory,mitigated,mitigated,q22_tenant_distinct_users__regional_topk_candidates,regional_topk_candidates,confirmatory_holdout,,,,,,,,regional_topk_candidates,global_gac_mitigation_gain_log2,confirmatory_action_replication,"gac_finalization_heavy,well_reduced_localized",pilot,"{""fetch_size"":""medium"",""wan_latency"":""medium"",""work_mem"":""medium""}","supports_region_partitioning,supports_large_scan","{""filter_uses_distribution_key"":false,""group_by_uses_distribution_key"":false,""join_uses_distribution_key"":false,""multi_tenant_scope"":true,""order_by_uses_distribution_key"":false,""single_tenant_scope"":false,""tenant_filter_present"":false}",,balanced_williams_confirmatory,explicit_schedule,,false,1,94,false
cond-333f20684c53a3cb86ae,cond-333f20684c53a3cb86ae::r1,pair-84b49c7fea3a65ec45d2b72f,pair-84b49c7fea3a65ec45d2b72f::r1,q22_tenant_distinct_users__baseline__gac_fdw_dba_topk_raw__query_shape-tenant_distinct_users__cutoff_ts-2026-06-27-00-00-00-00__limit_k-50__include_apac-True,gac_fdw_dba_topk_raw,"{""cutoff_ts"": ""2026-06-27 00:00:00+00"", ""include_apac"": true, ""limit_k"": 50, ""query_shape"": ""tenant_distinct_users""}",master-regimes/generated/corpus/confirmatory-action-replication-v1/groups/confirmatory-action-replication-v1__topology-isolation-large-n3-v1__runtime-bundle-multi-edge__analytics_clients/queries/q22_tenant_distinct_users__baseline__gac_fdw_dba_topk_raw__query_shape-tenant_distinct_users__cutoff_ts-2026-06-27-00-00-00-00__limit_k-50__include_apac-True.sql,"coordinator_raw_fanin,coordinator_sort_topk",confirmatory-action-replication-v1,confirmatory-action-replication-v1,batch-confirmatory-action-replication-v1,fuzzy-intervention-memory-v1,q22_tenant_distinct_users__baseline,dba_local_memory_topk,multiregion_union,gac_multi_edge,global_query,confirmatory_q22_tenant_distinct_users,topology-isolation-large-n3-v1,dba_topk_balanced_stressed,eu_us_apac_gac,final_check,combined_pressure,local_intervention_memory,stressed,stressed,q22_tenant_distinct_users__shared_baseline,gac_raw_topk,confirmatory_holdout,,,,,,,,,global_gac_mitigation_gain_log2,confirmatory_action_replication,"gac_finalization_heavy,remote_fetch_heavy",pilot,"{""fetch_size"":""high"",""wan_latency"":""high"",""work_mem"":""high""}","supports_region_partitioning,supports_large_scan","{""filter_uses_distribution_key"":false,""group_by_uses_distribution_key"":false,""join_uses_distribution_key"":false,""multi_tenant_scope"":true,""order_by_uses_distribution_key"":false,""single_tenant_scope"":false,""tenant_filter_present"":false}",,balanced_williams_confirmatory,explicit_schedule,,false,1,95,false
cond-45acff50290f701783f3,cond-45acff50290f701783f3::r1,pair-2e5b6474e54580d4292c4816,pair-2e5b6474e54580d4292c4816::r1,q22_tenant_distinct_users__mitigate_remote_path_bundle__gac_fdw_dba_topk_raw__query_shape-tenant_distinct_users__cutoff_ts-2026-06-27-00-00-00-00__limit_k-50__include_apac-True,gac_fdw_dba_topk_raw,"{""cutoff_ts"": ""2026-06-27 00:00:00+00"", ""include_apac"": true, ""limit_k"": 50, ""query_shape"": ""tenant_distinct_users""}",master-regimes/generated/corpus/confirmatory-action-replication-v1/groups/confirmatory-action-replication-v1__topology-isolation-large-n3-v1__runtime-bundle-multi-edge__analytics_clients/queries/q22_tenant_distinct_users__mitigate_remote_path_bundle__gac_fdw_dba_topk_raw__query_shape-tenant_distinct_users__cutoff_ts-2026-06-27-00-00-00-00__limit_k-50__include_apac-True.sql,"coordinator_raw_fanin,coordinator_sort_topk",confirmatory-action-replication-v1,confirmatory-action-replication-v1,batch-confirmatory-action-replication-v1,fuzzy-intervention-memory-v1,q22_tenant_distinct_users__mitigate_remote_path_bundle,dba_local_memory_topk,multiregion_union,gac_multi_edge,global_query,confirmatory_q22_tenant_distinct_users,topology-isolation-large-n3-v1,dba_topk_balanced_remote_mitigated,eu_us_apac_gac,final_check,combined_pressure,local_intervention_memory,mitigated,mitigated,q22_tenant_distinct_users__mitigate_remote_path_bundle,remote_transport_bundle,confirmatory_holdout,,,,,,,,mitigate_remote_path_bundle,global_gac_mitigation_gain_log2,confirmatory_action_replication,"gac_finalization_heavy,remote_fetch_heavy",pilot,"{""fetch_size"":""high"",""wan_latency"":""high"",""work_mem"":""high""}","supports_region_partitioning,supports_large_scan","{""filter_uses_distribution_key"":false,""group_by_uses_distribution_key"":false,""join_uses_distribution_key"":false,""multi_tenant_scope"":true,""order_by_uses_distribution_key"":false,""single_tenant_scope"":false,""tenant_filter_present"":false}",,balanced_williams_confirmatory,explicit_schedule,,false,1,96,false
cond-711872a79328bba478df,cond-711872a79328bba478df::r1,pair-7ebb6672cd25e5afd613b198,pair-7ebb6672cd25e5afd613b198::r1,q24_tenant_midband_sum__regional_topk_candidates__gac_fdw_dba_topk_regional__query_shape-tenant_midband_sum__cutoff_ts-2026-06-30-00-00-00-00__limit_k-250__include_apac-True,gac_fdw_dba_topk_regional,"{""cutoff_ts"": ""2026-06-30 00:00:00+00"", ""include_apac"": true, ""limit_k"": 250, ""query_shape"": ""tenant_midband_sum""}",master-regimes/generated/corpus/confirmatory-action-replication-v1/groups/confirmatory-action-replication-v1__topology-isolation-large-n3-v1__runtime-bundle-multi-edge__analytics_clients/queries/q24_tenant_midband_sum__regional_topk_candidates__gac_fdw_dba_topk_regional__query_shape-tenant_midband_sum__cutoff_ts-2026-06-30-00-00-00-00__limit_k-250__include_apac-True.sql,"regional_topk,coordinator_sort_topk",confirmatory-action-replication-v1,confirmatory-action-replication-v1,batch-confirmatory-action-replication-v1,fuzzy-intervention-memory-v1,q24_tenant_midband_sum__regional_topk_candidates,dba_local_memory_topk,multiregion_union,gac_multi_edge,global_query,confirmatory_q24_tenant_midband_sum,topology-isolation-large-n3-v1,dba_topk_balanced_stressed,eu_us_apac_gac,final_check,combined_pressure,local_intervention_memory,mitigated,mitigated,q24_tenant_midband_sum__regional_topk_candidates,regional_topk_candidates,confirmatory_holdout,,,,,,,,regional_topk_candidates,global_gac_mitigation_gain_log2,confirmatory_action_replication,"gac_finalization_heavy,well_reduced_localized",pilot,"{""fetch_size"":""medium"",""wan_latency"":""medium"",""work_mem"":""medium""}","supports_region_partitioning,supports_large_scan","{""filter_uses_distribution_key"":false,""group_by_uses_distribution_key"":false,""join_uses_distribution_key"":false,""multi_tenant_scope"":true,""order_by_uses_distribution_key"":false,""single_tenant_scope"":false,""tenant_filter_present"":false}",,balanced_williams_confirmatory,explicit_schedule,,false,1,97,false
cond-ddc9360c1d096719515d,cond-ddc9360c1d096719515d::r1,pair-8245d9dbb5c40df7d902a62e,pair-8245d9dbb5c40df7d902a62e::r1,q24_tenant_midband_sum__mitigate_remote_path_bundle__gac_fdw_dba_topk_raw__query_shape-tenant_midband_sum__cutoff_ts-2026-06-30-00-00-00-00__limit_k-250__include_apac-True,gac_fdw_dba_topk_raw,"{""cutoff_ts"": ""2026-06-30 00:00:00+00"", ""include_apac"": true, ""limit_k"": 250, ""query_shape"": ""tenant_midband_sum""}",master-regimes/generated/corpus/confirmatory-action-replication-v1/groups/confirmatory-action-replication-v1__topology-isolation-large-n3-v1__runtime-bundle-multi-edge__analytics_clients/queries/q24_tenant_midband_sum__mitigate_remote_path_bundle__gac_fdw_dba_topk_raw__query_shape-tenant_midband_sum__cutoff_ts-2026-06-30-00-00-00-00__limit_k-250__include_apac-True.sql,"coordinator_raw_fanin,coordinator_sort_topk",confirmatory-action-replication-v1,confirmatory-action-replication-v1,batch-confirmatory-action-replication-v1,fuzzy-intervention-memory-v1,q24_tenant_midband_sum__mitigate_remote_path_bundle,dba_local_memory_topk,multiregion_union,gac_multi_edge,global_query,confirmatory_q24_tenant_midband_sum,topology-isolation-large-n3-v1,dba_topk_balanced_remote_mitigated,eu_us_apac_gac,final_check,combined_pressure,local_intervention_memory,mitigated,mitigated,q24_tenant_midband_sum__mitigate_remote_path_bundle,remote_transport_bundle,confirmatory_holdout,,,,,,,,mitigate_remote_path_bundle,global_gac_mitigation_gain_log2,confirmatory_action_replication,"gac_finalization_heavy,remote_fetch_heavy",pilot,"{""fetch_size"":""high"",""wan_latency"":""high"",""work_mem"":""high""}","supports_region_partitioning,supports_large_scan","{""filter_uses_distribution_key"":false,""group_by_uses_distribution_key"":false,""join_uses_distribution_key"":false,""multi_tenant_scope"":true,""order_by_uses_distribution_key"":false,""single_tenant_scope"":false,""tenant_filter_present"":false}",,balanced_williams_confirmatory,explicit_schedule,,false,1,98,false
cond-75f64252c841322ea368,cond-75f64252c841322ea368::r1,pair-b96e9aa1053227d5f5e0938f,pair-b96e9aa1053227d5f5e0938f::r1,q24_tenant_midband_sum__increase_gac_work_mem__gac_fdw_dba_topk_raw__query_shape-tenant_midband_sum__cutoff_ts-2026-06-30-00-00-00-00__limit_k-250__include_apac-True,gac_fdw_dba_topk_raw,"{""cutoff_ts"": ""2026-06-30 00:00:00+00"", ""include_apac"": true, ""limit_k"": 250, ""query_shape"": ""tenant_midband_sum""}",master-regimes/generated/corpus/confirmatory-action-replication-v1/groups/confirmatory-action-replication-v1__topology-isolation-large-n3-v1__runtime-bundle-multi-edge__analytics_clients/queries/q24_tenant_midband_sum__increase_gac_work_mem__gac_fdw_dba_topk_raw__query_shape-tenant_midband_sum__cutoff_ts-2026-06-30-00-00-00-00__limit_k-250__include_apac-True.sql,"coordinator_raw_fanin,coordinator_sort_topk",confirmatory-action-replication-v1,confirmatory-action-replication-v1,batch-confirmatory-action-replication-v1,fuzzy-intervention-memory-v1,q24_tenant_midband_sum__increase_gac_work_mem,dba_local_memory_topk,multiregion_union,gac_multi_edge,global_query,confirmatory_q24_tenant_midband_sum,topology-isolation-large-n3-v1,dba_topk_balanced_gac_mitigated,eu_us_apac_gac,final_check,combined_pressure,local_intervention_memory,mitigated,mitigated,q24_tenant_midband_sum__increase_gac_work_mem,gac_memory_increase,confirmatory_holdout,,,,,,,,increase_gac_work_mem,global_gac_mitigation_gain_log2,confirmatory_action_replication,"gac_finalization_heavy,remote_fetch_heavy",pilot,"{""fetch_size"":""high"",""wan_latency"":""high"",""work_mem"":""high""}","supports_region_partitioning,supports_large_scan","{""filter_uses_distribution_key"":false,""group_by_uses_distribution_key"":false,""join_uses_distribution_key"":false,""multi_tenant_scope"":true,""order_by_uses_distribution_key"":false,""single_tenant_scope"":false,""tenant_filter_present"":false}",,balanced_williams_confirmatory,explicit_schedule,,false,1,99,false
cond-c793f69100da9d8073a9,cond-c793f69100da9d8073a9::r1,pair-391867cf1c2ad311e401ca9d,pair-391867cf1c2ad311e401ca9d::r1,q24_tenant_midband_sum__baseline__gac_fdw_dba_topk_raw__query_shape-tenant_midband_sum__cutoff_ts-2026-06-30-00-00-00-00__limit_k-250__include_apac-True,gac_fdw_dba_topk_raw,"{""cutoff_ts"": ""2026-06-30 00:00:00+00"", ""include_apac"": true, ""limit_k"": 250, ""query_shape"": ""tenant_midband_sum""}",master-regimes/generated/corpus/confirmatory-action-replication-v1/groups/confirmatory-action-replication-v1__topology-isolation-large-n3-v1__runtime-bundle-multi-edge__analytics_clients/queries/q24_tenant_midband_sum__baseline__gac_fdw_dba_topk_raw__query_shape-tenant_midband_sum__cutoff_ts-2026-06-30-00-00-00-00__limit_k-250__include_apac-True.sql,"coordinator_raw_fanin,coordinator_sort_topk",confirmatory-action-replication-v1,confirmatory-action-replication-v1,batch-confirmatory-action-replication-v1,fuzzy-intervention-memory-v1,q24_tenant_midband_sum__baseline,dba_local_memory_topk,multiregion_union,gac_multi_edge,global_query,confirmatory_q24_tenant_midband_sum,topology-isolation-large-n3-v1,dba_topk_balanced_stressed,eu_us_apac_gac,final_check,combined_pressure,local_intervention_memory,stressed,stressed,q24_tenant_midband_sum__shared_baseline,gac_raw_topk,confirmatory_holdout,,,,,,,,,global_gac_mitigation_gain_log2,confirmatory_action_replication,"gac_finalization_heavy,remote_fetch_heavy",pilot,"{""fetch_size"":""high"",""wan_latency"":""high"",""work_mem"":""high""}","supports_region_partitioning,supports_large_scan","{""filter_uses_distribution_key"":false,""group_by_uses_distribution_key"":false,""join_uses_distribution_key"":false,""multi_tenant_scope"":true,""order_by_uses_distribution_key"":false,""single_tenant_scope"":false,""tenant_filter_present"":false}",,balanced_williams_confirmatory,explicit_schedule,,false,1,100,false
cond-e080cd6be4eb1bdee62a,cond-e080cd6be4eb1bdee62a::r1,pair-48512a64612dc8749d4f6929,pair-48512a64612dc8749d4f6929::r1,q19_event_old_low_value__mitigate_remote_path_bundle__gac_fdw_dba_topk_raw__query_shape-event_old_low_value__cutoff_ts-2026-06-24-00-00-00-00__limit_k-250__include_apac-True,gac_fdw_dba_topk_raw,"{""cutoff_ts"": ""2026-06-24 00:00:00+00"", ""include_apac"": true, ""limit_k"": 250, ""query_shape"": ""event_old_low_value""}",master-regimes/generated/corpus/confirmatory-action-replication-v1/groups/confirmatory-action-replication-v1__topology-isolation-large-n3-v1__runtime-bundle-multi-edge__analytics_clients/queries/q19_event_old_low_value__mitigate_remote_path_bundle__gac_fdw_dba_topk_raw__query_shape-event_old_low_value__cutoff_ts-2026-06-24-00-00-00-00__limit_k-250__include_apac-True.sql,"coordinator_raw_fanin,coordinator_sort_topk",confirmatory-action-replication-v1,confirmatory-action-replication-v1,batch-confirmatory-action-replication-v1,fuzzy-intervention-memory-v1,q19_event_old_low_value__mitigate_remote_path_bundle,dba_local_memory_topk,multiregion_union,gac_multi_edge,global_query,confirmatory_q19_event_old_low_value,topology-isolation-large-n3-v1,dba_topk_balanced_remote_mitigated,eu_us_apac_gac,final_check,combined_pressure,local_intervention_memory,mitigated,mitigated,q19_event_old_low_value__mitigate_remote_path_bundle,remote_transport_bundle,confirmatory_holdout,,,,,,,,mitigate_remote_path_bundle,global_gac_mitigation_gain_log2,confirmatory_action_replication,"gac_finalization_heavy,remote_fetch_heavy",pilot,"{""fetch_size"":""high"",""wan_latency"":""high"",""work_mem"":""high""}","supports_region_partitioning,supports_large_scan","{""filter_uses_distribution_key"":false,""group_by_uses_distribution_key"":false,""join_uses_distribution_key"":false,""multi_tenant_scope"":true,""order_by_uses_distribution_key"":false,""single_tenant_scope"":false,""tenant_filter_present"":false}",,balanced_williams_confirmatory,explicit_schedule,,false,1,101,false
cond-dc01acff6e758d390b4a,cond-dc01acff6e758d390b4a::r1,pair-05c2294075e5febb2ac80986,pair-05c2294075e5febb2ac80986::r1,q19_event_old_low_value__baseline__gac_fdw_dba_topk_raw__query_shape-event_old_low_value__cutoff_ts-2026-06-24-00-00-00-00__limit_k-250__include_apac-True,gac_fdw_dba_topk_raw,"{""cutoff_ts"": ""2026-06-24 00:00:00+00"", ""include_apac"": true, ""limit_k"": 250, ""query_shape"": ""event_old_low_value""}",master-regimes/generated/corpus/confirmatory-action-replication-v1/groups/confirmatory-action-replication-v1__topology-isolation-large-n3-v1__runtime-bundle-multi-edge__analytics_clients/queries/q19_event_old_low_value__baseline__gac_fdw_dba_topk_raw__query_shape-event_old_low_value__cutoff_ts-2026-06-24-00-00-00-00__limit_k-250__include_apac-True.sql,"coordinator_raw_fanin,coordinator_sort_topk",confirmatory-action-replication-v1,confirmatory-action-replication-v1,batch-confirmatory-action-replication-v1,fuzzy-intervention-memory-v1,q19_event_old_low_value__baseline,dba_local_memory_topk,multiregion_union,gac_multi_edge,global_query,confirmatory_q19_event_old_low_value,topology-isolation-large-n3-v1,dba_topk_balanced_stressed,eu_us_apac_gac,final_check,combined_pressure,local_intervention_memory,stressed,stressed,q19_event_old_low_value__shared_baseline,gac_raw_topk,confirmatory_holdout,,,,,,,,,global_gac_mitigation_gain_log2,confirmatory_action_replication,"gac_finalization_heavy,remote_fetch_heavy",pilot,"{""fetch_size"":""high"",""wan_latency"":""high"",""work_mem"":""high""}","supports_region_partitioning,supports_large_scan","{""filter_uses_distribution_key"":false,""group_by_uses_distribution_key"":false,""join_uses_distribution_key"":false,""multi_tenant_scope"":true,""order_by_uses_distribution_key"":false,""single_tenant_scope"":false,""tenant_filter_present"":false}",,balanced_williams_confirmatory,explicit_schedule,,false,1,102,false
cond-d1bf7e08b663c3f91ac6,cond-d1bf7e08b663c3f91ac6::r1,pair-98b704f4defbbbb407767c07,pair-98b704f4defbbbb407767c07::r1,q19_event_old_low_value__regional_topk_candidates__gac_fdw_dba_topk_regional__query_shape-event_old_low_value__cutoff_ts-2026-06-24-00-00-00-00__limit_k-250__include_apac-True,gac_fdw_dba_topk_regional,"{""cutoff_ts"": ""2026-06-24 00:00:00+00"", ""include_apac"": true, ""limit_k"": 250, ""query_shape"": ""event_old_low_value""}",master-regimes/generated/corpus/confirmatory-action-replication-v1/groups/confirmatory-action-replication-v1__topology-isolation-large-n3-v1__runtime-bundle-multi-edge__analytics_clients/queries/q19_event_old_low_value__regional_topk_candidates__gac_fdw_dba_topk_regional__query_shape-event_old_low_value__cutoff_ts-2026-06-24-00-00-00-00__limit_k-250__include_apac-True.sql,"regional_topk,coordinator_sort_topk",confirmatory-action-replication-v1,confirmatory-action-replication-v1,batch-confirmatory-action-replication-v1,fuzzy-intervention-memory-v1,q19_event_old_low_value__regional_topk_candidates,dba_local_memory_topk,multiregion_union,gac_multi_edge,global_query,confirmatory_q19_event_old_low_value,topology-isolation-large-n3-v1,dba_topk_balanced_stressed,eu_us_apac_gac,final_check,combined_pressure,local_intervention_memory,mitigated,mitigated,q19_event_old_low_value__regional_topk_candidates,regional_topk_candidates,confirmatory_holdout,,,,,,,,regional_topk_candidates,global_gac_mitigation_gain_log2,confirmatory_action_replication,"gac_finalization_heavy,well_reduced_localized",pilot,"{""fetch_size"":""medium"",""wan_latency"":""medium"",""work_mem"":""medium""}","supports_region_partitioning,supports_large_scan","{""filter_uses_distribution_key"":false,""group_by_uses_distribution_key"":false,""join_uses_distribution_key"":false,""multi_tenant_scope"":true,""order_by_uses_distribution_key"":false,""single_tenant_scope"":false,""tenant_filter_present"":false}",,balanced_williams_confirmatory,explicit_schedule,,false,1,103,false
cond-ebc858113b618f505d31,cond-ebc858113b618f505d31::r1,pair-28bc7a9bd2dcbea6f92cb83d,pair-28bc7a9bd2dcbea6f92cb83d::r1,q19_event_old_low_value__increase_gac_work_mem__gac_fdw_dba_topk_raw__query_shape-event_old_low_value__cutoff_ts-2026-06-24-00-00-00-00__limit_k-250__include_apac-True,gac_fdw_dba_topk_raw,"{""cutoff_ts"": ""2026-06-24 00:00:00+00"", ""include_apac"": true, ""limit_k"": 250, ""query_shape"": ""event_old_low_value""}",master-regimes/generated/corpus/confirmatory-action-replication-v1/groups/confirmatory-action-replication-v1__topology-isolation-large-n3-v1__runtime-bundle-multi-edge__analytics_clients/queries/q19_event_old_low_value__increase_gac_work_mem__gac_fdw_dba_topk_raw__query_shape-event_old_low_value__cutoff_ts-2026-06-24-00-00-00-00__limit_k-250__include_apac-True.sql,"coordinator_raw_fanin,coordinator_sort_topk",confirmatory-action-replication-v1,confirmatory-action-replication-v1,batch-confirmatory-action-replication-v1,fuzzy-intervention-memory-v1,q19_event_old_low_value__increase_gac_work_mem,dba_local_memory_topk,multiregion_union,gac_multi_edge,global_query,confirmatory_q19_event_old_low_value,topology-isolation-large-n3-v1,dba_topk_balanced_gac_mitigated,eu_us_apac_gac,final_check,combined_pressure,local_intervention_memory,mitigated,mitigated,q19_event_old_low_value__increase_gac_work_mem,gac_memory_increase,confirmatory_holdout,,,,,,,,increase_gac_work_mem,global_gac_mitigation_gain_log2,confirmatory_action_replication,"gac_finalization_heavy,remote_fetch_heavy",pilot,"{""fetch_size"":""high"",""wan_latency"":""high"",""work_mem"":""high""}","supports_region_partitioning,supports_large_scan","{""filter_uses_distribution_key"":false,""group_by_uses_distribution_key"":false,""join_uses_distribution_key"":false,""multi_tenant_scope"":true,""order_by_uses_distribution_key"":false,""single_tenant_scope"":false,""tenant_filter_present"":false}",,balanced_williams_confirmatory,explicit_schedule,,false,1,104,false
cond-a0db2eac4b88e0b54bdc,cond-a0db2eac4b88e0b54bdc::r1,pair-41f7834f6d3b30731f9cc5d3,pair-41f7834f6d3b30731f9cc5d3::r1,q23_tenant_even_user_count__baseline__gac_fdw_dba_topk_raw__query_shape-tenant_even_user_count__cutoff_ts-2026-06-24-00-00-00-00__limit_k-100__include_apac-True,gac_fdw_dba_topk_raw,"{""cutoff_ts"": ""2026-06-24 00:00:00+00"", ""include_apac"": true, ""limit_k"": 100, ""query_shape"": ""tenant_even_user_count""}",master-regimes/generated/corpus/confirmatory-action-replication-v1/groups/confirmatory-action-replication-v1__topology-isolation-large-n3-v1__runtime-bundle-multi-edge__analytics_clients/queries/q23_tenant_even_user_count__baseline__gac_fdw_dba_topk_raw__query_shape-tenant_even_user_count__cutoff_ts-2026-06-24-00-00-00-00__limit_k-100__include_apac-True.sql,"coordinator_raw_fanin,coordinator_sort_topk",confirmatory-action-replication-v1,confirmatory-action-replication-v1,batch-confirmatory-action-replication-v1,fuzzy-intervention-memory-v1,q23_tenant_even_user_count__baseline,dba_local_memory_topk,multiregion_union,gac_multi_edge,global_query,confirmatory_q23_tenant_even_user_count,topology-isolation-large-n3-v1,dba_topk_balanced_stressed,eu_us_apac_gac,final_check,combined_pressure,local_intervention_memory,stressed,stressed,q23_tenant_even_user_count__shared_baseline,gac_raw_topk,confirmatory_holdout,,,,,,,,,global_gac_mitigation_gain_log2,confirmatory_action_replication,"gac_finalization_heavy,remote_fetch_heavy",pilot,"{""fetch_size"":""high"",""wan_latency"":""high"",""work_mem"":""high""}","supports_region_partitioning,supports_large_scan","{""filter_uses_distribution_key"":false,""group_by_uses_distribution_key"":false,""join_uses_distribution_key"":false,""multi_tenant_scope"":true,""order_by_uses_distribution_key"":false,""single_tenant_scope"":false,""tenant_filter_present"":false}",,balanced_williams_confirmatory,explicit_schedule,,false,1,105,false
cond-4036797e87876e752672,cond-4036797e87876e752672::r1,pair-01ce3e0a23db03ad0c405a36,pair-01ce3e0a23db03ad0c405a36::r1,q23_tenant_even_user_count__increase_gac_work_mem__gac_fdw_dba_topk_raw__query_shape-tenant_even_user_count__cutoff_ts-2026-06-24-00-00-00-00__limit_k-100__include_apac-True,gac_fdw_dba_topk_raw,"{""cutoff_ts"": ""2026-06-24 00:00:00+00"", ""include_apac"": true, ""limit_k"": 100, ""query_shape"": ""tenant_even_user_count""}",master-regimes/generated/corpus/confirmatory-action-replication-v1/groups/confirmatory-action-replication-v1__topology-isolation-large-n3-v1__runtime-bundle-multi-edge__analytics_clients/queries/q23_tenant_even_user_count__increase_gac_work_mem__gac_fdw_dba_topk_raw__query_shape-tenant_even_user_count__cutoff_ts-2026-06-24-00-00-00-00__limit_k-100__include_apac-True.sql,"coordinator_raw_fanin,coordinator_sort_topk",confirmatory-action-replication-v1,confirmatory-action-replication-v1,batch-confirmatory-action-replication-v1,fuzzy-intervention-memory-v1,q23_tenant_even_user_count__increase_gac_work_mem,dba_local_memory_topk,multiregion_union,gac_multi_edge,global_query,confirmatory_q23_tenant_even_user_count,topology-isolation-large-n3-v1,dba_topk_balanced_gac_mitigated,eu_us_apac_gac,final_check,combined_pressure,local_intervention_memory,mitigated,mitigated,q23_tenant_even_user_count__increase_gac_work_mem,gac_memory_increase,confirmatory_holdout,,,,,,,,increase_gac_work_mem,global_gac_mitigation_gain_log2,confirmatory_action_replication,"gac_finalization_heavy,remote_fetch_heavy",pilot,"{""fetch_size"":""high"",""wan_latency"":""high"",""work_mem"":""high""}","supports_region_partitioning,supports_large_scan","{""filter_uses_distribution_key"":false,""group_by_uses_distribution_key"":false,""join_uses_distribution_key"":false,""multi_tenant_scope"":true,""order_by_uses_distribution_key"":false,""single_tenant_scope"":false,""tenant_filter_present"":false}",,balanced_williams_confirmatory,explicit_schedule,,false,1,106,false
cond-e657cd5676494c699765,cond-e657cd5676494c699765::r1,pair-1ce38a1721a1ec238249c1ec,pair-1ce38a1721a1ec238249c1ec::r1,q23_tenant_even_user_count__mitigate_remote_path_bundle__gac_fdw_dba_topk_raw__query_shape-tenant_even_user_count__cutoff_ts-2026-06-24-00-00-00-00__limit_k-100__include_apac-True,gac_fdw_dba_topk_raw,"{""cutoff_ts"": ""2026-06-24 00:00:00+00"", ""include_apac"": true, ""limit_k"": 100, ""query_shape"": ""tenant_even_user_count""}",master-regimes/generated/corpus/confirmatory-action-replication-v1/groups/confirmatory-action-replication-v1__topology-isolation-large-n3-v1__runtime-bundle-multi-edge__analytics_clients/queries/q23_tenant_even_user_count__mitigate_remote_path_bundle__gac_fdw_dba_topk_raw__query_shape-tenant_even_user_count__cutoff_ts-2026-06-24-00-00-00-00__limit_k-100__include_apac-True.sql,"coordinator_raw_fanin,coordinator_sort_topk",confirmatory-action-replication-v1,confirmatory-action-replication-v1,batch-confirmatory-action-replication-v1,fuzzy-intervention-memory-v1,q23_tenant_even_user_count__mitigate_remote_path_bundle,dba_local_memory_topk,multiregion_union,gac_multi_edge,global_query,confirmatory_q23_tenant_even_user_count,topology-isolation-large-n3-v1,dba_topk_balanced_remote_mitigated,eu_us_apac_gac,final_check,combined_pressure,local_intervention_memory,mitigated,mitigated,q23_tenant_even_user_count__mitigate_remote_path_bundle,remote_transport_bundle,confirmatory_holdout,,,,,,,,mitigate_remote_path_bundle,global_gac_mitigation_gain_log2,confirmatory_action_replication,"gac_finalization_heavy,remote_fetch_heavy",pilot,"{""fetch_size"":""high"",""wan_latency"":""high"",""work_mem"":""high""}","supports_region_partitioning,supports_large_scan","{""filter_uses_distribution_key"":false,""group_by_uses_distribution_key"":false,""join_uses_distribution_key"":false,""multi_tenant_scope"":true,""order_by_uses_distribution_key"":false,""single_tenant_scope"":false,""tenant_filter_present"":false}",,balanced_williams_confirmatory,explicit_schedule,,false,1,107,false
cond-f23cd7aab59e8ec5098d,cond-f23cd7aab59e8ec5098d::r1,pair-ba930b22b645b2e6000e38ef,pair-ba930b22b645b2e6000e38ef::r1,q23_tenant_even_user_count__regional_topk_candidates__gac_fdw_dba_topk_regional__query_shape-tenant_even_user_count__cutoff_ts-2026-06-24-00-00-00-00__limit_k-100__include_apac-True,gac_fdw_dba_topk_regional,"{""cutoff_ts"": ""2026-06-24 00:00:00+00"", ""include_apac"": true, ""limit_k"": 100, ""query_shape"": ""tenant_even_user_count""}",master-regimes/generated/corpus/confirmatory-action-replication-v1/groups/confirmatory-action-replication-v1__topology-isolation-large-n3-v1__runtime-bundle-multi-edge__analytics_clients/queries/q23_tenant_even_user_count__regional_topk_candidates__gac_fdw_dba_topk_regional__query_shape-tenant_even_user_count__cutoff_ts-2026-06-24-00-00-00-00__limit_k-100__include_apac-True.sql,"regional_topk,coordinator_sort_topk",confirmatory-action-replication-v1,confirmatory-action-replication-v1,batch-confirmatory-action-replication-v1,fuzzy-intervention-memory-v1,q23_tenant_even_user_count__regional_topk_candidates,dba_local_memory_topk,multiregion_union,gac_multi_edge,global_query,confirmatory_q23_tenant_even_user_count,topology-isolation-large-n3-v1,dba_topk_balanced_stressed,eu_us_apac_gac,final_check,combined_pressure,local_intervention_memory,mitigated,mitigated,q23_tenant_even_user_count__regional_topk_candidates,regional_topk_candidates,confirmatory_holdout,,,,,,,,regional_topk_candidates,global_gac_mitigation_gain_log2,confirmatory_action_replication,"gac_finalization_heavy,well_reduced_localized",pilot,"{""fetch_size"":""medium"",""wan_latency"":""medium"",""work_mem"":""medium""}","supports_region_partitioning,supports_large_scan","{""filter_uses_distribution_key"":false,""group_by_uses_distribution_key"":false,""join_uses_distribution_key"":false,""multi_tenant_scope"":true,""order_by_uses_distribution_key"":false,""single_tenant_scope"":false,""tenant_filter_present"":false}",,balanced_williams_confirmatory,explicit_schedule,,false,1,108,false
cond-2206c85945db8e92e8b5,cond-2206c85945db8e92e8b5::r1,pair-53bc30de80c30e13df8fca13,pair-53bc30de80c30e13df8fca13::r1,q28_user_count__increase_gac_work_mem__gac_fdw_dba_topk_raw__query_shape-user_count__cutoff_ts-2026-06-27-00-00-00-00__limit_k-100__include_apac-True,gac_fdw_dba_topk_raw,"{""cutoff_ts"": ""2026-06-27 00:00:00+00"", ""include_apac"": true, ""limit_k"": 100, ""query_shape"": ""user_count""}",master-regimes/generated/corpus/confirmatory-action-replication-v1/groups/confirmatory-action-replication-v1__topology-isolation-large-n3-v1__runtime-bundle-multi-edge__analytics_clients/queries/q28_user_count__increase_gac_work_mem__gac_fdw_dba_topk_raw__query_shape-user_count__cutoff_ts-2026-06-27-00-00-00-00__limit_k-100__include_apac-True.sql,"coordinator_raw_fanin,coordinator_sort_topk",confirmatory-action-replication-v1,confirmatory-action-replication-v1,batch-confirmatory-action-replication-v1,fuzzy-intervention-memory-v1,q28_user_count__increase_gac_work_mem,dba_local_memory_topk,multiregion_union,gac_multi_edge,global_query,confirmatory_q28_user_count,topology-isolation-large-n3-v1,dba_topk_balanced_gac_mitigated,eu_us_apac_gac,final_check,combined_pressure,local_intervention_memory,mitigated,mitigated,q28_user_count__increase_gac_work_mem,gac_memory_increase,confirmatory_holdout,,,,,,,,increase_gac_work_mem,global_gac_mitigation_gain_log2,confirmatory_action_replication,"gac_finalization_heavy,remote_fetch_heavy",pilot,"{""fetch_size"":""high"",""wan_latency"":""high"",""work_mem"":""high""}","supports_region_partitioning,supports_large_scan","{""filter_uses_distribution_key"":false,""group_by_uses_distribution_key"":false,""join_uses_distribution_key"":false,""multi_tenant_scope"":true,""order_by_uses_distribution_key"":false,""single_tenant_scope"":false,""tenant_filter_present"":false}",,balanced_williams_confirmatory,explicit_schedule,,false,1,109,false
cond-853d379dfe002304522e,cond-853d379dfe002304522e::r1,pair-89ee7352dd383a3bb9c0c432,pair-89ee7352dd383a3bb9c0c432::r1,q28_user_count__regional_topk_candidates__gac_fdw_dba_topk_regional__query_shape-user_count__cutoff_ts-2026-06-27-00-00-00-00__limit_k-100__include_apac-True,gac_fdw_dba_topk_regional,"{""cutoff_ts"": ""2026-06-27 00:00:00+00"", ""include_apac"": true, ""limit_k"": 100, ""query_shape"": ""user_count""}",master-regimes/generated/corpus/confirmatory-action-replication-v1/groups/confirmatory-action-replication-v1__topology-isolation-large-n3-v1__runtime-bundle-multi-edge__analytics_clients/queries/q28_user_count__regional_topk_candidates__gac_fdw_dba_topk_regional__query_shape-user_count__cutoff_ts-2026-06-27-00-00-00-00__limit_k-100__include_apac-True.sql,"regional_topk,coordinator_sort_topk",confirmatory-action-replication-v1,confirmatory-action-replication-v1,batch-confirmatory-action-replication-v1,fuzzy-intervention-memory-v1,q28_user_count__regional_topk_candidates,dba_local_memory_topk,multiregion_union,gac_multi_edge,global_query,confirmatory_q28_user_count,topology-isolation-large-n3-v1,dba_topk_balanced_stressed,eu_us_apac_gac,final_check,combined_pressure,local_intervention_memory,mitigated,mitigated,q28_user_count__regional_topk_candidates,regional_topk_candidates,confirmatory_holdout,,,,,,,,regional_topk_candidates,global_gac_mitigation_gain_log2,confirmatory_action_replication,"gac_finalization_heavy,well_reduced_localized",pilot,"{""fetch_size"":""medium"",""wan_latency"":""medium"",""work_mem"":""medium""}","supports_region_partitioning,supports_large_scan","{""filter_uses_distribution_key"":false,""group_by_uses_distribution_key"":false,""join_uses_distribution_key"":false,""multi_tenant_scope"":true,""order_by_uses_distribution_key"":false,""single_tenant_scope"":false,""tenant_filter_present"":false}",,balanced_williams_confirmatory,explicit_schedule,,false,1,110,false
cond-e518af9532fd3c8da41f,cond-e518af9532fd3c8da41f::r1,pair-0c1e60b00747989238020548,pair-0c1e60b00747989238020548::r1,q28_user_count__baseline__gac_fdw_dba_topk_raw__query_shape-user_count__cutoff_ts-2026-06-27-00-00-00-00__limit_k-100__include_apac-True,gac_fdw_dba_topk_raw,"{""cutoff_ts"": ""2026-06-27 00:00:00+00"", ""include_apac"": true, ""limit_k"": 100, ""query_shape"": ""user_count""}",master-regimes/generated/corpus/confirmatory-action-replication-v1/groups/confirmatory-action-replication-v1__topology-isolation-large-n3-v1__runtime-bundle-multi-edge__analytics_clients/queries/q28_user_count__baseline__gac_fdw_dba_topk_raw__query_shape-user_count__cutoff_ts-2026-06-27-00-00-00-00__limit_k-100__include_apac-True.sql,"coordinator_raw_fanin,coordinator_sort_topk",confirmatory-action-replication-v1,confirmatory-action-replication-v1,batch-confirmatory-action-replication-v1,fuzzy-intervention-memory-v1,q28_user_count__baseline,dba_local_memory_topk,multiregion_union,gac_multi_edge,global_query,confirmatory_q28_user_count,topology-isolation-large-n3-v1,dba_topk_balanced_stressed,eu_us_apac_gac,final_check,combined_pressure,local_intervention_memory,stressed,stressed,q28_user_count__shared_baseline,gac_raw_topk,confirmatory_holdout,,,,,,,,,global_gac_mitigation_gain_log2,confirmatory_action_replication,"gac_finalization_heavy,remote_fetch_heavy",pilot,"{""fetch_size"":""high"",""wan_latency"":""high"",""work_mem"":""high""}","supports_region_partitioning,supports_large_scan","{""filter_uses_distribution_key"":false,""group_by_uses_distribution_key"":false,""join_uses_distribution_key"":false,""multi_tenant_scope"":true,""order_by_uses_distribution_key"":false,""single_tenant_scope"":false,""tenant_filter_present"":false}",,balanced_williams_confirmatory,explicit_schedule,,false,1,111,false
cond-a8b793a1a110500269f2,cond-a8b793a1a110500269f2::r1,pair-f00d3ce2e2726ebe79437f0e,pair-f00d3ce2e2726ebe79437f0e::r1,q28_user_count__mitigate_remote_path_bundle__gac_fdw_dba_topk_raw__query_shape-user_count__cutoff_ts-2026-06-27-00-00-00-00__limit_k-100__include_apac-True,gac_fdw_dba_topk_raw,"{""cutoff_ts"": ""2026-06-27 00:00:00+00"", ""include_apac"": true, ""limit_k"": 100, ""query_shape"": ""user_count""}",master-regimes/generated/corpus/confirmatory-action-replication-v1/groups/confirmatory-action-replication-v1__topology-isolation-large-n3-v1__runtime-bundle-multi-edge__analytics_clients/queries/q28_user_count__mitigate_remote_path_bundle__gac_fdw_dba_topk_raw__query_shape-user_count__cutoff_ts-2026-06-27-00-00-00-00__limit_k-100__include_apac-True.sql,"coordinator_raw_fanin,coordinator_sort_topk",confirmatory-action-replication-v1,confirmatory-action-replication-v1,batch-confirmatory-action-replication-v1,fuzzy-intervention-memory-v1,q28_user_count__mitigate_remote_path_bundle,dba_local_memory_topk,multiregion_union,gac_multi_edge,global_query,confirmatory_q28_user_count,topology-isolation-large-n3-v1,dba_topk_balanced_remote_mitigated,eu_us_apac_gac,final_check,combined_pressure,local_intervention_memory,mitigated,mitigated,q28_user_count__mitigate_remote_path_bundle,remote_transport_bundle,confirmatory_holdout,,,,,,,,mitigate_remote_path_bundle,global_gac_mitigation_gain_log2,confirmatory_action_replication,"gac_finalization_heavy,remote_fetch_heavy",pilot,"{""fetch_size"":""high"",""wan_latency"":""high"",""work_mem"":""high""}","supports_region_partitioning,supports_large_scan","{""filter_uses_distribution_key"":false,""group_by_uses_distribution_key"":false,""join_uses_distribution_key"":false,""multi_tenant_scope"":true,""order_by_uses_distribution_key"":false,""single_tenant_scope"":false,""tenant_filter_present"":false}",,balanced_williams_confirmatory,explicit_schedule,,false,1,112,false
cond-d640b35b387ab7459f6b,cond-d640b35b387ab7459f6b::r1,pair-791f99d1b18dbce9fc1472e8,pair-791f99d1b18dbce9fc1472e8::r1,q17_event_log_value__regional_topk_candidates__gac_fdw_dba_topk_regional__query_shape-event_log_value__cutoff_ts-2026-06-29-00-00-00-00__limit_k-50__include_apac-True,gac_fdw_dba_topk_regional,"{""cutoff_ts"": ""2026-06-29 00:00:00+00"", ""include_apac"": true, ""limit_k"": 50, ""query_shape"": ""event_log_value""}",master-regimes/generated/corpus/confirmatory-action-replication-v1/groups/confirmatory-action-replication-v1__topology-isolation-large-n3-v1__runtime-bundle-multi-edge__analytics_clients/queries/q17_event_log_value__regional_topk_candidates__gac_fdw_dba_topk_regional__query_shape-event_log_value__cutoff_ts-2026-06-29-00-00-00-00__limit_k-50__include_apac-True.sql,"regional_topk,coordinator_sort_topk",confirmatory-action-replication-v1,confirmatory-action-replication-v1,batch-confirmatory-action-replication-v1,fuzzy-intervention-memory-v1,q17_event_log_value__regional_topk_candidates,dba_local_memory_topk,multiregion_union,gac_multi_edge,global_query,confirmatory_q17_event_log_value,topology-isolation-large-n3-v1,dba_topk_balanced_stressed,eu_us_apac_gac,final_check,combined_pressure,local_intervention_memory,mitigated,mitigated,q17_event_log_value__regional_topk_candidates,regional_topk_candidates,confirmatory_holdout,,,,,,,,regional_topk_candidates,global_gac_mitigation_gain_log2,confirmatory_action_replication,"gac_finalization_heavy,well_reduced_localized",pilot,"{""fetch_size"":""medium"",""wan_latency"":""medium"",""work_mem"":""medium""}","supports_region_partitioning,supports_large_scan","{""filter_uses_distribution_key"":false,""group_by_uses_distribution_key"":false,""join_uses_distribution_key"":false,""multi_tenant_scope"":true,""order_by_uses_distribution_key"":false,""single_tenant_scope"":false,""tenant_filter_present"":false}",,balanced_williams_confirmatory,explicit_schedule,,false,1,113,false
cond-ae6bfc74ec4b88155b46,cond-ae6bfc74ec4b88155b46::r1,pair-d1bdedaac653339a295fcf33,pair-d1bdedaac653339a295fcf33::r1,q17_event_log_value__mitigate_remote_path_bundle__gac_fdw_dba_topk_raw__query_shape-event_log_value__cutoff_ts-2026-06-29-00-00-00-00__limit_k-50__include_apac-True,gac_fdw_dba_topk_raw,"{""cutoff_ts"": ""2026-06-29 00:00:00+00"", ""include_apac"": true, ""limit_k"": 50, ""query_shape"": ""event_log_value""}",master-regimes/generated/corpus/confirmatory-action-replication-v1/groups/confirmatory-action-replication-v1__topology-isolation-large-n3-v1__runtime-bundle-multi-edge__analytics_clients/queries/q17_event_log_value__mitigate_remote_path_bundle__gac_fdw_dba_topk_raw__query_shape-event_log_value__cutoff_ts-2026-06-29-00-00-00-00__limit_k-50__include_apac-True.sql,"coordinator_raw_fanin,coordinator_sort_topk",confirmatory-action-replication-v1,confirmatory-action-replication-v1,batch-confirmatory-action-replication-v1,fuzzy-intervention-memory-v1,q17_event_log_value__mitigate_remote_path_bundle,dba_local_memory_topk,multiregion_union,gac_multi_edge,global_query,confirmatory_q17_event_log_value,topology-isolation-large-n3-v1,dba_topk_balanced_remote_mitigated,eu_us_apac_gac,final_check,combined_pressure,local_intervention_memory,mitigated,mitigated,q17_event_log_value__mitigate_remote_path_bundle,remote_transport_bundle,confirmatory_holdout,,,,,,,,mitigate_remote_path_bundle,global_gac_mitigation_gain_log2,confirmatory_action_replication,"gac_finalization_heavy,remote_fetch_heavy",pilot,"{""fetch_size"":""high"",""wan_latency"":""high"",""work_mem"":""high""}","supports_region_partitioning,supports_large_scan","{""filter_uses_distribution_key"":false,""group_by_uses_distribution_key"":false,""join_uses_distribution_key"":false,""multi_tenant_scope"":true,""order_by_uses_distribution_key"":false,""single_tenant_scope"":false,""tenant_filter_present"":false}",,balanced_williams_confirmatory,explicit_schedule,,false,1,114,false
cond-c08518b655f49020d9ab,cond-c08518b655f49020d9ab::r1,pair-49337cd3d2698fc7b5202970,pair-49337cd3d2698fc7b5202970::r1,q17_event_log_value__increase_gac_work_mem__gac_fdw_dba_topk_raw__query_shape-event_log_value__cutoff_ts-2026-06-29-00-00-00-00__limit_k-50__include_apac-True,gac_fdw_dba_topk_raw,"{""cutoff_ts"": ""2026-06-29 00:00:00+00"", ""include_apac"": true, ""limit_k"": 50, ""query_shape"": ""event_log_value""}",master-regimes/generated/corpus/confirmatory-action-replication-v1/groups/confirmatory-action-replication-v1__topology-isolation-large-n3-v1__runtime-bundle-multi-edge__analytics_clients/queries/q17_event_log_value__increase_gac_work_mem__gac_fdw_dba_topk_raw__query_shape-event_log_value__cutoff_ts-2026-06-29-00-00-00-00__limit_k-50__include_apac-True.sql,"coordinator_raw_fanin,coordinator_sort_topk",confirmatory-action-replication-v1,confirmatory-action-replication-v1,batch-confirmatory-action-replication-v1,fuzzy-intervention-memory-v1,q17_event_log_value__increase_gac_work_mem,dba_local_memory_topk,multiregion_union,gac_multi_edge,global_query,confirmatory_q17_event_log_value,topology-isolation-large-n3-v1,dba_topk_balanced_gac_mitigated,eu_us_apac_gac,final_check,combined_pressure,local_intervention_memory,mitigated,mitigated,q17_event_log_value__increase_gac_work_mem,gac_memory_increase,confirmatory_holdout,,,,,,,,increase_gac_work_mem,global_gac_mitigation_gain_log2,confirmatory_action_replication,"gac_finalization_heavy,remote_fetch_heavy",pilot,"{""fetch_size"":""high"",""wan_latency"":""high"",""work_mem"":""high""}","supports_region_partitioning,supports_large_scan","{""filter_uses_distribution_key"":false,""group_by_uses_distribution_key"":false,""join_uses_distribution_key"":false,""multi_tenant_scope"":true,""order_by_uses_distribution_key"":false,""single_tenant_scope"":false,""tenant_filter_present"":false}",,balanced_williams_confirmatory,explicit_schedule,,false,1,115,false
cond-ffaf0f865cf7dc1409cc,cond-ffaf0f865cf7dc1409cc::r1,pair-b6d210f427bbd8cef5ac71bd,pair-b6d210f427bbd8cef5ac71bd::r1,q17_event_log_value__baseline__gac_fdw_dba_topk_raw__query_shape-event_log_value__cutoff_ts-2026-06-29-00-00-00-00__limit_k-50__include_apac-True,gac_fdw_dba_topk_raw,"{""cutoff_ts"": ""2026-06-29 00:00:00+00"", ""include_apac"": true, ""limit_k"": 50, ""query_shape"": ""event_log_value""}",master-regimes/generated/corpus/confirmatory-action-replication-v1/groups/confirmatory-action-replication-v1__topology-isolation-large-n3-v1__runtime-bundle-multi-edge__analytics_clients/queries/q17_event_log_value__baseline__gac_fdw_dba_topk_raw__query_shape-event_log_value__cutoff_ts-2026-06-29-00-00-00-00__limit_k-50__include_apac-True.sql,"coordinator_raw_fanin,coordinator_sort_topk",confirmatory-action-replication-v1,confirmatory-action-replication-v1,batch-confirmatory-action-replication-v1,fuzzy-intervention-memory-v1,q17_event_log_value__baseline,dba_local_memory_topk,multiregion_union,gac_multi_edge,global_query,confirmatory_q17_event_log_value,topology-isolation-large-n3-v1,dba_topk_balanced_stressed,eu_us_apac_gac,final_check,combined_pressure,local_intervention_memory,stressed,stressed,q17_event_log_value__shared_baseline,gac_raw_topk,confirmatory_holdout,,,,,,,,,global_gac_mitigation_gain_log2,confirmatory_action_replication,"gac_finalization_heavy,remote_fetch_heavy",pilot,"{""fetch_size"":""high"",""wan_latency"":""high"",""work_mem"":""high""}","supports_region_partitioning,supports_large_scan","{""filter_uses_distribution_key"":false,""group_by_uses_distribution_key"":false,""join_uses_distribution_key"":false,""multi_tenant_scope"":true,""order_by_uses_distribution_key"":false,""single_tenant_scope"":false,""tenant_filter_present"":false}",,balanced_williams_confirmatory,explicit_schedule,,false,1,116,false
cond-a31fb62a5a5f78eee06c,cond-a31fb62a5a5f78eee06c::r1,pair-cf20192341c52470fd38e45c,pair-cf20192341c52470fd38e45c::r1,q25_tenant_day_avg__mitigate_remote_path_bundle__gac_fdw_dba_topk_raw__query_shape-tenant_day_avg__cutoff_ts-2026-06-29-00-00-00-00__limit_k-500__include_apac-True,gac_fdw_dba_topk_raw,"{""cutoff_ts"": ""2026-06-29 00:00:00+00"", ""include_apac"": true, ""limit_k"": 500, ""query_shape"": ""tenant_day_avg""}",master-regimes/generated/corpus/confirmatory-action-replication-v1/groups/confirmatory-action-replication-v1__topology-isolation-large-n3-v1__runtime-bundle-multi-edge__analytics_clients/queries/q25_tenant_day_avg__mitigate_remote_path_bundle__gac_fdw_dba_topk_raw__query_shape-tenant_day_avg__cutoff_ts-2026-06-29-00-00-00-00__limit_k-500__include_apac-True.sql,"coordinator_raw_fanin,coordinator_sort_topk",confirmatory-action-replication-v1,confirmatory-action-replication-v1,batch-confirmatory-action-replication-v1,fuzzy-intervention-memory-v1,q25_tenant_day_avg__mitigate_remote_path_bundle,dba_local_memory_topk,multiregion_union,gac_multi_edge,global_query,confirmatory_q25_tenant_day_avg,topology-isolation-large-n3-v1,dba_topk_balanced_remote_mitigated,eu_us_apac_gac,final_check,combined_pressure,local_intervention_memory,mitigated,mitigated,q25_tenant_day_avg__mitigate_remote_path_bundle,remote_transport_bundle,confirmatory_holdout,,,,,,,,mitigate_remote_path_bundle,global_gac_mitigation_gain_log2,confirmatory_action_replication,"gac_finalization_heavy,remote_fetch_heavy",pilot,"{""fetch_size"":""high"",""wan_latency"":""high"",""work_mem"":""high""}","supports_region_partitioning,supports_large_scan","{""filter_uses_distribution_key"":false,""group_by_uses_distribution_key"":false,""join_uses_distribution_key"":false,""multi_tenant_scope"":true,""order_by_uses_distribution_key"":false,""single_tenant_scope"":false,""tenant_filter_present"":false}",,balanced_williams_confirmatory,explicit_schedule,,false,1,117,false
cond-a303f06d1d83f7eaea61,cond-a303f06d1d83f7eaea61::r1,pair-37c16ba5bb4563f09fb38061,pair-37c16ba5bb4563f09fb38061::r1,q25_tenant_day_avg__baseline__gac_fdw_dba_topk_raw__query_shape-tenant_day_avg__cutoff_ts-2026-06-29-00-00-00-00__limit_k-500__include_apac-True,gac_fdw_dba_topk_raw,"{""cutoff_ts"": ""2026-06-29 00:00:00+00"", ""include_apac"": true, ""limit_k"": 500, ""query_shape"": ""tenant_day_avg""}",master-regimes/generated/corpus/confirmatory-action-replication-v1/groups/confirmatory-action-replication-v1__topology-isolation-large-n3-v1__runtime-bundle-multi-edge__analytics_clients/queries/q25_tenant_day_avg__baseline__gac_fdw_dba_topk_raw__query_shape-tenant_day_avg__cutoff_ts-2026-06-29-00-00-00-00__limit_k-500__include_apac-True.sql,"coordinator_raw_fanin,coordinator_sort_topk",confirmatory-action-replication-v1,confirmatory-action-replication-v1,batch-confirmatory-action-replication-v1,fuzzy-intervention-memory-v1,q25_tenant_day_avg__baseline,dba_local_memory_topk,multiregion_union,gac_multi_edge,global_query,confirmatory_q25_tenant_day_avg,topology-isolation-large-n3-v1,dba_topk_balanced_stressed,eu_us_apac_gac,final_check,combined_pressure,local_intervention_memory,stressed,stressed,q25_tenant_day_avg__shared_baseline,gac_raw_topk,confirmatory_holdout,,,,,,,,,global_gac_mitigation_gain_log2,confirmatory_action_replication,"gac_finalization_heavy,remote_fetch_heavy",pilot,"{""fetch_size"":""high"",""wan_latency"":""high"",""work_mem"":""high""}","supports_region_partitioning,supports_large_scan","{""filter_uses_distribution_key"":false,""group_by_uses_distribution_key"":false,""join_uses_distribution_key"":false,""multi_tenant_scope"":true,""order_by_uses_distribution_key"":false,""single_tenant_scope"":false,""tenant_filter_present"":false}",,balanced_williams_confirmatory,explicit_schedule,,false,1,118,false
cond-a28e3ac8abd2d1db0d3b,cond-a28e3ac8abd2d1db0d3b::r1,pair-a0b811d0028ad1e1c015c593,pair-a0b811d0028ad1e1c015c593::r1,q25_tenant_day_avg__regional_topk_candidates__gac_fdw_dba_topk_regional__query_shape-tenant_day_avg__cutoff_ts-2026-06-29-00-00-00-00__limit_k-500__include_apac-True,gac_fdw_dba_topk_regional,"{""cutoff_ts"": ""2026-06-29 00:00:00+00"", ""include_apac"": true, ""limit_k"": 500, ""query_shape"": ""tenant_day_avg""}",master-regimes/generated/corpus/confirmatory-action-replication-v1/groups/confirmatory-action-replication-v1__topology-isolation-large-n3-v1__runtime-bundle-multi-edge__analytics_clients/queries/q25_tenant_day_avg__regional_topk_candidates__gac_fdw_dba_topk_regional__query_shape-tenant_day_avg__cutoff_ts-2026-06-29-00-00-00-00__limit_k-500__include_apac-True.sql,"regional_topk,coordinator_sort_topk",confirmatory-action-replication-v1,confirmatory-action-replication-v1,batch-confirmatory-action-replication-v1,fuzzy-intervention-memory-v1,q25_tenant_day_avg__regional_topk_candidates,dba_local_memory_topk,multiregion_union,gac_multi_edge,global_query,confirmatory_q25_tenant_day_avg,topology-isolation-large-n3-v1,dba_topk_balanced_stressed,eu_us_apac_gac,final_check,combined_pressure,local_intervention_memory,mitigated,mitigated,q25_tenant_day_avg__regional_topk_candidates,regional_topk_candidates,confirmatory_holdout,,,,,,,,regional_topk_candidates,global_gac_mitigation_gain_log2,confirmatory_action_replication,"gac_finalization_heavy,well_reduced_localized",pilot,"{""fetch_size"":""medium"",""wan_latency"":""medium"",""work_mem"":""medium""}","supports_region_partitioning,supports_large_scan","{""filter_uses_distribution_key"":false,""group_by_uses_distribution_key"":false,""join_uses_distribution_key"":false,""multi_tenant_scope"":true,""order_by_uses_distribution_key"":false,""single_tenant_scope"":false,""tenant_filter_present"":false}",,balanced_williams_confirmatory,explicit_schedule,,false,1,119,false
cond-1ddc98899ffb69fd6f9c,cond-1ddc98899ffb69fd6f9c::r1,pair-71b0d769c4fdabdab532c563,pair-71b0d769c4fdabdab532c563::r1,q25_tenant_day_avg__increase_gac_work_mem__gac_fdw_dba_topk_raw__query_shape-tenant_day_avg__cutoff_ts-2026-06-29-00-00-00-00__limit_k-500__include_apac-True,gac_fdw_dba_topk_raw,"{""cutoff_ts"": ""2026-06-29 00:00:00+00"", ""include_apac"": true, ""limit_k"": 500, ""query_shape"": ""tenant_day_avg""}",master-regimes/generated/corpus/confirmatory-action-replication-v1/groups/confirmatory-action-replication-v1__topology-isolation-large-n3-v1__runtime-bundle-multi-edge__analytics_clients/queries/q25_tenant_day_avg__increase_gac_work_mem__gac_fdw_dba_topk_raw__query_shape-tenant_day_avg__cutoff_ts-2026-06-29-00-00-00-00__limit_k-500__include_apac-True.sql,"coordinator_raw_fanin,coordinator_sort_topk",confirmatory-action-replication-v1,confirmatory-action-replication-v1,batch-confirmatory-action-replication-v1,fuzzy-intervention-memory-v1,q25_tenant_day_avg__increase_gac_work_mem,dba_local_memory_topk,multiregion_union,gac_multi_edge,global_query,confirmatory_q25_tenant_day_avg,topology-isolation-large-n3-v1,dba_topk_balanced_gac_mitigated,eu_us_apac_gac,final_check,combined_pressure,local_intervention_memory,mitigated,mitigated,q25_tenant_day_avg__increase_gac_work_mem,gac_memory_increase,confirmatory_holdout,,,,,,,,increase_gac_work_mem,global_gac_mitigation_gain_log2,confirmatory_action_replication,"gac_finalization_heavy,remote_fetch_heavy",pilot,"{""fetch_size"":""high"",""wan_latency"":""high"",""work_mem"":""high""}","supports_region_partitioning,supports_large_scan","{""filter_uses_distribution_key"":false,""group_by_uses_distribution_key"":false,""join_uses_distribution_key"":false,""multi_tenant_scope"":true,""order_by_uses_distribution_key"":false,""single_tenant_scope"":false,""tenant_filter_present"":false}",,balanced_williams_confirmatory,explicit_schedule,,false,1,120,false
cond-7ae32f0997ca20ccfaf7,cond-7ae32f0997ca20ccfaf7::r2,pair-f44d65b3530b64496926c04a,pair-f44d65b3530b64496926c04a::r2,q20_event_tenant_weighted__regional_topk_candidates__gac_fdw_dba_topk_regional__query_shape-event_tenant_weighted__cutoff_ts-2026-06-30-00-00-00-00__limit_k-500__include_apac-True,gac_fdw_dba_topk_regional,"{""cutoff_ts"": ""2026-06-30 00:00:00+00"", ""include_apac"": true, ""limit_k"": 500, ""query_shape"": ""event_tenant_weighted""}",master-regimes/generated/corpus/confirmatory-action-replication-v1/groups/confirmatory-action-replication-v1__topology-isolation-large-n3-v1__runtime-bundle-multi-edge__analytics_clients/queries/q20_event_tenant_weighted__regional_topk_candidates__gac_fdw_dba_topk_regional__query_shape-event_tenant_weighted__cutoff_ts-2026-06-30-00-00-00-00__limit_k-500__include_apac-True.sql,"regional_topk,coordinator_sort_topk",confirmatory-action-replication-v1,confirmatory-action-replication-v1,batch-confirmatory-action-replication-v1,fuzzy-intervention-memory-v1,q20_event_tenant_weighted__regional_topk_candidates,dba_local_memory_topk,multiregion_union,gac_multi_edge,global_query,confirmatory_q20_event_tenant_weighted,topology-isolation-large-n3-v1,dba_topk_balanced_stressed,eu_us_apac_gac,final_check,combined_pressure,local_intervention_memory,mitigated,mitigated,q20_event_tenant_weighted__regional_topk_candidates,regional_topk_candidates,confirmatory_holdout,,,,,,,,regional_topk_candidates,global_gac_mitigation_gain_log2,confirmatory_action_replication,"gac_finalization_heavy,well_reduced_localized",pilot,"{""fetch_size"":""medium"",""wan_latency"":""medium"",""work_mem"":""medium""}","supports_region_partitioning,supports_large_scan","{""filter_uses_distribution_key"":false,""group_by_uses_distribution_key"":false,""join_uses_distribution_key"":false,""multi_tenant_scope"":true,""order_by_uses_distribution_key"":false,""single_tenant_scope"":false,""tenant_filter_present"":false}",,balanced_williams_confirmatory,explicit_schedule,,false,2,121,false
cond-9283a7e79baf0172c0a6,cond-9283a7e79baf0172c0a6::r2,pair-970812b299b3599cdb567a31,pair-970812b299b3599cdb567a31::r2,q20_event_tenant_weighted__mitigate_remote_path_bundle__gac_fdw_dba_topk_raw__query_shape-event_tenant_weighted__cutoff_ts-2026-06-30-00-00-00-00__limit_k-500__include_apac-True,gac_fdw_dba_topk_raw,"{""cutoff_ts"": ""2026-06-30 00:00:00+00"", ""include_apac"": true, ""limit_k"": 500, ""query_shape"": ""event_tenant_weighted""}",master-regimes/generated/corpus/confirmatory-action-replication-v1/groups/confirmatory-action-replication-v1__topology-isolation-large-n3-v1__runtime-bundle-multi-edge__analytics_clients/queries/q20_event_tenant_weighted__mitigate_remote_path_bundle__gac_fdw_dba_topk_raw__query_shape-event_tenant_weighted__cutoff_ts-2026-06-30-00-00-00-00__limit_k-500__include_apac-True.sql,"coordinator_raw_fanin,coordinator_sort_topk",confirmatory-action-replication-v1,confirmatory-action-replication-v1,batch-confirmatory-action-replication-v1,fuzzy-intervention-memory-v1,q20_event_tenant_weighted__mitigate_remote_path_bundle,dba_local_memory_topk,multiregion_union,gac_multi_edge,global_query,confirmatory_q20_event_tenant_weighted,topology-isolation-large-n3-v1,dba_topk_balanced_remote_mitigated,eu_us_apac_gac,final_check,combined_pressure,local_intervention_memory,mitigated,mitigated,q20_event_tenant_weighted__mitigate_remote_path_bundle,remote_transport_bundle,confirmatory_holdout,,,,,,,,mitigate_remote_path_bundle,global_gac_mitigation_gain_log2,confirmatory_action_replication,"gac_finalization_heavy,remote_fetch_heavy",pilot,"{""fetch_size"":""high"",""wan_latency"":""high"",""work_mem"":""high""}","supports_region_partitioning,supports_large_scan","{""filter_uses_distribution_key"":false,""group_by_uses_distribution_key"":false,""join_uses_distribution_key"":false,""multi_tenant_scope"":true,""order_by_uses_distribution_key"":false,""single_tenant_scope"":false,""tenant_filter_present"":false}",,balanced_williams_confirmatory,explicit_schedule,,false,2,122,false
cond-b30a7fc475b723e301be,cond-b30a7fc475b723e301be::r2,pair-36424e6eeabbe6a53f810b32,pair-36424e6eeabbe6a53f810b32::r2,q20_event_tenant_weighted__increase_gac_work_mem__gac_fdw_dba_topk_raw__query_shape-event_tenant_weighted__cutoff_ts-2026-06-30-00-00-00-00__limit_k-500__include_apac-True,gac_fdw_dba_topk_raw,"{""cutoff_ts"": ""2026-06-30 00:00:00+00"", ""include_apac"": true, ""limit_k"": 500, ""query_shape"": ""event_tenant_weighted""}",master-regimes/generated/corpus/confirmatory-action-replication-v1/groups/confirmatory-action-replication-v1__topology-isolation-large-n3-v1__runtime-bundle-multi-edge__analytics_clients/queries/q20_event_tenant_weighted__increase_gac_work_mem__gac_fdw_dba_topk_raw__query_shape-event_tenant_weighted__cutoff_ts-2026-06-30-00-00-00-00__limit_k-500__include_apac-True.sql,"coordinator_raw_fanin,coordinator_sort_topk",confirmatory-action-replication-v1,confirmatory-action-replication-v1,batch-confirmatory-action-replication-v1,fuzzy-intervention-memory-v1,q20_event_tenant_weighted__increase_gac_work_mem,dba_local_memory_topk,multiregion_union,gac_multi_edge,global_query,confirmatory_q20_event_tenant_weighted,topology-isolation-large-n3-v1,dba_topk_balanced_gac_mitigated,eu_us_apac_gac,final_check,combined_pressure,local_intervention_memory,mitigated,mitigated,q20_event_tenant_weighted__increase_gac_work_mem,gac_memory_increase,confirmatory_holdout,,,,,,,,increase_gac_work_mem,global_gac_mitigation_gain_log2,confirmatory_action_replication,"gac_finalization_heavy,remote_fetch_heavy",pilot,"{""fetch_size"":""high"",""wan_latency"":""high"",""work_mem"":""high""}","supports_region_partitioning,supports_large_scan","{""filter_uses_distribution_key"":false,""group_by_uses_distribution_key"":false,""join_uses_distribution_key"":false,""multi_tenant_scope"":true,""order_by_uses_distribution_key"":false,""single_tenant_scope"":false,""tenant_filter_present"":false}",,balanced_williams_confirmatory,explicit_schedule,,false,2,123,false
cond-5926239db67afb9d46cb,cond-5926239db67afb9d46cb::r2,pair-d76afafbb498655d732c241a,pair-d76afafbb498655d732c241a::r2,q20_event_tenant_weighted__baseline__gac_fdw_dba_topk_raw__query_shape-event_tenant_weighted__cutoff_ts-2026-06-30-00-00-00-00__limit_k-500__include_apac-True,gac_fdw_dba_topk_raw,"{""cutoff_ts"": ""2026-06-30 00:00:00+00"", ""include_apac"": true, ""limit_k"": 500, ""query_shape"": ""event_tenant_weighted""}",master-regimes/generated/corpus/confirmatory-action-replication-v1/groups/confirmatory-action-replication-v1__topology-isolation-large-n3-v1__runtime-bundle-multi-edge__analytics_clients/queries/q20_event_tenant_weighted__baseline__gac_fdw_dba_topk_raw__query_shape-event_tenant_weighted__cutoff_ts-2026-06-30-00-00-00-00__limit_k-500__include_apac-True.sql,"coordinator_raw_fanin,coordinator_sort_topk",confirmatory-action-replication-v1,confirmatory-action-replication-v1,batch-confirmatory-action-replication-v1,fuzzy-intervention-memory-v1,q20_event_tenant_weighted__baseline,dba_local_memory_topk,multiregion_union,gac_multi_edge,global_query,confirmatory_q20_event_tenant_weighted,topology-isolation-large-n3-v1,dba_topk_balanced_stressed,eu_us_apac_gac,final_check,combined_pressure,local_intervention_memory,stressed,stressed,q20_event_tenant_weighted__shared_baseline,gac_raw_topk,confirmatory_holdout,,,,,,,,,global_gac_mitigation_gain_log2,confirmatory_action_replication,"gac_finalization_heavy,remote_fetch_heavy",pilot,"{""fetch_size"":""high"",""wan_latency"":""high"",""work_mem"":""high""}","supports_region_partitioning,supports_large_scan","{""filter_uses_distribution_key"":false,""group_by_uses_distribution_key"":false,""join_uses_distribution_key"":false,""multi_tenant_scope"":true,""order_by_uses_distribution_key"":false,""single_tenant_scope"":false,""tenant_filter_present"":false}",,balanced_williams_confirmatory,explicit_schedule,,false,2,124,false
cond-efd8889f42b630a339e9,cond-efd8889f42b630a339e9::r2,pair-cc6217644d24db31e668f502,pair-cc6217644d24db31e668f502::r2,q30_user_day_sum__mitigate_remote_path_bundle__gac_fdw_dba_topk_raw__query_shape-user_day_sum__cutoff_ts-2026-06-30-00-00-00-00__limit_k-500__include_apac-True,gac_fdw_dba_topk_raw,"{""cutoff_ts"": ""2026-06-30 00:00:00+00"", ""include_apac"": true, ""limit_k"": 500, ""query_shape"": ""user_day_sum""}",master-regimes/generated/corpus/confirmatory-action-replication-v1/groups/confirmatory-action-replication-v1__topology-isolation-large-n3-v1__runtime-bundle-multi-edge__analytics_clients/queries/q30_user_day_sum__mitigate_remote_path_bundle__gac_fdw_dba_topk_raw__query_shape-user_day_sum__cutoff_ts-2026-06-30-00-00-00-00__limit_k-500__include_apac-True.sql,"coordinator_raw_fanin,coordinator_sort_topk",confirmatory-action-replication-v1,confirmatory-action-replication-v1,batch-confirmatory-action-replication-v1,fuzzy-intervention-memory-v1,q30_user_day_sum__mitigate_remote_path_bundle,dba_local_memory_topk,multiregion_union,gac_multi_edge,global_query,confirmatory_q30_user_day_sum,topology-isolation-large-n3-v1,dba_topk_balanced_remote_mitigated,eu_us_apac_gac,final_check,combined_pressure,local_intervention_memory,mitigated,mitigated,q30_user_day_sum__mitigate_remote_path_bundle,remote_transport_bundle,confirmatory_holdout,,,,,,,,mitigate_remote_path_bundle,global_gac_mitigation_gain_log2,confirmatory_action_replication,"gac_finalization_heavy,remote_fetch_heavy",pilot,"{""fetch_size"":""high"",""wan_latency"":""high"",""work_mem"":""high""}","supports_region_partitioning,supports_large_scan","{""filter_uses_distribution_key"":false,""group_by_uses_distribution_key"":false,""join_uses_distribution_key"":false,""multi_tenant_scope"":true,""order_by_uses_distribution_key"":false,""single_tenant_scope"":false,""tenant_filter_present"":false}",,balanced_williams_confirmatory,explicit_schedule,,false,2,125,false
cond-5d0ef16459bfd07544ef,cond-5d0ef16459bfd07544ef::r2,pair-83d45a2f2e76b683cba526c2,pair-83d45a2f2e76b683cba526c2::r2,q30_user_day_sum__baseline__gac_fdw_dba_topk_raw__query_shape-user_day_sum__cutoff_ts-2026-06-30-00-00-00-00__limit_k-500__include_apac-True,gac_fdw_dba_topk_raw,"{""cutoff_ts"": ""2026-06-30 00:00:00+00"", ""include_apac"": true, ""limit_k"": 500, ""query_shape"": ""user_day_sum""}",master-regimes/generated/corpus/confirmatory-action-replication-v1/groups/confirmatory-action-replication-v1__topology-isolation-large-n3-v1__runtime-bundle-multi-edge__analytics_clients/queries/q30_user_day_sum__baseline__gac_fdw_dba_topk_raw__query_shape-user_day_sum__cutoff_ts-2026-06-30-00-00-00-00__limit_k-500__include_apac-True.sql,"coordinator_raw_fanin,coordinator_sort_topk",confirmatory-action-replication-v1,confirmatory-action-replication-v1,batch-confirmatory-action-replication-v1,fuzzy-intervention-memory-v1,q30_user_day_sum__baseline,dba_local_memory_topk,multiregion_union,gac_multi_edge,global_query,confirmatory_q30_user_day_sum,topology-isolation-large-n3-v1,dba_topk_balanced_stressed,eu_us_apac_gac,final_check,combined_pressure,local_intervention_memory,stressed,stressed,q30_user_day_sum__shared_baseline,gac_raw_topk,confirmatory_holdout,,,,,,,,,global_gac_mitigation_gain_log2,confirmatory_action_replication,"gac_finalization_heavy,remote_fetch_heavy",pilot,"{""fetch_size"":""high"",""wan_latency"":""high"",""work_mem"":""high""}","supports_region_partitioning,supports_large_scan","{""filter_uses_distribution_key"":false,""group_by_uses_distribution_key"":false,""join_uses_distribution_key"":false,""multi_tenant_scope"":true,""order_by_uses_distribution_key"":false,""single_tenant_scope"":false,""tenant_filter_present"":false}",,balanced_williams_confirmatory,explicit_schedule,,false,2,126,false
cond-40a867772492e6202aa6,cond-40a867772492e6202aa6::r2,pair-018d06377510f8a5ddfc0762,pair-018d06377510f8a5ddfc0762::r2,q30_user_day_sum__regional_topk_candidates__gac_fdw_dba_topk_regional__query_shape-user_day_sum__cutoff_ts-2026-06-30-00-00-00-00__limit_k-500__include_apac-True,gac_fdw_dba_topk_regional,"{""cutoff_ts"": ""2026-06-30 00:00:00+00"", ""include_apac"": true, ""limit_k"": 500, ""query_shape"": ""user_day_sum""}",master-regimes/generated/corpus/confirmatory-action-replication-v1/groups/confirmatory-action-replication-v1__topology-isolation-large-n3-v1__runtime-bundle-multi-edge__analytics_clients/queries/q30_user_day_sum__regional_topk_candidates__gac_fdw_dba_topk_regional__query_shape-user_day_sum__cutoff_ts-2026-06-30-00-00-00-00__limit_k-500__include_apac-True.sql,"regional_topk,coordinator_sort_topk",confirmatory-action-replication-v1,confirmatory-action-replication-v1,batch-confirmatory-action-replication-v1,fuzzy-intervention-memory-v1,q30_user_day_sum__regional_topk_candidates,dba_local_memory_topk,multiregion_union,gac_multi_edge,global_query,confirmatory_q30_user_day_sum,topology-isolation-large-n3-v1,dba_topk_balanced_stressed,eu_us_apac_gac,final_check,combined_pressure,local_intervention_memory,mitigated,mitigated,q30_user_day_sum__regional_topk_candidates,regional_topk_candidates,confirmatory_holdout,,,,,,,,regional_topk_candidates,global_gac_mitigation_gain_log2,confirmatory_action_replication,"gac_finalization_heavy,well_reduced_localized",pilot,"{""fetch_size"":""medium"",""wan_latency"":""medium"",""work_mem"":""medium""}","supports_region_partitioning,supports_large_scan","{""filter_uses_distribution_key"":false,""group_by_uses_distribution_key"":false,""join_uses_distribution_key"":false,""multi_tenant_scope"":true,""order_by_uses_distribution_key"":false,""single_tenant_scope"":false,""tenant_filter_present"":false}",,balanced_williams_confirmatory,explicit_schedule,,false,2,127,false
cond-0eab0fa927515555a83f,cond-0eab0fa927515555a83f::r2,pair-824e29ca9e59f4f569185cd8,pair-824e29ca9e59f4f569185cd8::r2,q30_user_day_sum__increase_gac_work_mem__gac_fdw_dba_topk_raw__query_shape-user_day_sum__cutoff_ts-2026-06-30-00-00-00-00__limit_k-500__include_apac-True,gac_fdw_dba_topk_raw,"{""cutoff_ts"": ""2026-06-30 00:00:00+00"", ""include_apac"": true, ""limit_k"": 500, ""query_shape"": ""user_day_sum""}",master-regimes/generated/corpus/confirmatory-action-replication-v1/groups/confirmatory-action-replication-v1__topology-isolation-large-n3-v1__runtime-bundle-multi-edge__analytics_clients/queries/q30_user_day_sum__increase_gac_work_mem__gac_fdw_dba_topk_raw__query_shape-user_day_sum__cutoff_ts-2026-06-30-00-00-00-00__limit_k-500__include_apac-True.sql,"coordinator_raw_fanin,coordinator_sort_topk",confirmatory-action-replication-v1,confirmatory-action-replication-v1,batch-confirmatory-action-replication-v1,fuzzy-intervention-memory-v1,q30_user_day_sum__increase_gac_work_mem,dba_local_memory_topk,multiregion_union,gac_multi_edge,global_query,confirmatory_q30_user_day_sum,topology-isolation-large-n3-v1,dba_topk_balanced_gac_mitigated,eu_us_apac_gac,final_check,combined_pressure,local_intervention_memory,mitigated,mitigated,q30_user_day_sum__increase_gac_work_mem,gac_memory_increase,confirmatory_holdout,,,,,,,,increase_gac_work_mem,global_gac_mitigation_gain_log2,confirmatory_action_replication,"gac_finalization_heavy,remote_fetch_heavy",pilot,"{""fetch_size"":""high"",""wan_latency"":""high"",""work_mem"":""high""}","supports_region_partitioning,supports_large_scan","{""filter_uses_distribution_key"":false,""group_by_uses_distribution_key"":false,""join_uses_distribution_key"":false,""multi_tenant_scope"":true,""order_by_uses_distribution_key"":false,""single_tenant_scope"":false,""tenant_filter_present"":false}",,balanced_williams_confirmatory,explicit_schedule,,false,2,128,false
cond-e5f2ec8c336eb7496803,cond-e5f2ec8c336eb7496803::r2,pair-53b59ed974f4d7ce62d40a2a,pair-53b59ed974f4d7ce62d40a2a::r2,q26_tenant_hour_count__baseline__gac_fdw_dba_topk_raw__query_shape-tenant_hour_count__cutoff_ts-2026-06-30-00-00-00-00__limit_k-25__include_apac-True,gac_fdw_dba_topk_raw,"{""cutoff_ts"": ""2026-06-30 00:00:00+00"", ""include_apac"": true, ""limit_k"": 25, ""query_shape"": ""tenant_hour_count""}",master-regimes/generated/corpus/confirmatory-action-replication-v1/groups/confirmatory-action-replication-v1__topology-isolation-large-n3-v1__runtime-bundle-multi-edge__analytics_clients/queries/q26_tenant_hour_count__baseline__gac_fdw_dba_topk_raw__query_shape-tenant_hour_count__cutoff_ts-2026-06-30-00-00-00-00__limit_k-25__include_apac-True.sql,"coordinator_raw_fanin,coordinator_sort_topk",confirmatory-action-replication-v1,confirmatory-action-replication-v1,batch-confirmatory-action-replication-v1,fuzzy-intervention-memory-v1,q26_tenant_hour_count__baseline,dba_local_memory_topk,multiregion_union,gac_multi_edge,global_query,confirmatory_q26_tenant_hour_count,topology-isolation-large-n3-v1,dba_topk_balanced_stressed,eu_us_apac_gac,final_check,combined_pressure,local_intervention_memory,stressed,stressed,q26_tenant_hour_count__shared_baseline,gac_raw_topk,confirmatory_holdout,,,,,,,,,global_gac_mitigation_gain_log2,confirmatory_action_replication,"gac_finalization_heavy,remote_fetch_heavy",pilot,"{""fetch_size"":""high"",""wan_latency"":""high"",""work_mem"":""high""}","supports_region_partitioning,supports_large_scan","{""filter_uses_distribution_key"":false,""group_by_uses_distribution_key"":false,""join_uses_distribution_key"":false,""multi_tenant_scope"":true,""order_by_uses_distribution_key"":false,""single_tenant_scope"":false,""tenant_filter_present"":false}",,balanced_williams_confirmatory,explicit_schedule,,false,2,129,false
cond-8f34877def719a77b255,cond-8f34877def719a77b255::r2,pair-12fc0f52bd39daa650692d18,pair-12fc0f52bd39daa650692d18::r2,q26_tenant_hour_count__increase_gac_work_mem__gac_fdw_dba_topk_raw__query_shape-tenant_hour_count__cutoff_ts-2026-06-30-00-00-00-00__limit_k-25__include_apac-True,gac_fdw_dba_topk_raw,"{""cutoff_ts"": ""2026-06-30 00:00:00+00"", ""include_apac"": true, ""limit_k"": 25, ""query_shape"": ""tenant_hour_count""}",master-regimes/generated/corpus/confirmatory-action-replication-v1/groups/confirmatory-action-replication-v1__topology-isolation-large-n3-v1__runtime-bundle-multi-edge__analytics_clients/queries/q26_tenant_hour_count__increase_gac_work_mem__gac_fdw_dba_topk_raw__query_shape-tenant_hour_count__cutoff_ts-2026-06-30-00-00-00-00__limit_k-25__include_apac-True.sql,"coordinator_raw_fanin,coordinator_sort_topk",confirmatory-action-replication-v1,confirmatory-action-replication-v1,batch-confirmatory-action-replication-v1,fuzzy-intervention-memory-v1,q26_tenant_hour_count__increase_gac_work_mem,dba_local_memory_topk,multiregion_union,gac_multi_edge,global_query,confirmatory_q26_tenant_hour_count,topology-isolation-large-n3-v1,dba_topk_balanced_gac_mitigated,eu_us_apac_gac,final_check,combined_pressure,local_intervention_memory,mitigated,mitigated,q26_tenant_hour_count__increase_gac_work_mem,gac_memory_increase,confirmatory_holdout,,,,,,,,increase_gac_work_mem,global_gac_mitigation_gain_log2,confirmatory_action_replication,"gac_finalization_heavy,remote_fetch_heavy",pilot,"{""fetch_size"":""high"",""wan_latency"":""high"",""work_mem"":""high""}","supports_region_partitioning,supports_large_scan","{""filter_uses_distribution_key"":false,""group_by_uses_distribution_key"":false,""join_uses_distribution_key"":false,""multi_tenant_scope"":true,""order_by_uses_distribution_key"":false,""single_tenant_scope"":false,""tenant_filter_present"":false}",,balanced_williams_confirmatory,explicit_schedule,,false,2,130,false
cond-5210f09d3fae149ac1a3,cond-5210f09d3fae149ac1a3::r2,pair-df56dd978a574acfeed659d3,pair-df56dd978a574acfeed659d3::r2,q26_tenant_hour_count__mitigate_remote_path_bundle__gac_fdw_dba_topk_raw__query_shape-tenant_hour_count__cutoff_ts-2026-06-30-00-00-00-00__limit_k-25__include_apac-True,gac_fdw_dba_topk_raw,"{""cutoff_ts"": ""2026-06-30 00:00:00+00"", ""include_apac"": true, ""limit_k"": 25, ""query_shape"": ""tenant_hour_count""}",master-regimes/generated/corpus/confirmatory-action-replication-v1/groups/confirmatory-action-replication-v1__topology-isolation-large-n3-v1__runtime-bundle-multi-edge__analytics_clients/queries/q26_tenant_hour_count__mitigate_remote_path_bundle__gac_fdw_dba_topk_raw__query_shape-tenant_hour_count__cutoff_ts-2026-06-30-00-00-00-00__limit_k-25__include_apac-True.sql,"coordinator_raw_fanin,coordinator_sort_topk",confirmatory-action-replication-v1,confirmatory-action-replication-v1,batch-confirmatory-action-replication-v1,fuzzy-intervention-memory-v1,q26_tenant_hour_count__mitigate_remote_path_bundle,dba_local_memory_topk,multiregion_union,gac_multi_edge,global_query,confirmatory_q26_tenant_hour_count,topology-isolation-large-n3-v1,dba_topk_balanced_remote_mitigated,eu_us_apac_gac,final_check,combined_pressure,local_intervention_memory,mitigated,mitigated,q26_tenant_hour_count__mitigate_remote_path_bundle,remote_transport_bundle,confirmatory_holdout,,,,,,,,mitigate_remote_path_bundle,global_gac_mitigation_gain_log2,confirmatory_action_replication,"gac_finalization_heavy,remote_fetch_heavy",pilot,"{""fetch_size"":""high"",""wan_latency"":""high"",""work_mem"":""high""}","supports_region_partitioning,supports_large_scan","{""filter_uses_distribution_key"":false,""group_by_uses_distribution_key"":false,""join_uses_distribution_key"":false,""multi_tenant_scope"":true,""order_by_uses_distribution_key"":false,""single_tenant_scope"":false,""tenant_filter_present"":false}",,balanced_williams_confirmatory,explicit_schedule,,false,2,131,false
cond-14e51d1d6f691b698a2d,cond-14e51d1d6f691b698a2d::r2,pair-2cbdd3800086c989267e9827,pair-2cbdd3800086c989267e9827::r2,q26_tenant_hour_count__regional_topk_candidates__gac_fdw_dba_topk_regional__query_shape-tenant_hour_count__cutoff_ts-2026-06-30-00-00-00-00__limit_k-25__include_apac-True,gac_fdw_dba_topk_regional,"{""cutoff_ts"": ""2026-06-30 00:00:00+00"", ""include_apac"": true, ""limit_k"": 25, ""query_shape"": ""tenant_hour_count""}",master-regimes/generated/corpus/confirmatory-action-replication-v1/groups/confirmatory-action-replication-v1__topology-isolation-large-n3-v1__runtime-bundle-multi-edge__analytics_clients/queries/q26_tenant_hour_count__regional_topk_candidates__gac_fdw_dba_topk_regional__query_shape-tenant_hour_count__cutoff_ts-2026-06-30-00-00-00-00__limit_k-25__include_apac-True.sql,"regional_topk,coordinator_sort_topk",confirmatory-action-replication-v1,confirmatory-action-replication-v1,batch-confirmatory-action-replication-v1,fuzzy-intervention-memory-v1,q26_tenant_hour_count__regional_topk_candidates,dba_local_memory_topk,multiregion_union,gac_multi_edge,global_query,confirmatory_q26_tenant_hour_count,topology-isolation-large-n3-v1,dba_topk_balanced_stressed,eu_us_apac_gac,final_check,combined_pressure,local_intervention_memory,mitigated,mitigated,q26_tenant_hour_count__regional_topk_candidates,regional_topk_candidates,confirmatory_holdout,,,,,,,,regional_topk_candidates,global_gac_mitigation_gain_log2,confirmatory_action_replication,"gac_finalization_heavy,well_reduced_localized",pilot,"{""fetch_size"":""medium"",""wan_latency"":""medium"",""work_mem"":""medium""}","supports_region_partitioning,supports_large_scan","{""filter_uses_distribution_key"":false,""group_by_uses_distribution_key"":false,""join_uses_distribution_key"":false,""multi_tenant_scope"":true,""order_by_uses_distribution_key"":false,""single_tenant_scope"":false,""tenant_filter_present"":false}",,balanced_williams_confirmatory,explicit_schedule,,false,2,132,false
cond-4036797e87876e752672,cond-4036797e87876e752672::r2,pair-01ce3e0a23db03ad0c405a36,pair-01ce3e0a23db03ad0c405a36::r2,q23_tenant_even_user_count__increase_gac_work_mem__gac_fdw_dba_topk_raw__query_shape-tenant_even_user_count__cutoff_ts-2026-06-24-00-00-00-00__limit_k-100__include_apac-True,gac_fdw_dba_topk_raw,"{""cutoff_ts"": ""2026-06-24 00:00:00+00"", ""include_apac"": true, ""limit_k"": 100, ""query_shape"": ""tenant_even_user_count""}",master-regimes/generated/corpus/confirmatory-action-replication-v1/groups/confirmatory-action-replication-v1__topology-isolation-large-n3-v1__runtime-bundle-multi-edge__analytics_clients/queries/q23_tenant_even_user_count__increase_gac_work_mem__gac_fdw_dba_topk_raw__query_shape-tenant_even_user_count__cutoff_ts-2026-06-24-00-00-00-00__limit_k-100__include_apac-True.sql,"coordinator_raw_fanin,coordinator_sort_topk",confirmatory-action-replication-v1,confirmatory-action-replication-v1,batch-confirmatory-action-replication-v1,fuzzy-intervention-memory-v1,q23_tenant_even_user_count__increase_gac_work_mem,dba_local_memory_topk,multiregion_union,gac_multi_edge,global_query,confirmatory_q23_tenant_even_user_count,topology-isolation-large-n3-v1,dba_topk_balanced_gac_mitigated,eu_us_apac_gac,final_check,combined_pressure,local_intervention_memory,mitigated,mitigated,q23_tenant_even_user_count__increase_gac_work_mem,gac_memory_increase,confirmatory_holdout,,,,,,,,increase_gac_work_mem,global_gac_mitigation_gain_log2,confirmatory_action_replication,"gac_finalization_heavy,remote_fetch_heavy",pilot,"{""fetch_size"":""high"",""wan_latency"":""high"",""work_mem"":""high""}","supports_region_partitioning,supports_large_scan","{""filter_uses_distribution_key"":false,""group_by_uses_distribution_key"":false,""join_uses_distribution_key"":false,""multi_tenant_scope"":true,""order_by_uses_distribution_key"":false,""single_tenant_scope"":false,""tenant_filter_present"":false}",,balanced_williams_confirmatory,explicit_schedule,,false,2,133,false
cond-f23cd7aab59e8ec5098d,cond-f23cd7aab59e8ec5098d::r2,pair-ba930b22b645b2e6000e38ef,pair-ba930b22b645b2e6000e38ef::r2,q23_tenant_even_user_count__regional_topk_candidates__gac_fdw_dba_topk_regional__query_shape-tenant_even_user_count__cutoff_ts-2026-06-24-00-00-00-00__limit_k-100__include_apac-True,gac_fdw_dba_topk_regional,"{""cutoff_ts"": ""2026-06-24 00:00:00+00"", ""include_apac"": true, ""limit_k"": 100, ""query_shape"": ""tenant_even_user_count""}",master-regimes/generated/corpus/confirmatory-action-replication-v1/groups/confirmatory-action-replication-v1__topology-isolation-large-n3-v1__runtime-bundle-multi-edge__analytics_clients/queries/q23_tenant_even_user_count__regional_topk_candidates__gac_fdw_dba_topk_regional__query_shape-tenant_even_user_count__cutoff_ts-2026-06-24-00-00-00-00__limit_k-100__include_apac-True.sql,"regional_topk,coordinator_sort_topk",confirmatory-action-replication-v1,confirmatory-action-replication-v1,batch-confirmatory-action-replication-v1,fuzzy-intervention-memory-v1,q23_tenant_even_user_count__regional_topk_candidates,dba_local_memory_topk,multiregion_union,gac_multi_edge,global_query,confirmatory_q23_tenant_even_user_count,topology-isolation-large-n3-v1,dba_topk_balanced_stressed,eu_us_apac_gac,final_check,combined_pressure,local_intervention_memory,mitigated,mitigated,q23_tenant_even_user_count__regional_topk_candidates,regional_topk_candidates,confirmatory_holdout,,,,,,,,regional_topk_candidates,global_gac_mitigation_gain_log2,confirmatory_action_replication,"gac_finalization_heavy,well_reduced_localized",pilot,"{""fetch_size"":""medium"",""wan_latency"":""medium"",""work_mem"":""medium""}","supports_region_partitioning,supports_large_scan","{""filter_uses_distribution_key"":false,""group_by_uses_distribution_key"":false,""join_uses_distribution_key"":false,""multi_tenant_scope"":true,""order_by_uses_distribution_key"":false,""single_tenant_scope"":false,""tenant_filter_present"":false}",,balanced_williams_confirmatory,explicit_schedule,,false,2,134,false
cond-a0db2eac4b88e0b54bdc,cond-a0db2eac4b88e0b54bdc::r2,pair-41f7834f6d3b30731f9cc5d3,pair-41f7834f6d3b30731f9cc5d3::r2,q23_tenant_even_user_count__baseline__gac_fdw_dba_topk_raw__query_shape-tenant_even_user_count__cutoff_ts-2026-06-24-00-00-00-00__limit_k-100__include_apac-True,gac_fdw_dba_topk_raw,"{""cutoff_ts"": ""2026-06-24 00:00:00+00"", ""include_apac"": true, ""limit_k"": 100, ""query_shape"": ""tenant_even_user_count""}",master-regimes/generated/corpus/confirmatory-action-replication-v1/groups/confirmatory-action-replication-v1__topology-isolation-large-n3-v1__runtime-bundle-multi-edge__analytics_clients/queries/q23_tenant_even_user_count__baseline__gac_fdw_dba_topk_raw__query_shape-tenant_even_user_count__cutoff_ts-2026-06-24-00-00-00-00__limit_k-100__include_apac-True.sql,"coordinator_raw_fanin,coordinator_sort_topk",confirmatory-action-replication-v1,confirmatory-action-replication-v1,batch-confirmatory-action-replication-v1,fuzzy-intervention-memory-v1,q23_tenant_even_user_count__baseline,dba_local_memory_topk,multiregion_union,gac_multi_edge,global_query,confirmatory_q23_tenant_even_user_count,topology-isolation-large-n3-v1,dba_topk_balanced_stressed,eu_us_apac_gac,final_check,combined_pressure,local_intervention_memory,stressed,stressed,q23_tenant_even_user_count__shared_baseline,gac_raw_topk,confirmatory_holdout,,,,,,,,,global_gac_mitigation_gain_log2,confirmatory_action_replication,"gac_finalization_heavy,remote_fetch_heavy",pilot,"{""fetch_size"":""high"",""wan_latency"":""high"",""work_mem"":""high""}","supports_region_partitioning,supports_large_scan","{""filter_uses_distribution_key"":false,""group_by_uses_distribution_key"":false,""join_uses_distribution_key"":false,""multi_tenant_scope"":true,""order_by_uses_distribution_key"":false,""single_tenant_scope"":false,""tenant_filter_present"":false}",,balanced_williams_confirmatory,explicit_schedule,,false,2,135,false
cond-e657cd5676494c699765,cond-e657cd5676494c699765::r2,pair-1ce38a1721a1ec238249c1ec,pair-1ce38a1721a1ec238249c1ec::r2,q23_tenant_even_user_count__mitigate_remote_path_bundle__gac_fdw_dba_topk_raw__query_shape-tenant_even_user_count__cutoff_ts-2026-06-24-00-00-00-00__limit_k-100__include_apac-True,gac_fdw_dba_topk_raw,"{""cutoff_ts"": ""2026-06-24 00:00:00+00"", ""include_apac"": true, ""limit_k"": 100, ""query_shape"": ""tenant_even_user_count""}",master-regimes/generated/corpus/confirmatory-action-replication-v1/groups/confirmatory-action-replication-v1__topology-isolation-large-n3-v1__runtime-bundle-multi-edge__analytics_clients/queries/q23_tenant_even_user_count__mitigate_remote_path_bundle__gac_fdw_dba_topk_raw__query_shape-tenant_even_user_count__cutoff_ts-2026-06-24-00-00-00-00__limit_k-100__include_apac-True.sql,"coordinator_raw_fanin,coordinator_sort_topk",confirmatory-action-replication-v1,confirmatory-action-replication-v1,batch-confirmatory-action-replication-v1,fuzzy-intervention-memory-v1,q23_tenant_even_user_count__mitigate_remote_path_bundle,dba_local_memory_topk,multiregion_union,gac_multi_edge,global_query,confirmatory_q23_tenant_even_user_count,topology-isolation-large-n3-v1,dba_topk_balanced_remote_mitigated,eu_us_apac_gac,final_check,combined_pressure,local_intervention_memory,mitigated,mitigated,q23_tenant_even_user_count__mitigate_remote_path_bundle,remote_transport_bundle,confirmatory_holdout,,,,,,,,mitigate_remote_path_bundle,global_gac_mitigation_gain_log2,confirmatory_action_replication,"gac_finalization_heavy,remote_fetch_heavy",pilot,"{""fetch_size"":""high"",""wan_latency"":""high"",""work_mem"":""high""}","supports_region_partitioning,supports_large_scan","{""filter_uses_distribution_key"":false,""group_by_uses_distribution_key"":false,""join_uses_distribution_key"":false,""multi_tenant_scope"":true,""order_by_uses_distribution_key"":false,""single_tenant_scope"":false,""tenant_filter_present"":false}",,balanced_williams_confirmatory,explicit_schedule,,false,2,136,false
cond-e050755e4235df8d3cf3,cond-e050755e4235df8d3cf3::r2,pair-f09711856c72c908c3b64914,pair-f09711856c72c908c3b64914::r2,q16_event_value_squared__regional_topk_candidates__gac_fdw_dba_topk_regional__query_shape-event_value_squared__cutoff_ts-2026-06-30-00-00-00-00__limit_k-25__include_apac-True,gac_fdw_dba_topk_regional,"{""cutoff_ts"": ""2026-06-30 00:00:00+00"", ""include_apac"": true, ""limit_k"": 25, ""query_shape"": ""event_value_squared""}",master-regimes/generated/corpus/confirmatory-action-replication-v1/groups/confirmatory-action-replication-v1__topology-isolation-large-n3-v1__runtime-bundle-multi-edge__analytics_clients/queries/q16_event_value_squared__regional_topk_candidates__gac_fdw_dba_topk_regional__query_shape-event_value_squared__cutoff_ts-2026-06-30-00-00-00-00__limit_k-25__include_apac-True.sql,"regional_topk,coordinator_sort_topk",confirmatory-action-replication-v1,confirmatory-action-replication-v1,batch-confirmatory-action-replication-v1,fuzzy-intervention-memory-v1,q16_event_value_squared__regional_topk_candidates,dba_local_memory_topk,multiregion_union,gac_multi_edge,global_query,confirmatory_q16_event_value_squared,topology-isolation-large-n3-v1,dba_topk_balanced_stressed,eu_us_apac_gac,final_check,combined_pressure,local_intervention_memory,mitigated,mitigated,q16_event_value_squared__regional_topk_candidates,regional_topk_candidates,confirmatory_holdout,,,,,,,,regional_topk_candidates,global_gac_mitigation_gain_log2,confirmatory_action_replication,"gac_finalization_heavy,well_reduced_localized",pilot,"{""fetch_size"":""medium"",""wan_latency"":""medium"",""work_mem"":""medium""}","supports_region_partitioning,supports_large_scan","{""filter_uses_distribution_key"":false,""group_by_uses_distribution_key"":false,""join_uses_distribution_key"":false,""multi_tenant_scope"":true,""order_by_uses_distribution_key"":false,""single_tenant_scope"":false,""tenant_filter_present"":false}",,balanced_williams_confirmatory,explicit_schedule,,false,2,137,false
cond-2546bf7240c2df6d63a8,cond-2546bf7240c2df6d63a8::r2,pair-41223489542837b713b42fed,pair-41223489542837b713b42fed::r2,q16_event_value_squared__mitigate_remote_path_bundle__gac_fdw_dba_topk_raw__query_shape-event_value_squared__cutoff_ts-2026-06-30-00-00-00-00__limit_k-25__include_apac-True,gac_fdw_dba_topk_raw,"{""cutoff_ts"": ""2026-06-30 00:00:00+00"", ""include_apac"": true, ""limit_k"": 25, ""query_shape"": ""event_value_squared""}",master-regimes/generated/corpus/confirmatory-action-replication-v1/groups/confirmatory-action-replication-v1__topology-isolation-large-n3-v1__runtime-bundle-multi-edge__analytics_clients/queries/q16_event_value_squared__mitigate_remote_path_bundle__gac_fdw_dba_topk_raw__query_shape-event_value_squared__cutoff_ts-2026-06-30-00-00-00-00__limit_k-25__include_apac-True.sql,"coordinator_raw_fanin,coordinator_sort_topk",confirmatory-action-replication-v1,confirmatory-action-replication-v1,batch-confirmatory-action-replication-v1,fuzzy-intervention-memory-v1,q16_event_value_squared__mitigate_remote_path_bundle,dba_local_memory_topk,multiregion_union,gac_multi_edge,global_query,confirmatory_q16_event_value_squared,topology-isolation-large-n3-v1,dba_topk_balanced_remote_mitigated,eu_us_apac_gac,final_check,combined_pressure,local_intervention_memory,mitigated,mitigated,q16_event_value_squared__mitigate_remote_path_bundle,remote_transport_bundle,confirmatory_holdout,,,,,,,,mitigate_remote_path_bundle,global_gac_mitigation_gain_log2,confirmatory_action_replication,"gac_finalization_heavy,remote_fetch_heavy",pilot,"{""fetch_size"":""high"",""wan_latency"":""high"",""work_mem"":""high""}","supports_region_partitioning,supports_large_scan","{""filter_uses_distribution_key"":false,""group_by_uses_distribution_key"":false,""join_uses_distribution_key"":false,""multi_tenant_scope"":true,""order_by_uses_distribution_key"":false,""single_tenant_scope"":false,""tenant_filter_present"":false}",,balanced_williams_confirmatory,explicit_schedule,,false,2,138,false
cond-dc94020b6c64b265c4d6,cond-dc94020b6c64b265c4d6::r2,pair-8fa91106958cd0a403a09a54,pair-8fa91106958cd0a403a09a54::r2,q16_event_value_squared__increase_gac_work_mem__gac_fdw_dba_topk_raw__query_shape-event_value_squared__cutoff_ts-2026-06-30-00-00-00-00__limit_k-25__include_apac-True,gac_fdw_dba_topk_raw,"{""cutoff_ts"": ""2026-06-30 00:00:00+00"", ""include_apac"": true, ""limit_k"": 25, ""query_shape"": ""event_value_squared""}",master-regimes/generated/corpus/confirmatory-action-replication-v1/groups/confirmatory-action-replication-v1__topology-isolation-large-n3-v1__runtime-bundle-multi-edge__analytics_clients/queries/q16_event_value_squared__increase_gac_work_mem__gac_fdw_dba_topk_raw__query_shape-event_value_squared__cutoff_ts-2026-06-30-00-00-00-00__limit_k-25__include_apac-True.sql,"coordinator_raw_fanin,coordinator_sort_topk",confirmatory-action-replication-v1,confirmatory-action-replication-v1,batch-confirmatory-action-replication-v1,fuzzy-intervention-memory-v1,q16_event_value_squared__increase_gac_work_mem,dba_local_memory_topk,multiregion_union,gac_multi_edge,global_query,confirmatory_q16_event_value_squared,topology-isolation-large-n3-v1,dba_topk_balanced_gac_mitigated,eu_us_apac_gac,final_check,combined_pressure,local_intervention_memory,mitigated,mitigated,q16_event_value_squared__increase_gac_work_mem,gac_memory_increase,confirmatory_holdout,,,,,,,,increase_gac_work_mem,global_gac_mitigation_gain_log2,confirmatory_action_replication,"gac_finalization_heavy,remote_fetch_heavy",pilot,"{""fetch_size"":""high"",""wan_latency"":""high"",""work_mem"":""high""}","supports_region_partitioning,supports_large_scan","{""filter_uses_distribution_key"":false,""group_by_uses_distribution_key"":false,""join_uses_distribution_key"":false,""multi_tenant_scope"":true,""order_by_uses_distribution_key"":false,""single_tenant_scope"":false,""tenant_filter_present"":false}",,balanced_williams_confirmatory,explicit_schedule,,false,2,139,false
cond-be7744eddb28ec419dde,cond-be7744eddb28ec419dde::r2,pair-5a38c76ddc40297fe3e9de6a,pair-5a38c76ddc40297fe3e9de6a::r2,q16_event_value_squared__baseline__gac_fdw_dba_topk_raw__query_shape-event_value_squared__cutoff_ts-2026-06-30-00-00-00-00__limit_k-25__include_apac-True,gac_fdw_dba_topk_raw,"{""cutoff_ts"": ""2026-06-30 00:00:00+00"", ""include_apac"": true, ""limit_k"": 25, ""query_shape"": ""event_value_squared""}",master-regimes/generated/corpus/confirmatory-action-replication-v1/groups/confirmatory-action-replication-v1__topology-isolation-large-n3-v1__runtime-bundle-multi-edge__analytics_clients/queries/q16_event_value_squared__baseline__gac_fdw_dba_topk_raw__query_shape-event_value_squared__cutoff_ts-2026-06-30-00-00-00-00__limit_k-25__include_apac-True.sql,"coordinator_raw_fanin,coordinator_sort_topk",confirmatory-action-replication-v1,confirmatory-action-replication-v1,batch-confirmatory-action-replication-v1,fuzzy-intervention-memory-v1,q16_event_value_squared__baseline,dba_local_memory_topk,multiregion_union,gac_multi_edge,global_query,confirmatory_q16_event_value_squared,topology-isolation-large-n3-v1,dba_topk_balanced_stressed,eu_us_apac_gac,final_check,combined_pressure,local_intervention_memory,stressed,stressed,q16_event_value_squared__shared_baseline,gac_raw_topk,confirmatory_holdout,,,,,,,,,global_gac_mitigation_gain_log2,confirmatory_action_replication,"gac_finalization_heavy,remote_fetch_heavy",pilot,"{""fetch_size"":""high"",""wan_latency"":""high"",""work_mem"":""high""}","supports_region_partitioning,supports_large_scan","{""filter_uses_distribution_key"":false,""group_by_uses_distribution_key"":false,""join_uses_distribution_key"":false,""multi_tenant_scope"":true,""order_by_uses_distribution_key"":false,""single_tenant_scope"":false,""tenant_filter_present"":false}",,balanced_williams_confirmatory,explicit_schedule,,false,2,140,false
cond-e080cd6be4eb1bdee62a,cond-e080cd6be4eb1bdee62a::r2,pair-48512a64612dc8749d4f6929,pair-48512a64612dc8749d4f6929::r2,q19_event_old_low_value__mitigate_remote_path_bundle__gac_fdw_dba_topk_raw__query_shape-event_old_low_value__cutoff_ts-2026-06-24-00-00-00-00__limit_k-250__include_apac-True,gac_fdw_dba_topk_raw,"{""cutoff_ts"": ""2026-06-24 00:00:00+00"", ""include_apac"": true, ""limit_k"": 250, ""query_shape"": ""event_old_low_value""}",master-regimes/generated/corpus/confirmatory-action-replication-v1/groups/confirmatory-action-replication-v1__topology-isolation-large-n3-v1__runtime-bundle-multi-edge__analytics_clients/queries/q19_event_old_low_value__mitigate_remote_path_bundle__gac_fdw_dba_topk_raw__query_shape-event_old_low_value__cutoff_ts-2026-06-24-00-00-00-00__limit_k-250__include_apac-True.sql,"coordinator_raw_fanin,coordinator_sort_topk",confirmatory-action-replication-v1,confirmatory-action-replication-v1,batch-confirmatory-action-replication-v1,fuzzy-intervention-memory-v1,q19_event_old_low_value__mitigate_remote_path_bundle,dba_local_memory_topk,multiregion_union,gac_multi_edge,global_query,confirmatory_q19_event_old_low_value,topology-isolation-large-n3-v1,dba_topk_balanced_remote_mitigated,eu_us_apac_gac,final_check,combined_pressure,local_intervention_memory,mitigated,mitigated,q19_event_old_low_value__mitigate_remote_path_bundle,remote_transport_bundle,confirmatory_holdout,,,,,,,,mitigate_remote_path_bundle,global_gac_mitigation_gain_log2,confirmatory_action_replication,"gac_finalization_heavy,remote_fetch_heavy",pilot,"{""fetch_size"":""high"",""wan_latency"":""high"",""work_mem"":""high""}","supports_region_partitioning,supports_large_scan","{""filter_uses_distribution_key"":false,""group_by_uses_distribution_key"":false,""join_uses_distribution_key"":false,""multi_tenant_scope"":true,""order_by_uses_distribution_key"":false,""single_tenant_scope"":false,""tenant_filter_present"":false}",,balanced_williams_confirmatory,explicit_schedule,,false,2,141,false
cond-dc01acff6e758d390b4a,cond-dc01acff6e758d390b4a::r2,pair-05c2294075e5febb2ac80986,pair-05c2294075e5febb2ac80986::r2,q19_event_old_low_value__baseline__gac_fdw_dba_topk_raw__query_shape-event_old_low_value__cutoff_ts-2026-06-24-00-00-00-00__limit_k-250__include_apac-True,gac_fdw_dba_topk_raw,"{""cutoff_ts"": ""2026-06-24 00:00:00+00"", ""include_apac"": true, ""limit_k"": 250, ""query_shape"": ""event_old_low_value""}",master-regimes/generated/corpus/confirmatory-action-replication-v1/groups/confirmatory-action-replication-v1__topology-isolation-large-n3-v1__runtime-bundle-multi-edge__analytics_clients/queries/q19_event_old_low_value__baseline__gac_fdw_dba_topk_raw__query_shape-event_old_low_value__cutoff_ts-2026-06-24-00-00-00-00__limit_k-250__include_apac-True.sql,"coordinator_raw_fanin,coordinator_sort_topk",confirmatory-action-replication-v1,confirmatory-action-replication-v1,batch-confirmatory-action-replication-v1,fuzzy-intervention-memory-v1,q19_event_old_low_value__baseline,dba_local_memory_topk,multiregion_union,gac_multi_edge,global_query,confirmatory_q19_event_old_low_value,topology-isolation-large-n3-v1,dba_topk_balanced_stressed,eu_us_apac_gac,final_check,combined_pressure,local_intervention_memory,stressed,stressed,q19_event_old_low_value__shared_baseline,gac_raw_topk,confirmatory_holdout,,,,,,,,,global_gac_mitigation_gain_log2,confirmatory_action_replication,"gac_finalization_heavy,remote_fetch_heavy",pilot,"{""fetch_size"":""high"",""wan_latency"":""high"",""work_mem"":""high""}","supports_region_partitioning,supports_large_scan","{""filter_uses_distribution_key"":false,""group_by_uses_distribution_key"":false,""join_uses_distribution_key"":false,""multi_tenant_scope"":true,""order_by_uses_distribution_key"":false,""single_tenant_scope"":false,""tenant_filter_present"":false}",,balanced_williams_confirmatory,explicit_schedule,,false,2,142,false
cond-d1bf7e08b663c3f91ac6,cond-d1bf7e08b663c3f91ac6::r2,pair-98b704f4defbbbb407767c07,pair-98b704f4defbbbb407767c07::r2,q19_event_old_low_value__regional_topk_candidates__gac_fdw_dba_topk_regional__query_shape-event_old_low_value__cutoff_ts-2026-06-24-00-00-00-00__limit_k-250__include_apac-True,gac_fdw_dba_topk_regional,"{""cutoff_ts"": ""2026-06-24 00:00:00+00"", ""include_apac"": true, ""limit_k"": 250, ""query_shape"": ""event_old_low_value""}",master-regimes/generated/corpus/confirmatory-action-replication-v1/groups/confirmatory-action-replication-v1__topology-isolation-large-n3-v1__runtime-bundle-multi-edge__analytics_clients/queries/q19_event_old_low_value__regional_topk_candidates__gac_fdw_dba_topk_regional__query_shape-event_old_low_value__cutoff_ts-2026-06-24-00-00-00-00__limit_k-250__include_apac-True.sql,"regional_topk,coordinator_sort_topk",confirmatory-action-replication-v1,confirmatory-action-replication-v1,batch-confirmatory-action-replication-v1,fuzzy-intervention-memory-v1,q19_event_old_low_value__regional_topk_candidates,dba_local_memory_topk,multiregion_union,gac_multi_edge,global_query,confirmatory_q19_event_old_low_value,topology-isolation-large-n3-v1,dba_topk_balanced_stressed,eu_us_apac_gac,final_check,combined_pressure,local_intervention_memory,mitigated,mitigated,q19_event_old_low_value__regional_topk_candidates,regional_topk_candidates,confirmatory_holdout,,,,,,,,regional_topk_candidates,global_gac_mitigation_gain_log2,confirmatory_action_replication,"gac_finalization_heavy,well_reduced_localized",pilot,"{""fetch_size"":""medium"",""wan_latency"":""medium"",""work_mem"":""medium""}","supports_region_partitioning,supports_large_scan","{""filter_uses_distribution_key"":false,""group_by_uses_distribution_key"":false,""join_uses_distribution_key"":false,""multi_tenant_scope"":true,""order_by_uses_distribution_key"":false,""single_tenant_scope"":false,""tenant_filter_present"":false}",,balanced_williams_confirmatory,explicit_schedule,,false,2,143,false
cond-ebc858113b618f505d31,cond-ebc858113b618f505d31::r2,pair-28bc7a9bd2dcbea6f92cb83d,pair-28bc7a9bd2dcbea6f92cb83d::r2,q19_event_old_low_value__increase_gac_work_mem__gac_fdw_dba_topk_raw__query_shape-event_old_low_value__cutoff_ts-2026-06-24-00-00-00-00__limit_k-250__include_apac-True,gac_fdw_dba_topk_raw,"{""cutoff_ts"": ""2026-06-24 00:00:00+00"", ""include_apac"": true, ""limit_k"": 250, ""query_shape"": ""event_old_low_value""}",master-regimes/generated/corpus/confirmatory-action-replication-v1/groups/confirmatory-action-replication-v1__topology-isolation-large-n3-v1__runtime-bundle-multi-edge__analytics_clients/queries/q19_event_old_low_value__increase_gac_work_mem__gac_fdw_dba_topk_raw__query_shape-event_old_low_value__cutoff_ts-2026-06-24-00-00-00-00__limit_k-250__include_apac-True.sql,"coordinator_raw_fanin,coordinator_sort_topk",confirmatory-action-replication-v1,confirmatory-action-replication-v1,batch-confirmatory-action-replication-v1,fuzzy-intervention-memory-v1,q19_event_old_low_value__increase_gac_work_mem,dba_local_memory_topk,multiregion_union,gac_multi_edge,global_query,confirmatory_q19_event_old_low_value,topology-isolation-large-n3-v1,dba_topk_balanced_gac_mitigated,eu_us_apac_gac,final_check,combined_pressure,local_intervention_memory,mitigated,mitigated,q19_event_old_low_value__increase_gac_work_mem,gac_memory_increase,confirmatory_holdout,,,,,,,,increase_gac_work_mem,global_gac_mitigation_gain_log2,confirmatory_action_replication,"gac_finalization_heavy,remote_fetch_heavy",pilot,"{""fetch_size"":""high"",""wan_latency"":""high"",""work_mem"":""high""}","supports_region_partitioning,supports_large_scan","{""filter_uses_distribution_key"":false,""group_by_uses_distribution_key"":false,""join_uses_distribution_key"":false,""multi_tenant_scope"":true,""order_by_uses_distribution_key"":false,""single_tenant_scope"":false,""tenant_filter_present"":false}",,balanced_williams_confirmatory,explicit_schedule,,false,2,144,false
cond-333f20684c53a3cb86ae,cond-333f20684c53a3cb86ae::r2,pair-84b49c7fea3a65ec45d2b72f,pair-84b49c7fea3a65ec45d2b72f::r2,q22_tenant_distinct_users__baseline__gac_fdw_dba_topk_raw__query_shape-tenant_distinct_users__cutoff_ts-2026-06-27-00-00-00-00__limit_k-50__include_apac-True,gac_fdw_dba_topk_raw,"{""cutoff_ts"": ""2026-06-27 00:00:00+00"", ""include_apac"": true, ""limit_k"": 50, ""query_shape"": ""tenant_distinct_users""}",master-regimes/generated/corpus/confirmatory-action-replication-v1/groups/confirmatory-action-replication-v1__topology-isolation-large-n3-v1__runtime-bundle-multi-edge__analytics_clients/queries/q22_tenant_distinct_users__baseline__gac_fdw_dba_topk_raw__query_shape-tenant_distinct_users__cutoff_ts-2026-06-27-00-00-00-00__limit_k-50__include_apac-True.sql,"coordinator_raw_fanin,coordinator_sort_topk",confirmatory-action-replication-v1,confirmatory-action-replication-v1,batch-confirmatory-action-replication-v1,fuzzy-intervention-memory-v1,q22_tenant_distinct_users__baseline,dba_local_memory_topk,multiregion_union,gac_multi_edge,global_query,confirmatory_q22_tenant_distinct_users,topology-isolation-large-n3-v1,dba_topk_balanced_stressed,eu_us_apac_gac,final_check,combined_pressure,local_intervention_memory,stressed,stressed,q22_tenant_distinct_users__shared_baseline,gac_raw_topk,confirmatory_holdout,,,,,,,,,global_gac_mitigation_gain_log2,confirmatory_action_replication,"gac_finalization_heavy,remote_fetch_heavy",pilot,"{""fetch_size"":""high"",""wan_latency"":""high"",""work_mem"":""high""}","supports_region_partitioning,supports_large_scan","{""filter_uses_distribution_key"":false,""group_by_uses_distribution_key"":false,""join_uses_distribution_key"":false,""multi_tenant_scope"":true,""order_by_uses_distribution_key"":false,""single_tenant_scope"":false,""tenant_filter_present"":false}",,balanced_williams_confirmatory,explicit_schedule,,false,2,145,false
cond-af05aee8f4f3a1e281ce,cond-af05aee8f4f3a1e281ce::r2,pair-f72a4f98468d2ac871e859f6,pair-f72a4f98468d2ac871e859f6::r2,q22_tenant_distinct_users__increase_gac_work_mem__gac_fdw_dba_topk_raw__query_shape-tenant_distinct_users__cutoff_ts-2026-06-27-00-00-00-00__limit_k-50__include_apac-True,gac_fdw_dba_topk_raw,"{""cutoff_ts"": ""2026-06-27 00:00:00+00"", ""include_apac"": true, ""limit_k"": 50, ""query_shape"": ""tenant_distinct_users""}",master-regimes/generated/corpus/confirmatory-action-replication-v1/groups/confirmatory-action-replication-v1__topology-isolation-large-n3-v1__runtime-bundle-multi-edge__analytics_clients/queries/q22_tenant_distinct_users__increase_gac_work_mem__gac_fdw_dba_topk_raw__query_shape-tenant_distinct_users__cutoff_ts-2026-06-27-00-00-00-00__limit_k-50__include_apac-True.sql,"coordinator_raw_fanin,coordinator_sort_topk",confirmatory-action-replication-v1,confirmatory-action-replication-v1,batch-confirmatory-action-replication-v1,fuzzy-intervention-memory-v1,q22_tenant_distinct_users__increase_gac_work_mem,dba_local_memory_topk,multiregion_union,gac_multi_edge,global_query,confirmatory_q22_tenant_distinct_users,topology-isolation-large-n3-v1,dba_topk_balanced_gac_mitigated,eu_us_apac_gac,final_check,combined_pressure,local_intervention_memory,mitigated,mitigated,q22_tenant_distinct_users__increase_gac_work_mem,gac_memory_increase,confirmatory_holdout,,,,,,,,increase_gac_work_mem,global_gac_mitigation_gain_log2,confirmatory_action_replication,"gac_finalization_heavy,remote_fetch_heavy",pilot,"{""fetch_size"":""high"",""wan_latency"":""high"",""work_mem"":""high""}","supports_region_partitioning,supports_large_scan","{""filter_uses_distribution_key"":false,""group_by_uses_distribution_key"":false,""join_uses_distribution_key"":false,""multi_tenant_scope"":true,""order_by_uses_distribution_key"":false,""single_tenant_scope"":false,""tenant_filter_present"":false}",,balanced_williams_confirmatory,explicit_schedule,,false,2,146,false
cond-45acff50290f701783f3,cond-45acff50290f701783f3::r2,pair-2e5b6474e54580d4292c4816,pair-2e5b6474e54580d4292c4816::r2,q22_tenant_distinct_users__mitigate_remote_path_bundle__gac_fdw_dba_topk_raw__query_shape-tenant_distinct_users__cutoff_ts-2026-06-27-00-00-00-00__limit_k-50__include_apac-True,gac_fdw_dba_topk_raw,"{""cutoff_ts"": ""2026-06-27 00:00:00+00"", ""include_apac"": true, ""limit_k"": 50, ""query_shape"": ""tenant_distinct_users""}",master-regimes/generated/corpus/confirmatory-action-replication-v1/groups/confirmatory-action-replication-v1__topology-isolation-large-n3-v1__runtime-bundle-multi-edge__analytics_clients/queries/q22_tenant_distinct_users__mitigate_remote_path_bundle__gac_fdw_dba_topk_raw__query_shape-tenant_distinct_users__cutoff_ts-2026-06-27-00-00-00-00__limit_k-50__include_apac-True.sql,"coordinator_raw_fanin,coordinator_sort_topk",confirmatory-action-replication-v1,confirmatory-action-replication-v1,batch-confirmatory-action-replication-v1,fuzzy-intervention-memory-v1,q22_tenant_distinct_users__mitigate_remote_path_bundle,dba_local_memory_topk,multiregion_union,gac_multi_edge,global_query,confirmatory_q22_tenant_distinct_users,topology-isolation-large-n3-v1,dba_topk_balanced_remote_mitigated,eu_us_apac_gac,final_check,combined_pressure,local_intervention_memory,mitigated,mitigated,q22_tenant_distinct_users__mitigate_remote_path_bundle,remote_transport_bundle,confirmatory_holdout,,,,,,,,mitigate_remote_path_bundle,global_gac_mitigation_gain_log2,confirmatory_action_replication,"gac_finalization_heavy,remote_fetch_heavy",pilot,"{""fetch_size"":""high"",""wan_latency"":""high"",""work_mem"":""high""}","supports_region_partitioning,supports_large_scan","{""filter_uses_distribution_key"":false,""group_by_uses_distribution_key"":false,""join_uses_distribution_key"":false,""multi_tenant_scope"":true,""order_by_uses_distribution_key"":false,""single_tenant_scope"":false,""tenant_filter_present"":false}",,balanced_williams_confirmatory,explicit_schedule,,false,2,147,false
cond-5946457e5fe45602d4c9,cond-5946457e5fe45602d4c9::r2,pair-a54ea92d36592a318d7b2308,pair-a54ea92d36592a318d7b2308::r2,q22_tenant_distinct_users__regional_topk_candidates__gac_fdw_dba_topk_regional__query_shape-tenant_distinct_users__cutoff_ts-2026-06-27-00-00-00-00__limit_k-50__include_apac-True,gac_fdw_dba_topk_regional,"{""cutoff_ts"": ""2026-06-27 00:00:00+00"", ""include_apac"": true, ""limit_k"": 50, ""query_shape"": ""tenant_distinct_users""}",master-regimes/generated/corpus/confirmatory-action-replication-v1/groups/confirmatory-action-replication-v1__topology-isolation-large-n3-v1__runtime-bundle-multi-edge__analytics_clients/queries/q22_tenant_distinct_users__regional_topk_candidates__gac_fdw_dba_topk_regional__query_shape-tenant_distinct_users__cutoff_ts-2026-06-27-00-00-00-00__limit_k-50__include_apac-True.sql,"regional_topk,coordinator_sort_topk",confirmatory-action-replication-v1,confirmatory-action-replication-v1,batch-confirmatory-action-replication-v1,fuzzy-intervention-memory-v1,q22_tenant_distinct_users__regional_topk_candidates,dba_local_memory_topk,multiregion_union,gac_multi_edge,global_query,confirmatory_q22_tenant_distinct_users,topology-isolation-large-n3-v1,dba_topk_balanced_stressed,eu_us_apac_gac,final_check,combined_pressure,local_intervention_memory,mitigated,mitigated,q22_tenant_distinct_users__regional_topk_candidates,regional_topk_candidates,confirmatory_holdout,,,,,,,,regional_topk_candidates,global_gac_mitigation_gain_log2,confirmatory_action_replication,"gac_finalization_heavy,well_reduced_localized",pilot,"{""fetch_size"":""medium"",""wan_latency"":""medium"",""work_mem"":""medium""}","supports_region_partitioning,supports_large_scan","{""filter_uses_distribution_key"":false,""group_by_uses_distribution_key"":false,""join_uses_distribution_key"":false,""multi_tenant_scope"":true,""order_by_uses_distribution_key"":false,""single_tenant_scope"":false,""tenant_filter_present"":false}",,balanced_williams_confirmatory,explicit_schedule,,false,2,148,false
cond-416644b0da6a48c2b9b7,cond-416644b0da6a48c2b9b7::r2,pair-a3d66a34901044d1a6e3590e,pair-a3d66a34901044d1a6e3590e::r2,q27_user_sum__increase_gac_work_mem__gac_fdw_dba_topk_raw__query_shape-user_sum__cutoff_ts-2026-06-29-00-00-00-00__limit_k-50__include_apac-True,gac_fdw_dba_topk_raw,"{""cutoff_ts"": ""2026-06-29 00:00:00+00"", ""include_apac"": true, ""limit_k"": 50, ""query_shape"": ""user_sum""}",master-regimes/generated/corpus/confirmatory-action-replication-v1/groups/confirmatory-action-replication-v1__topology-isolation-large-n3-v1__runtime-bundle-multi-edge__analytics_clients/queries/q27_user_sum__increase_gac_work_mem__gac_fdw_dba_topk_raw__query_shape-user_sum__cutoff_ts-2026-06-29-00-00-00-00__limit_k-50__include_apac-True.sql,"coordinator_raw_fanin,coordinator_sort_topk",confirmatory-action-replication-v1,confirmatory-action-replication-v1,batch-confirmatory-action-replication-v1,fuzzy-intervention-memory-v1,q27_user_sum__increase_gac_work_mem,dba_local_memory_topk,multiregion_union,gac_multi_edge,global_query,confirmatory_q27_user_sum,topology-isolation-large-n3-v1,dba_topk_balanced_gac_mitigated,eu_us_apac_gac,final_check,combined_pressure,local_intervention_memory,mitigated,mitigated,q27_user_sum__increase_gac_work_mem,gac_memory_increase,confirmatory_holdout,,,,,,,,increase_gac_work_mem,global_gac_mitigation_gain_log2,confirmatory_action_replication,"gac_finalization_heavy,remote_fetch_heavy",pilot,"{""fetch_size"":""high"",""wan_latency"":""high"",""work_mem"":""high""}","supports_region_partitioning,supports_large_scan","{""filter_uses_distribution_key"":false,""group_by_uses_distribution_key"":false,""join_uses_distribution_key"":false,""multi_tenant_scope"":true,""order_by_uses_distribution_key"":false,""single_tenant_scope"":false,""tenant_filter_present"":false}",,balanced_williams_confirmatory,explicit_schedule,,false,2,149,false
cond-ef17f7aa2b5811d0873a,cond-ef17f7aa2b5811d0873a::r2,pair-bc425a611b513e51ff08bb23,pair-bc425a611b513e51ff08bb23::r2,q27_user_sum__regional_topk_candidates__gac_fdw_dba_topk_regional__query_shape-user_sum__cutoff_ts-2026-06-29-00-00-00-00__limit_k-50__include_apac-True,gac_fdw_dba_topk_regional,"{""cutoff_ts"": ""2026-06-29 00:00:00+00"", ""include_apac"": true, ""limit_k"": 50, ""query_shape"": ""user_sum""}",master-regimes/generated/corpus/confirmatory-action-replication-v1/groups/confirmatory-action-replication-v1__topology-isolation-large-n3-v1__runtime-bundle-multi-edge__analytics_clients/queries/q27_user_sum__regional_topk_candidates__gac_fdw_dba_topk_regional__query_shape-user_sum__cutoff_ts-2026-06-29-00-00-00-00__limit_k-50__include_apac-True.sql,"regional_topk,coordinator_sort_topk",confirmatory-action-replication-v1,confirmatory-action-replication-v1,batch-confirmatory-action-replication-v1,fuzzy-intervention-memory-v1,q27_user_sum__regional_topk_candidates,dba_local_memory_topk,multiregion_union,gac_multi_edge,global_query,confirmatory_q27_user_sum,topology-isolation-large-n3-v1,dba_topk_balanced_stressed,eu_us_apac_gac,final_check,combined_pressure,local_intervention_memory,mitigated,mitigated,q27_user_sum__regional_topk_candidates,regional_topk_candidates,confirmatory_holdout,,,,,,,,regional_topk_candidates,global_gac_mitigation_gain_log2,confirmatory_action_replication,"gac_finalization_heavy,well_reduced_localized",pilot,"{""fetch_size"":""medium"",""wan_latency"":""medium"",""work_mem"":""medium""}","supports_region_partitioning,supports_large_scan","{""filter_uses_distribution_key"":false,""group_by_uses_distribution_key"":false,""join_uses_distribution_key"":false,""multi_tenant_scope"":true,""order_by_uses_distribution_key"":false,""single_tenant_scope"":false,""tenant_filter_present"":false}",,balanced_williams_confirmatory,explicit_schedule,,false,2,150,false
cond-72bd6c176bb9592b27fa,cond-72bd6c176bb9592b27fa::r2,pair-4711c69cab926c15c3fc7e8d,pair-4711c69cab926c15c3fc7e8d::r2,q27_user_sum__baseline__gac_fdw_dba_topk_raw__query_shape-user_sum__cutoff_ts-2026-06-29-00-00-00-00__limit_k-50__include_apac-True,gac_fdw_dba_topk_raw,"{""cutoff_ts"": ""2026-06-29 00:00:00+00"", ""include_apac"": true, ""limit_k"": 50, ""query_shape"": ""user_sum""}",master-regimes/generated/corpus/confirmatory-action-replication-v1/groups/confirmatory-action-replication-v1__topology-isolation-large-n3-v1__runtime-bundle-multi-edge__analytics_clients/queries/q27_user_sum__baseline__gac_fdw_dba_topk_raw__query_shape-user_sum__cutoff_ts-2026-06-29-00-00-00-00__limit_k-50__include_apac-True.sql,"coordinator_raw_fanin,coordinator_sort_topk",confirmatory-action-replication-v1,confirmatory-action-replication-v1,batch-confirmatory-action-replication-v1,fuzzy-intervention-memory-v1,q27_user_sum__baseline,dba_local_memory_topk,multiregion_union,gac_multi_edge,global_query,confirmatory_q27_user_sum,topology-isolation-large-n3-v1,dba_topk_balanced_stressed,eu_us_apac_gac,final_check,combined_pressure,local_intervention_memory,stressed,stressed,q27_user_sum__shared_baseline,gac_raw_topk,confirmatory_holdout,,,,,,,,,global_gac_mitigation_gain_log2,confirmatory_action_replication,"gac_finalization_heavy,remote_fetch_heavy",pilot,"{""fetch_size"":""high"",""wan_latency"":""high"",""work_mem"":""high""}","supports_region_partitioning,supports_large_scan","{""filter_uses_distribution_key"":false,""group_by_uses_distribution_key"":false,""join_uses_distribution_key"":false,""multi_tenant_scope"":true,""order_by_uses_distribution_key"":false,""single_tenant_scope"":false,""tenant_filter_present"":false}",,balanced_williams_confirmatory,explicit_schedule,,false,2,151,false
cond-f90916670f1125d505bb,cond-f90916670f1125d505bb::r2,pair-b7ea628951097147fd7cf3b5,pair-b7ea628951097147fd7cf3b5::r2,q27_user_sum__mitigate_remote_path_bundle__gac_fdw_dba_topk_raw__query_shape-user_sum__cutoff_ts-2026-06-29-00-00-00-00__limit_k-50__include_apac-True,gac_fdw_dba_topk_raw,"{""cutoff_ts"": ""2026-06-29 00:00:00+00"", ""include_apac"": true, ""limit_k"": 50, ""query_shape"": ""user_sum""}",master-regimes/generated/corpus/confirmatory-action-replication-v1/groups/confirmatory-action-replication-v1__topology-isolation-large-n3-v1__runtime-bundle-multi-edge__analytics_clients/queries/q27_user_sum__mitigate_remote_path_bundle__gac_fdw_dba_topk_raw__query_shape-user_sum__cutoff_ts-2026-06-29-00-00-00-00__limit_k-50__include_apac-True.sql,"coordinator_raw_fanin,coordinator_sort_topk",confirmatory-action-replication-v1,confirmatory-action-replication-v1,batch-confirmatory-action-replication-v1,fuzzy-intervention-memory-v1,q27_user_sum__mitigate_remote_path_bundle,dba_local_memory_topk,multiregion_union,gac_multi_edge,global_query,confirmatory_q27_user_sum,topology-isolation-large-n3-v1,dba_topk_balanced_remote_mitigated,eu_us_apac_gac,final_check,combined_pressure,local_intervention_memory,mitigated,mitigated,q27_user_sum__mitigate_remote_path_bundle,remote_transport_bundle,confirmatory_holdout,,,,,,,,mitigate_remote_path_bundle,global_gac_mitigation_gain_log2,confirmatory_action_replication,"gac_finalization_heavy,remote_fetch_heavy",pilot,"{""fetch_size"":""high"",""wan_latency"":""high"",""work_mem"":""high""}","supports_region_partitioning,supports_large_scan","{""filter_uses_distribution_key"":false,""group_by_uses_distribution_key"":false,""join_uses_distribution_key"":false,""multi_tenant_scope"":true,""order_by_uses_distribution_key"":false,""single_tenant_scope"":false,""tenant_filter_present"":false}",,balanced_williams_confirmatory,explicit_schedule,,false,2,152,false
cond-4d8790fa36869b64198e,cond-4d8790fa36869b64198e::r2,pair-a58e81873b8264863f339f00,pair-a58e81873b8264863f339f00::r2,q18_event_recent_high_value__regional_topk_candidates__gac_fdw_dba_topk_regional__query_shape-event_recent_high_value__cutoff_ts-2026-06-27-00-00-00-00__limit_k-100__include_apac-True,gac_fdw_dba_topk_regional,"{""cutoff_ts"": ""2026-06-27 00:00:00+00"", ""include_apac"": true, ""limit_k"": 100, ""query_shape"": ""event_recent_high_value""}",master-regimes/generated/corpus/confirmatory-action-replication-v1/groups/confirmatory-action-replication-v1__topology-isolation-large-n3-v1__runtime-bundle-multi-edge__analytics_clients/queries/q18_event_recent_high_value__regional_topk_candidates__gac_fdw_dba_topk_regional__query_shape-event_recent_high_value__cutoff_ts-2026-06-27-00-00-00-00__limit_k-100__include_apac-True.sql,"regional_topk,coordinator_sort_topk",confirmatory-action-replication-v1,confirmatory-action-replication-v1,batch-confirmatory-action-replication-v1,fuzzy-intervention-memory-v1,q18_event_recent_high_value__regional_topk_candidates,dba_local_memory_topk,multiregion_union,gac_multi_edge,global_query,confirmatory_q18_event_recent_high_value,topology-isolation-large-n3-v1,dba_topk_balanced_stressed,eu_us_apac_gac,final_check,combined_pressure,local_intervention_memory,mitigated,mitigated,q18_event_recent_high_value__regional_topk_candidates,regional_topk_candidates,confirmatory_holdout,,,,,,,,regional_topk_candidates,global_gac_mitigation_gain_log2,confirmatory_action_replication,"gac_finalization_heavy,well_reduced_localized",pilot,"{""fetch_size"":""medium"",""wan_latency"":""medium"",""work_mem"":""medium""}","supports_region_partitioning,supports_large_scan","{""filter_uses_distribution_key"":false,""group_by_uses_distribution_key"":false,""join_uses_distribution_key"":false,""multi_tenant_scope"":true,""order_by_uses_distribution_key"":false,""single_tenant_scope"":false,""tenant_filter_present"":false}",,balanced_williams_confirmatory,explicit_schedule,,false,2,153,false
cond-0c42c10f372ba8c3c4ed,cond-0c42c10f372ba8c3c4ed::r2,pair-7e66c7ea525d8b50297d3362,pair-7e66c7ea525d8b50297d3362::r2,q18_event_recent_high_value__mitigate_remote_path_bundle__gac_fdw_dba_topk_raw__query_shape-event_recent_high_value__cutoff_ts-2026-06-27-00-00-00-00__limit_k-100__include_apac-True,gac_fdw_dba_topk_raw,"{""cutoff_ts"": ""2026-06-27 00:00:00+00"", ""include_apac"": true, ""limit_k"": 100, ""query_shape"": ""event_recent_high_value""}",master-regimes/generated/corpus/confirmatory-action-replication-v1/groups/confirmatory-action-replication-v1__topology-isolation-large-n3-v1__runtime-bundle-multi-edge__analytics_clients/queries/q18_event_recent_high_value__mitigate_remote_path_bundle__gac_fdw_dba_topk_raw__query_shape-event_recent_high_value__cutoff_ts-2026-06-27-00-00-00-00__limit_k-100__include_apac-True.sql,"coordinator_raw_fanin,coordinator_sort_topk",confirmatory-action-replication-v1,confirmatory-action-replication-v1,batch-confirmatory-action-replication-v1,fuzzy-intervention-memory-v1,q18_event_recent_high_value__mitigate_remote_path_bundle,dba_local_memory_topk,multiregion_union,gac_multi_edge,global_query,confirmatory_q18_event_recent_high_value,topology-isolation-large-n3-v1,dba_topk_balanced_remote_mitigated,eu_us_apac_gac,final_check,combined_pressure,local_intervention_memory,mitigated,mitigated,q18_event_recent_high_value__mitigate_remote_path_bundle,remote_transport_bundle,confirmatory_holdout,,,,,,,,mitigate_remote_path_bundle,global_gac_mitigation_gain_log2,confirmatory_action_replication,"gac_finalization_heavy,remote_fetch_heavy",pilot,"{""fetch_size"":""high"",""wan_latency"":""high"",""work_mem"":""high""}","supports_region_partitioning,supports_large_scan","{""filter_uses_distribution_key"":false,""group_by_uses_distribution_key"":false,""join_uses_distribution_key"":false,""multi_tenant_scope"":true,""order_by_uses_distribution_key"":false,""single_tenant_scope"":false,""tenant_filter_present"":false}",,balanced_williams_confirmatory,explicit_schedule,,false,2,154,false
cond-c10c256b51a09fd89b2c,cond-c10c256b51a09fd89b2c::r2,pair-6123cf1bee094e59e21912e1,pair-6123cf1bee094e59e21912e1::r2,q18_event_recent_high_value__increase_gac_work_mem__gac_fdw_dba_topk_raw__query_shape-event_recent_high_value__cutoff_ts-2026-06-27-00-00-00-00__limit_k-100__include_apac-True,gac_fdw_dba_topk_raw,"{""cutoff_ts"": ""2026-06-27 00:00:00+00"", ""include_apac"": true, ""limit_k"": 100, ""query_shape"": ""event_recent_high_value""}",master-regimes/generated/corpus/confirmatory-action-replication-v1/groups/confirmatory-action-replication-v1__topology-isolation-large-n3-v1__runtime-bundle-multi-edge__analytics_clients/queries/q18_event_recent_high_value__increase_gac_work_mem__gac_fdw_dba_topk_raw__query_shape-event_recent_high_value__cutoff_ts-2026-06-27-00-00-00-00__limit_k-100__include_apac-True.sql,"coordinator_raw_fanin,coordinator_sort_topk",confirmatory-action-replication-v1,confirmatory-action-replication-v1,batch-confirmatory-action-replication-v1,fuzzy-intervention-memory-v1,q18_event_recent_high_value__increase_gac_work_mem,dba_local_memory_topk,multiregion_union,gac_multi_edge,global_query,confirmatory_q18_event_recent_high_value,topology-isolation-large-n3-v1,dba_topk_balanced_gac_mitigated,eu_us_apac_gac,final_check,combined_pressure,local_intervention_memory,mitigated,mitigated,q18_event_recent_high_value__increase_gac_work_mem,gac_memory_increase,confirmatory_holdout,,,,,,,,increase_gac_work_mem,global_gac_mitigation_gain_log2,confirmatory_action_replication,"gac_finalization_heavy,remote_fetch_heavy",pilot,"{""fetch_size"":""high"",""wan_latency"":""high"",""work_mem"":""high""}","supports_region_partitioning,supports_large_scan","{""filter_uses_distribution_key"":false,""group_by_uses_distribution_key"":false,""join_uses_distribution_key"":false,""multi_tenant_scope"":true,""order_by_uses_distribution_key"":false,""single_tenant_scope"":false,""tenant_filter_present"":false}",,balanced_williams_confirmatory,explicit_schedule,,false,2,155,false
cond-38a3f871fc3298a9853c,cond-38a3f871fc3298a9853c::r2,pair-ab65e63da9e807e82f18297f,pair-ab65e63da9e807e82f18297f::r2,q18_event_recent_high_value__baseline__gac_fdw_dba_topk_raw__query_shape-event_recent_high_value__cutoff_ts-2026-06-27-00-00-00-00__limit_k-100__include_apac-True,gac_fdw_dba_topk_raw,"{""cutoff_ts"": ""2026-06-27 00:00:00+00"", ""include_apac"": true, ""limit_k"": 100, ""query_shape"": ""event_recent_high_value""}",master-regimes/generated/corpus/confirmatory-action-replication-v1/groups/confirmatory-action-replication-v1__topology-isolation-large-n3-v1__runtime-bundle-multi-edge__analytics_clients/queries/q18_event_recent_high_value__baseline__gac_fdw_dba_topk_raw__query_shape-event_recent_high_value__cutoff_ts-2026-06-27-00-00-00-00__limit_k-100__include_apac-True.sql,"coordinator_raw_fanin,coordinator_sort_topk",confirmatory-action-replication-v1,confirmatory-action-replication-v1,batch-confirmatory-action-replication-v1,fuzzy-intervention-memory-v1,q18_event_recent_high_value__baseline,dba_local_memory_topk,multiregion_union,gac_multi_edge,global_query,confirmatory_q18_event_recent_high_value,topology-isolation-large-n3-v1,dba_topk_balanced_stressed,eu_us_apac_gac,final_check,combined_pressure,local_intervention_memory,stressed,stressed,q18_event_recent_high_value__shared_baseline,gac_raw_topk,confirmatory_holdout,,,,,,,,,global_gac_mitigation_gain_log2,confirmatory_action_replication,"gac_finalization_heavy,remote_fetch_heavy",pilot,"{""fetch_size"":""high"",""wan_latency"":""high"",""work_mem"":""high""}","supports_region_partitioning,supports_large_scan","{""filter_uses_distribution_key"":false,""group_by_uses_distribution_key"":false,""join_uses_distribution_key"":false,""multi_tenant_scope"":true,""order_by_uses_distribution_key"":false,""single_tenant_scope"":false,""tenant_filter_present"":false}",,balanced_williams_confirmatory,explicit_schedule,,false,2,156,false
cond-ddc9360c1d096719515d,cond-ddc9360c1d096719515d::r2,pair-8245d9dbb5c40df7d902a62e,pair-8245d9dbb5c40df7d902a62e::r2,q24_tenant_midband_sum__mitigate_remote_path_bundle__gac_fdw_dba_topk_raw__query_shape-tenant_midband_sum__cutoff_ts-2026-06-30-00-00-00-00__limit_k-250__include_apac-True,gac_fdw_dba_topk_raw,"{""cutoff_ts"": ""2026-06-30 00:00:00+00"", ""include_apac"": true, ""limit_k"": 250, ""query_shape"": ""tenant_midband_sum""}",master-regimes/generated/corpus/confirmatory-action-replication-v1/groups/confirmatory-action-replication-v1__topology-isolation-large-n3-v1__runtime-bundle-multi-edge__analytics_clients/queries/q24_tenant_midband_sum__mitigate_remote_path_bundle__gac_fdw_dba_topk_raw__query_shape-tenant_midband_sum__cutoff_ts-2026-06-30-00-00-00-00__limit_k-250__include_apac-True.sql,"coordinator_raw_fanin,coordinator_sort_topk",confirmatory-action-replication-v1,confirmatory-action-replication-v1,batch-confirmatory-action-replication-v1,fuzzy-intervention-memory-v1,q24_tenant_midband_sum__mitigate_remote_path_bundle,dba_local_memory_topk,multiregion_union,gac_multi_edge,global_query,confirmatory_q24_tenant_midband_sum,topology-isolation-large-n3-v1,dba_topk_balanced_remote_mitigated,eu_us_apac_gac,final_check,combined_pressure,local_intervention_memory,mitigated,mitigated,q24_tenant_midband_sum__mitigate_remote_path_bundle,remote_transport_bundle,confirmatory_holdout,,,,,,,,mitigate_remote_path_bundle,global_gac_mitigation_gain_log2,confirmatory_action_replication,"gac_finalization_heavy,remote_fetch_heavy",pilot,"{""fetch_size"":""high"",""wan_latency"":""high"",""work_mem"":""high""}","supports_region_partitioning,supports_large_scan","{""filter_uses_distribution_key"":false,""group_by_uses_distribution_key"":false,""join_uses_distribution_key"":false,""multi_tenant_scope"":true,""order_by_uses_distribution_key"":false,""single_tenant_scope"":false,""tenant_filter_present"":false}",,balanced_williams_confirmatory,explicit_schedule,,false,2,157,false
cond-c793f69100da9d8073a9,cond-c793f69100da9d8073a9::r2,pair-391867cf1c2ad311e401ca9d,pair-391867cf1c2ad311e401ca9d::r2,q24_tenant_midband_sum__baseline__gac_fdw_dba_topk_raw__query_shape-tenant_midband_sum__cutoff_ts-2026-06-30-00-00-00-00__limit_k-250__include_apac-True,gac_fdw_dba_topk_raw,"{""cutoff_ts"": ""2026-06-30 00:00:00+00"", ""include_apac"": true, ""limit_k"": 250, ""query_shape"": ""tenant_midband_sum""}",master-regimes/generated/corpus/confirmatory-action-replication-v1/groups/confirmatory-action-replication-v1__topology-isolation-large-n3-v1__runtime-bundle-multi-edge__analytics_clients/queries/q24_tenant_midband_sum__baseline__gac_fdw_dba_topk_raw__query_shape-tenant_midband_sum__cutoff_ts-2026-06-30-00-00-00-00__limit_k-250__include_apac-True.sql,"coordinator_raw_fanin,coordinator_sort_topk",confirmatory-action-replication-v1,confirmatory-action-replication-v1,batch-confirmatory-action-replication-v1,fuzzy-intervention-memory-v1,q24_tenant_midband_sum__baseline,dba_local_memory_topk,multiregion_union,gac_multi_edge,global_query,confirmatory_q24_tenant_midband_sum,topology-isolation-large-n3-v1,dba_topk_balanced_stressed,eu_us_apac_gac,final_check,combined_pressure,local_intervention_memory,stressed,stressed,q24_tenant_midband_sum__shared_baseline,gac_raw_topk,confirmatory_holdout,,,,,,,,,global_gac_mitigation_gain_log2,confirmatory_action_replication,"gac_finalization_heavy,remote_fetch_heavy",pilot,"{""fetch_size"":""high"",""wan_latency"":""high"",""work_mem"":""high""}","supports_region_partitioning,supports_large_scan","{""filter_uses_distribution_key"":false,""group_by_uses_distribution_key"":false,""join_uses_distribution_key"":false,""multi_tenant_scope"":true,""order_by_uses_distribution_key"":false,""single_tenant_scope"":false,""tenant_filter_present"":false}",,balanced_williams_confirmatory,explicit_schedule,,false,2,158,false
cond-711872a79328bba478df,cond-711872a79328bba478df::r2,pair-7ebb6672cd25e5afd613b198,pair-7ebb6672cd25e5afd613b198::r2,q24_tenant_midband_sum__regional_topk_candidates__gac_fdw_dba_topk_regional__query_shape-tenant_midband_sum__cutoff_ts-2026-06-30-00-00-00-00__limit_k-250__include_apac-True,gac_fdw_dba_topk_regional,"{""cutoff_ts"": ""2026-06-30 00:00:00+00"", ""include_apac"": true, ""limit_k"": 250, ""query_shape"": ""tenant_midband_sum""}",master-regimes/generated/corpus/confirmatory-action-replication-v1/groups/confirmatory-action-replication-v1__topology-isolation-large-n3-v1__runtime-bundle-multi-edge__analytics_clients/queries/q24_tenant_midband_sum__regional_topk_candidates__gac_fdw_dba_topk_regional__query_shape-tenant_midband_sum__cutoff_ts-2026-06-30-00-00-00-00__limit_k-250__include_apac-True.sql,"regional_topk,coordinator_sort_topk",confirmatory-action-replication-v1,confirmatory-action-replication-v1,batch-confirmatory-action-replication-v1,fuzzy-intervention-memory-v1,q24_tenant_midband_sum__regional_topk_candidates,dba_local_memory_topk,multiregion_union,gac_multi_edge,global_query,confirmatory_q24_tenant_midband_sum,topology-isolation-large-n3-v1,dba_topk_balanced_stressed,eu_us_apac_gac,final_check,combined_pressure,local_intervention_memory,mitigated,mitigated,q24_tenant_midband_sum__regional_topk_candidates,regional_topk_candidates,confirmatory_holdout,,,,,,,,regional_topk_candidates,global_gac_mitigation_gain_log2,confirmatory_action_replication,"gac_finalization_heavy,well_reduced_localized",pilot,"{""fetch_size"":""medium"",""wan_latency"":""medium"",""work_mem"":""medium""}","supports_region_partitioning,supports_large_scan","{""filter_uses_distribution_key"":false,""group_by_uses_distribution_key"":false,""join_uses_distribution_key"":false,""multi_tenant_scope"":true,""order_by_uses_distribution_key"":false,""single_tenant_scope"":false,""tenant_filter_present"":false}",,balanced_williams_confirmatory,explicit_schedule,,false,2,159,false
cond-75f64252c841322ea368,cond-75f64252c841322ea368::r2,pair-b96e9aa1053227d5f5e0938f,pair-b96e9aa1053227d5f5e0938f::r2,q24_tenant_midband_sum__increase_gac_work_mem__gac_fdw_dba_topk_raw__query_shape-tenant_midband_sum__cutoff_ts-2026-06-30-00-00-00-00__limit_k-250__include_apac-True,gac_fdw_dba_topk_raw,"{""cutoff_ts"": ""2026-06-30 00:00:00+00"", ""include_apac"": true, ""limit_k"": 250, ""query_shape"": ""tenant_midband_sum""}",master-regimes/generated/corpus/confirmatory-action-replication-v1/groups/confirmatory-action-replication-v1__topology-isolation-large-n3-v1__runtime-bundle-multi-edge__analytics_clients/queries/q24_tenant_midband_sum__increase_gac_work_mem__gac_fdw_dba_topk_raw__query_shape-tenant_midband_sum__cutoff_ts-2026-06-30-00-00-00-00__limit_k-250__include_apac-True.sql,"coordinator_raw_fanin,coordinator_sort_topk",confirmatory-action-replication-v1,confirmatory-action-replication-v1,batch-confirmatory-action-replication-v1,fuzzy-intervention-memory-v1,q24_tenant_midband_sum__increase_gac_work_mem,dba_local_memory_topk,multiregion_union,gac_multi_edge,global_query,confirmatory_q24_tenant_midband_sum,topology-isolation-large-n3-v1,dba_topk_balanced_gac_mitigated,eu_us_apac_gac,final_check,combined_pressure,local_intervention_memory,mitigated,mitigated,q24_tenant_midband_sum__increase_gac_work_mem,gac_memory_increase,confirmatory_holdout,,,,,,,,increase_gac_work_mem,global_gac_mitigation_gain_log2,confirmatory_action_replication,"gac_finalization_heavy,remote_fetch_heavy",pilot,"{""fetch_size"":""high"",""wan_latency"":""high"",""work_mem"":""high""}","supports_region_partitioning,supports_large_scan","{""filter_uses_distribution_key"":false,""group_by_uses_distribution_key"":false,""join_uses_distribution_key"":false,""multi_tenant_scope"":true,""order_by_uses_distribution_key"":false,""single_tenant_scope"":false,""tenant_filter_present"":false}",,balanced_williams_confirmatory,explicit_schedule,,false,2,160,false
cond-ff41e225c9daa4852d73,cond-ff41e225c9daa4852d73::r2,pair-5e510e3b1a7c2ae9c5cf4ff4,pair-5e510e3b1a7c2ae9c5cf4ff4::r2,q21_tenant_value_range__baseline__gac_fdw_dba_topk_raw__query_shape-tenant_value_range__cutoff_ts-2026-06-29-00-00-00-00__limit_k-25__include_apac-True,gac_fdw_dba_topk_raw,"{""cutoff_ts"": ""2026-06-29 00:00:00+00"", ""include_apac"": true, ""limit_k"": 25, ""query_shape"": ""tenant_value_range""}",master-regimes/generated/corpus/confirmatory-action-replication-v1/groups/confirmatory-action-replication-v1__topology-isolation-large-n3-v1__runtime-bundle-multi-edge__analytics_clients/queries/q21_tenant_value_range__baseline__gac_fdw_dba_topk_raw__query_shape-tenant_value_range__cutoff_ts-2026-06-29-00-00-00-00__limit_k-25__include_apac-True.sql,"coordinator_raw_fanin,coordinator_sort_topk",confirmatory-action-replication-v1,confirmatory-action-replication-v1,batch-confirmatory-action-replication-v1,fuzzy-intervention-memory-v1,q21_tenant_value_range__baseline,dba_local_memory_topk,multiregion_union,gac_multi_edge,global_query,confirmatory_q21_tenant_value_range,topology-isolation-large-n3-v1,dba_topk_balanced_stressed,eu_us_apac_gac,final_check,combined_pressure,local_intervention_memory,stressed,stressed,q21_tenant_value_range__shared_baseline,gac_raw_topk,confirmatory_holdout,,,,,,,,,global_gac_mitigation_gain_log2,confirmatory_action_replication,"gac_finalization_heavy,remote_fetch_heavy",pilot,"{""fetch_size"":""high"",""wan_latency"":""high"",""work_mem"":""high""}","supports_region_partitioning,supports_large_scan","{""filter_uses_distribution_key"":false,""group_by_uses_distribution_key"":false,""join_uses_distribution_key"":false,""multi_tenant_scope"":true,""order_by_uses_distribution_key"":false,""single_tenant_scope"":false,""tenant_filter_present"":false}",,balanced_williams_confirmatory,explicit_schedule,,false,2,161,false
cond-15e89c93076e5554776a,cond-15e89c93076e5554776a::r2,pair-071f913e036d71f534b5eab2,pair-071f913e036d71f534b5eab2::r2,q21_tenant_value_range__increase_gac_work_mem__gac_fdw_dba_topk_raw__query_shape-tenant_value_range__cutoff_ts-2026-06-29-00-00-00-00__limit_k-25__include_apac-True,gac_fdw_dba_topk_raw,"{""cutoff_ts"": ""2026-06-29 00:00:00+00"", ""include_apac"": true, ""limit_k"": 25, ""query_shape"": ""tenant_value_range""}",master-regimes/generated/corpus/confirmatory-action-replication-v1/groups/confirmatory-action-replication-v1__topology-isolation-large-n3-v1__runtime-bundle-multi-edge__analytics_clients/queries/q21_tenant_value_range__increase_gac_work_mem__gac_fdw_dba_topk_raw__query_shape-tenant_value_range__cutoff_ts-2026-06-29-00-00-00-00__limit_k-25__include_apac-True.sql,"coordinator_raw_fanin,coordinator_sort_topk",confirmatory-action-replication-v1,confirmatory-action-replication-v1,batch-confirmatory-action-replication-v1,fuzzy-intervention-memory-v1,q21_tenant_value_range__increase_gac_work_mem,dba_local_memory_topk,multiregion_union,gac_multi_edge,global_query,confirmatory_q21_tenant_value_range,topology-isolation-large-n3-v1,dba_topk_balanced_gac_mitigated,eu_us_apac_gac,final_check,combined_pressure,local_intervention_memory,mitigated,mitigated,q21_tenant_value_range__increase_gac_work_mem,gac_memory_increase,confirmatory_holdout,,,,,,,,increase_gac_work_mem,global_gac_mitigation_gain_log2,confirmatory_action_replication,"gac_finalization_heavy,remote_fetch_heavy",pilot,"{""fetch_size"":""high"",""wan_latency"":""high"",""work_mem"":""high""}","supports_region_partitioning,supports_large_scan","{""filter_uses_distribution_key"":false,""group_by_uses_distribution_key"":false,""join_uses_distribution_key"":false,""multi_tenant_scope"":true,""order_by_uses_distribution_key"":false,""single_tenant_scope"":false,""tenant_filter_present"":false}",,balanced_williams_confirmatory,explicit_schedule,,false,2,162,false
cond-45e1b3b75d664c5f6426,cond-45e1b3b75d664c5f6426::r2,pair-6aeb339e9e03cf7f162aaa8a,pair-6aeb339e9e03cf7f162aaa8a::r2,q21_tenant_value_range__mitigate_remote_path_bundle__gac_fdw_dba_topk_raw__query_shape-tenant_value_range__cutoff_ts-2026-06-29-00-00-00-00__limit_k-25__include_apac-True,gac_fdw_dba_topk_raw,"{""cutoff_ts"": ""2026-06-29 00:00:00+00"", ""include_apac"": true, ""limit_k"": 25, ""query_shape"": ""tenant_value_range""}",master-regimes/generated/corpus/confirmatory-action-replication-v1/groups/confirmatory-action-replication-v1__topology-isolation-large-n3-v1__runtime-bundle-multi-edge__analytics_clients/queries/q21_tenant_value_range__mitigate_remote_path_bundle__gac_fdw_dba_topk_raw__query_shape-tenant_value_range__cutoff_ts-2026-06-29-00-00-00-00__limit_k-25__include_apac-True.sql,"coordinator_raw_fanin,coordinator_sort_topk",confirmatory-action-replication-v1,confirmatory-action-replication-v1,batch-confirmatory-action-replication-v1,fuzzy-intervention-memory-v1,q21_tenant_value_range__mitigate_remote_path_bundle,dba_local_memory_topk,multiregion_union,gac_multi_edge,global_query,confirmatory_q21_tenant_value_range,topology-isolation-large-n3-v1,dba_topk_balanced_remote_mitigated,eu_us_apac_gac,final_check,combined_pressure,local_intervention_memory,mitigated,mitigated,q21_tenant_value_range__mitigate_remote_path_bundle,remote_transport_bundle,confirmatory_holdout,,,,,,,,mitigate_remote_path_bundle,global_gac_mitigation_gain_log2,confirmatory_action_replication,"gac_finalization_heavy,remote_fetch_heavy",pilot,"{""fetch_size"":""high"",""wan_latency"":""high"",""work_mem"":""high""}","supports_region_partitioning,supports_large_scan","{""filter_uses_distribution_key"":false,""group_by_uses_distribution_key"":false,""join_uses_distribution_key"":false,""multi_tenant_scope"":true,""order_by_uses_distribution_key"":false,""single_tenant_scope"":false,""tenant_filter_present"":false}",,balanced_williams_confirmatory,explicit_schedule,,false,2,163,false
cond-84c446660059908a1502,cond-84c446660059908a1502::r2,pair-ff3de517f1659be9713a58e4,pair-ff3de517f1659be9713a58e4::r2,q21_tenant_value_range__regional_topk_candidates__gac_fdw_dba_topk_regional__query_shape-tenant_value_range__cutoff_ts-2026-06-29-00-00-00-00__limit_k-25__include_apac-True,gac_fdw_dba_topk_regional,"{""cutoff_ts"": ""2026-06-29 00:00:00+00"", ""include_apac"": true, ""limit_k"": 25, ""query_shape"": ""tenant_value_range""}",master-regimes/generated/corpus/confirmatory-action-replication-v1/groups/confirmatory-action-replication-v1__topology-isolation-large-n3-v1__runtime-bundle-multi-edge__analytics_clients/queries/q21_tenant_value_range__regional_topk_candidates__gac_fdw_dba_topk_regional__query_shape-tenant_value_range__cutoff_ts-2026-06-29-00-00-00-00__limit_k-25__include_apac-True.sql,"regional_topk,coordinator_sort_topk",confirmatory-action-replication-v1,confirmatory-action-replication-v1,batch-confirmatory-action-replication-v1,fuzzy-intervention-memory-v1,q21_tenant_value_range__regional_topk_candidates,dba_local_memory_topk,multiregion_union,gac_multi_edge,global_query,confirmatory_q21_tenant_value_range,topology-isolation-large-n3-v1,dba_topk_balanced_stressed,eu_us_apac_gac,final_check,combined_pressure,local_intervention_memory,mitigated,mitigated,q21_tenant_value_range__regional_topk_candidates,regional_topk_candidates,confirmatory_holdout,,,,,,,,regional_topk_candidates,global_gac_mitigation_gain_log2,confirmatory_action_replication,"gac_finalization_heavy,well_reduced_localized",pilot,"{""fetch_size"":""medium"",""wan_latency"":""medium"",""work_mem"":""medium""}","supports_region_partitioning,supports_large_scan","{""filter_uses_distribution_key"":false,""group_by_uses_distribution_key"":false,""join_uses_distribution_key"":false,""multi_tenant_scope"":true,""order_by_uses_distribution_key"":false,""single_tenant_scope"":false,""tenant_filter_present"":false}",,balanced_williams_confirmatory,explicit_schedule,,false,2,164,false
cond-c08518b655f49020d9ab,cond-c08518b655f49020d9ab::r2,pair-49337cd3d2698fc7b5202970,pair-49337cd3d2698fc7b5202970::r2,q17_event_log_value__increase_gac_work_mem__gac_fdw_dba_topk_raw__query_shape-event_log_value__cutoff_ts-2026-06-29-00-00-00-00__limit_k-50__include_apac-True,gac_fdw_dba_topk_raw,"{""cutoff_ts"": ""2026-06-29 00:00:00+00"", ""include_apac"": true, ""limit_k"": 50, ""query_shape"": ""event_log_value""}",master-regimes/generated/corpus/confirmatory-action-replication-v1/groups/confirmatory-action-replication-v1__topology-isolation-large-n3-v1__runtime-bundle-multi-edge__analytics_clients/queries/q17_event_log_value__increase_gac_work_mem__gac_fdw_dba_topk_raw__query_shape-event_log_value__cutoff_ts-2026-06-29-00-00-00-00__limit_k-50__include_apac-True.sql,"coordinator_raw_fanin,coordinator_sort_topk",confirmatory-action-replication-v1,confirmatory-action-replication-v1,batch-confirmatory-action-replication-v1,fuzzy-intervention-memory-v1,q17_event_log_value__increase_gac_work_mem,dba_local_memory_topk,multiregion_union,gac_multi_edge,global_query,confirmatory_q17_event_log_value,topology-isolation-large-n3-v1,dba_topk_balanced_gac_mitigated,eu_us_apac_gac,final_check,combined_pressure,local_intervention_memory,mitigated,mitigated,q17_event_log_value__increase_gac_work_mem,gac_memory_increase,confirmatory_holdout,,,,,,,,increase_gac_work_mem,global_gac_mitigation_gain_log2,confirmatory_action_replication,"gac_finalization_heavy,remote_fetch_heavy",pilot,"{""fetch_size"":""high"",""wan_latency"":""high"",""work_mem"":""high""}","supports_region_partitioning,supports_large_scan","{""filter_uses_distribution_key"":false,""group_by_uses_distribution_key"":false,""join_uses_distribution_key"":false,""multi_tenant_scope"":true,""order_by_uses_distribution_key"":false,""single_tenant_scope"":false,""tenant_filter_present"":false}",,balanced_williams_confirmatory,explicit_schedule,,false,2,165,false
cond-d640b35b387ab7459f6b,cond-d640b35b387ab7459f6b::r2,pair-791f99d1b18dbce9fc1472e8,pair-791f99d1b18dbce9fc1472e8::r2,q17_event_log_value__regional_topk_candidates__gac_fdw_dba_topk_regional__query_shape-event_log_value__cutoff_ts-2026-06-29-00-00-00-00__limit_k-50__include_apac-True,gac_fdw_dba_topk_regional,"{""cutoff_ts"": ""2026-06-29 00:00:00+00"", ""include_apac"": true, ""limit_k"": 50, ""query_shape"": ""event_log_value""}",master-regimes/generated/corpus/confirmatory-action-replication-v1/groups/confirmatory-action-replication-v1__topology-isolation-large-n3-v1__runtime-bundle-multi-edge__analytics_clients/queries/q17_event_log_value__regional_topk_candidates__gac_fdw_dba_topk_regional__query_shape-event_log_value__cutoff_ts-2026-06-29-00-00-00-00__limit_k-50__include_apac-True.sql,"regional_topk,coordinator_sort_topk",confirmatory-action-replication-v1,confirmatory-action-replication-v1,batch-confirmatory-action-replication-v1,fuzzy-intervention-memory-v1,q17_event_log_value__regional_topk_candidates,dba_local_memory_topk,multiregion_union,gac_multi_edge,global_query,confirmatory_q17_event_log_value,topology-isolation-large-n3-v1,dba_topk_balanced_stressed,eu_us_apac_gac,final_check,combined_pressure,local_intervention_memory,mitigated,mitigated,q17_event_log_value__regional_topk_candidates,regional_topk_candidates,confirmatory_holdout,,,,,,,,regional_topk_candidates,global_gac_mitigation_gain_log2,confirmatory_action_replication,"gac_finalization_heavy,well_reduced_localized",pilot,"{""fetch_size"":""medium"",""wan_latency"":""medium"",""work_mem"":""medium""}","supports_region_partitioning,supports_large_scan","{""filter_uses_distribution_key"":false,""group_by_uses_distribution_key"":false,""join_uses_distribution_key"":false,""multi_tenant_scope"":true,""order_by_uses_distribution_key"":false,""single_tenant_scope"":false,""tenant_filter_present"":false}",,balanced_williams_confirmatory,explicit_schedule,,false,2,166,false
cond-ffaf0f865cf7dc1409cc,cond-ffaf0f865cf7dc1409cc::r2,pair-b6d210f427bbd8cef5ac71bd,pair-b6d210f427bbd8cef5ac71bd::r2,q17_event_log_value__baseline__gac_fdw_dba_topk_raw__query_shape-event_log_value__cutoff_ts-2026-06-29-00-00-00-00__limit_k-50__include_apac-True,gac_fdw_dba_topk_raw,"{""cutoff_ts"": ""2026-06-29 00:00:00+00"", ""include_apac"": true, ""limit_k"": 50, ""query_shape"": ""event_log_value""}",master-regimes/generated/corpus/confirmatory-action-replication-v1/groups/confirmatory-action-replication-v1__topology-isolation-large-n3-v1__runtime-bundle-multi-edge__analytics_clients/queries/q17_event_log_value__baseline__gac_fdw_dba_topk_raw__query_shape-event_log_value__cutoff_ts-2026-06-29-00-00-00-00__limit_k-50__include_apac-True.sql,"coordinator_raw_fanin,coordinator_sort_topk",confirmatory-action-replication-v1,confirmatory-action-replication-v1,batch-confirmatory-action-replication-v1,fuzzy-intervention-memory-v1,q17_event_log_value__baseline,dba_local_memory_topk,multiregion_union,gac_multi_edge,global_query,confirmatory_q17_event_log_value,topology-isolation-large-n3-v1,dba_topk_balanced_stressed,eu_us_apac_gac,final_check,combined_pressure,local_intervention_memory,stressed,stressed,q17_event_log_value__shared_baseline,gac_raw_topk,confirmatory_holdout,,,,,,,,,global_gac_mitigation_gain_log2,confirmatory_action_replication,"gac_finalization_heavy,remote_fetch_heavy",pilot,"{""fetch_size"":""high"",""wan_latency"":""high"",""work_mem"":""high""}","supports_region_partitioning,supports_large_scan","{""filter_uses_distribution_key"":false,""group_by_uses_distribution_key"":false,""join_uses_distribution_key"":false,""multi_tenant_scope"":true,""order_by_uses_distribution_key"":false,""single_tenant_scope"":false,""tenant_filter_present"":false}",,balanced_williams_confirmatory,explicit_schedule,,false,2,167,false
cond-ae6bfc74ec4b88155b46,cond-ae6bfc74ec4b88155b46::r2,pair-d1bdedaac653339a295fcf33,pair-d1bdedaac653339a295fcf33::r2,q17_event_log_value__mitigate_remote_path_bundle__gac_fdw_dba_topk_raw__query_shape-event_log_value__cutoff_ts-2026-06-29-00-00-00-00__limit_k-50__include_apac-True,gac_fdw_dba_topk_raw,"{""cutoff_ts"": ""2026-06-29 00:00:00+00"", ""include_apac"": true, ""limit_k"": 50, ""query_shape"": ""event_log_value""}",master-regimes/generated/corpus/confirmatory-action-replication-v1/groups/confirmatory-action-replication-v1__topology-isolation-large-n3-v1__runtime-bundle-multi-edge__analytics_clients/queries/q17_event_log_value__mitigate_remote_path_bundle__gac_fdw_dba_topk_raw__query_shape-event_log_value__cutoff_ts-2026-06-29-00-00-00-00__limit_k-50__include_apac-True.sql,"coordinator_raw_fanin,coordinator_sort_topk",confirmatory-action-replication-v1,confirmatory-action-replication-v1,batch-confirmatory-action-replication-v1,fuzzy-intervention-memory-v1,q17_event_log_value__mitigate_remote_path_bundle,dba_local_memory_topk,multiregion_union,gac_multi_edge,global_query,confirmatory_q17_event_log_value,topology-isolation-large-n3-v1,dba_topk_balanced_remote_mitigated,eu_us_apac_gac,final_check,combined_pressure,local_intervention_memory,mitigated,mitigated,q17_event_log_value__mitigate_remote_path_bundle,remote_transport_bundle,confirmatory_holdout,,,,,,,,mitigate_remote_path_bundle,global_gac_mitigation_gain_log2,confirmatory_action_replication,"gac_finalization_heavy,remote_fetch_heavy",pilot,"{""fetch_size"":""high"",""wan_latency"":""high"",""work_mem"":""high""}","supports_region_partitioning,supports_large_scan","{""filter_uses_distribution_key"":false,""group_by_uses_distribution_key"":false,""join_uses_distribution_key"":false,""multi_tenant_scope"":true,""order_by_uses_distribution_key"":false,""single_tenant_scope"":false,""tenant_filter_present"":false}",,balanced_williams_confirmatory,explicit_schedule,,false,2,168,false
cond-853d379dfe002304522e,cond-853d379dfe002304522e::r2,pair-89ee7352dd383a3bb9c0c432,pair-89ee7352dd383a3bb9c0c432::r2,q28_user_count__regional_topk_candidates__gac_fdw_dba_topk_regional__query_shape-user_count__cutoff_ts-2026-06-27-00-00-00-00__limit_k-100__include_apac-True,gac_fdw_dba_topk_regional,"{""cutoff_ts"": ""2026-06-27 00:00:00+00"", ""include_apac"": true, ""limit_k"": 100, ""query_shape"": ""user_count""}",master-regimes/generated/corpus/confirmatory-action-replication-v1/groups/confirmatory-action-replication-v1__topology-isolation-large-n3-v1__runtime-bundle-multi-edge__analytics_clients/queries/q28_user_count__regional_topk_candidates__gac_fdw_dba_topk_regional__query_shape-user_count__cutoff_ts-2026-06-27-00-00-00-00__limit_k-100__include_apac-True.sql,"regional_topk,coordinator_sort_topk",confirmatory-action-replication-v1,confirmatory-action-replication-v1,batch-confirmatory-action-replication-v1,fuzzy-intervention-memory-v1,q28_user_count__regional_topk_candidates,dba_local_memory_topk,multiregion_union,gac_multi_edge,global_query,confirmatory_q28_user_count,topology-isolation-large-n3-v1,dba_topk_balanced_stressed,eu_us_apac_gac,final_check,combined_pressure,local_intervention_memory,mitigated,mitigated,q28_user_count__regional_topk_candidates,regional_topk_candidates,confirmatory_holdout,,,,,,,,regional_topk_candidates,global_gac_mitigation_gain_log2,confirmatory_action_replication,"gac_finalization_heavy,well_reduced_localized",pilot,"{""fetch_size"":""medium"",""wan_latency"":""medium"",""work_mem"":""medium""}","supports_region_partitioning,supports_large_scan","{""filter_uses_distribution_key"":false,""group_by_uses_distribution_key"":false,""join_uses_distribution_key"":false,""multi_tenant_scope"":true,""order_by_uses_distribution_key"":false,""single_tenant_scope"":false,""tenant_filter_present"":false}",,balanced_williams_confirmatory,explicit_schedule,,false,2,169,false
cond-a8b793a1a110500269f2,cond-a8b793a1a110500269f2::r2,pair-f00d3ce2e2726ebe79437f0e,pair-f00d3ce2e2726ebe79437f0e::r2,q28_user_count__mitigate_remote_path_bundle__gac_fdw_dba_topk_raw__query_shape-user_count__cutoff_ts-2026-06-27-00-00-00-00__limit_k-100__include_apac-True,gac_fdw_dba_topk_raw,"{""cutoff_ts"": ""2026-06-27 00:00:00+00"", ""include_apac"": true, ""limit_k"": 100, ""query_shape"": ""user_count""}",master-regimes/generated/corpus/confirmatory-action-replication-v1/groups/confirmatory-action-replication-v1__topology-isolation-large-n3-v1__runtime-bundle-multi-edge__analytics_clients/queries/q28_user_count__mitigate_remote_path_bundle__gac_fdw_dba_topk_raw__query_shape-user_count__cutoff_ts-2026-06-27-00-00-00-00__limit_k-100__include_apac-True.sql,"coordinator_raw_fanin,coordinator_sort_topk",confirmatory-action-replication-v1,confirmatory-action-replication-v1,batch-confirmatory-action-replication-v1,fuzzy-intervention-memory-v1,q28_user_count__mitigate_remote_path_bundle,dba_local_memory_topk,multiregion_union,gac_multi_edge,global_query,confirmatory_q28_user_count,topology-isolation-large-n3-v1,dba_topk_balanced_remote_mitigated,eu_us_apac_gac,final_check,combined_pressure,local_intervention_memory,mitigated,mitigated,q28_user_count__mitigate_remote_path_bundle,remote_transport_bundle,confirmatory_holdout,,,,,,,,mitigate_remote_path_bundle,global_gac_mitigation_gain_log2,confirmatory_action_replication,"gac_finalization_heavy,remote_fetch_heavy",pilot,"{""fetch_size"":""high"",""wan_latency"":""high"",""work_mem"":""high""}","supports_region_partitioning,supports_large_scan","{""filter_uses_distribution_key"":false,""group_by_uses_distribution_key"":false,""join_uses_distribution_key"":false,""multi_tenant_scope"":true,""order_by_uses_distribution_key"":false,""single_tenant_scope"":false,""tenant_filter_present"":false}",,balanced_williams_confirmatory,explicit_schedule,,false,2,170,false
cond-2206c85945db8e92e8b5,cond-2206c85945db8e92e8b5::r2,pair-53bc30de80c30e13df8fca13,pair-53bc30de80c30e13df8fca13::r2,q28_user_count__increase_gac_work_mem__gac_fdw_dba_topk_raw__query_shape-user_count__cutoff_ts-2026-06-27-00-00-00-00__limit_k-100__include_apac-True,gac_fdw_dba_topk_raw,"{""cutoff_ts"": ""2026-06-27 00:00:00+00"", ""include_apac"": true, ""limit_k"": 100, ""query_shape"": ""user_count""}",master-regimes/generated/corpus/confirmatory-action-replication-v1/groups/confirmatory-action-replication-v1__topology-isolation-large-n3-v1__runtime-bundle-multi-edge__analytics_clients/queries/q28_user_count__increase_gac_work_mem__gac_fdw_dba_topk_raw__query_shape-user_count__cutoff_ts-2026-06-27-00-00-00-00__limit_k-100__include_apac-True.sql,"coordinator_raw_fanin,coordinator_sort_topk",confirmatory-action-replication-v1,confirmatory-action-replication-v1,batch-confirmatory-action-replication-v1,fuzzy-intervention-memory-v1,q28_user_count__increase_gac_work_mem,dba_local_memory_topk,multiregion_union,gac_multi_edge,global_query,confirmatory_q28_user_count,topology-isolation-large-n3-v1,dba_topk_balanced_gac_mitigated,eu_us_apac_gac,final_check,combined_pressure,local_intervention_memory,mitigated,mitigated,q28_user_count__increase_gac_work_mem,gac_memory_increase,confirmatory_holdout,,,,,,,,increase_gac_work_mem,global_gac_mitigation_gain_log2,confirmatory_action_replication,"gac_finalization_heavy,remote_fetch_heavy",pilot,"{""fetch_size"":""high"",""wan_latency"":""high"",""work_mem"":""high""}","supports_region_partitioning,supports_large_scan","{""filter_uses_distribution_key"":false,""group_by_uses_distribution_key"":false,""join_uses_distribution_key"":false,""multi_tenant_scope"":true,""order_by_uses_distribution_key"":false,""single_tenant_scope"":false,""tenant_filter_present"":false}",,balanced_williams_confirmatory,explicit_schedule,,false,2,171,false
cond-e518af9532fd3c8da41f,cond-e518af9532fd3c8da41f::r2,pair-0c1e60b00747989238020548,pair-0c1e60b00747989238020548::r2,q28_user_count__baseline__gac_fdw_dba_topk_raw__query_shape-user_count__cutoff_ts-2026-06-27-00-00-00-00__limit_k-100__include_apac-True,gac_fdw_dba_topk_raw,"{""cutoff_ts"": ""2026-06-27 00:00:00+00"", ""include_apac"": true, ""limit_k"": 100, ""query_shape"": ""user_count""}",master-regimes/generated/corpus/confirmatory-action-replication-v1/groups/confirmatory-action-replication-v1__topology-isolation-large-n3-v1__runtime-bundle-multi-edge__analytics_clients/queries/q28_user_count__baseline__gac_fdw_dba_topk_raw__query_shape-user_count__cutoff_ts-2026-06-27-00-00-00-00__limit_k-100__include_apac-True.sql,"coordinator_raw_fanin,coordinator_sort_topk",confirmatory-action-replication-v1,confirmatory-action-replication-v1,batch-confirmatory-action-replication-v1,fuzzy-intervention-memory-v1,q28_user_count__baseline,dba_local_memory_topk,multiregion_union,gac_multi_edge,global_query,confirmatory_q28_user_count,topology-isolation-large-n3-v1,dba_topk_balanced_stressed,eu_us_apac_gac,final_check,combined_pressure,local_intervention_memory,stressed,stressed,q28_user_count__shared_baseline,gac_raw_topk,confirmatory_holdout,,,,,,,,,global_gac_mitigation_gain_log2,confirmatory_action_replication,"gac_finalization_heavy,remote_fetch_heavy",pilot,"{""fetch_size"":""high"",""wan_latency"":""high"",""work_mem"":""high""}","supports_region_partitioning,supports_large_scan","{""filter_uses_distribution_key"":false,""group_by_uses_distribution_key"":false,""join_uses_distribution_key"":false,""multi_tenant_scope"":true,""order_by_uses_distribution_key"":false,""single_tenant_scope"":false,""tenant_filter_present"":false}",,balanced_williams_confirmatory,explicit_schedule,,false,2,172,false
cond-f45b8496a90049d0b97d,cond-f45b8496a90049d0b97d::r2,pair-321448c9b9fa37f205517ab2,pair-321448c9b9fa37f205517ab2::r2,q29_user_value_range__mitigate_remote_path_bundle__gac_fdw_dba_topk_raw__query_shape-user_value_range__cutoff_ts-2026-06-24-00-00-00-00__limit_k-250__include_apac-True,gac_fdw_dba_topk_raw,"{""cutoff_ts"": ""2026-06-24 00:00:00+00"", ""include_apac"": true, ""limit_k"": 250, ""query_shape"": ""user_value_range""}",master-regimes/generated/corpus/confirmatory-action-replication-v1/groups/confirmatory-action-replication-v1__topology-isolation-large-n3-v1__runtime-bundle-multi-edge__analytics_clients/queries/q29_user_value_range__mitigate_remote_path_bundle__gac_fdw_dba_topk_raw__query_shape-user_value_range__cutoff_ts-2026-06-24-00-00-00-00__limit_k-250__include_apac-True.sql,"coordinator_raw_fanin,coordinator_sort_topk",confirmatory-action-replication-v1,confirmatory-action-replication-v1,batch-confirmatory-action-replication-v1,fuzzy-intervention-memory-v1,q29_user_value_range__mitigate_remote_path_bundle,dba_local_memory_topk,multiregion_union,gac_multi_edge,global_query,confirmatory_q29_user_value_range,topology-isolation-large-n3-v1,dba_topk_balanced_remote_mitigated,eu_us_apac_gac,final_check,combined_pressure,local_intervention_memory,mitigated,mitigated,q29_user_value_range__mitigate_remote_path_bundle,remote_transport_bundle,confirmatory_holdout,,,,,,,,mitigate_remote_path_bundle,global_gac_mitigation_gain_log2,confirmatory_action_replication,"gac_finalization_heavy,remote_fetch_heavy",pilot,"{""fetch_size"":""high"",""wan_latency"":""high"",""work_mem"":""high""}","supports_region_partitioning,supports_large_scan","{""filter_uses_distribution_key"":false,""group_by_uses_distribution_key"":false,""join_uses_distribution_key"":false,""multi_tenant_scope"":true,""order_by_uses_distribution_key"":false,""single_tenant_scope"":false,""tenant_filter_present"":false}",,balanced_williams_confirmatory,explicit_schedule,,false,2,173,false
cond-907a996d966df8d95123,cond-907a996d966df8d95123::r2,pair-ebf19f065bf550b760847662,pair-ebf19f065bf550b760847662::r2,q29_user_value_range__baseline__gac_fdw_dba_topk_raw__query_shape-user_value_range__cutoff_ts-2026-06-24-00-00-00-00__limit_k-250__include_apac-True,gac_fdw_dba_topk_raw,"{""cutoff_ts"": ""2026-06-24 00:00:00+00"", ""include_apac"": true, ""limit_k"": 250, ""query_shape"": ""user_value_range""}",master-regimes/generated/corpus/confirmatory-action-replication-v1/groups/confirmatory-action-replication-v1__topology-isolation-large-n3-v1__runtime-bundle-multi-edge__analytics_clients/queries/q29_user_value_range__baseline__gac_fdw_dba_topk_raw__query_shape-user_value_range__cutoff_ts-2026-06-24-00-00-00-00__limit_k-250__include_apac-True.sql,"coordinator_raw_fanin,coordinator_sort_topk",confirmatory-action-replication-v1,confirmatory-action-replication-v1,batch-confirmatory-action-replication-v1,fuzzy-intervention-memory-v1,q29_user_value_range__baseline,dba_local_memory_topk,multiregion_union,gac_multi_edge,global_query,confirmatory_q29_user_value_range,topology-isolation-large-n3-v1,dba_topk_balanced_stressed,eu_us_apac_gac,final_check,combined_pressure,local_intervention_memory,stressed,stressed,q29_user_value_range__shared_baseline,gac_raw_topk,confirmatory_holdout,,,,,,,,,global_gac_mitigation_gain_log2,confirmatory_action_replication,"gac_finalization_heavy,remote_fetch_heavy",pilot,"{""fetch_size"":""high"",""wan_latency"":""high"",""work_mem"":""high""}","supports_region_partitioning,supports_large_scan","{""filter_uses_distribution_key"":false,""group_by_uses_distribution_key"":false,""join_uses_distribution_key"":false,""multi_tenant_scope"":true,""order_by_uses_distribution_key"":false,""single_tenant_scope"":false,""tenant_filter_present"":false}",,balanced_williams_confirmatory,explicit_schedule,,false,2,174,false
cond-1671ed2fbc5b758ad44e,cond-1671ed2fbc5b758ad44e::r2,pair-30f364f40ee066e237b2fe99,pair-30f364f40ee066e237b2fe99::r2,q29_user_value_range__regional_topk_candidates__gac_fdw_dba_topk_regional__query_shape-user_value_range__cutoff_ts-2026-06-24-00-00-00-00__limit_k-250__include_apac-True,gac_fdw_dba_topk_regional,"{""cutoff_ts"": ""2026-06-24 00:00:00+00"", ""include_apac"": true, ""limit_k"": 250, ""query_shape"": ""user_value_range""}",master-regimes/generated/corpus/confirmatory-action-replication-v1/groups/confirmatory-action-replication-v1__topology-isolation-large-n3-v1__runtime-bundle-multi-edge__analytics_clients/queries/q29_user_value_range__regional_topk_candidates__gac_fdw_dba_topk_regional__query_shape-user_value_range__cutoff_ts-2026-06-24-00-00-00-00__limit_k-250__include_apac-True.sql,"regional_topk,coordinator_sort_topk",confirmatory-action-replication-v1,confirmatory-action-replication-v1,batch-confirmatory-action-replication-v1,fuzzy-intervention-memory-v1,q29_user_value_range__regional_topk_candidates,dba_local_memory_topk,multiregion_union,gac_multi_edge,global_query,confirmatory_q29_user_value_range,topology-isolation-large-n3-v1,dba_topk_balanced_stressed,eu_us_apac_gac,final_check,combined_pressure,local_intervention_memory,mitigated,mitigated,q29_user_value_range__regional_topk_candidates,regional_topk_candidates,confirmatory_holdout,,,,,,,,regional_topk_candidates,global_gac_mitigation_gain_log2,confirmatory_action_replication,"gac_finalization_heavy,well_reduced_localized",pilot,"{""fetch_size"":""medium"",""wan_latency"":""medium"",""work_mem"":""medium""}","supports_region_partitioning,supports_large_scan","{""filter_uses_distribution_key"":false,""group_by_uses_distribution_key"":false,""join_uses_distribution_key"":false,""multi_tenant_scope"":true,""order_by_uses_distribution_key"":false,""single_tenant_scope"":false,""tenant_filter_present"":false}",,balanced_williams_confirmatory,explicit_schedule,,false,2,175,false
cond-ba292ebb6b89446b3946,cond-ba292ebb6b89446b3946::r2,pair-d803ed710fef833d4ee4e912,pair-d803ed710fef833d4ee4e912::r2,q29_user_value_range__increase_gac_work_mem__gac_fdw_dba_topk_raw__query_shape-user_value_range__cutoff_ts-2026-06-24-00-00-00-00__limit_k-250__include_apac-True,gac_fdw_dba_topk_raw,"{""cutoff_ts"": ""2026-06-24 00:00:00+00"", ""include_apac"": true, ""limit_k"": 250, ""query_shape"": ""user_value_range""}",master-regimes/generated/corpus/confirmatory-action-replication-v1/groups/confirmatory-action-replication-v1__topology-isolation-large-n3-v1__runtime-bundle-multi-edge__analytics_clients/queries/q29_user_value_range__increase_gac_work_mem__gac_fdw_dba_topk_raw__query_shape-user_value_range__cutoff_ts-2026-06-24-00-00-00-00__limit_k-250__include_apac-True.sql,"coordinator_raw_fanin,coordinator_sort_topk",confirmatory-action-replication-v1,confirmatory-action-replication-v1,batch-confirmatory-action-replication-v1,fuzzy-intervention-memory-v1,q29_user_value_range__increase_gac_work_mem,dba_local_memory_topk,multiregion_union,gac_multi_edge,global_query,confirmatory_q29_user_value_range,topology-isolation-large-n3-v1,dba_topk_balanced_gac_mitigated,eu_us_apac_gac,final_check,combined_pressure,local_intervention_memory,mitigated,mitigated,q29_user_value_range__increase_gac_work_mem,gac_memory_increase,confirmatory_holdout,,,,,,,,increase_gac_work_mem,global_gac_mitigation_gain_log2,confirmatory_action_replication,"gac_finalization_heavy,remote_fetch_heavy",pilot,"{""fetch_size"":""high"",""wan_latency"":""high"",""work_mem"":""high""}","supports_region_partitioning,supports_large_scan","{""filter_uses_distribution_key"":false,""group_by_uses_distribution_key"":false,""join_uses_distribution_key"":false,""multi_tenant_scope"":true,""order_by_uses_distribution_key"":false,""single_tenant_scope"":false,""tenant_filter_present"":false}",,balanced_williams_confirmatory,explicit_schedule,,false,2,176,false
cond-a303f06d1d83f7eaea61,cond-a303f06d1d83f7eaea61::r2,pair-37c16ba5bb4563f09fb38061,pair-37c16ba5bb4563f09fb38061::r2,q25_tenant_day_avg__baseline__gac_fdw_dba_topk_raw__query_shape-tenant_day_avg__cutoff_ts-2026-06-29-00-00-00-00__limit_k-500__include_apac-True,gac_fdw_dba_topk_raw,"{""cutoff_ts"": ""2026-06-29 00:00:00+00"", ""include_apac"": true, ""limit_k"": 500, ""query_shape"": ""tenant_day_avg""}",master-regimes/generated/corpus/confirmatory-action-replication-v1/groups/confirmatory-action-replication-v1__topology-isolation-large-n3-v1__runtime-bundle-multi-edge__analytics_clients/queries/q25_tenant_day_avg__baseline__gac_fdw_dba_topk_raw__query_shape-tenant_day_avg__cutoff_ts-2026-06-29-00-00-00-00__limit_k-500__include_apac-True.sql,"coordinator_raw_fanin,coordinator_sort_topk",confirmatory-action-replication-v1,confirmatory-action-replication-v1,batch-confirmatory-action-replication-v1,fuzzy-intervention-memory-v1,q25_tenant_day_avg__baseline,dba_local_memory_topk,multiregion_union,gac_multi_edge,global_query,confirmatory_q25_tenant_day_avg,topology-isolation-large-n3-v1,dba_topk_balanced_stressed,eu_us_apac_gac,final_check,combined_pressure,local_intervention_memory,stressed,stressed,q25_tenant_day_avg__shared_baseline,gac_raw_topk,confirmatory_holdout,,,,,,,,,global_gac_mitigation_gain_log2,confirmatory_action_replication,"gac_finalization_heavy,remote_fetch_heavy",pilot,"{""fetch_size"":""high"",""wan_latency"":""high"",""work_mem"":""high""}","supports_region_partitioning,supports_large_scan","{""filter_uses_distribution_key"":false,""group_by_uses_distribution_key"":false,""join_uses_distribution_key"":false,""multi_tenant_scope"":true,""order_by_uses_distribution_key"":false,""single_tenant_scope"":false,""tenant_filter_present"":false}",,balanced_williams_confirmatory,explicit_schedule,,false,2,177,false
cond-1ddc98899ffb69fd6f9c,cond-1ddc98899ffb69fd6f9c::r2,pair-71b0d769c4fdabdab532c563,pair-71b0d769c4fdabdab532c563::r2,q25_tenant_day_avg__increase_gac_work_mem__gac_fdw_dba_topk_raw__query_shape-tenant_day_avg__cutoff_ts-2026-06-29-00-00-00-00__limit_k-500__include_apac-True,gac_fdw_dba_topk_raw,"{""cutoff_ts"": ""2026-06-29 00:00:00+00"", ""include_apac"": true, ""limit_k"": 500, ""query_shape"": ""tenant_day_avg""}",master-regimes/generated/corpus/confirmatory-action-replication-v1/groups/confirmatory-action-replication-v1__topology-isolation-large-n3-v1__runtime-bundle-multi-edge__analytics_clients/queries/q25_tenant_day_avg__increase_gac_work_mem__gac_fdw_dba_topk_raw__query_shape-tenant_day_avg__cutoff_ts-2026-06-29-00-00-00-00__limit_k-500__include_apac-True.sql,"coordinator_raw_fanin,coordinator_sort_topk",confirmatory-action-replication-v1,confirmatory-action-replication-v1,batch-confirmatory-action-replication-v1,fuzzy-intervention-memory-v1,q25_tenant_day_avg__increase_gac_work_mem,dba_local_memory_topk,multiregion_union,gac_multi_edge,global_query,confirmatory_q25_tenant_day_avg,topology-isolation-large-n3-v1,dba_topk_balanced_gac_mitigated,eu_us_apac_gac,final_check,combined_pressure,local_intervention_memory,mitigated,mitigated,q25_tenant_day_avg__increase_gac_work_mem,gac_memory_increase,confirmatory_holdout,,,,,,,,increase_gac_work_mem,global_gac_mitigation_gain_log2,confirmatory_action_replication,"gac_finalization_heavy,remote_fetch_heavy",pilot,"{""fetch_size"":""high"",""wan_latency"":""high"",""work_mem"":""high""}","supports_region_partitioning,supports_large_scan","{""filter_uses_distribution_key"":false,""group_by_uses_distribution_key"":false,""join_uses_distribution_key"":false,""multi_tenant_scope"":true,""order_by_uses_distribution_key"":false,""single_tenant_scope"":false,""tenant_filter_present"":false}",,balanced_williams_confirmatory,explicit_schedule,,false,2,178,false
cond-a31fb62a5a5f78eee06c,cond-a31fb62a5a5f78eee06c::r2,pair-cf20192341c52470fd38e45c,pair-cf20192341c52470fd38e45c::r2,q25_tenant_day_avg__mitigate_remote_path_bundle__gac_fdw_dba_topk_raw__query_shape-tenant_day_avg__cutoff_ts-2026-06-29-00-00-00-00__limit_k-500__include_apac-True,gac_fdw_dba_topk_raw,"{""cutoff_ts"": ""2026-06-29 00:00:00+00"", ""include_apac"": true, ""limit_k"": 500, ""query_shape"": ""tenant_day_avg""}",master-regimes/generated/corpus/confirmatory-action-replication-v1/groups/confirmatory-action-replication-v1__topology-isolation-large-n3-v1__runtime-bundle-multi-edge__analytics_clients/queries/q25_tenant_day_avg__mitigate_remote_path_bundle__gac_fdw_dba_topk_raw__query_shape-tenant_day_avg__cutoff_ts-2026-06-29-00-00-00-00__limit_k-500__include_apac-True.sql,"coordinator_raw_fanin,coordinator_sort_topk",confirmatory-action-replication-v1,confirmatory-action-replication-v1,batch-confirmatory-action-replication-v1,fuzzy-intervention-memory-v1,q25_tenant_day_avg__mitigate_remote_path_bundle,dba_local_memory_topk,multiregion_union,gac_multi_edge,global_query,confirmatory_q25_tenant_day_avg,topology-isolation-large-n3-v1,dba_topk_balanced_remote_mitigated,eu_us_apac_gac,final_check,combined_pressure,local_intervention_memory,mitigated,mitigated,q25_tenant_day_avg__mitigate_remote_path_bundle,remote_transport_bundle,confirmatory_holdout,,,,,,,,mitigate_remote_path_bundle,global_gac_mitigation_gain_log2,confirmatory_action_replication,"gac_finalization_heavy,remote_fetch_heavy",pilot,"{""fetch_size"":""high"",""wan_latency"":""high"",""work_mem"":""high""}","supports_region_partitioning,supports_large_scan","{""filter_uses_distribution_key"":false,""group_by_uses_distribution_key"":false,""join_uses_distribution_key"":false,""multi_tenant_scope"":true,""order_by_uses_distribution_key"":false,""single_tenant_scope"":false,""tenant_filter_present"":false}",,balanced_williams_confirmatory,explicit_schedule,,false,2,179,false
cond-a28e3ac8abd2d1db0d3b,cond-a28e3ac8abd2d1db0d3b::r2,pair-a0b811d0028ad1e1c015c593,pair-a0b811d0028ad1e1c015c593::r2,q25_tenant_day_avg__regional_topk_candidates__gac_fdw_dba_topk_regional__query_shape-tenant_day_avg__cutoff_ts-2026-06-29-00-00-00-00__limit_k-500__include_apac-True,gac_fdw_dba_topk_regional,"{""cutoff_ts"": ""2026-06-29 00:00:00+00"", ""include_apac"": true, ""limit_k"": 500, ""query_shape"": ""tenant_day_avg""}",master-regimes/generated/corpus/confirmatory-action-replication-v1/groups/confirmatory-action-replication-v1__topology-isolation-large-n3-v1__runtime-bundle-multi-edge__analytics_clients/queries/q25_tenant_day_avg__regional_topk_candidates__gac_fdw_dba_topk_regional__query_shape-tenant_day_avg__cutoff_ts-2026-06-29-00-00-00-00__limit_k-500__include_apac-True.sql,"regional_topk,coordinator_sort_topk",confirmatory-action-replication-v1,confirmatory-action-replication-v1,batch-confirmatory-action-replication-v1,fuzzy-intervention-memory-v1,q25_tenant_day_avg__regional_topk_candidates,dba_local_memory_topk,multiregion_union,gac_multi_edge,global_query,confirmatory_q25_tenant_day_avg,topology-isolation-large-n3-v1,dba_topk_balanced_stressed,eu_us_apac_gac,final_check,combined_pressure,local_intervention_memory,mitigated,mitigated,q25_tenant_day_avg__regional_topk_candidates,regional_topk_candidates,confirmatory_holdout,,,,,,,,regional_topk_candidates,global_gac_mitigation_gain_log2,confirmatory_action_replication,"gac_finalization_heavy,well_reduced_localized",pilot,"{""fetch_size"":""medium"",""wan_latency"":""medium"",""work_mem"":""medium""}","supports_region_partitioning,supports_large_scan","{""filter_uses_distribution_key"":false,""group_by_uses_distribution_key"":false,""join_uses_distribution_key"":false,""multi_tenant_scope"":true,""order_by_uses_distribution_key"":false,""single_tenant_scope"":false,""tenant_filter_present"":false}",,balanced_williams_confirmatory,explicit_schedule,,false,2,180,false
cond-f90916670f1125d505bb,cond-f90916670f1125d505bb::r3,pair-b7ea628951097147fd7cf3b5,pair-b7ea628951097147fd7cf3b5::r3,q27_user_sum__mitigate_remote_path_bundle__gac_fdw_dba_topk_raw__query_shape-user_sum__cutoff_ts-2026-06-29-00-00-00-00__limit_k-50__include_apac-True,gac_fdw_dba_topk_raw,"{""cutoff_ts"": ""2026-06-29 00:00:00+00"", ""include_apac"": true, ""limit_k"": 50, ""query_shape"": ""user_sum""}",master-regimes/generated/corpus/confirmatory-action-replication-v1/groups/confirmatory-action-replication-v1__topology-isolation-large-n3-v1__runtime-bundle-multi-edge__analytics_clients/queries/q27_user_sum__mitigate_remote_path_bundle__gac_fdw_dba_topk_raw__query_shape-user_sum__cutoff_ts-2026-06-29-00-00-00-00__limit_k-50__include_apac-True.sql,"coordinator_raw_fanin,coordinator_sort_topk",confirmatory-action-replication-v1,confirmatory-action-replication-v1,batch-confirmatory-action-replication-v1,fuzzy-intervention-memory-v1,q27_user_sum__mitigate_remote_path_bundle,dba_local_memory_topk,multiregion_union,gac_multi_edge,global_query,confirmatory_q27_user_sum,topology-isolation-large-n3-v1,dba_topk_balanced_remote_mitigated,eu_us_apac_gac,final_check,combined_pressure,local_intervention_memory,mitigated,mitigated,q27_user_sum__mitigate_remote_path_bundle,remote_transport_bundle,confirmatory_holdout,,,,,,,,mitigate_remote_path_bundle,global_gac_mitigation_gain_log2,confirmatory_action_replication,"gac_finalization_heavy,remote_fetch_heavy",pilot,"{""fetch_size"":""high"",""wan_latency"":""high"",""work_mem"":""high""}","supports_region_partitioning,supports_large_scan","{""filter_uses_distribution_key"":false,""group_by_uses_distribution_key"":false,""join_uses_distribution_key"":false,""multi_tenant_scope"":true,""order_by_uses_distribution_key"":false,""single_tenant_scope"":false,""tenant_filter_present"":false}",,balanced_williams_confirmatory,explicit_schedule,,false,3,181,false
cond-72bd6c176bb9592b27fa,cond-72bd6c176bb9592b27fa::r3,pair-4711c69cab926c15c3fc7e8d,pair-4711c69cab926c15c3fc7e8d::r3,q27_user_sum__baseline__gac_fdw_dba_topk_raw__query_shape-user_sum__cutoff_ts-2026-06-29-00-00-00-00__limit_k-50__include_apac-True,gac_fdw_dba_topk_raw,"{""cutoff_ts"": ""2026-06-29 00:00:00+00"", ""include_apac"": true, ""limit_k"": 50, ""query_shape"": ""user_sum""}",master-regimes/generated/corpus/confirmatory-action-replication-v1/groups/confirmatory-action-replication-v1__topology-isolation-large-n3-v1__runtime-bundle-multi-edge__analytics_clients/queries/q27_user_sum__baseline__gac_fdw_dba_topk_raw__query_shape-user_sum__cutoff_ts-2026-06-29-00-00-00-00__limit_k-50__include_apac-True.sql,"coordinator_raw_fanin,coordinator_sort_topk",confirmatory-action-replication-v1,confirmatory-action-replication-v1,batch-confirmatory-action-replication-v1,fuzzy-intervention-memory-v1,q27_user_sum__baseline,dba_local_memory_topk,multiregion_union,gac_multi_edge,global_query,confirmatory_q27_user_sum,topology-isolation-large-n3-v1,dba_topk_balanced_stressed,eu_us_apac_gac,final_check,combined_pressure,local_intervention_memory,stressed,stressed,q27_user_sum__shared_baseline,gac_raw_topk,confirmatory_holdout,,,,,,,,,global_gac_mitigation_gain_log2,confirmatory_action_replication,"gac_finalization_heavy,remote_fetch_heavy",pilot,"{""fetch_size"":""high"",""wan_latency"":""high"",""work_mem"":""high""}","supports_region_partitioning,supports_large_scan","{""filter_uses_distribution_key"":false,""group_by_uses_distribution_key"":false,""join_uses_distribution_key"":false,""multi_tenant_scope"":true,""order_by_uses_distribution_key"":false,""single_tenant_scope"":false,""tenant_filter_present"":false}",,balanced_williams_confirmatory,explicit_schedule,,false,3,182,false
cond-ef17f7aa2b5811d0873a,cond-ef17f7aa2b5811d0873a::r3,pair-bc425a611b513e51ff08bb23,pair-bc425a611b513e51ff08bb23::r3,q27_user_sum__regional_topk_candidates__gac_fdw_dba_topk_regional__query_shape-user_sum__cutoff_ts-2026-06-29-00-00-00-00__limit_k-50__include_apac-True,gac_fdw_dba_topk_regional,"{""cutoff_ts"": ""2026-06-29 00:00:00+00"", ""include_apac"": true, ""limit_k"": 50, ""query_shape"": ""user_sum""}",master-regimes/generated/corpus/confirmatory-action-replication-v1/groups/confirmatory-action-replication-v1__topology-isolation-large-n3-v1__runtime-bundle-multi-edge__analytics_clients/queries/q27_user_sum__regional_topk_candidates__gac_fdw_dba_topk_regional__query_shape-user_sum__cutoff_ts-2026-06-29-00-00-00-00__limit_k-50__include_apac-True.sql,"regional_topk,coordinator_sort_topk",confirmatory-action-replication-v1,confirmatory-action-replication-v1,batch-confirmatory-action-replication-v1,fuzzy-intervention-memory-v1,q27_user_sum__regional_topk_candidates,dba_local_memory_topk,multiregion_union,gac_multi_edge,global_query,confirmatory_q27_user_sum,topology-isolation-large-n3-v1,dba_topk_balanced_stressed,eu_us_apac_gac,final_check,combined_pressure,local_intervention_memory,mitigated,mitigated,q27_user_sum__regional_topk_candidates,regional_topk_candidates,confirmatory_holdout,,,,,,,,regional_topk_candidates,global_gac_mitigation_gain_log2,confirmatory_action_replication,"gac_finalization_heavy,well_reduced_localized",pilot,"{""fetch_size"":""medium"",""wan_latency"":""medium"",""work_mem"":""medium""}","supports_region_partitioning,supports_large_scan","{""filter_uses_distribution_key"":false,""group_by_uses_distribution_key"":false,""join_uses_distribution_key"":false,""multi_tenant_scope"":true,""order_by_uses_distribution_key"":false,""single_tenant_scope"":false,""tenant_filter_present"":false}",,balanced_williams_confirmatory,explicit_schedule,,false,3,183,false
cond-416644b0da6a48c2b9b7,cond-416644b0da6a48c2b9b7::r3,pair-a3d66a34901044d1a6e3590e,pair-a3d66a34901044d1a6e3590e::r3,q27_user_sum__increase_gac_work_mem__gac_fdw_dba_topk_raw__query_shape-user_sum__cutoff_ts-2026-06-29-00-00-00-00__limit_k-50__include_apac-True,gac_fdw_dba_topk_raw,"{""cutoff_ts"": ""2026-06-29 00:00:00+00"", ""include_apac"": true, ""limit_k"": 50, ""query_shape"": ""user_sum""}",master-regimes/generated/corpus/confirmatory-action-replication-v1/groups/confirmatory-action-replication-v1__topology-isolation-large-n3-v1__runtime-bundle-multi-edge__analytics_clients/queries/q27_user_sum__increase_gac_work_mem__gac_fdw_dba_topk_raw__query_shape-user_sum__cutoff_ts-2026-06-29-00-00-00-00__limit_k-50__include_apac-True.sql,"coordinator_raw_fanin,coordinator_sort_topk",confirmatory-action-replication-v1,confirmatory-action-replication-v1,batch-confirmatory-action-replication-v1,fuzzy-intervention-memory-v1,q27_user_sum__increase_gac_work_mem,dba_local_memory_topk,multiregion_union,gac_multi_edge,global_query,confirmatory_q27_user_sum,topology-isolation-large-n3-v1,dba_topk_balanced_gac_mitigated,eu_us_apac_gac,final_check,combined_pressure,local_intervention_memory,mitigated,mitigated,q27_user_sum__increase_gac_work_mem,gac_memory_increase,confirmatory_holdout,,,,,,,,increase_gac_work_mem,global_gac_mitigation_gain_log2,confirmatory_action_replication,"gac_finalization_heavy,remote_fetch_heavy",pilot,"{""fetch_size"":""high"",""wan_latency"":""high"",""work_mem"":""high""}","supports_region_partitioning,supports_large_scan","{""filter_uses_distribution_key"":false,""group_by_uses_distribution_key"":false,""join_uses_distribution_key"":false,""multi_tenant_scope"":true,""order_by_uses_distribution_key"":false,""single_tenant_scope"":false,""tenant_filter_present"":false}",,balanced_williams_confirmatory,explicit_schedule,,false,3,184,false
cond-a0db2eac4b88e0b54bdc,cond-a0db2eac4b88e0b54bdc::r3,pair-41f7834f6d3b30731f9cc5d3,pair-41f7834f6d3b30731f9cc5d3::r3,q23_tenant_even_user_count__baseline__gac_fdw_dba_topk_raw__query_shape-tenant_even_user_count__cutoff_ts-2026-06-24-00-00-00-00__limit_k-100__include_apac-True,gac_fdw_dba_topk_raw,"{""cutoff_ts"": ""2026-06-24 00:00:00+00"", ""include_apac"": true, ""limit_k"": 100, ""query_shape"": ""tenant_even_user_count""}",master-regimes/generated/corpus/confirmatory-action-replication-v1/groups/confirmatory-action-replication-v1__topology-isolation-large-n3-v1__runtime-bundle-multi-edge__analytics_clients/queries/q23_tenant_even_user_count__baseline__gac_fdw_dba_topk_raw__query_shape-tenant_even_user_count__cutoff_ts-2026-06-24-00-00-00-00__limit_k-100__include_apac-True.sql,"coordinator_raw_fanin,coordinator_sort_topk",confirmatory-action-replication-v1,confirmatory-action-replication-v1,batch-confirmatory-action-replication-v1,fuzzy-intervention-memory-v1,q23_tenant_even_user_count__baseline,dba_local_memory_topk,multiregion_union,gac_multi_edge,global_query,confirmatory_q23_tenant_even_user_count,topology-isolation-large-n3-v1,dba_topk_balanced_stressed,eu_us_apac_gac,final_check,combined_pressure,local_intervention_memory,stressed,stressed,q23_tenant_even_user_count__shared_baseline,gac_raw_topk,confirmatory_holdout,,,,,,,,,global_gac_mitigation_gain_log2,confirmatory_action_replication,"gac_finalization_heavy,remote_fetch_heavy",pilot,"{""fetch_size"":""high"",""wan_latency"":""high"",""work_mem"":""high""}","supports_region_partitioning,supports_large_scan","{""filter_uses_distribution_key"":false,""group_by_uses_distribution_key"":false,""join_uses_distribution_key"":false,""multi_tenant_scope"":true,""order_by_uses_distribution_key"":false,""single_tenant_scope"":false,""tenant_filter_present"":false}",,balanced_williams_confirmatory,explicit_schedule,,false,3,185,false
cond-4036797e87876e752672,cond-4036797e87876e752672::r3,pair-01ce3e0a23db03ad0c405a36,pair-01ce3e0a23db03ad0c405a36::r3,q23_tenant_even_user_count__increase_gac_work_mem__gac_fdw_dba_topk_raw__query_shape-tenant_even_user_count__cutoff_ts-2026-06-24-00-00-00-00__limit_k-100__include_apac-True,gac_fdw_dba_topk_raw,"{""cutoff_ts"": ""2026-06-24 00:00:00+00"", ""include_apac"": true, ""limit_k"": 100, ""query_shape"": ""tenant_even_user_count""}",master-regimes/generated/corpus/confirmatory-action-replication-v1/groups/confirmatory-action-replication-v1__topology-isolation-large-n3-v1__runtime-bundle-multi-edge__analytics_clients/queries/q23_tenant_even_user_count__increase_gac_work_mem__gac_fdw_dba_topk_raw__query_shape-tenant_even_user_count__cutoff_ts-2026-06-24-00-00-00-00__limit_k-100__include_apac-True.sql,"coordinator_raw_fanin,coordinator_sort_topk",confirmatory-action-replication-v1,confirmatory-action-replication-v1,batch-confirmatory-action-replication-v1,fuzzy-intervention-memory-v1,q23_tenant_even_user_count__increase_gac_work_mem,dba_local_memory_topk,multiregion_union,gac_multi_edge,global_query,confirmatory_q23_tenant_even_user_count,topology-isolation-large-n3-v1,dba_topk_balanced_gac_mitigated,eu_us_apac_gac,final_check,combined_pressure,local_intervention_memory,mitigated,mitigated,q23_tenant_even_user_count__increase_gac_work_mem,gac_memory_increase,confirmatory_holdout,,,,,,,,increase_gac_work_mem,global_gac_mitigation_gain_log2,confirmatory_action_replication,"gac_finalization_heavy,remote_fetch_heavy",pilot,"{""fetch_size"":""high"",""wan_latency"":""high"",""work_mem"":""high""}","supports_region_partitioning,supports_large_scan","{""filter_uses_distribution_key"":false,""group_by_uses_distribution_key"":false,""join_uses_distribution_key"":false,""multi_tenant_scope"":true,""order_by_uses_distribution_key"":false,""single_tenant_scope"":false,""tenant_filter_present"":false}",,balanced_williams_confirmatory,explicit_schedule,,false,3,186,false
cond-e657cd5676494c699765,cond-e657cd5676494c699765::r3,pair-1ce38a1721a1ec238249c1ec,pair-1ce38a1721a1ec238249c1ec::r3,q23_tenant_even_user_count__mitigate_remote_path_bundle__gac_fdw_dba_topk_raw__query_shape-tenant_even_user_count__cutoff_ts-2026-06-24-00-00-00-00__limit_k-100__include_apac-True,gac_fdw_dba_topk_raw,"{""cutoff_ts"": ""2026-06-24 00:00:00+00"", ""include_apac"": true, ""limit_k"": 100, ""query_shape"": ""tenant_even_user_count""}",master-regimes/generated/corpus/confirmatory-action-replication-v1/groups/confirmatory-action-replication-v1__topology-isolation-large-n3-v1__runtime-bundle-multi-edge__analytics_clients/queries/q23_tenant_even_user_count__mitigate_remote_path_bundle__gac_fdw_dba_topk_raw__query_shape-tenant_even_user_count__cutoff_ts-2026-06-24-00-00-00-00__limit_k-100__include_apac-True.sql,"coordinator_raw_fanin,coordinator_sort_topk",confirmatory-action-replication-v1,confirmatory-action-replication-v1,batch-confirmatory-action-replication-v1,fuzzy-intervention-memory-v1,q23_tenant_even_user_count__mitigate_remote_path_bundle,dba_local_memory_topk,multiregion_union,gac_multi_edge,global_query,confirmatory_q23_tenant_even_user_count,topology-isolation-large-n3-v1,dba_topk_balanced_remote_mitigated,eu_us_apac_gac,final_check,combined_pressure,local_intervention_memory,mitigated,mitigated,q23_tenant_even_user_count__mitigate_remote_path_bundle,remote_transport_bundle,confirmatory_holdout,,,,,,,,mitigate_remote_path_bundle,global_gac_mitigation_gain_log2,confirmatory_action_replication,"gac_finalization_heavy,remote_fetch_heavy",pilot,"{""fetch_size"":""high"",""wan_latency"":""high"",""work_mem"":""high""}","supports_region_partitioning,supports_large_scan","{""filter_uses_distribution_key"":false,""group_by_uses_distribution_key"":false,""join_uses_distribution_key"":false,""multi_tenant_scope"":true,""order_by_uses_distribution_key"":false,""single_tenant_scope"":false,""tenant_filter_present"":false}",,balanced_williams_confirmatory,explicit_schedule,,false,3,187,false
cond-f23cd7aab59e8ec5098d,cond-f23cd7aab59e8ec5098d::r3,pair-ba930b22b645b2e6000e38ef,pair-ba930b22b645b2e6000e38ef::r3,q23_tenant_even_user_count__regional_topk_candidates__gac_fdw_dba_topk_regional__query_shape-tenant_even_user_count__cutoff_ts-2026-06-24-00-00-00-00__limit_k-100__include_apac-True,gac_fdw_dba_topk_regional,"{""cutoff_ts"": ""2026-06-24 00:00:00+00"", ""include_apac"": true, ""limit_k"": 100, ""query_shape"": ""tenant_even_user_count""}",master-regimes/generated/corpus/confirmatory-action-replication-v1/groups/confirmatory-action-replication-v1__topology-isolation-large-n3-v1__runtime-bundle-multi-edge__analytics_clients/queries/q23_tenant_even_user_count__regional_topk_candidates__gac_fdw_dba_topk_regional__query_shape-tenant_even_user_count__cutoff_ts-2026-06-24-00-00-00-00__limit_k-100__include_apac-True.sql,"regional_topk,coordinator_sort_topk",confirmatory-action-replication-v1,confirmatory-action-replication-v1,batch-confirmatory-action-replication-v1,fuzzy-intervention-memory-v1,q23_tenant_even_user_count__regional_topk_candidates,dba_local_memory_topk,multiregion_union,gac_multi_edge,global_query,confirmatory_q23_tenant_even_user_count,topology-isolation-large-n3-v1,dba_topk_balanced_stressed,eu_us_apac_gac,final_check,combined_pressure,local_intervention_memory,mitigated,mitigated,q23_tenant_even_user_count__regional_topk_candidates,regional_topk_candidates,confirmatory_holdout,,,,,,,,regional_topk_candidates,global_gac_mitigation_gain_log2,confirmatory_action_replication,"gac_finalization_heavy,well_reduced_localized",pilot,"{""fetch_size"":""medium"",""wan_latency"":""medium"",""work_mem"":""medium""}","supports_region_partitioning,supports_large_scan","{""filter_uses_distribution_key"":false,""group_by_uses_distribution_key"":false,""join_uses_distribution_key"":false,""multi_tenant_scope"":true,""order_by_uses_distribution_key"":false,""single_tenant_scope"":false,""tenant_filter_present"":false}",,balanced_williams_confirmatory,explicit_schedule,,false,3,188,false
cond-b30a7fc475b723e301be,cond-b30a7fc475b723e301be::r3,pair-36424e6eeabbe6a53f810b32,pair-36424e6eeabbe6a53f810b32::r3,q20_event_tenant_weighted__increase_gac_work_mem__gac_fdw_dba_topk_raw__query_shape-event_tenant_weighted__cutoff_ts-2026-06-30-00-00-00-00__limit_k-500__include_apac-True,gac_fdw_dba_topk_raw,"{""cutoff_ts"": ""2026-06-30 00:00:00+00"", ""include_apac"": true, ""limit_k"": 500, ""query_shape"": ""event_tenant_weighted""}",master-regimes/generated/corpus/confirmatory-action-replication-v1/groups/confirmatory-action-replication-v1__topology-isolation-large-n3-v1__runtime-bundle-multi-edge__analytics_clients/queries/q20_event_tenant_weighted__increase_gac_work_mem__gac_fdw_dba_topk_raw__query_shape-event_tenant_weighted__cutoff_ts-2026-06-30-00-00-00-00__limit_k-500__include_apac-True.sql,"coordinator_raw_fanin,coordinator_sort_topk",confirmatory-action-replication-v1,confirmatory-action-replication-v1,batch-confirmatory-action-replication-v1,fuzzy-intervention-memory-v1,q20_event_tenant_weighted__increase_gac_work_mem,dba_local_memory_topk,multiregion_union,gac_multi_edge,global_query,confirmatory_q20_event_tenant_weighted,topology-isolation-large-n3-v1,dba_topk_balanced_gac_mitigated,eu_us_apac_gac,final_check,combined_pressure,local_intervention_memory,mitigated,mitigated,q20_event_tenant_weighted__increase_gac_work_mem,gac_memory_increase,confirmatory_holdout,,,,,,,,increase_gac_work_mem,global_gac_mitigation_gain_log2,confirmatory_action_replication,"gac_finalization_heavy,remote_fetch_heavy",pilot,"{""fetch_size"":""high"",""wan_latency"":""high"",""work_mem"":""high""}","supports_region_partitioning,supports_large_scan","{""filter_uses_distribution_key"":false,""group_by_uses_distribution_key"":false,""join_uses_distribution_key"":false,""multi_tenant_scope"":true,""order_by_uses_distribution_key"":false,""single_tenant_scope"":false,""tenant_filter_present"":false}",,balanced_williams_confirmatory,explicit_schedule,,false,3,189,false
cond-7ae32f0997ca20ccfaf7,cond-7ae32f0997ca20ccfaf7::r3,pair-f44d65b3530b64496926c04a,pair-f44d65b3530b64496926c04a::r3,q20_event_tenant_weighted__regional_topk_candidates__gac_fdw_dba_topk_regional__query_shape-event_tenant_weighted__cutoff_ts-2026-06-30-00-00-00-00__limit_k-500__include_apac-True,gac_fdw_dba_topk_regional,"{""cutoff_ts"": ""2026-06-30 00:00:00+00"", ""include_apac"": true, ""limit_k"": 500, ""query_shape"": ""event_tenant_weighted""}",master-regimes/generated/corpus/confirmatory-action-replication-v1/groups/confirmatory-action-replication-v1__topology-isolation-large-n3-v1__runtime-bundle-multi-edge__analytics_clients/queries/q20_event_tenant_weighted__regional_topk_candidates__gac_fdw_dba_topk_regional__query_shape-event_tenant_weighted__cutoff_ts-2026-06-30-00-00-00-00__limit_k-500__include_apac-True.sql,"regional_topk,coordinator_sort_topk",confirmatory-action-replication-v1,confirmatory-action-replication-v1,batch-confirmatory-action-replication-v1,fuzzy-intervention-memory-v1,q20_event_tenant_weighted__regional_topk_candidates,dba_local_memory_topk,multiregion_union,gac_multi_edge,global_query,confirmatory_q20_event_tenant_weighted,topology-isolation-large-n3-v1,dba_topk_balanced_stressed,eu_us_apac_gac,final_check,combined_pressure,local_intervention_memory,mitigated,mitigated,q20_event_tenant_weighted__regional_topk_candidates,regional_topk_candidates,confirmatory_holdout,,,,,,,,regional_topk_candidates,global_gac_mitigation_gain_log2,confirmatory_action_replication,"gac_finalization_heavy,well_reduced_localized",pilot,"{""fetch_size"":""medium"",""wan_latency"":""medium"",""work_mem"":""medium""}","supports_region_partitioning,supports_large_scan","{""filter_uses_distribution_key"":false,""group_by_uses_distribution_key"":false,""join_uses_distribution_key"":false,""multi_tenant_scope"":true,""order_by_uses_distribution_key"":false,""single_tenant_scope"":false,""tenant_filter_present"":false}",,balanced_williams_confirmatory,explicit_schedule,,false,3,190,false
cond-5926239db67afb9d46cb,cond-5926239db67afb9d46cb::r3,pair-d76afafbb498655d732c241a,pair-d76afafbb498655d732c241a::r3,q20_event_tenant_weighted__baseline__gac_fdw_dba_topk_raw__query_shape-event_tenant_weighted__cutoff_ts-2026-06-30-00-00-00-00__limit_k-500__include_apac-True,gac_fdw_dba_topk_raw,"{""cutoff_ts"": ""2026-06-30 00:00:00+00"", ""include_apac"": true, ""limit_k"": 500, ""query_shape"": ""event_tenant_weighted""}",master-regimes/generated/corpus/confirmatory-action-replication-v1/groups/confirmatory-action-replication-v1__topology-isolation-large-n3-v1__runtime-bundle-multi-edge__analytics_clients/queries/q20_event_tenant_weighted__baseline__gac_fdw_dba_topk_raw__query_shape-event_tenant_weighted__cutoff_ts-2026-06-30-00-00-00-00__limit_k-500__include_apac-True.sql,"coordinator_raw_fanin,coordinator_sort_topk",confirmatory-action-replication-v1,confirmatory-action-replication-v1,batch-confirmatory-action-replication-v1,fuzzy-intervention-memory-v1,q20_event_tenant_weighted__baseline,dba_local_memory_topk,multiregion_union,gac_multi_edge,global_query,confirmatory_q20_event_tenant_weighted,topology-isolation-large-n3-v1,dba_topk_balanced_stressed,eu_us_apac_gac,final_check,combined_pressure,local_intervention_memory,stressed,stressed,q20_event_tenant_weighted__shared_baseline,gac_raw_topk,confirmatory_holdout,,,,,,,,,global_gac_mitigation_gain_log2,confirmatory_action_replication,"gac_finalization_heavy,remote_fetch_heavy",pilot,"{""fetch_size"":""high"",""wan_latency"":""high"",""work_mem"":""high""}","supports_region_partitioning,supports_large_scan","{""filter_uses_distribution_key"":false,""group_by_uses_distribution_key"":false,""join_uses_distribution_key"":false,""multi_tenant_scope"":true,""order_by_uses_distribution_key"":false,""single_tenant_scope"":false,""tenant_filter_present"":false}",,balanced_williams_confirmatory,explicit_schedule,,false,3,191,false
cond-9283a7e79baf0172c0a6,cond-9283a7e79baf0172c0a6::r3,pair-970812b299b3599cdb567a31,pair-970812b299b3599cdb567a31::r3,q20_event_tenant_weighted__mitigate_remote_path_bundle__gac_fdw_dba_topk_raw__query_shape-event_tenant_weighted__cutoff_ts-2026-06-30-00-00-00-00__limit_k-500__include_apac-True,gac_fdw_dba_topk_raw,"{""cutoff_ts"": ""2026-06-30 00:00:00+00"", ""include_apac"": true, ""limit_k"": 500, ""query_shape"": ""event_tenant_weighted""}",master-regimes/generated/corpus/confirmatory-action-replication-v1/groups/confirmatory-action-replication-v1__topology-isolation-large-n3-v1__runtime-bundle-multi-edge__analytics_clients/queries/q20_event_tenant_weighted__mitigate_remote_path_bundle__gac_fdw_dba_topk_raw__query_shape-event_tenant_weighted__cutoff_ts-2026-06-30-00-00-00-00__limit_k-500__include_apac-True.sql,"coordinator_raw_fanin,coordinator_sort_topk",confirmatory-action-replication-v1,confirmatory-action-replication-v1,batch-confirmatory-action-replication-v1,fuzzy-intervention-memory-v1,q20_event_tenant_weighted__mitigate_remote_path_bundle,dba_local_memory_topk,multiregion_union,gac_multi_edge,global_query,confirmatory_q20_event_tenant_weighted,topology-isolation-large-n3-v1,dba_topk_balanced_remote_mitigated,eu_us_apac_gac,final_check,combined_pressure,local_intervention_memory,mitigated,mitigated,q20_event_tenant_weighted__mitigate_remote_path_bundle,remote_transport_bundle,confirmatory_holdout,,,,,,,,mitigate_remote_path_bundle,global_gac_mitigation_gain_log2,confirmatory_action_replication,"gac_finalization_heavy,remote_fetch_heavy",pilot,"{""fetch_size"":""high"",""wan_latency"":""high"",""work_mem"":""high""}","supports_region_partitioning,supports_large_scan","{""filter_uses_distribution_key"":false,""group_by_uses_distribution_key"":false,""join_uses_distribution_key"":false,""multi_tenant_scope"":true,""order_by_uses_distribution_key"":false,""single_tenant_scope"":false,""tenant_filter_present"":false}",,balanced_williams_confirmatory,explicit_schedule,,false,3,192,false
cond-e050755e4235df8d3cf3,cond-e050755e4235df8d3cf3::r3,pair-f09711856c72c908c3b64914,pair-f09711856c72c908c3b64914::r3,q16_event_value_squared__regional_topk_candidates__gac_fdw_dba_topk_regional__query_shape-event_value_squared__cutoff_ts-2026-06-30-00-00-00-00__limit_k-25__include_apac-True,gac_fdw_dba_topk_regional,"{""cutoff_ts"": ""2026-06-30 00:00:00+00"", ""include_apac"": true, ""limit_k"": 25, ""query_shape"": ""event_value_squared""}",master-regimes/generated/corpus/confirmatory-action-replication-v1/groups/confirmatory-action-replication-v1__topology-isolation-large-n3-v1__runtime-bundle-multi-edge__analytics_clients/queries/q16_event_value_squared__regional_topk_candidates__gac_fdw_dba_topk_regional__query_shape-event_value_squared__cutoff_ts-2026-06-30-00-00-00-00__limit_k-25__include_apac-True.sql,"regional_topk,coordinator_sort_topk",confirmatory-action-replication-v1,confirmatory-action-replication-v1,batch-confirmatory-action-replication-v1,fuzzy-intervention-memory-v1,q16_event_value_squared__regional_topk_candidates,dba_local_memory_topk,multiregion_union,gac_multi_edge,global_query,confirmatory_q16_event_value_squared,topology-isolation-large-n3-v1,dba_topk_balanced_stressed,eu_us_apac_gac,final_check,combined_pressure,local_intervention_memory,mitigated,mitigated,q16_event_value_squared__regional_topk_candidates,regional_topk_candidates,confirmatory_holdout,,,,,,,,regional_topk_candidates,global_gac_mitigation_gain_log2,confirmatory_action_replication,"gac_finalization_heavy,well_reduced_localized",pilot,"{""fetch_size"":""medium"",""wan_latency"":""medium"",""work_mem"":""medium""}","supports_region_partitioning,supports_large_scan","{""filter_uses_distribution_key"":false,""group_by_uses_distribution_key"":false,""join_uses_distribution_key"":false,""multi_tenant_scope"":true,""order_by_uses_distribution_key"":false,""single_tenant_scope"":false,""tenant_filter_present"":false}",,balanced_williams_confirmatory,explicit_schedule,,false,3,193,false
cond-2546bf7240c2df6d63a8,cond-2546bf7240c2df6d63a8::r3,pair-41223489542837b713b42fed,pair-41223489542837b713b42fed::r3,q16_event_value_squared__mitigate_remote_path_bundle__gac_fdw_dba_topk_raw__query_shape-event_value_squared__cutoff_ts-2026-06-30-00-00-00-00__limit_k-25__include_apac-True,gac_fdw_dba_topk_raw,"{""cutoff_ts"": ""2026-06-30 00:00:00+00"", ""include_apac"": true, ""limit_k"": 25, ""query_shape"": ""event_value_squared""}",master-regimes/generated/corpus/confirmatory-action-replication-v1/groups/confirmatory-action-replication-v1__topology-isolation-large-n3-v1__runtime-bundle-multi-edge__analytics_clients/queries/q16_event_value_squared__mitigate_remote_path_bundle__gac_fdw_dba_topk_raw__query_shape-event_value_squared__cutoff_ts-2026-06-30-00-00-00-00__limit_k-25__include_apac-True.sql,"coordinator_raw_fanin,coordinator_sort_topk",confirmatory-action-replication-v1,confirmatory-action-replication-v1,batch-confirmatory-action-replication-v1,fuzzy-intervention-memory-v1,q16_event_value_squared__mitigate_remote_path_bundle,dba_local_memory_topk,multiregion_union,gac_multi_edge,global_query,confirmatory_q16_event_value_squared,topology-isolation-large-n3-v1,dba_topk_balanced_remote_mitigated,eu_us_apac_gac,final_check,combined_pressure,local_intervention_memory,mitigated,mitigated,q16_event_value_squared__mitigate_remote_path_bundle,remote_transport_bundle,confirmatory_holdout,,,,,,,,mitigate_remote_path_bundle,global_gac_mitigation_gain_log2,confirmatory_action_replication,"gac_finalization_heavy,remote_fetch_heavy",pilot,"{""fetch_size"":""high"",""wan_latency"":""high"",""work_mem"":""high""}","supports_region_partitioning,supports_large_scan","{""filter_uses_distribution_key"":false,""group_by_uses_distribution_key"":false,""join_uses_distribution_key"":false,""multi_tenant_scope"":true,""order_by_uses_distribution_key"":false,""single_tenant_scope"":false,""tenant_filter_present"":false}",,balanced_williams_confirmatory,explicit_schedule,,false,3,194,false
cond-dc94020b6c64b265c4d6,cond-dc94020b6c64b265c4d6::r3,pair-8fa91106958cd0a403a09a54,pair-8fa91106958cd0a403a09a54::r3,q16_event_value_squared__increase_gac_work_mem__gac_fdw_dba_topk_raw__query_shape-event_value_squared__cutoff_ts-2026-06-30-00-00-00-00__limit_k-25__include_apac-True,gac_fdw_dba_topk_raw,"{""cutoff_ts"": ""2026-06-30 00:00:00+00"", ""include_apac"": true, ""limit_k"": 25, ""query_shape"": ""event_value_squared""}",master-regimes/generated/corpus/confirmatory-action-replication-v1/groups/confirmatory-action-replication-v1__topology-isolation-large-n3-v1__runtime-bundle-multi-edge__analytics_clients/queries/q16_event_value_squared__increase_gac_work_mem__gac_fdw_dba_topk_raw__query_shape-event_value_squared__cutoff_ts-2026-06-30-00-00-00-00__limit_k-25__include_apac-True.sql,"coordinator_raw_fanin,coordinator_sort_topk",confirmatory-action-replication-v1,confirmatory-action-replication-v1,batch-confirmatory-action-replication-v1,fuzzy-intervention-memory-v1,q16_event_value_squared__increase_gac_work_mem,dba_local_memory_topk,multiregion_union,gac_multi_edge,global_query,confirmatory_q16_event_value_squared,topology-isolation-large-n3-v1,dba_topk_balanced_gac_mitigated,eu_us_apac_gac,final_check,combined_pressure,local_intervention_memory,mitigated,mitigated,q16_event_value_squared__increase_gac_work_mem,gac_memory_increase,confirmatory_holdout,,,,,,,,increase_gac_work_mem,global_gac_mitigation_gain_log2,confirmatory_action_replication,"gac_finalization_heavy,remote_fetch_heavy",pilot,"{""fetch_size"":""high"",""wan_latency"":""high"",""work_mem"":""high""}","supports_region_partitioning,supports_large_scan","{""filter_uses_distribution_key"":false,""group_by_uses_distribution_key"":false,""join_uses_distribution_key"":false,""multi_tenant_scope"":true,""order_by_uses_distribution_key"":false,""single_tenant_scope"":false,""tenant_filter_present"":false}",,balanced_williams_confirmatory,explicit_schedule,,false,3,195,false
cond-be7744eddb28ec419dde,cond-be7744eddb28ec419dde::r3,pair-5a38c76ddc40297fe3e9de6a,pair-5a38c76ddc40297fe3e9de6a::r3,q16_event_value_squared__baseline__gac_fdw_dba_topk_raw__query_shape-event_value_squared__cutoff_ts-2026-06-30-00-00-00-00__limit_k-25__include_apac-True,gac_fdw_dba_topk_raw,"{""cutoff_ts"": ""2026-06-30 00:00:00+00"", ""include_apac"": true, ""limit_k"": 25, ""query_shape"": ""event_value_squared""}",master-regimes/generated/corpus/confirmatory-action-replication-v1/groups/confirmatory-action-replication-v1__topology-isolation-large-n3-v1__runtime-bundle-multi-edge__analytics_clients/queries/q16_event_value_squared__baseline__gac_fdw_dba_topk_raw__query_shape-event_value_squared__cutoff_ts-2026-06-30-00-00-00-00__limit_k-25__include_apac-True.sql,"coordinator_raw_fanin,coordinator_sort_topk",confirmatory-action-replication-v1,confirmatory-action-replication-v1,batch-confirmatory-action-replication-v1,fuzzy-intervention-memory-v1,q16_event_value_squared__baseline,dba_local_memory_topk,multiregion_union,gac_multi_edge,global_query,confirmatory_q16_event_value_squared,topology-isolation-large-n3-v1,dba_topk_balanced_stressed,eu_us_apac_gac,final_check,combined_pressure,local_intervention_memory,stressed,stressed,q16_event_value_squared__shared_baseline,gac_raw_topk,confirmatory_holdout,,,,,,,,,global_gac_mitigation_gain_log2,confirmatory_action_replication,"gac_finalization_heavy,remote_fetch_heavy",pilot,"{""fetch_size"":""high"",""wan_latency"":""high"",""work_mem"":""high""}","supports_region_partitioning,supports_large_scan","{""filter_uses_distribution_key"":false,""group_by_uses_distribution_key"":false,""join_uses_distribution_key"":false,""multi_tenant_scope"":true,""order_by_uses_distribution_key"":false,""single_tenant_scope"":false,""tenant_filter_present"":false}",,balanced_williams_confirmatory,explicit_schedule,,false,3,196,false
cond-5210f09d3fae149ac1a3,cond-5210f09d3fae149ac1a3::r3,pair-df56dd978a574acfeed659d3,pair-df56dd978a574acfeed659d3::r3,q26_tenant_hour_count__mitigate_remote_path_bundle__gac_fdw_dba_topk_raw__query_shape-tenant_hour_count__cutoff_ts-2026-06-30-00-00-00-00__limit_k-25__include_apac-True,gac_fdw_dba_topk_raw,"{""cutoff_ts"": ""2026-06-30 00:00:00+00"", ""include_apac"": true, ""limit_k"": 25, ""query_shape"": ""tenant_hour_count""}",master-regimes/generated/corpus/confirmatory-action-replication-v1/groups/confirmatory-action-replication-v1__topology-isolation-large-n3-v1__runtime-bundle-multi-edge__analytics_clients/queries/q26_tenant_hour_count__mitigate_remote_path_bundle__gac_fdw_dba_topk_raw__query_shape-tenant_hour_count__cutoff_ts-2026-06-30-00-00-00-00__limit_k-25__include_apac-True.sql,"coordinator_raw_fanin,coordinator_sort_topk",confirmatory-action-replication-v1,confirmatory-action-replication-v1,batch-confirmatory-action-replication-v1,fuzzy-intervention-memory-v1,q26_tenant_hour_count__mitigate_remote_path_bundle,dba_local_memory_topk,multiregion_union,gac_multi_edge,global_query,confirmatory_q26_tenant_hour_count,topology-isolation-large-n3-v1,dba_topk_balanced_remote_mitigated,eu_us_apac_gac,final_check,combined_pressure,local_intervention_memory,mitigated,mitigated,q26_tenant_hour_count__mitigate_remote_path_bundle,remote_transport_bundle,confirmatory_holdout,,,,,,,,mitigate_remote_path_bundle,global_gac_mitigation_gain_log2,confirmatory_action_replication,"gac_finalization_heavy,remote_fetch_heavy",pilot,"{""fetch_size"":""high"",""wan_latency"":""high"",""work_mem"":""high""}","supports_region_partitioning,supports_large_scan","{""filter_uses_distribution_key"":false,""group_by_uses_distribution_key"":false,""join_uses_distribution_key"":false,""multi_tenant_scope"":true,""order_by_uses_distribution_key"":false,""single_tenant_scope"":false,""tenant_filter_present"":false}",,balanced_williams_confirmatory,explicit_schedule,,false,3,197,false
cond-e5f2ec8c336eb7496803,cond-e5f2ec8c336eb7496803::r3,pair-53b59ed974f4d7ce62d40a2a,pair-53b59ed974f4d7ce62d40a2a::r3,q26_tenant_hour_count__baseline__gac_fdw_dba_topk_raw__query_shape-tenant_hour_count__cutoff_ts-2026-06-30-00-00-00-00__limit_k-25__include_apac-True,gac_fdw_dba_topk_raw,"{""cutoff_ts"": ""2026-06-30 00:00:00+00"", ""include_apac"": true, ""limit_k"": 25, ""query_shape"": ""tenant_hour_count""}",master-regimes/generated/corpus/confirmatory-action-replication-v1/groups/confirmatory-action-replication-v1__topology-isolation-large-n3-v1__runtime-bundle-multi-edge__analytics_clients/queries/q26_tenant_hour_count__baseline__gac_fdw_dba_topk_raw__query_shape-tenant_hour_count__cutoff_ts-2026-06-30-00-00-00-00__limit_k-25__include_apac-True.sql,"coordinator_raw_fanin,coordinator_sort_topk",confirmatory-action-replication-v1,confirmatory-action-replication-v1,batch-confirmatory-action-replication-v1,fuzzy-intervention-memory-v1,q26_tenant_hour_count__baseline,dba_local_memory_topk,multiregion_union,gac_multi_edge,global_query,confirmatory_q26_tenant_hour_count,topology-isolation-large-n3-v1,dba_topk_balanced_stressed,eu_us_apac_gac,final_check,combined_pressure,local_intervention_memory,stressed,stressed,q26_tenant_hour_count__shared_baseline,gac_raw_topk,confirmatory_holdout,,,,,,,,,global_gac_mitigation_gain_log2,confirmatory_action_replication,"gac_finalization_heavy,remote_fetch_heavy",pilot,"{""fetch_size"":""high"",""wan_latency"":""high"",""work_mem"":""high""}","supports_region_partitioning,supports_large_scan","{""filter_uses_distribution_key"":false,""group_by_uses_distribution_key"":false,""join_uses_distribution_key"":false,""multi_tenant_scope"":true,""order_by_uses_distribution_key"":false,""single_tenant_scope"":false,""tenant_filter_present"":false}",,balanced_williams_confirmatory,explicit_schedule,,false,3,198,false
cond-14e51d1d6f691b698a2d,cond-14e51d1d6f691b698a2d::r3,pair-2cbdd3800086c989267e9827,pair-2cbdd3800086c989267e9827::r3,q26_tenant_hour_count__regional_topk_candidates__gac_fdw_dba_topk_regional__query_shape-tenant_hour_count__cutoff_ts-2026-06-30-00-00-00-00__limit_k-25__include_apac-True,gac_fdw_dba_topk_regional,"{""cutoff_ts"": ""2026-06-30 00:00:00+00"", ""include_apac"": true, ""limit_k"": 25, ""query_shape"": ""tenant_hour_count""}",master-regimes/generated/corpus/confirmatory-action-replication-v1/groups/confirmatory-action-replication-v1__topology-isolation-large-n3-v1__runtime-bundle-multi-edge__analytics_clients/queries/q26_tenant_hour_count__regional_topk_candidates__gac_fdw_dba_topk_regional__query_shape-tenant_hour_count__cutoff_ts-2026-06-30-00-00-00-00__limit_k-25__include_apac-True.sql,"regional_topk,coordinator_sort_topk",confirmatory-action-replication-v1,confirmatory-action-replication-v1,batch-confirmatory-action-replication-v1,fuzzy-intervention-memory-v1,q26_tenant_hour_count__regional_topk_candidates,dba_local_memory_topk,multiregion_union,gac_multi_edge,global_query,confirmatory_q26_tenant_hour_count,topology-isolation-large-n3-v1,dba_topk_balanced_stressed,eu_us_apac_gac,final_check,combined_pressure,local_intervention_memory,mitigated,mitigated,q26_tenant_hour_count__regional_topk_candidates,regional_topk_candidates,confirmatory_holdout,,,,,,,,regional_topk_candidates,global_gac_mitigation_gain_log2,confirmatory_action_replication,"gac_finalization_heavy,well_reduced_localized",pilot,"{""fetch_size"":""medium"",""wan_latency"":""medium"",""work_mem"":""medium""}","supports_region_partitioning,supports_large_scan","{""filter_uses_distribution_key"":false,""group_by_uses_distribution_key"":false,""join_uses_distribution_key"":false,""multi_tenant_scope"":true,""order_by_uses_distribution_key"":false,""single_tenant_scope"":false,""tenant_filter_present"":false}",,balanced_williams_confirmatory,explicit_schedule,,false,3,199,false
cond-8f34877def719a77b255,cond-8f34877def719a77b255::r3,pair-12fc0f52bd39daa650692d18,pair-12fc0f52bd39daa650692d18::r3,q26_tenant_hour_count__increase_gac_work_mem__gac_fdw_dba_topk_raw__query_shape-tenant_hour_count__cutoff_ts-2026-06-30-00-00-00-00__limit_k-25__include_apac-True,gac_fdw_dba_topk_raw,"{""cutoff_ts"": ""2026-06-30 00:00:00+00"", ""include_apac"": true, ""limit_k"": 25, ""query_shape"": ""tenant_hour_count""}",master-regimes/generated/corpus/confirmatory-action-replication-v1/groups/confirmatory-action-replication-v1__topology-isolation-large-n3-v1__runtime-bundle-multi-edge__analytics_clients/queries/q26_tenant_hour_count__increase_gac_work_mem__gac_fdw_dba_topk_raw__query_shape-tenant_hour_count__cutoff_ts-2026-06-30-00-00-00-00__limit_k-25__include_apac-True.sql,"coordinator_raw_fanin,coordinator_sort_topk",confirmatory-action-replication-v1,confirmatory-action-replication-v1,batch-confirmatory-action-replication-v1,fuzzy-intervention-memory-v1,q26_tenant_hour_count__increase_gac_work_mem,dba_local_memory_topk,multiregion_union,gac_multi_edge,global_query,confirmatory_q26_tenant_hour_count,topology-isolation-large-n3-v1,dba_topk_balanced_gac_mitigated,eu_us_apac_gac,final_check,combined_pressure,local_intervention_memory,mitigated,mitigated,q26_tenant_hour_count__increase_gac_work_mem,gac_memory_increase,confirmatory_holdout,,,,,,,,increase_gac_work_mem,global_gac_mitigation_gain_log2,confirmatory_action_replication,"gac_finalization_heavy,remote_fetch_heavy",pilot,"{""fetch_size"":""high"",""wan_latency"":""high"",""work_mem"":""high""}","supports_region_partitioning,supports_large_scan","{""filter_uses_distribution_key"":false,""group_by_uses_distribution_key"":false,""join_uses_distribution_key"":false,""multi_tenant_scope"":true,""order_by_uses_distribution_key"":false,""single_tenant_scope"":false,""tenant_filter_present"":false}",,balanced_williams_confirmatory,explicit_schedule,,false,3,200,false
cond-ff41e225c9daa4852d73,cond-ff41e225c9daa4852d73::r3,pair-5e510e3b1a7c2ae9c5cf4ff4,pair-5e510e3b1a7c2ae9c5cf4ff4::r3,q21_tenant_value_range__baseline__gac_fdw_dba_topk_raw__query_shape-tenant_value_range__cutoff_ts-2026-06-29-00-00-00-00__limit_k-25__include_apac-True,gac_fdw_dba_topk_raw,"{""cutoff_ts"": ""2026-06-29 00:00:00+00"", ""include_apac"": true, ""limit_k"": 25, ""query_shape"": ""tenant_value_range""}",master-regimes/generated/corpus/confirmatory-action-replication-v1/groups/confirmatory-action-replication-v1__topology-isolation-large-n3-v1__runtime-bundle-multi-edge__analytics_clients/queries/q21_tenant_value_range__baseline__gac_fdw_dba_topk_raw__query_shape-tenant_value_range__cutoff_ts-2026-06-29-00-00-00-00__limit_k-25__include_apac-True.sql,"coordinator_raw_fanin,coordinator_sort_topk",confirmatory-action-replication-v1,confirmatory-action-replication-v1,batch-confirmatory-action-replication-v1,fuzzy-intervention-memory-v1,q21_tenant_value_range__baseline,dba_local_memory_topk,multiregion_union,gac_multi_edge,global_query,confirmatory_q21_tenant_value_range,topology-isolation-large-n3-v1,dba_topk_balanced_stressed,eu_us_apac_gac,final_check,combined_pressure,local_intervention_memory,stressed,stressed,q21_tenant_value_range__shared_baseline,gac_raw_topk,confirmatory_holdout,,,,,,,,,global_gac_mitigation_gain_log2,confirmatory_action_replication,"gac_finalization_heavy,remote_fetch_heavy",pilot,"{""fetch_size"":""high"",""wan_latency"":""high"",""work_mem"":""high""}","supports_region_partitioning,supports_large_scan","{""filter_uses_distribution_key"":false,""group_by_uses_distribution_key"":false,""join_uses_distribution_key"":false,""multi_tenant_scope"":true,""order_by_uses_distribution_key"":false,""single_tenant_scope"":false,""tenant_filter_present"":false}",,balanced_williams_confirmatory,explicit_schedule,,false,3,201,false
cond-15e89c93076e5554776a,cond-15e89c93076e5554776a::r3,pair-071f913e036d71f534b5eab2,pair-071f913e036d71f534b5eab2::r3,q21_tenant_value_range__increase_gac_work_mem__gac_fdw_dba_topk_raw__query_shape-tenant_value_range__cutoff_ts-2026-06-29-00-00-00-00__limit_k-25__include_apac-True,gac_fdw_dba_topk_raw,"{""cutoff_ts"": ""2026-06-29 00:00:00+00"", ""include_apac"": true, ""limit_k"": 25, ""query_shape"": ""tenant_value_range""}",master-regimes/generated/corpus/confirmatory-action-replication-v1/groups/confirmatory-action-replication-v1__topology-isolation-large-n3-v1__runtime-bundle-multi-edge__analytics_clients/queries/q21_tenant_value_range__increase_gac_work_mem__gac_fdw_dba_topk_raw__query_shape-tenant_value_range__cutoff_ts-2026-06-29-00-00-00-00__limit_k-25__include_apac-True.sql,"coordinator_raw_fanin,coordinator_sort_topk",confirmatory-action-replication-v1,confirmatory-action-replication-v1,batch-confirmatory-action-replication-v1,fuzzy-intervention-memory-v1,q21_tenant_value_range__increase_gac_work_mem,dba_local_memory_topk,multiregion_union,gac_multi_edge,global_query,confirmatory_q21_tenant_value_range,topology-isolation-large-n3-v1,dba_topk_balanced_gac_mitigated,eu_us_apac_gac,final_check,combined_pressure,local_intervention_memory,mitigated,mitigated,q21_tenant_value_range__increase_gac_work_mem,gac_memory_increase,confirmatory_holdout,,,,,,,,increase_gac_work_mem,global_gac_mitigation_gain_log2,confirmatory_action_replication,"gac_finalization_heavy,remote_fetch_heavy",pilot,"{""fetch_size"":""high"",""wan_latency"":""high"",""work_mem"":""high""}","supports_region_partitioning,supports_large_scan","{""filter_uses_distribution_key"":false,""group_by_uses_distribution_key"":false,""join_uses_distribution_key"":false,""multi_tenant_scope"":true,""order_by_uses_distribution_key"":false,""single_tenant_scope"":false,""tenant_filter_present"":false}",,balanced_williams_confirmatory,explicit_schedule,,false,3,202,false
cond-45e1b3b75d664c5f6426,cond-45e1b3b75d664c5f6426::r3,pair-6aeb339e9e03cf7f162aaa8a,pair-6aeb339e9e03cf7f162aaa8a::r3,q21_tenant_value_range__mitigate_remote_path_bundle__gac_fdw_dba_topk_raw__query_shape-tenant_value_range__cutoff_ts-2026-06-29-00-00-00-00__limit_k-25__include_apac-True,gac_fdw_dba_topk_raw,"{""cutoff_ts"": ""2026-06-29 00:00:00+00"", ""include_apac"": true, ""limit_k"": 25, ""query_shape"": ""tenant_value_range""}",master-regimes/generated/corpus/confirmatory-action-replication-v1/groups/confirmatory-action-replication-v1__topology-isolation-large-n3-v1__runtime-bundle-multi-edge__analytics_clients/queries/q21_tenant_value_range__mitigate_remote_path_bundle__gac_fdw_dba_topk_raw__query_shape-tenant_value_range__cutoff_ts-2026-06-29-00-00-00-00__limit_k-25__include_apac-True.sql,"coordinator_raw_fanin,coordinator_sort_topk",confirmatory-action-replication-v1,confirmatory-action-replication-v1,batch-confirmatory-action-replication-v1,fuzzy-intervention-memory-v1,q21_tenant_value_range__mitigate_remote_path_bundle,dba_local_memory_topk,multiregion_union,gac_multi_edge,global_query,confirmatory_q21_tenant_value_range,topology-isolation-large-n3-v1,dba_topk_balanced_remote_mitigated,eu_us_apac_gac,final_check,combined_pressure,local_intervention_memory,mitigated,mitigated,q21_tenant_value_range__mitigate_remote_path_bundle,remote_transport_bundle,confirmatory_holdout,,,,,,,,mitigate_remote_path_bundle,global_gac_mitigation_gain_log2,confirmatory_action_replication,"gac_finalization_heavy,remote_fetch_heavy",pilot,"{""fetch_size"":""high"",""wan_latency"":""high"",""work_mem"":""high""}","supports_region_partitioning,supports_large_scan","{""filter_uses_distribution_key"":false,""group_by_uses_distribution_key"":false,""join_uses_distribution_key"":false,""multi_tenant_scope"":true,""order_by_uses_distribution_key"":false,""single_tenant_scope"":false,""tenant_filter_present"":false}",,balanced_williams_confirmatory,explicit_schedule,,false,3,203,false
cond-84c446660059908a1502,cond-84c446660059908a1502::r3,pair-ff3de517f1659be9713a58e4,pair-ff3de517f1659be9713a58e4::r3,q21_tenant_value_range__regional_topk_candidates__gac_fdw_dba_topk_regional__query_shape-tenant_value_range__cutoff_ts-2026-06-29-00-00-00-00__limit_k-25__include_apac-True,gac_fdw_dba_topk_regional,"{""cutoff_ts"": ""2026-06-29 00:00:00+00"", ""include_apac"": true, ""limit_k"": 25, ""query_shape"": ""tenant_value_range""}",master-regimes/generated/corpus/confirmatory-action-replication-v1/groups/confirmatory-action-replication-v1__topology-isolation-large-n3-v1__runtime-bundle-multi-edge__analytics_clients/queries/q21_tenant_value_range__regional_topk_candidates__gac_fdw_dba_topk_regional__query_shape-tenant_value_range__cutoff_ts-2026-06-29-00-00-00-00__limit_k-25__include_apac-True.sql,"regional_topk,coordinator_sort_topk",confirmatory-action-replication-v1,confirmatory-action-replication-v1,batch-confirmatory-action-replication-v1,fuzzy-intervention-memory-v1,q21_tenant_value_range__regional_topk_candidates,dba_local_memory_topk,multiregion_union,gac_multi_edge,global_query,confirmatory_q21_tenant_value_range,topology-isolation-large-n3-v1,dba_topk_balanced_stressed,eu_us_apac_gac,final_check,combined_pressure,local_intervention_memory,mitigated,mitigated,q21_tenant_value_range__regional_topk_candidates,regional_topk_candidates,confirmatory_holdout,,,,,,,,regional_topk_candidates,global_gac_mitigation_gain_log2,confirmatory_action_replication,"gac_finalization_heavy,well_reduced_localized",pilot,"{""fetch_size"":""medium"",""wan_latency"":""medium"",""work_mem"":""medium""}","supports_region_partitioning,supports_large_scan","{""filter_uses_distribution_key"":false,""group_by_uses_distribution_key"":false,""join_uses_distribution_key"":false,""multi_tenant_scope"":true,""order_by_uses_distribution_key"":false,""single_tenant_scope"":false,""tenant_filter_present"":false}",,balanced_williams_confirmatory,explicit_schedule,,false,3,204,false
cond-ba292ebb6b89446b3946,cond-ba292ebb6b89446b3946::r3,pair-d803ed710fef833d4ee4e912,pair-d803ed710fef833d4ee4e912::r3,q29_user_value_range__increase_gac_work_mem__gac_fdw_dba_topk_raw__query_shape-user_value_range__cutoff_ts-2026-06-24-00-00-00-00__limit_k-250__include_apac-True,gac_fdw_dba_topk_raw,"{""cutoff_ts"": ""2026-06-24 00:00:00+00"", ""include_apac"": true, ""limit_k"": 250, ""query_shape"": ""user_value_range""}",master-regimes/generated/corpus/confirmatory-action-replication-v1/groups/confirmatory-action-replication-v1__topology-isolation-large-n3-v1__runtime-bundle-multi-edge__analytics_clients/queries/q29_user_value_range__increase_gac_work_mem__gac_fdw_dba_topk_raw__query_shape-user_value_range__cutoff_ts-2026-06-24-00-00-00-00__limit_k-250__include_apac-True.sql,"coordinator_raw_fanin,coordinator_sort_topk",confirmatory-action-replication-v1,confirmatory-action-replication-v1,batch-confirmatory-action-replication-v1,fuzzy-intervention-memory-v1,q29_user_value_range__increase_gac_work_mem,dba_local_memory_topk,multiregion_union,gac_multi_edge,global_query,confirmatory_q29_user_value_range,topology-isolation-large-n3-v1,dba_topk_balanced_gac_mitigated,eu_us_apac_gac,final_check,combined_pressure,local_intervention_memory,mitigated,mitigated,q29_user_value_range__increase_gac_work_mem,gac_memory_increase,confirmatory_holdout,,,,,,,,increase_gac_work_mem,global_gac_mitigation_gain_log2,confirmatory_action_replication,"gac_finalization_heavy,remote_fetch_heavy",pilot,"{""fetch_size"":""high"",""wan_latency"":""high"",""work_mem"":""high""}","supports_region_partitioning,supports_large_scan","{""filter_uses_distribution_key"":false,""group_by_uses_distribution_key"":false,""join_uses_distribution_key"":false,""multi_tenant_scope"":true,""order_by_uses_distribution_key"":false,""single_tenant_scope"":false,""tenant_filter_present"":false}",,balanced_williams_confirmatory,explicit_schedule,,false,3,205,false
cond-1671ed2fbc5b758ad44e,cond-1671ed2fbc5b758ad44e::r3,pair-30f364f40ee066e237b2fe99,pair-30f364f40ee066e237b2fe99::r3,q29_user_value_range__regional_topk_candidates__gac_fdw_dba_topk_regional__query_shape-user_value_range__cutoff_ts-2026-06-24-00-00-00-00__limit_k-250__include_apac-True,gac_fdw_dba_topk_regional,"{""cutoff_ts"": ""2026-06-24 00:00:00+00"", ""include_apac"": true, ""limit_k"": 250, ""query_shape"": ""user_value_range""}",master-regimes/generated/corpus/confirmatory-action-replication-v1/groups/confirmatory-action-replication-v1__topology-isolation-large-n3-v1__runtime-bundle-multi-edge__analytics_clients/queries/q29_user_value_range__regional_topk_candidates__gac_fdw_dba_topk_regional__query_shape-user_value_range__cutoff_ts-2026-06-24-00-00-00-00__limit_k-250__include_apac-True.sql,"regional_topk,coordinator_sort_topk",confirmatory-action-replication-v1,confirmatory-action-replication-v1,batch-confirmatory-action-replication-v1,fuzzy-intervention-memory-v1,q29_user_value_range__regional_topk_candidates,dba_local_memory_topk,multiregion_union,gac_multi_edge,global_query,confirmatory_q29_user_value_range,topology-isolation-large-n3-v1,dba_topk_balanced_stressed,eu_us_apac_gac,final_check,combined_pressure,local_intervention_memory,mitigated,mitigated,q29_user_value_range__regional_topk_candidates,regional_topk_candidates,confirmatory_holdout,,,,,,,,regional_topk_candidates,global_gac_mitigation_gain_log2,confirmatory_action_replication,"gac_finalization_heavy,well_reduced_localized",pilot,"{""fetch_size"":""medium"",""wan_latency"":""medium"",""work_mem"":""medium""}","supports_region_partitioning,supports_large_scan","{""filter_uses_distribution_key"":false,""group_by_uses_distribution_key"":false,""join_uses_distribution_key"":false,""multi_tenant_scope"":true,""order_by_uses_distribution_key"":false,""single_tenant_scope"":false,""tenant_filter_present"":false}",,balanced_williams_confirmatory,explicit_schedule,,false,3,206,false
cond-907a996d966df8d95123,cond-907a996d966df8d95123::r3,pair-ebf19f065bf550b760847662,pair-ebf19f065bf550b760847662::r3,q29_user_value_range__baseline__gac_fdw_dba_topk_raw__query_shape-user_value_range__cutoff_ts-2026-06-24-00-00-00-00__limit_k-250__include_apac-True,gac_fdw_dba_topk_raw,"{""cutoff_ts"": ""2026-06-24 00:00:00+00"", ""include_apac"": true, ""limit_k"": 250, ""query_shape"": ""user_value_range""}",master-regimes/generated/corpus/confirmatory-action-replication-v1/groups/confirmatory-action-replication-v1__topology-isolation-large-n3-v1__runtime-bundle-multi-edge__analytics_clients/queries/q29_user_value_range__baseline__gac_fdw_dba_topk_raw__query_shape-user_value_range__cutoff_ts-2026-06-24-00-00-00-00__limit_k-250__include_apac-True.sql,"coordinator_raw_fanin,coordinator_sort_topk",confirmatory-action-replication-v1,confirmatory-action-replication-v1,batch-confirmatory-action-replication-v1,fuzzy-intervention-memory-v1,q29_user_value_range__baseline,dba_local_memory_topk,multiregion_union,gac_multi_edge,global_query,confirmatory_q29_user_value_range,topology-isolation-large-n3-v1,dba_topk_balanced_stressed,eu_us_apac_gac,final_check,combined_pressure,local_intervention_memory,stressed,stressed,q29_user_value_range__shared_baseline,gac_raw_topk,confirmatory_holdout,,,,,,,,,global_gac_mitigation_gain_log2,confirmatory_action_replication,"gac_finalization_heavy,remote_fetch_heavy",pilot,"{""fetch_size"":""high"",""wan_latency"":""high"",""work_mem"":""high""}","supports_region_partitioning,supports_large_scan","{""filter_uses_distribution_key"":false,""group_by_uses_distribution_key"":false,""join_uses_distribution_key"":false,""multi_tenant_scope"":true,""order_by_uses_distribution_key"":false,""single_tenant_scope"":false,""tenant_filter_present"":false}",,balanced_williams_confirmatory,explicit_schedule,,false,3,207,false
cond-f45b8496a90049d0b97d,cond-f45b8496a90049d0b97d::r3,pair-321448c9b9fa37f205517ab2,pair-321448c9b9fa37f205517ab2::r3,q29_user_value_range__mitigate_remote_path_bundle__gac_fdw_dba_topk_raw__query_shape-user_value_range__cutoff_ts-2026-06-24-00-00-00-00__limit_k-250__include_apac-True,gac_fdw_dba_topk_raw,"{""cutoff_ts"": ""2026-06-24 00:00:00+00"", ""include_apac"": true, ""limit_k"": 250, ""query_shape"": ""user_value_range""}",master-regimes/generated/corpus/confirmatory-action-replication-v1/groups/confirmatory-action-replication-v1__topology-isolation-large-n3-v1__runtime-bundle-multi-edge__analytics_clients/queries/q29_user_value_range__mitigate_remote_path_bundle__gac_fdw_dba_topk_raw__query_shape-user_value_range__cutoff_ts-2026-06-24-00-00-00-00__limit_k-250__include_apac-True.sql,"coordinator_raw_fanin,coordinator_sort_topk",confirmatory-action-replication-v1,confirmatory-action-replication-v1,batch-confirmatory-action-replication-v1,fuzzy-intervention-memory-v1,q29_user_value_range__mitigate_remote_path_bundle,dba_local_memory_topk,multiregion_union,gac_multi_edge,global_query,confirmatory_q29_user_value_range,topology-isolation-large-n3-v1,dba_topk_balanced_remote_mitigated,eu_us_apac_gac,final_check,combined_pressure,local_intervention_memory,mitigated,mitigated,q29_user_value_range__mitigate_remote_path_bundle,remote_transport_bundle,confirmatory_holdout,,,,,,,,mitigate_remote_path_bundle,global_gac_mitigation_gain_log2,confirmatory_action_replication,"gac_finalization_heavy,remote_fetch_heavy",pilot,"{""fetch_size"":""high"",""wan_latency"":""high"",""work_mem"":""high""}","supports_region_partitioning,supports_large_scan","{""filter_uses_distribution_key"":false,""group_by_uses_distribution_key"":false,""join_uses_distribution_key"":false,""multi_tenant_scope"":true,""order_by_uses_distribution_key"":false,""single_tenant_scope"":false,""tenant_filter_present"":false}",,balanced_williams_confirmatory,explicit_schedule,,false,3,208,false
cond-40a867772492e6202aa6,cond-40a867772492e6202aa6::r3,pair-018d06377510f8a5ddfc0762,pair-018d06377510f8a5ddfc0762::r3,q30_user_day_sum__regional_topk_candidates__gac_fdw_dba_topk_regional__query_shape-user_day_sum__cutoff_ts-2026-06-30-00-00-00-00__limit_k-500__include_apac-True,gac_fdw_dba_topk_regional,"{""cutoff_ts"": ""2026-06-30 00:00:00+00"", ""include_apac"": true, ""limit_k"": 500, ""query_shape"": ""user_day_sum""}",master-regimes/generated/corpus/confirmatory-action-replication-v1/groups/confirmatory-action-replication-v1__topology-isolation-large-n3-v1__runtime-bundle-multi-edge__analytics_clients/queries/q30_user_day_sum__regional_topk_candidates__gac_fdw_dba_topk_regional__query_shape-user_day_sum__cutoff_ts-2026-06-30-00-00-00-00__limit_k-500__include_apac-True.sql,"regional_topk,coordinator_sort_topk",confirmatory-action-replication-v1,confirmatory-action-replication-v1,batch-confirmatory-action-replication-v1,fuzzy-intervention-memory-v1,q30_user_day_sum__regional_topk_candidates,dba_local_memory_topk,multiregion_union,gac_multi_edge,global_query,confirmatory_q30_user_day_sum,topology-isolation-large-n3-v1,dba_topk_balanced_stressed,eu_us_apac_gac,final_check,combined_pressure,local_intervention_memory,mitigated,mitigated,q30_user_day_sum__regional_topk_candidates,regional_topk_candidates,confirmatory_holdout,,,,,,,,regional_topk_candidates,global_gac_mitigation_gain_log2,confirmatory_action_replication,"gac_finalization_heavy,well_reduced_localized",pilot,"{""fetch_size"":""medium"",""wan_latency"":""medium"",""work_mem"":""medium""}","supports_region_partitioning,supports_large_scan","{""filter_uses_distribution_key"":false,""group_by_uses_distribution_key"":false,""join_uses_distribution_key"":false,""multi_tenant_scope"":true,""order_by_uses_distribution_key"":false,""single_tenant_scope"":false,""tenant_filter_present"":false}",,balanced_williams_confirmatory,explicit_schedule,,false,3,209,false
cond-efd8889f42b630a339e9,cond-efd8889f42b630a339e9::r3,pair-cc6217644d24db31e668f502,pair-cc6217644d24db31e668f502::r3,q30_user_day_sum__mitigate_remote_path_bundle__gac_fdw_dba_topk_raw__query_shape-user_day_sum__cutoff_ts-2026-06-30-00-00-00-00__limit_k-500__include_apac-True,gac_fdw_dba_topk_raw,"{""cutoff_ts"": ""2026-06-30 00:00:00+00"", ""include_apac"": true, ""limit_k"": 500, ""query_shape"": ""user_day_sum""}",master-regimes/generated/corpus/confirmatory-action-replication-v1/groups/confirmatory-action-replication-v1__topology-isolation-large-n3-v1__runtime-bundle-multi-edge__analytics_clients/queries/q30_user_day_sum__mitigate_remote_path_bundle__gac_fdw_dba_topk_raw__query_shape-user_day_sum__cutoff_ts-2026-06-30-00-00-00-00__limit_k-500__include_apac-True.sql,"coordinator_raw_fanin,coordinator_sort_topk",confirmatory-action-replication-v1,confirmatory-action-replication-v1,batch-confirmatory-action-replication-v1,fuzzy-intervention-memory-v1,q30_user_day_sum__mitigate_remote_path_bundle,dba_local_memory_topk,multiregion_union,gac_multi_edge,global_query,confirmatory_q30_user_day_sum,topology-isolation-large-n3-v1,dba_topk_balanced_remote_mitigated,eu_us_apac_gac,final_check,combined_pressure,local_intervention_memory,mitigated,mitigated,q30_user_day_sum__mitigate_remote_path_bundle,remote_transport_bundle,confirmatory_holdout,,,,,,,,mitigate_remote_path_bundle,global_gac_mitigation_gain_log2,confirmatory_action_replication,"gac_finalization_heavy,remote_fetch_heavy",pilot,"{""fetch_size"":""high"",""wan_latency"":""high"",""work_mem"":""high""}","supports_region_partitioning,supports_large_scan","{""filter_uses_distribution_key"":false,""group_by_uses_distribution_key"":false,""join_uses_distribution_key"":false,""multi_tenant_scope"":true,""order_by_uses_distribution_key"":false,""single_tenant_scope"":false,""tenant_filter_present"":false}",,balanced_williams_confirmatory,explicit_schedule,,false,3,210,false
cond-0eab0fa927515555a83f,cond-0eab0fa927515555a83f::r3,pair-824e29ca9e59f4f569185cd8,pair-824e29ca9e59f4f569185cd8::r3,q30_user_day_sum__increase_gac_work_mem__gac_fdw_dba_topk_raw__query_shape-user_day_sum__cutoff_ts-2026-06-30-00-00-00-00__limit_k-500__include_apac-True,gac_fdw_dba_topk_raw,"{""cutoff_ts"": ""2026-06-30 00:00:00+00"", ""include_apac"": true, ""limit_k"": 500, ""query_shape"": ""user_day_sum""}",master-regimes/generated/corpus/confirmatory-action-replication-v1/groups/confirmatory-action-replication-v1__topology-isolation-large-n3-v1__runtime-bundle-multi-edge__analytics_clients/queries/q30_user_day_sum__increase_gac_work_mem__gac_fdw_dba_topk_raw__query_shape-user_day_sum__cutoff_ts-2026-06-30-00-00-00-00__limit_k-500__include_apac-True.sql,"coordinator_raw_fanin,coordinator_sort_topk",confirmatory-action-replication-v1,confirmatory-action-replication-v1,batch-confirmatory-action-replication-v1,fuzzy-intervention-memory-v1,q30_user_day_sum__increase_gac_work_mem,dba_local_memory_topk,multiregion_union,gac_multi_edge,global_query,confirmatory_q30_user_day_sum,topology-isolation-large-n3-v1,dba_topk_balanced_gac_mitigated,eu_us_apac_gac,final_check,combined_pressure,local_intervention_memory,mitigated,mitigated,q30_user_day_sum__increase_gac_work_mem,gac_memory_increase,confirmatory_holdout,,,,,,,,increase_gac_work_mem,global_gac_mitigation_gain_log2,confirmatory_action_replication,"gac_finalization_heavy,remote_fetch_heavy",pilot,"{""fetch_size"":""high"",""wan_latency"":""high"",""work_mem"":""high""}","supports_region_partitioning,supports_large_scan","{""filter_uses_distribution_key"":false,""group_by_uses_distribution_key"":false,""join_uses_distribution_key"":false,""multi_tenant_scope"":true,""order_by_uses_distribution_key"":false,""single_tenant_scope"":false,""tenant_filter_present"":false}",,balanced_williams_confirmatory,explicit_schedule,,false,3,211,false
cond-5d0ef16459bfd07544ef,cond-5d0ef16459bfd07544ef::r3,pair-83d45a2f2e76b683cba526c2,pair-83d45a2f2e76b683cba526c2::r3,q30_user_day_sum__baseline__gac_fdw_dba_topk_raw__query_shape-user_day_sum__cutoff_ts-2026-06-30-00-00-00-00__limit_k-500__include_apac-True,gac_fdw_dba_topk_raw,"{""cutoff_ts"": ""2026-06-30 00:00:00+00"", ""include_apac"": true, ""limit_k"": 500, ""query_shape"": ""user_day_sum""}",master-regimes/generated/corpus/confirmatory-action-replication-v1/groups/confirmatory-action-replication-v1__topology-isolation-large-n3-v1__runtime-bundle-multi-edge__analytics_clients/queries/q30_user_day_sum__baseline__gac_fdw_dba_topk_raw__query_shape-user_day_sum__cutoff_ts-2026-06-30-00-00-00-00__limit_k-500__include_apac-True.sql,"coordinator_raw_fanin,coordinator_sort_topk",confirmatory-action-replication-v1,confirmatory-action-replication-v1,batch-confirmatory-action-replication-v1,fuzzy-intervention-memory-v1,q30_user_day_sum__baseline,dba_local_memory_topk,multiregion_union,gac_multi_edge,global_query,confirmatory_q30_user_day_sum,topology-isolation-large-n3-v1,dba_topk_balanced_stressed,eu_us_apac_gac,final_check,combined_pressure,local_intervention_memory,stressed,stressed,q30_user_day_sum__shared_baseline,gac_raw_topk,confirmatory_holdout,,,,,,,,,global_gac_mitigation_gain_log2,confirmatory_action_replication,"gac_finalization_heavy,remote_fetch_heavy",pilot,"{""fetch_size"":""high"",""wan_latency"":""high"",""work_mem"":""high""}","supports_region_partitioning,supports_large_scan","{""filter_uses_distribution_key"":false,""group_by_uses_distribution_key"":false,""join_uses_distribution_key"":false,""multi_tenant_scope"":true,""order_by_uses_distribution_key"":false,""single_tenant_scope"":false,""tenant_filter_present"":false}",,balanced_williams_confirmatory,explicit_schedule,,false,3,212,false
cond-a8b793a1a110500269f2,cond-a8b793a1a110500269f2::r3,pair-f00d3ce2e2726ebe79437f0e,pair-f00d3ce2e2726ebe79437f0e::r3,q28_user_count__mitigate_remote_path_bundle__gac_fdw_dba_topk_raw__query_shape-user_count__cutoff_ts-2026-06-27-00-00-00-00__limit_k-100__include_apac-True,gac_fdw_dba_topk_raw,"{""cutoff_ts"": ""2026-06-27 00:00:00+00"", ""include_apac"": true, ""limit_k"": 100, ""query_shape"": ""user_count""}",master-regimes/generated/corpus/confirmatory-action-replication-v1/groups/confirmatory-action-replication-v1__topology-isolation-large-n3-v1__runtime-bundle-multi-edge__analytics_clients/queries/q28_user_count__mitigate_remote_path_bundle__gac_fdw_dba_topk_raw__query_shape-user_count__cutoff_ts-2026-06-27-00-00-00-00__limit_k-100__include_apac-True.sql,"coordinator_raw_fanin,coordinator_sort_topk",confirmatory-action-replication-v1,confirmatory-action-replication-v1,batch-confirmatory-action-replication-v1,fuzzy-intervention-memory-v1,q28_user_count__mitigate_remote_path_bundle,dba_local_memory_topk,multiregion_union,gac_multi_edge,global_query,confirmatory_q28_user_count,topology-isolation-large-n3-v1,dba_topk_balanced_remote_mitigated,eu_us_apac_gac,final_check,combined_pressure,local_intervention_memory,mitigated,mitigated,q28_user_count__mitigate_remote_path_bundle,remote_transport_bundle,confirmatory_holdout,,,,,,,,mitigate_remote_path_bundle,global_gac_mitigation_gain_log2,confirmatory_action_replication,"gac_finalization_heavy,remote_fetch_heavy",pilot,"{""fetch_size"":""high"",""wan_latency"":""high"",""work_mem"":""high""}","supports_region_partitioning,supports_large_scan","{""filter_uses_distribution_key"":false,""group_by_uses_distribution_key"":false,""join_uses_distribution_key"":false,""multi_tenant_scope"":true,""order_by_uses_distribution_key"":false,""single_tenant_scope"":false,""tenant_filter_present"":false}",,balanced_williams_confirmatory,explicit_schedule,,false,3,213,false
cond-e518af9532fd3c8da41f,cond-e518af9532fd3c8da41f::r3,pair-0c1e60b00747989238020548,pair-0c1e60b00747989238020548::r3,q28_user_count__baseline__gac_fdw_dba_topk_raw__query_shape-user_count__cutoff_ts-2026-06-27-00-00-00-00__limit_k-100__include_apac-True,gac_fdw_dba_topk_raw,"{""cutoff_ts"": ""2026-06-27 00:00:00+00"", ""include_apac"": true, ""limit_k"": 100, ""query_shape"": ""user_count""}",master-regimes/generated/corpus/confirmatory-action-replication-v1/groups/confirmatory-action-replication-v1__topology-isolation-large-n3-v1__runtime-bundle-multi-edge__analytics_clients/queries/q28_user_count__baseline__gac_fdw_dba_topk_raw__query_shape-user_count__cutoff_ts-2026-06-27-00-00-00-00__limit_k-100__include_apac-True.sql,"coordinator_raw_fanin,coordinator_sort_topk",confirmatory-action-replication-v1,confirmatory-action-replication-v1,batch-confirmatory-action-replication-v1,fuzzy-intervention-memory-v1,q28_user_count__baseline,dba_local_memory_topk,multiregion_union,gac_multi_edge,global_query,confirmatory_q28_user_count,topology-isolation-large-n3-v1,dba_topk_balanced_stressed,eu_us_apac_gac,final_check,combined_pressure,local_intervention_memory,stressed,stressed,q28_user_count__shared_baseline,gac_raw_topk,confirmatory_holdout,,,,,,,,,global_gac_mitigation_gain_log2,confirmatory_action_replication,"gac_finalization_heavy,remote_fetch_heavy",pilot,"{""fetch_size"":""high"",""wan_latency"":""high"",""work_mem"":""high""}","supports_region_partitioning,supports_large_scan","{""filter_uses_distribution_key"":false,""group_by_uses_distribution_key"":false,""join_uses_distribution_key"":false,""multi_tenant_scope"":true,""order_by_uses_distribution_key"":false,""single_tenant_scope"":false,""tenant_filter_present"":false}",,balanced_williams_confirmatory,explicit_schedule,,false,3,214,false
cond-853d379dfe002304522e,cond-853d379dfe002304522e::r3,pair-89ee7352dd383a3bb9c0c432,pair-89ee7352dd383a3bb9c0c432::r3,q28_user_count__regional_topk_candidates__gac_fdw_dba_topk_regional__query_shape-user_count__cutoff_ts-2026-06-27-00-00-00-00__limit_k-100__include_apac-True,gac_fdw_dba_topk_regional,"{""cutoff_ts"": ""2026-06-27 00:00:00+00"", ""include_apac"": true, ""limit_k"": 100, ""query_shape"": ""user_count""}",master-regimes/generated/corpus/confirmatory-action-replication-v1/groups/confirmatory-action-replication-v1__topology-isolation-large-n3-v1__runtime-bundle-multi-edge__analytics_clients/queries/q28_user_count__regional_topk_candidates__gac_fdw_dba_topk_regional__query_shape-user_count__cutoff_ts-2026-06-27-00-00-00-00__limit_k-100__include_apac-True.sql,"regional_topk,coordinator_sort_topk",confirmatory-action-replication-v1,confirmatory-action-replication-v1,batch-confirmatory-action-replication-v1,fuzzy-intervention-memory-v1,q28_user_count__regional_topk_candidates,dba_local_memory_topk,multiregion_union,gac_multi_edge,global_query,confirmatory_q28_user_count,topology-isolation-large-n3-v1,dba_topk_balanced_stressed,eu_us_apac_gac,final_check,combined_pressure,local_intervention_memory,mitigated,mitigated,q28_user_count__regional_topk_candidates,regional_topk_candidates,confirmatory_holdout,,,,,,,,regional_topk_candidates,global_gac_mitigation_gain_log2,confirmatory_action_replication,"gac_finalization_heavy,well_reduced_localized",pilot,"{""fetch_size"":""medium"",""wan_latency"":""medium"",""work_mem"":""medium""}","supports_region_partitioning,supports_large_scan","{""filter_uses_distribution_key"":false,""group_by_uses_distribution_key"":false,""join_uses_distribution_key"":false,""multi_tenant_scope"":true,""order_by_uses_distribution_key"":false,""single_tenant_scope"":false,""tenant_filter_present"":false}",,balanced_williams_confirmatory,explicit_schedule,,false,3,215,false
cond-2206c85945db8e92e8b5,cond-2206c85945db8e92e8b5::r3,pair-53bc30de80c30e13df8fca13,pair-53bc30de80c30e13df8fca13::r3,q28_user_count__increase_gac_work_mem__gac_fdw_dba_topk_raw__query_shape-user_count__cutoff_ts-2026-06-27-00-00-00-00__limit_k-100__include_apac-True,gac_fdw_dba_topk_raw,"{""cutoff_ts"": ""2026-06-27 00:00:00+00"", ""include_apac"": true, ""limit_k"": 100, ""query_shape"": ""user_count""}",master-regimes/generated/corpus/confirmatory-action-replication-v1/groups/confirmatory-action-replication-v1__topology-isolation-large-n3-v1__runtime-bundle-multi-edge__analytics_clients/queries/q28_user_count__increase_gac_work_mem__gac_fdw_dba_topk_raw__query_shape-user_count__cutoff_ts-2026-06-27-00-00-00-00__limit_k-100__include_apac-True.sql,"coordinator_raw_fanin,coordinator_sort_topk",confirmatory-action-replication-v1,confirmatory-action-replication-v1,batch-confirmatory-action-replication-v1,fuzzy-intervention-memory-v1,q28_user_count__increase_gac_work_mem,dba_local_memory_topk,multiregion_union,gac_multi_edge,global_query,confirmatory_q28_user_count,topology-isolation-large-n3-v1,dba_topk_balanced_gac_mitigated,eu_us_apac_gac,final_check,combined_pressure,local_intervention_memory,mitigated,mitigated,q28_user_count__increase_gac_work_mem,gac_memory_increase,confirmatory_holdout,,,,,,,,increase_gac_work_mem,global_gac_mitigation_gain_log2,confirmatory_action_replication,"gac_finalization_heavy,remote_fetch_heavy",pilot,"{""fetch_size"":""high"",""wan_latency"":""high"",""work_mem"":""high""}","supports_region_partitioning,supports_large_scan","{""filter_uses_distribution_key"":false,""group_by_uses_distribution_key"":false,""join_uses_distribution_key"":false,""multi_tenant_scope"":true,""order_by_uses_distribution_key"":false,""single_tenant_scope"":false,""tenant_filter_present"":false}",,balanced_williams_confirmatory,explicit_schedule,,false,3,216,false
cond-dc01acff6e758d390b4a,cond-dc01acff6e758d390b4a::r3,pair-05c2294075e5febb2ac80986,pair-05c2294075e5febb2ac80986::r3,q19_event_old_low_value__baseline__gac_fdw_dba_topk_raw__query_shape-event_old_low_value__cutoff_ts-2026-06-24-00-00-00-00__limit_k-250__include_apac-True,gac_fdw_dba_topk_raw,"{""cutoff_ts"": ""2026-06-24 00:00:00+00"", ""include_apac"": true, ""limit_k"": 250, ""query_shape"": ""event_old_low_value""}",master-regimes/generated/corpus/confirmatory-action-replication-v1/groups/confirmatory-action-replication-v1__topology-isolation-large-n3-v1__runtime-bundle-multi-edge__analytics_clients/queries/q19_event_old_low_value__baseline__gac_fdw_dba_topk_raw__query_shape-event_old_low_value__cutoff_ts-2026-06-24-00-00-00-00__limit_k-250__include_apac-True.sql,"coordinator_raw_fanin,coordinator_sort_topk",confirmatory-action-replication-v1,confirmatory-action-replication-v1,batch-confirmatory-action-replication-v1,fuzzy-intervention-memory-v1,q19_event_old_low_value__baseline,dba_local_memory_topk,multiregion_union,gac_multi_edge,global_query,confirmatory_q19_event_old_low_value,topology-isolation-large-n3-v1,dba_topk_balanced_stressed,eu_us_apac_gac,final_check,combined_pressure,local_intervention_memory,stressed,stressed,q19_event_old_low_value__shared_baseline,gac_raw_topk,confirmatory_holdout,,,,,,,,,global_gac_mitigation_gain_log2,confirmatory_action_replication,"gac_finalization_heavy,remote_fetch_heavy",pilot,"{""fetch_size"":""high"",""wan_latency"":""high"",""work_mem"":""high""}","supports_region_partitioning,supports_large_scan","{""filter_uses_distribution_key"":false,""group_by_uses_distribution_key"":false,""join_uses_distribution_key"":false,""multi_tenant_scope"":true,""order_by_uses_distribution_key"":false,""single_tenant_scope"":false,""tenant_filter_present"":false}",,balanced_williams_confirmatory,explicit_schedule,,false,3,217,false
cond-ebc858113b618f505d31,cond-ebc858113b618f505d31::r3,pair-28bc7a9bd2dcbea6f92cb83d,pair-28bc7a9bd2dcbea6f92cb83d::r3,q19_event_old_low_value__increase_gac_work_mem__gac_fdw_dba_topk_raw__query_shape-event_old_low_value__cutoff_ts-2026-06-24-00-00-00-00__limit_k-250__include_apac-True,gac_fdw_dba_topk_raw,"{""cutoff_ts"": ""2026-06-24 00:00:00+00"", ""include_apac"": true, ""limit_k"": 250, ""query_shape"": ""event_old_low_value""}",master-regimes/generated/corpus/confirmatory-action-replication-v1/groups/confirmatory-action-replication-v1__topology-isolation-large-n3-v1__runtime-bundle-multi-edge__analytics_clients/queries/q19_event_old_low_value__increase_gac_work_mem__gac_fdw_dba_topk_raw__query_shape-event_old_low_value__cutoff_ts-2026-06-24-00-00-00-00__limit_k-250__include_apac-True.sql,"coordinator_raw_fanin,coordinator_sort_topk",confirmatory-action-replication-v1,confirmatory-action-replication-v1,batch-confirmatory-action-replication-v1,fuzzy-intervention-memory-v1,q19_event_old_low_value__increase_gac_work_mem,dba_local_memory_topk,multiregion_union,gac_multi_edge,global_query,confirmatory_q19_event_old_low_value,topology-isolation-large-n3-v1,dba_topk_balanced_gac_mitigated,eu_us_apac_gac,final_check,combined_pressure,local_intervention_memory,mitigated,mitigated,q19_event_old_low_value__increase_gac_work_mem,gac_memory_increase,confirmatory_holdout,,,,,,,,increase_gac_work_mem,global_gac_mitigation_gain_log2,confirmatory_action_replication,"gac_finalization_heavy,remote_fetch_heavy",pilot,"{""fetch_size"":""high"",""wan_latency"":""high"",""work_mem"":""high""}","supports_region_partitioning,supports_large_scan","{""filter_uses_distribution_key"":false,""group_by_uses_distribution_key"":false,""join_uses_distribution_key"":false,""multi_tenant_scope"":true,""order_by_uses_distribution_key"":false,""single_tenant_scope"":false,""tenant_filter_present"":false}",,balanced_williams_confirmatory,explicit_schedule,,false,3,218,false
cond-e080cd6be4eb1bdee62a,cond-e080cd6be4eb1bdee62a::r3,pair-48512a64612dc8749d4f6929,pair-48512a64612dc8749d4f6929::r3,q19_event_old_low_value__mitigate_remote_path_bundle__gac_fdw_dba_topk_raw__query_shape-event_old_low_value__cutoff_ts-2026-06-24-00-00-00-00__limit_k-250__include_apac-True,gac_fdw_dba_topk_raw,"{""cutoff_ts"": ""2026-06-24 00:00:00+00"", ""include_apac"": true, ""limit_k"": 250, ""query_shape"": ""event_old_low_value""}",master-regimes/generated/corpus/confirmatory-action-replication-v1/groups/confirmatory-action-replication-v1__topology-isolation-large-n3-v1__runtime-bundle-multi-edge__analytics_clients/queries/q19_event_old_low_value__mitigate_remote_path_bundle__gac_fdw_dba_topk_raw__query_shape-event_old_low_value__cutoff_ts-2026-06-24-00-00-00-00__limit_k-250__include_apac-True.sql,"coordinator_raw_fanin,coordinator_sort_topk",confirmatory-action-replication-v1,confirmatory-action-replication-v1,batch-confirmatory-action-replication-v1,fuzzy-intervention-memory-v1,q19_event_old_low_value__mitigate_remote_path_bundle,dba_local_memory_topk,multiregion_union,gac_multi_edge,global_query,confirmatory_q19_event_old_low_value,topology-isolation-large-n3-v1,dba_topk_balanced_remote_mitigated,eu_us_apac_gac,final_check,combined_pressure,local_intervention_memory,mitigated,mitigated,q19_event_old_low_value__mitigate_remote_path_bundle,remote_transport_bundle,confirmatory_holdout,,,,,,,,mitigate_remote_path_bundle,global_gac_mitigation_gain_log2,confirmatory_action_replication,"gac_finalization_heavy,remote_fetch_heavy",pilot,"{""fetch_size"":""high"",""wan_latency"":""high"",""work_mem"":""high""}","supports_region_partitioning,supports_large_scan","{""filter_uses_distribution_key"":false,""group_by_uses_distribution_key"":false,""join_uses_distribution_key"":false,""multi_tenant_scope"":true,""order_by_uses_distribution_key"":false,""single_tenant_scope"":false,""tenant_filter_present"":false}",,balanced_williams_confirmatory,explicit_schedule,,false,3,219,false
cond-d1bf7e08b663c3f91ac6,cond-d1bf7e08b663c3f91ac6::r3,pair-98b704f4defbbbb407767c07,pair-98b704f4defbbbb407767c07::r3,q19_event_old_low_value__regional_topk_candidates__gac_fdw_dba_topk_regional__query_shape-event_old_low_value__cutoff_ts-2026-06-24-00-00-00-00__limit_k-250__include_apac-True,gac_fdw_dba_topk_regional,"{""cutoff_ts"": ""2026-06-24 00:00:00+00"", ""include_apac"": true, ""limit_k"": 250, ""query_shape"": ""event_old_low_value""}",master-regimes/generated/corpus/confirmatory-action-replication-v1/groups/confirmatory-action-replication-v1__topology-isolation-large-n3-v1__runtime-bundle-multi-edge__analytics_clients/queries/q19_event_old_low_value__regional_topk_candidates__gac_fdw_dba_topk_regional__query_shape-event_old_low_value__cutoff_ts-2026-06-24-00-00-00-00__limit_k-250__include_apac-True.sql,"regional_topk,coordinator_sort_topk",confirmatory-action-replication-v1,confirmatory-action-replication-v1,batch-confirmatory-action-replication-v1,fuzzy-intervention-memory-v1,q19_event_old_low_value__regional_topk_candidates,dba_local_memory_topk,multiregion_union,gac_multi_edge,global_query,confirmatory_q19_event_old_low_value,topology-isolation-large-n3-v1,dba_topk_balanced_stressed,eu_us_apac_gac,final_check,combined_pressure,local_intervention_memory,mitigated,mitigated,q19_event_old_low_value__regional_topk_candidates,regional_topk_candidates,confirmatory_holdout,,,,,,,,regional_topk_candidates,global_gac_mitigation_gain_log2,confirmatory_action_replication,"gac_finalization_heavy,well_reduced_localized",pilot,"{""fetch_size"":""medium"",""wan_latency"":""medium"",""work_mem"":""medium""}","supports_region_partitioning,supports_large_scan","{""filter_uses_distribution_key"":false,""group_by_uses_distribution_key"":false,""join_uses_distribution_key"":false,""multi_tenant_scope"":true,""order_by_uses_distribution_key"":false,""single_tenant_scope"":false,""tenant_filter_present"":false}",,balanced_williams_confirmatory,explicit_schedule,,false,3,220,false
cond-75f64252c841322ea368,cond-75f64252c841322ea368::r3,pair-b96e9aa1053227d5f5e0938f,pair-b96e9aa1053227d5f5e0938f::r3,q24_tenant_midband_sum__increase_gac_work_mem__gac_fdw_dba_topk_raw__query_shape-tenant_midband_sum__cutoff_ts-2026-06-30-00-00-00-00__limit_k-250__include_apac-True,gac_fdw_dba_topk_raw,"{""cutoff_ts"": ""2026-06-30 00:00:00+00"", ""include_apac"": true, ""limit_k"": 250, ""query_shape"": ""tenant_midband_sum""}",master-regimes/generated/corpus/confirmatory-action-replication-v1/groups/confirmatory-action-replication-v1__topology-isolation-large-n3-v1__runtime-bundle-multi-edge__analytics_clients/queries/q24_tenant_midband_sum__increase_gac_work_mem__gac_fdw_dba_topk_raw__query_shape-tenant_midband_sum__cutoff_ts-2026-06-30-00-00-00-00__limit_k-250__include_apac-True.sql,"coordinator_raw_fanin,coordinator_sort_topk",confirmatory-action-replication-v1,confirmatory-action-replication-v1,batch-confirmatory-action-replication-v1,fuzzy-intervention-memory-v1,q24_tenant_midband_sum__increase_gac_work_mem,dba_local_memory_topk,multiregion_union,gac_multi_edge,global_query,confirmatory_q24_tenant_midband_sum,topology-isolation-large-n3-v1,dba_topk_balanced_gac_mitigated,eu_us_apac_gac,final_check,combined_pressure,local_intervention_memory,mitigated,mitigated,q24_tenant_midband_sum__increase_gac_work_mem,gac_memory_increase,confirmatory_holdout,,,,,,,,increase_gac_work_mem,global_gac_mitigation_gain_log2,confirmatory_action_replication,"gac_finalization_heavy,remote_fetch_heavy",pilot,"{""fetch_size"":""high"",""wan_latency"":""high"",""work_mem"":""high""}","supports_region_partitioning,supports_large_scan","{""filter_uses_distribution_key"":false,""group_by_uses_distribution_key"":false,""join_uses_distribution_key"":false,""multi_tenant_scope"":true,""order_by_uses_distribution_key"":false,""single_tenant_scope"":false,""tenant_filter_present"":false}",,balanced_williams_confirmatory,explicit_schedule,,false,3,221,false
cond-711872a79328bba478df,cond-711872a79328bba478df::r3,pair-7ebb6672cd25e5afd613b198,pair-7ebb6672cd25e5afd613b198::r3,q24_tenant_midband_sum__regional_topk_candidates__gac_fdw_dba_topk_regional__query_shape-tenant_midband_sum__cutoff_ts-2026-06-30-00-00-00-00__limit_k-250__include_apac-True,gac_fdw_dba_topk_regional,"{""cutoff_ts"": ""2026-06-30 00:00:00+00"", ""include_apac"": true, ""limit_k"": 250, ""query_shape"": ""tenant_midband_sum""}",master-regimes/generated/corpus/confirmatory-action-replication-v1/groups/confirmatory-action-replication-v1__topology-isolation-large-n3-v1__runtime-bundle-multi-edge__analytics_clients/queries/q24_tenant_midband_sum__regional_topk_candidates__gac_fdw_dba_topk_regional__query_shape-tenant_midband_sum__cutoff_ts-2026-06-30-00-00-00-00__limit_k-250__include_apac-True.sql,"regional_topk,coordinator_sort_topk",confirmatory-action-replication-v1,confirmatory-action-replication-v1,batch-confirmatory-action-replication-v1,fuzzy-intervention-memory-v1,q24_tenant_midband_sum__regional_topk_candidates,dba_local_memory_topk,multiregion_union,gac_multi_edge,global_query,confirmatory_q24_tenant_midband_sum,topology-isolation-large-n3-v1,dba_topk_balanced_stressed,eu_us_apac_gac,final_check,combined_pressure,local_intervention_memory,mitigated,mitigated,q24_tenant_midband_sum__regional_topk_candidates,regional_topk_candidates,confirmatory_holdout,,,,,,,,regional_topk_candidates,global_gac_mitigation_gain_log2,confirmatory_action_replication,"gac_finalization_heavy,well_reduced_localized",pilot,"{""fetch_size"":""medium"",""wan_latency"":""medium"",""work_mem"":""medium""}","supports_region_partitioning,supports_large_scan","{""filter_uses_distribution_key"":false,""group_by_uses_distribution_key"":false,""join_uses_distribution_key"":false,""multi_tenant_scope"":true,""order_by_uses_distribution_key"":false,""single_tenant_scope"":false,""tenant_filter_present"":false}",,balanced_williams_confirmatory,explicit_schedule,,false,3,222,false
cond-c793f69100da9d8073a9,cond-c793f69100da9d8073a9::r3,pair-391867cf1c2ad311e401ca9d,pair-391867cf1c2ad311e401ca9d::r3,q24_tenant_midband_sum__baseline__gac_fdw_dba_topk_raw__query_shape-tenant_midband_sum__cutoff_ts-2026-06-30-00-00-00-00__limit_k-250__include_apac-True,gac_fdw_dba_topk_raw,"{""cutoff_ts"": ""2026-06-30 00:00:00+00"", ""include_apac"": true, ""limit_k"": 250, ""query_shape"": ""tenant_midband_sum""}",master-regimes/generated/corpus/confirmatory-action-replication-v1/groups/confirmatory-action-replication-v1__topology-isolation-large-n3-v1__runtime-bundle-multi-edge__analytics_clients/queries/q24_tenant_midband_sum__baseline__gac_fdw_dba_topk_raw__query_shape-tenant_midband_sum__cutoff_ts-2026-06-30-00-00-00-00__limit_k-250__include_apac-True.sql,"coordinator_raw_fanin,coordinator_sort_topk",confirmatory-action-replication-v1,confirmatory-action-replication-v1,batch-confirmatory-action-replication-v1,fuzzy-intervention-memory-v1,q24_tenant_midband_sum__baseline,dba_local_memory_topk,multiregion_union,gac_multi_edge,global_query,confirmatory_q24_tenant_midband_sum,topology-isolation-large-n3-v1,dba_topk_balanced_stressed,eu_us_apac_gac,final_check,combined_pressure,local_intervention_memory,stressed,stressed,q24_tenant_midband_sum__shared_baseline,gac_raw_topk,confirmatory_holdout,,,,,,,,,global_gac_mitigation_gain_log2,confirmatory_action_replication,"gac_finalization_heavy,remote_fetch_heavy",pilot,"{""fetch_size"":""high"",""wan_latency"":""high"",""work_mem"":""high""}","supports_region_partitioning,supports_large_scan","{""filter_uses_distribution_key"":false,""group_by_uses_distribution_key"":false,""join_uses_distribution_key"":false,""multi_tenant_scope"":true,""order_by_uses_distribution_key"":false,""single_tenant_scope"":false,""tenant_filter_present"":false}",,balanced_williams_confirmatory,explicit_schedule,,false,3,223,false
cond-ddc9360c1d096719515d,cond-ddc9360c1d096719515d::r3,pair-8245d9dbb5c40df7d902a62e,pair-8245d9dbb5c40df7d902a62e::r3,q24_tenant_midband_sum__mitigate_remote_path_bundle__gac_fdw_dba_topk_raw__query_shape-tenant_midband_sum__cutoff_ts-2026-06-30-00-00-00-00__limit_k-250__include_apac-True,gac_fdw_dba_topk_raw,"{""cutoff_ts"": ""2026-06-30 00:00:00+00"", ""include_apac"": true, ""limit_k"": 250, ""query_shape"": ""tenant_midband_sum""}",master-regimes/generated/corpus/confirmatory-action-replication-v1/groups/confirmatory-action-replication-v1__topology-isolation-large-n3-v1__runtime-bundle-multi-edge__analytics_clients/queries/q24_tenant_midband_sum__mitigate_remote_path_bundle__gac_fdw_dba_topk_raw__query_shape-tenant_midband_sum__cutoff_ts-2026-06-30-00-00-00-00__limit_k-250__include_apac-True.sql,"coordinator_raw_fanin,coordinator_sort_topk",confirmatory-action-replication-v1,confirmatory-action-replication-v1,batch-confirmatory-action-replication-v1,fuzzy-intervention-memory-v1,q24_tenant_midband_sum__mitigate_remote_path_bundle,dba_local_memory_topk,multiregion_union,gac_multi_edge,global_query,confirmatory_q24_tenant_midband_sum,topology-isolation-large-n3-v1,dba_topk_balanced_remote_mitigated,eu_us_apac_gac,final_check,combined_pressure,local_intervention_memory,mitigated,mitigated,q24_tenant_midband_sum__mitigate_remote_path_bundle,remote_transport_bundle,confirmatory_holdout,,,,,,,,mitigate_remote_path_bundle,global_gac_mitigation_gain_log2,confirmatory_action_replication,"gac_finalization_heavy,remote_fetch_heavy",pilot,"{""fetch_size"":""high"",""wan_latency"":""high"",""work_mem"":""high""}","supports_region_partitioning,supports_large_scan","{""filter_uses_distribution_key"":false,""group_by_uses_distribution_key"":false,""join_uses_distribution_key"":false,""multi_tenant_scope"":true,""order_by_uses_distribution_key"":false,""single_tenant_scope"":false,""tenant_filter_present"":false}",,balanced_williams_confirmatory,explicit_schedule,,false,3,224,false
cond-4d8790fa36869b64198e,cond-4d8790fa36869b64198e::r3,pair-a58e81873b8264863f339f00,pair-a58e81873b8264863f339f00::r3,q18_event_recent_high_value__regional_topk_candidates__gac_fdw_dba_topk_regional__query_shape-event_recent_high_value__cutoff_ts-2026-06-27-00-00-00-00__limit_k-100__include_apac-True,gac_fdw_dba_topk_regional,"{""cutoff_ts"": ""2026-06-27 00:00:00+00"", ""include_apac"": true, ""limit_k"": 100, ""query_shape"": ""event_recent_high_value""}",master-regimes/generated/corpus/confirmatory-action-replication-v1/groups/confirmatory-action-replication-v1__topology-isolation-large-n3-v1__runtime-bundle-multi-edge__analytics_clients/queries/q18_event_recent_high_value__regional_topk_candidates__gac_fdw_dba_topk_regional__query_shape-event_recent_high_value__cutoff_ts-2026-06-27-00-00-00-00__limit_k-100__include_apac-True.sql,"regional_topk,coordinator_sort_topk",confirmatory-action-replication-v1,confirmatory-action-replication-v1,batch-confirmatory-action-replication-v1,fuzzy-intervention-memory-v1,q18_event_recent_high_value__regional_topk_candidates,dba_local_memory_topk,multiregion_union,gac_multi_edge,global_query,confirmatory_q18_event_recent_high_value,topology-isolation-large-n3-v1,dba_topk_balanced_stressed,eu_us_apac_gac,final_check,combined_pressure,local_intervention_memory,mitigated,mitigated,q18_event_recent_high_value__regional_topk_candidates,regional_topk_candidates,confirmatory_holdout,,,,,,,,regional_topk_candidates,global_gac_mitigation_gain_log2,confirmatory_action_replication,"gac_finalization_heavy,well_reduced_localized",pilot,"{""fetch_size"":""medium"",""wan_latency"":""medium"",""work_mem"":""medium""}","supports_region_partitioning,supports_large_scan","{""filter_uses_distribution_key"":false,""group_by_uses_distribution_key"":false,""join_uses_distribution_key"":false,""multi_tenant_scope"":true,""order_by_uses_distribution_key"":false,""single_tenant_scope"":false,""tenant_filter_present"":false}",,balanced_williams_confirmatory,explicit_schedule,,false,3,225,false
cond-0c42c10f372ba8c3c4ed,cond-0c42c10f372ba8c3c4ed::r3,pair-7e66c7ea525d8b50297d3362,pair-7e66c7ea525d8b50297d3362::r3,q18_event_recent_high_value__mitigate_remote_path_bundle__gac_fdw_dba_topk_raw__query_shape-event_recent_high_value__cutoff_ts-2026-06-27-00-00-00-00__limit_k-100__include_apac-True,gac_fdw_dba_topk_raw,"{""cutoff_ts"": ""2026-06-27 00:00:00+00"", ""include_apac"": true, ""limit_k"": 100, ""query_shape"": ""event_recent_high_value""}",master-regimes/generated/corpus/confirmatory-action-replication-v1/groups/confirmatory-action-replication-v1__topology-isolation-large-n3-v1__runtime-bundle-multi-edge__analytics_clients/queries/q18_event_recent_high_value__mitigate_remote_path_bundle__gac_fdw_dba_topk_raw__query_shape-event_recent_high_value__cutoff_ts-2026-06-27-00-00-00-00__limit_k-100__include_apac-True.sql,"coordinator_raw_fanin,coordinator_sort_topk",confirmatory-action-replication-v1,confirmatory-action-replication-v1,batch-confirmatory-action-replication-v1,fuzzy-intervention-memory-v1,q18_event_recent_high_value__mitigate_remote_path_bundle,dba_local_memory_topk,multiregion_union,gac_multi_edge,global_query,confirmatory_q18_event_recent_high_value,topology-isolation-large-n3-v1,dba_topk_balanced_remote_mitigated,eu_us_apac_gac,final_check,combined_pressure,local_intervention_memory,mitigated,mitigated,q18_event_recent_high_value__mitigate_remote_path_bundle,remote_transport_bundle,confirmatory_holdout,,,,,,,,mitigate_remote_path_bundle,global_gac_mitigation_gain_log2,confirmatory_action_replication,"gac_finalization_heavy,remote_fetch_heavy",pilot,"{""fetch_size"":""high"",""wan_latency"":""high"",""work_mem"":""high""}","supports_region_partitioning,supports_large_scan","{""filter_uses_distribution_key"":false,""group_by_uses_distribution_key"":false,""join_uses_distribution_key"":false,""multi_tenant_scope"":true,""order_by_uses_distribution_key"":false,""single_tenant_scope"":false,""tenant_filter_present"":false}",,balanced_williams_confirmatory,explicit_schedule,,false,3,226,false
cond-c10c256b51a09fd89b2c,cond-c10c256b51a09fd89b2c::r3,pair-6123cf1bee094e59e21912e1,pair-6123cf1bee094e59e21912e1::r3,q18_event_recent_high_value__increase_gac_work_mem__gac_fdw_dba_topk_raw__query_shape-event_recent_high_value__cutoff_ts-2026-06-27-00-00-00-00__limit_k-100__include_apac-True,gac_fdw_dba_topk_raw,"{""cutoff_ts"": ""2026-06-27 00:00:00+00"", ""include_apac"": true, ""limit_k"": 100, ""query_shape"": ""event_recent_high_value""}",master-regimes/generated/corpus/confirmatory-action-replication-v1/groups/confirmatory-action-replication-v1__topology-isolation-large-n3-v1__runtime-bundle-multi-edge__analytics_clients/queries/q18_event_recent_high_value__increase_gac_work_mem__gac_fdw_dba_topk_raw__query_shape-event_recent_high_value__cutoff_ts-2026-06-27-00-00-00-00__limit_k-100__include_apac-True.sql,"coordinator_raw_fanin,coordinator_sort_topk",confirmatory-action-replication-v1,confirmatory-action-replication-v1,batch-confirmatory-action-replication-v1,fuzzy-intervention-memory-v1,q18_event_recent_high_value__increase_gac_work_mem,dba_local_memory_topk,multiregion_union,gac_multi_edge,global_query,confirmatory_q18_event_recent_high_value,topology-isolation-large-n3-v1,dba_topk_balanced_gac_mitigated,eu_us_apac_gac,final_check,combined_pressure,local_intervention_memory,mitigated,mitigated,q18_event_recent_high_value__increase_gac_work_mem,gac_memory_increase,confirmatory_holdout,,,,,,,,increase_gac_work_mem,global_gac_mitigation_gain_log2,confirmatory_action_replication,"gac_finalization_heavy,remote_fetch_heavy",pilot,"{""fetch_size"":""high"",""wan_latency"":""high"",""work_mem"":""high""}","supports_region_partitioning,supports_large_scan","{""filter_uses_distribution_key"":false,""group_by_uses_distribution_key"":false,""join_uses_distribution_key"":false,""multi_tenant_scope"":true,""order_by_uses_distribution_key"":false,""single_tenant_scope"":false,""tenant_filter_present"":false}",,balanced_williams_confirmatory,explicit_schedule,,false,3,227,false
cond-38a3f871fc3298a9853c,cond-38a3f871fc3298a9853c::r3,pair-ab65e63da9e807e82f18297f,pair-ab65e63da9e807e82f18297f::r3,q18_event_recent_high_value__baseline__gac_fdw_dba_topk_raw__query_shape-event_recent_high_value__cutoff_ts-2026-06-27-00-00-00-00__limit_k-100__include_apac-True,gac_fdw_dba_topk_raw,"{""cutoff_ts"": ""2026-06-27 00:00:00+00"", ""include_apac"": true, ""limit_k"": 100, ""query_shape"": ""event_recent_high_value""}",master-regimes/generated/corpus/confirmatory-action-replication-v1/groups/confirmatory-action-replication-v1__topology-isolation-large-n3-v1__runtime-bundle-multi-edge__analytics_clients/queries/q18_event_recent_high_value__baseline__gac_fdw_dba_topk_raw__query_shape-event_recent_high_value__cutoff_ts-2026-06-27-00-00-00-00__limit_k-100__include_apac-True.sql,"coordinator_raw_fanin,coordinator_sort_topk",confirmatory-action-replication-v1,confirmatory-action-replication-v1,batch-confirmatory-action-replication-v1,fuzzy-intervention-memory-v1,q18_event_recent_high_value__baseline,dba_local_memory_topk,multiregion_union,gac_multi_edge,global_query,confirmatory_q18_event_recent_high_value,topology-isolation-large-n3-v1,dba_topk_balanced_stressed,eu_us_apac_gac,final_check,combined_pressure,local_intervention_memory,stressed,stressed,q18_event_recent_high_value__shared_baseline,gac_raw_topk,confirmatory_holdout,,,,,,,,,global_gac_mitigation_gain_log2,confirmatory_action_replication,"gac_finalization_heavy,remote_fetch_heavy",pilot,"{""fetch_size"":""high"",""wan_latency"":""high"",""work_mem"":""high""}","supports_region_partitioning,supports_large_scan","{""filter_uses_distribution_key"":false,""group_by_uses_distribution_key"":false,""join_uses_distribution_key"":false,""multi_tenant_scope"":true,""order_by_uses_distribution_key"":false,""single_tenant_scope"":false,""tenant_filter_present"":false}",,balanced_williams_confirmatory,explicit_schedule,,false,3,228,false
cond-a31fb62a5a5f78eee06c,cond-a31fb62a5a5f78eee06c::r3,pair-cf20192341c52470fd38e45c,pair-cf20192341c52470fd38e45c::r3,q25_tenant_day_avg__mitigate_remote_path_bundle__gac_fdw_dba_topk_raw__query_shape-tenant_day_avg__cutoff_ts-2026-06-29-00-00-00-00__limit_k-500__include_apac-True,gac_fdw_dba_topk_raw,"{""cutoff_ts"": ""2026-06-29 00:00:00+00"", ""include_apac"": true, ""limit_k"": 500, ""query_shape"": ""tenant_day_avg""}",master-regimes/generated/corpus/confirmatory-action-replication-v1/groups/confirmatory-action-replication-v1__topology-isolation-large-n3-v1__runtime-bundle-multi-edge__analytics_clients/queries/q25_tenant_day_avg__mitigate_remote_path_bundle__gac_fdw_dba_topk_raw__query_shape-tenant_day_avg__cutoff_ts-2026-06-29-00-00-00-00__limit_k-500__include_apac-True.sql,"coordinator_raw_fanin,coordinator_sort_topk",confirmatory-action-replication-v1,confirmatory-action-replication-v1,batch-confirmatory-action-replication-v1,fuzzy-intervention-memory-v1,q25_tenant_day_avg__mitigate_remote_path_bundle,dba_local_memory_topk,multiregion_union,gac_multi_edge,global_query,confirmatory_q25_tenant_day_avg,topology-isolation-large-n3-v1,dba_topk_balanced_remote_mitigated,eu_us_apac_gac,final_check,combined_pressure,local_intervention_memory,mitigated,mitigated,q25_tenant_day_avg__mitigate_remote_path_bundle,remote_transport_bundle,confirmatory_holdout,,,,,,,,mitigate_remote_path_bundle,global_gac_mitigation_gain_log2,confirmatory_action_replication,"gac_finalization_heavy,remote_fetch_heavy",pilot,"{""fetch_size"":""high"",""wan_latency"":""high"",""work_mem"":""high""}","supports_region_partitioning,supports_large_scan","{""filter_uses_distribution_key"":false,""group_by_uses_distribution_key"":false,""join_uses_distribution_key"":false,""multi_tenant_scope"":true,""order_by_uses_distribution_key"":false,""single_tenant_scope"":false,""tenant_filter_present"":false}",,balanced_williams_confirmatory,explicit_schedule,,false,3,229,false
cond-a303f06d1d83f7eaea61,cond-a303f06d1d83f7eaea61::r3,pair-37c16ba5bb4563f09fb38061,pair-37c16ba5bb4563f09fb38061::r3,q25_tenant_day_avg__baseline__gac_fdw_dba_topk_raw__query_shape-tenant_day_avg__cutoff_ts-2026-06-29-00-00-00-00__limit_k-500__include_apac-True,gac_fdw_dba_topk_raw,"{""cutoff_ts"": ""2026-06-29 00:00:00+00"", ""include_apac"": true, ""limit_k"": 500, ""query_shape"": ""tenant_day_avg""}",master-regimes/generated/corpus/confirmatory-action-replication-v1/groups/confirmatory-action-replication-v1__topology-isolation-large-n3-v1__runtime-bundle-multi-edge__analytics_clients/queries/q25_tenant_day_avg__baseline__gac_fdw_dba_topk_raw__query_shape-tenant_day_avg__cutoff_ts-2026-06-29-00-00-00-00__limit_k-500__include_apac-True.sql,"coordinator_raw_fanin,coordinator_sort_topk",confirmatory-action-replication-v1,confirmatory-action-replication-v1,batch-confirmatory-action-replication-v1,fuzzy-intervention-memory-v1,q25_tenant_day_avg__baseline,dba_local_memory_topk,multiregion_union,gac_multi_edge,global_query,confirmatory_q25_tenant_day_avg,topology-isolation-large-n3-v1,dba_topk_balanced_stressed,eu_us_apac_gac,final_check,combined_pressure,local_intervention_memory,stressed,stressed,q25_tenant_day_avg__shared_baseline,gac_raw_topk,confirmatory_holdout,,,,,,,,,global_gac_mitigation_gain_log2,confirmatory_action_replication,"gac_finalization_heavy,remote_fetch_heavy",pilot,"{""fetch_size"":""high"",""wan_latency"":""high"",""work_mem"":""high""}","supports_region_partitioning,supports_large_scan","{""filter_uses_distribution_key"":false,""group_by_uses_distribution_key"":false,""join_uses_distribution_key"":false,""multi_tenant_scope"":true,""order_by_uses_distribution_key"":false,""single_tenant_scope"":false,""tenant_filter_present"":false}",,balanced_williams_confirmatory,explicit_schedule,,false,3,230,false
cond-a28e3ac8abd2d1db0d3b,cond-a28e3ac8abd2d1db0d3b::r3,pair-a0b811d0028ad1e1c015c593,pair-a0b811d0028ad1e1c015c593::r3,q25_tenant_day_avg__regional_topk_candidates__gac_fdw_dba_topk_regional__query_shape-tenant_day_avg__cutoff_ts-2026-06-29-00-00-00-00__limit_k-500__include_apac-True,gac_fdw_dba_topk_regional,"{""cutoff_ts"": ""2026-06-29 00:00:00+00"", ""include_apac"": true, ""limit_k"": 500, ""query_shape"": ""tenant_day_avg""}",master-regimes/generated/corpus/confirmatory-action-replication-v1/groups/confirmatory-action-replication-v1__topology-isolation-large-n3-v1__runtime-bundle-multi-edge__analytics_clients/queries/q25_tenant_day_avg__regional_topk_candidates__gac_fdw_dba_topk_regional__query_shape-tenant_day_avg__cutoff_ts-2026-06-29-00-00-00-00__limit_k-500__include_apac-True.sql,"regional_topk,coordinator_sort_topk",confirmatory-action-replication-v1,confirmatory-action-replication-v1,batch-confirmatory-action-replication-v1,fuzzy-intervention-memory-v1,q25_tenant_day_avg__regional_topk_candidates,dba_local_memory_topk,multiregion_union,gac_multi_edge,global_query,confirmatory_q25_tenant_day_avg,topology-isolation-large-n3-v1,dba_topk_balanced_stressed,eu_us_apac_gac,final_check,combined_pressure,local_intervention_memory,mitigated,mitigated,q25_tenant_day_avg__regional_topk_candidates,regional_topk_candidates,confirmatory_holdout,,,,,,,,regional_topk_candidates,global_gac_mitigation_gain_log2,confirmatory_action_replication,"gac_finalization_heavy,well_reduced_localized",pilot,"{""fetch_size"":""medium"",""wan_latency"":""medium"",""work_mem"":""medium""}","supports_region_partitioning,supports_large_scan","{""filter_uses_distribution_key"":false,""group_by_uses_distribution_key"":false,""join_uses_distribution_key"":false,""multi_tenant_scope"":true,""order_by_uses_distribution_key"":false,""single_tenant_scope"":false,""tenant_filter_present"":false}",,balanced_williams_confirmatory,explicit_schedule,,false,3,231,false
cond-1ddc98899ffb69fd6f9c,cond-1ddc98899ffb69fd6f9c::r3,pair-71b0d769c4fdabdab532c563,pair-71b0d769c4fdabdab532c563::r3,q25_tenant_day_avg__increase_gac_work_mem__gac_fdw_dba_topk_raw__query_shape-tenant_day_avg__cutoff_ts-2026-06-29-00-00-00-00__limit_k-500__include_apac-True,gac_fdw_dba_topk_raw,"{""cutoff_ts"": ""2026-06-29 00:00:00+00"", ""include_apac"": true, ""limit_k"": 500, ""query_shape"": ""tenant_day_avg""}",master-regimes/generated/corpus/confirmatory-action-replication-v1/groups/confirmatory-action-replication-v1__topology-isolation-large-n3-v1__runtime-bundle-multi-edge__analytics_clients/queries/q25_tenant_day_avg__increase_gac_work_mem__gac_fdw_dba_topk_raw__query_shape-tenant_day_avg__cutoff_ts-2026-06-29-00-00-00-00__limit_k-500__include_apac-True.sql,"coordinator_raw_fanin,coordinator_sort_topk",confirmatory-action-replication-v1,confirmatory-action-replication-v1,batch-confirmatory-action-replication-v1,fuzzy-intervention-memory-v1,q25_tenant_day_avg__increase_gac_work_mem,dba_local_memory_topk,multiregion_union,gac_multi_edge,global_query,confirmatory_q25_tenant_day_avg,topology-isolation-large-n3-v1,dba_topk_balanced_gac_mitigated,eu_us_apac_gac,final_check,combined_pressure,local_intervention_memory,mitigated,mitigated,q25_tenant_day_avg__increase_gac_work_mem,gac_memory_increase,confirmatory_holdout,,,,,,,,increase_gac_work_mem,global_gac_mitigation_gain_log2,confirmatory_action_replication,"gac_finalization_heavy,remote_fetch_heavy",pilot,"{""fetch_size"":""high"",""wan_latency"":""high"",""work_mem"":""high""}","supports_region_partitioning,supports_large_scan","{""filter_uses_distribution_key"":false,""group_by_uses_distribution_key"":false,""join_uses_distribution_key"":false,""multi_tenant_scope"":true,""order_by_uses_distribution_key"":false,""single_tenant_scope"":false,""tenant_filter_present"":false}",,balanced_williams_confirmatory,explicit_schedule,,false,3,232,false
cond-ffaf0f865cf7dc1409cc,cond-ffaf0f865cf7dc1409cc::r3,pair-b6d210f427bbd8cef5ac71bd,pair-b6d210f427bbd8cef5ac71bd::r3,q17_event_log_value__baseline__gac_fdw_dba_topk_raw__query_shape-event_log_value__cutoff_ts-2026-06-29-00-00-00-00__limit_k-50__include_apac-True,gac_fdw_dba_topk_raw,"{""cutoff_ts"": ""2026-06-29 00:00:00+00"", ""include_apac"": true, ""limit_k"": 50, ""query_shape"": ""event_log_value""}",master-regimes/generated/corpus/confirmatory-action-replication-v1/groups/confirmatory-action-replication-v1__topology-isolation-large-n3-v1__runtime-bundle-multi-edge__analytics_clients/queries/q17_event_log_value__baseline__gac_fdw_dba_topk_raw__query_shape-event_log_value__cutoff_ts-2026-06-29-00-00-00-00__limit_k-50__include_apac-True.sql,"coordinator_raw_fanin,coordinator_sort_topk",confirmatory-action-replication-v1,confirmatory-action-replication-v1,batch-confirmatory-action-replication-v1,fuzzy-intervention-memory-v1,q17_event_log_value__baseline,dba_local_memory_topk,multiregion_union,gac_multi_edge,global_query,confirmatory_q17_event_log_value,topology-isolation-large-n3-v1,dba_topk_balanced_stressed,eu_us_apac_gac,final_check,combined_pressure,local_intervention_memory,stressed,stressed,q17_event_log_value__shared_baseline,gac_raw_topk,confirmatory_holdout,,,,,,,,,global_gac_mitigation_gain_log2,confirmatory_action_replication,"gac_finalization_heavy,remote_fetch_heavy",pilot,"{""fetch_size"":""high"",""wan_latency"":""high"",""work_mem"":""high""}","supports_region_partitioning,supports_large_scan","{""filter_uses_distribution_key"":false,""group_by_uses_distribution_key"":false,""join_uses_distribution_key"":false,""multi_tenant_scope"":true,""order_by_uses_distribution_key"":false,""single_tenant_scope"":false,""tenant_filter_present"":false}",,balanced_williams_confirmatory,explicit_schedule,,false,3,233,false
cond-c08518b655f49020d9ab,cond-c08518b655f49020d9ab::r3,pair-49337cd3d2698fc7b5202970,pair-49337cd3d2698fc7b5202970::r3,q17_event_log_value__increase_gac_work_mem__gac_fdw_dba_topk_raw__query_shape-event_log_value__cutoff_ts-2026-06-29-00-00-00-00__limit_k-50__include_apac-True,gac_fdw_dba_topk_raw,"{""cutoff_ts"": ""2026-06-29 00:00:00+00"", ""include_apac"": true, ""limit_k"": 50, ""query_shape"": ""event_log_value""}",master-regimes/generated/corpus/confirmatory-action-replication-v1/groups/confirmatory-action-replication-v1__topology-isolation-large-n3-v1__runtime-bundle-multi-edge__analytics_clients/queries/q17_event_log_value__increase_gac_work_mem__gac_fdw_dba_topk_raw__query_shape-event_log_value__cutoff_ts-2026-06-29-00-00-00-00__limit_k-50__include_apac-True.sql,"coordinator_raw_fanin,coordinator_sort_topk",confirmatory-action-replication-v1,confirmatory-action-replication-v1,batch-confirmatory-action-replication-v1,fuzzy-intervention-memory-v1,q17_event_log_value__increase_gac_work_mem,dba_local_memory_topk,multiregion_union,gac_multi_edge,global_query,confirmatory_q17_event_log_value,topology-isolation-large-n3-v1,dba_topk_balanced_gac_mitigated,eu_us_apac_gac,final_check,combined_pressure,local_intervention_memory,mitigated,mitigated,q17_event_log_value__increase_gac_work_mem,gac_memory_increase,confirmatory_holdout,,,,,,,,increase_gac_work_mem,global_gac_mitigation_gain_log2,confirmatory_action_replication,"gac_finalization_heavy,remote_fetch_heavy",pilot,"{""fetch_size"":""high"",""wan_latency"":""high"",""work_mem"":""high""}","supports_region_partitioning,supports_large_scan","{""filter_uses_distribution_key"":false,""group_by_uses_distribution_key"":false,""join_uses_distribution_key"":false,""multi_tenant_scope"":true,""order_by_uses_distribution_key"":false,""single_tenant_scope"":false,""tenant_filter_present"":false}",,balanced_williams_confirmatory,explicit_schedule,,false,3,234,false
cond-ae6bfc74ec4b88155b46,cond-ae6bfc74ec4b88155b46::r3,pair-d1bdedaac653339a295fcf33,pair-d1bdedaac653339a295fcf33::r3,q17_event_log_value__mitigate_remote_path_bundle__gac_fdw_dba_topk_raw__query_shape-event_log_value__cutoff_ts-2026-06-29-00-00-00-00__limit_k-50__include_apac-True,gac_fdw_dba_topk_raw,"{""cutoff_ts"": ""2026-06-29 00:00:00+00"", ""include_apac"": true, ""limit_k"": 50, ""query_shape"": ""event_log_value""}",master-regimes/generated/corpus/confirmatory-action-replication-v1/groups/confirmatory-action-replication-v1__topology-isolation-large-n3-v1__runtime-bundle-multi-edge__analytics_clients/queries/q17_event_log_value__mitigate_remote_path_bundle__gac_fdw_dba_topk_raw__query_shape-event_log_value__cutoff_ts-2026-06-29-00-00-00-00__limit_k-50__include_apac-True.sql,"coordinator_raw_fanin,coordinator_sort_topk",confirmatory-action-replication-v1,confirmatory-action-replication-v1,batch-confirmatory-action-replication-v1,fuzzy-intervention-memory-v1,q17_event_log_value__mitigate_remote_path_bundle,dba_local_memory_topk,multiregion_union,gac_multi_edge,global_query,confirmatory_q17_event_log_value,topology-isolation-large-n3-v1,dba_topk_balanced_remote_mitigated,eu_us_apac_gac,final_check,combined_pressure,local_intervention_memory,mitigated,mitigated,q17_event_log_value__mitigate_remote_path_bundle,remote_transport_bundle,confirmatory_holdout,,,,,,,,mitigate_remote_path_bundle,global_gac_mitigation_gain_log2,confirmatory_action_replication,"gac_finalization_heavy,remote_fetch_heavy",pilot,"{""fetch_size"":""high"",""wan_latency"":""high"",""work_mem"":""high""}","supports_region_partitioning,supports_large_scan","{""filter_uses_distribution_key"":false,""group_by_uses_distribution_key"":false,""join_uses_distribution_key"":false,""multi_tenant_scope"":true,""order_by_uses_distribution_key"":false,""single_tenant_scope"":false,""tenant_filter_present"":false}",,balanced_williams_confirmatory,explicit_schedule,,false,3,235,false
cond-d640b35b387ab7459f6b,cond-d640b35b387ab7459f6b::r3,pair-791f99d1b18dbce9fc1472e8,pair-791f99d1b18dbce9fc1472e8::r3,q17_event_log_value__regional_topk_candidates__gac_fdw_dba_topk_regional__query_shape-event_log_value__cutoff_ts-2026-06-29-00-00-00-00__limit_k-50__include_apac-True,gac_fdw_dba_topk_regional,"{""cutoff_ts"": ""2026-06-29 00:00:00+00"", ""include_apac"": true, ""limit_k"": 50, ""query_shape"": ""event_log_value""}",master-regimes/generated/corpus/confirmatory-action-replication-v1/groups/confirmatory-action-replication-v1__topology-isolation-large-n3-v1__runtime-bundle-multi-edge__analytics_clients/queries/q17_event_log_value__regional_topk_candidates__gac_fdw_dba_topk_regional__query_shape-event_log_value__cutoff_ts-2026-06-29-00-00-00-00__limit_k-50__include_apac-True.sql,"regional_topk,coordinator_sort_topk",confirmatory-action-replication-v1,confirmatory-action-replication-v1,batch-confirmatory-action-replication-v1,fuzzy-intervention-memory-v1,q17_event_log_value__regional_topk_candidates,dba_local_memory_topk,multiregion_union,gac_multi_edge,global_query,confirmatory_q17_event_log_value,topology-isolation-large-n3-v1,dba_topk_balanced_stressed,eu_us_apac_gac,final_check,combined_pressure,local_intervention_memory,mitigated,mitigated,q17_event_log_value__regional_topk_candidates,regional_topk_candidates,confirmatory_holdout,,,,,,,,regional_topk_candidates,global_gac_mitigation_gain_log2,confirmatory_action_replication,"gac_finalization_heavy,well_reduced_localized",pilot,"{""fetch_size"":""medium"",""wan_latency"":""medium"",""work_mem"":""medium""}","supports_region_partitioning,supports_large_scan","{""filter_uses_distribution_key"":false,""group_by_uses_distribution_key"":false,""join_uses_distribution_key"":false,""multi_tenant_scope"":true,""order_by_uses_distribution_key"":false,""single_tenant_scope"":false,""tenant_filter_present"":false}",,balanced_williams_confirmatory,explicit_schedule,,false,3,236,false
cond-af05aee8f4f3a1e281ce,cond-af05aee8f4f3a1e281ce::r3,pair-f72a4f98468d2ac871e859f6,pair-f72a4f98468d2ac871e859f6::r3,q22_tenant_distinct_users__increase_gac_work_mem__gac_fdw_dba_topk_raw__query_shape-tenant_distinct_users__cutoff_ts-2026-06-27-00-00-00-00__limit_k-50__include_apac-True,gac_fdw_dba_topk_raw,"{""cutoff_ts"": ""2026-06-27 00:00:00+00"", ""include_apac"": true, ""limit_k"": 50, ""query_shape"": ""tenant_distinct_users""}",master-regimes/generated/corpus/confirmatory-action-replication-v1/groups/confirmatory-action-replication-v1__topology-isolation-large-n3-v1__runtime-bundle-multi-edge__analytics_clients/queries/q22_tenant_distinct_users__increase_gac_work_mem__gac_fdw_dba_topk_raw__query_shape-tenant_distinct_users__cutoff_ts-2026-06-27-00-00-00-00__limit_k-50__include_apac-True.sql,"coordinator_raw_fanin,coordinator_sort_topk",confirmatory-action-replication-v1,confirmatory-action-replication-v1,batch-confirmatory-action-replication-v1,fuzzy-intervention-memory-v1,q22_tenant_distinct_users__increase_gac_work_mem,dba_local_memory_topk,multiregion_union,gac_multi_edge,global_query,confirmatory_q22_tenant_distinct_users,topology-isolation-large-n3-v1,dba_topk_balanced_gac_mitigated,eu_us_apac_gac,final_check,combined_pressure,local_intervention_memory,mitigated,mitigated,q22_tenant_distinct_users__increase_gac_work_mem,gac_memory_increase,confirmatory_holdout,,,,,,,,increase_gac_work_mem,global_gac_mitigation_gain_log2,confirmatory_action_replication,"gac_finalization_heavy,remote_fetch_heavy",pilot,"{""fetch_size"":""high"",""wan_latency"":""high"",""work_mem"":""high""}","supports_region_partitioning,supports_large_scan","{""filter_uses_distribution_key"":false,""group_by_uses_distribution_key"":false,""join_uses_distribution_key"":false,""multi_tenant_scope"":true,""order_by_uses_distribution_key"":false,""single_tenant_scope"":false,""tenant_filter_present"":false}",,balanced_williams_confirmatory,explicit_schedule,,false,3,237,false
cond-5946457e5fe45602d4c9,cond-5946457e5fe45602d4c9::r3,pair-a54ea92d36592a318d7b2308,pair-a54ea92d36592a318d7b2308::r3,q22_tenant_distinct_users__regional_topk_candidates__gac_fdw_dba_topk_regional__query_shape-tenant_distinct_users__cutoff_ts-2026-06-27-00-00-00-00__limit_k-50__include_apac-True,gac_fdw_dba_topk_regional,"{""cutoff_ts"": ""2026-06-27 00:00:00+00"", ""include_apac"": true, ""limit_k"": 50, ""query_shape"": ""tenant_distinct_users""}",master-regimes/generated/corpus/confirmatory-action-replication-v1/groups/confirmatory-action-replication-v1__topology-isolation-large-n3-v1__runtime-bundle-multi-edge__analytics_clients/queries/q22_tenant_distinct_users__regional_topk_candidates__gac_fdw_dba_topk_regional__query_shape-tenant_distinct_users__cutoff_ts-2026-06-27-00-00-00-00__limit_k-50__include_apac-True.sql,"regional_topk,coordinator_sort_topk",confirmatory-action-replication-v1,confirmatory-action-replication-v1,batch-confirmatory-action-replication-v1,fuzzy-intervention-memory-v1,q22_tenant_distinct_users__regional_topk_candidates,dba_local_memory_topk,multiregion_union,gac_multi_edge,global_query,confirmatory_q22_tenant_distinct_users,topology-isolation-large-n3-v1,dba_topk_balanced_stressed,eu_us_apac_gac,final_check,combined_pressure,local_intervention_memory,mitigated,mitigated,q22_tenant_distinct_users__regional_topk_candidates,regional_topk_candidates,confirmatory_holdout,,,,,,,,regional_topk_candidates,global_gac_mitigation_gain_log2,confirmatory_action_replication,"gac_finalization_heavy,well_reduced_localized",pilot,"{""fetch_size"":""medium"",""wan_latency"":""medium"",""work_mem"":""medium""}","supports_region_partitioning,supports_large_scan","{""filter_uses_distribution_key"":false,""group_by_uses_distribution_key"":false,""join_uses_distribution_key"":false,""multi_tenant_scope"":true,""order_by_uses_distribution_key"":false,""single_tenant_scope"":false,""tenant_filter_present"":false}",,balanced_williams_confirmatory,explicit_schedule,,false,3,238,false
cond-333f20684c53a3cb86ae,cond-333f20684c53a3cb86ae::r3,pair-84b49c7fea3a65ec45d2b72f,pair-84b49c7fea3a65ec45d2b72f::r3,q22_tenant_distinct_users__baseline__gac_fdw_dba_topk_raw__query_shape-tenant_distinct_users__cutoff_ts-2026-06-27-00-00-00-00__limit_k-50__include_apac-True,gac_fdw_dba_topk_raw,"{""cutoff_ts"": ""2026-06-27 00:00:00+00"", ""include_apac"": true, ""limit_k"": 50, ""query_shape"": ""tenant_distinct_users""}",master-regimes/generated/corpus/confirmatory-action-replication-v1/groups/confirmatory-action-replication-v1__topology-isolation-large-n3-v1__runtime-bundle-multi-edge__analytics_clients/queries/q22_tenant_distinct_users__baseline__gac_fdw_dba_topk_raw__query_shape-tenant_distinct_users__cutoff_ts-2026-06-27-00-00-00-00__limit_k-50__include_apac-True.sql,"coordinator_raw_fanin,coordinator_sort_topk",confirmatory-action-replication-v1,confirmatory-action-replication-v1,batch-confirmatory-action-replication-v1,fuzzy-intervention-memory-v1,q22_tenant_distinct_users__baseline,dba_local_memory_topk,multiregion_union,gac_multi_edge,global_query,confirmatory_q22_tenant_distinct_users,topology-isolation-large-n3-v1,dba_topk_balanced_stressed,eu_us_apac_gac,final_check,combined_pressure,local_intervention_memory,stressed,stressed,q22_tenant_distinct_users__shared_baseline,gac_raw_topk,confirmatory_holdout,,,,,,,,,global_gac_mitigation_gain_log2,confirmatory_action_replication,"gac_finalization_heavy,remote_fetch_heavy",pilot,"{""fetch_size"":""high"",""wan_latency"":""high"",""work_mem"":""high""}","supports_region_partitioning,supports_large_scan","{""filter_uses_distribution_key"":false,""group_by_uses_distribution_key"":false,""join_uses_distribution_key"":false,""multi_tenant_scope"":true,""order_by_uses_distribution_key"":false,""single_tenant_scope"":false,""tenant_filter_present"":false}",,balanced_williams_confirmatory,explicit_schedule,,false,3,239,false
cond-45acff50290f701783f3,cond-45acff50290f701783f3::r3,pair-2e5b6474e54580d4292c4816,pair-2e5b6474e54580d4292c4816::r3,q22_tenant_distinct_users__mitigate_remote_path_bundle__gac_fdw_dba_topk_raw__query_shape-tenant_distinct_users__cutoff_ts-2026-06-27-00-00-00-00__limit_k-50__include_apac-True,gac_fdw_dba_topk_raw,"{""cutoff_ts"": ""2026-06-27 00:00:00+00"", ""include_apac"": true, ""limit_k"": 50, ""query_shape"": ""tenant_distinct_users""}",master-regimes/generated/corpus/confirmatory-action-replication-v1/groups/confirmatory-action-replication-v1__topology-isolation-large-n3-v1__runtime-bundle-multi-edge__analytics_clients/queries/q22_tenant_distinct_users__mitigate_remote_path_bundle__gac_fdw_dba_topk_raw__query_shape-tenant_distinct_users__cutoff_ts-2026-06-27-00-00-00-00__limit_k-50__include_apac-True.sql,"coordinator_raw_fanin,coordinator_sort_topk",confirmatory-action-replication-v1,confirmatory-action-replication-v1,batch-confirmatory-action-replication-v1,fuzzy-intervention-memory-v1,q22_tenant_distinct_users__mitigate_remote_path_bundle,dba_local_memory_topk,multiregion_union,gac_multi_edge,global_query,confirmatory_q22_tenant_distinct_users,topology-isolation-large-n3-v1,dba_topk_balanced_remote_mitigated,eu_us_apac_gac,final_check,combined_pressure,local_intervention_memory,mitigated,mitigated,q22_tenant_distinct_users__mitigate_remote_path_bundle,remote_transport_bundle,confirmatory_holdout,,,,,,,,mitigate_remote_path_bundle,global_gac_mitigation_gain_log2,confirmatory_action_replication,"gac_finalization_heavy,remote_fetch_heavy",pilot,"{""fetch_size"":""high"",""wan_latency"":""high"",""work_mem"":""high""}","supports_region_partitioning,supports_large_scan","{""filter_uses_distribution_key"":false,""group_by_uses_distribution_key"":false,""join_uses_distribution_key"":false,""multi_tenant_scope"":true,""order_by_uses_distribution_key"":false,""single_tenant_scope"":false,""tenant_filter_present"":false}",,balanced_williams_confirmatory,explicit_schedule,,false,3,240,false
cond-ffaf0f865cf7dc1409cc,cond-ffaf0f865cf7dc1409cc::r4,pair-b6d210f427bbd8cef5ac71bd,pair-b6d210f427bbd8cef5ac71bd::r4,q17_event_log_value__baseline__gac_fdw_dba_topk_raw__query_shape-event_log_value__cutoff_ts-2026-06-29-00-00-00-00__limit_k-50__include_apac-True,gac_fdw_dba_topk_raw,"{""cutoff_ts"": ""2026-06-29 00:00:00+00"", ""include_apac"": true, ""limit_k"": 50, ""query_shape"": ""event_log_value""}",master-regimes/generated/corpus/confirmatory-action-replication-v1/groups/confirmatory-action-replication-v1__topology-isolation-large-n3-v1__runtime-bundle-multi-edge__analytics_clients/queries/q17_event_log_value__baseline__gac_fdw_dba_topk_raw__query_shape-event_log_value__cutoff_ts-2026-06-29-00-00-00-00__limit_k-50__include_apac-True.sql,"coordinator_raw_fanin,coordinator_sort_topk",confirmatory-action-replication-v1,confirmatory-action-replication-v1,batch-confirmatory-action-replication-v1,fuzzy-intervention-memory-v1,q17_event_log_value__baseline,dba_local_memory_topk,multiregion_union,gac_multi_edge,global_query,confirmatory_q17_event_log_value,topology-isolation-large-n3-v1,dba_topk_balanced_stressed,eu_us_apac_gac,final_check,combined_pressure,local_intervention_memory,stressed,stressed,q17_event_log_value__shared_baseline,gac_raw_topk,confirmatory_holdout,,,,,,,,,global_gac_mitigation_gain_log2,confirmatory_action_replication,"gac_finalization_heavy,remote_fetch_heavy",pilot,"{""fetch_size"":""high"",""wan_latency"":""high"",""work_mem"":""high""}","supports_region_partitioning,supports_large_scan","{""filter_uses_distribution_key"":false,""group_by_uses_distribution_key"":false,""join_uses_distribution_key"":false,""multi_tenant_scope"":true,""order_by_uses_distribution_key"":false,""single_tenant_scope"":false,""tenant_filter_present"":false}",,balanced_williams_confirmatory,explicit_schedule,,false,4,241,false
cond-c08518b655f49020d9ab,cond-c08518b655f49020d9ab::r4,pair-49337cd3d2698fc7b5202970,pair-49337cd3d2698fc7b5202970::r4,q17_event_log_value__increase_gac_work_mem__gac_fdw_dba_topk_raw__query_shape-event_log_value__cutoff_ts-2026-06-29-00-00-00-00__limit_k-50__include_apac-True,gac_fdw_dba_topk_raw,"{""cutoff_ts"": ""2026-06-29 00:00:00+00"", ""include_apac"": true, ""limit_k"": 50, ""query_shape"": ""event_log_value""}",master-regimes/generated/corpus/confirmatory-action-replication-v1/groups/confirmatory-action-replication-v1__topology-isolation-large-n3-v1__runtime-bundle-multi-edge__analytics_clients/queries/q17_event_log_value__increase_gac_work_mem__gac_fdw_dba_topk_raw__query_shape-event_log_value__cutoff_ts-2026-06-29-00-00-00-00__limit_k-50__include_apac-True.sql,"coordinator_raw_fanin,coordinator_sort_topk",confirmatory-action-replication-v1,confirmatory-action-replication-v1,batch-confirmatory-action-replication-v1,fuzzy-intervention-memory-v1,q17_event_log_value__increase_gac_work_mem,dba_local_memory_topk,multiregion_union,gac_multi_edge,global_query,confirmatory_q17_event_log_value,topology-isolation-large-n3-v1,dba_topk_balanced_gac_mitigated,eu_us_apac_gac,final_check,combined_pressure,local_intervention_memory,mitigated,mitigated,q17_event_log_value__increase_gac_work_mem,gac_memory_increase,confirmatory_holdout,,,,,,,,increase_gac_work_mem,global_gac_mitigation_gain_log2,confirmatory_action_replication,"gac_finalization_heavy,remote_fetch_heavy",pilot,"{""fetch_size"":""high"",""wan_latency"":""high"",""work_mem"":""high""}","supports_region_partitioning,supports_large_scan","{""filter_uses_distribution_key"":false,""group_by_uses_distribution_key"":false,""join_uses_distribution_key"":false,""multi_tenant_scope"":true,""order_by_uses_distribution_key"":false,""single_tenant_scope"":false,""tenant_filter_present"":false}",,balanced_williams_confirmatory,explicit_schedule,,false,4,242,false
cond-ae6bfc74ec4b88155b46,cond-ae6bfc74ec4b88155b46::r4,pair-d1bdedaac653339a295fcf33,pair-d1bdedaac653339a295fcf33::r4,q17_event_log_value__mitigate_remote_path_bundle__gac_fdw_dba_topk_raw__query_shape-event_log_value__cutoff_ts-2026-06-29-00-00-00-00__limit_k-50__include_apac-True,gac_fdw_dba_topk_raw,"{""cutoff_ts"": ""2026-06-29 00:00:00+00"", ""include_apac"": true, ""limit_k"": 50, ""query_shape"": ""event_log_value""}",master-regimes/generated/corpus/confirmatory-action-replication-v1/groups/confirmatory-action-replication-v1__topology-isolation-large-n3-v1__runtime-bundle-multi-edge__analytics_clients/queries/q17_event_log_value__mitigate_remote_path_bundle__gac_fdw_dba_topk_raw__query_shape-event_log_value__cutoff_ts-2026-06-29-00-00-00-00__limit_k-50__include_apac-True.sql,"coordinator_raw_fanin,coordinator_sort_topk",confirmatory-action-replication-v1,confirmatory-action-replication-v1,batch-confirmatory-action-replication-v1,fuzzy-intervention-memory-v1,q17_event_log_value__mitigate_remote_path_bundle,dba_local_memory_topk,multiregion_union,gac_multi_edge,global_query,confirmatory_q17_event_log_value,topology-isolation-large-n3-v1,dba_topk_balanced_remote_mitigated,eu_us_apac_gac,final_check,combined_pressure,local_intervention_memory,mitigated,mitigated,q17_event_log_value__mitigate_remote_path_bundle,remote_transport_bundle,confirmatory_holdout,,,,,,,,mitigate_remote_path_bundle,global_gac_mitigation_gain_log2,confirmatory_action_replication,"gac_finalization_heavy,remote_fetch_heavy",pilot,"{""fetch_size"":""high"",""wan_latency"":""high"",""work_mem"":""high""}","supports_region_partitioning,supports_large_scan","{""filter_uses_distribution_key"":false,""group_by_uses_distribution_key"":false,""join_uses_distribution_key"":false,""multi_tenant_scope"":true,""order_by_uses_distribution_key"":false,""single_tenant_scope"":false,""tenant_filter_present"":false}",,balanced_williams_confirmatory,explicit_schedule,,false,4,243,false
cond-d640b35b387ab7459f6b,cond-d640b35b387ab7459f6b::r4,pair-791f99d1b18dbce9fc1472e8,pair-791f99d1b18dbce9fc1472e8::r4,q17_event_log_value__regional_topk_candidates__gac_fdw_dba_topk_regional__query_shape-event_log_value__cutoff_ts-2026-06-29-00-00-00-00__limit_k-50__include_apac-True,gac_fdw_dba_topk_regional,"{""cutoff_ts"": ""2026-06-29 00:00:00+00"", ""include_apac"": true, ""limit_k"": 50, ""query_shape"": ""event_log_value""}",master-regimes/generated/corpus/confirmatory-action-replication-v1/groups/confirmatory-action-replication-v1__topology-isolation-large-n3-v1__runtime-bundle-multi-edge__analytics_clients/queries/q17_event_log_value__regional_topk_candidates__gac_fdw_dba_topk_regional__query_shape-event_log_value__cutoff_ts-2026-06-29-00-00-00-00__limit_k-50__include_apac-True.sql,"regional_topk,coordinator_sort_topk",confirmatory-action-replication-v1,confirmatory-action-replication-v1,batch-confirmatory-action-replication-v1,fuzzy-intervention-memory-v1,q17_event_log_value__regional_topk_candidates,dba_local_memory_topk,multiregion_union,gac_multi_edge,global_query,confirmatory_q17_event_log_value,topology-isolation-large-n3-v1,dba_topk_balanced_stressed,eu_us_apac_gac,final_check,combined_pressure,local_intervention_memory,mitigated,mitigated,q17_event_log_value__regional_topk_candidates,regional_topk_candidates,confirmatory_holdout,,,,,,,,regional_topk_candidates,global_gac_mitigation_gain_log2,confirmatory_action_replication,"gac_finalization_heavy,well_reduced_localized",pilot,"{""fetch_size"":""medium"",""wan_latency"":""medium"",""work_mem"":""medium""}","supports_region_partitioning,supports_large_scan","{""filter_uses_distribution_key"":false,""group_by_uses_distribution_key"":false,""join_uses_distribution_key"":false,""multi_tenant_scope"":true,""order_by_uses_distribution_key"":false,""single_tenant_scope"":false,""tenant_filter_present"":false}",,balanced_williams_confirmatory,explicit_schedule,,false,4,244,false
cond-c10c256b51a09fd89b2c,cond-c10c256b51a09fd89b2c::r4,pair-6123cf1bee094e59e21912e1,pair-6123cf1bee094e59e21912e1::r4,q18_event_recent_high_value__increase_gac_work_mem__gac_fdw_dba_topk_raw__query_shape-event_recent_high_value__cutoff_ts-2026-06-27-00-00-00-00__limit_k-100__include_apac-True,gac_fdw_dba_topk_raw,"{""cutoff_ts"": ""2026-06-27 00:00:00+00"", ""include_apac"": true, ""limit_k"": 100, ""query_shape"": ""event_recent_high_value""}",master-regimes/generated/corpus/confirmatory-action-replication-v1/groups/confirmatory-action-replication-v1__topology-isolation-large-n3-v1__runtime-bundle-multi-edge__analytics_clients/queries/q18_event_recent_high_value__increase_gac_work_mem__gac_fdw_dba_topk_raw__query_shape-event_recent_high_value__cutoff_ts-2026-06-27-00-00-00-00__limit_k-100__include_apac-True.sql,"coordinator_raw_fanin,coordinator_sort_topk",confirmatory-action-replication-v1,confirmatory-action-replication-v1,batch-confirmatory-action-replication-v1,fuzzy-intervention-memory-v1,q18_event_recent_high_value__increase_gac_work_mem,dba_local_memory_topk,multiregion_union,gac_multi_edge,global_query,confirmatory_q18_event_recent_high_value,topology-isolation-large-n3-v1,dba_topk_balanced_gac_mitigated,eu_us_apac_gac,final_check,combined_pressure,local_intervention_memory,mitigated,mitigated,q18_event_recent_high_value__increase_gac_work_mem,gac_memory_increase,confirmatory_holdout,,,,,,,,increase_gac_work_mem,global_gac_mitigation_gain_log2,confirmatory_action_replication,"gac_finalization_heavy,remote_fetch_heavy",pilot,"{""fetch_size"":""high"",""wan_latency"":""high"",""work_mem"":""high""}","supports_region_partitioning,supports_large_scan","{""filter_uses_distribution_key"":false,""group_by_uses_distribution_key"":false,""join_uses_distribution_key"":false,""multi_tenant_scope"":true,""order_by_uses_distribution_key"":false,""single_tenant_scope"":false,""tenant_filter_present"":false}",,balanced_williams_confirmatory,explicit_schedule,,false,4,245,false
cond-4d8790fa36869b64198e,cond-4d8790fa36869b64198e::r4,pair-a58e81873b8264863f339f00,pair-a58e81873b8264863f339f00::r4,q18_event_recent_high_value__regional_topk_candidates__gac_fdw_dba_topk_regional__query_shape-event_recent_high_value__cutoff_ts-2026-06-27-00-00-00-00__limit_k-100__include_apac-True,gac_fdw_dba_topk_regional,"{""cutoff_ts"": ""2026-06-27 00:00:00+00"", ""include_apac"": true, ""limit_k"": 100, ""query_shape"": ""event_recent_high_value""}",master-regimes/generated/corpus/confirmatory-action-replication-v1/groups/confirmatory-action-replication-v1__topology-isolation-large-n3-v1__runtime-bundle-multi-edge__analytics_clients/queries/q18_event_recent_high_value__regional_topk_candidates__gac_fdw_dba_topk_regional__query_shape-event_recent_high_value__cutoff_ts-2026-06-27-00-00-00-00__limit_k-100__include_apac-True.sql,"regional_topk,coordinator_sort_topk",confirmatory-action-replication-v1,confirmatory-action-replication-v1,batch-confirmatory-action-replication-v1,fuzzy-intervention-memory-v1,q18_event_recent_high_value__regional_topk_candidates,dba_local_memory_topk,multiregion_union,gac_multi_edge,global_query,confirmatory_q18_event_recent_high_value,topology-isolation-large-n3-v1,dba_topk_balanced_stressed,eu_us_apac_gac,final_check,combined_pressure,local_intervention_memory,mitigated,mitigated,q18_event_recent_high_value__regional_topk_candidates,regional_topk_candidates,confirmatory_holdout,,,,,,,,regional_topk_candidates,global_gac_mitigation_gain_log2,confirmatory_action_replication,"gac_finalization_heavy,well_reduced_localized",pilot,"{""fetch_size"":""medium"",""wan_latency"":""medium"",""work_mem"":""medium""}","supports_region_partitioning,supports_large_scan","{""filter_uses_distribution_key"":false,""group_by_uses_distribution_key"":false,""join_uses_distribution_key"":false,""multi_tenant_scope"":true,""order_by_uses_distribution_key"":false,""single_tenant_scope"":false,""tenant_filter_present"":false}",,balanced_williams_confirmatory,explicit_schedule,,false,4,246,false
cond-38a3f871fc3298a9853c,cond-38a3f871fc3298a9853c::r4,pair-ab65e63da9e807e82f18297f,pair-ab65e63da9e807e82f18297f::r4,q18_event_recent_high_value__baseline__gac_fdw_dba_topk_raw__query_shape-event_recent_high_value__cutoff_ts-2026-06-27-00-00-00-00__limit_k-100__include_apac-True,gac_fdw_dba_topk_raw,"{""cutoff_ts"": ""2026-06-27 00:00:00+00"", ""include_apac"": true, ""limit_k"": 100, ""query_shape"": ""event_recent_high_value""}",master-regimes/generated/corpus/confirmatory-action-replication-v1/groups/confirmatory-action-replication-v1__topology-isolation-large-n3-v1__runtime-bundle-multi-edge__analytics_clients/queries/q18_event_recent_high_value__baseline__gac_fdw_dba_topk_raw__query_shape-event_recent_high_value__cutoff_ts-2026-06-27-00-00-00-00__limit_k-100__include_apac-True.sql,"coordinator_raw_fanin,coordinator_sort_topk",confirmatory-action-replication-v1,confirmatory-action-replication-v1,batch-confirmatory-action-replication-v1,fuzzy-intervention-memory-v1,q18_event_recent_high_value__baseline,dba_local_memory_topk,multiregion_union,gac_multi_edge,global_query,confirmatory_q18_event_recent_high_value,topology-isolation-large-n3-v1,dba_topk_balanced_stressed,eu_us_apac_gac,final_check,combined_pressure,local_intervention_memory,stressed,stressed,q18_event_recent_high_value__shared_baseline,gac_raw_topk,confirmatory_holdout,,,,,,,,,global_gac_mitigation_gain_log2,confirmatory_action_replication,"gac_finalization_heavy,remote_fetch_heavy",pilot,"{""fetch_size"":""high"",""wan_latency"":""high"",""work_mem"":""high""}","supports_region_partitioning,supports_large_scan","{""filter_uses_distribution_key"":false,""group_by_uses_distribution_key"":false,""join_uses_distribution_key"":false,""multi_tenant_scope"":true,""order_by_uses_distribution_key"":false,""single_tenant_scope"":false,""tenant_filter_present"":false}",,balanced_williams_confirmatory,explicit_schedule,,false,4,247,false
cond-0c42c10f372ba8c3c4ed,cond-0c42c10f372ba8c3c4ed::r4,pair-7e66c7ea525d8b50297d3362,pair-7e66c7ea525d8b50297d3362::r4,q18_event_recent_high_value__mitigate_remote_path_bundle__gac_fdw_dba_topk_raw__query_shape-event_recent_high_value__cutoff_ts-2026-06-27-00-00-00-00__limit_k-100__include_apac-True,gac_fdw_dba_topk_raw,"{""cutoff_ts"": ""2026-06-27 00:00:00+00"", ""include_apac"": true, ""limit_k"": 100, ""query_shape"": ""event_recent_high_value""}",master-regimes/generated/corpus/confirmatory-action-replication-v1/groups/confirmatory-action-replication-v1__topology-isolation-large-n3-v1__runtime-bundle-multi-edge__analytics_clients/queries/q18_event_recent_high_value__mitigate_remote_path_bundle__gac_fdw_dba_topk_raw__query_shape-event_recent_high_value__cutoff_ts-2026-06-27-00-00-00-00__limit_k-100__include_apac-True.sql,"coordinator_raw_fanin,coordinator_sort_topk",confirmatory-action-replication-v1,confirmatory-action-replication-v1,batch-confirmatory-action-replication-v1,fuzzy-intervention-memory-v1,q18_event_recent_high_value__mitigate_remote_path_bundle,dba_local_memory_topk,multiregion_union,gac_multi_edge,global_query,confirmatory_q18_event_recent_high_value,topology-isolation-large-n3-v1,dba_topk_balanced_remote_mitigated,eu_us_apac_gac,final_check,combined_pressure,local_intervention_memory,mitigated,mitigated,q18_event_recent_high_value__mitigate_remote_path_bundle,remote_transport_bundle,confirmatory_holdout,,,,,,,,mitigate_remote_path_bundle,global_gac_mitigation_gain_log2,confirmatory_action_replication,"gac_finalization_heavy,remote_fetch_heavy",pilot,"{""fetch_size"":""high"",""wan_latency"":""high"",""work_mem"":""high""}","supports_region_partitioning,supports_large_scan","{""filter_uses_distribution_key"":false,""group_by_uses_distribution_key"":false,""join_uses_distribution_key"":false,""multi_tenant_scope"":true,""order_by_uses_distribution_key"":false,""single_tenant_scope"":false,""tenant_filter_present"":false}",,balanced_williams_confirmatory,explicit_schedule,,false,4,248,false
cond-ef17f7aa2b5811d0873a,cond-ef17f7aa2b5811d0873a::r4,pair-bc425a611b513e51ff08bb23,pair-bc425a611b513e51ff08bb23::r4,q27_user_sum__regional_topk_candidates__gac_fdw_dba_topk_regional__query_shape-user_sum__cutoff_ts-2026-06-29-00-00-00-00__limit_k-50__include_apac-True,gac_fdw_dba_topk_regional,"{""cutoff_ts"": ""2026-06-29 00:00:00+00"", ""include_apac"": true, ""limit_k"": 50, ""query_shape"": ""user_sum""}",master-regimes/generated/corpus/confirmatory-action-replication-v1/groups/confirmatory-action-replication-v1__topology-isolation-large-n3-v1__runtime-bundle-multi-edge__analytics_clients/queries/q27_user_sum__regional_topk_candidates__gac_fdw_dba_topk_regional__query_shape-user_sum__cutoff_ts-2026-06-29-00-00-00-00__limit_k-50__include_apac-True.sql,"regional_topk,coordinator_sort_topk",confirmatory-action-replication-v1,confirmatory-action-replication-v1,batch-confirmatory-action-replication-v1,fuzzy-intervention-memory-v1,q27_user_sum__regional_topk_candidates,dba_local_memory_topk,multiregion_union,gac_multi_edge,global_query,confirmatory_q27_user_sum,topology-isolation-large-n3-v1,dba_topk_balanced_stressed,eu_us_apac_gac,final_check,combined_pressure,local_intervention_memory,mitigated,mitigated,q27_user_sum__regional_topk_candidates,regional_topk_candidates,confirmatory_holdout,,,,,,,,regional_topk_candidates,global_gac_mitigation_gain_log2,confirmatory_action_replication,"gac_finalization_heavy,well_reduced_localized",pilot,"{""fetch_size"":""medium"",""wan_latency"":""medium"",""work_mem"":""medium""}","supports_region_partitioning,supports_large_scan","{""filter_uses_distribution_key"":false,""group_by_uses_distribution_key"":false,""join_uses_distribution_key"":false,""multi_tenant_scope"":true,""order_by_uses_distribution_key"":false,""single_tenant_scope"":false,""tenant_filter_present"":false}",,balanced_williams_confirmatory,explicit_schedule,,false,4,249,false
cond-f90916670f1125d505bb,cond-f90916670f1125d505bb::r4,pair-b7ea628951097147fd7cf3b5,pair-b7ea628951097147fd7cf3b5::r4,q27_user_sum__mitigate_remote_path_bundle__gac_fdw_dba_topk_raw__query_shape-user_sum__cutoff_ts-2026-06-29-00-00-00-00__limit_k-50__include_apac-True,gac_fdw_dba_topk_raw,"{""cutoff_ts"": ""2026-06-29 00:00:00+00"", ""include_apac"": true, ""limit_k"": 50, ""query_shape"": ""user_sum""}",master-regimes/generated/corpus/confirmatory-action-replication-v1/groups/confirmatory-action-replication-v1__topology-isolation-large-n3-v1__runtime-bundle-multi-edge__analytics_clients/queries/q27_user_sum__mitigate_remote_path_bundle__gac_fdw_dba_topk_raw__query_shape-user_sum__cutoff_ts-2026-06-29-00-00-00-00__limit_k-50__include_apac-True.sql,"coordinator_raw_fanin,coordinator_sort_topk",confirmatory-action-replication-v1,confirmatory-action-replication-v1,batch-confirmatory-action-replication-v1,fuzzy-intervention-memory-v1,q27_user_sum__mitigate_remote_path_bundle,dba_local_memory_topk,multiregion_union,gac_multi_edge,global_query,confirmatory_q27_user_sum,topology-isolation-large-n3-v1,dba_topk_balanced_remote_mitigated,eu_us_apac_gac,final_check,combined_pressure,local_intervention_memory,mitigated,mitigated,q27_user_sum__mitigate_remote_path_bundle,remote_transport_bundle,confirmatory_holdout,,,,,,,,mitigate_remote_path_bundle,global_gac_mitigation_gain_log2,confirmatory_action_replication,"gac_finalization_heavy,remote_fetch_heavy",pilot,"{""fetch_size"":""high"",""wan_latency"":""high"",""work_mem"":""high""}","supports_region_partitioning,supports_large_scan","{""filter_uses_distribution_key"":false,""group_by_uses_distribution_key"":false,""join_uses_distribution_key"":false,""multi_tenant_scope"":true,""order_by_uses_distribution_key"":false,""single_tenant_scope"":false,""tenant_filter_present"":false}",,balanced_williams_confirmatory,explicit_schedule,,false,4,250,false
cond-416644b0da6a48c2b9b7,cond-416644b0da6a48c2b9b7::r4,pair-a3d66a34901044d1a6e3590e,pair-a3d66a34901044d1a6e3590e::r4,q27_user_sum__increase_gac_work_mem__gac_fdw_dba_topk_raw__query_shape-user_sum__cutoff_ts-2026-06-29-00-00-00-00__limit_k-50__include_apac-True,gac_fdw_dba_topk_raw,"{""cutoff_ts"": ""2026-06-29 00:00:00+00"", ""include_apac"": true, ""limit_k"": 50, ""query_shape"": ""user_sum""}",master-regimes/generated/corpus/confirmatory-action-replication-v1/groups/confirmatory-action-replication-v1__topology-isolation-large-n3-v1__runtime-bundle-multi-edge__analytics_clients/queries/q27_user_sum__increase_gac_work_mem__gac_fdw_dba_topk_raw__query_shape-user_sum__cutoff_ts-2026-06-29-00-00-00-00__limit_k-50__include_apac-True.sql,"coordinator_raw_fanin,coordinator_sort_topk",confirmatory-action-replication-v1,confirmatory-action-replication-v1,batch-confirmatory-action-replication-v1,fuzzy-intervention-memory-v1,q27_user_sum__increase_gac_work_mem,dba_local_memory_topk,multiregion_union,gac_multi_edge,global_query,confirmatory_q27_user_sum,topology-isolation-large-n3-v1,dba_topk_balanced_gac_mitigated,eu_us_apac_gac,final_check,combined_pressure,local_intervention_memory,mitigated,mitigated,q27_user_sum__increase_gac_work_mem,gac_memory_increase,confirmatory_holdout,,,,,,,,increase_gac_work_mem,global_gac_mitigation_gain_log2,confirmatory_action_replication,"gac_finalization_heavy,remote_fetch_heavy",pilot,"{""fetch_size"":""high"",""wan_latency"":""high"",""work_mem"":""high""}","supports_region_partitioning,supports_large_scan","{""filter_uses_distribution_key"":false,""group_by_uses_distribution_key"":false,""join_uses_distribution_key"":false,""multi_tenant_scope"":true,""order_by_uses_distribution_key"":false,""single_tenant_scope"":false,""tenant_filter_present"":false}",,balanced_williams_confirmatory,explicit_schedule,,false,4,251,false
cond-72bd6c176bb9592b27fa,cond-72bd6c176bb9592b27fa::r4,pair-4711c69cab926c15c3fc7e8d,pair-4711c69cab926c15c3fc7e8d::r4,q27_user_sum__baseline__gac_fdw_dba_topk_raw__query_shape-user_sum__cutoff_ts-2026-06-29-00-00-00-00__limit_k-50__include_apac-True,gac_fdw_dba_topk_raw,"{""cutoff_ts"": ""2026-06-29 00:00:00+00"", ""include_apac"": true, ""limit_k"": 50, ""query_shape"": ""user_sum""}",master-regimes/generated/corpus/confirmatory-action-replication-v1/groups/confirmatory-action-replication-v1__topology-isolation-large-n3-v1__runtime-bundle-multi-edge__analytics_clients/queries/q27_user_sum__baseline__gac_fdw_dba_topk_raw__query_shape-user_sum__cutoff_ts-2026-06-29-00-00-00-00__limit_k-50__include_apac-True.sql,"coordinator_raw_fanin,coordinator_sort_topk",confirmatory-action-replication-v1,confirmatory-action-replication-v1,batch-confirmatory-action-replication-v1,fuzzy-intervention-memory-v1,q27_user_sum__baseline,dba_local_memory_topk,multiregion_union,gac_multi_edge,global_query,confirmatory_q27_user_sum,topology-isolation-large-n3-v1,dba_topk_balanced_stressed,eu_us_apac_gac,final_check,combined_pressure,local_intervention_memory,stressed,stressed,q27_user_sum__shared_baseline,gac_raw_topk,confirmatory_holdout,,,,,,,,,global_gac_mitigation_gain_log2,confirmatory_action_replication,"gac_finalization_heavy,remote_fetch_heavy",pilot,"{""fetch_size"":""high"",""wan_latency"":""high"",""work_mem"":""high""}","supports_region_partitioning,supports_large_scan","{""filter_uses_distribution_key"":false,""group_by_uses_distribution_key"":false,""join_uses_distribution_key"":false,""multi_tenant_scope"":true,""order_by_uses_distribution_key"":false,""single_tenant_scope"":false,""tenant_filter_present"":false}",,balanced_williams_confirmatory,explicit_schedule,,false,4,252,false
cond-e080cd6be4eb1bdee62a,cond-e080cd6be4eb1bdee62a::r4,pair-48512a64612dc8749d4f6929,pair-48512a64612dc8749d4f6929::r4,q19_event_old_low_value__mitigate_remote_path_bundle__gac_fdw_dba_topk_raw__query_shape-event_old_low_value__cutoff_ts-2026-06-24-00-00-00-00__limit_k-250__include_apac-True,gac_fdw_dba_topk_raw,"{""cutoff_ts"": ""2026-06-24 00:00:00+00"", ""include_apac"": true, ""limit_k"": 250, ""query_shape"": ""event_old_low_value""}",master-regimes/generated/corpus/confirmatory-action-replication-v1/groups/confirmatory-action-replication-v1__topology-isolation-large-n3-v1__runtime-bundle-multi-edge__analytics_clients/queries/q19_event_old_low_value__mitigate_remote_path_bundle__gac_fdw_dba_topk_raw__query_shape-event_old_low_value__cutoff_ts-2026-06-24-00-00-00-00__limit_k-250__include_apac-True.sql,"coordinator_raw_fanin,coordinator_sort_topk",confirmatory-action-replication-v1,confirmatory-action-replication-v1,batch-confirmatory-action-replication-v1,fuzzy-intervention-memory-v1,q19_event_old_low_value__mitigate_remote_path_bundle,dba_local_memory_topk,multiregion_union,gac_multi_edge,global_query,confirmatory_q19_event_old_low_value,topology-isolation-large-n3-v1,dba_topk_balanced_remote_mitigated,eu_us_apac_gac,final_check,combined_pressure,local_intervention_memory,mitigated,mitigated,q19_event_old_low_value__mitigate_remote_path_bundle,remote_transport_bundle,confirmatory_holdout,,,,,,,,mitigate_remote_path_bundle,global_gac_mitigation_gain_log2,confirmatory_action_replication,"gac_finalization_heavy,remote_fetch_heavy",pilot,"{""fetch_size"":""high"",""wan_latency"":""high"",""work_mem"":""high""}","supports_region_partitioning,supports_large_scan","{""filter_uses_distribution_key"":false,""group_by_uses_distribution_key"":false,""join_uses_distribution_key"":false,""multi_tenant_scope"":true,""order_by_uses_distribution_key"":false,""single_tenant_scope"":false,""tenant_filter_present"":false}",,balanced_williams_confirmatory,explicit_schedule,,false,4,253,false
cond-dc01acff6e758d390b4a,cond-dc01acff6e758d390b4a::r4,pair-05c2294075e5febb2ac80986,pair-05c2294075e5febb2ac80986::r4,q19_event_old_low_value__baseline__gac_fdw_dba_topk_raw__query_shape-event_old_low_value__cutoff_ts-2026-06-24-00-00-00-00__limit_k-250__include_apac-True,gac_fdw_dba_topk_raw,"{""cutoff_ts"": ""2026-06-24 00:00:00+00"", ""include_apac"": true, ""limit_k"": 250, ""query_shape"": ""event_old_low_value""}",master-regimes/generated/corpus/confirmatory-action-replication-v1/groups/confirmatory-action-replication-v1__topology-isolation-large-n3-v1__runtime-bundle-multi-edge__analytics_clients/queries/q19_event_old_low_value__baseline__gac_fdw_dba_topk_raw__query_shape-event_old_low_value__cutoff_ts-2026-06-24-00-00-00-00__limit_k-250__include_apac-True.sql,"coordinator_raw_fanin,coordinator_sort_topk",confirmatory-action-replication-v1,confirmatory-action-replication-v1,batch-confirmatory-action-replication-v1,fuzzy-intervention-memory-v1,q19_event_old_low_value__baseline,dba_local_memory_topk,multiregion_union,gac_multi_edge,global_query,confirmatory_q19_event_old_low_value,topology-isolation-large-n3-v1,dba_topk_balanced_stressed,eu_us_apac_gac,final_check,combined_pressure,local_intervention_memory,stressed,stressed,q19_event_old_low_value__shared_baseline,gac_raw_topk,confirmatory_holdout,,,,,,,,,global_gac_mitigation_gain_log2,confirmatory_action_replication,"gac_finalization_heavy,remote_fetch_heavy",pilot,"{""fetch_size"":""high"",""wan_latency"":""high"",""work_mem"":""high""}","supports_region_partitioning,supports_large_scan","{""filter_uses_distribution_key"":false,""group_by_uses_distribution_key"":false,""join_uses_distribution_key"":false,""multi_tenant_scope"":true,""order_by_uses_distribution_key"":false,""single_tenant_scope"":false,""tenant_filter_present"":false}",,balanced_williams_confirmatory,explicit_schedule,,false,4,254,false
cond-d1bf7e08b663c3f91ac6,cond-d1bf7e08b663c3f91ac6::r4,pair-98b704f4defbbbb407767c07,pair-98b704f4defbbbb407767c07::r4,q19_event_old_low_value__regional_topk_candidates__gac_fdw_dba_topk_regional__query_shape-event_old_low_value__cutoff_ts-2026-06-24-00-00-00-00__limit_k-250__include_apac-True,gac_fdw_dba_topk_regional,"{""cutoff_ts"": ""2026-06-24 00:00:00+00"", ""include_apac"": true, ""limit_k"": 250, ""query_shape"": ""event_old_low_value""}",master-regimes/generated/corpus/confirmatory-action-replication-v1/groups/confirmatory-action-replication-v1__topology-isolation-large-n3-v1__runtime-bundle-multi-edge__analytics_clients/queries/q19_event_old_low_value__regional_topk_candidates__gac_fdw_dba_topk_regional__query_shape-event_old_low_value__cutoff_ts-2026-06-24-00-00-00-00__limit_k-250__include_apac-True.sql,"regional_topk,coordinator_sort_topk",confirmatory-action-replication-v1,confirmatory-action-replication-v1,batch-confirmatory-action-replication-v1,fuzzy-intervention-memory-v1,q19_event_old_low_value__regional_topk_candidates,dba_local_memory_topk,multiregion_union,gac_multi_edge,global_query,confirmatory_q19_event_old_low_value,topology-isolation-large-n3-v1,dba_topk_balanced_stressed,eu_us_apac_gac,final_check,combined_pressure,local_intervention_memory,mitigated,mitigated,q19_event_old_low_value__regional_topk_candidates,regional_topk_candidates,confirmatory_holdout,,,,,,,,regional_topk_candidates,global_gac_mitigation_gain_log2,confirmatory_action_replication,"gac_finalization_heavy,well_reduced_localized",pilot,"{""fetch_size"":""medium"",""wan_latency"":""medium"",""work_mem"":""medium""}","supports_region_partitioning,supports_large_scan","{""filter_uses_distribution_key"":false,""group_by_uses_distribution_key"":false,""join_uses_distribution_key"":false,""multi_tenant_scope"":true,""order_by_uses_distribution_key"":false,""single_tenant_scope"":false,""tenant_filter_present"":false}",,balanced_williams_confirmatory,explicit_schedule,,false,4,255,false
cond-ebc858113b618f505d31,cond-ebc858113b618f505d31::r4,pair-28bc7a9bd2dcbea6f92cb83d,pair-28bc7a9bd2dcbea6f92cb83d::r4,q19_event_old_low_value__increase_gac_work_mem__gac_fdw_dba_topk_raw__query_shape-event_old_low_value__cutoff_ts-2026-06-24-00-00-00-00__limit_k-250__include_apac-True,gac_fdw_dba_topk_raw,"{""cutoff_ts"": ""2026-06-24 00:00:00+00"", ""include_apac"": true, ""limit_k"": 250, ""query_shape"": ""event_old_low_value""}",master-regimes/generated/corpus/confirmatory-action-replication-v1/groups/confirmatory-action-replication-v1__topology-isolation-large-n3-v1__runtime-bundle-multi-edge__analytics_clients/queries/q19_event_old_low_value__increase_gac_work_mem__gac_fdw_dba_topk_raw__query_shape-event_old_low_value__cutoff_ts-2026-06-24-00-00-00-00__limit_k-250__include_apac-True.sql,"coordinator_raw_fanin,coordinator_sort_topk",confirmatory-action-replication-v1,confirmatory-action-replication-v1,batch-confirmatory-action-replication-v1,fuzzy-intervention-memory-v1,q19_event_old_low_value__increase_gac_work_mem,dba_local_memory_topk,multiregion_union,gac_multi_edge,global_query,confirmatory_q19_event_old_low_value,topology-isolation-large-n3-v1,dba_topk_balanced_gac_mitigated,eu_us_apac_gac,final_check,combined_pressure,local_intervention_memory,mitigated,mitigated,q19_event_old_low_value__increase_gac_work_mem,gac_memory_increase,confirmatory_holdout,,,,,,,,increase_gac_work_mem,global_gac_mitigation_gain_log2,confirmatory_action_replication,"gac_finalization_heavy,remote_fetch_heavy",pilot,"{""fetch_size"":""high"",""wan_latency"":""high"",""work_mem"":""high""}","supports_region_partitioning,supports_large_scan","{""filter_uses_distribution_key"":false,""group_by_uses_distribution_key"":false,""join_uses_distribution_key"":false,""multi_tenant_scope"":true,""order_by_uses_distribution_key"":false,""single_tenant_scope"":false,""tenant_filter_present"":false}",,balanced_williams_confirmatory,explicit_schedule,,false,4,256,false
cond-5d0ef16459bfd07544ef,cond-5d0ef16459bfd07544ef::r4,pair-83d45a2f2e76b683cba526c2,pair-83d45a2f2e76b683cba526c2::r4,q30_user_day_sum__baseline__gac_fdw_dba_topk_raw__query_shape-user_day_sum__cutoff_ts-2026-06-30-00-00-00-00__limit_k-500__include_apac-True,gac_fdw_dba_topk_raw,"{""cutoff_ts"": ""2026-06-30 00:00:00+00"", ""include_apac"": true, ""limit_k"": 500, ""query_shape"": ""user_day_sum""}",master-regimes/generated/corpus/confirmatory-action-replication-v1/groups/confirmatory-action-replication-v1__topology-isolation-large-n3-v1__runtime-bundle-multi-edge__analytics_clients/queries/q30_user_day_sum__baseline__gac_fdw_dba_topk_raw__query_shape-user_day_sum__cutoff_ts-2026-06-30-00-00-00-00__limit_k-500__include_apac-True.sql,"coordinator_raw_fanin,coordinator_sort_topk",confirmatory-action-replication-v1,confirmatory-action-replication-v1,batch-confirmatory-action-replication-v1,fuzzy-intervention-memory-v1,q30_user_day_sum__baseline,dba_local_memory_topk,multiregion_union,gac_multi_edge,global_query,confirmatory_q30_user_day_sum,topology-isolation-large-n3-v1,dba_topk_balanced_stressed,eu_us_apac_gac,final_check,combined_pressure,local_intervention_memory,stressed,stressed,q30_user_day_sum__shared_baseline,gac_raw_topk,confirmatory_holdout,,,,,,,,,global_gac_mitigation_gain_log2,confirmatory_action_replication,"gac_finalization_heavy,remote_fetch_heavy",pilot,"{""fetch_size"":""high"",""wan_latency"":""high"",""work_mem"":""high""}","supports_region_partitioning,supports_large_scan","{""filter_uses_distribution_key"":false,""group_by_uses_distribution_key"":false,""join_uses_distribution_key"":false,""multi_tenant_scope"":true,""order_by_uses_distribution_key"":false,""single_tenant_scope"":false,""tenant_filter_present"":false}",,balanced_williams_confirmatory,explicit_schedule,,false,4,257,false
cond-0eab0fa927515555a83f,cond-0eab0fa927515555a83f::r4,pair-824e29ca9e59f4f569185cd8,pair-824e29ca9e59f4f569185cd8::r4,q30_user_day_sum__increase_gac_work_mem__gac_fdw_dba_topk_raw__query_shape-user_day_sum__cutoff_ts-2026-06-30-00-00-00-00__limit_k-500__include_apac-True,gac_fdw_dba_topk_raw,"{""cutoff_ts"": ""2026-06-30 00:00:00+00"", ""include_apac"": true, ""limit_k"": 500, ""query_shape"": ""user_day_sum""}",master-regimes/generated/corpus/confirmatory-action-replication-v1/groups/confirmatory-action-replication-v1__topology-isolation-large-n3-v1__runtime-bundle-multi-edge__analytics_clients/queries/q30_user_day_sum__increase_gac_work_mem__gac_fdw_dba_topk_raw__query_shape-user_day_sum__cutoff_ts-2026-06-30-00-00-00-00__limit_k-500__include_apac-True.sql,"coordinator_raw_fanin,coordinator_sort_topk",confirmatory-action-replication-v1,confirmatory-action-replication-v1,batch-confirmatory-action-replication-v1,fuzzy-intervention-memory-v1,q30_user_day_sum__increase_gac_work_mem,dba_local_memory_topk,multiregion_union,gac_multi_edge,global_query,confirmatory_q30_user_day_sum,topology-isolation-large-n3-v1,dba_topk_balanced_gac_mitigated,eu_us_apac_gac,final_check,combined_pressure,local_intervention_memory,mitigated,mitigated,q30_user_day_sum__increase_gac_work_mem,gac_memory_increase,confirmatory_holdout,,,,,,,,increase_gac_work_mem,global_gac_mitigation_gain_log2,confirmatory_action_replication,"gac_finalization_heavy,remote_fetch_heavy",pilot,"{""fetch_size"":""high"",""wan_latency"":""high"",""work_mem"":""high""}","supports_region_partitioning,supports_large_scan","{""filter_uses_distribution_key"":false,""group_by_uses_distribution_key"":false,""join_uses_distribution_key"":false,""multi_tenant_scope"":true,""order_by_uses_distribution_key"":false,""single_tenant_scope"":false,""tenant_filter_present"":false}",,balanced_williams_confirmatory,explicit_schedule,,false,4,258,false
cond-efd8889f42b630a339e9,cond-efd8889f42b630a339e9::r4,pair-cc6217644d24db31e668f502,pair-cc6217644d24db31e668f502::r4,q30_user_day_sum__mitigate_remote_path_bundle__gac_fdw_dba_topk_raw__query_shape-user_day_sum__cutoff_ts-2026-06-30-00-00-00-00__limit_k-500__include_apac-True,gac_fdw_dba_topk_raw,"{""cutoff_ts"": ""2026-06-30 00:00:00+00"", ""include_apac"": true, ""limit_k"": 500, ""query_shape"": ""user_day_sum""}",master-regimes/generated/corpus/confirmatory-action-replication-v1/groups/confirmatory-action-replication-v1__topology-isolation-large-n3-v1__runtime-bundle-multi-edge__analytics_clients/queries/q30_user_day_sum__mitigate_remote_path_bundle__gac_fdw_dba_topk_raw__query_shape-user_day_sum__cutoff_ts-2026-06-30-00-00-00-00__limit_k-500__include_apac-True.sql,"coordinator_raw_fanin,coordinator_sort_topk",confirmatory-action-replication-v1,confirmatory-action-replication-v1,batch-confirmatory-action-replication-v1,fuzzy-intervention-memory-v1,q30_user_day_sum__mitigate_remote_path_bundle,dba_local_memory_topk,multiregion_union,gac_multi_edge,global_query,confirmatory_q30_user_day_sum,topology-isolation-large-n3-v1,dba_topk_balanced_remote_mitigated,eu_us_apac_gac,final_check,combined_pressure,local_intervention_memory,mitigated,mitigated,q30_user_day_sum__mitigate_remote_path_bundle,remote_transport_bundle,confirmatory_holdout,,,,,,,,mitigate_remote_path_bundle,global_gac_mitigation_gain_log2,confirmatory_action_replication,"gac_finalization_heavy,remote_fetch_heavy",pilot,"{""fetch_size"":""high"",""wan_latency"":""high"",""work_mem"":""high""}","supports_region_partitioning,supports_large_scan","{""filter_uses_distribution_key"":false,""group_by_uses_distribution_key"":false,""join_uses_distribution_key"":false,""multi_tenant_scope"":true,""order_by_uses_distribution_key"":false,""single_tenant_scope"":false,""tenant_filter_present"":false}",,balanced_williams_confirmatory,explicit_schedule,,false,4,259,false
cond-40a867772492e6202aa6,cond-40a867772492e6202aa6::r4,pair-018d06377510f8a5ddfc0762,pair-018d06377510f8a5ddfc0762::r4,q30_user_day_sum__regional_topk_candidates__gac_fdw_dba_topk_regional__query_shape-user_day_sum__cutoff_ts-2026-06-30-00-00-00-00__limit_k-500__include_apac-True,gac_fdw_dba_topk_regional,"{""cutoff_ts"": ""2026-06-30 00:00:00+00"", ""include_apac"": true, ""limit_k"": 500, ""query_shape"": ""user_day_sum""}",master-regimes/generated/corpus/confirmatory-action-replication-v1/groups/confirmatory-action-replication-v1__topology-isolation-large-n3-v1__runtime-bundle-multi-edge__analytics_clients/queries/q30_user_day_sum__regional_topk_candidates__gac_fdw_dba_topk_regional__query_shape-user_day_sum__cutoff_ts-2026-06-30-00-00-00-00__limit_k-500__include_apac-True.sql,"regional_topk,coordinator_sort_topk",confirmatory-action-replication-v1,confirmatory-action-replication-v1,batch-confirmatory-action-replication-v1,fuzzy-intervention-memory-v1,q30_user_day_sum__regional_topk_candidates,dba_local_memory_topk,multiregion_union,gac_multi_edge,global_query,confirmatory_q30_user_day_sum,topology-isolation-large-n3-v1,dba_topk_balanced_stressed,eu_us_apac_gac,final_check,combined_pressure,local_intervention_memory,mitigated,mitigated,q30_user_day_sum__regional_topk_candidates,regional_topk_candidates,confirmatory_holdout,,,,,,,,regional_topk_candidates,global_gac_mitigation_gain_log2,confirmatory_action_replication,"gac_finalization_heavy,well_reduced_localized",pilot,"{""fetch_size"":""medium"",""wan_latency"":""medium"",""work_mem"":""medium""}","supports_region_partitioning,supports_large_scan","{""filter_uses_distribution_key"":false,""group_by_uses_distribution_key"":false,""join_uses_distribution_key"":false,""multi_tenant_scope"":true,""order_by_uses_distribution_key"":false,""single_tenant_scope"":false,""tenant_filter_present"":false}",,balanced_williams_confirmatory,explicit_schedule,,false,4,260,false
cond-2206c85945db8e92e8b5,cond-2206c85945db8e92e8b5::r4,pair-53bc30de80c30e13df8fca13,pair-53bc30de80c30e13df8fca13::r4,q28_user_count__increase_gac_work_mem__gac_fdw_dba_topk_raw__query_shape-user_count__cutoff_ts-2026-06-27-00-00-00-00__limit_k-100__include_apac-True,gac_fdw_dba_topk_raw,"{""cutoff_ts"": ""2026-06-27 00:00:00+00"", ""include_apac"": true, ""limit_k"": 100, ""query_shape"": ""user_count""}",master-regimes/generated/corpus/confirmatory-action-replication-v1/groups/confirmatory-action-replication-v1__topology-isolation-large-n3-v1__runtime-bundle-multi-edge__analytics_clients/queries/q28_user_count__increase_gac_work_mem__gac_fdw_dba_topk_raw__query_shape-user_count__cutoff_ts-2026-06-27-00-00-00-00__limit_k-100__include_apac-True.sql,"coordinator_raw_fanin,coordinator_sort_topk",confirmatory-action-replication-v1,confirmatory-action-replication-v1,batch-confirmatory-action-replication-v1,fuzzy-intervention-memory-v1,q28_user_count__increase_gac_work_mem,dba_local_memory_topk,multiregion_union,gac_multi_edge,global_query,confirmatory_q28_user_count,topology-isolation-large-n3-v1,dba_topk_balanced_gac_mitigated,eu_us_apac_gac,final_check,combined_pressure,local_intervention_memory,mitigated,mitigated,q28_user_count__increase_gac_work_mem,gac_memory_increase,confirmatory_holdout,,,,,,,,increase_gac_work_mem,global_gac_mitigation_gain_log2,confirmatory_action_replication,"gac_finalization_heavy,remote_fetch_heavy",pilot,"{""fetch_size"":""high"",""wan_latency"":""high"",""work_mem"":""high""}","supports_region_partitioning,supports_large_scan","{""filter_uses_distribution_key"":false,""group_by_uses_distribution_key"":false,""join_uses_distribution_key"":false,""multi_tenant_scope"":true,""order_by_uses_distribution_key"":false,""single_tenant_scope"":false,""tenant_filter_present"":false}",,balanced_williams_confirmatory,explicit_schedule,,false,4,261,false
cond-853d379dfe002304522e,cond-853d379dfe002304522e::r4,pair-89ee7352dd383a3bb9c0c432,pair-89ee7352dd383a3bb9c0c432::r4,q28_user_count__regional_topk_candidates__gac_fdw_dba_topk_regional__query_shape-user_count__cutoff_ts-2026-06-27-00-00-00-00__limit_k-100__include_apac-True,gac_fdw_dba_topk_regional,"{""cutoff_ts"": ""2026-06-27 00:00:00+00"", ""include_apac"": true, ""limit_k"": 100, ""query_shape"": ""user_count""}",master-regimes/generated/corpus/confirmatory-action-replication-v1/groups/confirmatory-action-replication-v1__topology-isolation-large-n3-v1__runtime-bundle-multi-edge__analytics_clients/queries/q28_user_count__regional_topk_candidates__gac_fdw_dba_topk_regional__query_shape-user_count__cutoff_ts-2026-06-27-00-00-00-00__limit_k-100__include_apac-True.sql,"regional_topk,coordinator_sort_topk",confirmatory-action-replication-v1,confirmatory-action-replication-v1,batch-confirmatory-action-replication-v1,fuzzy-intervention-memory-v1,q28_user_count__regional_topk_candidates,dba_local_memory_topk,multiregion_union,gac_multi_edge,global_query,confirmatory_q28_user_count,topology-isolation-large-n3-v1,dba_topk_balanced_stressed,eu_us_apac_gac,final_check,combined_pressure,local_intervention_memory,mitigated,mitigated,q28_user_count__regional_topk_candidates,regional_topk_candidates,confirmatory_holdout,,,,,,,,regional_topk_candidates,global_gac_mitigation_gain_log2,confirmatory_action_replication,"gac_finalization_heavy,well_reduced_localized",pilot,"{""fetch_size"":""medium"",""wan_latency"":""medium"",""work_mem"":""medium""}","supports_region_partitioning,supports_large_scan","{""filter_uses_distribution_key"":false,""group_by_uses_distribution_key"":false,""join_uses_distribution_key"":false,""multi_tenant_scope"":true,""order_by_uses_distribution_key"":false,""single_tenant_scope"":false,""tenant_filter_present"":false}",,balanced_williams_confirmatory,explicit_schedule,,false,4,262,false
cond-e518af9532fd3c8da41f,cond-e518af9532fd3c8da41f::r4,pair-0c1e60b00747989238020548,pair-0c1e60b00747989238020548::r4,q28_user_count__baseline__gac_fdw_dba_topk_raw__query_shape-user_count__cutoff_ts-2026-06-27-00-00-00-00__limit_k-100__include_apac-True,gac_fdw_dba_topk_raw,"{""cutoff_ts"": ""2026-06-27 00:00:00+00"", ""include_apac"": true, ""limit_k"": 100, ""query_shape"": ""user_count""}",master-regimes/generated/corpus/confirmatory-action-replication-v1/groups/confirmatory-action-replication-v1__topology-isolation-large-n3-v1__runtime-bundle-multi-edge__analytics_clients/queries/q28_user_count__baseline__gac_fdw_dba_topk_raw__query_shape-user_count__cutoff_ts-2026-06-27-00-00-00-00__limit_k-100__include_apac-True.sql,"coordinator_raw_fanin,coordinator_sort_topk",confirmatory-action-replication-v1,confirmatory-action-replication-v1,batch-confirmatory-action-replication-v1,fuzzy-intervention-memory-v1,q28_user_count__baseline,dba_local_memory_topk,multiregion_union,gac_multi_edge,global_query,confirmatory_q28_user_count,topology-isolation-large-n3-v1,dba_topk_balanced_stressed,eu_us_apac_gac,final_check,combined_pressure,local_intervention_memory,stressed,stressed,q28_user_count__shared_baseline,gac_raw_topk,confirmatory_holdout,,,,,,,,,global_gac_mitigation_gain_log2,confirmatory_action_replication,"gac_finalization_heavy,remote_fetch_heavy",pilot,"{""fetch_size"":""high"",""wan_latency"":""high"",""work_mem"":""high""}","supports_region_partitioning,supports_large_scan","{""filter_uses_distribution_key"":false,""group_by_uses_distribution_key"":false,""join_uses_distribution_key"":false,""multi_tenant_scope"":true,""order_by_uses_distribution_key"":false,""single_tenant_scope"":false,""tenant_filter_present"":false}",,balanced_williams_confirmatory,explicit_schedule,,false,4,263,false
cond-a8b793a1a110500269f2,cond-a8b793a1a110500269f2::r4,pair-f00d3ce2e2726ebe79437f0e,pair-f00d3ce2e2726ebe79437f0e::r4,q28_user_count__mitigate_remote_path_bundle__gac_fdw_dba_topk_raw__query_shape-user_count__cutoff_ts-2026-06-27-00-00-00-00__limit_k-100__include_apac-True,gac_fdw_dba_topk_raw,"{""cutoff_ts"": ""2026-06-27 00:00:00+00"", ""include_apac"": true, ""limit_k"": 100, ""query_shape"": ""user_count""}",master-regimes/generated/corpus/confirmatory-action-replication-v1/groups/confirmatory-action-replication-v1__topology-isolation-large-n3-v1__runtime-bundle-multi-edge__analytics_clients/queries/q28_user_count__mitigate_remote_path_bundle__gac_fdw_dba_topk_raw__query_shape-user_count__cutoff_ts-2026-06-27-00-00-00-00__limit_k-100__include_apac-True.sql,"coordinator_raw_fanin,coordinator_sort_topk",confirmatory-action-replication-v1,confirmatory-action-replication-v1,batch-confirmatory-action-replication-v1,fuzzy-intervention-memory-v1,q28_user_count__mitigate_remote_path_bundle,dba_local_memory_topk,multiregion_union,gac_multi_edge,global_query,confirmatory_q28_user_count,topology-isolation-large-n3-v1,dba_topk_balanced_remote_mitigated,eu_us_apac_gac,final_check,combined_pressure,local_intervention_memory,mitigated,mitigated,q28_user_count__mitigate_remote_path_bundle,remote_transport_bundle,confirmatory_holdout,,,,,,,,mitigate_remote_path_bundle,global_gac_mitigation_gain_log2,confirmatory_action_replication,"gac_finalization_heavy,remote_fetch_heavy",pilot,"{""fetch_size"":""high"",""wan_latency"":""high"",""work_mem"":""high""}","supports_region_partitioning,supports_large_scan","{""filter_uses_distribution_key"":false,""group_by_uses_distribution_key"":false,""join_uses_distribution_key"":false,""multi_tenant_scope"":true,""order_by_uses_distribution_key"":false,""single_tenant_scope"":false,""tenant_filter_present"":false}",,balanced_williams_confirmatory,explicit_schedule,,false,4,264,false
cond-14e51d1d6f691b698a2d,cond-14e51d1d6f691b698a2d::r4,pair-2cbdd3800086c989267e9827,pair-2cbdd3800086c989267e9827::r4,q26_tenant_hour_count__regional_topk_candidates__gac_fdw_dba_topk_regional__query_shape-tenant_hour_count__cutoff_ts-2026-06-30-00-00-00-00__limit_k-25__include_apac-True,gac_fdw_dba_topk_regional,"{""cutoff_ts"": ""2026-06-30 00:00:00+00"", ""include_apac"": true, ""limit_k"": 25, ""query_shape"": ""tenant_hour_count""}",master-regimes/generated/corpus/confirmatory-action-replication-v1/groups/confirmatory-action-replication-v1__topology-isolation-large-n3-v1__runtime-bundle-multi-edge__analytics_clients/queries/q26_tenant_hour_count__regional_topk_candidates__gac_fdw_dba_topk_regional__query_shape-tenant_hour_count__cutoff_ts-2026-06-30-00-00-00-00__limit_k-25__include_apac-True.sql,"regional_topk,coordinator_sort_topk",confirmatory-action-replication-v1,confirmatory-action-replication-v1,batch-confirmatory-action-replication-v1,fuzzy-intervention-memory-v1,q26_tenant_hour_count__regional_topk_candidates,dba_local_memory_topk,multiregion_union,gac_multi_edge,global_query,confirmatory_q26_tenant_hour_count,topology-isolation-large-n3-v1,dba_topk_balanced_stressed,eu_us_apac_gac,final_check,combined_pressure,local_intervention_memory,mitigated,mitigated,q26_tenant_hour_count__regional_topk_candidates,regional_topk_candidates,confirmatory_holdout,,,,,,,,regional_topk_candidates,global_gac_mitigation_gain_log2,confirmatory_action_replication,"gac_finalization_heavy,well_reduced_localized",pilot,"{""fetch_size"":""medium"",""wan_latency"":""medium"",""work_mem"":""medium""}","supports_region_partitioning,supports_large_scan","{""filter_uses_distribution_key"":false,""group_by_uses_distribution_key"":false,""join_uses_distribution_key"":false,""multi_tenant_scope"":true,""order_by_uses_distribution_key"":false,""single_tenant_scope"":false,""tenant_filter_present"":false}",,balanced_williams_confirmatory,explicit_schedule,,false,4,265,false
cond-5210f09d3fae149ac1a3,cond-5210f09d3fae149ac1a3::r4,pair-df56dd978a574acfeed659d3,pair-df56dd978a574acfeed659d3::r4,q26_tenant_hour_count__mitigate_remote_path_bundle__gac_fdw_dba_topk_raw__query_shape-tenant_hour_count__cutoff_ts-2026-06-30-00-00-00-00__limit_k-25__include_apac-True,gac_fdw_dba_topk_raw,"{""cutoff_ts"": ""2026-06-30 00:00:00+00"", ""include_apac"": true, ""limit_k"": 25, ""query_shape"": ""tenant_hour_count""}",master-regimes/generated/corpus/confirmatory-action-replication-v1/groups/confirmatory-action-replication-v1__topology-isolation-large-n3-v1__runtime-bundle-multi-edge__analytics_clients/queries/q26_tenant_hour_count__mitigate_remote_path_bundle__gac_fdw_dba_topk_raw__query_shape-tenant_hour_count__cutoff_ts-2026-06-30-00-00-00-00__limit_k-25__include_apac-True.sql,"coordinator_raw_fanin,coordinator_sort_topk",confirmatory-action-replication-v1,confirmatory-action-replication-v1,batch-confirmatory-action-replication-v1,fuzzy-intervention-memory-v1,q26_tenant_hour_count__mitigate_remote_path_bundle,dba_local_memory_topk,multiregion_union,gac_multi_edge,global_query,confirmatory_q26_tenant_hour_count,topology-isolation-large-n3-v1,dba_topk_balanced_remote_mitigated,eu_us_apac_gac,final_check,combined_pressure,local_intervention_memory,mitigated,mitigated,q26_tenant_hour_count__mitigate_remote_path_bundle,remote_transport_bundle,confirmatory_holdout,,,,,,,,mitigate_remote_path_bundle,global_gac_mitigation_gain_log2,confirmatory_action_replication,"gac_finalization_heavy,remote_fetch_heavy",pilot,"{""fetch_size"":""high"",""wan_latency"":""high"",""work_mem"":""high""}","supports_region_partitioning,supports_large_scan","{""filter_uses_distribution_key"":false,""group_by_uses_distribution_key"":false,""join_uses_distribution_key"":false,""multi_tenant_scope"":true,""order_by_uses_distribution_key"":false,""single_tenant_scope"":false,""tenant_filter_present"":false}",,balanced_williams_confirmatory,explicit_schedule,,false,4,266,false
cond-8f34877def719a77b255,cond-8f34877def719a77b255::r4,pair-12fc0f52bd39daa650692d18,pair-12fc0f52bd39daa650692d18::r4,q26_tenant_hour_count__increase_gac_work_mem__gac_fdw_dba_topk_raw__query_shape-tenant_hour_count__cutoff_ts-2026-06-30-00-00-00-00__limit_k-25__include_apac-True,gac_fdw_dba_topk_raw,"{""cutoff_ts"": ""2026-06-30 00:00:00+00"", ""include_apac"": true, ""limit_k"": 25, ""query_shape"": ""tenant_hour_count""}",master-regimes/generated/corpus/confirmatory-action-replication-v1/groups/confirmatory-action-replication-v1__topology-isolation-large-n3-v1__runtime-bundle-multi-edge__analytics_clients/queries/q26_tenant_hour_count__increase_gac_work_mem__gac_fdw_dba_topk_raw__query_shape-tenant_hour_count__cutoff_ts-2026-06-30-00-00-00-00__limit_k-25__include_apac-True.sql,"coordinator_raw_fanin,coordinator_sort_topk",confirmatory-action-replication-v1,confirmatory-action-replication-v1,batch-confirmatory-action-replication-v1,fuzzy-intervention-memory-v1,q26_tenant_hour_count__increase_gac_work_mem,dba_local_memory_topk,multiregion_union,gac_multi_edge,global_query,confirmatory_q26_tenant_hour_count,topology-isolation-large-n3-v1,dba_topk_balanced_gac_mitigated,eu_us_apac_gac,final_check,combined_pressure,local_intervention_memory,mitigated,mitigated,q26_tenant_hour_count__increase_gac_work_mem,gac_memory_increase,confirmatory_holdout,,,,,,,,increase_gac_work_mem,global_gac_mitigation_gain_log2,confirmatory_action_replication,"gac_finalization_heavy,remote_fetch_heavy",pilot,"{""fetch_size"":""high"",""wan_latency"":""high"",""work_mem"":""high""}","supports_region_partitioning,supports_large_scan","{""filter_uses_distribution_key"":false,""group_by_uses_distribution_key"":false,""join_uses_distribution_key"":false,""multi_tenant_scope"":true,""order_by_uses_distribution_key"":false,""single_tenant_scope"":false,""tenant_filter_present"":false}",,balanced_williams_confirmatory,explicit_schedule,,false,4,267,false
cond-e5f2ec8c336eb7496803,cond-e5f2ec8c336eb7496803::r4,pair-53b59ed974f4d7ce62d40a2a,pair-53b59ed974f4d7ce62d40a2a::r4,q26_tenant_hour_count__baseline__gac_fdw_dba_topk_raw__query_shape-tenant_hour_count__cutoff_ts-2026-06-30-00-00-00-00__limit_k-25__include_apac-True,gac_fdw_dba_topk_raw,"{""cutoff_ts"": ""2026-06-30 00:00:00+00"", ""include_apac"": true, ""limit_k"": 25, ""query_shape"": ""tenant_hour_count""}",master-regimes/generated/corpus/confirmatory-action-replication-v1/groups/confirmatory-action-replication-v1__topology-isolation-large-n3-v1__runtime-bundle-multi-edge__analytics_clients/queries/q26_tenant_hour_count__baseline__gac_fdw_dba_topk_raw__query_shape-tenant_hour_count__cutoff_ts-2026-06-30-00-00-00-00__limit_k-25__include_apac-True.sql,"coordinator_raw_fanin,coordinator_sort_topk",confirmatory-action-replication-v1,confirmatory-action-replication-v1,batch-confirmatory-action-replication-v1,fuzzy-intervention-memory-v1,q26_tenant_hour_count__baseline,dba_local_memory_topk,multiregion_union,gac_multi_edge,global_query,confirmatory_q26_tenant_hour_count,topology-isolation-large-n3-v1,dba_topk_balanced_stressed,eu_us_apac_gac,final_check,combined_pressure,local_intervention_memory,stressed,stressed,q26_tenant_hour_count__shared_baseline,gac_raw_topk,confirmatory_holdout,,,,,,,,,global_gac_mitigation_gain_log2,confirmatory_action_replication,"gac_finalization_heavy,remote_fetch_heavy",pilot,"{""fetch_size"":""high"",""wan_latency"":""high"",""work_mem"":""high""}","supports_region_partitioning,supports_large_scan","{""filter_uses_distribution_key"":false,""group_by_uses_distribution_key"":false,""join_uses_distribution_key"":false,""multi_tenant_scope"":true,""order_by_uses_distribution_key"":false,""single_tenant_scope"":false,""tenant_filter_present"":false}",,balanced_williams_confirmatory,explicit_schedule,,false,4,268,false
cond-e657cd5676494c699765,cond-e657cd5676494c699765::r4,pair-1ce38a1721a1ec238249c1ec,pair-1ce38a1721a1ec238249c1ec::r4,q23_tenant_even_user_count__mitigate_remote_path_bundle__gac_fdw_dba_topk_raw__query_shape-tenant_even_user_count__cutoff_ts-2026-06-24-00-00-00-00__limit_k-100__include_apac-True,gac_fdw_dba_topk_raw,"{""cutoff_ts"": ""2026-06-24 00:00:00+00"", ""include_apac"": true, ""limit_k"": 100, ""query_shape"": ""tenant_even_user_count""}",master-regimes/generated/corpus/confirmatory-action-replication-v1/groups/confirmatory-action-replication-v1__topology-isolation-large-n3-v1__runtime-bundle-multi-edge__analytics_clients/queries/q23_tenant_even_user_count__mitigate_remote_path_bundle__gac_fdw_dba_topk_raw__query_shape-tenant_even_user_count__cutoff_ts-2026-06-24-00-00-00-00__limit_k-100__include_apac-True.sql,"coordinator_raw_fanin,coordinator_sort_topk",confirmatory-action-replication-v1,confirmatory-action-replication-v1,batch-confirmatory-action-replication-v1,fuzzy-intervention-memory-v1,q23_tenant_even_user_count__mitigate_remote_path_bundle,dba_local_memory_topk,multiregion_union,gac_multi_edge,global_query,confirmatory_q23_tenant_even_user_count,topology-isolation-large-n3-v1,dba_topk_balanced_remote_mitigated,eu_us_apac_gac,final_check,combined_pressure,local_intervention_memory,mitigated,mitigated,q23_tenant_even_user_count__mitigate_remote_path_bundle,remote_transport_bundle,confirmatory_holdout,,,,,,,,mitigate_remote_path_bundle,global_gac_mitigation_gain_log2,confirmatory_action_replication,"gac_finalization_heavy,remote_fetch_heavy",pilot,"{""fetch_size"":""high"",""wan_latency"":""high"",""work_mem"":""high""}","supports_region_partitioning,supports_large_scan","{""filter_uses_distribution_key"":false,""group_by_uses_distribution_key"":false,""join_uses_distribution_key"":false,""multi_tenant_scope"":true,""order_by_uses_distribution_key"":false,""single_tenant_scope"":false,""tenant_filter_present"":false}",,balanced_williams_confirmatory,explicit_schedule,,false,4,269,false
cond-a0db2eac4b88e0b54bdc,cond-a0db2eac4b88e0b54bdc::r4,pair-41f7834f6d3b30731f9cc5d3,pair-41f7834f6d3b30731f9cc5d3::r4,q23_tenant_even_user_count__baseline__gac_fdw_dba_topk_raw__query_shape-tenant_even_user_count__cutoff_ts-2026-06-24-00-00-00-00__limit_k-100__include_apac-True,gac_fdw_dba_topk_raw,"{""cutoff_ts"": ""2026-06-24 00:00:00+00"", ""include_apac"": true, ""limit_k"": 100, ""query_shape"": ""tenant_even_user_count""}",master-regimes/generated/corpus/confirmatory-action-replication-v1/groups/confirmatory-action-replication-v1__topology-isolation-large-n3-v1__runtime-bundle-multi-edge__analytics_clients/queries/q23_tenant_even_user_count__baseline__gac_fdw_dba_topk_raw__query_shape-tenant_even_user_count__cutoff_ts-2026-06-24-00-00-00-00__limit_k-100__include_apac-True.sql,"coordinator_raw_fanin,coordinator_sort_topk",confirmatory-action-replication-v1,confirmatory-action-replication-v1,batch-confirmatory-action-replication-v1,fuzzy-intervention-memory-v1,q23_tenant_even_user_count__baseline,dba_local_memory_topk,multiregion_union,gac_multi_edge,global_query,confirmatory_q23_tenant_even_user_count,topology-isolation-large-n3-v1,dba_topk_balanced_stressed,eu_us_apac_gac,final_check,combined_pressure,local_intervention_memory,stressed,stressed,q23_tenant_even_user_count__shared_baseline,gac_raw_topk,confirmatory_holdout,,,,,,,,,global_gac_mitigation_gain_log2,confirmatory_action_replication,"gac_finalization_heavy,remote_fetch_heavy",pilot,"{""fetch_size"":""high"",""wan_latency"":""high"",""work_mem"":""high""}","supports_region_partitioning,supports_large_scan","{""filter_uses_distribution_key"":false,""group_by_uses_distribution_key"":false,""join_uses_distribution_key"":false,""multi_tenant_scope"":true,""order_by_uses_distribution_key"":false,""single_tenant_scope"":false,""tenant_filter_present"":false}",,balanced_williams_confirmatory,explicit_schedule,,false,4,270,false
cond-f23cd7aab59e8ec5098d,cond-f23cd7aab59e8ec5098d::r4,pair-ba930b22b645b2e6000e38ef,pair-ba930b22b645b2e6000e38ef::r4,q23_tenant_even_user_count__regional_topk_candidates__gac_fdw_dba_topk_regional__query_shape-tenant_even_user_count__cutoff_ts-2026-06-24-00-00-00-00__limit_k-100__include_apac-True,gac_fdw_dba_topk_regional,"{""cutoff_ts"": ""2026-06-24 00:00:00+00"", ""include_apac"": true, ""limit_k"": 100, ""query_shape"": ""tenant_even_user_count""}",master-regimes/generated/corpus/confirmatory-action-replication-v1/groups/confirmatory-action-replication-v1__topology-isolation-large-n3-v1__runtime-bundle-multi-edge__analytics_clients/queries/q23_tenant_even_user_count__regional_topk_candidates__gac_fdw_dba_topk_regional__query_shape-tenant_even_user_count__cutoff_ts-2026-06-24-00-00-00-00__limit_k-100__include_apac-True.sql,"regional_topk,coordinator_sort_topk",confirmatory-action-replication-v1,confirmatory-action-replication-v1,batch-confirmatory-action-replication-v1,fuzzy-intervention-memory-v1,q23_tenant_even_user_count__regional_topk_candidates,dba_local_memory_topk,multiregion_union,gac_multi_edge,global_query,confirmatory_q23_tenant_even_user_count,topology-isolation-large-n3-v1,dba_topk_balanced_stressed,eu_us_apac_gac,final_check,combined_pressure,local_intervention_memory,mitigated,mitigated,q23_tenant_even_user_count__regional_topk_candidates,regional_topk_candidates,confirmatory_holdout,,,,,,,,regional_topk_candidates,global_gac_mitigation_gain_log2,confirmatory_action_replication,"gac_finalization_heavy,well_reduced_localized",pilot,"{""fetch_size"":""medium"",""wan_latency"":""medium"",""work_mem"":""medium""}","supports_region_partitioning,supports_large_scan","{""filter_uses_distribution_key"":false,""group_by_uses_distribution_key"":false,""join_uses_distribution_key"":false,""multi_tenant_scope"":true,""order_by_uses_distribution_key"":false,""single_tenant_scope"":false,""tenant_filter_present"":false}",,balanced_williams_confirmatory,explicit_schedule,,false,4,271,false
cond-4036797e87876e752672,cond-4036797e87876e752672::r4,pair-01ce3e0a23db03ad0c405a36,pair-01ce3e0a23db03ad0c405a36::r4,q23_tenant_even_user_count__increase_gac_work_mem__gac_fdw_dba_topk_raw__query_shape-tenant_even_user_count__cutoff_ts-2026-06-24-00-00-00-00__limit_k-100__include_apac-True,gac_fdw_dba_topk_raw,"{""cutoff_ts"": ""2026-06-24 00:00:00+00"", ""include_apac"": true, ""limit_k"": 100, ""query_shape"": ""tenant_even_user_count""}",master-regimes/generated/corpus/confirmatory-action-replication-v1/groups/confirmatory-action-replication-v1__topology-isolation-large-n3-v1__runtime-bundle-multi-edge__analytics_clients/queries/q23_tenant_even_user_count__increase_gac_work_mem__gac_fdw_dba_topk_raw__query_shape-tenant_even_user_count__cutoff_ts-2026-06-24-00-00-00-00__limit_k-100__include_apac-True.sql,"coordinator_raw_fanin,coordinator_sort_topk",confirmatory-action-replication-v1,confirmatory-action-replication-v1,batch-confirmatory-action-replication-v1,fuzzy-intervention-memory-v1,q23_tenant_even_user_count__increase_gac_work_mem,dba_local_memory_topk,multiregion_union,gac_multi_edge,global_query,confirmatory_q23_tenant_even_user_count,topology-isolation-large-n3-v1,dba_topk_balanced_gac_mitigated,eu_us_apac_gac,final_check,combined_pressure,local_intervention_memory,mitigated,mitigated,q23_tenant_even_user_count__increase_gac_work_mem,gac_memory_increase,confirmatory_holdout,,,,,,,,increase_gac_work_mem,global_gac_mitigation_gain_log2,confirmatory_action_replication,"gac_finalization_heavy,remote_fetch_heavy",pilot,"{""fetch_size"":""high"",""wan_latency"":""high"",""work_mem"":""high""}","supports_region_partitioning,supports_large_scan","{""filter_uses_distribution_key"":false,""group_by_uses_distribution_key"":false,""join_uses_distribution_key"":false,""multi_tenant_scope"":true,""order_by_uses_distribution_key"":false,""single_tenant_scope"":false,""tenant_filter_present"":false}",,balanced_williams_confirmatory,explicit_schedule,,false,4,272,false
cond-be7744eddb28ec419dde,cond-be7744eddb28ec419dde::r4,pair-5a38c76ddc40297fe3e9de6a,pair-5a38c76ddc40297fe3e9de6a::r4,q16_event_value_squared__baseline__gac_fdw_dba_topk_raw__query_shape-event_value_squared__cutoff_ts-2026-06-30-00-00-00-00__limit_k-25__include_apac-True,gac_fdw_dba_topk_raw,"{""cutoff_ts"": ""2026-06-30 00:00:00+00"", ""include_apac"": true, ""limit_k"": 25, ""query_shape"": ""event_value_squared""}",master-regimes/generated/corpus/confirmatory-action-replication-v1/groups/confirmatory-action-replication-v1__topology-isolation-large-n3-v1__runtime-bundle-multi-edge__analytics_clients/queries/q16_event_value_squared__baseline__gac_fdw_dba_topk_raw__query_shape-event_value_squared__cutoff_ts-2026-06-30-00-00-00-00__limit_k-25__include_apac-True.sql,"coordinator_raw_fanin,coordinator_sort_topk",confirmatory-action-replication-v1,confirmatory-action-replication-v1,batch-confirmatory-action-replication-v1,fuzzy-intervention-memory-v1,q16_event_value_squared__baseline,dba_local_memory_topk,multiregion_union,gac_multi_edge,global_query,confirmatory_q16_event_value_squared,topology-isolation-large-n3-v1,dba_topk_balanced_stressed,eu_us_apac_gac,final_check,combined_pressure,local_intervention_memory,stressed,stressed,q16_event_value_squared__shared_baseline,gac_raw_topk,confirmatory_holdout,,,,,,,,,global_gac_mitigation_gain_log2,confirmatory_action_replication,"gac_finalization_heavy,remote_fetch_heavy",pilot,"{""fetch_size"":""high"",""wan_latency"":""high"",""work_mem"":""high""}","supports_region_partitioning,supports_large_scan","{""filter_uses_distribution_key"":false,""group_by_uses_distribution_key"":false,""join_uses_distribution_key"":false,""multi_tenant_scope"":true,""order_by_uses_distribution_key"":false,""single_tenant_scope"":false,""tenant_filter_present"":false}",,balanced_williams_confirmatory,explicit_schedule,,false,4,273,false
cond-dc94020b6c64b265c4d6,cond-dc94020b6c64b265c4d6::r4,pair-8fa91106958cd0a403a09a54,pair-8fa91106958cd0a403a09a54::r4,q16_event_value_squared__increase_gac_work_mem__gac_fdw_dba_topk_raw__query_shape-event_value_squared__cutoff_ts-2026-06-30-00-00-00-00__limit_k-25__include_apac-True,gac_fdw_dba_topk_raw,"{""cutoff_ts"": ""2026-06-30 00:00:00+00"", ""include_apac"": true, ""limit_k"": 25, ""query_shape"": ""event_value_squared""}",master-regimes/generated/corpus/confirmatory-action-replication-v1/groups/confirmatory-action-replication-v1__topology-isolation-large-n3-v1__runtime-bundle-multi-edge__analytics_clients/queries/q16_event_value_squared__increase_gac_work_mem__gac_fdw_dba_topk_raw__query_shape-event_value_squared__cutoff_ts-2026-06-30-00-00-00-00__limit_k-25__include_apac-True.sql,"coordinator_raw_fanin,coordinator_sort_topk",confirmatory-action-replication-v1,confirmatory-action-replication-v1,batch-confirmatory-action-replication-v1,fuzzy-intervention-memory-v1,q16_event_value_squared__increase_gac_work_mem,dba_local_memory_topk,multiregion_union,gac_multi_edge,global_query,confirmatory_q16_event_value_squared,topology-isolation-large-n3-v1,dba_topk_balanced_gac_mitigated,eu_us_apac_gac,final_check,combined_pressure,local_intervention_memory,mitigated,mitigated,q16_event_value_squared__increase_gac_work_mem,gac_memory_increase,confirmatory_holdout,,,,,,,,increase_gac_work_mem,global_gac_mitigation_gain_log2,confirmatory_action_replication,"gac_finalization_heavy,remote_fetch_heavy",pilot,"{""fetch_size"":""high"",""wan_latency"":""high"",""work_mem"":""high""}","supports_region_partitioning,supports_large_scan","{""filter_uses_distribution_key"":false,""group_by_uses_distribution_key"":false,""join_uses_distribution_key"":false,""multi_tenant_scope"":true,""order_by_uses_distribution_key"":false,""single_tenant_scope"":false,""tenant_filter_present"":false}",,balanced_williams_confirmatory,explicit_schedule,,false,4,274,false
cond-2546bf7240c2df6d63a8,cond-2546bf7240c2df6d63a8::r4,pair-41223489542837b713b42fed,pair-41223489542837b713b42fed::r4,q16_event_value_squared__mitigate_remote_path_bundle__gac_fdw_dba_topk_raw__query_shape-event_value_squared__cutoff_ts-2026-06-30-00-00-00-00__limit_k-25__include_apac-True,gac_fdw_dba_topk_raw,"{""cutoff_ts"": ""2026-06-30 00:00:00+00"", ""include_apac"": true, ""limit_k"": 25, ""query_shape"": ""event_value_squared""}",master-regimes/generated/corpus/confirmatory-action-replication-v1/groups/confirmatory-action-replication-v1__topology-isolation-large-n3-v1__runtime-bundle-multi-edge__analytics_clients/queries/q16_event_value_squared__mitigate_remote_path_bundle__gac_fdw_dba_topk_raw__query_shape-event_value_squared__cutoff_ts-2026-06-30-00-00-00-00__limit_k-25__include_apac-True.sql,"coordinator_raw_fanin,coordinator_sort_topk",confirmatory-action-replication-v1,confirmatory-action-replication-v1,batch-confirmatory-action-replication-v1,fuzzy-intervention-memory-v1,q16_event_value_squared__mitigate_remote_path_bundle,dba_local_memory_topk,multiregion_union,gac_multi_edge,global_query,confirmatory_q16_event_value_squared,topology-isolation-large-n3-v1,dba_topk_balanced_remote_mitigated,eu_us_apac_gac,final_check,combined_pressure,local_intervention_memory,mitigated,mitigated,q16_event_value_squared__mitigate_remote_path_bundle,remote_transport_bundle,confirmatory_holdout,,,,,,,,mitigate_remote_path_bundle,global_gac_mitigation_gain_log2,confirmatory_action_replication,"gac_finalization_heavy,remote_fetch_heavy",pilot,"{""fetch_size"":""high"",""wan_latency"":""high"",""work_mem"":""high""}","supports_region_partitioning,supports_large_scan","{""filter_uses_distribution_key"":false,""group_by_uses_distribution_key"":false,""join_uses_distribution_key"":false,""multi_tenant_scope"":true,""order_by_uses_distribution_key"":false,""single_tenant_scope"":false,""tenant_filter_present"":false}",,balanced_williams_confirmatory,explicit_schedule,,false,4,275,false
cond-e050755e4235df8d3cf3,cond-e050755e4235df8d3cf3::r4,pair-f09711856c72c908c3b64914,pair-f09711856c72c908c3b64914::r4,q16_event_value_squared__regional_topk_candidates__gac_fdw_dba_topk_regional__query_shape-event_value_squared__cutoff_ts-2026-06-30-00-00-00-00__limit_k-25__include_apac-True,gac_fdw_dba_topk_regional,"{""cutoff_ts"": ""2026-06-30 00:00:00+00"", ""include_apac"": true, ""limit_k"": 25, ""query_shape"": ""event_value_squared""}",master-regimes/generated/corpus/confirmatory-action-replication-v1/groups/confirmatory-action-replication-v1__topology-isolation-large-n3-v1__runtime-bundle-multi-edge__analytics_clients/queries/q16_event_value_squared__regional_topk_candidates__gac_fdw_dba_topk_regional__query_shape-event_value_squared__cutoff_ts-2026-06-30-00-00-00-00__limit_k-25__include_apac-True.sql,"regional_topk,coordinator_sort_topk",confirmatory-action-replication-v1,confirmatory-action-replication-v1,batch-confirmatory-action-replication-v1,fuzzy-intervention-memory-v1,q16_event_value_squared__regional_topk_candidates,dba_local_memory_topk,multiregion_union,gac_multi_edge,global_query,confirmatory_q16_event_value_squared,topology-isolation-large-n3-v1,dba_topk_balanced_stressed,eu_us_apac_gac,final_check,combined_pressure,local_intervention_memory,mitigated,mitigated,q16_event_value_squared__regional_topk_candidates,regional_topk_candidates,confirmatory_holdout,,,,,,,,regional_topk_candidates,global_gac_mitigation_gain_log2,confirmatory_action_replication,"gac_finalization_heavy,well_reduced_localized",pilot,"{""fetch_size"":""medium"",""wan_latency"":""medium"",""work_mem"":""medium""}","supports_region_partitioning,supports_large_scan","{""filter_uses_distribution_key"":false,""group_by_uses_distribution_key"":false,""join_uses_distribution_key"":false,""multi_tenant_scope"":true,""order_by_uses_distribution_key"":false,""single_tenant_scope"":false,""tenant_filter_present"":false}",,balanced_williams_confirmatory,explicit_schedule,,false,4,276,false
cond-75f64252c841322ea368,cond-75f64252c841322ea368::r4,pair-b96e9aa1053227d5f5e0938f,pair-b96e9aa1053227d5f5e0938f::r4,q24_tenant_midband_sum__increase_gac_work_mem__gac_fdw_dba_topk_raw__query_shape-tenant_midband_sum__cutoff_ts-2026-06-30-00-00-00-00__limit_k-250__include_apac-True,gac_fdw_dba_topk_raw,"{""cutoff_ts"": ""2026-06-30 00:00:00+00"", ""include_apac"": true, ""limit_k"": 250, ""query_shape"": ""tenant_midband_sum""}",master-regimes/generated/corpus/confirmatory-action-replication-v1/groups/confirmatory-action-replication-v1__topology-isolation-large-n3-v1__runtime-bundle-multi-edge__analytics_clients/queries/q24_tenant_midband_sum__increase_gac_work_mem__gac_fdw_dba_topk_raw__query_shape-tenant_midband_sum__cutoff_ts-2026-06-30-00-00-00-00__limit_k-250__include_apac-True.sql,"coordinator_raw_fanin,coordinator_sort_topk",confirmatory-action-replication-v1,confirmatory-action-replication-v1,batch-confirmatory-action-replication-v1,fuzzy-intervention-memory-v1,q24_tenant_midband_sum__increase_gac_work_mem,dba_local_memory_topk,multiregion_union,gac_multi_edge,global_query,confirmatory_q24_tenant_midband_sum,topology-isolation-large-n3-v1,dba_topk_balanced_gac_mitigated,eu_us_apac_gac,final_check,combined_pressure,local_intervention_memory,mitigated,mitigated,q24_tenant_midband_sum__increase_gac_work_mem,gac_memory_increase,confirmatory_holdout,,,,,,,,increase_gac_work_mem,global_gac_mitigation_gain_log2,confirmatory_action_replication,"gac_finalization_heavy,remote_fetch_heavy",pilot,"{""fetch_size"":""high"",""wan_latency"":""high"",""work_mem"":""high""}","supports_region_partitioning,supports_large_scan","{""filter_uses_distribution_key"":false,""group_by_uses_distribution_key"":false,""join_uses_distribution_key"":false,""multi_tenant_scope"":true,""order_by_uses_distribution_key"":false,""single_tenant_scope"":false,""tenant_filter_present"":false}",,balanced_williams_confirmatory,explicit_schedule,,false,4,277,false
cond-711872a79328bba478df,cond-711872a79328bba478df::r4,pair-7ebb6672cd25e5afd613b198,pair-7ebb6672cd25e5afd613b198::r4,q24_tenant_midband_sum__regional_topk_candidates__gac_fdw_dba_topk_regional__query_shape-tenant_midband_sum__cutoff_ts-2026-06-30-00-00-00-00__limit_k-250__include_apac-True,gac_fdw_dba_topk_regional,"{""cutoff_ts"": ""2026-06-30 00:00:00+00"", ""include_apac"": true, ""limit_k"": 250, ""query_shape"": ""tenant_midband_sum""}",master-regimes/generated/corpus/confirmatory-action-replication-v1/groups/confirmatory-action-replication-v1__topology-isolation-large-n3-v1__runtime-bundle-multi-edge__analytics_clients/queries/q24_tenant_midband_sum__regional_topk_candidates__gac_fdw_dba_topk_regional__query_shape-tenant_midband_sum__cutoff_ts-2026-06-30-00-00-00-00__limit_k-250__include_apac-True.sql,"regional_topk,coordinator_sort_topk",confirmatory-action-replication-v1,confirmatory-action-replication-v1,batch-confirmatory-action-replication-v1,fuzzy-intervention-memory-v1,q24_tenant_midband_sum__regional_topk_candidates,dba_local_memory_topk,multiregion_union,gac_multi_edge,global_query,confirmatory_q24_tenant_midband_sum,topology-isolation-large-n3-v1,dba_topk_balanced_stressed,eu_us_apac_gac,final_check,combined_pressure,local_intervention_memory,mitigated,mitigated,q24_tenant_midband_sum__regional_topk_candidates,regional_topk_candidates,confirmatory_holdout,,,,,,,,regional_topk_candidates,global_gac_mitigation_gain_log2,confirmatory_action_replication,"gac_finalization_heavy,well_reduced_localized",pilot,"{""fetch_size"":""medium"",""wan_latency"":""medium"",""work_mem"":""medium""}","supports_region_partitioning,supports_large_scan","{""filter_uses_distribution_key"":false,""group_by_uses_distribution_key"":false,""join_uses_distribution_key"":false,""multi_tenant_scope"":true,""order_by_uses_distribution_key"":false,""single_tenant_scope"":false,""tenant_filter_present"":false}",,balanced_williams_confirmatory,explicit_schedule,,false,4,278,false
cond-c793f69100da9d8073a9,cond-c793f69100da9d8073a9::r4,pair-391867cf1c2ad311e401ca9d,pair-391867cf1c2ad311e401ca9d::r4,q24_tenant_midband_sum__baseline__gac_fdw_dba_topk_raw__query_shape-tenant_midband_sum__cutoff_ts-2026-06-30-00-00-00-00__limit_k-250__include_apac-True,gac_fdw_dba_topk_raw,"{""cutoff_ts"": ""2026-06-30 00:00:00+00"", ""include_apac"": true, ""limit_k"": 250, ""query_shape"": ""tenant_midband_sum""}",master-regimes/generated/corpus/confirmatory-action-replication-v1/groups/confirmatory-action-replication-v1__topology-isolation-large-n3-v1__runtime-bundle-multi-edge__analytics_clients/queries/q24_tenant_midband_sum__baseline__gac_fdw_dba_topk_raw__query_shape-tenant_midband_sum__cutoff_ts-2026-06-30-00-00-00-00__limit_k-250__include_apac-True.sql,"coordinator_raw_fanin,coordinator_sort_topk",confirmatory-action-replication-v1,confirmatory-action-replication-v1,batch-confirmatory-action-replication-v1,fuzzy-intervention-memory-v1,q24_tenant_midband_sum__baseline,dba_local_memory_topk,multiregion_union,gac_multi_edge,global_query,confirmatory_q24_tenant_midband_sum,topology-isolation-large-n3-v1,dba_topk_balanced_stressed,eu_us_apac_gac,final_check,combined_pressure,local_intervention_memory,stressed,stressed,q24_tenant_midband_sum__shared_baseline,gac_raw_topk,confirmatory_holdout,,,,,,,,,global_gac_mitigation_gain_log2,confirmatory_action_replication,"gac_finalization_heavy,remote_fetch_heavy",pilot,"{""fetch_size"":""high"",""wan_latency"":""high"",""work_mem"":""high""}","supports_region_partitioning,supports_large_scan","{""filter_uses_distribution_key"":false,""group_by_uses_distribution_key"":false,""join_uses_distribution_key"":false,""multi_tenant_scope"":true,""order_by_uses_distribution_key"":false,""single_tenant_scope"":false,""tenant_filter_present"":false}",,balanced_williams_confirmatory,explicit_schedule,,false,4,279,false
cond-ddc9360c1d096719515d,cond-ddc9360c1d096719515d::r4,pair-8245d9dbb5c40df7d902a62e,pair-8245d9dbb5c40df7d902a62e::r4,q24_tenant_midband_sum__mitigate_remote_path_bundle__gac_fdw_dba_topk_raw__query_shape-tenant_midband_sum__cutoff_ts-2026-06-30-00-00-00-00__limit_k-250__include_apac-True,gac_fdw_dba_topk_raw,"{""cutoff_ts"": ""2026-06-30 00:00:00+00"", ""include_apac"": true, ""limit_k"": 250, ""query_shape"": ""tenant_midband_sum""}",master-regimes/generated/corpus/confirmatory-action-replication-v1/groups/confirmatory-action-replication-v1__topology-isolation-large-n3-v1__runtime-bundle-multi-edge__analytics_clients/queries/q24_tenant_midband_sum__mitigate_remote_path_bundle__gac_fdw_dba_topk_raw__query_shape-tenant_midband_sum__cutoff_ts-2026-06-30-00-00-00-00__limit_k-250__include_apac-True.sql,"coordinator_raw_fanin,coordinator_sort_topk",confirmatory-action-replication-v1,confirmatory-action-replication-v1,batch-confirmatory-action-replication-v1,fuzzy-intervention-memory-v1,q24_tenant_midband_sum__mitigate_remote_path_bundle,dba_local_memory_topk,multiregion_union,gac_multi_edge,global_query,confirmatory_q24_tenant_midband_sum,topology-isolation-large-n3-v1,dba_topk_balanced_remote_mitigated,eu_us_apac_gac,final_check,combined_pressure,local_intervention_memory,mitigated,mitigated,q24_tenant_midband_sum__mitigate_remote_path_bundle,remote_transport_bundle,confirmatory_holdout,,,,,,,,mitigate_remote_path_bundle,global_gac_mitigation_gain_log2,confirmatory_action_replication,"gac_finalization_heavy,remote_fetch_heavy",pilot,"{""fetch_size"":""high"",""wan_latency"":""high"",""work_mem"":""high""}","supports_region_partitioning,supports_large_scan","{""filter_uses_distribution_key"":false,""group_by_uses_distribution_key"":false,""join_uses_distribution_key"":false,""multi_tenant_scope"":true,""order_by_uses_distribution_key"":false,""single_tenant_scope"":false,""tenant_filter_present"":false}",,balanced_williams_confirmatory,explicit_schedule,,false,4,280,false
cond-7ae32f0997ca20ccfaf7,cond-7ae32f0997ca20ccfaf7::r4,pair-f44d65b3530b64496926c04a,pair-f44d65b3530b64496926c04a::r4,q20_event_tenant_weighted__regional_topk_candidates__gac_fdw_dba_topk_regional__query_shape-event_tenant_weighted__cutoff_ts-2026-06-30-00-00-00-00__limit_k-500__include_apac-True,gac_fdw_dba_topk_regional,"{""cutoff_ts"": ""2026-06-30 00:00:00+00"", ""include_apac"": true, ""limit_k"": 500, ""query_shape"": ""event_tenant_weighted""}",master-regimes/generated/corpus/confirmatory-action-replication-v1/groups/confirmatory-action-replication-v1__topology-isolation-large-n3-v1__runtime-bundle-multi-edge__analytics_clients/queries/q20_event_tenant_weighted__regional_topk_candidates__gac_fdw_dba_topk_regional__query_shape-event_tenant_weighted__cutoff_ts-2026-06-30-00-00-00-00__limit_k-500__include_apac-True.sql,"regional_topk,coordinator_sort_topk",confirmatory-action-replication-v1,confirmatory-action-replication-v1,batch-confirmatory-action-replication-v1,fuzzy-intervention-memory-v1,q20_event_tenant_weighted__regional_topk_candidates,dba_local_memory_topk,multiregion_union,gac_multi_edge,global_query,confirmatory_q20_event_tenant_weighted,topology-isolation-large-n3-v1,dba_topk_balanced_stressed,eu_us_apac_gac,final_check,combined_pressure,local_intervention_memory,mitigated,mitigated,q20_event_tenant_weighted__regional_topk_candidates,regional_topk_candidates,confirmatory_holdout,,,,,,,,regional_topk_candidates,global_gac_mitigation_gain_log2,confirmatory_action_replication,"gac_finalization_heavy,well_reduced_localized",pilot,"{""fetch_size"":""medium"",""wan_latency"":""medium"",""work_mem"":""medium""}","supports_region_partitioning,supports_large_scan","{""filter_uses_distribution_key"":false,""group_by_uses_distribution_key"":false,""join_uses_distribution_key"":false,""multi_tenant_scope"":true,""order_by_uses_distribution_key"":false,""single_tenant_scope"":false,""tenant_filter_present"":false}",,balanced_williams_confirmatory,explicit_schedule,,false,4,281,false
cond-9283a7e79baf0172c0a6,cond-9283a7e79baf0172c0a6::r4,pair-970812b299b3599cdb567a31,pair-970812b299b3599cdb567a31::r4,q20_event_tenant_weighted__mitigate_remote_path_bundle__gac_fdw_dba_topk_raw__query_shape-event_tenant_weighted__cutoff_ts-2026-06-30-00-00-00-00__limit_k-500__include_apac-True,gac_fdw_dba_topk_raw,"{""cutoff_ts"": ""2026-06-30 00:00:00+00"", ""include_apac"": true, ""limit_k"": 500, ""query_shape"": ""event_tenant_weighted""}",master-regimes/generated/corpus/confirmatory-action-replication-v1/groups/confirmatory-action-replication-v1__topology-isolation-large-n3-v1__runtime-bundle-multi-edge__analytics_clients/queries/q20_event_tenant_weighted__mitigate_remote_path_bundle__gac_fdw_dba_topk_raw__query_shape-event_tenant_weighted__cutoff_ts-2026-06-30-00-00-00-00__limit_k-500__include_apac-True.sql,"coordinator_raw_fanin,coordinator_sort_topk",confirmatory-action-replication-v1,confirmatory-action-replication-v1,batch-confirmatory-action-replication-v1,fuzzy-intervention-memory-v1,q20_event_tenant_weighted__mitigate_remote_path_bundle,dba_local_memory_topk,multiregion_union,gac_multi_edge,global_query,confirmatory_q20_event_tenant_weighted,topology-isolation-large-n3-v1,dba_topk_balanced_remote_mitigated,eu_us_apac_gac,final_check,combined_pressure,local_intervention_memory,mitigated,mitigated,q20_event_tenant_weighted__mitigate_remote_path_bundle,remote_transport_bundle,confirmatory_holdout,,,,,,,,mitigate_remote_path_bundle,global_gac_mitigation_gain_log2,confirmatory_action_replication,"gac_finalization_heavy,remote_fetch_heavy",pilot,"{""fetch_size"":""high"",""wan_latency"":""high"",""work_mem"":""high""}","supports_region_partitioning,supports_large_scan","{""filter_uses_distribution_key"":false,""group_by_uses_distribution_key"":false,""join_uses_distribution_key"":false,""multi_tenant_scope"":true,""order_by_uses_distribution_key"":false,""single_tenant_scope"":false,""tenant_filter_present"":false}",,balanced_williams_confirmatory,explicit_schedule,,false,4,282,false
cond-b30a7fc475b723e301be,cond-b30a7fc475b723e301be::r4,pair-36424e6eeabbe6a53f810b32,pair-36424e6eeabbe6a53f810b32::r4,q20_event_tenant_weighted__increase_gac_work_mem__gac_fdw_dba_topk_raw__query_shape-event_tenant_weighted__cutoff_ts-2026-06-30-00-00-00-00__limit_k-500__include_apac-True,gac_fdw_dba_topk_raw,"{""cutoff_ts"": ""2026-06-30 00:00:00+00"", ""include_apac"": true, ""limit_k"": 500, ""query_shape"": ""event_tenant_weighted""}",master-regimes/generated/corpus/confirmatory-action-replication-v1/groups/confirmatory-action-replication-v1__topology-isolation-large-n3-v1__runtime-bundle-multi-edge__analytics_clients/queries/q20_event_tenant_weighted__increase_gac_work_mem__gac_fdw_dba_topk_raw__query_shape-event_tenant_weighted__cutoff_ts-2026-06-30-00-00-00-00__limit_k-500__include_apac-True.sql,"coordinator_raw_fanin,coordinator_sort_topk",confirmatory-action-replication-v1,confirmatory-action-replication-v1,batch-confirmatory-action-replication-v1,fuzzy-intervention-memory-v1,q20_event_tenant_weighted__increase_gac_work_mem,dba_local_memory_topk,multiregion_union,gac_multi_edge,global_query,confirmatory_q20_event_tenant_weighted,topology-isolation-large-n3-v1,dba_topk_balanced_gac_mitigated,eu_us_apac_gac,final_check,combined_pressure,local_intervention_memory,mitigated,mitigated,q20_event_tenant_weighted__increase_gac_work_mem,gac_memory_increase,confirmatory_holdout,,,,,,,,increase_gac_work_mem,global_gac_mitigation_gain_log2,confirmatory_action_replication,"gac_finalization_heavy,remote_fetch_heavy",pilot,"{""fetch_size"":""high"",""wan_latency"":""high"",""work_mem"":""high""}","supports_region_partitioning,supports_large_scan","{""filter_uses_distribution_key"":false,""group_by_uses_distribution_key"":false,""join_uses_distribution_key"":false,""multi_tenant_scope"":true,""order_by_uses_distribution_key"":false,""single_tenant_scope"":false,""tenant_filter_present"":false}",,balanced_williams_confirmatory,explicit_schedule,,false,4,283,false
cond-5926239db67afb9d46cb,cond-5926239db67afb9d46cb::r4,pair-d76afafbb498655d732c241a,pair-d76afafbb498655d732c241a::r4,q20_event_tenant_weighted__baseline__gac_fdw_dba_topk_raw__query_shape-event_tenant_weighted__cutoff_ts-2026-06-30-00-00-00-00__limit_k-500__include_apac-True,gac_fdw_dba_topk_raw,"{""cutoff_ts"": ""2026-06-30 00:00:00+00"", ""include_apac"": true, ""limit_k"": 500, ""query_shape"": ""event_tenant_weighted""}",master-regimes/generated/corpus/confirmatory-action-replication-v1/groups/confirmatory-action-replication-v1__topology-isolation-large-n3-v1__runtime-bundle-multi-edge__analytics_clients/queries/q20_event_tenant_weighted__baseline__gac_fdw_dba_topk_raw__query_shape-event_tenant_weighted__cutoff_ts-2026-06-30-00-00-00-00__limit_k-500__include_apac-True.sql,"coordinator_raw_fanin,coordinator_sort_topk",confirmatory-action-replication-v1,confirmatory-action-replication-v1,batch-confirmatory-action-replication-v1,fuzzy-intervention-memory-v1,q20_event_tenant_weighted__baseline,dba_local_memory_topk,multiregion_union,gac_multi_edge,global_query,confirmatory_q20_event_tenant_weighted,topology-isolation-large-n3-v1,dba_topk_balanced_stressed,eu_us_apac_gac,final_check,combined_pressure,local_intervention_memory,stressed,stressed,q20_event_tenant_weighted__shared_baseline,gac_raw_topk,confirmatory_holdout,,,,,,,,,global_gac_mitigation_gain_log2,confirmatory_action_replication,"gac_finalization_heavy,remote_fetch_heavy",pilot,"{""fetch_size"":""high"",""wan_latency"":""high"",""work_mem"":""high""}","supports_region_partitioning,supports_large_scan","{""filter_uses_distribution_key"":false,""group_by_uses_distribution_key"":false,""join_uses_distribution_key"":false,""multi_tenant_scope"":true,""order_by_uses_distribution_key"":false,""single_tenant_scope"":false,""tenant_filter_present"":false}",,balanced_williams_confirmatory,explicit_schedule,,false,4,284,false
cond-45e1b3b75d664c5f6426,cond-45e1b3b75d664c5f6426::r4,pair-6aeb339e9e03cf7f162aaa8a,pair-6aeb339e9e03cf7f162aaa8a::r4,q21_tenant_value_range__mitigate_remote_path_bundle__gac_fdw_dba_topk_raw__query_shape-tenant_value_range__cutoff_ts-2026-06-29-00-00-00-00__limit_k-25__include_apac-True,gac_fdw_dba_topk_raw,"{""cutoff_ts"": ""2026-06-29 00:00:00+00"", ""include_apac"": true, ""limit_k"": 25, ""query_shape"": ""tenant_value_range""}",master-regimes/generated/corpus/confirmatory-action-replication-v1/groups/confirmatory-action-replication-v1__topology-isolation-large-n3-v1__runtime-bundle-multi-edge__analytics_clients/queries/q21_tenant_value_range__mitigate_remote_path_bundle__gac_fdw_dba_topk_raw__query_shape-tenant_value_range__cutoff_ts-2026-06-29-00-00-00-00__limit_k-25__include_apac-True.sql,"coordinator_raw_fanin,coordinator_sort_topk",confirmatory-action-replication-v1,confirmatory-action-replication-v1,batch-confirmatory-action-replication-v1,fuzzy-intervention-memory-v1,q21_tenant_value_range__mitigate_remote_path_bundle,dba_local_memory_topk,multiregion_union,gac_multi_edge,global_query,confirmatory_q21_tenant_value_range,topology-isolation-large-n3-v1,dba_topk_balanced_remote_mitigated,eu_us_apac_gac,final_check,combined_pressure,local_intervention_memory,mitigated,mitigated,q21_tenant_value_range__mitigate_remote_path_bundle,remote_transport_bundle,confirmatory_holdout,,,,,,,,mitigate_remote_path_bundle,global_gac_mitigation_gain_log2,confirmatory_action_replication,"gac_finalization_heavy,remote_fetch_heavy",pilot,"{""fetch_size"":""high"",""wan_latency"":""high"",""work_mem"":""high""}","supports_region_partitioning,supports_large_scan","{""filter_uses_distribution_key"":false,""group_by_uses_distribution_key"":false,""join_uses_distribution_key"":false,""multi_tenant_scope"":true,""order_by_uses_distribution_key"":false,""single_tenant_scope"":false,""tenant_filter_present"":false}",,balanced_williams_confirmatory,explicit_schedule,,false,4,285,false
cond-ff41e225c9daa4852d73,cond-ff41e225c9daa4852d73::r4,pair-5e510e3b1a7c2ae9c5cf4ff4,pair-5e510e3b1a7c2ae9c5cf4ff4::r4,q21_tenant_value_range__baseline__gac_fdw_dba_topk_raw__query_shape-tenant_value_range__cutoff_ts-2026-06-29-00-00-00-00__limit_k-25__include_apac-True,gac_fdw_dba_topk_raw,"{""cutoff_ts"": ""2026-06-29 00:00:00+00"", ""include_apac"": true, ""limit_k"": 25, ""query_shape"": ""tenant_value_range""}",master-regimes/generated/corpus/confirmatory-action-replication-v1/groups/confirmatory-action-replication-v1__topology-isolation-large-n3-v1__runtime-bundle-multi-edge__analytics_clients/queries/q21_tenant_value_range__baseline__gac_fdw_dba_topk_raw__query_shape-tenant_value_range__cutoff_ts-2026-06-29-00-00-00-00__limit_k-25__include_apac-True.sql,"coordinator_raw_fanin,coordinator_sort_topk",confirmatory-action-replication-v1,confirmatory-action-replication-v1,batch-confirmatory-action-replication-v1,fuzzy-intervention-memory-v1,q21_tenant_value_range__baseline,dba_local_memory_topk,multiregion_union,gac_multi_edge,global_query,confirmatory_q21_tenant_value_range,topology-isolation-large-n3-v1,dba_topk_balanced_stressed,eu_us_apac_gac,final_check,combined_pressure,local_intervention_memory,stressed,stressed,q21_tenant_value_range__shared_baseline,gac_raw_topk,confirmatory_holdout,,,,,,,,,global_gac_mitigation_gain_log2,confirmatory_action_replication,"gac_finalization_heavy,remote_fetch_heavy",pilot,"{""fetch_size"":""high"",""wan_latency"":""high"",""work_mem"":""high""}","supports_region_partitioning,supports_large_scan","{""filter_uses_distribution_key"":false,""group_by_uses_distribution_key"":false,""join_uses_distribution_key"":false,""multi_tenant_scope"":true,""order_by_uses_distribution_key"":false,""single_tenant_scope"":false,""tenant_filter_present"":false}",,balanced_williams_confirmatory,explicit_schedule,,false,4,286,false
cond-84c446660059908a1502,cond-84c446660059908a1502::r4,pair-ff3de517f1659be9713a58e4,pair-ff3de517f1659be9713a58e4::r4,q21_tenant_value_range__regional_topk_candidates__gac_fdw_dba_topk_regional__query_shape-tenant_value_range__cutoff_ts-2026-06-29-00-00-00-00__limit_k-25__include_apac-True,gac_fdw_dba_topk_regional,"{""cutoff_ts"": ""2026-06-29 00:00:00+00"", ""include_apac"": true, ""limit_k"": 25, ""query_shape"": ""tenant_value_range""}",master-regimes/generated/corpus/confirmatory-action-replication-v1/groups/confirmatory-action-replication-v1__topology-isolation-large-n3-v1__runtime-bundle-multi-edge__analytics_clients/queries/q21_tenant_value_range__regional_topk_candidates__gac_fdw_dba_topk_regional__query_shape-tenant_value_range__cutoff_ts-2026-06-29-00-00-00-00__limit_k-25__include_apac-True.sql,"regional_topk,coordinator_sort_topk",confirmatory-action-replication-v1,confirmatory-action-replication-v1,batch-confirmatory-action-replication-v1,fuzzy-intervention-memory-v1,q21_tenant_value_range__regional_topk_candidates,dba_local_memory_topk,multiregion_union,gac_multi_edge,global_query,confirmatory_q21_tenant_value_range,topology-isolation-large-n3-v1,dba_topk_balanced_stressed,eu_us_apac_gac,final_check,combined_pressure,local_intervention_memory,mitigated,mitigated,q21_tenant_value_range__regional_topk_candidates,regional_topk_candidates,confirmatory_holdout,,,,,,,,regional_topk_candidates,global_gac_mitigation_gain_log2,confirmatory_action_replication,"gac_finalization_heavy,well_reduced_localized",pilot,"{""fetch_size"":""medium"",""wan_latency"":""medium"",""work_mem"":""medium""}","supports_region_partitioning,supports_large_scan","{""filter_uses_distribution_key"":false,""group_by_uses_distribution_key"":false,""join_uses_distribution_key"":false,""multi_tenant_scope"":true,""order_by_uses_distribution_key"":false,""single_tenant_scope"":false,""tenant_filter_present"":false}",,balanced_williams_confirmatory,explicit_schedule,,false,4,287,false
cond-15e89c93076e5554776a,cond-15e89c93076e5554776a::r4,pair-071f913e036d71f534b5eab2,pair-071f913e036d71f534b5eab2::r4,q21_tenant_value_range__increase_gac_work_mem__gac_fdw_dba_topk_raw__query_shape-tenant_value_range__cutoff_ts-2026-06-29-00-00-00-00__limit_k-25__include_apac-True,gac_fdw_dba_topk_raw,"{""cutoff_ts"": ""2026-06-29 00:00:00+00"", ""include_apac"": true, ""limit_k"": 25, ""query_shape"": ""tenant_value_range""}",master-regimes/generated/corpus/confirmatory-action-replication-v1/groups/confirmatory-action-replication-v1__topology-isolation-large-n3-v1__runtime-bundle-multi-edge__analytics_clients/queries/q21_tenant_value_range__increase_gac_work_mem__gac_fdw_dba_topk_raw__query_shape-tenant_value_range__cutoff_ts-2026-06-29-00-00-00-00__limit_k-25__include_apac-True.sql,"coordinator_raw_fanin,coordinator_sort_topk",confirmatory-action-replication-v1,confirmatory-action-replication-v1,batch-confirmatory-action-replication-v1,fuzzy-intervention-memory-v1,q21_tenant_value_range__increase_gac_work_mem,dba_local_memory_topk,multiregion_union,gac_multi_edge,global_query,confirmatory_q21_tenant_value_range,topology-isolation-large-n3-v1,dba_topk_balanced_gac_mitigated,eu_us_apac_gac,final_check,combined_pressure,local_intervention_memory,mitigated,mitigated,q21_tenant_value_range__increase_gac_work_mem,gac_memory_increase,confirmatory_holdout,,,,,,,,increase_gac_work_mem,global_gac_mitigation_gain_log2,confirmatory_action_replication,"gac_finalization_heavy,remote_fetch_heavy",pilot,"{""fetch_size"":""high"",""wan_latency"":""high"",""work_mem"":""high""}","supports_region_partitioning,supports_large_scan","{""filter_uses_distribution_key"":false,""group_by_uses_distribution_key"":false,""join_uses_distribution_key"":false,""multi_tenant_scope"":true,""order_by_uses_distribution_key"":false,""single_tenant_scope"":false,""tenant_filter_present"":false}",,balanced_williams_confirmatory,explicit_schedule,,false,4,288,false
cond-a303f06d1d83f7eaea61,cond-a303f06d1d83f7eaea61::r4,pair-37c16ba5bb4563f09fb38061,pair-37c16ba5bb4563f09fb38061::r4,q25_tenant_day_avg__baseline__gac_fdw_dba_topk_raw__query_shape-tenant_day_avg__cutoff_ts-2026-06-29-00-00-00-00__limit_k-500__include_apac-True,gac_fdw_dba_topk_raw,"{""cutoff_ts"": ""2026-06-29 00:00:00+00"", ""include_apac"": true, ""limit_k"": 500, ""query_shape"": ""tenant_day_avg""}",master-regimes/generated/corpus/confirmatory-action-replication-v1/groups/confirmatory-action-replication-v1__topology-isolation-large-n3-v1__runtime-bundle-multi-edge__analytics_clients/queries/q25_tenant_day_avg__baseline__gac_fdw_dba_topk_raw__query_shape-tenant_day_avg__cutoff_ts-2026-06-29-00-00-00-00__limit_k-500__include_apac-True.sql,"coordinator_raw_fanin,coordinator_sort_topk",confirmatory-action-replication-v1,confirmatory-action-replication-v1,batch-confirmatory-action-replication-v1,fuzzy-intervention-memory-v1,q25_tenant_day_avg__baseline,dba_local_memory_topk,multiregion_union,gac_multi_edge,global_query,confirmatory_q25_tenant_day_avg,topology-isolation-large-n3-v1,dba_topk_balanced_stressed,eu_us_apac_gac,final_check,combined_pressure,local_intervention_memory,stressed,stressed,q25_tenant_day_avg__shared_baseline,gac_raw_topk,confirmatory_holdout,,,,,,,,,global_gac_mitigation_gain_log2,confirmatory_action_replication,"gac_finalization_heavy,remote_fetch_heavy",pilot,"{""fetch_size"":""high"",""wan_latency"":""high"",""work_mem"":""high""}","supports_region_partitioning,supports_large_scan","{""filter_uses_distribution_key"":false,""group_by_uses_distribution_key"":false,""join_uses_distribution_key"":false,""multi_tenant_scope"":true,""order_by_uses_distribution_key"":false,""single_tenant_scope"":false,""tenant_filter_present"":false}",,balanced_williams_confirmatory,explicit_schedule,,false,4,289,false
cond-1ddc98899ffb69fd6f9c,cond-1ddc98899ffb69fd6f9c::r4,pair-71b0d769c4fdabdab532c563,pair-71b0d769c4fdabdab532c563::r4,q25_tenant_day_avg__increase_gac_work_mem__gac_fdw_dba_topk_raw__query_shape-tenant_day_avg__cutoff_ts-2026-06-29-00-00-00-00__limit_k-500__include_apac-True,gac_fdw_dba_topk_raw,"{""cutoff_ts"": ""2026-06-29 00:00:00+00"", ""include_apac"": true, ""limit_k"": 500, ""query_shape"": ""tenant_day_avg""}",master-regimes/generated/corpus/confirmatory-action-replication-v1/groups/confirmatory-action-replication-v1__topology-isolation-large-n3-v1__runtime-bundle-multi-edge__analytics_clients/queries/q25_tenant_day_avg__increase_gac_work_mem__gac_fdw_dba_topk_raw__query_shape-tenant_day_avg__cutoff_ts-2026-06-29-00-00-00-00__limit_k-500__include_apac-True.sql,"coordinator_raw_fanin,coordinator_sort_topk",confirmatory-action-replication-v1,confirmatory-action-replication-v1,batch-confirmatory-action-replication-v1,fuzzy-intervention-memory-v1,q25_tenant_day_avg__increase_gac_work_mem,dba_local_memory_topk,multiregion_union,gac_multi_edge,global_query,confirmatory_q25_tenant_day_avg,topology-isolation-large-n3-v1,dba_topk_balanced_gac_mitigated,eu_us_apac_gac,final_check,combined_pressure,local_intervention_memory,mitigated,mitigated,q25_tenant_day_avg__increase_gac_work_mem,gac_memory_increase,confirmatory_holdout,,,,,,,,increase_gac_work_mem,global_gac_mitigation_gain_log2,confirmatory_action_replication,"gac_finalization_heavy,remote_fetch_heavy",pilot,"{""fetch_size"":""high"",""wan_latency"":""high"",""work_mem"":""high""}","supports_region_partitioning,supports_large_scan","{""filter_uses_distribution_key"":false,""group_by_uses_distribution_key"":false,""join_uses_distribution_key"":false,""multi_tenant_scope"":true,""order_by_uses_distribution_key"":false,""single_tenant_scope"":false,""tenant_filter_present"":false}",,balanced_williams_confirmatory,explicit_schedule,,false,4,290,false
cond-a31fb62a5a5f78eee06c,cond-a31fb62a5a5f78eee06c::r4,pair-cf20192341c52470fd38e45c,pair-cf20192341c52470fd38e45c::r4,q25_tenant_day_avg__mitigate_remote_path_bundle__gac_fdw_dba_topk_raw__query_shape-tenant_day_avg__cutoff_ts-2026-06-29-00-00-00-00__limit_k-500__include_apac-True,gac_fdw_dba_topk_raw,"{""cutoff_ts"": ""2026-06-29 00:00:00+00"", ""include_apac"": true, ""limit_k"": 500, ""query_shape"": ""tenant_day_avg""}",master-regimes/generated/corpus/confirmatory-action-replication-v1/groups/confirmatory-action-replication-v1__topology-isolation-large-n3-v1__runtime-bundle-multi-edge__analytics_clients/queries/q25_tenant_day_avg__mitigate_remote_path_bundle__gac_fdw_dba_topk_raw__query_shape-tenant_day_avg__cutoff_ts-2026-06-29-00-00-00-00__limit_k-500__include_apac-True.sql,"coordinator_raw_fanin,coordinator_sort_topk",confirmatory-action-replication-v1,confirmatory-action-replication-v1,batch-confirmatory-action-replication-v1,fuzzy-intervention-memory-v1,q25_tenant_day_avg__mitigate_remote_path_bundle,dba_local_memory_topk,multiregion_union,gac_multi_edge,global_query,confirmatory_q25_tenant_day_avg,topology-isolation-large-n3-v1,dba_topk_balanced_remote_mitigated,eu_us_apac_gac,final_check,combined_pressure,local_intervention_memory,mitigated,mitigated,q25_tenant_day_avg__mitigate_remote_path_bundle,remote_transport_bundle,confirmatory_holdout,,,,,,,,mitigate_remote_path_bundle,global_gac_mitigation_gain_log2,confirmatory_action_replication,"gac_finalization_heavy,remote_fetch_heavy",pilot,"{""fetch_size"":""high"",""wan_latency"":""high"",""work_mem"":""high""}","supports_region_partitioning,supports_large_scan","{""filter_uses_distribution_key"":false,""group_by_uses_distribution_key"":false,""join_uses_distribution_key"":false,""multi_tenant_scope"":true,""order_by_uses_distribution_key"":false,""single_tenant_scope"":false,""tenant_filter_present"":false}",,balanced_williams_confirmatory,explicit_schedule,,false,4,291,false
cond-a28e3ac8abd2d1db0d3b,cond-a28e3ac8abd2d1db0d3b::r4,pair-a0b811d0028ad1e1c015c593,pair-a0b811d0028ad1e1c015c593::r4,q25_tenant_day_avg__regional_topk_candidates__gac_fdw_dba_topk_regional__query_shape-tenant_day_avg__cutoff_ts-2026-06-29-00-00-00-00__limit_k-500__include_apac-True,gac_fdw_dba_topk_regional,"{""cutoff_ts"": ""2026-06-29 00:00:00+00"", ""include_apac"": true, ""limit_k"": 500, ""query_shape"": ""tenant_day_avg""}",master-regimes/generated/corpus/confirmatory-action-replication-v1/groups/confirmatory-action-replication-v1__topology-isolation-large-n3-v1__runtime-bundle-multi-edge__analytics_clients/queries/q25_tenant_day_avg__regional_topk_candidates__gac_fdw_dba_topk_regional__query_shape-tenant_day_avg__cutoff_ts-2026-06-29-00-00-00-00__limit_k-500__include_apac-True.sql,"regional_topk,coordinator_sort_topk",confirmatory-action-replication-v1,confirmatory-action-replication-v1,batch-confirmatory-action-replication-v1,fuzzy-intervention-memory-v1,q25_tenant_day_avg__regional_topk_candidates,dba_local_memory_topk,multiregion_union,gac_multi_edge,global_query,confirmatory_q25_tenant_day_avg,topology-isolation-large-n3-v1,dba_topk_balanced_stressed,eu_us_apac_gac,final_check,combined_pressure,local_intervention_memory,mitigated,mitigated,q25_tenant_day_avg__regional_topk_candidates,regional_topk_candidates,confirmatory_holdout,,,,,,,,regional_topk_candidates,global_gac_mitigation_gain_log2,confirmatory_action_replication,"gac_finalization_heavy,well_reduced_localized",pilot,"{""fetch_size"":""medium"",""wan_latency"":""medium"",""work_mem"":""medium""}","supports_region_partitioning,supports_large_scan","{""filter_uses_distribution_key"":false,""group_by_uses_distribution_key"":false,""join_uses_distribution_key"":false,""multi_tenant_scope"":true,""order_by_uses_distribution_key"":false,""single_tenant_scope"":false,""tenant_filter_present"":false}",,balanced_williams_confirmatory,explicit_schedule,,false,4,292,false
cond-af05aee8f4f3a1e281ce,cond-af05aee8f4f3a1e281ce::r4,pair-f72a4f98468d2ac871e859f6,pair-f72a4f98468d2ac871e859f6::r4,q22_tenant_distinct_users__increase_gac_work_mem__gac_fdw_dba_topk_raw__query_shape-tenant_distinct_users__cutoff_ts-2026-06-27-00-00-00-00__limit_k-50__include_apac-True,gac_fdw_dba_topk_raw,"{""cutoff_ts"": ""2026-06-27 00:00:00+00"", ""include_apac"": true, ""limit_k"": 50, ""query_shape"": ""tenant_distinct_users""}",master-regimes/generated/corpus/confirmatory-action-replication-v1/groups/confirmatory-action-replication-v1__topology-isolation-large-n3-v1__runtime-bundle-multi-edge__analytics_clients/queries/q22_tenant_distinct_users__increase_gac_work_mem__gac_fdw_dba_topk_raw__query_shape-tenant_distinct_users__cutoff_ts-2026-06-27-00-00-00-00__limit_k-50__include_apac-True.sql,"coordinator_raw_fanin,coordinator_sort_topk",confirmatory-action-replication-v1,confirmatory-action-replication-v1,batch-confirmatory-action-replication-v1,fuzzy-intervention-memory-v1,q22_tenant_distinct_users__increase_gac_work_mem,dba_local_memory_topk,multiregion_union,gac_multi_edge,global_query,confirmatory_q22_tenant_distinct_users,topology-isolation-large-n3-v1,dba_topk_balanced_gac_mitigated,eu_us_apac_gac,final_check,combined_pressure,local_intervention_memory,mitigated,mitigated,q22_tenant_distinct_users__increase_gac_work_mem,gac_memory_increase,confirmatory_holdout,,,,,,,,increase_gac_work_mem,global_gac_mitigation_gain_log2,confirmatory_action_replication,"gac_finalization_heavy,remote_fetch_heavy",pilot,"{""fetch_size"":""high"",""wan_latency"":""high"",""work_mem"":""high""}","supports_region_partitioning,supports_large_scan","{""filter_uses_distribution_key"":false,""group_by_uses_distribution_key"":false,""join_uses_distribution_key"":false,""multi_tenant_scope"":true,""order_by_uses_distribution_key"":false,""single_tenant_scope"":false,""tenant_filter_present"":false}",,balanced_williams_confirmatory,explicit_schedule,,false,4,293,false
cond-5946457e5fe45602d4c9,cond-5946457e5fe45602d4c9::r4,pair-a54ea92d36592a318d7b2308,pair-a54ea92d36592a318d7b2308::r4,q22_tenant_distinct_users__regional_topk_candidates__gac_fdw_dba_topk_regional__query_shape-tenant_distinct_users__cutoff_ts-2026-06-27-00-00-00-00__limit_k-50__include_apac-True,gac_fdw_dba_topk_regional,"{""cutoff_ts"": ""2026-06-27 00:00:00+00"", ""include_apac"": true, ""limit_k"": 50, ""query_shape"": ""tenant_distinct_users""}",master-regimes/generated/corpus/confirmatory-action-replication-v1/groups/confirmatory-action-replication-v1__topology-isolation-large-n3-v1__runtime-bundle-multi-edge__analytics_clients/queries/q22_tenant_distinct_users__regional_topk_candidates__gac_fdw_dba_topk_regional__query_shape-tenant_distinct_users__cutoff_ts-2026-06-27-00-00-00-00__limit_k-50__include_apac-True.sql,"regional_topk,coordinator_sort_topk",confirmatory-action-replication-v1,confirmatory-action-replication-v1,batch-confirmatory-action-replication-v1,fuzzy-intervention-memory-v1,q22_tenant_distinct_users__regional_topk_candidates,dba_local_memory_topk,multiregion_union,gac_multi_edge,global_query,confirmatory_q22_tenant_distinct_users,topology-isolation-large-n3-v1,dba_topk_balanced_stressed,eu_us_apac_gac,final_check,combined_pressure,local_intervention_memory,mitigated,mitigated,q22_tenant_distinct_users__regional_topk_candidates,regional_topk_candidates,confirmatory_holdout,,,,,,,,regional_topk_candidates,global_gac_mitigation_gain_log2,confirmatory_action_replication,"gac_finalization_heavy,well_reduced_localized",pilot,"{""fetch_size"":""medium"",""wan_latency"":""medium"",""work_mem"":""medium""}","supports_region_partitioning,supports_large_scan","{""filter_uses_distribution_key"":false,""group_by_uses_distribution_key"":false,""join_uses_distribution_key"":false,""multi_tenant_scope"":true,""order_by_uses_distribution_key"":false,""single_tenant_scope"":false,""tenant_filter_present"":false}",,balanced_williams_confirmatory,explicit_schedule,,false,4,294,false
cond-333f20684c53a3cb86ae,cond-333f20684c53a3cb86ae::r4,pair-84b49c7fea3a65ec45d2b72f,pair-84b49c7fea3a65ec45d2b72f::r4,q22_tenant_distinct_users__baseline__gac_fdw_dba_topk_raw__query_shape-tenant_distinct_users__cutoff_ts-2026-06-27-00-00-00-00__limit_k-50__include_apac-True,gac_fdw_dba_topk_raw,"{""cutoff_ts"": ""2026-06-27 00:00:00+00"", ""include_apac"": true, ""limit_k"": 50, ""query_shape"": ""tenant_distinct_users""}",master-regimes/generated/corpus/confirmatory-action-replication-v1/groups/confirmatory-action-replication-v1__topology-isolation-large-n3-v1__runtime-bundle-multi-edge__analytics_clients/queries/q22_tenant_distinct_users__baseline__gac_fdw_dba_topk_raw__query_shape-tenant_distinct_users__cutoff_ts-2026-06-27-00-00-00-00__limit_k-50__include_apac-True.sql,"coordinator_raw_fanin,coordinator_sort_topk",confirmatory-action-replication-v1,confirmatory-action-replication-v1,batch-confirmatory-action-replication-v1,fuzzy-intervention-memory-v1,q22_tenant_distinct_users__baseline,dba_local_memory_topk,multiregion_union,gac_multi_edge,global_query,confirmatory_q22_tenant_distinct_users,topology-isolation-large-n3-v1,dba_topk_balanced_stressed,eu_us_apac_gac,final_check,combined_pressure,local_intervention_memory,stressed,stressed,q22_tenant_distinct_users__shared_baseline,gac_raw_topk,confirmatory_holdout,,,,,,,,,global_gac_mitigation_gain_log2,confirmatory_action_replication,"gac_finalization_heavy,remote_fetch_heavy",pilot,"{""fetch_size"":""high"",""wan_latency"":""high"",""work_mem"":""high""}","supports_region_partitioning,supports_large_scan","{""filter_uses_distribution_key"":false,""group_by_uses_distribution_key"":false,""join_uses_distribution_key"":false,""multi_tenant_scope"":true,""order_by_uses_distribution_key"":false,""single_tenant_scope"":false,""tenant_filter_present"":false}",,balanced_williams_confirmatory,explicit_schedule,,false,4,295,false
cond-45acff50290f701783f3,cond-45acff50290f701783f3::r4,pair-2e5b6474e54580d4292c4816,pair-2e5b6474e54580d4292c4816::r4,q22_tenant_distinct_users__mitigate_remote_path_bundle__gac_fdw_dba_topk_raw__query_shape-tenant_distinct_users__cutoff_ts-2026-06-27-00-00-00-00__limit_k-50__include_apac-True,gac_fdw_dba_topk_raw,"{""cutoff_ts"": ""2026-06-27 00:00:00+00"", ""include_apac"": true, ""limit_k"": 50, ""query_shape"": ""tenant_distinct_users""}",master-regimes/generated/corpus/confirmatory-action-replication-v1/groups/confirmatory-action-replication-v1__topology-isolation-large-n3-v1__runtime-bundle-multi-edge__analytics_clients/queries/q22_tenant_distinct_users__mitigate_remote_path_bundle__gac_fdw_dba_topk_raw__query_shape-tenant_distinct_users__cutoff_ts-2026-06-27-00-00-00-00__limit_k-50__include_apac-True.sql,"coordinator_raw_fanin,coordinator_sort_topk",confirmatory-action-replication-v1,confirmatory-action-replication-v1,batch-confirmatory-action-replication-v1,fuzzy-intervention-memory-v1,q22_tenant_distinct_users__mitigate_remote_path_bundle,dba_local_memory_topk,multiregion_union,gac_multi_edge,global_query,confirmatory_q22_tenant_distinct_users,topology-isolation-large-n3-v1,dba_topk_balanced_remote_mitigated,eu_us_apac_gac,final_check,combined_pressure,local_intervention_memory,mitigated,mitigated,q22_tenant_distinct_users__mitigate_remote_path_bundle,remote_transport_bundle,confirmatory_holdout,,,,,,,,mitigate_remote_path_bundle,global_gac_mitigation_gain_log2,confirmatory_action_replication,"gac_finalization_heavy,remote_fetch_heavy",pilot,"{""fetch_size"":""high"",""wan_latency"":""high"",""work_mem"":""high""}","supports_region_partitioning,supports_large_scan","{""filter_uses_distribution_key"":false,""group_by_uses_distribution_key"":false,""join_uses_distribution_key"":false,""multi_tenant_scope"":true,""order_by_uses_distribution_key"":false,""single_tenant_scope"":false,""tenant_filter_present"":false}",,balanced_williams_confirmatory,explicit_schedule,,false,4,296,false
cond-1671ed2fbc5b758ad44e,cond-1671ed2fbc5b758ad44e::r4,pair-30f364f40ee066e237b2fe99,pair-30f364f40ee066e237b2fe99::r4,q29_user_value_range__regional_topk_candidates__gac_fdw_dba_topk_regional__query_shape-user_value_range__cutoff_ts-2026-06-24-00-00-00-00__limit_k-250__include_apac-True,gac_fdw_dba_topk_regional,"{""cutoff_ts"": ""2026-06-24 00:00:00+00"", ""include_apac"": true, ""limit_k"": 250, ""query_shape"": ""user_value_range""}",master-regimes/generated/corpus/confirmatory-action-replication-v1/groups/confirmatory-action-replication-v1__topology-isolation-large-n3-v1__runtime-bundle-multi-edge__analytics_clients/queries/q29_user_value_range__regional_topk_candidates__gac_fdw_dba_topk_regional__query_shape-user_value_range__cutoff_ts-2026-06-24-00-00-00-00__limit_k-250__include_apac-True.sql,"regional_topk,coordinator_sort_topk",confirmatory-action-replication-v1,confirmatory-action-replication-v1,batch-confirmatory-action-replication-v1,fuzzy-intervention-memory-v1,q29_user_value_range__regional_topk_candidates,dba_local_memory_topk,multiregion_union,gac_multi_edge,global_query,confirmatory_q29_user_value_range,topology-isolation-large-n3-v1,dba_topk_balanced_stressed,eu_us_apac_gac,final_check,combined_pressure,local_intervention_memory,mitigated,mitigated,q29_user_value_range__regional_topk_candidates,regional_topk_candidates,confirmatory_holdout,,,,,,,,regional_topk_candidates,global_gac_mitigation_gain_log2,confirmatory_action_replication,"gac_finalization_heavy,well_reduced_localized",pilot,"{""fetch_size"":""medium"",""wan_latency"":""medium"",""work_mem"":""medium""}","supports_region_partitioning,supports_large_scan","{""filter_uses_distribution_key"":false,""group_by_uses_distribution_key"":false,""join_uses_distribution_key"":false,""multi_tenant_scope"":true,""order_by_uses_distribution_key"":false,""single_tenant_scope"":false,""tenant_filter_present"":false}",,balanced_williams_confirmatory,explicit_schedule,,false,4,297,false
cond-f45b8496a90049d0b97d,cond-f45b8496a90049d0b97d::r4,pair-321448c9b9fa37f205517ab2,pair-321448c9b9fa37f205517ab2::r4,q29_user_value_range__mitigate_remote_path_bundle__gac_fdw_dba_topk_raw__query_shape-user_value_range__cutoff_ts-2026-06-24-00-00-00-00__limit_k-250__include_apac-True,gac_fdw_dba_topk_raw,"{""cutoff_ts"": ""2026-06-24 00:00:00+00"", ""include_apac"": true, ""limit_k"": 250, ""query_shape"": ""user_value_range""}",master-regimes/generated/corpus/confirmatory-action-replication-v1/groups/confirmatory-action-replication-v1__topology-isolation-large-n3-v1__runtime-bundle-multi-edge__analytics_clients/queries/q29_user_value_range__mitigate_remote_path_bundle__gac_fdw_dba_topk_raw__query_shape-user_value_range__cutoff_ts-2026-06-24-00-00-00-00__limit_k-250__include_apac-True.sql,"coordinator_raw_fanin,coordinator_sort_topk",confirmatory-action-replication-v1,confirmatory-action-replication-v1,batch-confirmatory-action-replication-v1,fuzzy-intervention-memory-v1,q29_user_value_range__mitigate_remote_path_bundle,dba_local_memory_topk,multiregion_union,gac_multi_edge,global_query,confirmatory_q29_user_value_range,topology-isolation-large-n3-v1,dba_topk_balanced_remote_mitigated,eu_us_apac_gac,final_check,combined_pressure,local_intervention_memory,mitigated,mitigated,q29_user_value_range__mitigate_remote_path_bundle,remote_transport_bundle,confirmatory_holdout,,,,,,,,mitigate_remote_path_bundle,global_gac_mitigation_gain_log2,confirmatory_action_replication,"gac_finalization_heavy,remote_fetch_heavy",pilot,"{""fetch_size"":""high"",""wan_latency"":""high"",""work_mem"":""high""}","supports_region_partitioning,supports_large_scan","{""filter_uses_distribution_key"":false,""group_by_uses_distribution_key"":false,""join_uses_distribution_key"":false,""multi_tenant_scope"":true,""order_by_uses_distribution_key"":false,""single_tenant_scope"":false,""tenant_filter_present"":false}",,balanced_williams_confirmatory,explicit_schedule,,false,4,298,false
cond-ba292ebb6b89446b3946,cond-ba292ebb6b89446b3946::r4,pair-d803ed710fef833d4ee4e912,pair-d803ed710fef833d4ee4e912::r4,q29_user_value_range__increase_gac_work_mem__gac_fdw_dba_topk_raw__query_shape-user_value_range__cutoff_ts-2026-06-24-00-00-00-00__limit_k-250__include_apac-True,gac_fdw_dba_topk_raw,"{""cutoff_ts"": ""2026-06-24 00:00:00+00"", ""include_apac"": true, ""limit_k"": 250, ""query_shape"": ""user_value_range""}",master-regimes/generated/corpus/confirmatory-action-replication-v1/groups/confirmatory-action-replication-v1__topology-isolation-large-n3-v1__runtime-bundle-multi-edge__analytics_clients/queries/q29_user_value_range__increase_gac_work_mem__gac_fdw_dba_topk_raw__query_shape-user_value_range__cutoff_ts-2026-06-24-00-00-00-00__limit_k-250__include_apac-True.sql,"coordinator_raw_fanin,coordinator_sort_topk",confirmatory-action-replication-v1,confirmatory-action-replication-v1,batch-confirmatory-action-replication-v1,fuzzy-intervention-memory-v1,q29_user_value_range__increase_gac_work_mem,dba_local_memory_topk,multiregion_union,gac_multi_edge,global_query,confirmatory_q29_user_value_range,topology-isolation-large-n3-v1,dba_topk_balanced_gac_mitigated,eu_us_apac_gac,final_check,combined_pressure,local_intervention_memory,mitigated,mitigated,q29_user_value_range__increase_gac_work_mem,gac_memory_increase,confirmatory_holdout,,,,,,,,increase_gac_work_mem,global_gac_mitigation_gain_log2,confirmatory_action_replication,"gac_finalization_heavy,remote_fetch_heavy",pilot,"{""fetch_size"":""high"",""wan_latency"":""high"",""work_mem"":""high""}","supports_region_partitioning,supports_large_scan","{""filter_uses_distribution_key"":false,""group_by_uses_distribution_key"":false,""join_uses_distribution_key"":false,""multi_tenant_scope"":true,""order_by_uses_distribution_key"":false,""single_tenant_scope"":false,""tenant_filter_present"":false}",,balanced_williams_confirmatory,explicit_schedule,,false,4,299,false
cond-907a996d966df8d95123,cond-907a996d966df8d95123::r4,pair-ebf19f065bf550b760847662,pair-ebf19f065bf550b760847662::r4,q29_user_value_range__baseline__gac_fdw_dba_topk_raw__query_shape-user_value_range__cutoff_ts-2026-06-24-00-00-00-00__limit_k-250__include_apac-True,gac_fdw_dba_topk_raw,"{""cutoff_ts"": ""2026-06-24 00:00:00+00"", ""include_apac"": true, ""limit_k"": 250, ""query_shape"": ""user_value_range""}",master-regimes/generated/corpus/confirmatory-action-replication-v1/groups/confirmatory-action-replication-v1__topology-isolation-large-n3-v1__runtime-bundle-multi-edge__analytics_clients/queries/q29_user_value_range__baseline__gac_fdw_dba_topk_raw__query_shape-user_value_range__cutoff_ts-2026-06-24-00-00-00-00__limit_k-250__include_apac-True.sql,"coordinator_raw_fanin,coordinator_sort_topk",confirmatory-action-replication-v1,confirmatory-action-replication-v1,batch-confirmatory-action-replication-v1,fuzzy-intervention-memory-v1,q29_user_value_range__baseline,dba_local_memory_topk,multiregion_union,gac_multi_edge,global_query,confirmatory_q29_user_value_range,topology-isolation-large-n3-v1,dba_topk_balanced_stressed,eu_us_apac_gac,final_check,combined_pressure,local_intervention_memory,stressed,stressed,q29_user_value_range__shared_baseline,gac_raw_topk,confirmatory_holdout,,,,,,,,,global_gac_mitigation_gain_log2,confirmatory_action_replication,"gac_finalization_heavy,remote_fetch_heavy",pilot,"{""fetch_size"":""high"",""wan_latency"":""high"",""work_mem"":""high""}","supports_region_partitioning,supports_large_scan","{""filter_uses_distribution_key"":false,""group_by_uses_distribution_key"":false,""join_uses_distribution_key"":false,""multi_tenant_scope"":true,""order_by_uses_distribution_key"":false,""single_tenant_scope"":false,""tenant_filter_present"":false}",,balanced_williams_confirmatory,explicit_schedule,,false,4,300,false
