representation,episode_id,episode_order,query_id,query_occurrence,neighbor_rank,neighbor_episode_id,neighbor_query_id,neighbor_normalized_sql_hash,held_normalized_sql_hash,neighbor_source_scope,neighbor_episode_order,distance,weight,same_query_id,same_normalized_sql,future_or_current_neighbor,action_gains_json
sql_structural,q01_event_value_desc::run-1,1,q01_event_value_desc,1,1,"reference::cross-action-pilot-v1::pilot_gac_topk::raw-large-balanced-v1::{""cutoff_ts"":""2026-06-01 00:00:00+00"",""limit_k"":5000}","cross-action-pilot-v1::pilot_gac_topk::raw-large-balanced-v1::{""cutoff_ts"":""2026-06-01 00:00:00+00"",""limit_k"":5000}",,ad7f1beefcb86b44e6bcd60f1e092a838d67200996b3cf5a69df119b546d5ed5,development_reference,,0.042973603055164546,23.269557573721983,False,False,False,"{""increase_gac_work_mem"":0.0116307678132073,""mitigate_remote_path_bundle"":4.467296759804148,""regional_topk_candidates"":5.045466088749672}"
sql_structural,q01_event_value_desc::run-1,1,q01_event_value_desc,1,2,"reference::cross-action-pilot-v1::pilot_gac_topk::raw-small-balanced-v1::{""cutoff_ts"":""2026-06-01 00:00:00+00"",""limit_k"":5000}","cross-action-pilot-v1::pilot_gac_topk::raw-small-balanced-v1::{""cutoff_ts"":""2026-06-01 00:00:00+00"",""limit_k"":5000}",,ad7f1beefcb86b44e6bcd60f1e092a838d67200996b3cf5a69df119b546d5ed5,development_reference,,0.042973603055164546,23.269557573721983,False,False,False,"{""increase_gac_work_mem"":0.0106406666902462,""mitigate_remote_path_bundle"":3.733324190801565,""regional_topk_candidates"":1.5442528549456571}"
sql_structural,q01_event_value_desc::run-1,1,q01_event_value_desc,1,3,"reference::fuzzy-memory-topk-panel-v1::fuzzy_topk_balanced::raw-large-balanced-v1::{""cutoff_ts"":""2026-06-24 00:00:00+00"",""limit_k"":10000}","fuzzy-memory-topk-panel-v1::fuzzy_topk_balanced::raw-large-balanced-v1::{""cutoff_ts"":""2026-06-24 00:00:00+00"",""limit_k"":10000}",,ad7f1beefcb86b44e6bcd60f1e092a838d67200996b3cf5a69df119b546d5ed5,development_reference,,0.042973603055164546,23.269557573721983,False,False,False,"{""increase_gac_work_mem"":0.033912495820706,""mitigate_remote_path_bundle"":2.685723352383513,""regional_topk_candidates"":2.983182859705127}"
sql_structural,q01_event_value_desc::run-1,1,q01_event_value_desc,1,4,"reference::fuzzy-memory-topk-panel-v1::fuzzy_topk_balanced::raw-large-balanced-v1::{""cutoff_ts"":""2026-06-24 00:00:00+00"",""limit_k"":100}","fuzzy-memory-topk-panel-v1::fuzzy_topk_balanced::raw-large-balanced-v1::{""cutoff_ts"":""2026-06-24 00:00:00+00"",""limit_k"":100}",,ad7f1beefcb86b44e6bcd60f1e092a838d67200996b3cf5a69df119b546d5ed5,development_reference,,0.042973603055164546,23.269557573721983,False,False,False,"{""increase_gac_work_mem"":-0.0218364506141406,""mitigate_remote_path_bundle"":2.898860761936939,""regional_topk_candidates"":4.405764321102397}"
sql_structural,q01_event_value_desc::run-1,1,q01_event_value_desc,1,5,"reference::fuzzy-memory-topk-panel-v1::fuzzy_topk_balanced::raw-large-balanced-v1::{""cutoff_ts"":""2026-06-29 00:00:00+00"",""limit_k"":10000}","fuzzy-memory-topk-panel-v1::fuzzy_topk_balanced::raw-large-balanced-v1::{""cutoff_ts"":""2026-06-29 00:00:00+00"",""limit_k"":10000}",,ad7f1beefcb86b44e6bcd60f1e092a838d67200996b3cf5a69df119b546d5ed5,development_reference,,0.042973603055164546,23.269557573721983,False,False,False,"{""increase_gac_work_mem"":0.0128070569269704,""mitigate_remote_path_bundle"":2.640761425802023,""regional_topk_candidates"":2.3178971333467917}"
sql_structural,q02_event_value_asc::run-1,2,q02_event_value_asc,1,1,q01_event_value_desc::run-1,q01_event_value_desc,ad7f1beefcb86b44e6bcd60f1e092a838d67200996b3cf5a69df119b546d5ed5,5456d57953fe990f1580484e462a435d7cf573381f761e43b638485f128031d7,earlier_final_episode,1.0,0.0,1000000.0,False,False,False,"{""increase_gac_work_mem"":0.0389910134517095,""mitigate_remote_path_bundle"":2.4389637619025195,""regional_topk_candidates"":0.148442525949881}"
sql_structural,q02_event_value_asc::run-1,2,q02_event_value_asc,1,2,"reference::cross-action-pilot-v1::pilot_gac_topk::raw-large-balanced-v1::{""cutoff_ts"":""2026-06-01 00:00:00+00"",""limit_k"":5000}","cross-action-pilot-v1::pilot_gac_topk::raw-large-balanced-v1::{""cutoff_ts"":""2026-06-01 00:00:00+00"",""limit_k"":5000}",nan,5456d57953fe990f1580484e462a435d7cf573381f761e43b638485f128031d7,development_reference,,0.042973603055164546,23.269557573721983,False,False,False,"{""increase_gac_work_mem"":0.0116307678132073,""mitigate_remote_path_bundle"":4.467296759804148,""regional_topk_candidates"":5.045466088749672}"
sql_structural,q02_event_value_asc::run-1,2,q02_event_value_asc,1,3,"reference::fuzzy-memory-topk-panel-v1::fuzzy_topk_balanced::raw-large-balanced-v1::{""cutoff_ts"":""2026-06-24 00:00:00+00"",""limit_k"":10000}","fuzzy-memory-topk-panel-v1::fuzzy_topk_balanced::raw-large-balanced-v1::{""cutoff_ts"":""2026-06-24 00:00:00+00"",""limit_k"":10000}",nan,5456d57953fe990f1580484e462a435d7cf573381f761e43b638485f128031d7,development_reference,,0.042973603055164546,23.269557573721983,False,False,False,"{""increase_gac_work_mem"":0.033912495820706,""mitigate_remote_path_bundle"":2.685723352383513,""regional_topk_candidates"":2.983182859705127}"
sql_structural,q02_event_value_asc::run-1,2,q02_event_value_asc,1,4,"reference::cross-action-pilot-v1::pilot_gac_topk::raw-small-balanced-v1::{""cutoff_ts"":""2026-06-01 00:00:00+00"",""limit_k"":5000}","cross-action-pilot-v1::pilot_gac_topk::raw-small-balanced-v1::{""cutoff_ts"":""2026-06-01 00:00:00+00"",""limit_k"":5000}",nan,5456d57953fe990f1580484e462a435d7cf573381f761e43b638485f128031d7,development_reference,,0.042973603055164546,23.269557573721983,False,False,False,"{""increase_gac_work_mem"":0.0106406666902462,""mitigate_remote_path_bundle"":3.733324190801565,""regional_topk_candidates"":1.5442528549456571}"
sql_structural,q02_event_value_asc::run-1,2,q02_event_value_asc,1,5,"reference::fuzzy-memory-topk-panel-v1::fuzzy_topk_balanced::raw-large-balanced-v1::{""cutoff_ts"":""2026-06-29 00:00:00+00"",""limit_k"":10000}","fuzzy-memory-topk-panel-v1::fuzzy_topk_balanced::raw-large-balanced-v1::{""cutoff_ts"":""2026-06-29 00:00:00+00"",""limit_k"":10000}",nan,5456d57953fe990f1580484e462a435d7cf573381f761e43b638485f128031d7,development_reference,,0.042973603055164546,23.269557573721983,False,False,False,"{""increase_gac_work_mem"":0.0128070569269704,""mitigate_remote_path_bundle"":2.640761425802023,""regional_topk_candidates"":2.3178971333467917}"
sql_structural,q02_event_value_asc::run-2,3,q02_event_value_asc,2,1,q01_event_value_desc::run-1,q01_event_value_desc,ad7f1beefcb86b44e6bcd60f1e092a838d67200996b3cf5a69df119b546d5ed5,5456d57953fe990f1580484e462a435d7cf573381f761e43b638485f128031d7,earlier_final_episode,1.0,0.0,1000000.0,False,False,False,"{""increase_gac_work_mem"":0.0389910134517095,""mitigate_remote_path_bundle"":2.4389637619025195,""regional_topk_candidates"":0.148442525949881}"
sql_structural,q02_event_value_asc::run-2,3,q02_event_value_asc,2,2,"reference::cross-action-pilot-v1::pilot_gac_topk::raw-large-balanced-v1::{""cutoff_ts"":""2026-06-01 00:00:00+00"",""limit_k"":5000}","cross-action-pilot-v1::pilot_gac_topk::raw-large-balanced-v1::{""cutoff_ts"":""2026-06-01 00:00:00+00"",""limit_k"":5000}",nan,5456d57953fe990f1580484e462a435d7cf573381f761e43b638485f128031d7,development_reference,,0.042973603055164546,23.269557573721983,False,False,False,"{""increase_gac_work_mem"":0.0116307678132073,""mitigate_remote_path_bundle"":4.467296759804148,""regional_topk_candidates"":5.045466088749672}"
sql_structural,q02_event_value_asc::run-2,3,q02_event_value_asc,2,3,"reference::fuzzy-memory-topk-panel-v1::fuzzy_topk_balanced::raw-large-balanced-v1::{""cutoff_ts"":""2026-06-24 00:00:00+00"",""limit_k"":10000}","fuzzy-memory-topk-panel-v1::fuzzy_topk_balanced::raw-large-balanced-v1::{""cutoff_ts"":""2026-06-24 00:00:00+00"",""limit_k"":10000}",nan,5456d57953fe990f1580484e462a435d7cf573381f761e43b638485f128031d7,development_reference,,0.042973603055164546,23.269557573721983,False,False,False,"{""increase_gac_work_mem"":0.033912495820706,""mitigate_remote_path_bundle"":2.685723352383513,""regional_topk_candidates"":2.983182859705127}"
sql_structural,q02_event_value_asc::run-2,3,q02_event_value_asc,2,4,"reference::cross-action-pilot-v1::pilot_gac_topk::raw-small-balanced-v1::{""cutoff_ts"":""2026-06-01 00:00:00+00"",""limit_k"":5000}","cross-action-pilot-v1::pilot_gac_topk::raw-small-balanced-v1::{""cutoff_ts"":""2026-06-01 00:00:00+00"",""limit_k"":5000}",nan,5456d57953fe990f1580484e462a435d7cf573381f761e43b638485f128031d7,development_reference,,0.042973603055164546,23.269557573721983,False,False,False,"{""increase_gac_work_mem"":0.0106406666902462,""mitigate_remote_path_bundle"":3.733324190801565,""regional_topk_candidates"":1.5442528549456571}"
sql_structural,q02_event_value_asc::run-2,3,q02_event_value_asc,2,5,"reference::fuzzy-memory-topk-panel-v1::fuzzy_topk_balanced::raw-large-balanced-v1::{""cutoff_ts"":""2026-06-29 00:00:00+00"",""limit_k"":10000}","fuzzy-memory-topk-panel-v1::fuzzy_topk_balanced::raw-large-balanced-v1::{""cutoff_ts"":""2026-06-29 00:00:00+00"",""limit_k"":10000}",nan,5456d57953fe990f1580484e462a435d7cf573381f761e43b638485f128031d7,development_reference,,0.042973603055164546,23.269557573721983,False,False,False,"{""increase_gac_work_mem"":0.0128070569269704,""mitigate_remote_path_bundle"":2.640761425802023,""regional_topk_candidates"":2.3178971333467917}"
sql_structural,q03_event_recent::run-1,4,q03_event_recent,1,1,q02_event_value_asc::run-2,q02_event_value_asc,5456d57953fe990f1580484e462a435d7cf573381f761e43b638485f128031d7,76893bdca8771bf15968c663228c2bb3475ab41d7df033a16ad555cc74a679a3,earlier_final_episode,3.0,0.052595439437442014,19.012693838133202,False,False,False,"{""increase_gac_work_mem"":-0.0663499323728781,""mitigate_remote_path_bundle"":0.8193133052714852,""regional_topk_candidates"":0.0124944675739018}"
sql_structural,q03_event_recent::run-1,4,q03_event_recent,1,2,q02_event_value_asc::run-1,q02_event_value_asc,5456d57953fe990f1580484e462a435d7cf573381f761e43b638485f128031d7,76893bdca8771bf15968c663228c2bb3475ab41d7df033a16ad555cc74a679a3,earlier_final_episode,2.0,0.052595439437442014,19.012693838133202,False,False,False,"{""increase_gac_work_mem"":0.1150579244177509,""mitigate_remote_path_bundle"":0.9620528956614378,""regional_topk_candidates"":0.1636418321928228}"
sql_structural,q03_event_recent::run-1,4,q03_event_recent,1,3,q01_event_value_desc::run-1,q01_event_value_desc,ad7f1beefcb86b44e6bcd60f1e092a838d67200996b3cf5a69df119b546d5ed5,76893bdca8771bf15968c663228c2bb3475ab41d7df033a16ad555cc74a679a3,earlier_final_episode,1.0,0.052595439437442014,19.012693838133202,False,False,False,"{""increase_gac_work_mem"":0.0389910134517095,""mitigate_remote_path_bundle"":2.4389637619025195,""regional_topk_candidates"":0.148442525949881}"
sql_structural,q03_event_recent::run-1,4,q03_event_recent,1,4,"reference::cross-action-pilot-v1::pilot_gac_topk::raw-large-balanced-v1::{""cutoff_ts"":""2026-06-01 00:00:00+00"",""limit_k"":5000}","cross-action-pilot-v1::pilot_gac_topk::raw-large-balanced-v1::{""cutoff_ts"":""2026-06-01 00:00:00+00"",""limit_k"":5000}",nan,76893bdca8771bf15968c663228c2bb3475ab41d7df033a16ad555cc74a679a3,development_reference,,0.06791914906092741,14.723171456867023,False,False,False,"{""increase_gac_work_mem"":0.0116307678132073,""mitigate_remote_path_bundle"":4.467296759804148,""regional_topk_candidates"":5.045466088749672}"
sql_structural,q03_event_recent::run-1,4,q03_event_recent,1,5,"reference::fuzzy-memory-topk-panel-v1::fuzzy_topk_balanced::raw-large-balanced-v1::{""cutoff_ts"":""2026-06-29 00:00:00+00"",""limit_k"":10000}","fuzzy-memory-topk-panel-v1::fuzzy_topk_balanced::raw-large-balanced-v1::{""cutoff_ts"":""2026-06-29 00:00:00+00"",""limit_k"":10000}",nan,76893bdca8771bf15968c663228c2bb3475ab41d7df033a16ad555cc74a679a3,development_reference,,0.06791914906092741,14.723171456867023,False,False,False,"{""increase_gac_work_mem"":0.0128070569269704,""mitigate_remote_path_bundle"":2.640761425802023,""regional_topk_candidates"":2.3178971333467917}"
sql_structural,q03_event_recent::run-2,5,q03_event_recent,2,1,q02_event_value_asc::run-2,q02_event_value_asc,5456d57953fe990f1580484e462a435d7cf573381f761e43b638485f128031d7,76893bdca8771bf15968c663228c2bb3475ab41d7df033a16ad555cc74a679a3,earlier_final_episode,3.0,0.052595439437442014,19.012693838133202,False,False,False,"{""increase_gac_work_mem"":-0.0663499323728781,""mitigate_remote_path_bundle"":0.8193133052714852,""regional_topk_candidates"":0.0124944675739018}"
sql_structural,q03_event_recent::run-2,5,q03_event_recent,2,2,q02_event_value_asc::run-1,q02_event_value_asc,5456d57953fe990f1580484e462a435d7cf573381f761e43b638485f128031d7,76893bdca8771bf15968c663228c2bb3475ab41d7df033a16ad555cc74a679a3,earlier_final_episode,2.0,0.052595439437442014,19.012693838133202,False,False,False,"{""increase_gac_work_mem"":0.1150579244177509,""mitigate_remote_path_bundle"":0.9620528956614378,""regional_topk_candidates"":0.1636418321928228}"
sql_structural,q03_event_recent::run-2,5,q03_event_recent,2,3,q01_event_value_desc::run-1,q01_event_value_desc,ad7f1beefcb86b44e6bcd60f1e092a838d67200996b3cf5a69df119b546d5ed5,76893bdca8771bf15968c663228c2bb3475ab41d7df033a16ad555cc74a679a3,earlier_final_episode,1.0,0.052595439437442014,19.012693838133202,False,False,False,"{""increase_gac_work_mem"":0.0389910134517095,""mitigate_remote_path_bundle"":2.4389637619025195,""regional_topk_candidates"":0.148442525949881}"
sql_structural,q03_event_recent::run-2,5,q03_event_recent,2,4,"reference::cross-action-pilot-v1::pilot_gac_topk::raw-large-balanced-v1::{""cutoff_ts"":""2026-06-01 00:00:00+00"",""limit_k"":5000}","cross-action-pilot-v1::pilot_gac_topk::raw-large-balanced-v1::{""cutoff_ts"":""2026-06-01 00:00:00+00"",""limit_k"":5000}",nan,76893bdca8771bf15968c663228c2bb3475ab41d7df033a16ad555cc74a679a3,development_reference,,0.06791914906092741,14.723171456867023,False,False,False,"{""increase_gac_work_mem"":0.0116307678132073,""mitigate_remote_path_bundle"":4.467296759804148,""regional_topk_candidates"":5.045466088749672}"
sql_structural,q03_event_recent::run-2,5,q03_event_recent,2,5,"reference::fuzzy-memory-topk-panel-v1::fuzzy_topk_balanced::raw-large-balanced-v1::{""cutoff_ts"":""2026-06-29 00:00:00+00"",""limit_k"":10000}","fuzzy-memory-topk-panel-v1::fuzzy_topk_balanced::raw-large-balanced-v1::{""cutoff_ts"":""2026-06-29 00:00:00+00"",""limit_k"":10000}",nan,76893bdca8771bf15968c663228c2bb3475ab41d7df033a16ad555cc74a679a3,development_reference,,0.06791914906092741,14.723171456867023,False,False,False,"{""increase_gac_work_mem"":0.0128070569269704,""mitigate_remote_path_bundle"":2.640761425802023,""regional_topk_candidates"":2.3178971333467917}"
sql_structural,q03_event_recent::run-3,6,q03_event_recent,3,1,q02_event_value_asc::run-2,q02_event_value_asc,5456d57953fe990f1580484e462a435d7cf573381f761e43b638485f128031d7,76893bdca8771bf15968c663228c2bb3475ab41d7df033a16ad555cc74a679a3,earlier_final_episode,3.0,0.052595439437442014,19.012693838133202,False,False,False,"{""increase_gac_work_mem"":-0.0663499323728781,""mitigate_remote_path_bundle"":0.8193133052714852,""regional_topk_candidates"":0.0124944675739018}"
sql_structural,q03_event_recent::run-3,6,q03_event_recent,3,2,q02_event_value_asc::run-1,q02_event_value_asc,5456d57953fe990f1580484e462a435d7cf573381f761e43b638485f128031d7,76893bdca8771bf15968c663228c2bb3475ab41d7df033a16ad555cc74a679a3,earlier_final_episode,2.0,0.052595439437442014,19.012693838133202,False,False,False,"{""increase_gac_work_mem"":0.1150579244177509,""mitigate_remote_path_bundle"":0.9620528956614378,""regional_topk_candidates"":0.1636418321928228}"
sql_structural,q03_event_recent::run-3,6,q03_event_recent,3,3,q01_event_value_desc::run-1,q01_event_value_desc,ad7f1beefcb86b44e6bcd60f1e092a838d67200996b3cf5a69df119b546d5ed5,76893bdca8771bf15968c663228c2bb3475ab41d7df033a16ad555cc74a679a3,earlier_final_episode,1.0,0.052595439437442014,19.012693838133202,False,False,False,"{""increase_gac_work_mem"":0.0389910134517095,""mitigate_remote_path_bundle"":2.4389637619025195,""regional_topk_candidates"":0.148442525949881}"
sql_structural,q03_event_recent::run-3,6,q03_event_recent,3,4,"reference::cross-action-pilot-v1::pilot_gac_topk::raw-large-balanced-v1::{""cutoff_ts"":""2026-06-01 00:00:00+00"",""limit_k"":5000}","cross-action-pilot-v1::pilot_gac_topk::raw-large-balanced-v1::{""cutoff_ts"":""2026-06-01 00:00:00+00"",""limit_k"":5000}",nan,76893bdca8771bf15968c663228c2bb3475ab41d7df033a16ad555cc74a679a3,development_reference,,0.06791914906092741,14.723171456867023,False,False,False,"{""increase_gac_work_mem"":0.0116307678132073,""mitigate_remote_path_bundle"":4.467296759804148,""regional_topk_candidates"":5.045466088749672}"
sql_structural,q03_event_recent::run-3,6,q03_event_recent,3,5,"reference::fuzzy-memory-topk-panel-v1::fuzzy_topk_balanced::raw-large-balanced-v1::{""cutoff_ts"":""2026-06-29 00:00:00+00"",""limit_k"":10000}","fuzzy-memory-topk-panel-v1::fuzzy_topk_balanced::raw-large-balanced-v1::{""cutoff_ts"":""2026-06-29 00:00:00+00"",""limit_k"":10000}",nan,76893bdca8771bf15968c663228c2bb3475ab41d7df033a16ad555cc74a679a3,development_reference,,0.06791914906092741,14.723171456867023,False,False,False,"{""increase_gac_work_mem"":0.0128070569269704,""mitigate_remote_path_bundle"":2.640761425802023,""regional_topk_candidates"":2.3178971333467917}"
sql_structural,q04_event_oldest::run-1,7,q04_event_oldest,1,1,q03_event_recent::run-1,q03_event_recent,76893bdca8771bf15968c663228c2bb3475ab41d7df033a16ad555cc74a679a3,7ac514d1b6aff5b67e0ed359f81f5121c7bf970bcc0b492f338fd0abac46c36e,earlier_final_episode,4.0,0.0,1000000.0,False,False,False,"{""increase_gac_work_mem"":0.0074479246782218,""mitigate_remote_path_bundle"":2.074180777894477,""regional_topk_candidates"":0.0486212889871827}"
sql_structural,q04_event_oldest::run-1,7,q04_event_oldest,1,2,q03_event_recent::run-2,q03_event_recent,76893bdca8771bf15968c663228c2bb3475ab41d7df033a16ad555cc74a679a3,7ac514d1b6aff5b67e0ed359f81f5121c7bf970bcc0b492f338fd0abac46c36e,earlier_final_episode,5.0,0.0,1000000.0,False,False,False,"{""increase_gac_work_mem"":-0.1048447833628063,""mitigate_remote_path_bundle"":1.9117449342238144,""regional_topk_candidates"":-0.0141682721267147}"
sql_structural,q04_event_oldest::run-1,7,q04_event_oldest,1,3,q03_event_recent::run-3,q03_event_recent,76893bdca8771bf15968c663228c2bb3475ab41d7df033a16ad555cc74a679a3,7ac514d1b6aff5b67e0ed359f81f5121c7bf970bcc0b492f338fd0abac46c36e,earlier_final_episode,6.0,0.0,1000000.0,False,False,False,"{""increase_gac_work_mem"":-0.0002791294905142,""mitigate_remote_path_bundle"":1.9700639210944435,""regional_topk_candidates"":-0.0585418455250905}"
sql_structural,q04_event_oldest::run-1,7,q04_event_oldest,1,4,q02_event_value_asc::run-1,q02_event_value_asc,5456d57953fe990f1580484e462a435d7cf573381f761e43b638485f128031d7,7ac514d1b6aff5b67e0ed359f81f5121c7bf970bcc0b492f338fd0abac46c36e,earlier_final_episode,2.0,0.052595439437442014,19.012693838133202,False,False,False,"{""increase_gac_work_mem"":0.1150579244177509,""mitigate_remote_path_bundle"":0.9620528956614378,""regional_topk_candidates"":0.1636418321928228}"
sql_structural,q04_event_oldest::run-1,7,q04_event_oldest,1,5,q01_event_value_desc::run-1,q01_event_value_desc,ad7f1beefcb86b44e6bcd60f1e092a838d67200996b3cf5a69df119b546d5ed5,7ac514d1b6aff5b67e0ed359f81f5121c7bf970bcc0b492f338fd0abac46c36e,earlier_final_episode,1.0,0.052595439437442014,19.012693838133202,False,False,False,"{""increase_gac_work_mem"":0.0389910134517095,""mitigate_remote_path_bundle"":2.4389637619025195,""regional_topk_candidates"":0.148442525949881}"
sql_structural,q04_event_oldest::run-2,8,q04_event_oldest,2,1,q03_event_recent::run-1,q03_event_recent,76893bdca8771bf15968c663228c2bb3475ab41d7df033a16ad555cc74a679a3,7ac514d1b6aff5b67e0ed359f81f5121c7bf970bcc0b492f338fd0abac46c36e,earlier_final_episode,4.0,0.0,1000000.0,False,False,False,"{""increase_gac_work_mem"":0.0074479246782218,""mitigate_remote_path_bundle"":2.074180777894477,""regional_topk_candidates"":0.0486212889871827}"
sql_structural,q04_event_oldest::run-2,8,q04_event_oldest,2,2,q03_event_recent::run-2,q03_event_recent,76893bdca8771bf15968c663228c2bb3475ab41d7df033a16ad555cc74a679a3,7ac514d1b6aff5b67e0ed359f81f5121c7bf970bcc0b492f338fd0abac46c36e,earlier_final_episode,5.0,0.0,1000000.0,False,False,False,"{""increase_gac_work_mem"":-0.1048447833628063,""mitigate_remote_path_bundle"":1.9117449342238144,""regional_topk_candidates"":-0.0141682721267147}"
sql_structural,q04_event_oldest::run-2,8,q04_event_oldest,2,3,q03_event_recent::run-3,q03_event_recent,76893bdca8771bf15968c663228c2bb3475ab41d7df033a16ad555cc74a679a3,7ac514d1b6aff5b67e0ed359f81f5121c7bf970bcc0b492f338fd0abac46c36e,earlier_final_episode,6.0,0.0,1000000.0,False,False,False,"{""increase_gac_work_mem"":-0.0002791294905142,""mitigate_remote_path_bundle"":1.9700639210944435,""regional_topk_candidates"":-0.0585418455250905}"
sql_structural,q04_event_oldest::run-2,8,q04_event_oldest,2,4,q02_event_value_asc::run-1,q02_event_value_asc,5456d57953fe990f1580484e462a435d7cf573381f761e43b638485f128031d7,7ac514d1b6aff5b67e0ed359f81f5121c7bf970bcc0b492f338fd0abac46c36e,earlier_final_episode,2.0,0.052595439437442014,19.012693838133202,False,False,False,"{""increase_gac_work_mem"":0.1150579244177509,""mitigate_remote_path_bundle"":0.9620528956614378,""regional_topk_candidates"":0.1636418321928228}"
sql_structural,q04_event_oldest::run-2,8,q04_event_oldest,2,5,q01_event_value_desc::run-1,q01_event_value_desc,ad7f1beefcb86b44e6bcd60f1e092a838d67200996b3cf5a69df119b546d5ed5,7ac514d1b6aff5b67e0ed359f81f5121c7bf970bcc0b492f338fd0abac46c36e,earlier_final_episode,1.0,0.052595439437442014,19.012693838133202,False,False,False,"{""increase_gac_work_mem"":0.0389910134517095,""mitigate_remote_path_bundle"":2.4389637619025195,""regional_topk_candidates"":0.148442525949881}"
sql_structural,q04_event_oldest::run-3,9,q04_event_oldest,3,1,q03_event_recent::run-1,q03_event_recent,76893bdca8771bf15968c663228c2bb3475ab41d7df033a16ad555cc74a679a3,7ac514d1b6aff5b67e0ed359f81f5121c7bf970bcc0b492f338fd0abac46c36e,earlier_final_episode,4.0,0.0,1000000.0,False,False,False,"{""increase_gac_work_mem"":0.0074479246782218,""mitigate_remote_path_bundle"":2.074180777894477,""regional_topk_candidates"":0.0486212889871827}"
sql_structural,q04_event_oldest::run-3,9,q04_event_oldest,3,2,q03_event_recent::run-2,q03_event_recent,76893bdca8771bf15968c663228c2bb3475ab41d7df033a16ad555cc74a679a3,7ac514d1b6aff5b67e0ed359f81f5121c7bf970bcc0b492f338fd0abac46c36e,earlier_final_episode,5.0,0.0,1000000.0,False,False,False,"{""increase_gac_work_mem"":-0.1048447833628063,""mitigate_remote_path_bundle"":1.9117449342238144,""regional_topk_candidates"":-0.0141682721267147}"
sql_structural,q04_event_oldest::run-3,9,q04_event_oldest,3,3,q03_event_recent::run-3,q03_event_recent,76893bdca8771bf15968c663228c2bb3475ab41d7df033a16ad555cc74a679a3,7ac514d1b6aff5b67e0ed359f81f5121c7bf970bcc0b492f338fd0abac46c36e,earlier_final_episode,6.0,0.0,1000000.0,False,False,False,"{""increase_gac_work_mem"":-0.0002791294905142,""mitigate_remote_path_bundle"":1.9700639210944435,""regional_topk_candidates"":-0.0585418455250905}"
sql_structural,q04_event_oldest::run-3,9,q04_event_oldest,3,4,q02_event_value_asc::run-1,q02_event_value_asc,5456d57953fe990f1580484e462a435d7cf573381f761e43b638485f128031d7,7ac514d1b6aff5b67e0ed359f81f5121c7bf970bcc0b492f338fd0abac46c36e,earlier_final_episode,2.0,0.052595439437442014,19.012693838133202,False,False,False,"{""increase_gac_work_mem"":0.1150579244177509,""mitigate_remote_path_bundle"":0.9620528956614378,""regional_topk_candidates"":0.1636418321928228}"
sql_structural,q04_event_oldest::run-3,9,q04_event_oldest,3,5,q01_event_value_desc::run-1,q01_event_value_desc,ad7f1beefcb86b44e6bcd60f1e092a838d67200996b3cf5a69df119b546d5ed5,7ac514d1b6aff5b67e0ed359f81f5121c7bf970bcc0b492f338fd0abac46c36e,earlier_final_episode,1.0,0.052595439437442014,19.012693838133202,False,False,False,"{""increase_gac_work_mem"":0.0389910134517095,""mitigate_remote_path_bundle"":2.4389637619025195,""regional_topk_candidates"":0.148442525949881}"
sql_structural,q04_event_oldest::run-4,10,q04_event_oldest,4,1,q03_event_recent::run-1,q03_event_recent,76893bdca8771bf15968c663228c2bb3475ab41d7df033a16ad555cc74a679a3,7ac514d1b6aff5b67e0ed359f81f5121c7bf970bcc0b492f338fd0abac46c36e,earlier_final_episode,4.0,0.0,1000000.0,False,False,False,"{""increase_gac_work_mem"":0.0074479246782218,""mitigate_remote_path_bundle"":2.074180777894477,""regional_topk_candidates"":0.0486212889871827}"
sql_structural,q04_event_oldest::run-4,10,q04_event_oldest,4,2,q03_event_recent::run-2,q03_event_recent,76893bdca8771bf15968c663228c2bb3475ab41d7df033a16ad555cc74a679a3,7ac514d1b6aff5b67e0ed359f81f5121c7bf970bcc0b492f338fd0abac46c36e,earlier_final_episode,5.0,0.0,1000000.0,False,False,False,"{""increase_gac_work_mem"":-0.1048447833628063,""mitigate_remote_path_bundle"":1.9117449342238144,""regional_topk_candidates"":-0.0141682721267147}"
sql_structural,q04_event_oldest::run-4,10,q04_event_oldest,4,3,q03_event_recent::run-3,q03_event_recent,76893bdca8771bf15968c663228c2bb3475ab41d7df033a16ad555cc74a679a3,7ac514d1b6aff5b67e0ed359f81f5121c7bf970bcc0b492f338fd0abac46c36e,earlier_final_episode,6.0,0.0,1000000.0,False,False,False,"{""increase_gac_work_mem"":-0.0002791294905142,""mitigate_remote_path_bundle"":1.9700639210944435,""regional_topk_candidates"":-0.0585418455250905}"
sql_structural,q04_event_oldest::run-4,10,q04_event_oldest,4,4,q02_event_value_asc::run-1,q02_event_value_asc,5456d57953fe990f1580484e462a435d7cf573381f761e43b638485f128031d7,7ac514d1b6aff5b67e0ed359f81f5121c7bf970bcc0b492f338fd0abac46c36e,earlier_final_episode,2.0,0.052595439437442014,19.012693838133202,False,False,False,"{""increase_gac_work_mem"":0.1150579244177509,""mitigate_remote_path_bundle"":0.9620528956614378,""regional_topk_candidates"":0.1636418321928228}"
sql_structural,q04_event_oldest::run-4,10,q04_event_oldest,4,5,q01_event_value_desc::run-1,q01_event_value_desc,ad7f1beefcb86b44e6bcd60f1e092a838d67200996b3cf5a69df119b546d5ed5,7ac514d1b6aff5b67e0ed359f81f5121c7bf970bcc0b492f338fd0abac46c36e,earlier_final_episode,1.0,0.052595439437442014,19.012693838133202,False,False,False,"{""increase_gac_work_mem"":0.0389910134517095,""mitigate_remote_path_bundle"":2.4389637619025195,""regional_topk_candidates"":0.148442525949881}"
sql_structural,q05_event_deviation::run-1,11,q05_event_deviation,1,1,q02_event_value_asc::run-2,q02_event_value_asc,5456d57953fe990f1580484e462a435d7cf573381f761e43b638485f128031d7,bd5d33dbf428b5dfe5fde653651a56bf4036327ea0a4ea3cb42a933b2a2200b1,earlier_final_episode,3.0,0.0,1000000.0,False,False,False,"{""increase_gac_work_mem"":-0.0663499323728781,""mitigate_remote_path_bundle"":0.8193133052714852,""regional_topk_candidates"":0.0124944675739018}"
sql_structural,q05_event_deviation::run-1,11,q05_event_deviation,1,2,q02_event_value_asc::run-1,q02_event_value_asc,5456d57953fe990f1580484e462a435d7cf573381f761e43b638485f128031d7,bd5d33dbf428b5dfe5fde653651a56bf4036327ea0a4ea3cb42a933b2a2200b1,earlier_final_episode,2.0,0.0,1000000.0,False,False,False,"{""increase_gac_work_mem"":0.1150579244177509,""mitigate_remote_path_bundle"":0.9620528956614378,""regional_topk_candidates"":0.1636418321928228}"
sql_structural,q05_event_deviation::run-1,11,q05_event_deviation,1,3,q01_event_value_desc::run-1,q01_event_value_desc,ad7f1beefcb86b44e6bcd60f1e092a838d67200996b3cf5a69df119b546d5ed5,bd5d33dbf428b5dfe5fde653651a56bf4036327ea0a4ea3cb42a933b2a2200b1,earlier_final_episode,1.0,0.0,1000000.0,False,False,False,"{""increase_gac_work_mem"":0.0389910134517095,""mitigate_remote_path_bundle"":2.4389637619025195,""regional_topk_candidates"":0.148442525949881}"
sql_structural,q05_event_deviation::run-1,11,q05_event_deviation,1,4,"reference::cross-action-pilot-v1::pilot_gac_topk::raw-large-balanced-v1::{""cutoff_ts"":""2026-06-01 00:00:00+00"",""limit_k"":5000}","cross-action-pilot-v1::pilot_gac_topk::raw-large-balanced-v1::{""cutoff_ts"":""2026-06-01 00:00:00+00"",""limit_k"":5000}",nan,bd5d33dbf428b5dfe5fde653651a56bf4036327ea0a4ea3cb42a933b2a2200b1,development_reference,,0.042973603055164546,23.269557573721983,False,False,False,"{""increase_gac_work_mem"":0.0116307678132073,""mitigate_remote_path_bundle"":4.467296759804148,""regional_topk_candidates"":5.045466088749672}"
sql_structural,q05_event_deviation::run-1,11,q05_event_deviation,1,5,"reference::fuzzy-memory-topk-panel-v1::fuzzy_topk_balanced::raw-large-balanced-v1::{""cutoff_ts"":""2026-06-29 00:00:00+00"",""limit_k"":10000}","fuzzy-memory-topk-panel-v1::fuzzy_topk_balanced::raw-large-balanced-v1::{""cutoff_ts"":""2026-06-29 00:00:00+00"",""limit_k"":10000}",nan,bd5d33dbf428b5dfe5fde653651a56bf4036327ea0a4ea3cb42a933b2a2200b1,development_reference,,0.042973603055164546,23.269557573721983,False,False,False,"{""increase_gac_work_mem"":0.0128070569269704,""mitigate_remote_path_bundle"":2.640761425802023,""regional_topk_candidates"":2.3178971333467917}"
sql_structural,q05_event_deviation::run-2,12,q05_event_deviation,2,1,q02_event_value_asc::run-2,q02_event_value_asc,5456d57953fe990f1580484e462a435d7cf573381f761e43b638485f128031d7,bd5d33dbf428b5dfe5fde653651a56bf4036327ea0a4ea3cb42a933b2a2200b1,earlier_final_episode,3.0,0.0,1000000.0,False,False,False,"{""increase_gac_work_mem"":-0.0663499323728781,""mitigate_remote_path_bundle"":0.8193133052714852,""regional_topk_candidates"":0.0124944675739018}"
sql_structural,q05_event_deviation::run-2,12,q05_event_deviation,2,2,q02_event_value_asc::run-1,q02_event_value_asc,5456d57953fe990f1580484e462a435d7cf573381f761e43b638485f128031d7,bd5d33dbf428b5dfe5fde653651a56bf4036327ea0a4ea3cb42a933b2a2200b1,earlier_final_episode,2.0,0.0,1000000.0,False,False,False,"{""increase_gac_work_mem"":0.1150579244177509,""mitigate_remote_path_bundle"":0.9620528956614378,""regional_topk_candidates"":0.1636418321928228}"
sql_structural,q05_event_deviation::run-2,12,q05_event_deviation,2,3,q01_event_value_desc::run-1,q01_event_value_desc,ad7f1beefcb86b44e6bcd60f1e092a838d67200996b3cf5a69df119b546d5ed5,bd5d33dbf428b5dfe5fde653651a56bf4036327ea0a4ea3cb42a933b2a2200b1,earlier_final_episode,1.0,0.0,1000000.0,False,False,False,"{""increase_gac_work_mem"":0.0389910134517095,""mitigate_remote_path_bundle"":2.4389637619025195,""regional_topk_candidates"":0.148442525949881}"
sql_structural,q05_event_deviation::run-2,12,q05_event_deviation,2,4,"reference::cross-action-pilot-v1::pilot_gac_topk::raw-large-balanced-v1::{""cutoff_ts"":""2026-06-01 00:00:00+00"",""limit_k"":5000}","cross-action-pilot-v1::pilot_gac_topk::raw-large-balanced-v1::{""cutoff_ts"":""2026-06-01 00:00:00+00"",""limit_k"":5000}",nan,bd5d33dbf428b5dfe5fde653651a56bf4036327ea0a4ea3cb42a933b2a2200b1,development_reference,,0.042973603055164546,23.269557573721983,False,False,False,"{""increase_gac_work_mem"":0.0116307678132073,""mitigate_remote_path_bundle"":4.467296759804148,""regional_topk_candidates"":5.045466088749672}"
sql_structural,q05_event_deviation::run-2,12,q05_event_deviation,2,5,"reference::fuzzy-memory-topk-panel-v1::fuzzy_topk_balanced::raw-large-balanced-v1::{""cutoff_ts"":""2026-06-29 00:00:00+00"",""limit_k"":10000}","fuzzy-memory-topk-panel-v1::fuzzy_topk_balanced::raw-large-balanced-v1::{""cutoff_ts"":""2026-06-29 00:00:00+00"",""limit_k"":10000}",nan,bd5d33dbf428b5dfe5fde653651a56bf4036327ea0a4ea3cb42a933b2a2200b1,development_reference,,0.042973603055164546,23.269557573721983,False,False,False,"{""increase_gac_work_mem"":0.0128070569269704,""mitigate_remote_path_bundle"":2.640761425802023,""regional_topk_candidates"":2.3178971333467917}"
sql_structural,q05_event_deviation::run-3,13,q05_event_deviation,3,1,q02_event_value_asc::run-2,q02_event_value_asc,5456d57953fe990f1580484e462a435d7cf573381f761e43b638485f128031d7,bd5d33dbf428b5dfe5fde653651a56bf4036327ea0a4ea3cb42a933b2a2200b1,earlier_final_episode,3.0,0.0,1000000.0,False,False,False,"{""increase_gac_work_mem"":-0.0663499323728781,""mitigate_remote_path_bundle"":0.8193133052714852,""regional_topk_candidates"":0.0124944675739018}"
sql_structural,q05_event_deviation::run-3,13,q05_event_deviation,3,2,q02_event_value_asc::run-1,q02_event_value_asc,5456d57953fe990f1580484e462a435d7cf573381f761e43b638485f128031d7,bd5d33dbf428b5dfe5fde653651a56bf4036327ea0a4ea3cb42a933b2a2200b1,earlier_final_episode,2.0,0.0,1000000.0,False,False,False,"{""increase_gac_work_mem"":0.1150579244177509,""mitigate_remote_path_bundle"":0.9620528956614378,""regional_topk_candidates"":0.1636418321928228}"
sql_structural,q05_event_deviation::run-3,13,q05_event_deviation,3,3,q01_event_value_desc::run-1,q01_event_value_desc,ad7f1beefcb86b44e6bcd60f1e092a838d67200996b3cf5a69df119b546d5ed5,bd5d33dbf428b5dfe5fde653651a56bf4036327ea0a4ea3cb42a933b2a2200b1,earlier_final_episode,1.0,0.0,1000000.0,False,False,False,"{""increase_gac_work_mem"":0.0389910134517095,""mitigate_remote_path_bundle"":2.4389637619025195,""regional_topk_candidates"":0.148442525949881}"
sql_structural,q05_event_deviation::run-3,13,q05_event_deviation,3,4,"reference::cross-action-pilot-v1::pilot_gac_topk::raw-large-balanced-v1::{""cutoff_ts"":""2026-06-01 00:00:00+00"",""limit_k"":5000}","cross-action-pilot-v1::pilot_gac_topk::raw-large-balanced-v1::{""cutoff_ts"":""2026-06-01 00:00:00+00"",""limit_k"":5000}",nan,bd5d33dbf428b5dfe5fde653651a56bf4036327ea0a4ea3cb42a933b2a2200b1,development_reference,,0.042973603055164546,23.269557573721983,False,False,False,"{""increase_gac_work_mem"":0.0116307678132073,""mitigate_remote_path_bundle"":4.467296759804148,""regional_topk_candidates"":5.045466088749672}"
sql_structural,q05_event_deviation::run-3,13,q05_event_deviation,3,5,"reference::fuzzy-memory-topk-panel-v1::fuzzy_topk_balanced::raw-large-balanced-v1::{""cutoff_ts"":""2026-06-29 00:00:00+00"",""limit_k"":10000}","fuzzy-memory-topk-panel-v1::fuzzy_topk_balanced::raw-large-balanced-v1::{""cutoff_ts"":""2026-06-29 00:00:00+00"",""limit_k"":10000}",nan,bd5d33dbf428b5dfe5fde653651a56bf4036327ea0a4ea3cb42a933b2a2200b1,development_reference,,0.042973603055164546,23.269557573721983,False,False,False,"{""increase_gac_work_mem"":0.0128070569269704,""mitigate_remote_path_bundle"":2.640761425802023,""regional_topk_candidates"":2.3178971333467917}"
sql_structural,q05_event_deviation::run-4,14,q05_event_deviation,4,1,q02_event_value_asc::run-2,q02_event_value_asc,5456d57953fe990f1580484e462a435d7cf573381f761e43b638485f128031d7,bd5d33dbf428b5dfe5fde653651a56bf4036327ea0a4ea3cb42a933b2a2200b1,earlier_final_episode,3.0,0.0,1000000.0,False,False,False,"{""increase_gac_work_mem"":-0.0663499323728781,""mitigate_remote_path_bundle"":0.8193133052714852,""regional_topk_candidates"":0.0124944675739018}"
sql_structural,q05_event_deviation::run-4,14,q05_event_deviation,4,2,q02_event_value_asc::run-1,q02_event_value_asc,5456d57953fe990f1580484e462a435d7cf573381f761e43b638485f128031d7,bd5d33dbf428b5dfe5fde653651a56bf4036327ea0a4ea3cb42a933b2a2200b1,earlier_final_episode,2.0,0.0,1000000.0,False,False,False,"{""increase_gac_work_mem"":0.1150579244177509,""mitigate_remote_path_bundle"":0.9620528956614378,""regional_topk_candidates"":0.1636418321928228}"
sql_structural,q05_event_deviation::run-4,14,q05_event_deviation,4,3,q01_event_value_desc::run-1,q01_event_value_desc,ad7f1beefcb86b44e6bcd60f1e092a838d67200996b3cf5a69df119b546d5ed5,bd5d33dbf428b5dfe5fde653651a56bf4036327ea0a4ea3cb42a933b2a2200b1,earlier_final_episode,1.0,0.0,1000000.0,False,False,False,"{""increase_gac_work_mem"":0.0389910134517095,""mitigate_remote_path_bundle"":2.4389637619025195,""regional_topk_candidates"":0.148442525949881}"
sql_structural,q05_event_deviation::run-4,14,q05_event_deviation,4,4,"reference::cross-action-pilot-v1::pilot_gac_topk::raw-large-balanced-v1::{""cutoff_ts"":""2026-06-01 00:00:00+00"",""limit_k"":5000}","cross-action-pilot-v1::pilot_gac_topk::raw-large-balanced-v1::{""cutoff_ts"":""2026-06-01 00:00:00+00"",""limit_k"":5000}",nan,bd5d33dbf428b5dfe5fde653651a56bf4036327ea0a4ea3cb42a933b2a2200b1,development_reference,,0.042973603055164546,23.269557573721983,False,False,False,"{""increase_gac_work_mem"":0.0116307678132073,""mitigate_remote_path_bundle"":4.467296759804148,""regional_topk_candidates"":5.045466088749672}"
sql_structural,q05_event_deviation::run-4,14,q05_event_deviation,4,5,"reference::fuzzy-memory-topk-panel-v1::fuzzy_topk_balanced::raw-large-balanced-v1::{""cutoff_ts"":""2026-06-29 00:00:00+00"",""limit_k"":10000}","fuzzy-memory-topk-panel-v1::fuzzy_topk_balanced::raw-large-balanced-v1::{""cutoff_ts"":""2026-06-29 00:00:00+00"",""limit_k"":10000}",nan,bd5d33dbf428b5dfe5fde653651a56bf4036327ea0a4ea3cb42a933b2a2200b1,development_reference,,0.042973603055164546,23.269557573721983,False,False,False,"{""increase_gac_work_mem"":0.0128070569269704,""mitigate_remote_path_bundle"":2.640761425802023,""regional_topk_candidates"":2.3178971333467917}"
sql_structural,q05_event_deviation::run-5,15,q05_event_deviation,5,1,q02_event_value_asc::run-2,q02_event_value_asc,5456d57953fe990f1580484e462a435d7cf573381f761e43b638485f128031d7,bd5d33dbf428b5dfe5fde653651a56bf4036327ea0a4ea3cb42a933b2a2200b1,earlier_final_episode,3.0,0.0,1000000.0,False,False,False,"{""increase_gac_work_mem"":-0.0663499323728781,""mitigate_remote_path_bundle"":0.8193133052714852,""regional_topk_candidates"":0.0124944675739018}"
sql_structural,q05_event_deviation::run-5,15,q05_event_deviation,5,2,q02_event_value_asc::run-1,q02_event_value_asc,5456d57953fe990f1580484e462a435d7cf573381f761e43b638485f128031d7,bd5d33dbf428b5dfe5fde653651a56bf4036327ea0a4ea3cb42a933b2a2200b1,earlier_final_episode,2.0,0.0,1000000.0,False,False,False,"{""increase_gac_work_mem"":0.1150579244177509,""mitigate_remote_path_bundle"":0.9620528956614378,""regional_topk_candidates"":0.1636418321928228}"
sql_structural,q05_event_deviation::run-5,15,q05_event_deviation,5,3,q01_event_value_desc::run-1,q01_event_value_desc,ad7f1beefcb86b44e6bcd60f1e092a838d67200996b3cf5a69df119b546d5ed5,bd5d33dbf428b5dfe5fde653651a56bf4036327ea0a4ea3cb42a933b2a2200b1,earlier_final_episode,1.0,0.0,1000000.0,False,False,False,"{""increase_gac_work_mem"":0.0389910134517095,""mitigate_remote_path_bundle"":2.4389637619025195,""regional_topk_candidates"":0.148442525949881}"
sql_structural,q05_event_deviation::run-5,15,q05_event_deviation,5,4,"reference::cross-action-pilot-v1::pilot_gac_topk::raw-large-balanced-v1::{""cutoff_ts"":""2026-06-01 00:00:00+00"",""limit_k"":5000}","cross-action-pilot-v1::pilot_gac_topk::raw-large-balanced-v1::{""cutoff_ts"":""2026-06-01 00:00:00+00"",""limit_k"":5000}",nan,bd5d33dbf428b5dfe5fde653651a56bf4036327ea0a4ea3cb42a933b2a2200b1,development_reference,,0.042973603055164546,23.269557573721983,False,False,False,"{""increase_gac_work_mem"":0.0116307678132073,""mitigate_remote_path_bundle"":4.467296759804148,""regional_topk_candidates"":5.045466088749672}"
sql_structural,q05_event_deviation::run-5,15,q05_event_deviation,5,5,"reference::fuzzy-memory-topk-panel-v1::fuzzy_topk_balanced::raw-large-balanced-v1::{""cutoff_ts"":""2026-06-29 00:00:00+00"",""limit_k"":10000}","fuzzy-memory-topk-panel-v1::fuzzy_topk_balanced::raw-large-balanced-v1::{""cutoff_ts"":""2026-06-29 00:00:00+00"",""limit_k"":10000}",nan,bd5d33dbf428b5dfe5fde653651a56bf4036327ea0a4ea3cb42a933b2a2200b1,development_reference,,0.042973603055164546,23.269557573721983,False,False,False,"{""increase_gac_work_mem"":0.0128070569269704,""mitigate_remote_path_bundle"":2.640761425802023,""regional_topk_candidates"":2.3178971333467917}"
sql_structural,q06_tenant_sum::run-1,16,q06_tenant_sum,1,1,"reference::cross-action-pilot-v1::pilot_gac_topk::raw-large-balanced-v1::{""cutoff_ts"":""2026-06-01 00:00:00+00"",""limit_k"":5000}","cross-action-pilot-v1::pilot_gac_topk::raw-large-balanced-v1::{""cutoff_ts"":""2026-06-01 00:00:00+00"",""limit_k"":5000}",nan,82a4b1652b8883fb8dad714052530b1788280c0ae3dd3cb8823fe3b0d8dea3ac,development_reference,,0.49672503608647867,2.0131821715620775,False,False,False,"{""increase_gac_work_mem"":0.0116307678132073,""mitigate_remote_path_bundle"":4.467296759804148,""regional_topk_candidates"":5.045466088749672}"
sql_structural,q06_tenant_sum::run-1,16,q06_tenant_sum,1,2,"reference::cross-action-pilot-v1::pilot_gac_topk::raw-small-balanced-v1::{""cutoff_ts"":""2026-06-01 00:00:00+00"",""limit_k"":5000}","cross-action-pilot-v1::pilot_gac_topk::raw-small-balanced-v1::{""cutoff_ts"":""2026-06-01 00:00:00+00"",""limit_k"":5000}",nan,82a4b1652b8883fb8dad714052530b1788280c0ae3dd3cb8823fe3b0d8dea3ac,development_reference,,0.49672503608647867,2.0131821715620775,False,False,False,"{""increase_gac_work_mem"":0.0106406666902462,""mitigate_remote_path_bundle"":3.733324190801565,""regional_topk_candidates"":1.5442528549456571}"
sql_structural,q06_tenant_sum::run-1,16,q06_tenant_sum,1,3,"reference::fuzzy-memory-topk-panel-v1::fuzzy_topk_balanced::raw-large-balanced-v1::{""cutoff_ts"":""2026-06-24 00:00:00+00"",""limit_k"":10000}","fuzzy-memory-topk-panel-v1::fuzzy_topk_balanced::raw-large-balanced-v1::{""cutoff_ts"":""2026-06-24 00:00:00+00"",""limit_k"":10000}",nan,82a4b1652b8883fb8dad714052530b1788280c0ae3dd3cb8823fe3b0d8dea3ac,development_reference,,0.49672503608647867,2.0131821715620775,False,False,False,"{""increase_gac_work_mem"":0.033912495820706,""mitigate_remote_path_bundle"":2.685723352383513,""regional_topk_candidates"":2.983182859705127}"
sql_structural,q06_tenant_sum::run-1,16,q06_tenant_sum,1,4,"reference::fuzzy-memory-topk-panel-v1::fuzzy_topk_balanced::raw-large-balanced-v1::{""cutoff_ts"":""2026-06-24 00:00:00+00"",""limit_k"":100}","fuzzy-memory-topk-panel-v1::fuzzy_topk_balanced::raw-large-balanced-v1::{""cutoff_ts"":""2026-06-24 00:00:00+00"",""limit_k"":100}",nan,82a4b1652b8883fb8dad714052530b1788280c0ae3dd3cb8823fe3b0d8dea3ac,development_reference,,0.49672503608647867,2.0131821715620775,False,False,False,"{""increase_gac_work_mem"":-0.0218364506141406,""mitigate_remote_path_bundle"":2.898860761936939,""regional_topk_candidates"":4.405764321102397}"
sql_structural,q06_tenant_sum::run-1,16,q06_tenant_sum,1,5,"reference::fuzzy-memory-topk-panel-v1::fuzzy_topk_balanced::raw-large-balanced-v1::{""cutoff_ts"":""2026-06-29 00:00:00+00"",""limit_k"":10000}","fuzzy-memory-topk-panel-v1::fuzzy_topk_balanced::raw-large-balanced-v1::{""cutoff_ts"":""2026-06-29 00:00:00+00"",""limit_k"":10000}",nan,82a4b1652b8883fb8dad714052530b1788280c0ae3dd3cb8823fe3b0d8dea3ac,development_reference,,0.49672503608647867,2.0131821715620775,False,False,False,"{""increase_gac_work_mem"":0.0128070569269704,""mitigate_remote_path_bundle"":2.640761425802023,""regional_topk_candidates"":2.3178971333467917}"
sql_structural,q07_tenant_count::run-1,17,q07_tenant_count,1,1,q06_tenant_sum::run-1,q06_tenant_sum,82a4b1652b8883fb8dad714052530b1788280c0ae3dd3cb8823fe3b0d8dea3ac,e2883a3d8a1df39316eb339275178d1251674b54de02a31a771e6d2aeced7e7b,earlier_final_episode,16.0,0.0,1000000.0,False,False,False,"{""increase_gac_work_mem"":-0.0113274524048228,""mitigate_remote_path_bundle"":2.755693328342921,""regional_topk_candidates"":3.047649640005925}"
sql_structural,q07_tenant_count::run-1,17,q07_tenant_count,1,2,"reference::cross-action-pilot-v1::pilot_gac_topk::raw-large-balanced-v1::{""cutoff_ts"":""2026-06-01 00:00:00+00"",""limit_k"":5000}","cross-action-pilot-v1::pilot_gac_topk::raw-large-balanced-v1::{""cutoff_ts"":""2026-06-01 00:00:00+00"",""limit_k"":5000}",nan,e2883a3d8a1df39316eb339275178d1251674b54de02a31a771e6d2aeced7e7b,development_reference,,0.49672503608647867,2.0131821715620775,False,False,False,"{""increase_gac_work_mem"":0.0116307678132073,""mitigate_remote_path_bundle"":4.467296759804148,""regional_topk_candidates"":5.045466088749672}"
sql_structural,q07_tenant_count::run-1,17,q07_tenant_count,1,3,"reference::fuzzy-memory-topk-panel-v1::fuzzy_topk_balanced::raw-large-balanced-v1::{""cutoff_ts"":""2026-06-24 00:00:00+00"",""limit_k"":10000}","fuzzy-memory-topk-panel-v1::fuzzy_topk_balanced::raw-large-balanced-v1::{""cutoff_ts"":""2026-06-24 00:00:00+00"",""limit_k"":10000}",nan,e2883a3d8a1df39316eb339275178d1251674b54de02a31a771e6d2aeced7e7b,development_reference,,0.49672503608647867,2.0131821715620775,False,False,False,"{""increase_gac_work_mem"":0.033912495820706,""mitigate_remote_path_bundle"":2.685723352383513,""regional_topk_candidates"":2.983182859705127}"
sql_structural,q07_tenant_count::run-1,17,q07_tenant_count,1,4,"reference::cross-action-pilot-v1::pilot_gac_topk::raw-small-balanced-v1::{""cutoff_ts"":""2026-06-01 00:00:00+00"",""limit_k"":5000}","cross-action-pilot-v1::pilot_gac_topk::raw-small-balanced-v1::{""cutoff_ts"":""2026-06-01 00:00:00+00"",""limit_k"":5000}",nan,e2883a3d8a1df39316eb339275178d1251674b54de02a31a771e6d2aeced7e7b,development_reference,,0.49672503608647867,2.0131821715620775,False,False,False,"{""increase_gac_work_mem"":0.0106406666902462,""mitigate_remote_path_bundle"":3.733324190801565,""regional_topk_candidates"":1.5442528549456571}"
sql_structural,q07_tenant_count::run-1,17,q07_tenant_count,1,5,"reference::fuzzy-memory-topk-panel-v1::fuzzy_topk_balanced::raw-large-balanced-v1::{""cutoff_ts"":""2026-06-29 00:00:00+00"",""limit_k"":10000}","fuzzy-memory-topk-panel-v1::fuzzy_topk_balanced::raw-large-balanced-v1::{""cutoff_ts"":""2026-06-29 00:00:00+00"",""limit_k"":10000}",nan,e2883a3d8a1df39316eb339275178d1251674b54de02a31a771e6d2aeced7e7b,development_reference,,0.49672503608647867,2.0131821715620775,False,False,False,"{""increase_gac_work_mem"":0.0128070569269704,""mitigate_remote_path_bundle"":2.640761425802023,""regional_topk_candidates"":2.3178971333467917}"
sql_structural,q07_tenant_count::run-2,18,q07_tenant_count,2,1,q06_tenant_sum::run-1,q06_tenant_sum,82a4b1652b8883fb8dad714052530b1788280c0ae3dd3cb8823fe3b0d8dea3ac,e2883a3d8a1df39316eb339275178d1251674b54de02a31a771e6d2aeced7e7b,earlier_final_episode,16.0,0.0,1000000.0,False,False,False,"{""increase_gac_work_mem"":-0.0113274524048228,""mitigate_remote_path_bundle"":2.755693328342921,""regional_topk_candidates"":3.047649640005925}"
sql_structural,q07_tenant_count::run-2,18,q07_tenant_count,2,2,"reference::cross-action-pilot-v1::pilot_gac_topk::raw-large-balanced-v1::{""cutoff_ts"":""2026-06-01 00:00:00+00"",""limit_k"":5000}","cross-action-pilot-v1::pilot_gac_topk::raw-large-balanced-v1::{""cutoff_ts"":""2026-06-01 00:00:00+00"",""limit_k"":5000}",nan,e2883a3d8a1df39316eb339275178d1251674b54de02a31a771e6d2aeced7e7b,development_reference,,0.49672503608647867,2.0131821715620775,False,False,False,"{""increase_gac_work_mem"":0.0116307678132073,""mitigate_remote_path_bundle"":4.467296759804148,""regional_topk_candidates"":5.045466088749672}"
sql_structural,q07_tenant_count::run-2,18,q07_tenant_count,2,3,"reference::fuzzy-memory-topk-panel-v1::fuzzy_topk_balanced::raw-large-balanced-v1::{""cutoff_ts"":""2026-06-24 00:00:00+00"",""limit_k"":10000}","fuzzy-memory-topk-panel-v1::fuzzy_topk_balanced::raw-large-balanced-v1::{""cutoff_ts"":""2026-06-24 00:00:00+00"",""limit_k"":10000}",nan,e2883a3d8a1df39316eb339275178d1251674b54de02a31a771e6d2aeced7e7b,development_reference,,0.49672503608647867,2.0131821715620775,False,False,False,"{""increase_gac_work_mem"":0.033912495820706,""mitigate_remote_path_bundle"":2.685723352383513,""regional_topk_candidates"":2.983182859705127}"
sql_structural,q07_tenant_count::run-2,18,q07_tenant_count,2,4,"reference::cross-action-pilot-v1::pilot_gac_topk::raw-small-balanced-v1::{""cutoff_ts"":""2026-06-01 00:00:00+00"",""limit_k"":5000}","cross-action-pilot-v1::pilot_gac_topk::raw-small-balanced-v1::{""cutoff_ts"":""2026-06-01 00:00:00+00"",""limit_k"":5000}",nan,e2883a3d8a1df39316eb339275178d1251674b54de02a31a771e6d2aeced7e7b,development_reference,,0.49672503608647867,2.0131821715620775,False,False,False,"{""increase_gac_work_mem"":0.0106406666902462,""mitigate_remote_path_bundle"":3.733324190801565,""regional_topk_candidates"":1.5442528549456571}"
sql_structural,q07_tenant_count::run-2,18,q07_tenant_count,2,5,"reference::fuzzy-memory-topk-panel-v1::fuzzy_topk_balanced::raw-large-balanced-v1::{""cutoff_ts"":""2026-06-29 00:00:00+00"",""limit_k"":10000}","fuzzy-memory-topk-panel-v1::fuzzy_topk_balanced::raw-large-balanced-v1::{""cutoff_ts"":""2026-06-29 00:00:00+00"",""limit_k"":10000}",nan,e2883a3d8a1df39316eb339275178d1251674b54de02a31a771e6d2aeced7e7b,development_reference,,0.49672503608647867,2.0131821715620775,False,False,False,"{""increase_gac_work_mem"":0.0128070569269704,""mitigate_remote_path_bundle"":2.640761425802023,""regional_topk_candidates"":2.3178971333467917}"
sql_structural,q08_tenant_avg::run-1,19,q08_tenant_avg,1,1,q07_tenant_count::run-2,q07_tenant_count,e2883a3d8a1df39316eb339275178d1251674b54de02a31a771e6d2aeced7e7b,8e8d2f98539f4a009d76e2bafa2994da93c550be0df9a6a7019b81cb79140fb8,earlier_final_episode,18.0,0.0,1000000.0,False,False,False,"{""increase_gac_work_mem"":0.0058933650242485,""mitigate_remote_path_bundle"":4.322867216809753,""regional_topk_candidates"":5.944838229402522}"
sql_structural,q08_tenant_avg::run-1,19,q08_tenant_avg,1,2,q06_tenant_sum::run-1,q06_tenant_sum,82a4b1652b8883fb8dad714052530b1788280c0ae3dd3cb8823fe3b0d8dea3ac,8e8d2f98539f4a009d76e2bafa2994da93c550be0df9a6a7019b81cb79140fb8,earlier_final_episode,16.0,0.0,1000000.0,False,False,False,"{""increase_gac_work_mem"":-0.0113274524048228,""mitigate_remote_path_bundle"":2.755693328342921,""regional_topk_candidates"":3.047649640005925}"
sql_structural,q08_tenant_avg::run-1,19,q08_tenant_avg,1,3,q07_tenant_count::run-1,q07_tenant_count,e2883a3d8a1df39316eb339275178d1251674b54de02a31a771e6d2aeced7e7b,8e8d2f98539f4a009d76e2bafa2994da93c550be0df9a6a7019b81cb79140fb8,earlier_final_episode,17.0,0.0,1000000.0,False,False,False,"{""increase_gac_work_mem"":0.0095142040035063,""mitigate_remote_path_bundle"":4.358137982011629,""regional_topk_candidates"":5.78740087138428}"
sql_structural,q08_tenant_avg::run-1,19,q08_tenant_avg,1,4,"reference::cross-action-pilot-v1::pilot_gac_topk::raw-large-balanced-v1::{""cutoff_ts"":""2026-06-01 00:00:00+00"",""limit_k"":5000}","cross-action-pilot-v1::pilot_gac_topk::raw-large-balanced-v1::{""cutoff_ts"":""2026-06-01 00:00:00+00"",""limit_k"":5000}",nan,8e8d2f98539f4a009d76e2bafa2994da93c550be0df9a6a7019b81cb79140fb8,development_reference,,0.49672503608647867,2.0131821715620775,False,False,False,"{""increase_gac_work_mem"":0.0116307678132073,""mitigate_remote_path_bundle"":4.467296759804148,""regional_topk_candidates"":5.045466088749672}"
sql_structural,q08_tenant_avg::run-1,19,q08_tenant_avg,1,5,"reference::fuzzy-memory-topk-panel-v1::fuzzy_topk_balanced::raw-large-balanced-v1::{""cutoff_ts"":""2026-06-29 00:00:00+00"",""limit_k"":10000}","fuzzy-memory-topk-panel-v1::fuzzy_topk_balanced::raw-large-balanced-v1::{""cutoff_ts"":""2026-06-29 00:00:00+00"",""limit_k"":10000}",nan,8e8d2f98539f4a009d76e2bafa2994da93c550be0df9a6a7019b81cb79140fb8,development_reference,,0.49672503608647867,2.0131821715620775,False,False,False,"{""increase_gac_work_mem"":0.0128070569269704,""mitigate_remote_path_bundle"":2.640761425802023,""regional_topk_candidates"":2.3178971333467917}"
sql_structural,q08_tenant_avg::run-2,20,q08_tenant_avg,2,1,q07_tenant_count::run-2,q07_tenant_count,e2883a3d8a1df39316eb339275178d1251674b54de02a31a771e6d2aeced7e7b,8e8d2f98539f4a009d76e2bafa2994da93c550be0df9a6a7019b81cb79140fb8,earlier_final_episode,18.0,0.0,1000000.0,False,False,False,"{""increase_gac_work_mem"":0.0058933650242485,""mitigate_remote_path_bundle"":4.322867216809753,""regional_topk_candidates"":5.944838229402522}"
sql_structural,q08_tenant_avg::run-2,20,q08_tenant_avg,2,2,q06_tenant_sum::run-1,q06_tenant_sum,82a4b1652b8883fb8dad714052530b1788280c0ae3dd3cb8823fe3b0d8dea3ac,8e8d2f98539f4a009d76e2bafa2994da93c550be0df9a6a7019b81cb79140fb8,earlier_final_episode,16.0,0.0,1000000.0,False,False,False,"{""increase_gac_work_mem"":-0.0113274524048228,""mitigate_remote_path_bundle"":2.755693328342921,""regional_topk_candidates"":3.047649640005925}"
sql_structural,q08_tenant_avg::run-2,20,q08_tenant_avg,2,3,q07_tenant_count::run-1,q07_tenant_count,e2883a3d8a1df39316eb339275178d1251674b54de02a31a771e6d2aeced7e7b,8e8d2f98539f4a009d76e2bafa2994da93c550be0df9a6a7019b81cb79140fb8,earlier_final_episode,17.0,0.0,1000000.0,False,False,False,"{""increase_gac_work_mem"":0.0095142040035063,""mitigate_remote_path_bundle"":4.358137982011629,""regional_topk_candidates"":5.78740087138428}"
sql_structural,q08_tenant_avg::run-2,20,q08_tenant_avg,2,4,"reference::cross-action-pilot-v1::pilot_gac_topk::raw-large-balanced-v1::{""cutoff_ts"":""2026-06-01 00:00:00+00"",""limit_k"":5000}","cross-action-pilot-v1::pilot_gac_topk::raw-large-balanced-v1::{""cutoff_ts"":""2026-06-01 00:00:00+00"",""limit_k"":5000}",nan,8e8d2f98539f4a009d76e2bafa2994da93c550be0df9a6a7019b81cb79140fb8,development_reference,,0.49672503608647867,2.0131821715620775,False,False,False,"{""increase_gac_work_mem"":0.0116307678132073,""mitigate_remote_path_bundle"":4.467296759804148,""regional_topk_candidates"":5.045466088749672}"
sql_structural,q08_tenant_avg::run-2,20,q08_tenant_avg,2,5,"reference::fuzzy-memory-topk-panel-v1::fuzzy_topk_balanced::raw-large-balanced-v1::{""cutoff_ts"":""2026-06-29 00:00:00+00"",""limit_k"":10000}","fuzzy-memory-topk-panel-v1::fuzzy_topk_balanced::raw-large-balanced-v1::{""cutoff_ts"":""2026-06-29 00:00:00+00"",""limit_k"":10000}",nan,8e8d2f98539f4a009d76e2bafa2994da93c550be0df9a6a7019b81cb79140fb8,development_reference,,0.49672503608647867,2.0131821715620775,False,False,False,"{""increase_gac_work_mem"":0.0128070569269704,""mitigate_remote_path_bundle"":2.640761425802023,""regional_topk_candidates"":2.3178971333467917}"
sql_structural,q08_tenant_avg::run-3,21,q08_tenant_avg,3,1,q07_tenant_count::run-2,q07_tenant_count,e2883a3d8a1df39316eb339275178d1251674b54de02a31a771e6d2aeced7e7b,8e8d2f98539f4a009d76e2bafa2994da93c550be0df9a6a7019b81cb79140fb8,earlier_final_episode,18.0,0.0,1000000.0,False,False,False,"{""increase_gac_work_mem"":0.0058933650242485,""mitigate_remote_path_bundle"":4.322867216809753,""regional_topk_candidates"":5.944838229402522}"
sql_structural,q08_tenant_avg::run-3,21,q08_tenant_avg,3,2,q06_tenant_sum::run-1,q06_tenant_sum,82a4b1652b8883fb8dad714052530b1788280c0ae3dd3cb8823fe3b0d8dea3ac,8e8d2f98539f4a009d76e2bafa2994da93c550be0df9a6a7019b81cb79140fb8,earlier_final_episode,16.0,0.0,1000000.0,False,False,False,"{""increase_gac_work_mem"":-0.0113274524048228,""mitigate_remote_path_bundle"":2.755693328342921,""regional_topk_candidates"":3.047649640005925}"
sql_structural,q08_tenant_avg::run-3,21,q08_tenant_avg,3,3,q07_tenant_count::run-1,q07_tenant_count,e2883a3d8a1df39316eb339275178d1251674b54de02a31a771e6d2aeced7e7b,8e8d2f98539f4a009d76e2bafa2994da93c550be0df9a6a7019b81cb79140fb8,earlier_final_episode,17.0,0.0,1000000.0,False,False,False,"{""increase_gac_work_mem"":0.0095142040035063,""mitigate_remote_path_bundle"":4.358137982011629,""regional_topk_candidates"":5.78740087138428}"
sql_structural,q08_tenant_avg::run-3,21,q08_tenant_avg,3,4,"reference::cross-action-pilot-v1::pilot_gac_topk::raw-large-balanced-v1::{""cutoff_ts"":""2026-06-01 00:00:00+00"",""limit_k"":5000}","cross-action-pilot-v1::pilot_gac_topk::raw-large-balanced-v1::{""cutoff_ts"":""2026-06-01 00:00:00+00"",""limit_k"":5000}",nan,8e8d2f98539f4a009d76e2bafa2994da93c550be0df9a6a7019b81cb79140fb8,development_reference,,0.49672503608647867,2.0131821715620775,False,False,False,"{""increase_gac_work_mem"":0.0116307678132073,""mitigate_remote_path_bundle"":4.467296759804148,""regional_topk_candidates"":5.045466088749672}"
sql_structural,q08_tenant_avg::run-3,21,q08_tenant_avg,3,5,"reference::fuzzy-memory-topk-panel-v1::fuzzy_topk_balanced::raw-large-balanced-v1::{""cutoff_ts"":""2026-06-29 00:00:00+00"",""limit_k"":10000}","fuzzy-memory-topk-panel-v1::fuzzy_topk_balanced::raw-large-balanced-v1::{""cutoff_ts"":""2026-06-29 00:00:00+00"",""limit_k"":10000}",nan,8e8d2f98539f4a009d76e2bafa2994da93c550be0df9a6a7019b81cb79140fb8,development_reference,,0.49672503608647867,2.0131821715620775,False,False,False,"{""increase_gac_work_mem"":0.0128070569269704,""mitigate_remote_path_bundle"":2.640761425802023,""regional_topk_candidates"":2.3178971333467917}"
sql_structural,q09_tenant_max::run-1,22,q09_tenant_max,1,1,q08_tenant_avg::run-3,q08_tenant_avg,8e8d2f98539f4a009d76e2bafa2994da93c550be0df9a6a7019b81cb79140fb8,0a1845d5eee8a966fc7841a83bbfa0c28f21ecba6942182b9a8b2e287f92f63b,earlier_final_episode,21.0,0.16075913981495854,6.2204474389674,False,False,False,"{""increase_gac_work_mem"":0.0268770971362172,""mitigate_remote_path_bundle"":1.4095299228143046,""regional_topk_candidates"":4.231723759789755}"
sql_structural,q09_tenant_max::run-1,22,q09_tenant_max,1,2,q08_tenant_avg::run-2,q08_tenant_avg,8e8d2f98539f4a009d76e2bafa2994da93c550be0df9a6a7019b81cb79140fb8,0a1845d5eee8a966fc7841a83bbfa0c28f21ecba6942182b9a8b2e287f92f63b,earlier_final_episode,20.0,0.16075913981495854,6.2204474389674,False,False,False,"{""increase_gac_work_mem"":0.0735851486077056,""mitigate_remote_path_bundle"":1.1931412104635313,""regional_topk_candidates"":4.607859831466466}"
sql_structural,q09_tenant_max::run-1,22,q09_tenant_max,1,3,q06_tenant_sum::run-1,q06_tenant_sum,82a4b1652b8883fb8dad714052530b1788280c0ae3dd3cb8823fe3b0d8dea3ac,0a1845d5eee8a966fc7841a83bbfa0c28f21ecba6942182b9a8b2e287f92f63b,earlier_final_episode,16.0,0.16075913981495854,6.2204474389674,False,False,False,"{""increase_gac_work_mem"":-0.0113274524048228,""mitigate_remote_path_bundle"":2.755693328342921,""regional_topk_candidates"":3.047649640005925}"
sql_structural,q09_tenant_max::run-1,22,q09_tenant_max,1,4,q07_tenant_count::run-1,q07_tenant_count,e2883a3d8a1df39316eb339275178d1251674b54de02a31a771e6d2aeced7e7b,0a1845d5eee8a966fc7841a83bbfa0c28f21ecba6942182b9a8b2e287f92f63b,earlier_final_episode,17.0,0.16075913981495854,6.2204474389674,False,False,False,"{""increase_gac_work_mem"":0.0095142040035063,""mitigate_remote_path_bundle"":4.358137982011629,""regional_topk_candidates"":5.78740087138428}"
sql_structural,q09_tenant_max::run-1,22,q09_tenant_max,1,5,q07_tenant_count::run-2,q07_tenant_count,e2883a3d8a1df39316eb339275178d1251674b54de02a31a771e6d2aeced7e7b,0a1845d5eee8a966fc7841a83bbfa0c28f21ecba6942182b9a8b2e287f92f63b,earlier_final_episode,18.0,0.16075913981495854,6.2204474389674,False,False,False,"{""increase_gac_work_mem"":0.0058933650242485,""mitigate_remote_path_bundle"":4.322867216809753,""regional_topk_candidates"":5.944838229402522}"
sql_structural,q09_tenant_max::run-2,23,q09_tenant_max,2,1,q08_tenant_avg::run-3,q08_tenant_avg,8e8d2f98539f4a009d76e2bafa2994da93c550be0df9a6a7019b81cb79140fb8,0a1845d5eee8a966fc7841a83bbfa0c28f21ecba6942182b9a8b2e287f92f63b,earlier_final_episode,21.0,0.16075913981495854,6.2204474389674,False,False,False,"{""increase_gac_work_mem"":0.0268770971362172,""mitigate_remote_path_bundle"":1.4095299228143046,""regional_topk_candidates"":4.231723759789755}"
sql_structural,q09_tenant_max::run-2,23,q09_tenant_max,2,2,q08_tenant_avg::run-2,q08_tenant_avg,8e8d2f98539f4a009d76e2bafa2994da93c550be0df9a6a7019b81cb79140fb8,0a1845d5eee8a966fc7841a83bbfa0c28f21ecba6942182b9a8b2e287f92f63b,earlier_final_episode,20.0,0.16075913981495854,6.2204474389674,False,False,False,"{""increase_gac_work_mem"":0.0735851486077056,""mitigate_remote_path_bundle"":1.1931412104635313,""regional_topk_candidates"":4.607859831466466}"
sql_structural,q09_tenant_max::run-2,23,q09_tenant_max,2,3,q06_tenant_sum::run-1,q06_tenant_sum,82a4b1652b8883fb8dad714052530b1788280c0ae3dd3cb8823fe3b0d8dea3ac,0a1845d5eee8a966fc7841a83bbfa0c28f21ecba6942182b9a8b2e287f92f63b,earlier_final_episode,16.0,0.16075913981495854,6.2204474389674,False,False,False,"{""increase_gac_work_mem"":-0.0113274524048228,""mitigate_remote_path_bundle"":2.755693328342921,""regional_topk_candidates"":3.047649640005925}"
sql_structural,q09_tenant_max::run-2,23,q09_tenant_max,2,4,q07_tenant_count::run-1,q07_tenant_count,e2883a3d8a1df39316eb339275178d1251674b54de02a31a771e6d2aeced7e7b,0a1845d5eee8a966fc7841a83bbfa0c28f21ecba6942182b9a8b2e287f92f63b,earlier_final_episode,17.0,0.16075913981495854,6.2204474389674,False,False,False,"{""increase_gac_work_mem"":0.0095142040035063,""mitigate_remote_path_bundle"":4.358137982011629,""regional_topk_candidates"":5.78740087138428}"
sql_structural,q09_tenant_max::run-2,23,q09_tenant_max,2,5,q07_tenant_count::run-2,q07_tenant_count,e2883a3d8a1df39316eb339275178d1251674b54de02a31a771e6d2aeced7e7b,0a1845d5eee8a966fc7841a83bbfa0c28f21ecba6942182b9a8b2e287f92f63b,earlier_final_episode,18.0,0.16075913981495854,6.2204474389674,False,False,False,"{""increase_gac_work_mem"":0.0058933650242485,""mitigate_remote_path_bundle"":4.322867216809753,""regional_topk_candidates"":5.944838229402522}"
sql_structural,q09_tenant_max::run-3,24,q09_tenant_max,3,1,q08_tenant_avg::run-3,q08_tenant_avg,8e8d2f98539f4a009d76e2bafa2994da93c550be0df9a6a7019b81cb79140fb8,0a1845d5eee8a966fc7841a83bbfa0c28f21ecba6942182b9a8b2e287f92f63b,earlier_final_episode,21.0,0.16075913981495854,6.2204474389674,False,False,False,"{""increase_gac_work_mem"":0.0268770971362172,""mitigate_remote_path_bundle"":1.4095299228143046,""regional_topk_candidates"":4.231723759789755}"
sql_structural,q09_tenant_max::run-3,24,q09_tenant_max,3,2,q08_tenant_avg::run-2,q08_tenant_avg,8e8d2f98539f4a009d76e2bafa2994da93c550be0df9a6a7019b81cb79140fb8,0a1845d5eee8a966fc7841a83bbfa0c28f21ecba6942182b9a8b2e287f92f63b,earlier_final_episode,20.0,0.16075913981495854,6.2204474389674,False,False,False,"{""increase_gac_work_mem"":0.0735851486077056,""mitigate_remote_path_bundle"":1.1931412104635313,""regional_topk_candidates"":4.607859831466466}"
sql_structural,q09_tenant_max::run-3,24,q09_tenant_max,3,3,q06_tenant_sum::run-1,q06_tenant_sum,82a4b1652b8883fb8dad714052530b1788280c0ae3dd3cb8823fe3b0d8dea3ac,0a1845d5eee8a966fc7841a83bbfa0c28f21ecba6942182b9a8b2e287f92f63b,earlier_final_episode,16.0,0.16075913981495854,6.2204474389674,False,False,False,"{""increase_gac_work_mem"":-0.0113274524048228,""mitigate_remote_path_bundle"":2.755693328342921,""regional_topk_candidates"":3.047649640005925}"
sql_structural,q09_tenant_max::run-3,24,q09_tenant_max,3,4,q07_tenant_count::run-1,q07_tenant_count,e2883a3d8a1df39316eb339275178d1251674b54de02a31a771e6d2aeced7e7b,0a1845d5eee8a966fc7841a83bbfa0c28f21ecba6942182b9a8b2e287f92f63b,earlier_final_episode,17.0,0.16075913981495854,6.2204474389674,False,False,False,"{""increase_gac_work_mem"":0.0095142040035063,""mitigate_remote_path_bundle"":4.358137982011629,""regional_topk_candidates"":5.78740087138428}"
sql_structural,q09_tenant_max::run-3,24,q09_tenant_max,3,5,q07_tenant_count::run-2,q07_tenant_count,e2883a3d8a1df39316eb339275178d1251674b54de02a31a771e6d2aeced7e7b,0a1845d5eee8a966fc7841a83bbfa0c28f21ecba6942182b9a8b2e287f92f63b,earlier_final_episode,18.0,0.16075913981495854,6.2204474389674,False,False,False,"{""increase_gac_work_mem"":0.0058933650242485,""mitigate_remote_path_bundle"":4.322867216809753,""regional_topk_candidates"":5.944838229402522}"
sql_structural,q09_tenant_max::run-4,25,q09_tenant_max,4,1,q08_tenant_avg::run-3,q08_tenant_avg,8e8d2f98539f4a009d76e2bafa2994da93c550be0df9a6a7019b81cb79140fb8,0a1845d5eee8a966fc7841a83bbfa0c28f21ecba6942182b9a8b2e287f92f63b,earlier_final_episode,21.0,0.16075913981495854,6.2204474389674,False,False,False,"{""increase_gac_work_mem"":0.0268770971362172,""mitigate_remote_path_bundle"":1.4095299228143046,""regional_topk_candidates"":4.231723759789755}"
sql_structural,q09_tenant_max::run-4,25,q09_tenant_max,4,2,q08_tenant_avg::run-2,q08_tenant_avg,8e8d2f98539f4a009d76e2bafa2994da93c550be0df9a6a7019b81cb79140fb8,0a1845d5eee8a966fc7841a83bbfa0c28f21ecba6942182b9a8b2e287f92f63b,earlier_final_episode,20.0,0.16075913981495854,6.2204474389674,False,False,False,"{""increase_gac_work_mem"":0.0735851486077056,""mitigate_remote_path_bundle"":1.1931412104635313,""regional_topk_candidates"":4.607859831466466}"
sql_structural,q09_tenant_max::run-4,25,q09_tenant_max,4,3,q06_tenant_sum::run-1,q06_tenant_sum,82a4b1652b8883fb8dad714052530b1788280c0ae3dd3cb8823fe3b0d8dea3ac,0a1845d5eee8a966fc7841a83bbfa0c28f21ecba6942182b9a8b2e287f92f63b,earlier_final_episode,16.0,0.16075913981495854,6.2204474389674,False,False,False,"{""increase_gac_work_mem"":-0.0113274524048228,""mitigate_remote_path_bundle"":2.755693328342921,""regional_topk_candidates"":3.047649640005925}"
sql_structural,q09_tenant_max::run-4,25,q09_tenant_max,4,4,q07_tenant_count::run-1,q07_tenant_count,e2883a3d8a1df39316eb339275178d1251674b54de02a31a771e6d2aeced7e7b,0a1845d5eee8a966fc7841a83bbfa0c28f21ecba6942182b9a8b2e287f92f63b,earlier_final_episode,17.0,0.16075913981495854,6.2204474389674,False,False,False,"{""increase_gac_work_mem"":0.0095142040035063,""mitigate_remote_path_bundle"":4.358137982011629,""regional_topk_candidates"":5.78740087138428}"
sql_structural,q09_tenant_max::run-4,25,q09_tenant_max,4,5,q07_tenant_count::run-2,q07_tenant_count,e2883a3d8a1df39316eb339275178d1251674b54de02a31a771e6d2aeced7e7b,0a1845d5eee8a966fc7841a83bbfa0c28f21ecba6942182b9a8b2e287f92f63b,earlier_final_episode,18.0,0.16075913981495854,6.2204474389674,False,False,False,"{""increase_gac_work_mem"":0.0058933650242485,""mitigate_remote_path_bundle"":4.322867216809753,""regional_topk_candidates"":5.944838229402522}"
sql_structural,q10_tenant_min::run-1,26,q10_tenant_min,1,1,q09_tenant_max::run-2,q09_tenant_max,0a1845d5eee8a966fc7841a83bbfa0c28f21ecba6942182b9a8b2e287f92f63b,1ffceae8ec4dc807efe850ad847328743196a4fc73e3da8ce9c3268b0eb210fe,earlier_final_episode,23.0,0.0,1000000.0,False,False,False,"{""increase_gac_work_mem"":0.0118212301274772,""mitigate_remote_path_bundle"":2.0356382800169626,""regional_topk_candidates"":0.711494806856934}"
sql_structural,q10_tenant_min::run-1,26,q10_tenant_min,1,2,q09_tenant_max::run-3,q09_tenant_max,0a1845d5eee8a966fc7841a83bbfa0c28f21ecba6942182b9a8b2e287f92f63b,1ffceae8ec4dc807efe850ad847328743196a4fc73e3da8ce9c3268b0eb210fe,earlier_final_episode,24.0,0.0,1000000.0,False,False,False,"{""increase_gac_work_mem"":0.0235774955198211,""mitigate_remote_path_bundle"":1.8201093118769007,""regional_topk_candidates"":0.741129797923938}"
sql_structural,q10_tenant_min::run-1,26,q10_tenant_min,1,3,q09_tenant_max::run-4,q09_tenant_max,0a1845d5eee8a966fc7841a83bbfa0c28f21ecba6942182b9a8b2e287f92f63b,1ffceae8ec4dc807efe850ad847328743196a4fc73e3da8ce9c3268b0eb210fe,earlier_final_episode,25.0,0.0,1000000.0,False,False,False,"{""increase_gac_work_mem"":0.001257989186062,""mitigate_remote_path_bundle"":1.940935010719443,""regional_topk_candidates"":0.6273560086690125}"
sql_structural,q10_tenant_min::run-1,26,q10_tenant_min,1,4,q09_tenant_max::run-1,q09_tenant_max,0a1845d5eee8a966fc7841a83bbfa0c28f21ecba6942182b9a8b2e287f92f63b,1ffceae8ec4dc807efe850ad847328743196a4fc73e3da8ce9c3268b0eb210fe,earlier_final_episode,22.0,0.0,1000000.0,False,False,False,"{""increase_gac_work_mem"":-0.0098099219860758,""mitigate_remote_path_bundle"":1.993424827708021,""regional_topk_candidates"":0.6178171990686502}"
sql_structural,q10_tenant_min::run-1,26,q10_tenant_min,1,5,q08_tenant_avg::run-3,q08_tenant_avg,8e8d2f98539f4a009d76e2bafa2994da93c550be0df9a6a7019b81cb79140fb8,1ffceae8ec4dc807efe850ad847328743196a4fc73e3da8ce9c3268b0eb210fe,earlier_final_episode,21.0,0.16075913981495854,6.2204474389674,False,False,False,"{""increase_gac_work_mem"":0.0268770971362172,""mitigate_remote_path_bundle"":1.4095299228143046,""regional_topk_candidates"":4.231723759789755}"
sql_structural,q10_tenant_min::run-2,27,q10_tenant_min,2,1,q09_tenant_max::run-2,q09_tenant_max,0a1845d5eee8a966fc7841a83bbfa0c28f21ecba6942182b9a8b2e287f92f63b,1ffceae8ec4dc807efe850ad847328743196a4fc73e3da8ce9c3268b0eb210fe,earlier_final_episode,23.0,0.0,1000000.0,False,False,False,"{""increase_gac_work_mem"":0.0118212301274772,""mitigate_remote_path_bundle"":2.0356382800169626,""regional_topk_candidates"":0.711494806856934}"
sql_structural,q10_tenant_min::run-2,27,q10_tenant_min,2,2,q09_tenant_max::run-3,q09_tenant_max,0a1845d5eee8a966fc7841a83bbfa0c28f21ecba6942182b9a8b2e287f92f63b,1ffceae8ec4dc807efe850ad847328743196a4fc73e3da8ce9c3268b0eb210fe,earlier_final_episode,24.0,0.0,1000000.0,False,False,False,"{""increase_gac_work_mem"":0.0235774955198211,""mitigate_remote_path_bundle"":1.8201093118769007,""regional_topk_candidates"":0.741129797923938}"
sql_structural,q10_tenant_min::run-2,27,q10_tenant_min,2,3,q09_tenant_max::run-4,q09_tenant_max,0a1845d5eee8a966fc7841a83bbfa0c28f21ecba6942182b9a8b2e287f92f63b,1ffceae8ec4dc807efe850ad847328743196a4fc73e3da8ce9c3268b0eb210fe,earlier_final_episode,25.0,0.0,1000000.0,False,False,False,"{""increase_gac_work_mem"":0.001257989186062,""mitigate_remote_path_bundle"":1.940935010719443,""regional_topk_candidates"":0.6273560086690125}"
sql_structural,q10_tenant_min::run-2,27,q10_tenant_min,2,4,q09_tenant_max::run-1,q09_tenant_max,0a1845d5eee8a966fc7841a83bbfa0c28f21ecba6942182b9a8b2e287f92f63b,1ffceae8ec4dc807efe850ad847328743196a4fc73e3da8ce9c3268b0eb210fe,earlier_final_episode,22.0,0.0,1000000.0,False,False,False,"{""increase_gac_work_mem"":-0.0098099219860758,""mitigate_remote_path_bundle"":1.993424827708021,""regional_topk_candidates"":0.6178171990686502}"
sql_structural,q10_tenant_min::run-2,27,q10_tenant_min,2,5,q08_tenant_avg::run-3,q08_tenant_avg,8e8d2f98539f4a009d76e2bafa2994da93c550be0df9a6a7019b81cb79140fb8,1ffceae8ec4dc807efe850ad847328743196a4fc73e3da8ce9c3268b0eb210fe,earlier_final_episode,21.0,0.16075913981495854,6.2204474389674,False,False,False,"{""increase_gac_work_mem"":0.0268770971362172,""mitigate_remote_path_bundle"":1.4095299228143046,""regional_topk_candidates"":4.231723759789755}"
sql_structural,q10_tenant_min::run-3,28,q10_tenant_min,3,1,q09_tenant_max::run-2,q09_tenant_max,0a1845d5eee8a966fc7841a83bbfa0c28f21ecba6942182b9a8b2e287f92f63b,1ffceae8ec4dc807efe850ad847328743196a4fc73e3da8ce9c3268b0eb210fe,earlier_final_episode,23.0,0.0,1000000.0,False,False,False,"{""increase_gac_work_mem"":0.0118212301274772,""mitigate_remote_path_bundle"":2.0356382800169626,""regional_topk_candidates"":0.711494806856934}"
sql_structural,q10_tenant_min::run-3,28,q10_tenant_min,3,2,q09_tenant_max::run-3,q09_tenant_max,0a1845d5eee8a966fc7841a83bbfa0c28f21ecba6942182b9a8b2e287f92f63b,1ffceae8ec4dc807efe850ad847328743196a4fc73e3da8ce9c3268b0eb210fe,earlier_final_episode,24.0,0.0,1000000.0,False,False,False,"{""increase_gac_work_mem"":0.0235774955198211,""mitigate_remote_path_bundle"":1.8201093118769007,""regional_topk_candidates"":0.741129797923938}"
sql_structural,q10_tenant_min::run-3,28,q10_tenant_min,3,3,q09_tenant_max::run-4,q09_tenant_max,0a1845d5eee8a966fc7841a83bbfa0c28f21ecba6942182b9a8b2e287f92f63b,1ffceae8ec4dc807efe850ad847328743196a4fc73e3da8ce9c3268b0eb210fe,earlier_final_episode,25.0,0.0,1000000.0,False,False,False,"{""increase_gac_work_mem"":0.001257989186062,""mitigate_remote_path_bundle"":1.940935010719443,""regional_topk_candidates"":0.6273560086690125}"
sql_structural,q10_tenant_min::run-3,28,q10_tenant_min,3,4,q09_tenant_max::run-1,q09_tenant_max,0a1845d5eee8a966fc7841a83bbfa0c28f21ecba6942182b9a8b2e287f92f63b,1ffceae8ec4dc807efe850ad847328743196a4fc73e3da8ce9c3268b0eb210fe,earlier_final_episode,22.0,0.0,1000000.0,False,False,False,"{""increase_gac_work_mem"":-0.0098099219860758,""mitigate_remote_path_bundle"":1.993424827708021,""regional_topk_candidates"":0.6178171990686502}"
sql_structural,q10_tenant_min::run-3,28,q10_tenant_min,3,5,q08_tenant_avg::run-3,q08_tenant_avg,8e8d2f98539f4a009d76e2bafa2994da93c550be0df9a6a7019b81cb79140fb8,1ffceae8ec4dc807efe850ad847328743196a4fc73e3da8ce9c3268b0eb210fe,earlier_final_episode,21.0,0.16075913981495854,6.2204474389674,False,False,False,"{""increase_gac_work_mem"":0.0268770971362172,""mitigate_remote_path_bundle"":1.4095299228143046,""regional_topk_candidates"":4.231723759789755}"
sql_structural,q10_tenant_min::run-4,29,q10_tenant_min,4,1,q09_tenant_max::run-2,q09_tenant_max,0a1845d5eee8a966fc7841a83bbfa0c28f21ecba6942182b9a8b2e287f92f63b,1ffceae8ec4dc807efe850ad847328743196a4fc73e3da8ce9c3268b0eb210fe,earlier_final_episode,23.0,0.0,1000000.0,False,False,False,"{""increase_gac_work_mem"":0.0118212301274772,""mitigate_remote_path_bundle"":2.0356382800169626,""regional_topk_candidates"":0.711494806856934}"
sql_structural,q10_tenant_min::run-4,29,q10_tenant_min,4,2,q09_tenant_max::run-3,q09_tenant_max,0a1845d5eee8a966fc7841a83bbfa0c28f21ecba6942182b9a8b2e287f92f63b,1ffceae8ec4dc807efe850ad847328743196a4fc73e3da8ce9c3268b0eb210fe,earlier_final_episode,24.0,0.0,1000000.0,False,False,False,"{""increase_gac_work_mem"":0.0235774955198211,""mitigate_remote_path_bundle"":1.8201093118769007,""regional_topk_candidates"":0.741129797923938}"
sql_structural,q10_tenant_min::run-4,29,q10_tenant_min,4,3,q09_tenant_max::run-4,q09_tenant_max,0a1845d5eee8a966fc7841a83bbfa0c28f21ecba6942182b9a8b2e287f92f63b,1ffceae8ec4dc807efe850ad847328743196a4fc73e3da8ce9c3268b0eb210fe,earlier_final_episode,25.0,0.0,1000000.0,False,False,False,"{""increase_gac_work_mem"":0.001257989186062,""mitigate_remote_path_bundle"":1.940935010719443,""regional_topk_candidates"":0.6273560086690125}"
sql_structural,q10_tenant_min::run-4,29,q10_tenant_min,4,4,q09_tenant_max::run-1,q09_tenant_max,0a1845d5eee8a966fc7841a83bbfa0c28f21ecba6942182b9a8b2e287f92f63b,1ffceae8ec4dc807efe850ad847328743196a4fc73e3da8ce9c3268b0eb210fe,earlier_final_episode,22.0,0.0,1000000.0,False,False,False,"{""increase_gac_work_mem"":-0.0098099219860758,""mitigate_remote_path_bundle"":1.993424827708021,""regional_topk_candidates"":0.6178171990686502}"
sql_structural,q10_tenant_min::run-4,29,q10_tenant_min,4,5,q08_tenant_avg::run-3,q08_tenant_avg,8e8d2f98539f4a009d76e2bafa2994da93c550be0df9a6a7019b81cb79140fb8,1ffceae8ec4dc807efe850ad847328743196a4fc73e3da8ce9c3268b0eb210fe,earlier_final_episode,21.0,0.16075913981495854,6.2204474389674,False,False,False,"{""increase_gac_work_mem"":0.0268770971362172,""mitigate_remote_path_bundle"":1.4095299228143046,""regional_topk_candidates"":4.231723759789755}"
sql_structural,q10_tenant_min::run-5,30,q10_tenant_min,5,1,q09_tenant_max::run-2,q09_tenant_max,0a1845d5eee8a966fc7841a83bbfa0c28f21ecba6942182b9a8b2e287f92f63b,1ffceae8ec4dc807efe850ad847328743196a4fc73e3da8ce9c3268b0eb210fe,earlier_final_episode,23.0,0.0,1000000.0,False,False,False,"{""increase_gac_work_mem"":0.0118212301274772,""mitigate_remote_path_bundle"":2.0356382800169626,""regional_topk_candidates"":0.711494806856934}"
sql_structural,q10_tenant_min::run-5,30,q10_tenant_min,5,2,q09_tenant_max::run-3,q09_tenant_max,0a1845d5eee8a966fc7841a83bbfa0c28f21ecba6942182b9a8b2e287f92f63b,1ffceae8ec4dc807efe850ad847328743196a4fc73e3da8ce9c3268b0eb210fe,earlier_final_episode,24.0,0.0,1000000.0,False,False,False,"{""increase_gac_work_mem"":0.0235774955198211,""mitigate_remote_path_bundle"":1.8201093118769007,""regional_topk_candidates"":0.741129797923938}"
sql_structural,q10_tenant_min::run-5,30,q10_tenant_min,5,3,q09_tenant_max::run-4,q09_tenant_max,0a1845d5eee8a966fc7841a83bbfa0c28f21ecba6942182b9a8b2e287f92f63b,1ffceae8ec4dc807efe850ad847328743196a4fc73e3da8ce9c3268b0eb210fe,earlier_final_episode,25.0,0.0,1000000.0,False,False,False,"{""increase_gac_work_mem"":0.001257989186062,""mitigate_remote_path_bundle"":1.940935010719443,""regional_topk_candidates"":0.6273560086690125}"
sql_structural,q10_tenant_min::run-5,30,q10_tenant_min,5,4,q09_tenant_max::run-1,q09_tenant_max,0a1845d5eee8a966fc7841a83bbfa0c28f21ecba6942182b9a8b2e287f92f63b,1ffceae8ec4dc807efe850ad847328743196a4fc73e3da8ce9c3268b0eb210fe,earlier_final_episode,22.0,0.0,1000000.0,False,False,False,"{""increase_gac_work_mem"":-0.0098099219860758,""mitigate_remote_path_bundle"":1.993424827708021,""regional_topk_candidates"":0.6178171990686502}"
sql_structural,q10_tenant_min::run-5,30,q10_tenant_min,5,5,q08_tenant_avg::run-3,q08_tenant_avg,8e8d2f98539f4a009d76e2bafa2994da93c550be0df9a6a7019b81cb79140fb8,1ffceae8ec4dc807efe850ad847328743196a4fc73e3da8ce9c3268b0eb210fe,earlier_final_episode,21.0,0.16075913981495854,6.2204474389674,False,False,False,"{""increase_gac_work_mem"":0.0268770971362172,""mitigate_remote_path_bundle"":1.4095299228143046,""regional_topk_candidates"":4.231723759789755}"
sql_structural,q11_tenant_high_count::run-1,31,q11_tenant_high_count,1,1,q09_tenant_max::run-2,q09_tenant_max,0a1845d5eee8a966fc7841a83bbfa0c28f21ecba6942182b9a8b2e287f92f63b,5e5d10fdfa8932055d31658300e8657de100e5a9a6617c3c715332b89e01839c,earlier_final_episode,23.0,0.07438118377140325,13.444079607467199,False,False,False,"{""increase_gac_work_mem"":0.0118212301274772,""mitigate_remote_path_bundle"":2.0356382800169626,""regional_topk_candidates"":0.711494806856934}"
sql_structural,q11_tenant_high_count::run-1,31,q11_tenant_high_count,1,2,q09_tenant_max::run-3,q09_tenant_max,0a1845d5eee8a966fc7841a83bbfa0c28f21ecba6942182b9a8b2e287f92f63b,5e5d10fdfa8932055d31658300e8657de100e5a9a6617c3c715332b89e01839c,earlier_final_episode,24.0,0.07438118377140325,13.444079607467199,False,False,False,"{""increase_gac_work_mem"":0.0235774955198211,""mitigate_remote_path_bundle"":1.8201093118769007,""regional_topk_candidates"":0.741129797923938}"
sql_structural,q11_tenant_high_count::run-1,31,q11_tenant_high_count,1,3,q09_tenant_max::run-4,q09_tenant_max,0a1845d5eee8a966fc7841a83bbfa0c28f21ecba6942182b9a8b2e287f92f63b,5e5d10fdfa8932055d31658300e8657de100e5a9a6617c3c715332b89e01839c,earlier_final_episode,25.0,0.07438118377140325,13.444079607467199,False,False,False,"{""increase_gac_work_mem"":0.001257989186062,""mitigate_remote_path_bundle"":1.940935010719443,""regional_topk_candidates"":0.6273560086690125}"
sql_structural,q11_tenant_high_count::run-1,31,q11_tenant_high_count,1,4,q10_tenant_min::run-1,q10_tenant_min,1ffceae8ec4dc807efe850ad847328743196a4fc73e3da8ce9c3268b0eb210fe,5e5d10fdfa8932055d31658300e8657de100e5a9a6617c3c715332b89e01839c,earlier_final_episode,26.0,0.07438118377140325,13.444079607467199,False,False,False,"{""increase_gac_work_mem"":-0.0152279019519483,""mitigate_remote_path_bundle"":3.3317455284481,""regional_topk_candidates"":1.5949990223674917}"
sql_structural,q11_tenant_high_count::run-1,31,q11_tenant_high_count,1,5,q10_tenant_min::run-2,q10_tenant_min,1ffceae8ec4dc807efe850ad847328743196a4fc73e3da8ce9c3268b0eb210fe,5e5d10fdfa8932055d31658300e8657de100e5a9a6617c3c715332b89e01839c,earlier_final_episode,27.0,0.07438118377140325,13.444079607467199,False,False,False,"{""increase_gac_work_mem"":-0.0055403245600634,""mitigate_remote_path_bundle"":3.4653048889107207,""regional_topk_candidates"":1.6670659134424273}"
sql_structural,q12_tenant_user_sum::run-1,32,q12_tenant_user_sum,1,1,q09_tenant_max::run-2,q09_tenant_max,0a1845d5eee8a966fc7841a83bbfa0c28f21ecba6942182b9a8b2e287f92f63b,78f49b835f2ec263b24cbefa86d9c89533b4c254bff2e0e54dc23ae3e08a65f4,earlier_final_episode,23.0,0.08581440545453282,11.652919364575226,False,False,False,"{""increase_gac_work_mem"":0.0118212301274772,""mitigate_remote_path_bundle"":2.0356382800169626,""regional_topk_candidates"":0.711494806856934}"
sql_structural,q12_tenant_user_sum::run-1,32,q12_tenant_user_sum,1,2,q09_tenant_max::run-3,q09_tenant_max,0a1845d5eee8a966fc7841a83bbfa0c28f21ecba6942182b9a8b2e287f92f63b,78f49b835f2ec263b24cbefa86d9c89533b4c254bff2e0e54dc23ae3e08a65f4,earlier_final_episode,24.0,0.08581440545453282,11.652919364575226,False,False,False,"{""increase_gac_work_mem"":0.0235774955198211,""mitigate_remote_path_bundle"":1.8201093118769007,""regional_topk_candidates"":0.741129797923938}"
sql_structural,q12_tenant_user_sum::run-1,32,q12_tenant_user_sum,1,3,q09_tenant_max::run-4,q09_tenant_max,0a1845d5eee8a966fc7841a83bbfa0c28f21ecba6942182b9a8b2e287f92f63b,78f49b835f2ec263b24cbefa86d9c89533b4c254bff2e0e54dc23ae3e08a65f4,earlier_final_episode,25.0,0.08581440545453282,11.652919364575226,False,False,False,"{""increase_gac_work_mem"":0.001257989186062,""mitigate_remote_path_bundle"":1.940935010719443,""regional_topk_candidates"":0.6273560086690125}"
sql_structural,q12_tenant_user_sum::run-1,32,q12_tenant_user_sum,1,4,q10_tenant_min::run-1,q10_tenant_min,1ffceae8ec4dc807efe850ad847328743196a4fc73e3da8ce9c3268b0eb210fe,78f49b835f2ec263b24cbefa86d9c89533b4c254bff2e0e54dc23ae3e08a65f4,earlier_final_episode,26.0,0.08581440545453282,11.652919364575226,False,False,False,"{""increase_gac_work_mem"":-0.0152279019519483,""mitigate_remote_path_bundle"":3.3317455284481,""regional_topk_candidates"":1.5949990223674917}"
sql_structural,q12_tenant_user_sum::run-1,32,q12_tenant_user_sum,1,5,q10_tenant_min::run-2,q10_tenant_min,1ffceae8ec4dc807efe850ad847328743196a4fc73e3da8ce9c3268b0eb210fe,78f49b835f2ec263b24cbefa86d9c89533b4c254bff2e0e54dc23ae3e08a65f4,earlier_final_episode,27.0,0.08581440545453282,11.652919364575226,False,False,False,"{""increase_gac_work_mem"":-0.0055403245600634,""mitigate_remote_path_bundle"":3.4653048889107207,""regional_topk_candidates"":1.6670659134424273}"
sql_structural,q12_tenant_user_sum::run-2,33,q12_tenant_user_sum,2,1,q09_tenant_max::run-2,q09_tenant_max,0a1845d5eee8a966fc7841a83bbfa0c28f21ecba6942182b9a8b2e287f92f63b,78f49b835f2ec263b24cbefa86d9c89533b4c254bff2e0e54dc23ae3e08a65f4,earlier_final_episode,23.0,0.08581440545453282,11.652919364575226,False,False,False,"{""increase_gac_work_mem"":0.0118212301274772,""mitigate_remote_path_bundle"":2.0356382800169626,""regional_topk_candidates"":0.711494806856934}"
sql_structural,q12_tenant_user_sum::run-2,33,q12_tenant_user_sum,2,2,q09_tenant_max::run-3,q09_tenant_max,0a1845d5eee8a966fc7841a83bbfa0c28f21ecba6942182b9a8b2e287f92f63b,78f49b835f2ec263b24cbefa86d9c89533b4c254bff2e0e54dc23ae3e08a65f4,earlier_final_episode,24.0,0.08581440545453282,11.652919364575226,False,False,False,"{""increase_gac_work_mem"":0.0235774955198211,""mitigate_remote_path_bundle"":1.8201093118769007,""regional_topk_candidates"":0.741129797923938}"
sql_structural,q12_tenant_user_sum::run-2,33,q12_tenant_user_sum,2,3,q09_tenant_max::run-4,q09_tenant_max,0a1845d5eee8a966fc7841a83bbfa0c28f21ecba6942182b9a8b2e287f92f63b,78f49b835f2ec263b24cbefa86d9c89533b4c254bff2e0e54dc23ae3e08a65f4,earlier_final_episode,25.0,0.08581440545453282,11.652919364575226,False,False,False,"{""increase_gac_work_mem"":0.001257989186062,""mitigate_remote_path_bundle"":1.940935010719443,""regional_topk_candidates"":0.6273560086690125}"
sql_structural,q12_tenant_user_sum::run-2,33,q12_tenant_user_sum,2,4,q10_tenant_min::run-1,q10_tenant_min,1ffceae8ec4dc807efe850ad847328743196a4fc73e3da8ce9c3268b0eb210fe,78f49b835f2ec263b24cbefa86d9c89533b4c254bff2e0e54dc23ae3e08a65f4,earlier_final_episode,26.0,0.08581440545453282,11.652919364575226,False,False,False,"{""increase_gac_work_mem"":-0.0152279019519483,""mitigate_remote_path_bundle"":3.3317455284481,""regional_topk_candidates"":1.5949990223674917}"
sql_structural,q12_tenant_user_sum::run-2,33,q12_tenant_user_sum,2,5,q10_tenant_min::run-2,q10_tenant_min,1ffceae8ec4dc807efe850ad847328743196a4fc73e3da8ce9c3268b0eb210fe,78f49b835f2ec263b24cbefa86d9c89533b4c254bff2e0e54dc23ae3e08a65f4,earlier_final_episode,27.0,0.08581440545453282,11.652919364575226,False,False,False,"{""increase_gac_work_mem"":-0.0055403245600634,""mitigate_remote_path_bundle"":3.4653048889107207,""regional_topk_candidates"":1.6670659134424273}"
sql_structural,q13_tenant_user_count::run-1,34,q13_tenant_user_count,1,1,q12_tenant_user_sum::run-2,q12_tenant_user_sum,78f49b835f2ec263b24cbefa86d9c89533b4c254bff2e0e54dc23ae3e08a65f4,8abd4dad5be8a8b072675fe97f3c25d8b29f0a4ad601501d7ca205a8f9a80277,earlier_final_episode,33.0,0.0,1000000.0,False,False,False,"{""increase_gac_work_mem"":0.0468398291295993,""mitigate_remote_path_bundle"":2.3849689300931085,""regional_topk_candidates"":2.642596705948222}"
sql_structural,q13_tenant_user_count::run-1,34,q13_tenant_user_count,1,2,q12_tenant_user_sum::run-1,q12_tenant_user_sum,78f49b835f2ec263b24cbefa86d9c89533b4c254bff2e0e54dc23ae3e08a65f4,8abd4dad5be8a8b072675fe97f3c25d8b29f0a4ad601501d7ca205a8f9a80277,earlier_final_episode,32.0,0.0,1000000.0,False,False,False,"{""increase_gac_work_mem"":0.0620501007483585,""mitigate_remote_path_bundle"":2.60350925502538,""regional_topk_candidates"":2.722186807479819}"
sql_structural,q13_tenant_user_count::run-1,34,q13_tenant_user_count,1,3,q10_tenant_min::run-2,q10_tenant_min,1ffceae8ec4dc807efe850ad847328743196a4fc73e3da8ce9c3268b0eb210fe,8abd4dad5be8a8b072675fe97f3c25d8b29f0a4ad601501d7ca205a8f9a80277,earlier_final_episode,27.0,0.08581440545453282,11.652919364575226,False,False,False,"{""increase_gac_work_mem"":-0.0055403245600634,""mitigate_remote_path_bundle"":3.4653048889107207,""regional_topk_candidates"":1.6670659134424273}"
sql_structural,q13_tenant_user_count::run-1,34,q13_tenant_user_count,1,4,q10_tenant_min::run-3,q10_tenant_min,1ffceae8ec4dc807efe850ad847328743196a4fc73e3da8ce9c3268b0eb210fe,8abd4dad5be8a8b072675fe97f3c25d8b29f0a4ad601501d7ca205a8f9a80277,earlier_final_episode,28.0,0.08581440545453282,11.652919364575226,False,False,False,"{""increase_gac_work_mem"":0.0360130863917107,""mitigate_remote_path_bundle"":3.5011137901178766,""regional_topk_candidates"":1.6725292573066506}"
sql_structural,q13_tenant_user_count::run-1,34,q13_tenant_user_count,1,5,q09_tenant_max::run-4,q09_tenant_max,0a1845d5eee8a966fc7841a83bbfa0c28f21ecba6942182b9a8b2e287f92f63b,8abd4dad5be8a8b072675fe97f3c25d8b29f0a4ad601501d7ca205a8f9a80277,earlier_final_episode,25.0,0.08581440545453282,11.652919364575226,False,False,False,"{""increase_gac_work_mem"":0.001257989186062,""mitigate_remote_path_bundle"":1.940935010719443,""regional_topk_candidates"":0.6273560086690125}"
sql_structural,q13_tenant_user_count::run-2,35,q13_tenant_user_count,2,1,q12_tenant_user_sum::run-2,q12_tenant_user_sum,78f49b835f2ec263b24cbefa86d9c89533b4c254bff2e0e54dc23ae3e08a65f4,8abd4dad5be8a8b072675fe97f3c25d8b29f0a4ad601501d7ca205a8f9a80277,earlier_final_episode,33.0,0.0,1000000.0,False,False,False,"{""increase_gac_work_mem"":0.0468398291295993,""mitigate_remote_path_bundle"":2.3849689300931085,""regional_topk_candidates"":2.642596705948222}"
sql_structural,q13_tenant_user_count::run-2,35,q13_tenant_user_count,2,2,q12_tenant_user_sum::run-1,q12_tenant_user_sum,78f49b835f2ec263b24cbefa86d9c89533b4c254bff2e0e54dc23ae3e08a65f4,8abd4dad5be8a8b072675fe97f3c25d8b29f0a4ad601501d7ca205a8f9a80277,earlier_final_episode,32.0,0.0,1000000.0,False,False,False,"{""increase_gac_work_mem"":0.0620501007483585,""mitigate_remote_path_bundle"":2.60350925502538,""regional_topk_candidates"":2.722186807479819}"
sql_structural,q13_tenant_user_count::run-2,35,q13_tenant_user_count,2,3,q10_tenant_min::run-2,q10_tenant_min,1ffceae8ec4dc807efe850ad847328743196a4fc73e3da8ce9c3268b0eb210fe,8abd4dad5be8a8b072675fe97f3c25d8b29f0a4ad601501d7ca205a8f9a80277,earlier_final_episode,27.0,0.08581440545453282,11.652919364575226,False,False,False,"{""increase_gac_work_mem"":-0.0055403245600634,""mitigate_remote_path_bundle"":3.4653048889107207,""regional_topk_candidates"":1.6670659134424273}"
sql_structural,q13_tenant_user_count::run-2,35,q13_tenant_user_count,2,4,q10_tenant_min::run-3,q10_tenant_min,1ffceae8ec4dc807efe850ad847328743196a4fc73e3da8ce9c3268b0eb210fe,8abd4dad5be8a8b072675fe97f3c25d8b29f0a4ad601501d7ca205a8f9a80277,earlier_final_episode,28.0,0.08581440545453282,11.652919364575226,False,False,False,"{""increase_gac_work_mem"":0.0360130863917107,""mitigate_remote_path_bundle"":3.5011137901178766,""regional_topk_candidates"":1.6725292573066506}"
sql_structural,q13_tenant_user_count::run-2,35,q13_tenant_user_count,2,5,q09_tenant_max::run-4,q09_tenant_max,0a1845d5eee8a966fc7841a83bbfa0c28f21ecba6942182b9a8b2e287f92f63b,8abd4dad5be8a8b072675fe97f3c25d8b29f0a4ad601501d7ca205a8f9a80277,earlier_final_episode,25.0,0.08581440545453282,11.652919364575226,False,False,False,"{""increase_gac_work_mem"":0.001257989186062,""mitigate_remote_path_bundle"":1.940935010719443,""regional_topk_candidates"":0.6273560086690125}"
sql_structural,q13_tenant_user_count::run-3,36,q13_tenant_user_count,3,1,q12_tenant_user_sum::run-2,q12_tenant_user_sum,78f49b835f2ec263b24cbefa86d9c89533b4c254bff2e0e54dc23ae3e08a65f4,8abd4dad5be8a8b072675fe97f3c25d8b29f0a4ad601501d7ca205a8f9a80277,earlier_final_episode,33.0,0.0,1000000.0,False,False,False,"{""increase_gac_work_mem"":0.0468398291295993,""mitigate_remote_path_bundle"":2.3849689300931085,""regional_topk_candidates"":2.642596705948222}"
sql_structural,q13_tenant_user_count::run-3,36,q13_tenant_user_count,3,2,q12_tenant_user_sum::run-1,q12_tenant_user_sum,78f49b835f2ec263b24cbefa86d9c89533b4c254bff2e0e54dc23ae3e08a65f4,8abd4dad5be8a8b072675fe97f3c25d8b29f0a4ad601501d7ca205a8f9a80277,earlier_final_episode,32.0,0.0,1000000.0,False,False,False,"{""increase_gac_work_mem"":0.0620501007483585,""mitigate_remote_path_bundle"":2.60350925502538,""regional_topk_candidates"":2.722186807479819}"
sql_structural,q13_tenant_user_count::run-3,36,q13_tenant_user_count,3,3,q10_tenant_min::run-2,q10_tenant_min,1ffceae8ec4dc807efe850ad847328743196a4fc73e3da8ce9c3268b0eb210fe,8abd4dad5be8a8b072675fe97f3c25d8b29f0a4ad601501d7ca205a8f9a80277,earlier_final_episode,27.0,0.08581440545453282,11.652919364575226,False,False,False,"{""increase_gac_work_mem"":-0.0055403245600634,""mitigate_remote_path_bundle"":3.4653048889107207,""regional_topk_candidates"":1.6670659134424273}"
sql_structural,q13_tenant_user_count::run-3,36,q13_tenant_user_count,3,4,q10_tenant_min::run-3,q10_tenant_min,1ffceae8ec4dc807efe850ad847328743196a4fc73e3da8ce9c3268b0eb210fe,8abd4dad5be8a8b072675fe97f3c25d8b29f0a4ad601501d7ca205a8f9a80277,earlier_final_episode,28.0,0.08581440545453282,11.652919364575226,False,False,False,"{""increase_gac_work_mem"":0.0360130863917107,""mitigate_remote_path_bundle"":3.5011137901178766,""regional_topk_candidates"":1.6725292573066506}"
sql_structural,q13_tenant_user_count::run-3,36,q13_tenant_user_count,3,5,q09_tenant_max::run-4,q09_tenant_max,0a1845d5eee8a966fc7841a83bbfa0c28f21ecba6942182b9a8b2e287f92f63b,8abd4dad5be8a8b072675fe97f3c25d8b29f0a4ad601501d7ca205a8f9a80277,earlier_final_episode,25.0,0.08581440545453282,11.652919364575226,False,False,False,"{""increase_gac_work_mem"":0.001257989186062,""mitigate_remote_path_bundle"":1.940935010719443,""regional_topk_candidates"":0.6273560086690125}"
sql_structural,q14_tenant_day_sum::run-1,37,q14_tenant_day_sum,1,1,q12_tenant_user_sum::run-1,q12_tenant_user_sum,78f49b835f2ec263b24cbefa86d9c89533b4c254bff2e0e54dc23ae3e08a65f4,44073d33245743b2bdd8be67d3286ec8caaa2e4cceb2969efcfaa87d76883995,earlier_final_episode,32.0,0.0,1000000.0,False,False,False,"{""increase_gac_work_mem"":0.0620501007483585,""mitigate_remote_path_bundle"":2.60350925502538,""regional_topk_candidates"":2.722186807479819}"
sql_structural,q14_tenant_day_sum::run-1,37,q14_tenant_day_sum,1,2,q13_tenant_user_count::run-1,q13_tenant_user_count,8abd4dad5be8a8b072675fe97f3c25d8b29f0a4ad601501d7ca205a8f9a80277,44073d33245743b2bdd8be67d3286ec8caaa2e4cceb2969efcfaa87d76883995,earlier_final_episode,34.0,0.0,1000000.0,False,False,False,"{""increase_gac_work_mem"":-0.0169087536433568,""mitigate_remote_path_bundle"":3.582620675817098,""regional_topk_candidates"":2.533280904815219}"
sql_structural,q14_tenant_day_sum::run-1,37,q14_tenant_day_sum,1,3,q12_tenant_user_sum::run-2,q12_tenant_user_sum,78f49b835f2ec263b24cbefa86d9c89533b4c254bff2e0e54dc23ae3e08a65f4,44073d33245743b2bdd8be67d3286ec8caaa2e4cceb2969efcfaa87d76883995,earlier_final_episode,33.0,0.0,1000000.0,False,False,False,"{""increase_gac_work_mem"":0.0468398291295993,""mitigate_remote_path_bundle"":2.3849689300931085,""regional_topk_candidates"":2.642596705948222}"
sql_structural,q14_tenant_day_sum::run-1,37,q14_tenant_day_sum,1,4,q13_tenant_user_count::run-2,q13_tenant_user_count,8abd4dad5be8a8b072675fe97f3c25d8b29f0a4ad601501d7ca205a8f9a80277,44073d33245743b2bdd8be67d3286ec8caaa2e4cceb2969efcfaa87d76883995,earlier_final_episode,35.0,0.0,1000000.0,False,False,False,"{""increase_gac_work_mem"":0.000215558798449,""mitigate_remote_path_bundle"":3.427266215127879,""regional_topk_candidates"":2.489066964314711}"
sql_structural,q14_tenant_day_sum::run-1,37,q14_tenant_day_sum,1,5,q13_tenant_user_count::run-3,q13_tenant_user_count,8abd4dad5be8a8b072675fe97f3c25d8b29f0a4ad601501d7ca205a8f9a80277,44073d33245743b2bdd8be67d3286ec8caaa2e4cceb2969efcfaa87d76883995,earlier_final_episode,36.0,0.0,1000000.0,False,False,False,"{""increase_gac_work_mem"":0.0022388104984377,""mitigate_remote_path_bundle"":3.425023746163733,""regional_topk_candidates"":2.4918301675269805}"
sql_structural,q14_tenant_day_sum::run-2,38,q14_tenant_day_sum,2,1,q12_tenant_user_sum::run-1,q12_tenant_user_sum,78f49b835f2ec263b24cbefa86d9c89533b4c254bff2e0e54dc23ae3e08a65f4,44073d33245743b2bdd8be67d3286ec8caaa2e4cceb2969efcfaa87d76883995,earlier_final_episode,32.0,0.0,1000000.0,False,False,False,"{""increase_gac_work_mem"":0.0620501007483585,""mitigate_remote_path_bundle"":2.60350925502538,""regional_topk_candidates"":2.722186807479819}"
sql_structural,q14_tenant_day_sum::run-2,38,q14_tenant_day_sum,2,2,q13_tenant_user_count::run-1,q13_tenant_user_count,8abd4dad5be8a8b072675fe97f3c25d8b29f0a4ad601501d7ca205a8f9a80277,44073d33245743b2bdd8be67d3286ec8caaa2e4cceb2969efcfaa87d76883995,earlier_final_episode,34.0,0.0,1000000.0,False,False,False,"{""increase_gac_work_mem"":-0.0169087536433568,""mitigate_remote_path_bundle"":3.582620675817098,""regional_topk_candidates"":2.533280904815219}"
sql_structural,q14_tenant_day_sum::run-2,38,q14_tenant_day_sum,2,3,q12_tenant_user_sum::run-2,q12_tenant_user_sum,78f49b835f2ec263b24cbefa86d9c89533b4c254bff2e0e54dc23ae3e08a65f4,44073d33245743b2bdd8be67d3286ec8caaa2e4cceb2969efcfaa87d76883995,earlier_final_episode,33.0,0.0,1000000.0,False,False,False,"{""increase_gac_work_mem"":0.0468398291295993,""mitigate_remote_path_bundle"":2.3849689300931085,""regional_topk_candidates"":2.642596705948222}"
sql_structural,q14_tenant_day_sum::run-2,38,q14_tenant_day_sum,2,4,q13_tenant_user_count::run-2,q13_tenant_user_count,8abd4dad5be8a8b072675fe97f3c25d8b29f0a4ad601501d7ca205a8f9a80277,44073d33245743b2bdd8be67d3286ec8caaa2e4cceb2969efcfaa87d76883995,earlier_final_episode,35.0,0.0,1000000.0,False,False,False,"{""increase_gac_work_mem"":0.000215558798449,""mitigate_remote_path_bundle"":3.427266215127879,""regional_topk_candidates"":2.489066964314711}"
sql_structural,q14_tenant_day_sum::run-2,38,q14_tenant_day_sum,2,5,q13_tenant_user_count::run-3,q13_tenant_user_count,8abd4dad5be8a8b072675fe97f3c25d8b29f0a4ad601501d7ca205a8f9a80277,44073d33245743b2bdd8be67d3286ec8caaa2e4cceb2969efcfaa87d76883995,earlier_final_episode,36.0,0.0,1000000.0,False,False,False,"{""increase_gac_work_mem"":0.0022388104984377,""mitigate_remote_path_bundle"":3.425023746163733,""regional_topk_candidates"":2.4918301675269805}"
sql_structural,q14_tenant_day_sum::run-3,39,q14_tenant_day_sum,3,1,q12_tenant_user_sum::run-1,q12_tenant_user_sum,78f49b835f2ec263b24cbefa86d9c89533b4c254bff2e0e54dc23ae3e08a65f4,44073d33245743b2bdd8be67d3286ec8caaa2e4cceb2969efcfaa87d76883995,earlier_final_episode,32.0,0.0,1000000.0,False,False,False,"{""increase_gac_work_mem"":0.0620501007483585,""mitigate_remote_path_bundle"":2.60350925502538,""regional_topk_candidates"":2.722186807479819}"
sql_structural,q14_tenant_day_sum::run-3,39,q14_tenant_day_sum,3,2,q13_tenant_user_count::run-1,q13_tenant_user_count,8abd4dad5be8a8b072675fe97f3c25d8b29f0a4ad601501d7ca205a8f9a80277,44073d33245743b2bdd8be67d3286ec8caaa2e4cceb2969efcfaa87d76883995,earlier_final_episode,34.0,0.0,1000000.0,False,False,False,"{""increase_gac_work_mem"":-0.0169087536433568,""mitigate_remote_path_bundle"":3.582620675817098,""regional_topk_candidates"":2.533280904815219}"
sql_structural,q14_tenant_day_sum::run-3,39,q14_tenant_day_sum,3,3,q12_tenant_user_sum::run-2,q12_tenant_user_sum,78f49b835f2ec263b24cbefa86d9c89533b4c254bff2e0e54dc23ae3e08a65f4,44073d33245743b2bdd8be67d3286ec8caaa2e4cceb2969efcfaa87d76883995,earlier_final_episode,33.0,0.0,1000000.0,False,False,False,"{""increase_gac_work_mem"":0.0468398291295993,""mitigate_remote_path_bundle"":2.3849689300931085,""regional_topk_candidates"":2.642596705948222}"
sql_structural,q14_tenant_day_sum::run-3,39,q14_tenant_day_sum,3,4,q13_tenant_user_count::run-2,q13_tenant_user_count,8abd4dad5be8a8b072675fe97f3c25d8b29f0a4ad601501d7ca205a8f9a80277,44073d33245743b2bdd8be67d3286ec8caaa2e4cceb2969efcfaa87d76883995,earlier_final_episode,35.0,0.0,1000000.0,False,False,False,"{""increase_gac_work_mem"":0.000215558798449,""mitigate_remote_path_bundle"":3.427266215127879,""regional_topk_candidates"":2.489066964314711}"
sql_structural,q14_tenant_day_sum::run-3,39,q14_tenant_day_sum,3,5,q13_tenant_user_count::run-3,q13_tenant_user_count,8abd4dad5be8a8b072675fe97f3c25d8b29f0a4ad601501d7ca205a8f9a80277,44073d33245743b2bdd8be67d3286ec8caaa2e4cceb2969efcfaa87d76883995,earlier_final_episode,36.0,0.0,1000000.0,False,False,False,"{""increase_gac_work_mem"":0.0022388104984377,""mitigate_remote_path_bundle"":3.425023746163733,""regional_topk_candidates"":2.4918301675269805}"
sql_structural,q14_tenant_day_sum::run-4,40,q14_tenant_day_sum,4,1,q12_tenant_user_sum::run-1,q12_tenant_user_sum,78f49b835f2ec263b24cbefa86d9c89533b4c254bff2e0e54dc23ae3e08a65f4,44073d33245743b2bdd8be67d3286ec8caaa2e4cceb2969efcfaa87d76883995,earlier_final_episode,32.0,0.0,1000000.0,False,False,False,"{""increase_gac_work_mem"":0.0620501007483585,""mitigate_remote_path_bundle"":2.60350925502538,""regional_topk_candidates"":2.722186807479819}"
sql_structural,q14_tenant_day_sum::run-4,40,q14_tenant_day_sum,4,2,q13_tenant_user_count::run-1,q13_tenant_user_count,8abd4dad5be8a8b072675fe97f3c25d8b29f0a4ad601501d7ca205a8f9a80277,44073d33245743b2bdd8be67d3286ec8caaa2e4cceb2969efcfaa87d76883995,earlier_final_episode,34.0,0.0,1000000.0,False,False,False,"{""increase_gac_work_mem"":-0.0169087536433568,""mitigate_remote_path_bundle"":3.582620675817098,""regional_topk_candidates"":2.533280904815219}"
sql_structural,q14_tenant_day_sum::run-4,40,q14_tenant_day_sum,4,3,q12_tenant_user_sum::run-2,q12_tenant_user_sum,78f49b835f2ec263b24cbefa86d9c89533b4c254bff2e0e54dc23ae3e08a65f4,44073d33245743b2bdd8be67d3286ec8caaa2e4cceb2969efcfaa87d76883995,earlier_final_episode,33.0,0.0,1000000.0,False,False,False,"{""increase_gac_work_mem"":0.0468398291295993,""mitigate_remote_path_bundle"":2.3849689300931085,""regional_topk_candidates"":2.642596705948222}"
sql_structural,q14_tenant_day_sum::run-4,40,q14_tenant_day_sum,4,4,q13_tenant_user_count::run-2,q13_tenant_user_count,8abd4dad5be8a8b072675fe97f3c25d8b29f0a4ad601501d7ca205a8f9a80277,44073d33245743b2bdd8be67d3286ec8caaa2e4cceb2969efcfaa87d76883995,earlier_final_episode,35.0,0.0,1000000.0,False,False,False,"{""increase_gac_work_mem"":0.000215558798449,""mitigate_remote_path_bundle"":3.427266215127879,""regional_topk_candidates"":2.489066964314711}"
sql_structural,q14_tenant_day_sum::run-4,40,q14_tenant_day_sum,4,5,q13_tenant_user_count::run-3,q13_tenant_user_count,8abd4dad5be8a8b072675fe97f3c25d8b29f0a4ad601501d7ca205a8f9a80277,44073d33245743b2bdd8be67d3286ec8caaa2e4cceb2969efcfaa87d76883995,earlier_final_episode,36.0,0.0,1000000.0,False,False,False,"{""increase_gac_work_mem"":0.0022388104984377,""mitigate_remote_path_bundle"":3.425023746163733,""regional_topk_candidates"":2.4918301675269805}"
sql_structural,q15_tenant_day_count::run-1,41,q15_tenant_day_count,1,1,q12_tenant_user_sum::run-2,q12_tenant_user_sum,78f49b835f2ec263b24cbefa86d9c89533b4c254bff2e0e54dc23ae3e08a65f4,0a85603a4adfceca9159f8d60d621bb9b8b84fb3eb21b6d02815abb8ca0c6ca9,earlier_final_episode,33.0,0.0,1000000.0,False,False,False,"{""increase_gac_work_mem"":0.0468398291295993,""mitigate_remote_path_bundle"":2.3849689300931085,""regional_topk_candidates"":2.642596705948222}"
sql_structural,q15_tenant_day_count::run-1,41,q15_tenant_day_count,1,2,q13_tenant_user_count::run-2,q13_tenant_user_count,8abd4dad5be8a8b072675fe97f3c25d8b29f0a4ad601501d7ca205a8f9a80277,0a85603a4adfceca9159f8d60d621bb9b8b84fb3eb21b6d02815abb8ca0c6ca9,earlier_final_episode,35.0,0.0,1000000.0,False,False,False,"{""increase_gac_work_mem"":0.000215558798449,""mitigate_remote_path_bundle"":3.427266215127879,""regional_topk_candidates"":2.489066964314711}"
sql_structural,q15_tenant_day_count::run-1,41,q15_tenant_day_count,1,3,q13_tenant_user_count::run-3,q13_tenant_user_count,8abd4dad5be8a8b072675fe97f3c25d8b29f0a4ad601501d7ca205a8f9a80277,0a85603a4adfceca9159f8d60d621bb9b8b84fb3eb21b6d02815abb8ca0c6ca9,earlier_final_episode,36.0,0.0,1000000.0,False,False,False,"{""increase_gac_work_mem"":0.0022388104984377,""mitigate_remote_path_bundle"":3.425023746163733,""regional_topk_candidates"":2.4918301675269805}"
sql_structural,q15_tenant_day_count::run-1,41,q15_tenant_day_count,1,4,q14_tenant_day_sum::run-2,q14_tenant_day_sum,44073d33245743b2bdd8be67d3286ec8caaa2e4cceb2969efcfaa87d76883995,0a85603a4adfceca9159f8d60d621bb9b8b84fb3eb21b6d02815abb8ca0c6ca9,earlier_final_episode,38.0,0.0,1000000.0,False,False,False,"{""increase_gac_work_mem"":0.1056924575119,""mitigate_remote_path_bundle"":1.3203793430096975,""regional_topk_candidates"":0.3492104306271075}"
sql_structural,q15_tenant_day_count::run-1,41,q15_tenant_day_count,1,5,q12_tenant_user_sum::run-1,q12_tenant_user_sum,78f49b835f2ec263b24cbefa86d9c89533b4c254bff2e0e54dc23ae3e08a65f4,0a85603a4adfceca9159f8d60d621bb9b8b84fb3eb21b6d02815abb8ca0c6ca9,earlier_final_episode,32.0,0.0,1000000.0,False,False,False,"{""increase_gac_work_mem"":0.0620501007483585,""mitigate_remote_path_bundle"":2.60350925502538,""regional_topk_candidates"":2.722186807479819}"
sql_structural,q15_tenant_day_count::run-2,42,q15_tenant_day_count,2,1,q12_tenant_user_sum::run-2,q12_tenant_user_sum,78f49b835f2ec263b24cbefa86d9c89533b4c254bff2e0e54dc23ae3e08a65f4,0a85603a4adfceca9159f8d60d621bb9b8b84fb3eb21b6d02815abb8ca0c6ca9,earlier_final_episode,33.0,0.0,1000000.0,False,False,False,"{""increase_gac_work_mem"":0.0468398291295993,""mitigate_remote_path_bundle"":2.3849689300931085,""regional_topk_candidates"":2.642596705948222}"
sql_structural,q15_tenant_day_count::run-2,42,q15_tenant_day_count,2,2,q13_tenant_user_count::run-2,q13_tenant_user_count,8abd4dad5be8a8b072675fe97f3c25d8b29f0a4ad601501d7ca205a8f9a80277,0a85603a4adfceca9159f8d60d621bb9b8b84fb3eb21b6d02815abb8ca0c6ca9,earlier_final_episode,35.0,0.0,1000000.0,False,False,False,"{""increase_gac_work_mem"":0.000215558798449,""mitigate_remote_path_bundle"":3.427266215127879,""regional_topk_candidates"":2.489066964314711}"
sql_structural,q15_tenant_day_count::run-2,42,q15_tenant_day_count,2,3,q13_tenant_user_count::run-3,q13_tenant_user_count,8abd4dad5be8a8b072675fe97f3c25d8b29f0a4ad601501d7ca205a8f9a80277,0a85603a4adfceca9159f8d60d621bb9b8b84fb3eb21b6d02815abb8ca0c6ca9,earlier_final_episode,36.0,0.0,1000000.0,False,False,False,"{""increase_gac_work_mem"":0.0022388104984377,""mitigate_remote_path_bundle"":3.425023746163733,""regional_topk_candidates"":2.4918301675269805}"
sql_structural,q15_tenant_day_count::run-2,42,q15_tenant_day_count,2,4,q14_tenant_day_sum::run-2,q14_tenant_day_sum,44073d33245743b2bdd8be67d3286ec8caaa2e4cceb2969efcfaa87d76883995,0a85603a4adfceca9159f8d60d621bb9b8b84fb3eb21b6d02815abb8ca0c6ca9,earlier_final_episode,38.0,0.0,1000000.0,False,False,False,"{""increase_gac_work_mem"":0.1056924575119,""mitigate_remote_path_bundle"":1.3203793430096975,""regional_topk_candidates"":0.3492104306271075}"
sql_structural,q15_tenant_day_count::run-2,42,q15_tenant_day_count,2,5,q12_tenant_user_sum::run-1,q12_tenant_user_sum,78f49b835f2ec263b24cbefa86d9c89533b4c254bff2e0e54dc23ae3e08a65f4,0a85603a4adfceca9159f8d60d621bb9b8b84fb3eb21b6d02815abb8ca0c6ca9,earlier_final_episode,32.0,0.0,1000000.0,False,False,False,"{""increase_gac_work_mem"":0.0620501007483585,""mitigate_remote_path_bundle"":2.60350925502538,""regional_topk_candidates"":2.722186807479819}"
sql_structural,q15_tenant_day_count::run-3,43,q15_tenant_day_count,3,1,q12_tenant_user_sum::run-2,q12_tenant_user_sum,78f49b835f2ec263b24cbefa86d9c89533b4c254bff2e0e54dc23ae3e08a65f4,0a85603a4adfceca9159f8d60d621bb9b8b84fb3eb21b6d02815abb8ca0c6ca9,earlier_final_episode,33.0,0.0,1000000.0,False,False,False,"{""increase_gac_work_mem"":0.0468398291295993,""mitigate_remote_path_bundle"":2.3849689300931085,""regional_topk_candidates"":2.642596705948222}"
sql_structural,q15_tenant_day_count::run-3,43,q15_tenant_day_count,3,2,q13_tenant_user_count::run-2,q13_tenant_user_count,8abd4dad5be8a8b072675fe97f3c25d8b29f0a4ad601501d7ca205a8f9a80277,0a85603a4adfceca9159f8d60d621bb9b8b84fb3eb21b6d02815abb8ca0c6ca9,earlier_final_episode,35.0,0.0,1000000.0,False,False,False,"{""increase_gac_work_mem"":0.000215558798449,""mitigate_remote_path_bundle"":3.427266215127879,""regional_topk_candidates"":2.489066964314711}"
sql_structural,q15_tenant_day_count::run-3,43,q15_tenant_day_count,3,3,q13_tenant_user_count::run-3,q13_tenant_user_count,8abd4dad5be8a8b072675fe97f3c25d8b29f0a4ad601501d7ca205a8f9a80277,0a85603a4adfceca9159f8d60d621bb9b8b84fb3eb21b6d02815abb8ca0c6ca9,earlier_final_episode,36.0,0.0,1000000.0,False,False,False,"{""increase_gac_work_mem"":0.0022388104984377,""mitigate_remote_path_bundle"":3.425023746163733,""regional_topk_candidates"":2.4918301675269805}"
sql_structural,q15_tenant_day_count::run-3,43,q15_tenant_day_count,3,4,q14_tenant_day_sum::run-2,q14_tenant_day_sum,44073d33245743b2bdd8be67d3286ec8caaa2e4cceb2969efcfaa87d76883995,0a85603a4adfceca9159f8d60d621bb9b8b84fb3eb21b6d02815abb8ca0c6ca9,earlier_final_episode,38.0,0.0,1000000.0,False,False,False,"{""increase_gac_work_mem"":0.1056924575119,""mitigate_remote_path_bundle"":1.3203793430096975,""regional_topk_candidates"":0.3492104306271075}"
sql_structural,q15_tenant_day_count::run-3,43,q15_tenant_day_count,3,5,q12_tenant_user_sum::run-1,q12_tenant_user_sum,78f49b835f2ec263b24cbefa86d9c89533b4c254bff2e0e54dc23ae3e08a65f4,0a85603a4adfceca9159f8d60d621bb9b8b84fb3eb21b6d02815abb8ca0c6ca9,earlier_final_episode,32.0,0.0,1000000.0,False,False,False,"{""increase_gac_work_mem"":0.0620501007483585,""mitigate_remote_path_bundle"":2.60350925502538,""regional_topk_candidates"":2.722186807479819}"
sql_structural,q15_tenant_day_count::run-4,44,q15_tenant_day_count,4,1,q12_tenant_user_sum::run-2,q12_tenant_user_sum,78f49b835f2ec263b24cbefa86d9c89533b4c254bff2e0e54dc23ae3e08a65f4,0a85603a4adfceca9159f8d60d621bb9b8b84fb3eb21b6d02815abb8ca0c6ca9,earlier_final_episode,33.0,0.0,1000000.0,False,False,False,"{""increase_gac_work_mem"":0.0468398291295993,""mitigate_remote_path_bundle"":2.3849689300931085,""regional_topk_candidates"":2.642596705948222}"
sql_structural,q15_tenant_day_count::run-4,44,q15_tenant_day_count,4,2,q13_tenant_user_count::run-2,q13_tenant_user_count,8abd4dad5be8a8b072675fe97f3c25d8b29f0a4ad601501d7ca205a8f9a80277,0a85603a4adfceca9159f8d60d621bb9b8b84fb3eb21b6d02815abb8ca0c6ca9,earlier_final_episode,35.0,0.0,1000000.0,False,False,False,"{""increase_gac_work_mem"":0.000215558798449,""mitigate_remote_path_bundle"":3.427266215127879,""regional_topk_candidates"":2.489066964314711}"
sql_structural,q15_tenant_day_count::run-4,44,q15_tenant_day_count,4,3,q13_tenant_user_count::run-3,q13_tenant_user_count,8abd4dad5be8a8b072675fe97f3c25d8b29f0a4ad601501d7ca205a8f9a80277,0a85603a4adfceca9159f8d60d621bb9b8b84fb3eb21b6d02815abb8ca0c6ca9,earlier_final_episode,36.0,0.0,1000000.0,False,False,False,"{""increase_gac_work_mem"":0.0022388104984377,""mitigate_remote_path_bundle"":3.425023746163733,""regional_topk_candidates"":2.4918301675269805}"
sql_structural,q15_tenant_day_count::run-4,44,q15_tenant_day_count,4,4,q14_tenant_day_sum::run-2,q14_tenant_day_sum,44073d33245743b2bdd8be67d3286ec8caaa2e4cceb2969efcfaa87d76883995,0a85603a4adfceca9159f8d60d621bb9b8b84fb3eb21b6d02815abb8ca0c6ca9,earlier_final_episode,38.0,0.0,1000000.0,False,False,False,"{""increase_gac_work_mem"":0.1056924575119,""mitigate_remote_path_bundle"":1.3203793430096975,""regional_topk_candidates"":0.3492104306271075}"
sql_structural,q15_tenant_day_count::run-4,44,q15_tenant_day_count,4,5,q12_tenant_user_sum::run-1,q12_tenant_user_sum,78f49b835f2ec263b24cbefa86d9c89533b4c254bff2e0e54dc23ae3e08a65f4,0a85603a4adfceca9159f8d60d621bb9b8b84fb3eb21b6d02815abb8ca0c6ca9,earlier_final_episode,32.0,0.0,1000000.0,False,False,False,"{""increase_gac_work_mem"":0.0620501007483585,""mitigate_remote_path_bundle"":2.60350925502538,""regional_topk_candidates"":2.722186807479819}"
sql_structural,q15_tenant_day_count::run-5,45,q15_tenant_day_count,5,1,q12_tenant_user_sum::run-2,q12_tenant_user_sum,78f49b835f2ec263b24cbefa86d9c89533b4c254bff2e0e54dc23ae3e08a65f4,0a85603a4adfceca9159f8d60d621bb9b8b84fb3eb21b6d02815abb8ca0c6ca9,earlier_final_episode,33.0,0.0,1000000.0,False,False,False,"{""increase_gac_work_mem"":0.0468398291295993,""mitigate_remote_path_bundle"":2.3849689300931085,""regional_topk_candidates"":2.642596705948222}"
sql_structural,q15_tenant_day_count::run-5,45,q15_tenant_day_count,5,2,q13_tenant_user_count::run-2,q13_tenant_user_count,8abd4dad5be8a8b072675fe97f3c25d8b29f0a4ad601501d7ca205a8f9a80277,0a85603a4adfceca9159f8d60d621bb9b8b84fb3eb21b6d02815abb8ca0c6ca9,earlier_final_episode,35.0,0.0,1000000.0,False,False,False,"{""increase_gac_work_mem"":0.000215558798449,""mitigate_remote_path_bundle"":3.427266215127879,""regional_topk_candidates"":2.489066964314711}"
sql_structural,q15_tenant_day_count::run-5,45,q15_tenant_day_count,5,3,q13_tenant_user_count::run-3,q13_tenant_user_count,8abd4dad5be8a8b072675fe97f3c25d8b29f0a4ad601501d7ca205a8f9a80277,0a85603a4adfceca9159f8d60d621bb9b8b84fb3eb21b6d02815abb8ca0c6ca9,earlier_final_episode,36.0,0.0,1000000.0,False,False,False,"{""increase_gac_work_mem"":0.0022388104984377,""mitigate_remote_path_bundle"":3.425023746163733,""regional_topk_candidates"":2.4918301675269805}"
sql_structural,q15_tenant_day_count::run-5,45,q15_tenant_day_count,5,4,q14_tenant_day_sum::run-2,q14_tenant_day_sum,44073d33245743b2bdd8be67d3286ec8caaa2e4cceb2969efcfaa87d76883995,0a85603a4adfceca9159f8d60d621bb9b8b84fb3eb21b6d02815abb8ca0c6ca9,earlier_final_episode,38.0,0.0,1000000.0,False,False,False,"{""increase_gac_work_mem"":0.1056924575119,""mitigate_remote_path_bundle"":1.3203793430096975,""regional_topk_candidates"":0.3492104306271075}"
sql_structural,q15_tenant_day_count::run-5,45,q15_tenant_day_count,5,5,q12_tenant_user_sum::run-1,q12_tenant_user_sum,78f49b835f2ec263b24cbefa86d9c89533b4c254bff2e0e54dc23ae3e08a65f4,0a85603a4adfceca9159f8d60d621bb9b8b84fb3eb21b6d02815abb8ca0c6ca9,earlier_final_episode,32.0,0.0,1000000.0,False,False,False,"{""increase_gac_work_mem"":0.0620501007483585,""mitigate_remote_path_bundle"":2.60350925502538,""regional_topk_candidates"":2.722186807479819}"
coordinator_physical,q01_event_value_desc::run-1,1,q01_event_value_desc,1,1,"reference::fuzzy-memory-topk-panel-v1::fuzzy_topk_transport_severe::raw-small-balanced-v1::{""cutoff_ts"":""2026-06-29 00:00:00+00"",""limit_k"":100}","fuzzy-memory-topk-panel-v1::fuzzy_topk_transport_severe::raw-small-balanced-v1::{""cutoff_ts"":""2026-06-29 00:00:00+00"",""limit_k"":100}",,ad7f1beefcb86b44e6bcd60f1e092a838d67200996b3cf5a69df119b546d5ed5,development_reference,,0.4577726363610878,2.1844857819885655,False,False,False,"{""increase_gac_work_mem"":0.0044125939297464,""mitigate_remote_path_bundle"":2.703776598899469,""regional_topk_candidates"":0.2612314581242365}"
coordinator_physical,q01_event_value_desc::run-1,1,q01_event_value_desc,1,2,"reference::fuzzy-memory-topk-panel-v1::fuzzy_topk_memory_severe::raw-small-balanced-v1::{""cutoff_ts"":""2026-06-29 00:00:00+00"",""limit_k"":100}","fuzzy-memory-topk-panel-v1::fuzzy_topk_memory_severe::raw-small-balanced-v1::{""cutoff_ts"":""2026-06-29 00:00:00+00"",""limit_k"":100}",,ad7f1beefcb86b44e6bcd60f1e092a838d67200996b3cf5a69df119b546d5ed5,development_reference,,0.5384979372419735,1.857013878470575,False,False,False,"{""increase_gac_work_mem"":0.0698044793371713,""mitigate_remote_path_bundle"":0.5693747863972122,""regional_topk_candidates"":0.0315669702360576}"
coordinator_physical,q01_event_value_desc::run-1,1,q01_event_value_desc,1,3,"reference::fuzzy-memory-topk-panel-v1::fuzzy_topk_balanced::raw-small-balanced-v1::{""cutoff_ts"":""2026-06-29 00:00:00+00"",""limit_k"":100}","fuzzy-memory-topk-panel-v1::fuzzy_topk_balanced::raw-small-balanced-v1::{""cutoff_ts"":""2026-06-29 00:00:00+00"",""limit_k"":100}",,ad7f1beefcb86b44e6bcd60f1e092a838d67200996b3cf5a69df119b546d5ed5,development_reference,,0.6298003763620906,1.5878021826123665,False,False,False,"{""increase_gac_work_mem"":0.0157288694887206,""mitigate_remote_path_bundle"":1.88707770205566,""regional_topk_candidates"":0.229469143231732}"
coordinator_physical,q01_event_value_desc::run-1,1,q01_event_value_desc,1,4,"reference::fuzzy-memory-topk-panel-v1::fuzzy_topk_balanced::raw-small-balanced-v1::{""cutoff_ts"":""2026-06-24 00:00:00+00"",""limit_k"":100}","fuzzy-memory-topk-panel-v1::fuzzy_topk_balanced::raw-small-balanced-v1::{""cutoff_ts"":""2026-06-24 00:00:00+00"",""limit_k"":100}",,ad7f1beefcb86b44e6bcd60f1e092a838d67200996b3cf5a69df119b546d5ed5,development_reference,,0.706196165074799,1.4160351378557035,False,False,False,"{""increase_gac_work_mem"":0.0558843856774697,""mitigate_remote_path_bundle"":1.990176655943472,""regional_topk_candidates"":0.44208027974939}"
coordinator_physical,q01_event_value_desc::run-1,1,q01_event_value_desc,1,5,"reference::fuzzy-memory-topk-panel-v1::fuzzy_topk_transport_severe::raw-small-balanced-v1::{""cutoff_ts"":""2026-06-24 00:00:00+00"",""limit_k"":100}","fuzzy-memory-topk-panel-v1::fuzzy_topk_transport_severe::raw-small-balanced-v1::{""cutoff_ts"":""2026-06-24 00:00:00+00"",""limit_k"":100}",,ad7f1beefcb86b44e6bcd60f1e092a838d67200996b3cf5a69df119b546d5ed5,development_reference,,0.7358275225114469,1.3590122826265456,False,False,False,"{""increase_gac_work_mem"":-0.0190705540866633,""mitigate_remote_path_bundle"":3.203301466828472,""regional_topk_candidates"":0.7633310432797628}"
coordinator_physical,q02_event_value_asc::run-1,2,q02_event_value_asc,1,1,"reference::fuzzy-memory-topk-panel-v1::fuzzy_topk_memory_severe::raw-small-balanced-v1::{""cutoff_ts"":""2026-06-29 00:00:00+00"",""limit_k"":100}","fuzzy-memory-topk-panel-v1::fuzzy_topk_memory_severe::raw-small-balanced-v1::{""cutoff_ts"":""2026-06-29 00:00:00+00"",""limit_k"":100}",nan,5456d57953fe990f1580484e462a435d7cf573381f761e43b638485f128031d7,development_reference,,0.11608939279270022,8.613977228810617,False,False,False,"{""increase_gac_work_mem"":0.0698044793371713,""mitigate_remote_path_bundle"":0.5693747863972122,""regional_topk_candidates"":0.0315669702360576}"
coordinator_physical,q02_event_value_asc::run-1,2,q02_event_value_asc,1,2,"reference::fuzzy-memory-topk-panel-v1::fuzzy_topk_transport_severe::raw-small-balanced-v1::{""cutoff_ts"":""2026-06-29 00:00:00+00"",""limit_k"":100}","fuzzy-memory-topk-panel-v1::fuzzy_topk_transport_severe::raw-small-balanced-v1::{""cutoff_ts"":""2026-06-29 00:00:00+00"",""limit_k"":100}",nan,5456d57953fe990f1580484e462a435d7cf573381f761e43b638485f128031d7,development_reference,,0.3091521997794818,3.234642244406002,False,False,False,"{""increase_gac_work_mem"":0.0044125939297464,""mitigate_remote_path_bundle"":2.703776598899469,""regional_topk_candidates"":0.2612314581242365}"
coordinator_physical,q02_event_value_asc::run-1,2,q02_event_value_asc,1,3,"reference::fuzzy-memory-topk-panel-v1::fuzzy_topk_memory_severe::raw-small-balanced-v1::{""cutoff_ts"":""2026-06-24 00:00:00+00"",""limit_k"":100}","fuzzy-memory-topk-panel-v1::fuzzy_topk_memory_severe::raw-small-balanced-v1::{""cutoff_ts"":""2026-06-24 00:00:00+00"",""limit_k"":100}",nan,5456d57953fe990f1580484e462a435d7cf573381f761e43b638485f128031d7,development_reference,,0.4076848812480775,2.452868853193124,False,False,False,"{""increase_gac_work_mem"":0.0086254015965442,""mitigate_remote_path_bundle"":0.9391484986059694,""regional_topk_candidates"":0.3098490437160227}"
coordinator_physical,q02_event_value_asc::run-1,2,q02_event_value_asc,1,4,"reference::fuzzy-memory-topk-panel-v1::fuzzy_topk_balanced::raw-small-balanced-v1::{""cutoff_ts"":""2026-06-24 00:00:00+00"",""limit_k"":100}","fuzzy-memory-topk-panel-v1::fuzzy_topk_balanced::raw-small-balanced-v1::{""cutoff_ts"":""2026-06-24 00:00:00+00"",""limit_k"":100}",nan,5456d57953fe990f1580484e462a435d7cf573381f761e43b638485f128031d7,development_reference,,0.4416977059722676,2.2639867096707906,False,False,False,"{""increase_gac_work_mem"":0.0558843856774697,""mitigate_remote_path_bundle"":1.990176655943472,""regional_topk_candidates"":0.44208027974939}"
coordinator_physical,q02_event_value_asc::run-1,2,q02_event_value_asc,1,5,"reference::fuzzy-memory-topk-panel-v1::fuzzy_topk_balanced::raw-small-balanced-v1::{""cutoff_ts"":""2026-06-29 00:00:00+00"",""limit_k"":100}","fuzzy-memory-topk-panel-v1::fuzzy_topk_balanced::raw-small-balanced-v1::{""cutoff_ts"":""2026-06-29 00:00:00+00"",""limit_k"":100}",nan,5456d57953fe990f1580484e462a435d7cf573381f761e43b638485f128031d7,development_reference,,0.5802815081907816,1.72329854146013,False,False,False,"{""increase_gac_work_mem"":0.0157288694887206,""mitigate_remote_path_bundle"":1.88707770205566,""regional_topk_candidates"":0.229469143231732}"
coordinator_physical,q02_event_value_asc::run-2,3,q02_event_value_asc,2,1,"reference::fuzzy-memory-topk-panel-v1::fuzzy_topk_memory_severe::raw-small-balanced-v1::{""cutoff_ts"":""2026-06-29 00:00:00+00"",""limit_k"":10000}","fuzzy-memory-topk-panel-v1::fuzzy_topk_memory_severe::raw-small-balanced-v1::{""cutoff_ts"":""2026-06-29 00:00:00+00"",""limit_k"":10000}",nan,5456d57953fe990f1580484e462a435d7cf573381f761e43b638485f128031d7,development_reference,,0.35715241603432324,2.799917220738266,False,False,False,"{""increase_gac_work_mem"":-0.015044477780739,""mitigate_remote_path_bundle"":0.9739774093355236,""regional_topk_candidates"":-0.0135301914052389}"
coordinator_physical,q02_event_value_asc::run-2,3,q02_event_value_asc,2,2,"reference::fuzzy-memory-topk-panel-v1::fuzzy_topk_transport_severe::raw-small-balanced-v1::{""cutoff_ts"":""2026-06-29 00:00:00+00"",""limit_k"":10000}","fuzzy-memory-topk-panel-v1::fuzzy_topk_transport_severe::raw-small-balanced-v1::{""cutoff_ts"":""2026-06-29 00:00:00+00"",""limit_k"":10000}",nan,5456d57953fe990f1580484e462a435d7cf573381f761e43b638485f128031d7,development_reference,,0.46977907715976,2.128655616998262,False,False,False,"{""increase_gac_work_mem"":0.0324494079589184,""mitigate_remote_path_bundle"":2.7184080026917017,""regional_topk_candidates"":0.0163455941021423}"
coordinator_physical,q02_event_value_asc::run-2,3,q02_event_value_asc,2,3,"reference::fuzzy-memory-topk-panel-v1::fuzzy_topk_balanced::raw-small-balanced-v1::{""cutoff_ts"":""2026-06-29 00:00:00+00"",""limit_k"":10000}","fuzzy-memory-topk-panel-v1::fuzzy_topk_balanced::raw-small-balanced-v1::{""cutoff_ts"":""2026-06-29 00:00:00+00"",""limit_k"":10000}",nan,5456d57953fe990f1580484e462a435d7cf573381f761e43b638485f128031d7,development_reference,,0.6655561789745622,1.5025005087327294,False,False,False,"{""increase_gac_work_mem"":0.0150523391068186,""mitigate_remote_path_bundle"":1.8226091557332909,""regional_topk_candidates"":0.005319769899148}"
coordinator_physical,q02_event_value_asc::run-2,3,q02_event_value_asc,2,4,"reference::fuzzy-memory-topk-panel-v1::fuzzy_topk_memory_severe::raw-small-balanced-v1::{""cutoff_ts"":""2026-06-29 00:00:00+00"",""limit_k"":100}","fuzzy-memory-topk-panel-v1::fuzzy_topk_memory_severe::raw-small-balanced-v1::{""cutoff_ts"":""2026-06-29 00:00:00+00"",""limit_k"":100}",nan,5456d57953fe990f1580484e462a435d7cf573381f761e43b638485f128031d7,development_reference,,0.9436427217348039,1.0597219871940546,False,False,False,"{""increase_gac_work_mem"":0.0698044793371713,""mitigate_remote_path_bundle"":0.5693747863972122,""regional_topk_candidates"":0.0315669702360576}"
coordinator_physical,q02_event_value_asc::run-2,3,q02_event_value_asc,2,5,"reference::fuzzy-memory-topk-panel-v1::fuzzy_topk_balanced::raw-small-balanced-v1::{""cutoff_ts"":""2026-06-24 00:00:00+00"",""limit_k"":10000}","fuzzy-memory-topk-panel-v1::fuzzy_topk_balanced::raw-small-balanced-v1::{""cutoff_ts"":""2026-06-24 00:00:00+00"",""limit_k"":10000}",nan,5456d57953fe990f1580484e462a435d7cf573381f761e43b638485f128031d7,development_reference,,0.9579151625508535,1.0439326937934532,False,False,False,"{""increase_gac_work_mem"":0.0038033844690445,""mitigate_remote_path_bundle"":1.872867747284601,""regional_topk_candidates"":0.0197799321236082}"
coordinator_physical,q03_event_recent::run-1,4,q03_event_recent,1,1,"reference::fuzzy-memory-topk-panel-v1::fuzzy_topk_balanced::raw-small-balanced-v1::{""cutoff_ts"":""2026-06-24 00:00:00+00"",""limit_k"":100}","fuzzy-memory-topk-panel-v1::fuzzy_topk_balanced::raw-small-balanced-v1::{""cutoff_ts"":""2026-06-24 00:00:00+00"",""limit_k"":100}",nan,76893bdca8771bf15968c663228c2bb3475ab41d7df033a16ad555cc74a679a3,development_reference,,0.49312070069118896,2.027896964579616,False,False,False,"{""increase_gac_work_mem"":0.0558843856774697,""mitigate_remote_path_bundle"":1.990176655943472,""regional_topk_candidates"":0.44208027974939}"
coordinator_physical,q03_event_recent::run-1,4,q03_event_recent,1,2,"reference::fuzzy-memory-topk-panel-v1::fuzzy_topk_memory_severe::raw-small-balanced-v1::{""cutoff_ts"":""2026-06-24 00:00:00+00"",""limit_k"":100}","fuzzy-memory-topk-panel-v1::fuzzy_topk_memory_severe::raw-small-balanced-v1::{""cutoff_ts"":""2026-06-24 00:00:00+00"",""limit_k"":100}",nan,76893bdca8771bf15968c663228c2bb3475ab41d7df033a16ad555cc74a679a3,development_reference,,0.5290031740180352,1.890344252682413,False,False,False,"{""increase_gac_work_mem"":0.0086254015965442,""mitigate_remote_path_bundle"":0.9391484986059694,""regional_topk_candidates"":0.3098490437160227}"
coordinator_physical,q03_event_recent::run-1,4,q03_event_recent,1,3,"reference::fuzzy-memory-topk-panel-v1::fuzzy_topk_transport_severe::raw-small-balanced-v1::{""cutoff_ts"":""2026-06-24 00:00:00+00"",""limit_k"":100}","fuzzy-memory-topk-panel-v1::fuzzy_topk_transport_severe::raw-small-balanced-v1::{""cutoff_ts"":""2026-06-24 00:00:00+00"",""limit_k"":100}",nan,76893bdca8771bf15968c663228c2bb3475ab41d7df033a16ad555cc74a679a3,development_reference,,0.5482450736322826,1.8239984709324448,False,False,False,"{""increase_gac_work_mem"":-0.0190705540866633,""mitigate_remote_path_bundle"":3.203301466828472,""regional_topk_candidates"":0.7633310432797628}"
coordinator_physical,q03_event_recent::run-1,4,q03_event_recent,1,4,q02_event_value_asc::run-1,q02_event_value_asc,5456d57953fe990f1580484e462a435d7cf573381f761e43b638485f128031d7,76893bdca8771bf15968c663228c2bb3475ab41d7df033a16ad555cc74a679a3,earlier_final_episode,2.0,0.6035061520763243,1.6569811916222859,False,False,False,"{""increase_gac_work_mem"":0.1150579244177509,""mitigate_remote_path_bundle"":0.9620528956614378,""regional_topk_candidates"":0.1636418321928228}"
coordinator_physical,q03_event_recent::run-1,4,q03_event_recent,1,5,"reference::fuzzy-memory-topk-panel-v1::fuzzy_topk_transport_severe::raw-small-balanced-v1::{""cutoff_ts"":""2026-06-29 00:00:00+00"",""limit_k"":100}","fuzzy-memory-topk-panel-v1::fuzzy_topk_transport_severe::raw-small-balanced-v1::{""cutoff_ts"":""2026-06-29 00:00:00+00"",""limit_k"":100}",nan,76893bdca8771bf15968c663228c2bb3475ab41d7df033a16ad555cc74a679a3,development_reference,,0.649738862083927,1.5390774960192144,False,False,False,"{""increase_gac_work_mem"":0.0044125939297464,""mitigate_remote_path_bundle"":2.703776598899469,""regional_topk_candidates"":0.2612314581242365}"
coordinator_physical,q03_event_recent::run-2,5,q03_event_recent,2,1,"reference::fuzzy-memory-topk-panel-v1::fuzzy_topk_transport_severe::raw-small-balanced-v1::{""cutoff_ts"":""2026-06-29 00:00:00+00"",""limit_k"":10000}","fuzzy-memory-topk-panel-v1::fuzzy_topk_transport_severe::raw-small-balanced-v1::{""cutoff_ts"":""2026-06-29 00:00:00+00"",""limit_k"":10000}",nan,76893bdca8771bf15968c663228c2bb3475ab41d7df033a16ad555cc74a679a3,development_reference,,0.45985831163692636,2.1745781257323586,False,False,False,"{""increase_gac_work_mem"":0.0324494079589184,""mitigate_remote_path_bundle"":2.7184080026917017,""regional_topk_candidates"":0.0163455941021423}"
coordinator_physical,q03_event_recent::run-2,5,q03_event_recent,2,2,q02_event_value_asc::run-2,q02_event_value_asc,5456d57953fe990f1580484e462a435d7cf573381f761e43b638485f128031d7,76893bdca8771bf15968c663228c2bb3475ab41d7df033a16ad555cc74a679a3,earlier_final_episode,3.0,0.5054113295210305,1.9785825188469,False,False,False,"{""increase_gac_work_mem"":-0.0663499323728781,""mitigate_remote_path_bundle"":0.8193133052714852,""regional_topk_candidates"":0.0124944675739018}"
coordinator_physical,q03_event_recent::run-2,5,q03_event_recent,2,3,"reference::fuzzy-memory-topk-panel-v1::fuzzy_topk_memory_severe::raw-small-balanced-v1::{""cutoff_ts"":""2026-06-29 00:00:00+00"",""limit_k"":10000}","fuzzy-memory-topk-panel-v1::fuzzy_topk_memory_severe::raw-small-balanced-v1::{""cutoff_ts"":""2026-06-29 00:00:00+00"",""limit_k"":10000}",nan,76893bdca8771bf15968c663228c2bb3475ab41d7df033a16ad555cc74a679a3,development_reference,,0.5135031651927265,1.9474038728092566,False,False,False,"{""increase_gac_work_mem"":-0.015044477780739,""mitigate_remote_path_bundle"":0.9739774093355236,""regional_topk_candidates"":-0.0135301914052389}"
coordinator_physical,q03_event_recent::run-2,5,q03_event_recent,2,4,"reference::fuzzy-memory-topk-panel-v1::fuzzy_topk_balanced::raw-small-balanced-v1::{""cutoff_ts"":""2026-06-24 00:00:00+00"",""limit_k"":10000}","fuzzy-memory-topk-panel-v1::fuzzy_topk_balanced::raw-small-balanced-v1::{""cutoff_ts"":""2026-06-24 00:00:00+00"",""limit_k"":10000}",nan,76893bdca8771bf15968c663228c2bb3475ab41d7df033a16ad555cc74a679a3,development_reference,,0.7220327891022797,1.3849767352900777,False,False,False,"{""increase_gac_work_mem"":0.0038033844690445,""mitigate_remote_path_bundle"":1.872867747284601,""regional_topk_candidates"":0.0197799321236082}"
coordinator_physical,q03_event_recent::run-2,5,q03_event_recent,2,5,"reference::fuzzy-memory-topk-panel-v1::fuzzy_topk_memory_severe::raw-small-balanced-v1::{""cutoff_ts"":""2026-06-24 00:00:00+00"",""limit_k"":10000}","fuzzy-memory-topk-panel-v1::fuzzy_topk_memory_severe::raw-small-balanced-v1::{""cutoff_ts"":""2026-06-24 00:00:00+00"",""limit_k"":10000}",nan,76893bdca8771bf15968c663228c2bb3475ab41d7df033a16ad555cc74a679a3,development_reference,,0.7722244177330883,1.2949586701452498,False,False,False,"{""increase_gac_work_mem"":0.0101926057030704,""mitigate_remote_path_bundle"":1.0427700797437711,""regional_topk_candidates"":0.0219723083596032}"
coordinator_physical,q03_event_recent::run-3,6,q03_event_recent,3,1,"reference::fuzzy-memory-topk-panel-v1::fuzzy_topk_transport_severe::raw-small-balanced-v1::{""cutoff_ts"":""2026-06-29 00:00:00+00"",""limit_k"":10000}","fuzzy-memory-topk-panel-v1::fuzzy_topk_transport_severe::raw-small-balanced-v1::{""cutoff_ts"":""2026-06-29 00:00:00+00"",""limit_k"":10000}",nan,76893bdca8771bf15968c663228c2bb3475ab41d7df033a16ad555cc74a679a3,development_reference,,0.440724138381081,2.2689878859039165,False,False,False,"{""increase_gac_work_mem"":0.0324494079589184,""mitigate_remote_path_bundle"":2.7184080026917017,""regional_topk_candidates"":0.0163455941021423}"
coordinator_physical,q03_event_recent::run-3,6,q03_event_recent,3,2,q02_event_value_asc::run-2,q02_event_value_asc,5456d57953fe990f1580484e462a435d7cf573381f761e43b638485f128031d7,76893bdca8771bf15968c663228c2bb3475ab41d7df033a16ad555cc74a679a3,earlier_final_episode,3.0,0.4853834015748188,2.0602227775666515,False,False,False,"{""increase_gac_work_mem"":-0.0663499323728781,""mitigate_remote_path_bundle"":0.8193133052714852,""regional_topk_candidates"":0.0124944675739018}"
coordinator_physical,q03_event_recent::run-3,6,q03_event_recent,3,3,"reference::fuzzy-memory-topk-panel-v1::fuzzy_topk_memory_severe::raw-small-balanced-v1::{""cutoff_ts"":""2026-06-29 00:00:00+00"",""limit_k"":10000}","fuzzy-memory-topk-panel-v1::fuzzy_topk_memory_severe::raw-small-balanced-v1::{""cutoff_ts"":""2026-06-29 00:00:00+00"",""limit_k"":10000}",nan,76893bdca8771bf15968c663228c2bb3475ab41d7df033a16ad555cc74a679a3,development_reference,,0.4978808998391833,2.0085084441169716,False,False,False,"{""increase_gac_work_mem"":-0.015044477780739,""mitigate_remote_path_bundle"":0.9739774093355236,""regional_topk_candidates"":-0.0135301914052389}"
coordinator_physical,q03_event_recent::run-3,6,q03_event_recent,3,4,"reference::fuzzy-memory-topk-panel-v1::fuzzy_topk_balanced::raw-small-balanced-v1::{""cutoff_ts"":""2026-06-24 00:00:00+00"",""limit_k"":10000}","fuzzy-memory-topk-panel-v1::fuzzy_topk_balanced::raw-small-balanced-v1::{""cutoff_ts"":""2026-06-24 00:00:00+00"",""limit_k"":10000}",nan,76893bdca8771bf15968c663228c2bb3475ab41d7df033a16ad555cc74a679a3,development_reference,,0.7189397637159247,1.3909351791813689,False,False,False,"{""increase_gac_work_mem"":0.0038033844690445,""mitigate_remote_path_bundle"":1.872867747284601,""regional_topk_candidates"":0.0197799321236082}"
coordinator_physical,q03_event_recent::run-3,6,q03_event_recent,3,5,"reference::fuzzy-memory-topk-panel-v1::fuzzy_topk_memory_severe::raw-small-balanced-v1::{""cutoff_ts"":""2026-06-24 00:00:00+00"",""limit_k"":10000}","fuzzy-memory-topk-panel-v1::fuzzy_topk_memory_severe::raw-small-balanced-v1::{""cutoff_ts"":""2026-06-24 00:00:00+00"",""limit_k"":10000}",nan,76893bdca8771bf15968c663228c2bb3475ab41d7df033a16ad555cc74a679a3,development_reference,,0.7778302897775166,1.2856258331881074,False,False,False,"{""increase_gac_work_mem"":0.0101926057030704,""mitigate_remote_path_bundle"":1.0427700797437711,""regional_topk_candidates"":0.0219723083596032}"
coordinator_physical,q04_event_oldest::run-1,7,q04_event_oldest,1,1,q03_event_recent::run-1,q03_event_recent,76893bdca8771bf15968c663228c2bb3475ab41d7df033a16ad555cc74a679a3,7ac514d1b6aff5b67e0ed359f81f5121c7bf970bcc0b492f338fd0abac46c36e,earlier_final_episode,4.0,0.5308191353666086,1.8838772935946642,False,False,False,"{""increase_gac_work_mem"":0.0074479246782218,""mitigate_remote_path_bundle"":2.074180777894477,""regional_topk_candidates"":0.0486212889871827}"
coordinator_physical,q04_event_oldest::run-1,7,q04_event_oldest,1,2,q03_event_recent::run-3,q03_event_recent,76893bdca8771bf15968c663228c2bb3475ab41d7df033a16ad555cc74a679a3,7ac514d1b6aff5b67e0ed359f81f5121c7bf970bcc0b492f338fd0abac46c36e,earlier_final_episode,6.0,0.5654017104246515,1.7686508776177243,False,False,False,"{""increase_gac_work_mem"":-0.0002791294905142,""mitigate_remote_path_bundle"":1.9700639210944435,""regional_topk_candidates"":-0.0585418455250905}"
coordinator_physical,q04_event_oldest::run-1,7,q04_event_oldest,1,3,q03_event_recent::run-2,q03_event_recent,76893bdca8771bf15968c663228c2bb3475ab41d7df033a16ad555cc74a679a3,7ac514d1b6aff5b67e0ed359f81f5121c7bf970bcc0b492f338fd0abac46c36e,earlier_final_episode,5.0,0.5682826407311864,1.7596846509840447,False,False,False,"{""increase_gac_work_mem"":-0.1048447833628063,""mitigate_remote_path_bundle"":1.9117449342238144,""regional_topk_candidates"":-0.0141682721267147}"
coordinator_physical,q04_event_oldest::run-1,7,q04_event_oldest,1,4,"reference::fuzzy-memory-topk-panel-v1::fuzzy_topk_transport_severe::raw-small-balanced-v1::{""cutoff_ts"":""2026-06-24 00:00:00+00"",""limit_k"":100}","fuzzy-memory-topk-panel-v1::fuzzy_topk_transport_severe::raw-small-balanced-v1::{""cutoff_ts"":""2026-06-24 00:00:00+00"",""limit_k"":100}",nan,7ac514d1b6aff5b67e0ed359f81f5121c7bf970bcc0b492f338fd0abac46c36e,development_reference,,0.8065387373554577,1.2398645146473182,False,False,False,"{""increase_gac_work_mem"":-0.0190705540866633,""mitigate_remote_path_bundle"":3.203301466828472,""regional_topk_candidates"":0.7633310432797628}"
coordinator_physical,q04_event_oldest::run-1,7,q04_event_oldest,1,5,"reference::fuzzy-memory-topk-panel-v1::fuzzy_topk_transport_severe::raw-small-balanced-v1::{""cutoff_ts"":""2026-06-29 00:00:00+00"",""limit_k"":10000}","fuzzy-memory-topk-panel-v1::fuzzy_topk_transport_severe::raw-small-balanced-v1::{""cutoff_ts"":""2026-06-29 00:00:00+00"",""limit_k"":10000}",nan,7ac514d1b6aff5b67e0ed359f81f5121c7bf970bcc0b492f338fd0abac46c36e,development_reference,,0.8406084818882404,1.1896130385702104,False,False,False,"{""increase_gac_work_mem"":0.0324494079589184,""mitigate_remote_path_bundle"":2.7184080026917017,""regional_topk_candidates"":0.0163455941021423}"
coordinator_physical,q04_event_oldest::run-2,8,q04_event_oldest,2,1,q03_event_recent::run-3,q03_event_recent,76893bdca8771bf15968c663228c2bb3475ab41d7df033a16ad555cc74a679a3,7ac514d1b6aff5b67e0ed359f81f5121c7bf970bcc0b492f338fd0abac46c36e,earlier_final_episode,6.0,0.48591472901183613,2.057970014746408,False,False,False,"{""increase_gac_work_mem"":-0.0002791294905142,""mitigate_remote_path_bundle"":1.9700639210944435,""regional_topk_candidates"":-0.0585418455250905}"
coordinator_physical,q04_event_oldest::run-2,8,q04_event_oldest,2,2,q03_event_recent::run-2,q03_event_recent,76893bdca8771bf15968c663228c2bb3475ab41d7df033a16ad555cc74a679a3,7ac514d1b6aff5b67e0ed359f81f5121c7bf970bcc0b492f338fd0abac46c36e,earlier_final_episode,5.0,0.48824653751049624,2.0481414101929847,False,False,False,"{""increase_gac_work_mem"":-0.1048447833628063,""mitigate_remote_path_bundle"":1.9117449342238144,""regional_topk_candidates"":-0.0141682721267147}"
coordinator_physical,q04_event_oldest::run-2,8,q04_event_oldest,2,3,"reference::cross-action-pilot-v1::pilot_gac_topk::raw-small-balanced-v1::{""cutoff_ts"":""2026-06-01 00:00:00+00"",""limit_k"":5000}","cross-action-pilot-v1::pilot_gac_topk::raw-small-balanced-v1::{""cutoff_ts"":""2026-06-01 00:00:00+00"",""limit_k"":5000}",nan,7ac514d1b6aff5b67e0ed359f81f5121c7bf970bcc0b492f338fd0abac46c36e,development_reference,,0.6197408644797191,1.6135750339207957,False,False,False,"{""increase_gac_work_mem"":0.0106406666902462,""mitigate_remote_path_bundle"":3.733324190801565,""regional_topk_candidates"":1.5442528549456571}"
coordinator_physical,q04_event_oldest::run-2,8,q04_event_oldest,2,4,"reference::fuzzy-memory-topk-panel-v1::fuzzy_topk_transport_severe::raw-small-balanced-v1::{""cutoff_ts"":""2026-06-29 00:00:00+00"",""limit_k"":10000}","fuzzy-memory-topk-panel-v1::fuzzy_topk_transport_severe::raw-small-balanced-v1::{""cutoff_ts"":""2026-06-29 00:00:00+00"",""limit_k"":10000}",nan,7ac514d1b6aff5b67e0ed359f81f5121c7bf970bcc0b492f338fd0abac46c36e,development_reference,,0.6760984279275217,1.4790723948182376,False,False,False,"{""increase_gac_work_mem"":0.0324494079589184,""mitigate_remote_path_bundle"":2.7184080026917017,""regional_topk_candidates"":0.0163455941021423}"
coordinator_physical,q04_event_oldest::run-2,8,q04_event_oldest,2,5,"reference::fuzzy-memory-topk-panel-v1::fuzzy_topk_transport_severe::raw-small-balanced-v1::{""cutoff_ts"":""2026-06-24 00:00:00+00"",""limit_k"":10000}","fuzzy-memory-topk-panel-v1::fuzzy_topk_transport_severe::raw-small-balanced-v1::{""cutoff_ts"":""2026-06-24 00:00:00+00"",""limit_k"":10000}",nan,7ac514d1b6aff5b67e0ed359f81f5121c7bf970bcc0b492f338fd0abac46c36e,development_reference,,0.6901647931566566,1.4489272141788343,False,False,False,"{""increase_gac_work_mem"":-0.0118498816152615,""mitigate_remote_path_bundle"":3.052887007483651,""regional_topk_candidates"":-0.0192520534769867}"
coordinator_physical,q04_event_oldest::run-3,9,q04_event_oldest,3,1,q03_event_recent::run-3,q03_event_recent,76893bdca8771bf15968c663228c2bb3475ab41d7df033a16ad555cc74a679a3,7ac514d1b6aff5b67e0ed359f81f5121c7bf970bcc0b492f338fd0abac46c36e,earlier_final_episode,6.0,0.4901435310357139,2.0402145422023206,False,False,False,"{""increase_gac_work_mem"":-0.0002791294905142,""mitigate_remote_path_bundle"":1.9700639210944435,""regional_topk_candidates"":-0.0585418455250905}"
coordinator_physical,q04_event_oldest::run-3,9,q04_event_oldest,3,2,q03_event_recent::run-2,q03_event_recent,76893bdca8771bf15968c663228c2bb3475ab41d7df033a16ad555cc74a679a3,7ac514d1b6aff5b67e0ed359f81f5121c7bf970bcc0b492f338fd0abac46c36e,earlier_final_episode,5.0,0.49381054870898955,2.025064020099123,False,False,False,"{""increase_gac_work_mem"":-0.1048447833628063,""mitigate_remote_path_bundle"":1.9117449342238144,""regional_topk_candidates"":-0.0141682721267147}"
coordinator_physical,q04_event_oldest::run-3,9,q04_event_oldest,3,3,"reference::cross-action-pilot-v1::pilot_gac_topk::raw-small-balanced-v1::{""cutoff_ts"":""2026-06-01 00:00:00+00"",""limit_k"":5000}","cross-action-pilot-v1::pilot_gac_topk::raw-small-balanced-v1::{""cutoff_ts"":""2026-06-01 00:00:00+00"",""limit_k"":5000}",nan,7ac514d1b6aff5b67e0ed359f81f5121c7bf970bcc0b492f338fd0abac46c36e,development_reference,,0.6194958676705392,1.6142131658554566,False,False,False,"{""increase_gac_work_mem"":0.0106406666902462,""mitigate_remote_path_bundle"":3.733324190801565,""regional_topk_candidates"":1.5442528549456571}"
coordinator_physical,q04_event_oldest::run-3,9,q04_event_oldest,3,4,"reference::fuzzy-memory-topk-panel-v1::fuzzy_topk_transport_severe::raw-small-balanced-v1::{""cutoff_ts"":""2026-06-29 00:00:00+00"",""limit_k"":10000}","fuzzy-memory-topk-panel-v1::fuzzy_topk_transport_severe::raw-small-balanced-v1::{""cutoff_ts"":""2026-06-29 00:00:00+00"",""limit_k"":10000}",nan,7ac514d1b6aff5b67e0ed359f81f5121c7bf970bcc0b492f338fd0abac46c36e,development_reference,,0.6754269462826828,1.4805428254836763,False,False,False,"{""increase_gac_work_mem"":0.0324494079589184,""mitigate_remote_path_bundle"":2.7184080026917017,""regional_topk_candidates"":0.0163455941021423}"
coordinator_physical,q04_event_oldest::run-3,9,q04_event_oldest,3,5,"reference::fuzzy-memory-topk-panel-v1::fuzzy_topk_transport_severe::raw-small-balanced-v1::{""cutoff_ts"":""2026-06-24 00:00:00+00"",""limit_k"":10000}","fuzzy-memory-topk-panel-v1::fuzzy_topk_transport_severe::raw-small-balanced-v1::{""cutoff_ts"":""2026-06-24 00:00:00+00"",""limit_k"":10000}",nan,7ac514d1b6aff5b67e0ed359f81f5121c7bf970bcc0b492f338fd0abac46c36e,development_reference,,0.6898222773445798,1.4496466455139365,False,False,False,"{""increase_gac_work_mem"":-0.0118498816152615,""mitigate_remote_path_bundle"":3.052887007483651,""regional_topk_candidates"":-0.0192520534769867}"
coordinator_physical,q04_event_oldest::run-4,10,q04_event_oldest,4,1,q03_event_recent::run-3,q03_event_recent,76893bdca8771bf15968c663228c2bb3475ab41d7df033a16ad555cc74a679a3,7ac514d1b6aff5b67e0ed359f81f5121c7bf970bcc0b492f338fd0abac46c36e,earlier_final_episode,6.0,0.4932575088001967,2.02733451559184,False,False,False,"{""increase_gac_work_mem"":-0.0002791294905142,""mitigate_remote_path_bundle"":1.9700639210944435,""regional_topk_candidates"":-0.0585418455250905}"
coordinator_physical,q04_event_oldest::run-4,10,q04_event_oldest,4,2,q03_event_recent::run-2,q03_event_recent,76893bdca8771bf15968c663228c2bb3475ab41d7df033a16ad555cc74a679a3,7ac514d1b6aff5b67e0ed359f81f5121c7bf970bcc0b492f338fd0abac46c36e,earlier_final_episode,5.0,0.4973343716724859,2.010715619597107,False,False,False,"{""increase_gac_work_mem"":-0.1048447833628063,""mitigate_remote_path_bundle"":1.9117449342238144,""regional_topk_candidates"":-0.0141682721267147}"
coordinator_physical,q04_event_oldest::run-4,10,q04_event_oldest,4,3,"reference::cross-action-pilot-v1::pilot_gac_topk::raw-small-balanced-v1::{""cutoff_ts"":""2026-06-01 00:00:00+00"",""limit_k"":5000}","cross-action-pilot-v1::pilot_gac_topk::raw-small-balanced-v1::{""cutoff_ts"":""2026-06-01 00:00:00+00"",""limit_k"":5000}",nan,7ac514d1b6aff5b67e0ed359f81f5121c7bf970bcc0b492f338fd0abac46c36e,development_reference,,0.6188799572722565,1.615819630979666,False,False,False,"{""increase_gac_work_mem"":0.0106406666902462,""mitigate_remote_path_bundle"":3.733324190801565,""regional_topk_candidates"":1.5442528549456571}"
coordinator_physical,q04_event_oldest::run-4,10,q04_event_oldest,4,4,"reference::fuzzy-memory-topk-panel-v1::fuzzy_topk_transport_severe::raw-small-balanced-v1::{""cutoff_ts"":""2026-06-29 00:00:00+00"",""limit_k"":10000}","fuzzy-memory-topk-panel-v1::fuzzy_topk_transport_severe::raw-small-balanced-v1::{""cutoff_ts"":""2026-06-29 00:00:00+00"",""limit_k"":10000}",nan,7ac514d1b6aff5b67e0ed359f81f5121c7bf970bcc0b492f338fd0abac46c36e,development_reference,,0.6762520971194904,1.4787362960103458,False,False,False,"{""increase_gac_work_mem"":0.0324494079589184,""mitigate_remote_path_bundle"":2.7184080026917017,""regional_topk_candidates"":0.0163455941021423}"
coordinator_physical,q04_event_oldest::run-4,10,q04_event_oldest,4,5,"reference::fuzzy-memory-topk-panel-v1::fuzzy_topk_transport_severe::raw-small-balanced-v1::{""cutoff_ts"":""2026-06-24 00:00:00+00"",""limit_k"":10000}","fuzzy-memory-topk-panel-v1::fuzzy_topk_transport_severe::raw-small-balanced-v1::{""cutoff_ts"":""2026-06-24 00:00:00+00"",""limit_k"":10000}",nan,7ac514d1b6aff5b67e0ed359f81f5121c7bf970bcc0b492f338fd0abac46c36e,development_reference,,0.6902445755615655,1.4487597391499778,False,False,False,"{""increase_gac_work_mem"":-0.0118498816152615,""mitigate_remote_path_bundle"":3.052887007483651,""regional_topk_candidates"":-0.0192520534769867}"
coordinator_physical,q05_event_deviation::run-1,11,q05_event_deviation,1,1,"reference::fuzzy-memory-topk-panel-v1::fuzzy_topk_memory_severe::raw-large-balanced-v1::{""cutoff_ts"":""2026-06-29 00:00:00+00"",""limit_k"":100}","fuzzy-memory-topk-panel-v1::fuzzy_topk_memory_severe::raw-large-balanced-v1::{""cutoff_ts"":""2026-06-29 00:00:00+00"",""limit_k"":100}",nan,bd5d33dbf428b5dfe5fde653651a56bf4036327ea0a4ea3cb42a933b2a2200b1,development_reference,,0.26799933319434416,3.7313386445487597,False,False,False,"{""increase_gac_work_mem"":0.0274589574398124,""mitigate_remote_path_bundle"":1.3346582999179395,""regional_topk_candidates"":2.0868568298219983}"
coordinator_physical,q05_event_deviation::run-1,11,q05_event_deviation,1,2,"reference::fuzzy-memory-topk-panel-v1::fuzzy_topk_balanced::raw-large-balanced-v1::{""cutoff_ts"":""2026-06-29 00:00:00+00"",""limit_k"":100}","fuzzy-memory-topk-panel-v1::fuzzy_topk_balanced::raw-large-balanced-v1::{""cutoff_ts"":""2026-06-29 00:00:00+00"",""limit_k"":100}",nan,bd5d33dbf428b5dfe5fde653651a56bf4036327ea0a4ea3cb42a933b2a2200b1,development_reference,,0.6167284713489211,1.621456483687707,False,False,False,"{""increase_gac_work_mem"":0.0072951999589837,""mitigate_remote_path_bundle"":2.646928961962837,""regional_topk_candidates"":2.9074514602042885}"
coordinator_physical,q05_event_deviation::run-1,11,q05_event_deviation,1,3,"reference::fuzzy-memory-topk-panel-v1::fuzzy_topk_memory_severe::raw-large-balanced-v1::{""cutoff_ts"":""2026-06-24 00:00:00+00"",""limit_k"":100}","fuzzy-memory-topk-panel-v1::fuzzy_topk_memory_severe::raw-large-balanced-v1::{""cutoff_ts"":""2026-06-24 00:00:00+00"",""limit_k"":100}",nan,bd5d33dbf428b5dfe5fde653651a56bf4036327ea0a4ea3cb42a933b2a2200b1,development_reference,,0.8014182946114167,1.2477862795715056,False,False,False,"{""increase_gac_work_mem"":0.0078718370666349,""mitigate_remote_path_bundle"":1.4283978240698936,""regional_topk_candidates"":3.251278574713406}"
coordinator_physical,q05_event_deviation::run-1,11,q05_event_deviation,1,4,"reference::fuzzy-memory-topk-panel-v1::fuzzy_topk_transport_severe::raw-small-balanced-v1::{""cutoff_ts"":""2026-06-24 00:00:00+00"",""limit_k"":100}","fuzzy-memory-topk-panel-v1::fuzzy_topk_transport_severe::raw-small-balanced-v1::{""cutoff_ts"":""2026-06-24 00:00:00+00"",""limit_k"":100}",nan,bd5d33dbf428b5dfe5fde653651a56bf4036327ea0a4ea3cb42a933b2a2200b1,development_reference,,0.9848666587565047,1.0153648473568535,False,False,False,"{""increase_gac_work_mem"":-0.0190705540866633,""mitigate_remote_path_bundle"":3.203301466828472,""regional_topk_candidates"":0.7633310432797628}"
coordinator_physical,q05_event_deviation::run-1,11,q05_event_deviation,1,5,"reference::fuzzy-memory-topk-panel-v1::fuzzy_topk_balanced::raw-small-balanced-v1::{""cutoff_ts"":""2026-06-24 00:00:00+00"",""limit_k"":100}","fuzzy-memory-topk-panel-v1::fuzzy_topk_balanced::raw-small-balanced-v1::{""cutoff_ts"":""2026-06-24 00:00:00+00"",""limit_k"":100}",nan,bd5d33dbf428b5dfe5fde653651a56bf4036327ea0a4ea3cb42a933b2a2200b1,development_reference,,1.0194771285644424,0.9808940201670927,False,False,False,"{""increase_gac_work_mem"":0.0558843856774697,""mitigate_remote_path_bundle"":1.990176655943472,""regional_topk_candidates"":0.44208027974939}"
coordinator_physical,q05_event_deviation::run-2,12,q05_event_deviation,2,1,q04_event_oldest::run-1,q04_event_oldest,7ac514d1b6aff5b67e0ed359f81f5121c7bf970bcc0b492f338fd0abac46c36e,bd5d33dbf428b5dfe5fde653651a56bf4036327ea0a4ea3cb42a933b2a2200b1,earlier_final_episode,7.0,0.7648685899076323,1.3074124180054834,False,False,False,"{""increase_gac_work_mem"":0.0094718463899962,""mitigate_remote_path_bundle"":3.308023136004272,""regional_topk_candidates"":-0.0141705521924664}"
coordinator_physical,q05_event_deviation::run-2,12,q05_event_deviation,2,2,q04_event_oldest::run-2,q04_event_oldest,7ac514d1b6aff5b67e0ed359f81f5121c7bf970bcc0b492f338fd0abac46c36e,bd5d33dbf428b5dfe5fde653651a56bf4036327ea0a4ea3cb42a933b2a2200b1,earlier_final_episode,8.0,0.7848165261660878,1.2741815347640109,False,False,False,"{""increase_gac_work_mem"":0.0105978840767133,""mitigate_remote_path_bundle"":3.3135646401821126,""regional_topk_candidates"":0.0442818066513621}"
coordinator_physical,q05_event_deviation::run-2,12,q05_event_deviation,2,3,q04_event_oldest::run-3,q04_event_oldest,7ac514d1b6aff5b67e0ed359f81f5121c7bf970bcc0b492f338fd0abac46c36e,bd5d33dbf428b5dfe5fde653651a56bf4036327ea0a4ea3cb42a933b2a2200b1,earlier_final_episode,9.0,0.793122423515883,1.2608378095392034,False,False,False,"{""increase_gac_work_mem"":0.009230508233768,""mitigate_remote_path_bundle"":3.408545258460241,""regional_topk_candidates"":0.0366362612175297}"
coordinator_physical,q05_event_deviation::run-2,12,q05_event_deviation,2,4,q04_event_oldest::run-4,q04_event_oldest,7ac514d1b6aff5b67e0ed359f81f5121c7bf970bcc0b492f338fd0abac46c36e,bd5d33dbf428b5dfe5fde653651a56bf4036327ea0a4ea3cb42a933b2a2200b1,earlier_final_episode,10.0,0.7962112199277334,1.2559465616977883,False,False,False,"{""increase_gac_work_mem"":0.0137676500397462,""mitigate_remote_path_bundle"":3.288965909245521,""regional_topk_candidates"":0.0523781778984862}"
coordinator_physical,q05_event_deviation::run-2,12,q05_event_deviation,2,5,"reference::cross-action-pilot-v1::pilot_gac_topk::raw-small-balanced-v1::{""cutoff_ts"":""2026-06-01 00:00:00+00"",""limit_k"":5000}","cross-action-pilot-v1::pilot_gac_topk::raw-small-balanced-v1::{""cutoff_ts"":""2026-06-01 00:00:00+00"",""limit_k"":5000}",nan,bd5d33dbf428b5dfe5fde653651a56bf4036327ea0a4ea3cb42a933b2a2200b1,development_reference,,0.8773022130174791,1.1398567623621325,False,False,False,"{""increase_gac_work_mem"":0.0106406666902462,""mitigate_remote_path_bundle"":3.733324190801565,""regional_topk_candidates"":1.5442528549456571}"
coordinator_physical,q05_event_deviation::run-3,13,q05_event_deviation,3,1,q04_event_oldest::run-1,q04_event_oldest,7ac514d1b6aff5b67e0ed359f81f5121c7bf970bcc0b492f338fd0abac46c36e,bd5d33dbf428b5dfe5fde653651a56bf4036327ea0a4ea3cb42a933b2a2200b1,earlier_final_episode,7.0,0.7528707039508914,1.3282475549980668,False,False,False,"{""increase_gac_work_mem"":0.0094718463899962,""mitigate_remote_path_bundle"":3.308023136004272,""regional_topk_candidates"":-0.0141705521924664}"
coordinator_physical,q05_event_deviation::run-3,13,q05_event_deviation,3,2,q04_event_oldest::run-2,q04_event_oldest,7ac514d1b6aff5b67e0ed359f81f5121c7bf970bcc0b492f338fd0abac46c36e,bd5d33dbf428b5dfe5fde653651a56bf4036327ea0a4ea3cb42a933b2a2200b1,earlier_final_episode,8.0,0.7734410975378584,1.2929216074265366,False,False,False,"{""increase_gac_work_mem"":0.0105978840767133,""mitigate_remote_path_bundle"":3.3135646401821126,""regional_topk_candidates"":0.0442818066513621}"
coordinator_physical,q05_event_deviation::run-3,13,q05_event_deviation,3,3,q04_event_oldest::run-3,q04_event_oldest,7ac514d1b6aff5b67e0ed359f81f5121c7bf970bcc0b492f338fd0abac46c36e,bd5d33dbf428b5dfe5fde653651a56bf4036327ea0a4ea3cb42a933b2a2200b1,earlier_final_episode,9.0,0.7814576333984397,1.2796582663002372,False,False,False,"{""increase_gac_work_mem"":0.009230508233768,""mitigate_remote_path_bundle"":3.408545258460241,""regional_topk_candidates"":0.0366362612175297}"
coordinator_physical,q05_event_deviation::run-3,13,q05_event_deviation,3,4,q04_event_oldest::run-4,q04_event_oldest,7ac514d1b6aff5b67e0ed359f81f5121c7bf970bcc0b492f338fd0abac46c36e,bd5d33dbf428b5dfe5fde653651a56bf4036327ea0a4ea3cb42a933b2a2200b1,earlier_final_episode,10.0,0.7844613271403226,1.2747584752035168,False,False,False,"{""increase_gac_work_mem"":0.0137676500397462,""mitigate_remote_path_bundle"":3.288965909245521,""regional_topk_candidates"":0.0523781778984862}"
coordinator_physical,q05_event_deviation::run-3,13,q05_event_deviation,3,5,"reference::cross-action-pilot-v1::pilot_gac_topk::raw-small-balanced-v1::{""cutoff_ts"":""2026-06-01 00:00:00+00"",""limit_k"":5000}","cross-action-pilot-v1::pilot_gac_topk::raw-small-balanced-v1::{""cutoff_ts"":""2026-06-01 00:00:00+00"",""limit_k"":5000}",nan,bd5d33dbf428b5dfe5fde653651a56bf4036327ea0a4ea3cb42a933b2a2200b1,development_reference,,0.8681031775030131,1.1519354772331216,False,False,False,"{""increase_gac_work_mem"":0.0106406666902462,""mitigate_remote_path_bundle"":3.733324190801565,""regional_topk_candidates"":1.5442528549456571}"
coordinator_physical,q05_event_deviation::run-4,14,q05_event_deviation,4,1,q04_event_oldest::run-1,q04_event_oldest,7ac514d1b6aff5b67e0ed359f81f5121c7bf970bcc0b492f338fd0abac46c36e,bd5d33dbf428b5dfe5fde653651a56bf4036327ea0a4ea3cb42a933b2a2200b1,earlier_final_episode,7.0,0.7276887459938012,1.374212025805457,False,False,False,"{""increase_gac_work_mem"":0.0094718463899962,""mitigate_remote_path_bundle"":3.308023136004272,""regional_topk_candidates"":-0.0141705521924664}"
coordinator_physical,q05_event_deviation::run-4,14,q05_event_deviation,4,2,q04_event_oldest::run-2,q04_event_oldest,7ac514d1b6aff5b67e0ed359f81f5121c7bf970bcc0b492f338fd0abac46c36e,bd5d33dbf428b5dfe5fde653651a56bf4036327ea0a4ea3cb42a933b2a2200b1,earlier_final_episode,8.0,0.7496792053091251,1.3339020997461941,False,False,False,"{""increase_gac_work_mem"":0.0105978840767133,""mitigate_remote_path_bundle"":3.3135646401821126,""regional_topk_candidates"":0.0442818066513621}"
coordinator_physical,q05_event_deviation::run-4,14,q05_event_deviation,4,3,q04_event_oldest::run-3,q04_event_oldest,7ac514d1b6aff5b67e0ed359f81f5121c7bf970bcc0b492f338fd0abac46c36e,bd5d33dbf428b5dfe5fde653651a56bf4036327ea0a4ea3cb42a933b2a2200b1,earlier_final_episode,9.0,0.757037012426895,1.3209376327011941,False,False,False,"{""increase_gac_work_mem"":0.009230508233768,""mitigate_remote_path_bundle"":3.408545258460241,""regional_topk_candidates"":0.0366362612175297}"
coordinator_physical,q05_event_deviation::run-4,14,q05_event_deviation,4,4,q04_event_oldest::run-4,q04_event_oldest,7ac514d1b6aff5b67e0ed359f81f5121c7bf970bcc0b492f338fd0abac46c36e,bd5d33dbf428b5dfe5fde653651a56bf4036327ea0a4ea3cb42a933b2a2200b1,earlier_final_episode,10.0,0.7597914270412017,1.3161489433294553,False,False,False,"{""increase_gac_work_mem"":0.0137676500397462,""mitigate_remote_path_bundle"":3.288965909245521,""regional_topk_candidates"":0.0523781778984862}"
coordinator_physical,q05_event_deviation::run-4,14,q05_event_deviation,4,5,"reference::cross-action-pilot-v1::pilot_gac_topk::raw-small-balanced-v1::{""cutoff_ts"":""2026-06-01 00:00:00+00"",""limit_k"":5000}","cross-action-pilot-v1::pilot_gac_topk::raw-small-balanced-v1::{""cutoff_ts"":""2026-06-01 00:00:00+00"",""limit_k"":5000}",nan,bd5d33dbf428b5dfe5fde653651a56bf4036327ea0a4ea3cb42a933b2a2200b1,development_reference,,0.8435393997167712,1.1854796762973794,False,False,False,"{""increase_gac_work_mem"":0.0106406666902462,""mitigate_remote_path_bundle"":3.733324190801565,""regional_topk_candidates"":1.5442528549456571}"
coordinator_physical,q05_event_deviation::run-5,15,q05_event_deviation,5,1,q04_event_oldest::run-1,q04_event_oldest,7ac514d1b6aff5b67e0ed359f81f5121c7bf970bcc0b492f338fd0abac46c36e,bd5d33dbf428b5dfe5fde653651a56bf4036327ea0a4ea3cb42a933b2a2200b1,earlier_final_episode,7.0,0.7597631847619886,1.3161978677808694,False,False,False,"{""increase_gac_work_mem"":0.0094718463899962,""mitigate_remote_path_bundle"":3.308023136004272,""regional_topk_candidates"":-0.0141705521924664}"
coordinator_physical,q05_event_deviation::run-5,15,q05_event_deviation,5,2,q04_event_oldest::run-2,q04_event_oldest,7ac514d1b6aff5b67e0ed359f81f5121c7bf970bcc0b492f338fd0abac46c36e,bd5d33dbf428b5dfe5fde653651a56bf4036327ea0a4ea3cb42a933b2a2200b1,earlier_final_episode,8.0,0.7799742033390401,1.2820920405149334,False,False,False,"{""increase_gac_work_mem"":0.0105978840767133,""mitigate_remote_path_bundle"":3.3135646401821126,""regional_topk_candidates"":0.0442818066513621}"
coordinator_physical,q05_event_deviation::run-5,15,q05_event_deviation,5,3,q04_event_oldest::run-3,q04_event_oldest,7ac514d1b6aff5b67e0ed359f81f5121c7bf970bcc0b492f338fd0abac46c36e,bd5d33dbf428b5dfe5fde653651a56bf4036327ea0a4ea3cb42a933b2a2200b1,earlier_final_episode,9.0,0.7881776296173798,1.2687479239134516,False,False,False,"{""increase_gac_work_mem"":0.009230508233768,""mitigate_remote_path_bundle"":3.408545258460241,""regional_topk_candidates"":0.0366362612175297}"
coordinator_physical,q05_event_deviation::run-5,15,q05_event_deviation,5,4,q04_event_oldest::run-4,q04_event_oldest,7ac514d1b6aff5b67e0ed359f81f5121c7bf970bcc0b492f338fd0abac46c36e,bd5d33dbf428b5dfe5fde653651a56bf4036327ea0a4ea3cb42a933b2a2200b1,earlier_final_episode,10.0,0.7912057641442841,1.2638921269606846,False,False,False,"{""increase_gac_work_mem"":0.0137676500397462,""mitigate_remote_path_bundle"":3.288965909245521,""regional_topk_candidates"":0.0523781778984862}"
coordinator_physical,q05_event_deviation::run-5,15,q05_event_deviation,5,5,"reference::cross-action-pilot-v1::pilot_gac_topk::raw-small-balanced-v1::{""cutoff_ts"":""2026-06-01 00:00:00+00"",""limit_k"":5000}","cross-action-pilot-v1::pilot_gac_topk::raw-small-balanced-v1::{""cutoff_ts"":""2026-06-01 00:00:00+00"",""limit_k"":5000}",nan,bd5d33dbf428b5dfe5fde653651a56bf4036327ea0a4ea3cb42a933b2a2200b1,development_reference,,0.8702612732884274,1.1490788819574327,False,False,False,"{""increase_gac_work_mem"":0.0106406666902462,""mitigate_remote_path_bundle"":3.733324190801565,""regional_topk_candidates"":1.5442528549456571}"
coordinator_physical,q06_tenant_sum::run-1,16,q06_tenant_sum,1,1,"reference::fuzzy-memory-topk-panel-v1::fuzzy_topk_balanced::raw-large-balanced-v1::{""cutoff_ts"":""2026-06-29 00:00:00+00"",""limit_k"":100}","fuzzy-memory-topk-panel-v1::fuzzy_topk_balanced::raw-large-balanced-v1::{""cutoff_ts"":""2026-06-29 00:00:00+00"",""limit_k"":100}",nan,82a4b1652b8883fb8dad714052530b1788280c0ae3dd3cb8823fe3b0d8dea3ac,development_reference,,0.26017878388401255,3.8434961589705887,False,False,False,"{""increase_gac_work_mem"":0.0072951999589837,""mitigate_remote_path_bundle"":2.646928961962837,""regional_topk_candidates"":2.9074514602042885}"
coordinator_physical,q06_tenant_sum::run-1,16,q06_tenant_sum,1,2,"reference::fuzzy-memory-topk-panel-v1::fuzzy_topk_transport_severe::raw-large-balanced-v1::{""cutoff_ts"":""2026-06-29 00:00:00+00"",""limit_k"":100}","fuzzy-memory-topk-panel-v1::fuzzy_topk_transport_severe::raw-large-balanced-v1::{""cutoff_ts"":""2026-06-29 00:00:00+00"",""limit_k"":100}",nan,82a4b1652b8883fb8dad714052530b1788280c0ae3dd3cb8823fe3b0d8dea3ac,development_reference,,0.5106059768743649,1.9584534589037752,False,False,False,"{""increase_gac_work_mem"":0.0081868930148983,""mitigate_remote_path_bundle"":4.360051703774939,""regional_topk_candidates"":4.127185858907333}"
coordinator_physical,q06_tenant_sum::run-1,16,q06_tenant_sum,1,3,"reference::fuzzy-memory-topk-panel-v1::fuzzy_topk_memory_severe::raw-large-balanced-v1::{""cutoff_ts"":""2026-06-29 00:00:00+00"",""limit_k"":100}","fuzzy-memory-topk-panel-v1::fuzzy_topk_memory_severe::raw-large-balanced-v1::{""cutoff_ts"":""2026-06-29 00:00:00+00"",""limit_k"":100}",nan,82a4b1652b8883fb8dad714052530b1788280c0ae3dd3cb8823fe3b0d8dea3ac,development_reference,,0.5684879014817918,1.7590492925956076,False,False,False,"{""increase_gac_work_mem"":0.0274589574398124,""mitigate_remote_path_bundle"":1.3346582999179395,""regional_topk_candidates"":2.0868568298219983}"
coordinator_physical,q06_tenant_sum::run-1,16,q06_tenant_sum,1,4,q05_event_deviation::run-1,q05_event_deviation,bd5d33dbf428b5dfe5fde653651a56bf4036327ea0a4ea3cb42a933b2a2200b1,82a4b1652b8883fb8dad714052530b1788280c0ae3dd3cb8823fe3b0d8dea3ac,earlier_final_episode,11.0,0.6561711582486887,1.5239902934452163,False,False,False,"{""increase_gac_work_mem"":-0.2189988838292833,""mitigate_remote_path_bundle"":1.2254340435854414,""regional_topk_candidates"":1.6155677957074597}"
coordinator_physical,q06_tenant_sum::run-1,16,q06_tenant_sum,1,5,"reference::fuzzy-memory-topk-panel-v1::fuzzy_topk_memory_severe::raw-large-balanced-v1::{""cutoff_ts"":""2026-06-24 00:00:00+00"",""limit_k"":100}","fuzzy-memory-topk-panel-v1::fuzzy_topk_memory_severe::raw-large-balanced-v1::{""cutoff_ts"":""2026-06-24 00:00:00+00"",""limit_k"":100}",nan,82a4b1652b8883fb8dad714052530b1788280c0ae3dd3cb8823fe3b0d8dea3ac,development_reference,,0.7032906894946278,1.4218851366188916,False,False,False,"{""increase_gac_work_mem"":0.0078718370666349,""mitigate_remote_path_bundle"":1.4283978240698936,""regional_topk_candidates"":3.251278574713406}"
coordinator_physical,q07_tenant_count::run-1,17,q07_tenant_count,1,1,"reference::fuzzy-memory-topk-panel-v1::fuzzy_topk_transport_severe::raw-large-balanced-v1::{""cutoff_ts"":""2026-06-24 00:00:00+00"",""limit_k"":100}","fuzzy-memory-topk-panel-v1::fuzzy_topk_transport_severe::raw-large-balanced-v1::{""cutoff_ts"":""2026-06-24 00:00:00+00"",""limit_k"":100}",nan,e2883a3d8a1df39316eb339275178d1251674b54de02a31a771e6d2aeced7e7b,development_reference,,0.47023403223790744,2.1265961305368397,False,False,False,"{""increase_gac_work_mem"":0.0051622454887038,""mitigate_remote_path_bundle"":4.594851458801552,""regional_topk_candidates"":5.689366145087311}"
coordinator_physical,q07_tenant_count::run-1,17,q07_tenant_count,1,2,"reference::fuzzy-memory-topk-panel-v1::fuzzy_topk_transport_severe::raw-large-balanced-v1::{""cutoff_ts"":""2026-06-29 00:00:00+00"",""limit_k"":100}","fuzzy-memory-topk-panel-v1::fuzzy_topk_transport_severe::raw-large-balanced-v1::{""cutoff_ts"":""2026-06-29 00:00:00+00"",""limit_k"":100}",nan,e2883a3d8a1df39316eb339275178d1251674b54de02a31a771e6d2aeced7e7b,development_reference,,0.7053130977226193,1.4178080421600654,False,False,False,"{""increase_gac_work_mem"":0.0081868930148983,""mitigate_remote_path_bundle"":4.360051703774939,""regional_topk_candidates"":4.127185858907333}"
coordinator_physical,q07_tenant_count::run-1,17,q07_tenant_count,1,3,"reference::fuzzy-memory-topk-panel-v1::fuzzy_topk_balanced::raw-large-balanced-v1::{""cutoff_ts"":""2026-06-24 00:00:00+00"",""limit_k"":100}","fuzzy-memory-topk-panel-v1::fuzzy_topk_balanced::raw-large-balanced-v1::{""cutoff_ts"":""2026-06-24 00:00:00+00"",""limit_k"":100}",nan,e2883a3d8a1df39316eb339275178d1251674b54de02a31a771e6d2aeced7e7b,development_reference,,0.7181278897417145,1.3925076880832137,False,False,False,"{""increase_gac_work_mem"":-0.0218364506141406,""mitigate_remote_path_bundle"":2.898860761936939,""regional_topk_candidates"":4.405764321102397}"
coordinator_physical,q07_tenant_count::run-1,17,q07_tenant_count,1,4,q06_tenant_sum::run-1,q06_tenant_sum,82a4b1652b8883fb8dad714052530b1788280c0ae3dd3cb8823fe3b0d8dea3ac,e2883a3d8a1df39316eb339275178d1251674b54de02a31a771e6d2aeced7e7b,earlier_final_episode,16.0,1.063918219934258,0.9399209839087147,False,False,False,"{""increase_gac_work_mem"":-0.0113274524048228,""mitigate_remote_path_bundle"":2.755693328342921,""regional_topk_candidates"":3.047649640005925}"
coordinator_physical,q07_tenant_count::run-1,17,q07_tenant_count,1,5,"reference::fuzzy-memory-topk-panel-v1::fuzzy_topk_balanced::raw-large-balanced-v1::{""cutoff_ts"":""2026-06-29 00:00:00+00"",""limit_k"":100}","fuzzy-memory-topk-panel-v1::fuzzy_topk_balanced::raw-large-balanced-v1::{""cutoff_ts"":""2026-06-29 00:00:00+00"",""limit_k"":100}",nan,e2883a3d8a1df39316eb339275178d1251674b54de02a31a771e6d2aeced7e7b,development_reference,,1.10833003253869,0.9022575120985722,False,False,False,"{""increase_gac_work_mem"":0.0072951999589837,""mitigate_remote_path_bundle"":2.646928961962837,""regional_topk_candidates"":2.9074514602042885}"
coordinator_physical,q07_tenant_count::run-2,18,q07_tenant_count,2,1,"reference::fuzzy-memory-topk-panel-v1::fuzzy_topk_transport_severe::raw-large-balanced-v1::{""cutoff_ts"":""2026-06-24 00:00:00+00"",""limit_k"":10000}","fuzzy-memory-topk-panel-v1::fuzzy_topk_transport_severe::raw-large-balanced-v1::{""cutoff_ts"":""2026-06-24 00:00:00+00"",""limit_k"":10000}",nan,e2883a3d8a1df39316eb339275178d1251674b54de02a31a771e6d2aeced7e7b,development_reference,,0.8537238154077087,1.171337627713721,False,False,False,"{""increase_gac_work_mem"":0.0084124371532831,""mitigate_remote_path_bundle"":4.37766805933805,""regional_topk_candidates"":4.247803521993864}"
coordinator_physical,q07_tenant_count::run-2,18,q07_tenant_count,2,2,"reference::fuzzy-memory-topk-panel-v1::fuzzy_topk_transport_severe::raw-large-balanced-v1::{""cutoff_ts"":""2026-06-29 00:00:00+00"",""limit_k"":10000}","fuzzy-memory-topk-panel-v1::fuzzy_topk_transport_severe::raw-large-balanced-v1::{""cutoff_ts"":""2026-06-29 00:00:00+00"",""limit_k"":10000}",nan,e2883a3d8a1df39316eb339275178d1251674b54de02a31a771e6d2aeced7e7b,development_reference,,0.9219424967104891,1.084665170444846,False,False,False,"{""increase_gac_work_mem"":0.0063254578290735,""mitigate_remote_path_bundle"":4.204198458037598,""regional_topk_candidates"":3.2240845074472664}"
coordinator_physical,q07_tenant_count::run-2,18,q07_tenant_count,2,3,"reference::fuzzy-memory-topk-panel-v1::fuzzy_topk_balanced::raw-large-balanced-v1::{""cutoff_ts"":""2026-06-24 00:00:00+00"",""limit_k"":10000}","fuzzy-memory-topk-panel-v1::fuzzy_topk_balanced::raw-large-balanced-v1::{""cutoff_ts"":""2026-06-24 00:00:00+00"",""limit_k"":10000}",nan,e2883a3d8a1df39316eb339275178d1251674b54de02a31a771e6d2aeced7e7b,development_reference,,1.0632068098362817,0.9405499007329389,False,False,False,"{""increase_gac_work_mem"":0.033912495820706,""mitigate_remote_path_bundle"":2.685723352383513,""regional_topk_candidates"":2.983182859705127}"
coordinator_physical,q07_tenant_count::run-2,18,q07_tenant_count,2,4,"reference::fuzzy-memory-topk-panel-v1::fuzzy_topk_transport_severe::raw-large-balanced-v1::{""cutoff_ts"":""2026-06-24 00:00:00+00"",""limit_k"":100}","fuzzy-memory-topk-panel-v1::fuzzy_topk_transport_severe::raw-large-balanced-v1::{""cutoff_ts"":""2026-06-24 00:00:00+00"",""limit_k"":100}",nan,e2883a3d8a1df39316eb339275178d1251674b54de02a31a771e6d2aeced7e7b,development_reference,,1.0809860182900524,0.9250804894788092,False,False,False,"{""increase_gac_work_mem"":0.0051622454887038,""mitigate_remote_path_bundle"":4.594851458801552,""regional_topk_candidates"":5.689366145087311}"
coordinator_physical,q07_tenant_count::run-2,18,q07_tenant_count,2,5,"reference::cross-action-pilot-v1::pilot_gac_topk::raw-large-balanced-v1::{""cutoff_ts"":""2026-06-01 00:00:00+00"",""limit_k"":5000}","cross-action-pilot-v1::pilot_gac_topk::raw-large-balanced-v1::{""cutoff_ts"":""2026-06-01 00:00:00+00"",""limit_k"":5000}",nan,e2883a3d8a1df39316eb339275178d1251674b54de02a31a771e6d2aeced7e7b,development_reference,,1.1310154362176599,0.8841604489358224,False,False,False,"{""increase_gac_work_mem"":0.0116307678132073,""mitigate_remote_path_bundle"":4.467296759804148,""regional_topk_candidates"":5.045466088749672}"
coordinator_physical,q08_tenant_avg::run-1,19,q08_tenant_avg,1,1,"reference::fuzzy-memory-topk-panel-v1::fuzzy_topk_memory_severe::raw-large-balanced-v1::{""cutoff_ts"":""2026-06-24 00:00:00+00"",""limit_k"":100}","fuzzy-memory-topk-panel-v1::fuzzy_topk_memory_severe::raw-large-balanced-v1::{""cutoff_ts"":""2026-06-24 00:00:00+00"",""limit_k"":100}",nan,8e8d2f98539f4a009d76e2bafa2994da93c550be0df9a6a7019b81cb79140fb8,development_reference,,0.8760568175200478,1.1414771719414694,False,False,False,"{""increase_gac_work_mem"":0.0078718370666349,""mitigate_remote_path_bundle"":1.4283978240698936,""regional_topk_candidates"":3.251278574713406}"
coordinator_physical,q08_tenant_avg::run-1,19,q08_tenant_avg,1,2,"reference::fuzzy-memory-topk-panel-v1::fuzzy_topk_balanced::raw-large-balanced-v1::{""cutoff_ts"":""2026-06-24 00:00:00+00"",""limit_k"":100}","fuzzy-memory-topk-panel-v1::fuzzy_topk_balanced::raw-large-balanced-v1::{""cutoff_ts"":""2026-06-24 00:00:00+00"",""limit_k"":100}",nan,8e8d2f98539f4a009d76e2bafa2994da93c550be0df9a6a7019b81cb79140fb8,development_reference,,0.935699444438658,1.068718098771361,False,False,False,"{""increase_gac_work_mem"":-0.0218364506141406,""mitigate_remote_path_bundle"":2.898860761936939,""regional_topk_candidates"":4.405764321102397}"
coordinator_physical,q08_tenant_avg::run-1,19,q08_tenant_avg,1,3,q07_tenant_count::run-1,q07_tenant_count,e2883a3d8a1df39316eb339275178d1251674b54de02a31a771e6d2aeced7e7b,8e8d2f98539f4a009d76e2bafa2994da93c550be0df9a6a7019b81cb79140fb8,earlier_final_episode,17.0,0.9750332175713314,1.0256050320888785,False,False,False,"{""increase_gac_work_mem"":0.0095142040035063,""mitigate_remote_path_bundle"":4.358137982011629,""regional_topk_candidates"":5.78740087138428}"
coordinator_physical,q08_tenant_avg::run-1,19,q08_tenant_avg,1,4,q07_tenant_count::run-2,q07_tenant_count,e2883a3d8a1df39316eb339275178d1251674b54de02a31a771e6d2aeced7e7b,8e8d2f98539f4a009d76e2bafa2994da93c550be0df9a6a7019b81cb79140fb8,earlier_final_episode,18.0,0.9810004475096409,1.0193664877239361,False,False,False,"{""increase_gac_work_mem"":0.0058933650242485,""mitigate_remote_path_bundle"":4.322867216809753,""regional_topk_candidates"":5.944838229402522}"
coordinator_physical,q08_tenant_avg::run-1,19,q08_tenant_avg,1,5,"reference::fuzzy-memory-topk-panel-v1::fuzzy_topk_transport_severe::raw-large-balanced-v1::{""cutoff_ts"":""2026-06-29 00:00:00+00"",""limit_k"":100}","fuzzy-memory-topk-panel-v1::fuzzy_topk_transport_severe::raw-large-balanced-v1::{""cutoff_ts"":""2026-06-29 00:00:00+00"",""limit_k"":100}",nan,8e8d2f98539f4a009d76e2bafa2994da93c550be0df9a6a7019b81cb79140fb8,development_reference,,1.133218604740639,0.8824414930845386,False,False,False,"{""increase_gac_work_mem"":0.0081868930148983,""mitigate_remote_path_bundle"":4.360051703774939,""regional_topk_candidates"":4.127185858907333}"
coordinator_physical,q08_tenant_avg::run-2,20,q08_tenant_avg,2,1,"reference::fuzzy-memory-topk-panel-v1::fuzzy_topk_balanced::raw-large-balanced-v1::{""cutoff_ts"":""2026-06-24 00:00:00+00"",""limit_k"":10000}","fuzzy-memory-topk-panel-v1::fuzzy_topk_balanced::raw-large-balanced-v1::{""cutoff_ts"":""2026-06-24 00:00:00+00"",""limit_k"":10000}",nan,8e8d2f98539f4a009d76e2bafa2994da93c550be0df9a6a7019b81cb79140fb8,development_reference,,0.7839198301125029,1.2756390206603987,False,False,False,"{""increase_gac_work_mem"":0.033912495820706,""mitigate_remote_path_bundle"":2.685723352383513,""regional_topk_candidates"":2.983182859705127}"
coordinator_physical,q08_tenant_avg::run-2,20,q08_tenant_avg,2,2,q07_tenant_count::run-2,q07_tenant_count,e2883a3d8a1df39316eb339275178d1251674b54de02a31a771e6d2aeced7e7b,8e8d2f98539f4a009d76e2bafa2994da93c550be0df9a6a7019b81cb79140fb8,earlier_final_episode,18.0,0.9087046831355636,1.1004663210088197,False,False,False,"{""increase_gac_work_mem"":0.0058933650242485,""mitigate_remote_path_bundle"":4.322867216809753,""regional_topk_candidates"":5.944838229402522}"
coordinator_physical,q08_tenant_avg::run-2,20,q08_tenant_avg,2,3,"reference::fuzzy-memory-topk-panel-v1::fuzzy_topk_memory_severe::raw-large-balanced-v1::{""cutoff_ts"":""2026-06-24 00:00:00+00"",""limit_k"":10000}","fuzzy-memory-topk-panel-v1::fuzzy_topk_memory_severe::raw-large-balanced-v1::{""cutoff_ts"":""2026-06-24 00:00:00+00"",""limit_k"":10000}",nan,8e8d2f98539f4a009d76e2bafa2994da93c550be0df9a6a7019b81cb79140fb8,development_reference,,0.9601997447548603,1.0414488902060792,False,False,False,"{""increase_gac_work_mem"":0.1519052149533546,""mitigate_remote_path_bundle"":1.2917196971971587,""regional_topk_candidates"":1.8696813627440243}"
coordinator_physical,q08_tenant_avg::run-2,20,q08_tenant_avg,2,4,"reference::fuzzy-memory-topk-panel-v1::fuzzy_topk_balanced::raw-large-balanced-v1::{""cutoff_ts"":""2026-06-29 00:00:00+00"",""limit_k"":10000}","fuzzy-memory-topk-panel-v1::fuzzy_topk_balanced::raw-large-balanced-v1::{""cutoff_ts"":""2026-06-29 00:00:00+00"",""limit_k"":10000}",nan,8e8d2f98539f4a009d76e2bafa2994da93c550be0df9a6a7019b81cb79140fb8,development_reference,,0.977325141201722,1.0231998898242896,False,False,False,"{""increase_gac_work_mem"":0.0128070569269704,""mitigate_remote_path_bundle"":2.640761425802023,""regional_topk_candidates"":2.3178971333467917}"
coordinator_physical,q08_tenant_avg::run-2,20,q08_tenant_avg,2,5,"reference::fuzzy-memory-topk-panel-v1::fuzzy_topk_transport_severe::raw-large-balanced-v1::{""cutoff_ts"":""2026-06-29 00:00:00+00"",""limit_k"":10000}","fuzzy-memory-topk-panel-v1::fuzzy_topk_transport_severe::raw-large-balanced-v1::{""cutoff_ts"":""2026-06-29 00:00:00+00"",""limit_k"":10000}",nan,8e8d2f98539f4a009d76e2bafa2994da93c550be0df9a6a7019b81cb79140fb8,development_reference,,1.000972383548244,0.9990275630059278,False,False,False,"{""increase_gac_work_mem"":0.0063254578290735,""mitigate_remote_path_bundle"":4.204198458037598,""regional_topk_candidates"":3.2240845074472664}"
coordinator_physical,q08_tenant_avg::run-3,21,q08_tenant_avg,3,1,"reference::fuzzy-memory-topk-panel-v1::fuzzy_topk_balanced::raw-large-balanced-v1::{""cutoff_ts"":""2026-06-24 00:00:00+00"",""limit_k"":10000}","fuzzy-memory-topk-panel-v1::fuzzy_topk_balanced::raw-large-balanced-v1::{""cutoff_ts"":""2026-06-24 00:00:00+00"",""limit_k"":10000}",nan,8e8d2f98539f4a009d76e2bafa2994da93c550be0df9a6a7019b81cb79140fb8,development_reference,,0.7822304422672794,1.2783940224922734,False,False,False,"{""increase_gac_work_mem"":0.033912495820706,""mitigate_remote_path_bundle"":2.685723352383513,""regional_topk_candidates"":2.983182859705127}"
coordinator_physical,q08_tenant_avg::run-3,21,q08_tenant_avg,3,2,q07_tenant_count::run-2,q07_tenant_count,e2883a3d8a1df39316eb339275178d1251674b54de02a31a771e6d2aeced7e7b,8e8d2f98539f4a009d76e2bafa2994da93c550be0df9a6a7019b81cb79140fb8,earlier_final_episode,18.0,0.9092454694547104,1.0998118041631946,False,False,False,"{""increase_gac_work_mem"":0.0058933650242485,""mitigate_remote_path_bundle"":4.322867216809753,""regional_topk_candidates"":5.944838229402522}"
coordinator_physical,q08_tenant_avg::run-3,21,q08_tenant_avg,3,3,"reference::fuzzy-memory-topk-panel-v1::fuzzy_topk_memory_severe::raw-large-balanced-v1::{""cutoff_ts"":""2026-06-24 00:00:00+00"",""limit_k"":10000}","fuzzy-memory-topk-panel-v1::fuzzy_topk_memory_severe::raw-large-balanced-v1::{""cutoff_ts"":""2026-06-24 00:00:00+00"",""limit_k"":10000}",nan,8e8d2f98539f4a009d76e2bafa2994da93c550be0df9a6a7019b81cb79140fb8,development_reference,,0.9599338529784952,1.0417373605064868,False,False,False,"{""increase_gac_work_mem"":0.1519052149533546,""mitigate_remote_path_bundle"":1.2917196971971587,""regional_topk_candidates"":1.8696813627440243}"
coordinator_physical,q08_tenant_avg::run-3,21,q08_tenant_avg,3,4,"reference::fuzzy-memory-topk-panel-v1::fuzzy_topk_balanced::raw-large-balanced-v1::{""cutoff_ts"":""2026-06-29 00:00:00+00"",""limit_k"":10000}","fuzzy-memory-topk-panel-v1::fuzzy_topk_balanced::raw-large-balanced-v1::{""cutoff_ts"":""2026-06-29 00:00:00+00"",""limit_k"":10000}",nan,8e8d2f98539f4a009d76e2bafa2994da93c550be0df9a6a7019b81cb79140fb8,development_reference,,0.9719675128524788,1.028839912792294,False,False,False,"{""increase_gac_work_mem"":0.0128070569269704,""mitigate_remote_path_bundle"":2.640761425802023,""regional_topk_candidates"":2.3178971333467917}"
coordinator_physical,q08_tenant_avg::run-3,21,q08_tenant_avg,3,5,"reference::fuzzy-memory-topk-panel-v1::fuzzy_topk_transport_severe::raw-large-balanced-v1::{""cutoff_ts"":""2026-06-29 00:00:00+00"",""limit_k"":10000}","fuzzy-memory-topk-panel-v1::fuzzy_topk_transport_severe::raw-large-balanced-v1::{""cutoff_ts"":""2026-06-29 00:00:00+00"",""limit_k"":10000}",nan,8e8d2f98539f4a009d76e2bafa2994da93c550be0df9a6a7019b81cb79140fb8,development_reference,,0.9979336454679716,1.002069629049766,False,False,False,"{""increase_gac_work_mem"":0.0063254578290735,""mitigate_remote_path_bundle"":4.204198458037598,""regional_topk_candidates"":3.2240845074472664}"
coordinator_physical,q09_tenant_max::run-1,22,q09_tenant_max,1,1,"reference::fuzzy-memory-topk-panel-v1::fuzzy_topk_transport_severe::raw-small-balanced-v1::{""cutoff_ts"":""2026-06-24 00:00:00+00"",""limit_k"":100}","fuzzy-memory-topk-panel-v1::fuzzy_topk_transport_severe::raw-small-balanced-v1::{""cutoff_ts"":""2026-06-24 00:00:00+00"",""limit_k"":100}",nan,0a1845d5eee8a966fc7841a83bbfa0c28f21ecba6942182b9a8b2e287f92f63b,development_reference,,0.34803710147629524,2.8732486350150652,False,False,False,"{""increase_gac_work_mem"":-0.0190705540866633,""mitigate_remote_path_bundle"":3.203301466828472,""regional_topk_candidates"":0.7633310432797628}"
coordinator_physical,q09_tenant_max::run-1,22,q09_tenant_max,1,2,"reference::fuzzy-memory-topk-panel-v1::fuzzy_topk_balanced::raw-small-balanced-v1::{""cutoff_ts"":""2026-06-24 00:00:00+00"",""limit_k"":100}","fuzzy-memory-topk-panel-v1::fuzzy_topk_balanced::raw-small-balanced-v1::{""cutoff_ts"":""2026-06-24 00:00:00+00"",""limit_k"":100}",nan,0a1845d5eee8a966fc7841a83bbfa0c28f21ecba6942182b9a8b2e287f92f63b,development_reference,,0.39106969923143586,2.557082394475684,False,False,False,"{""increase_gac_work_mem"":0.0558843856774697,""mitigate_remote_path_bundle"":1.990176655943472,""regional_topk_candidates"":0.44208027974939}"
coordinator_physical,q09_tenant_max::run-1,22,q09_tenant_max,1,3,"reference::fuzzy-memory-topk-panel-v1::fuzzy_topk_memory_severe::raw-small-balanced-v1::{""cutoff_ts"":""2026-06-24 00:00:00+00"",""limit_k"":100}","fuzzy-memory-topk-panel-v1::fuzzy_topk_memory_severe::raw-small-balanced-v1::{""cutoff_ts"":""2026-06-24 00:00:00+00"",""limit_k"":100}",nan,0a1845d5eee8a966fc7841a83bbfa0c28f21ecba6942182b9a8b2e287f92f63b,development_reference,,0.5232768414670902,1.9110306624036393,False,False,False,"{""increase_gac_work_mem"":0.0086254015965442,""mitigate_remote_path_bundle"":0.9391484986059694,""regional_topk_candidates"":0.3098490437160227}"
coordinator_physical,q09_tenant_max::run-1,22,q09_tenant_max,1,4,"reference::fuzzy-memory-topk-panel-v1::fuzzy_topk_transport_severe::raw-small-balanced-v1::{""cutoff_ts"":""2026-06-29 00:00:00+00"",""limit_k"":100}","fuzzy-memory-topk-panel-v1::fuzzy_topk_transport_severe::raw-small-balanced-v1::{""cutoff_ts"":""2026-06-29 00:00:00+00"",""limit_k"":100}",nan,0a1845d5eee8a966fc7841a83bbfa0c28f21ecba6942182b9a8b2e287f92f63b,development_reference,,0.6466886984734597,1.546336677947005,False,False,False,"{""increase_gac_work_mem"":0.0044125939297464,""mitigate_remote_path_bundle"":2.703776598899469,""regional_topk_candidates"":0.2612314581242365}"
coordinator_physical,q09_tenant_max::run-1,22,q09_tenant_max,1,5,"reference::fuzzy-memory-topk-panel-v1::fuzzy_topk_memory_severe::raw-small-balanced-v1::{""cutoff_ts"":""2026-06-29 00:00:00+00"",""limit_k"":100}","fuzzy-memory-topk-panel-v1::fuzzy_topk_memory_severe::raw-small-balanced-v1::{""cutoff_ts"":""2026-06-29 00:00:00+00"",""limit_k"":100}",nan,0a1845d5eee8a966fc7841a83bbfa0c28f21ecba6942182b9a8b2e287f92f63b,development_reference,,0.7693340986276728,1.299823707229507,False,False,False,"{""increase_gac_work_mem"":0.0698044793371713,""mitigate_remote_path_bundle"":0.5693747863972122,""regional_topk_candidates"":0.0315669702360576}"
coordinator_physical,q09_tenant_max::run-2,23,q09_tenant_max,2,1,q04_event_oldest::run-1,q04_event_oldest,7ac514d1b6aff5b67e0ed359f81f5121c7bf970bcc0b492f338fd0abac46c36e,0a1845d5eee8a966fc7841a83bbfa0c28f21ecba6942182b9a8b2e287f92f63b,earlier_final_episode,7.0,0.25651629271530413,3.8983726571208233,False,False,False,"{""increase_gac_work_mem"":0.0094718463899962,""mitigate_remote_path_bundle"":3.308023136004272,""regional_topk_candidates"":-0.0141705521924664}"
coordinator_physical,q09_tenant_max::run-2,23,q09_tenant_max,2,2,q04_event_oldest::run-2,q04_event_oldest,7ac514d1b6aff5b67e0ed359f81f5121c7bf970bcc0b492f338fd0abac46c36e,0a1845d5eee8a966fc7841a83bbfa0c28f21ecba6942182b9a8b2e287f92f63b,earlier_final_episode,8.0,0.32406233876765655,3.0858165067445946,False,False,False,"{""increase_gac_work_mem"":0.0105978840767133,""mitigate_remote_path_bundle"":3.3135646401821126,""regional_topk_candidates"":0.0442818066513621}"
coordinator_physical,q09_tenant_max::run-2,23,q09_tenant_max,2,3,q04_event_oldest::run-3,q04_event_oldest,7ac514d1b6aff5b67e0ed359f81f5121c7bf970bcc0b492f338fd0abac46c36e,0a1845d5eee8a966fc7841a83bbfa0c28f21ecba6942182b9a8b2e287f92f63b,earlier_final_episode,9.0,0.32618945253117404,3.065693653018339,False,False,False,"{""increase_gac_work_mem"":0.009230508233768,""mitigate_remote_path_bundle"":3.408545258460241,""regional_topk_candidates"":0.0366362612175297}"
coordinator_physical,q09_tenant_max::run-2,23,q09_tenant_max,2,4,q03_event_recent::run-3,q03_event_recent,76893bdca8771bf15968c663228c2bb3475ab41d7df033a16ad555cc74a679a3,0a1845d5eee8a966fc7841a83bbfa0c28f21ecba6942182b9a8b2e287f92f63b,earlier_final_episode,6.0,0.3272443580663085,3.055811107326307,False,False,False,"{""increase_gac_work_mem"":-0.0002791294905142,""mitigate_remote_path_bundle"":1.9700639210944435,""regional_topk_candidates"":-0.0585418455250905}"
coordinator_physical,q09_tenant_max::run-2,23,q09_tenant_max,2,5,q04_event_oldest::run-4,q04_event_oldest,7ac514d1b6aff5b67e0ed359f81f5121c7bf970bcc0b492f338fd0abac46c36e,0a1845d5eee8a966fc7841a83bbfa0c28f21ecba6942182b9a8b2e287f92f63b,earlier_final_episode,10.0,0.32822956743743387,3.0466388545320857,False,False,False,"{""increase_gac_work_mem"":0.0137676500397462,""mitigate_remote_path_bundle"":3.288965909245521,""regional_topk_candidates"":0.0523781778984862}"
coordinator_physical,q09_tenant_max::run-3,24,q09_tenant_max,3,1,q04_event_oldest::run-1,q04_event_oldest,7ac514d1b6aff5b67e0ed359f81f5121c7bf970bcc0b492f338fd0abac46c36e,0a1845d5eee8a966fc7841a83bbfa0c28f21ecba6942182b9a8b2e287f92f63b,earlier_final_episode,7.0,0.2506620988933517,3.989418484072379,False,False,False,"{""increase_gac_work_mem"":0.0094718463899962,""mitigate_remote_path_bundle"":3.308023136004272,""regional_topk_candidates"":-0.0141705521924664}"
coordinator_physical,q09_tenant_max::run-3,24,q09_tenant_max,3,2,q04_event_oldest::run-2,q04_event_oldest,7ac514d1b6aff5b67e0ed359f81f5121c7bf970bcc0b492f338fd0abac46c36e,0a1845d5eee8a966fc7841a83bbfa0c28f21ecba6942182b9a8b2e287f92f63b,earlier_final_episode,8.0,0.3189947325122925,3.134838175183002,False,False,False,"{""increase_gac_work_mem"":0.0105978840767133,""mitigate_remote_path_bundle"":3.3135646401821126,""regional_topk_candidates"":0.0442818066513621}"
coordinator_physical,q09_tenant_max::run-3,24,q09_tenant_max,3,3,q04_event_oldest::run-3,q04_event_oldest,7ac514d1b6aff5b67e0ed359f81f5121c7bf970bcc0b492f338fd0abac46c36e,0a1845d5eee8a966fc7841a83bbfa0c28f21ecba6942182b9a8b2e287f92f63b,earlier_final_episode,9.0,0.3217868779733378,3.107637261845073,False,False,False,"{""increase_gac_work_mem"":0.009230508233768,""mitigate_remote_path_bundle"":3.408545258460241,""regional_topk_candidates"":0.0366362612175297}"
coordinator_physical,q09_tenant_max::run-3,24,q09_tenant_max,3,4,q04_event_oldest::run-4,q04_event_oldest,7ac514d1b6aff5b67e0ed359f81f5121c7bf970bcc0b492f338fd0abac46c36e,0a1845d5eee8a966fc7841a83bbfa0c28f21ecba6942182b9a8b2e287f92f63b,earlier_final_episode,10.0,0.32401178924759155,3.0862979276903135,False,False,False,"{""increase_gac_work_mem"":0.0137676500397462,""mitigate_remote_path_bundle"":3.288965909245521,""regional_topk_candidates"":0.0523781778984862}"
coordinator_physical,q09_tenant_max::run-3,24,q09_tenant_max,3,5,q03_event_recent::run-3,q03_event_recent,76893bdca8771bf15968c663228c2bb3475ab41d7df033a16ad555cc74a679a3,0a1845d5eee8a966fc7841a83bbfa0c28f21ecba6942182b9a8b2e287f92f63b,earlier_final_episode,6.0,0.33162885189542396,3.015410085324103,False,False,False,"{""increase_gac_work_mem"":-0.0002791294905142,""mitigate_remote_path_bundle"":1.9700639210944435,""regional_topk_candidates"":-0.0585418455250905}"
coordinator_physical,q09_tenant_max::run-4,25,q09_tenant_max,4,1,q04_event_oldest::run-1,q04_event_oldest,7ac514d1b6aff5b67e0ed359f81f5121c7bf970bcc0b492f338fd0abac46c36e,0a1845d5eee8a966fc7841a83bbfa0c28f21ecba6942182b9a8b2e287f92f63b,earlier_final_episode,7.0,0.2668287313688609,3.747708303980627,False,False,False,"{""increase_gac_work_mem"":0.0094718463899962,""mitigate_remote_path_bundle"":3.308023136004272,""regional_topk_candidates"":-0.0141705521924664}"
coordinator_physical,q09_tenant_max::run-4,25,q09_tenant_max,4,2,q03_event_recent::run-3,q03_event_recent,76893bdca8771bf15968c663228c2bb3475ab41d7df033a16ad555cc74a679a3,0a1845d5eee8a966fc7841a83bbfa0c28f21ecba6942182b9a8b2e287f92f63b,earlier_final_episode,6.0,0.31772437898501615,3.147372121152336,False,False,False,"{""increase_gac_work_mem"":-0.0002791294905142,""mitigate_remote_path_bundle"":1.9700639210944435,""regional_topk_candidates"":-0.0585418455250905}"
coordinator_physical,q09_tenant_max::run-4,25,q09_tenant_max,4,3,q03_event_recent::run-2,q03_event_recent,76893bdca8771bf15968c663228c2bb3475ab41d7df033a16ad555cc74a679a3,0a1845d5eee8a966fc7841a83bbfa0c28f21ecba6942182b9a8b2e287f92f63b,earlier_final_episode,5.0,0.3233062512238372,3.0930330087389972,False,False,False,"{""increase_gac_work_mem"":-0.1048447833628063,""mitigate_remote_path_bundle"":1.9117449342238144,""regional_topk_candidates"":-0.0141682721267147}"
coordinator_physical,q09_tenant_max::run-4,25,q09_tenant_max,4,4,q04_event_oldest::run-2,q04_event_oldest,7ac514d1b6aff5b67e0ed359f81f5121c7bf970bcc0b492f338fd0abac46c36e,0a1845d5eee8a966fc7841a83bbfa0c28f21ecba6942182b9a8b2e287f92f63b,earlier_final_episode,8.0,0.33189777941598836,3.0129667899339907,False,False,False,"{""increase_gac_work_mem"":0.0105978840767133,""mitigate_remote_path_bundle"":3.3135646401821126,""regional_topk_candidates"":0.0442818066513621}"
coordinator_physical,q09_tenant_max::run-4,25,q09_tenant_max,4,5,q04_event_oldest::run-3,q04_event_oldest,7ac514d1b6aff5b67e0ed359f81f5121c7bf970bcc0b492f338fd0abac46c36e,0a1845d5eee8a966fc7841a83bbfa0c28f21ecba6942182b9a8b2e287f92f63b,earlier_final_episode,9.0,0.33442461552806463,2.990201568205176,False,False,False,"{""increase_gac_work_mem"":0.009230508233768,""mitigate_remote_path_bundle"":3.408545258460241,""regional_topk_candidates"":0.0366362612175297}"
coordinator_physical,q10_tenant_min::run-1,26,q10_tenant_min,1,1,q06_tenant_sum::run-1,q06_tenant_sum,82a4b1652b8883fb8dad714052530b1788280c0ae3dd3cb8823fe3b0d8dea3ac,1ffceae8ec4dc807efe850ad847328743196a4fc73e3da8ce9c3268b0eb210fe,earlier_final_episode,16.0,0.4998484493873059,2.000602383829286,False,False,False,"{""increase_gac_work_mem"":-0.0113274524048228,""mitigate_remote_path_bundle"":2.755693328342921,""regional_topk_candidates"":3.047649640005925}"
coordinator_physical,q10_tenant_min::run-1,26,q10_tenant_min,1,2,q09_tenant_max::run-1,q09_tenant_max,0a1845d5eee8a966fc7841a83bbfa0c28f21ecba6942182b9a8b2e287f92f63b,1ffceae8ec4dc807efe850ad847328743196a4fc73e3da8ce9c3268b0eb210fe,earlier_final_episode,22.0,0.6001562167425427,1.6662300678939983,False,False,False,"{""increase_gac_work_mem"":-0.0098099219860758,""mitigate_remote_path_bundle"":1.993424827708021,""regional_topk_candidates"":0.6178171990686502}"
coordinator_physical,q10_tenant_min::run-1,26,q10_tenant_min,1,3,"reference::fuzzy-memory-topk-panel-v1::fuzzy_topk_transport_severe::raw-small-balanced-v1::{""cutoff_ts"":""2026-06-24 00:00:00+00"",""limit_k"":100}","fuzzy-memory-topk-panel-v1::fuzzy_topk_transport_severe::raw-small-balanced-v1::{""cutoff_ts"":""2026-06-24 00:00:00+00"",""limit_k"":100}",nan,1ffceae8ec4dc807efe850ad847328743196a4fc73e3da8ce9c3268b0eb210fe,development_reference,,0.6398270203837131,1.5629199849676592,False,False,False,"{""increase_gac_work_mem"":-0.0190705540866633,""mitigate_remote_path_bundle"":3.203301466828472,""regional_topk_candidates"":0.7633310432797628}"
coordinator_physical,q10_tenant_min::run-1,26,q10_tenant_min,1,4,"reference::fuzzy-memory-topk-panel-v1::fuzzy_topk_balanced::raw-large-balanced-v1::{""cutoff_ts"":""2026-06-29 00:00:00+00"",""limit_k"":100}","fuzzy-memory-topk-panel-v1::fuzzy_topk_balanced::raw-large-balanced-v1::{""cutoff_ts"":""2026-06-29 00:00:00+00"",""limit_k"":100}",nan,1ffceae8ec4dc807efe850ad847328743196a4fc73e3da8ce9c3268b0eb210fe,development_reference,,0.6768299102252566,1.4774738932463785,False,False,False,"{""increase_gac_work_mem"":0.0072951999589837,""mitigate_remote_path_bundle"":2.646928961962837,""regional_topk_candidates"":2.9074514602042885}"
coordinator_physical,q10_tenant_min::run-1,26,q10_tenant_min,1,5,q05_event_deviation::run-1,q05_event_deviation,bd5d33dbf428b5dfe5fde653651a56bf4036327ea0a4ea3cb42a933b2a2200b1,1ffceae8ec4dc807efe850ad847328743196a4fc73e3da8ce9c3268b0eb210fe,earlier_final_episode,11.0,0.7063008408997508,1.4158252776548197,False,False,False,"{""increase_gac_work_mem"":-0.2189988838292833,""mitigate_remote_path_bundle"":1.2254340435854414,""regional_topk_candidates"":1.6155677957074597}"
coordinator_physical,q10_tenant_min::run-2,27,q10_tenant_min,2,1,q04_event_oldest::run-4,q04_event_oldest,7ac514d1b6aff5b67e0ed359f81f5121c7bf970bcc0b492f338fd0abac46c36e,1ffceae8ec4dc807efe850ad847328743196a4fc73e3da8ce9c3268b0eb210fe,earlier_final_episode,10.0,0.404744516484949,2.4706882702113546,False,False,False,"{""increase_gac_work_mem"":0.0137676500397462,""mitigate_remote_path_bundle"":3.288965909245521,""regional_topk_candidates"":0.0523781778984862}"
coordinator_physical,q10_tenant_min::run-2,27,q10_tenant_min,2,2,q04_event_oldest::run-3,q04_event_oldest,7ac514d1b6aff5b67e0ed359f81f5121c7bf970bcc0b492f338fd0abac46c36e,1ffceae8ec4dc807efe850ad847328743196a4fc73e3da8ce9c3268b0eb210fe,earlier_final_episode,9.0,0.40592859665595454,2.4634813727256986,False,False,False,"{""increase_gac_work_mem"":0.009230508233768,""mitigate_remote_path_bundle"":3.408545258460241,""regional_topk_candidates"":0.0366362612175297}"
coordinator_physical,q10_tenant_min::run-2,27,q10_tenant_min,2,3,q04_event_oldest::run-2,q04_event_oldest,7ac514d1b6aff5b67e0ed359f81f5121c7bf970bcc0b492f338fd0abac46c36e,1ffceae8ec4dc807efe850ad847328743196a4fc73e3da8ce9c3268b0eb210fe,earlier_final_episode,8.0,0.40647312309592426,2.460181210020125,False,False,False,"{""increase_gac_work_mem"":0.0105978840767133,""mitigate_remote_path_bundle"":3.3135646401821126,""regional_topk_candidates"":0.0442818066513621}"
coordinator_physical,q10_tenant_min::run-2,27,q10_tenant_min,2,4,q04_event_oldest::run-1,q04_event_oldest,7ac514d1b6aff5b67e0ed359f81f5121c7bf970bcc0b492f338fd0abac46c36e,1ffceae8ec4dc807efe850ad847328743196a4fc73e3da8ce9c3268b0eb210fe,earlier_final_episode,7.0,0.41879253189533133,2.3878114723365145,False,False,False,"{""increase_gac_work_mem"":0.0094718463899962,""mitigate_remote_path_bundle"":3.308023136004272,""regional_topk_candidates"":-0.0141705521924664}"
coordinator_physical,q10_tenant_min::run-2,27,q10_tenant_min,2,5,q09_tenant_max::run-3,q09_tenant_max,0a1845d5eee8a966fc7841a83bbfa0c28f21ecba6942182b9a8b2e287f92f63b,1ffceae8ec4dc807efe850ad847328743196a4fc73e3da8ce9c3268b0eb210fe,earlier_final_episode,24.0,0.5302978086599247,1.8857292976520523,False,False,False,"{""increase_gac_work_mem"":0.0235774955198211,""mitigate_remote_path_bundle"":1.8201093118769007,""regional_topk_candidates"":0.741129797923938}"
coordinator_physical,q10_tenant_min::run-3,28,q10_tenant_min,3,1,q04_event_oldest::run-4,q04_event_oldest,7ac514d1b6aff5b67e0ed359f81f5121c7bf970bcc0b492f338fd0abac46c36e,1ffceae8ec4dc807efe850ad847328743196a4fc73e3da8ce9c3268b0eb210fe,earlier_final_episode,10.0,0.4104528638394356,2.4363274124060568,False,False,False,"{""increase_gac_work_mem"":0.0137676500397462,""mitigate_remote_path_bundle"":3.288965909245521,""regional_topk_candidates"":0.0523781778984862}"
coordinator_physical,q10_tenant_min::run-3,28,q10_tenant_min,3,2,q04_event_oldest::run-3,q04_event_oldest,7ac514d1b6aff5b67e0ed359f81f5121c7bf970bcc0b492f338fd0abac46c36e,1ffceae8ec4dc807efe850ad847328743196a4fc73e3da8ce9c3268b0eb210fe,earlier_final_episode,9.0,0.41159115741185204,2.4295895390430595,False,False,False,"{""increase_gac_work_mem"":0.009230508233768,""mitigate_remote_path_bundle"":3.408545258460241,""regional_topk_candidates"":0.0366362612175297}"
coordinator_physical,q10_tenant_min::run-3,28,q10_tenant_min,3,3,q04_event_oldest::run-2,q04_event_oldest,7ac514d1b6aff5b67e0ed359f81f5121c7bf970bcc0b492f338fd0abac46c36e,1ffceae8ec4dc807efe850ad847328743196a4fc73e3da8ce9c3268b0eb210fe,earlier_final_episode,8.0,0.4119311550806232,2.42758422149463,False,False,False,"{""increase_gac_work_mem"":0.0105978840767133,""mitigate_remote_path_bundle"":3.3135646401821126,""regional_topk_candidates"":0.0442818066513621}"
coordinator_physical,q10_tenant_min::run-3,28,q10_tenant_min,3,4,q04_event_oldest::run-1,q04_event_oldest,7ac514d1b6aff5b67e0ed359f81f5121c7bf970bcc0b492f338fd0abac46c36e,1ffceae8ec4dc807efe850ad847328743196a4fc73e3da8ce9c3268b0eb210fe,earlier_final_episode,7.0,0.4242233586746828,2.357243235923781,False,False,False,"{""increase_gac_work_mem"":0.0094718463899962,""mitigate_remote_path_bundle"":3.308023136004272,""regional_topk_candidates"":-0.0141705521924664}"
coordinator_physical,q10_tenant_min::run-3,28,q10_tenant_min,3,5,q09_tenant_max::run-3,q09_tenant_max,0a1845d5eee8a966fc7841a83bbfa0c28f21ecba6942182b9a8b2e287f92f63b,1ffceae8ec4dc807efe850ad847328743196a4fc73e3da8ce9c3268b0eb210fe,earlier_final_episode,24.0,0.5370077338435439,1.8621671063758662,False,False,False,"{""increase_gac_work_mem"":0.0235774955198211,""mitigate_remote_path_bundle"":1.8201093118769007,""regional_topk_candidates"":0.741129797923938}"
coordinator_physical,q10_tenant_min::run-4,29,q10_tenant_min,4,1,q04_event_oldest::run-4,q04_event_oldest,7ac514d1b6aff5b67e0ed359f81f5121c7bf970bcc0b492f338fd0abac46c36e,1ffceae8ec4dc807efe850ad847328743196a4fc73e3da8ce9c3268b0eb210fe,earlier_final_episode,10.0,0.4048754105460264,2.4698895118423305,False,False,False,"{""increase_gac_work_mem"":0.0137676500397462,""mitigate_remote_path_bundle"":3.288965909245521,""regional_topk_candidates"":0.0523781778984862}"
coordinator_physical,q10_tenant_min::run-4,29,q10_tenant_min,4,2,q04_event_oldest::run-3,q04_event_oldest,7ac514d1b6aff5b67e0ed359f81f5121c7bf970bcc0b492f338fd0abac46c36e,1ffceae8ec4dc807efe850ad847328743196a4fc73e3da8ce9c3268b0eb210fe,earlier_final_episode,9.0,0.40610543185243314,2.4624086731120034,False,False,False,"{""increase_gac_work_mem"":0.009230508233768,""mitigate_remote_path_bundle"":3.408545258460241,""regional_topk_candidates"":0.0366362612175297}"
coordinator_physical,q10_tenant_min::run-4,29,q10_tenant_min,4,3,q04_event_oldest::run-2,q04_event_oldest,7ac514d1b6aff5b67e0ed359f81f5121c7bf970bcc0b492f338fd0abac46c36e,1ffceae8ec4dc807efe850ad847328743196a4fc73e3da8ce9c3268b0eb210fe,earlier_final_episode,8.0,0.40677373054417515,2.458363130527356,False,False,False,"{""increase_gac_work_mem"":0.0105978840767133,""mitigate_remote_path_bundle"":3.3135646401821126,""regional_topk_candidates"":0.0442818066513621}"
coordinator_physical,q10_tenant_min::run-4,29,q10_tenant_min,4,4,q04_event_oldest::run-1,q04_event_oldest,7ac514d1b6aff5b67e0ed359f81f5121c7bf970bcc0b492f338fd0abac46c36e,1ffceae8ec4dc807efe850ad847328743196a4fc73e3da8ce9c3268b0eb210fe,earlier_final_episode,7.0,0.41898941450784916,2.386689445329224,False,False,False,"{""increase_gac_work_mem"":0.0094718463899962,""mitigate_remote_path_bundle"":3.308023136004272,""regional_topk_candidates"":-0.0141705521924664}"
coordinator_physical,q10_tenant_min::run-4,29,q10_tenant_min,4,5,q09_tenant_max::run-3,q09_tenant_max,0a1845d5eee8a966fc7841a83bbfa0c28f21ecba6942182b9a8b2e287f92f63b,1ffceae8ec4dc807efe850ad847328743196a4fc73e3da8ce9c3268b0eb210fe,earlier_final_episode,24.0,0.5310532695949559,1.8830467190532465,False,False,False,"{""increase_gac_work_mem"":0.0235774955198211,""mitigate_remote_path_bundle"":1.8201093118769007,""regional_topk_candidates"":0.741129797923938}"
coordinator_physical,q10_tenant_min::run-5,30,q10_tenant_min,5,1,q04_event_oldest::run-4,q04_event_oldest,7ac514d1b6aff5b67e0ed359f81f5121c7bf970bcc0b492f338fd0abac46c36e,1ffceae8ec4dc807efe850ad847328743196a4fc73e3da8ce9c3268b0eb210fe,earlier_final_episode,10.0,0.41800159255448727,2.392329659700971,False,False,False,"{""increase_gac_work_mem"":0.0137676500397462,""mitigate_remote_path_bundle"":3.288965909245521,""regional_topk_candidates"":0.0523781778984862}"
coordinator_physical,q10_tenant_min::run-5,30,q10_tenant_min,5,2,q04_event_oldest::run-2,q04_event_oldest,7ac514d1b6aff5b67e0ed359f81f5121c7bf970bcc0b492f338fd0abac46c36e,1ffceae8ec4dc807efe850ad847328743196a4fc73e3da8ce9c3268b0eb210fe,earlier_final_episode,8.0,0.41871810650396263,2.388235894820664,False,False,False,"{""increase_gac_work_mem"":0.0105978840767133,""mitigate_remote_path_bundle"":3.3135646401821126,""regional_topk_candidates"":0.0442818066513621}"
coordinator_physical,q10_tenant_min::run-5,30,q10_tenant_min,5,3,q04_event_oldest::run-3,q04_event_oldest,7ac514d1b6aff5b67e0ed359f81f5121c7bf970bcc0b492f338fd0abac46c36e,1ffceae8ec4dc807efe850ad847328743196a4fc73e3da8ce9c3268b0eb210fe,earlier_final_episode,9.0,0.4189654590311773,2.386825910390085,False,False,False,"{""increase_gac_work_mem"":0.009230508233768,""mitigate_remote_path_bundle"":3.408545258460241,""regional_topk_candidates"":0.0366362612175297}"
coordinator_physical,q10_tenant_min::run-5,30,q10_tenant_min,5,4,q04_event_oldest::run-1,q04_event_oldest,7ac514d1b6aff5b67e0ed359f81f5121c7bf970bcc0b492f338fd0abac46c36e,1ffceae8ec4dc807efe850ad847328743196a4fc73e3da8ce9c3268b0eb210fe,earlier_final_episode,7.0,0.4312376927807221,2.318901380466998,False,False,False,"{""increase_gac_work_mem"":0.0094718463899962,""mitigate_remote_path_bundle"":3.308023136004272,""regional_topk_candidates"":-0.0141705521924664}"
coordinator_physical,q10_tenant_min::run-5,30,q10_tenant_min,5,5,q09_tenant_max::run-3,q09_tenant_max,0a1845d5eee8a966fc7841a83bbfa0c28f21ecba6942182b9a8b2e287f92f63b,1ffceae8ec4dc807efe850ad847328743196a4fc73e3da8ce9c3268b0eb210fe,earlier_final_episode,24.0,0.5444671677734398,1.8366546644763864,False,False,False,"{""increase_gac_work_mem"":0.0235774955198211,""mitigate_remote_path_bundle"":1.8201093118769007,""regional_topk_candidates"":0.741129797923938}"
coordinator_physical,q11_tenant_high_count::run-1,31,q11_tenant_high_count,1,1,q05_event_deviation::run-1,q05_event_deviation,bd5d33dbf428b5dfe5fde653651a56bf4036327ea0a4ea3cb42a933b2a2200b1,5e5d10fdfa8932055d31658300e8657de100e5a9a6617c3c715332b89e01839c,earlier_final_episode,11.0,0.5517524284397342,1.8124037812104434,False,False,False,"{""increase_gac_work_mem"":-0.2189988838292833,""mitigate_remote_path_bundle"":1.2254340435854414,""regional_topk_candidates"":1.6155677957074597}"
coordinator_physical,q11_tenant_high_count::run-1,31,q11_tenant_high_count,1,2,"reference::fuzzy-memory-topk-panel-v1::fuzzy_topk_memory_severe::raw-large-balanced-v1::{""cutoff_ts"":""2026-06-29 00:00:00+00"",""limit_k"":100}","fuzzy-memory-topk-panel-v1::fuzzy_topk_memory_severe::raw-large-balanced-v1::{""cutoff_ts"":""2026-06-29 00:00:00+00"",""limit_k"":100}",nan,5e5d10fdfa8932055d31658300e8657de100e5a9a6617c3c715332b89e01839c,development_reference,,0.5714098141663723,1.7500543833054574,False,False,False,"{""increase_gac_work_mem"":0.0274589574398124,""mitigate_remote_path_bundle"":1.3346582999179395,""regional_topk_candidates"":2.0868568298219983}"
coordinator_physical,q11_tenant_high_count::run-1,31,q11_tenant_high_count,1,3,q10_tenant_min::run-1,q10_tenant_min,1ffceae8ec4dc807efe850ad847328743196a4fc73e3da8ce9c3268b0eb210fe,5e5d10fdfa8932055d31658300e8657de100e5a9a6617c3c715332b89e01839c,earlier_final_episode,26.0,0.5962251439038346,1.6772159527464299,False,False,False,"{""increase_gac_work_mem"":-0.0152279019519483,""mitigate_remote_path_bundle"":3.3317455284481,""regional_topk_candidates"":1.5949990223674917}"
coordinator_physical,q11_tenant_high_count::run-1,31,q11_tenant_high_count,1,4,q05_event_deviation::run-4,q05_event_deviation,bd5d33dbf428b5dfe5fde653651a56bf4036327ea0a4ea3cb42a933b2a2200b1,5e5d10fdfa8932055d31658300e8657de100e5a9a6617c3c715332b89e01839c,earlier_final_episode,14.0,0.6403594642974056,1.5616204555932192,False,False,False,"{""increase_gac_work_mem"":0.0486061304280509,""mitigate_remote_path_bundle"":1.1748579673493134,""regional_topk_candidates"":1.6292173868977764}"
coordinator_physical,q11_tenant_high_count::run-1,31,q11_tenant_high_count,1,5,q05_event_deviation::run-3,q05_event_deviation,bd5d33dbf428b5dfe5fde653651a56bf4036327ea0a4ea3cb42a933b2a2200b1,5e5d10fdfa8932055d31658300e8657de100e5a9a6617c3c715332b89e01839c,earlier_final_episode,13.0,0.6448456335315349,1.5507563318171482,False,False,False,"{""increase_gac_work_mem"":-0.0316462744395453,""mitigate_remote_path_bundle"":1.047395285262899,""regional_topk_candidates"":1.5227227683950888}"
coordinator_physical,q12_tenant_user_sum::run-1,32,q12_tenant_user_sum,1,1,q08_tenant_avg::run-1,q08_tenant_avg,8e8d2f98539f4a009d76e2bafa2994da93c550be0df9a6a7019b81cb79140fb8,78f49b835f2ec263b24cbefa86d9c89533b4c254bff2e0e54dc23ae3e08a65f4,earlier_final_episode,19.0,0.5693397706447708,1.7564173366111009,False,False,False,"{""increase_gac_work_mem"":0.0206639435078385,""mitigate_remote_path_bundle"":1.3965019409035595,""regional_topk_candidates"":4.495349709290721}"
coordinator_physical,q12_tenant_user_sum::run-1,32,q12_tenant_user_sum,1,2,"reference::fuzzy-memory-topk-panel-v1::fuzzy_topk_memory_severe::raw-large-balanced-v1::{""cutoff_ts"":""2026-06-24 00:00:00+00"",""limit_k"":100}","fuzzy-memory-topk-panel-v1::fuzzy_topk_memory_severe::raw-large-balanced-v1::{""cutoff_ts"":""2026-06-24 00:00:00+00"",""limit_k"":100}",nan,78f49b835f2ec263b24cbefa86d9c89533b4c254bff2e0e54dc23ae3e08a65f4,development_reference,,0.7175077881654577,1.39371115238438,False,False,False,"{""increase_gac_work_mem"":0.0078718370666349,""mitigate_remote_path_bundle"":1.4283978240698936,""regional_topk_candidates"":3.251278574713406}"
coordinator_physical,q12_tenant_user_sum::run-1,32,q12_tenant_user_sum,1,3,q08_tenant_avg::run-3,q08_tenant_avg,8e8d2f98539f4a009d76e2bafa2994da93c550be0df9a6a7019b81cb79140fb8,78f49b835f2ec263b24cbefa86d9c89533b4c254bff2e0e54dc23ae3e08a65f4,earlier_final_episode,21.0,0.7328694514333683,1.3644976380807443,False,False,False,"{""increase_gac_work_mem"":0.0268770971362172,""mitigate_remote_path_bundle"":1.4095299228143046,""regional_topk_candidates"":4.231723759789755}"
coordinator_physical,q12_tenant_user_sum::run-1,32,q12_tenant_user_sum,1,4,q08_tenant_avg::run-2,q08_tenant_avg,8e8d2f98539f4a009d76e2bafa2994da93c550be0df9a6a7019b81cb79140fb8,78f49b835f2ec263b24cbefa86d9c89533b4c254bff2e0e54dc23ae3e08a65f4,earlier_final_episode,20.0,0.7385828816318757,1.3539423549164575,False,False,False,"{""increase_gac_work_mem"":0.0735851486077056,""mitigate_remote_path_bundle"":1.1931412104635313,""regional_topk_candidates"":4.607859831466466}"
coordinator_physical,q12_tenant_user_sum::run-1,32,q12_tenant_user_sum,1,5,"reference::fuzzy-memory-topk-panel-v1::fuzzy_topk_balanced::raw-large-balanced-v1::{""cutoff_ts"":""2026-06-29 00:00:00+00"",""limit_k"":100}","fuzzy-memory-topk-panel-v1::fuzzy_topk_balanced::raw-large-balanced-v1::{""cutoff_ts"":""2026-06-29 00:00:00+00"",""limit_k"":100}",nan,78f49b835f2ec263b24cbefa86d9c89533b4c254bff2e0e54dc23ae3e08a65f4,development_reference,,0.7411732847673345,1.3492103281941503,False,False,False,"{""increase_gac_work_mem"":0.0072951999589837,""mitigate_remote_path_bundle"":2.646928961962837,""regional_topk_candidates"":2.9074514602042885}"
coordinator_physical,q12_tenant_user_sum::run-2,33,q12_tenant_user_sum,2,1,q08_tenant_avg::run-3,q08_tenant_avg,8e8d2f98539f4a009d76e2bafa2994da93c550be0df9a6a7019b81cb79140fb8,78f49b835f2ec263b24cbefa86d9c89533b4c254bff2e0e54dc23ae3e08a65f4,earlier_final_episode,21.0,0.47662818292430637,2.0980670840686027,False,False,False,"{""increase_gac_work_mem"":0.0268770971362172,""mitigate_remote_path_bundle"":1.4095299228143046,""regional_topk_candidates"":4.231723759789755}"
coordinator_physical,q12_tenant_user_sum::run-2,33,q12_tenant_user_sum,2,2,q08_tenant_avg::run-2,q08_tenant_avg,8e8d2f98539f4a009d76e2bafa2994da93c550be0df9a6a7019b81cb79140fb8,78f49b835f2ec263b24cbefa86d9c89533b4c254bff2e0e54dc23ae3e08a65f4,earlier_final_episode,20.0,0.48339374604257757,2.068702666271676,False,False,False,"{""increase_gac_work_mem"":0.0735851486077056,""mitigate_remote_path_bundle"":1.1931412104635313,""regional_topk_candidates"":4.607859831466466}"
coordinator_physical,q12_tenant_user_sum::run-2,33,q12_tenant_user_sum,2,3,q08_tenant_avg::run-1,q08_tenant_avg,8e8d2f98539f4a009d76e2bafa2994da93c550be0df9a6a7019b81cb79140fb8,78f49b835f2ec263b24cbefa86d9c89533b4c254bff2e0e54dc23ae3e08a65f4,earlier_final_episode,19.0,0.6422326173759294,1.5570657980904994,False,False,False,"{""increase_gac_work_mem"":0.0206639435078385,""mitigate_remote_path_bundle"":1.3965019409035595,""regional_topk_candidates"":4.495349709290721}"
coordinator_physical,q12_tenant_user_sum::run-2,33,q12_tenant_user_sum,2,4,q05_event_deviation::run-5,q05_event_deviation,bd5d33dbf428b5dfe5fde653651a56bf4036327ea0a4ea3cb42a933b2a2200b1,78f49b835f2ec263b24cbefa86d9c89533b4c254bff2e0e54dc23ae3e08a65f4,earlier_final_episode,15.0,0.7478960173901777,1.3370824816089621,False,False,False,"{""increase_gac_work_mem"":0.1061461385855623,""mitigate_remote_path_bundle"":1.1903135901596489,""regional_topk_candidates"":1.7019159811692757}"
coordinator_physical,q12_tenant_user_sum::run-2,33,q12_tenant_user_sum,2,5,"reference::fuzzy-memory-topk-panel-v1::fuzzy_topk_balanced::raw-large-balanced-v1::{""cutoff_ts"":""2026-06-29 00:00:00+00"",""limit_k"":10000}","fuzzy-memory-topk-panel-v1::fuzzy_topk_balanced::raw-large-balanced-v1::{""cutoff_ts"":""2026-06-29 00:00:00+00"",""limit_k"":10000}",nan,78f49b835f2ec263b24cbefa86d9c89533b4c254bff2e0e54dc23ae3e08a65f4,development_reference,,0.7525120733243665,1.3288805675924191,False,False,False,"{""increase_gac_work_mem"":0.0128070569269704,""mitigate_remote_path_bundle"":2.640761425802023,""regional_topk_candidates"":2.3178971333467917}"
coordinator_physical,q13_tenant_user_count::run-1,34,q13_tenant_user_count,1,1,q06_tenant_sum::run-1,q06_tenant_sum,82a4b1652b8883fb8dad714052530b1788280c0ae3dd3cb8823fe3b0d8dea3ac,8abd4dad5be8a8b072675fe97f3c25d8b29f0a4ad601501d7ca205a8f9a80277,earlier_final_episode,16.0,0.3623909761676751,2.7594429947789743,False,False,False,"{""increase_gac_work_mem"":-0.0113274524048228,""mitigate_remote_path_bundle"":2.755693328342921,""regional_topk_candidates"":3.047649640005925}"
coordinator_physical,q13_tenant_user_count::run-1,34,q13_tenant_user_count,1,2,"reference::fuzzy-memory-topk-panel-v1::fuzzy_topk_balanced::raw-large-balanced-v1::{""cutoff_ts"":""2026-06-29 00:00:00+00"",""limit_k"":100}","fuzzy-memory-topk-panel-v1::fuzzy_topk_balanced::raw-large-balanced-v1::{""cutoff_ts"":""2026-06-29 00:00:00+00"",""limit_k"":100}",nan,8abd4dad5be8a8b072675fe97f3c25d8b29f0a4ad601501d7ca205a8f9a80277,development_reference,,0.4185531447946981,2.3891771529117283,False,False,False,"{""increase_gac_work_mem"":0.0072951999589837,""mitigate_remote_path_bundle"":2.646928961962837,""regional_topk_candidates"":2.9074514602042885}"
coordinator_physical,q13_tenant_user_count::run-1,34,q13_tenant_user_count,1,3,"reference::fuzzy-memory-topk-panel-v1::fuzzy_topk_transport_severe::raw-large-balanced-v1::{""cutoff_ts"":""2026-06-29 00:00:00+00"",""limit_k"":100}","fuzzy-memory-topk-panel-v1::fuzzy_topk_transport_severe::raw-large-balanced-v1::{""cutoff_ts"":""2026-06-29 00:00:00+00"",""limit_k"":100}",nan,8abd4dad5be8a8b072675fe97f3c25d8b29f0a4ad601501d7ca205a8f9a80277,development_reference,,0.5293718894536726,1.8890276021350987,False,False,False,"{""increase_gac_work_mem"":0.0081868930148983,""mitigate_remote_path_bundle"":4.360051703774939,""regional_topk_candidates"":4.127185858907333}"
coordinator_physical,q13_tenant_user_count::run-1,34,q13_tenant_user_count,1,4,q10_tenant_min::run-1,q10_tenant_min,1ffceae8ec4dc807efe850ad847328743196a4fc73e3da8ce9c3268b0eb210fe,8abd4dad5be8a8b072675fe97f3c25d8b29f0a4ad601501d7ca205a8f9a80277,earlier_final_episode,26.0,0.6746825099379015,1.482176435721752,False,False,False,"{""increase_gac_work_mem"":-0.0152279019519483,""mitigate_remote_path_bundle"":3.3317455284481,""regional_topk_candidates"":1.5949990223674917}"
coordinator_physical,q13_tenant_user_count::run-1,34,q13_tenant_user_count,1,5,"reference::fuzzy-memory-topk-panel-v1::fuzzy_topk_balanced::raw-large-balanced-v1::{""cutoff_ts"":""2026-06-24 00:00:00+00"",""limit_k"":100}","fuzzy-memory-topk-panel-v1::fuzzy_topk_balanced::raw-large-balanced-v1::{""cutoff_ts"":""2026-06-24 00:00:00+00"",""limit_k"":100}",nan,8abd4dad5be8a8b072675fe97f3c25d8b29f0a4ad601501d7ca205a8f9a80277,development_reference,,0.6847171839035938,1.4604548608581962,False,False,False,"{""increase_gac_work_mem"":-0.0218364506141406,""mitigate_remote_path_bundle"":2.898860761936939,""regional_topk_candidates"":4.405764321102397}"
coordinator_physical,q13_tenant_user_count::run-2,35,q13_tenant_user_count,2,1,q12_tenant_user_sum::run-1,q12_tenant_user_sum,78f49b835f2ec263b24cbefa86d9c89533b4c254bff2e0e54dc23ae3e08a65f4,8abd4dad5be8a8b072675fe97f3c25d8b29f0a4ad601501d7ca205a8f9a80277,earlier_final_episode,32.0,0.41199800874867926,2.427190305717467,False,False,False,"{""increase_gac_work_mem"":0.0620501007483585,""mitigate_remote_path_bundle"":2.60350925502538,""regional_topk_candidates"":2.722186807479819}"
coordinator_physical,q13_tenant_user_count::run-2,35,q13_tenant_user_count,2,2,q12_tenant_user_sum::run-2,q12_tenant_user_sum,78f49b835f2ec263b24cbefa86d9c89533b4c254bff2e0e54dc23ae3e08a65f4,8abd4dad5be8a8b072675fe97f3c25d8b29f0a4ad601501d7ca205a8f9a80277,earlier_final_episode,33.0,0.592024257756113,1.6891171227899768,False,False,False,"{""increase_gac_work_mem"":0.0468398291295993,""mitigate_remote_path_bundle"":2.3849689300931085,""regional_topk_candidates"":2.642596705948222}"
coordinator_physical,q13_tenant_user_count::run-2,35,q13_tenant_user_count,2,3,q10_tenant_min::run-5,q10_tenant_min,1ffceae8ec4dc807efe850ad847328743196a4fc73e3da8ce9c3268b0eb210fe,8abd4dad5be8a8b072675fe97f3c25d8b29f0a4ad601501d7ca205a8f9a80277,earlier_final_episode,30.0,0.6085560981927375,1.643231182365221,False,False,False,"{""increase_gac_work_mem"":0.0597814596106214,""mitigate_remote_path_bundle"":3.4915839085451066,""regional_topk_candidates"":1.7150745043587334}"
coordinator_physical,q13_tenant_user_count::run-2,35,q13_tenant_user_count,2,4,q10_tenant_min::run-3,q10_tenant_min,1ffceae8ec4dc807efe850ad847328743196a4fc73e3da8ce9c3268b0eb210fe,8abd4dad5be8a8b072675fe97f3c25d8b29f0a4ad601501d7ca205a8f9a80277,earlier_final_episode,28.0,0.6160383491229753,1.6232729312237124,False,False,False,"{""increase_gac_work_mem"":0.0360130863917107,""mitigate_remote_path_bundle"":3.5011137901178766,""regional_topk_candidates"":1.6725292573066506}"
coordinator_physical,q13_tenant_user_count::run-2,35,q13_tenant_user_count,2,5,q10_tenant_min::run-2,q10_tenant_min,1ffceae8ec4dc807efe850ad847328743196a4fc73e3da8ce9c3268b0eb210fe,8abd4dad5be8a8b072675fe97f3c25d8b29f0a4ad601501d7ca205a8f9a80277,earlier_final_episode,27.0,0.6214209793534438,1.6092124727233599,False,False,False,"{""increase_gac_work_mem"":-0.0055403245600634,""mitigate_remote_path_bundle"":3.4653048889107207,""regional_topk_candidates"":1.6670659134424273}"
coordinator_physical,q13_tenant_user_count::run-3,36,q13_tenant_user_count,3,1,q12_tenant_user_sum::run-1,q12_tenant_user_sum,78f49b835f2ec263b24cbefa86d9c89533b4c254bff2e0e54dc23ae3e08a65f4,8abd4dad5be8a8b072675fe97f3c25d8b29f0a4ad601501d7ca205a8f9a80277,earlier_final_episode,32.0,0.41837224685768837,2.390210195108758,False,False,False,"{""increase_gac_work_mem"":0.0620501007483585,""mitigate_remote_path_bundle"":2.60350925502538,""regional_topk_candidates"":2.722186807479819}"
coordinator_physical,q13_tenant_user_count::run-3,36,q13_tenant_user_count,3,2,q12_tenant_user_sum::run-2,q12_tenant_user_sum,78f49b835f2ec263b24cbefa86d9c89533b4c254bff2e0e54dc23ae3e08a65f4,8abd4dad5be8a8b072675fe97f3c25d8b29f0a4ad601501d7ca205a8f9a80277,earlier_final_episode,33.0,0.6010375819711922,1.6637867018791983,False,False,False,"{""increase_gac_work_mem"":0.0468398291295993,""mitigate_remote_path_bundle"":2.3849689300931085,""regional_topk_candidates"":2.642596705948222}"
coordinator_physical,q13_tenant_user_count::run-3,36,q13_tenant_user_count,3,3,q10_tenant_min::run-5,q10_tenant_min,1ffceae8ec4dc807efe850ad847328743196a4fc73e3da8ce9c3268b0eb210fe,8abd4dad5be8a8b072675fe97f3c25d8b29f0a4ad601501d7ca205a8f9a80277,earlier_final_episode,30.0,0.607595747746106,1.6458284276693758,False,False,False,"{""increase_gac_work_mem"":0.0597814596106214,""mitigate_remote_path_bundle"":3.4915839085451066,""regional_topk_candidates"":1.7150745043587334}"
coordinator_physical,q13_tenant_user_count::run-3,36,q13_tenant_user_count,3,4,q10_tenant_min::run-3,q10_tenant_min,1ffceae8ec4dc807efe850ad847328743196a4fc73e3da8ce9c3268b0eb210fe,8abd4dad5be8a8b072675fe97f3c25d8b29f0a4ad601501d7ca205a8f9a80277,earlier_final_episode,28.0,0.6147953364607271,1.6265549104550974,False,False,False,"{""increase_gac_work_mem"":0.0360130863917107,""mitigate_remote_path_bundle"":3.5011137901178766,""regional_topk_candidates"":1.6725292573066506}"
coordinator_physical,q13_tenant_user_count::run-3,36,q13_tenant_user_count,3,5,q10_tenant_min::run-2,q10_tenant_min,1ffceae8ec4dc807efe850ad847328743196a4fc73e3da8ce9c3268b0eb210fe,8abd4dad5be8a8b072675fe97f3c25d8b29f0a4ad601501d7ca205a8f9a80277,earlier_final_episode,27.0,0.6200918024641435,1.6126618403344946,False,False,False,"{""increase_gac_work_mem"":-0.0055403245600634,""mitigate_remote_path_bundle"":3.4653048889107207,""regional_topk_candidates"":1.6670659134424273}"
coordinator_physical,q14_tenant_day_sum::run-1,37,q14_tenant_day_sum,1,1,"reference::fuzzy-memory-topk-panel-v1::fuzzy_topk_memory_severe::raw-large-balanced-v1::{""cutoff_ts"":""2026-06-24 00:00:00+00"",""limit_k"":100}","fuzzy-memory-topk-panel-v1::fuzzy_topk_memory_severe::raw-large-balanced-v1::{""cutoff_ts"":""2026-06-24 00:00:00+00"",""limit_k"":100}",nan,44073d33245743b2bdd8be67d3286ec8caaa2e4cceb2969efcfaa87d76883995,development_reference,,0.5662643073470933,1.765956676182262,False,False,False,"{""increase_gac_work_mem"":0.0078718370666349,""mitigate_remote_path_bundle"":1.4283978240698936,""regional_topk_candidates"":3.251278574713406}"
coordinator_physical,q14_tenant_day_sum::run-1,37,q14_tenant_day_sum,1,2,q08_tenant_avg::run-1,q08_tenant_avg,8e8d2f98539f4a009d76e2bafa2994da93c550be0df9a6a7019b81cb79140fb8,44073d33245743b2bdd8be67d3286ec8caaa2e4cceb2969efcfaa87d76883995,earlier_final_episode,19.0,0.7096421742097859,1.409158907381216,False,False,False,"{""increase_gac_work_mem"":0.0206639435078385,""mitigate_remote_path_bundle"":1.3965019409035595,""regional_topk_candidates"":4.495349709290721}"
coordinator_physical,q14_tenant_day_sum::run-1,37,q14_tenant_day_sum,1,3,q12_tenant_user_sum::run-1,q12_tenant_user_sum,78f49b835f2ec263b24cbefa86d9c89533b4c254bff2e0e54dc23ae3e08a65f4,44073d33245743b2bdd8be67d3286ec8caaa2e4cceb2969efcfaa87d76883995,earlier_final_episode,32.0,0.8069962023211688,1.239161668867868,False,False,False,"{""increase_gac_work_mem"":0.0620501007483585,""mitigate_remote_path_bundle"":2.60350925502538,""regional_topk_candidates"":2.722186807479819}"
coordinator_physical,q14_tenant_day_sum::run-1,37,q14_tenant_day_sum,1,4,"reference::fuzzy-memory-topk-panel-v1::fuzzy_topk_memory_severe::raw-large-balanced-v1::{""cutoff_ts"":""2026-06-29 00:00:00+00"",""limit_k"":100}","fuzzy-memory-topk-panel-v1::fuzzy_topk_memory_severe::raw-large-balanced-v1::{""cutoff_ts"":""2026-06-29 00:00:00+00"",""limit_k"":100}",nan,44073d33245743b2bdd8be67d3286ec8caaa2e4cceb2969efcfaa87d76883995,development_reference,,0.8128925862625549,1.230173317761929,False,False,False,"{""increase_gac_work_mem"":0.0274589574398124,""mitigate_remote_path_bundle"":1.3346582999179395,""regional_topk_candidates"":2.0868568298219983}"
coordinator_physical,q14_tenant_day_sum::run-1,37,q14_tenant_day_sum,1,5,"reference::fuzzy-memory-topk-panel-v1::fuzzy_topk_balanced::raw-large-balanced-v1::{""cutoff_ts"":""2026-06-29 00:00:00+00"",""limit_k"":100}","fuzzy-memory-topk-panel-v1::fuzzy_topk_balanced::raw-large-balanced-v1::{""cutoff_ts"":""2026-06-29 00:00:00+00"",""limit_k"":100}",nan,44073d33245743b2bdd8be67d3286ec8caaa2e4cceb2969efcfaa87d76883995,development_reference,,0.9379393658345654,1.0661658634450761,False,False,False,"{""increase_gac_work_mem"":0.0072951999589837,""mitigate_remote_path_bundle"":2.646928961962837,""regional_topk_candidates"":2.9074514602042885}"
coordinator_physical,q14_tenant_day_sum::run-2,38,q14_tenant_day_sum,2,1,q12_tenant_user_sum::run-2,q12_tenant_user_sum,78f49b835f2ec263b24cbefa86d9c89533b4c254bff2e0e54dc23ae3e08a65f4,44073d33245743b2bdd8be67d3286ec8caaa2e4cceb2969efcfaa87d76883995,earlier_final_episode,33.0,0.5926830671901004,1.6872395519943257,False,False,False,"{""increase_gac_work_mem"":0.0468398291295993,""mitigate_remote_path_bundle"":2.3849689300931085,""regional_topk_candidates"":2.642596705948222}"
coordinator_physical,q14_tenant_day_sum::run-2,38,q14_tenant_day_sum,2,2,q08_tenant_avg::run-3,q08_tenant_avg,8e8d2f98539f4a009d76e2bafa2994da93c550be0df9a6a7019b81cb79140fb8,44073d33245743b2bdd8be67d3286ec8caaa2e4cceb2969efcfaa87d76883995,earlier_final_episode,21.0,0.595896077430436,1.6781421454726604,False,False,False,"{""increase_gac_work_mem"":0.0268770971362172,""mitigate_remote_path_bundle"":1.4095299228143046,""regional_topk_candidates"":4.231723759789755}"
coordinator_physical,q14_tenant_day_sum::run-2,38,q14_tenant_day_sum,2,3,q08_tenant_avg::run-2,q08_tenant_avg,8e8d2f98539f4a009d76e2bafa2994da93c550be0df9a6a7019b81cb79140fb8,44073d33245743b2bdd8be67d3286ec8caaa2e4cceb2969efcfaa87d76883995,earlier_final_episode,20.0,0.5971289625106341,1.6746773111091227,False,False,False,"{""increase_gac_work_mem"":0.0735851486077056,""mitigate_remote_path_bundle"":1.1931412104635313,""regional_topk_candidates"":4.607859831466466}"
coordinator_physical,q14_tenant_day_sum::run-2,38,q14_tenant_day_sum,2,4,q08_tenant_avg::run-1,q08_tenant_avg,8e8d2f98539f4a009d76e2bafa2994da93c550be0df9a6a7019b81cb79140fb8,44073d33245743b2bdd8be67d3286ec8caaa2e4cceb2969efcfaa87d76883995,earlier_final_episode,19.0,0.6291230120711515,1.5895117350677497,False,False,False,"{""increase_gac_work_mem"":0.0206639435078385,""mitigate_remote_path_bundle"":1.3965019409035595,""regional_topk_candidates"":4.495349709290721}"
coordinator_physical,q14_tenant_day_sum::run-2,38,q14_tenant_day_sum,2,5,q12_tenant_user_sum::run-1,q12_tenant_user_sum,78f49b835f2ec263b24cbefa86d9c89533b4c254bff2e0e54dc23ae3e08a65f4,44073d33245743b2bdd8be67d3286ec8caaa2e4cceb2969efcfaa87d76883995,earlier_final_episode,32.0,0.8536368593389566,1.1714569463617557,False,False,False,"{""increase_gac_work_mem"":0.0620501007483585,""mitigate_remote_path_bundle"":2.60350925502538,""regional_topk_candidates"":2.722186807479819}"
coordinator_physical,q14_tenant_day_sum::run-3,39,q14_tenant_day_sum,3,1,q12_tenant_user_sum::run-2,q12_tenant_user_sum,78f49b835f2ec263b24cbefa86d9c89533b4c254bff2e0e54dc23ae3e08a65f4,44073d33245743b2bdd8be67d3286ec8caaa2e4cceb2969efcfaa87d76883995,earlier_final_episode,33.0,0.46980713879710395,2.1285284724108835,False,False,False,"{""increase_gac_work_mem"":0.0468398291295993,""mitigate_remote_path_bundle"":2.3849689300931085,""regional_topk_candidates"":2.642596705948222}"
coordinator_physical,q14_tenant_day_sum::run-3,39,q14_tenant_day_sum,3,2,q08_tenant_avg::run-3,q08_tenant_avg,8e8d2f98539f4a009d76e2bafa2994da93c550be0df9a6a7019b81cb79140fb8,44073d33245743b2bdd8be67d3286ec8caaa2e4cceb2969efcfaa87d76883995,earlier_final_episode,21.0,0.5138150992737907,1.9462216178382972,False,False,False,"{""increase_gac_work_mem"":0.0268770971362172,""mitigate_remote_path_bundle"":1.4095299228143046,""regional_topk_candidates"":4.231723759789755}"
coordinator_physical,q14_tenant_day_sum::run-3,39,q14_tenant_day_sum,3,3,q08_tenant_avg::run-2,q08_tenant_avg,8e8d2f98539f4a009d76e2bafa2994da93c550be0df9a6a7019b81cb79140fb8,44073d33245743b2bdd8be67d3286ec8caaa2e4cceb2969efcfaa87d76883995,earlier_final_episode,20.0,0.5165760027418803,1.9358198191019222,False,False,False,"{""increase_gac_work_mem"":0.0735851486077056,""mitigate_remote_path_bundle"":1.1931412104635313,""regional_topk_candidates"":4.607859831466466}"
coordinator_physical,q14_tenant_day_sum::run-3,39,q14_tenant_day_sum,3,4,q08_tenant_avg::run-1,q08_tenant_avg,8e8d2f98539f4a009d76e2bafa2994da93c550be0df9a6a7019b81cb79140fb8,44073d33245743b2bdd8be67d3286ec8caaa2e4cceb2969efcfaa87d76883995,earlier_final_episode,19.0,0.5516820339636556,1.8126350430161664,False,False,False,"{""increase_gac_work_mem"":0.0206639435078385,""mitigate_remote_path_bundle"":1.3965019409035595,""regional_topk_candidates"":4.495349709290721}"
coordinator_physical,q14_tenant_day_sum::run-3,39,q14_tenant_day_sum,3,5,q12_tenant_user_sum::run-1,q12_tenant_user_sum,78f49b835f2ec263b24cbefa86d9c89533b4c254bff2e0e54dc23ae3e08a65f4,44073d33245743b2bdd8be67d3286ec8caaa2e4cceb2969efcfaa87d76883995,earlier_final_episode,32.0,0.7292322199272135,1.371303408393562,False,False,False,"{""increase_gac_work_mem"":0.0620501007483585,""mitigate_remote_path_bundle"":2.60350925502538,""regional_topk_candidates"":2.722186807479819}"
coordinator_physical,q14_tenant_day_sum::run-4,40,q14_tenant_day_sum,4,1,q12_tenant_user_sum::run-2,q12_tenant_user_sum,78f49b835f2ec263b24cbefa86d9c89533b4c254bff2e0e54dc23ae3e08a65f4,44073d33245743b2bdd8be67d3286ec8caaa2e4cceb2969efcfaa87d76883995,earlier_final_episode,33.0,0.4375239508481425,2.28558393769658,False,False,False,"{""increase_gac_work_mem"":0.0468398291295993,""mitigate_remote_path_bundle"":2.3849689300931085,""regional_topk_candidates"":2.642596705948222}"
coordinator_physical,q14_tenant_day_sum::run-4,40,q14_tenant_day_sum,4,2,q08_tenant_avg::run-3,q08_tenant_avg,8e8d2f98539f4a009d76e2bafa2994da93c550be0df9a6a7019b81cb79140fb8,44073d33245743b2bdd8be67d3286ec8caaa2e4cceb2969efcfaa87d76883995,earlier_final_episode,21.0,0.49808261145828076,2.007695047568855,False,False,False,"{""increase_gac_work_mem"":0.0268770971362172,""mitigate_remote_path_bundle"":1.4095299228143046,""regional_topk_candidates"":4.231723759789755}"
coordinator_physical,q14_tenant_day_sum::run-4,40,q14_tenant_day_sum,4,3,q08_tenant_avg::run-2,q08_tenant_avg,8e8d2f98539f4a009d76e2bafa2994da93c550be0df9a6a7019b81cb79140fb8,44073d33245743b2bdd8be67d3286ec8caaa2e4cceb2969efcfaa87d76883995,earlier_final_episode,20.0,0.5013591667782885,1.9945740931632887,False,False,False,"{""increase_gac_work_mem"":0.0735851486077056,""mitigate_remote_path_bundle"":1.1931412104635313,""regional_topk_candidates"":4.607859831466466}"
coordinator_physical,q14_tenant_day_sum::run-4,40,q14_tenant_day_sum,4,4,q08_tenant_avg::run-1,q08_tenant_avg,8e8d2f98539f4a009d76e2bafa2994da93c550be0df9a6a7019b81cb79140fb8,44073d33245743b2bdd8be67d3286ec8caaa2e4cceb2969efcfaa87d76883995,earlier_final_episode,19.0,0.5369170527151915,1.8624816113799967,False,False,False,"{""increase_gac_work_mem"":0.0206639435078385,""mitigate_remote_path_bundle"":1.3965019409035595,""regional_topk_candidates"":4.495349709290721}"
coordinator_physical,q14_tenant_day_sum::run-4,40,q14_tenant_day_sum,4,5,q12_tenant_user_sum::run-1,q12_tenant_user_sum,78f49b835f2ec263b24cbefa86d9c89533b4c254bff2e0e54dc23ae3e08a65f4,44073d33245743b2bdd8be67d3286ec8caaa2e4cceb2969efcfaa87d76883995,earlier_final_episode,32.0,0.6958593443141746,1.4370699640681193,False,False,False,"{""increase_gac_work_mem"":0.0620501007483585,""mitigate_remote_path_bundle"":2.60350925502538,""regional_topk_candidates"":2.722186807479819}"
coordinator_physical,q15_tenant_day_count::run-1,41,q15_tenant_day_count,1,1,q07_tenant_count::run-1,q07_tenant_count,e2883a3d8a1df39316eb339275178d1251674b54de02a31a771e6d2aeced7e7b,0a85603a4adfceca9159f8d60d621bb9b8b84fb3eb21b6d02815abb8ca0c6ca9,earlier_final_episode,17.0,0.48859922034176684,2.046663014806908,False,False,False,"{""increase_gac_work_mem"":0.0095142040035063,""mitigate_remote_path_bundle"":4.358137982011629,""regional_topk_candidates"":5.78740087138428}"
coordinator_physical,q15_tenant_day_count::run-1,41,q15_tenant_day_count,1,2,q08_tenant_avg::run-1,q08_tenant_avg,8e8d2f98539f4a009d76e2bafa2994da93c550be0df9a6a7019b81cb79140fb8,0a85603a4adfceca9159f8d60d621bb9b8b84fb3eb21b6d02815abb8ca0c6ca9,earlier_final_episode,19.0,0.5539082488315852,1.8053498873857,False,False,False,"{""increase_gac_work_mem"":0.0206639435078385,""mitigate_remote_path_bundle"":1.3965019409035595,""regional_topk_candidates"":4.495349709290721}"
coordinator_physical,q15_tenant_day_count::run-1,41,q15_tenant_day_count,1,3,"reference::fuzzy-memory-topk-panel-v1::fuzzy_topk_balanced::raw-large-balanced-v1::{""cutoff_ts"":""2026-06-24 00:00:00+00"",""limit_k"":100}","fuzzy-memory-topk-panel-v1::fuzzy_topk_balanced::raw-large-balanced-v1::{""cutoff_ts"":""2026-06-24 00:00:00+00"",""limit_k"":100}",nan,0a85603a4adfceca9159f8d60d621bb9b8b84fb3eb21b6d02815abb8ca0c6ca9,development_reference,,0.5793363833916252,1.7261099122340113,False,False,False,"{""increase_gac_work_mem"":-0.0218364506141406,""mitigate_remote_path_bundle"":2.898860761936939,""regional_topk_candidates"":4.405764321102397}"
coordinator_physical,q15_tenant_day_count::run-1,41,q15_tenant_day_count,1,4,"reference::fuzzy-memory-topk-panel-v1::fuzzy_topk_transport_severe::raw-large-balanced-v1::{""cutoff_ts"":""2026-06-24 00:00:00+00"",""limit_k"":100}","fuzzy-memory-topk-panel-v1::fuzzy_topk_transport_severe::raw-large-balanced-v1::{""cutoff_ts"":""2026-06-24 00:00:00+00"",""limit_k"":100}",nan,0a85603a4adfceca9159f8d60d621bb9b8b84fb3eb21b6d02815abb8ca0c6ca9,development_reference,,0.6576152124682285,1.5206437752601987,False,False,False,"{""increase_gac_work_mem"":0.0051622454887038,""mitigate_remote_path_bundle"":4.594851458801552,""regional_topk_candidates"":5.689366145087311}"
coordinator_physical,q15_tenant_day_count::run-1,41,q15_tenant_day_count,1,5,q12_tenant_user_sum::run-1,q12_tenant_user_sum,78f49b835f2ec263b24cbefa86d9c89533b4c254bff2e0e54dc23ae3e08a65f4,0a85603a4adfceca9159f8d60d621bb9b8b84fb3eb21b6d02815abb8ca0c6ca9,earlier_final_episode,32.0,0.6926127306173288,1.443806202208404,False,False,False,"{""increase_gac_work_mem"":0.0620501007483585,""mitigate_remote_path_bundle"":2.60350925502538,""regional_topk_candidates"":2.722186807479819}"
coordinator_physical,q15_tenant_day_count::run-2,42,q15_tenant_day_count,2,1,q07_tenant_count::run-2,q07_tenant_count,e2883a3d8a1df39316eb339275178d1251674b54de02a31a771e6d2aeced7e7b,0a85603a4adfceca9159f8d60d621bb9b8b84fb3eb21b6d02815abb8ca0c6ca9,earlier_final_episode,18.0,0.4817891092753803,2.075592629960825,False,False,False,"{""increase_gac_work_mem"":0.0058933650242485,""mitigate_remote_path_bundle"":4.322867216809753,""regional_topk_candidates"":5.944838229402522}"
coordinator_physical,q15_tenant_day_count::run-2,42,q15_tenant_day_count,2,2,q08_tenant_avg::run-3,q08_tenant_avg,8e8d2f98539f4a009d76e2bafa2994da93c550be0df9a6a7019b81cb79140fb8,0a85603a4adfceca9159f8d60d621bb9b8b84fb3eb21b6d02815abb8ca0c6ca9,earlier_final_episode,21.0,0.4921214234402495,2.0320147027834303,False,False,False,"{""increase_gac_work_mem"":0.0268770971362172,""mitigate_remote_path_bundle"":1.4095299228143046,""regional_topk_candidates"":4.231723759789755}"
coordinator_physical,q15_tenant_day_count::run-2,42,q15_tenant_day_count,2,3,q08_tenant_avg::run-2,q08_tenant_avg,8e8d2f98539f4a009d76e2bafa2994da93c550be0df9a6a7019b81cb79140fb8,0a85603a4adfceca9159f8d60d621bb9b8b84fb3eb21b6d02815abb8ca0c6ca9,earlier_final_episode,20.0,0.49223270376976325,2.0315553208598223,False,False,False,"{""increase_gac_work_mem"":0.0735851486077056,""mitigate_remote_path_bundle"":1.1931412104635313,""regional_topk_candidates"":4.607859831466466}"
coordinator_physical,q15_tenant_day_count::run-2,42,q15_tenant_day_count,2,4,q08_tenant_avg::run-1,q08_tenant_avg,8e8d2f98539f4a009d76e2bafa2994da93c550be0df9a6a7019b81cb79140fb8,0a85603a4adfceca9159f8d60d621bb9b8b84fb3eb21b6d02815abb8ca0c6ca9,earlier_final_episode,19.0,0.6119926473481913,1.6340038893100701,False,False,False,"{""increase_gac_work_mem"":0.0206639435078385,""mitigate_remote_path_bundle"":1.3965019409035595,""regional_topk_candidates"":4.495349709290721}"
coordinator_physical,q15_tenant_day_count::run-2,42,q15_tenant_day_count,2,5,q12_tenant_user_sum::run-2,q12_tenant_user_sum,78f49b835f2ec263b24cbefa86d9c89533b4c254bff2e0e54dc23ae3e08a65f4,0a85603a4adfceca9159f8d60d621bb9b8b84fb3eb21b6d02815abb8ca0c6ca9,earlier_final_episode,33.0,0.7374542460258962,1.356014490898183,False,False,False,"{""increase_gac_work_mem"":0.0468398291295993,""mitigate_remote_path_bundle"":2.3849689300931085,""regional_topk_candidates"":2.642596705948222}"
coordinator_physical,q15_tenant_day_count::run-3,43,q15_tenant_day_count,3,1,q07_tenant_count::run-2,q07_tenant_count,e2883a3d8a1df39316eb339275178d1251674b54de02a31a771e6d2aeced7e7b,0a85603a4adfceca9159f8d60d621bb9b8b84fb3eb21b6d02815abb8ca0c6ca9,earlier_final_episode,18.0,0.478586620695854,2.089481542681831,False,False,False,"{""increase_gac_work_mem"":0.0058933650242485,""mitigate_remote_path_bundle"":4.322867216809753,""regional_topk_candidates"":5.944838229402522}"
coordinator_physical,q15_tenant_day_count::run-3,43,q15_tenant_day_count,3,2,q08_tenant_avg::run-3,q08_tenant_avg,8e8d2f98539f4a009d76e2bafa2994da93c550be0df9a6a7019b81cb79140fb8,0a85603a4adfceca9159f8d60d621bb9b8b84fb3eb21b6d02815abb8ca0c6ca9,earlier_final_episode,21.0,0.4966694375075757,2.013407532403712,False,False,False,"{""increase_gac_work_mem"":0.0268770971362172,""mitigate_remote_path_bundle"":1.4095299228143046,""regional_topk_candidates"":4.231723759789755}"
coordinator_physical,q15_tenant_day_count::run-3,43,q15_tenant_day_count,3,3,q08_tenant_avg::run-2,q08_tenant_avg,8e8d2f98539f4a009d76e2bafa2994da93c550be0df9a6a7019b81cb79140fb8,0a85603a4adfceca9159f8d60d621bb9b8b84fb3eb21b6d02815abb8ca0c6ca9,earlier_final_episode,20.0,0.4968567923296593,2.012648317964815,False,False,False,"{""increase_gac_work_mem"":0.0735851486077056,""mitigate_remote_path_bundle"":1.1931412104635313,""regional_topk_candidates"":4.607859831466466}"
coordinator_physical,q15_tenant_day_count::run-3,43,q15_tenant_day_count,3,4,q08_tenant_avg::run-1,q08_tenant_avg,8e8d2f98539f4a009d76e2bafa2994da93c550be0df9a6a7019b81cb79140fb8,0a85603a4adfceca9159f8d60d621bb9b8b84fb3eb21b6d02815abb8ca0c6ca9,earlier_final_episode,19.0,0.6156308828963588,1.6243473214793673,False,False,False,"{""increase_gac_work_mem"":0.0206639435078385,""mitigate_remote_path_bundle"":1.3965019409035595,""regional_topk_candidates"":4.495349709290721}"
coordinator_physical,q15_tenant_day_count::run-3,43,q15_tenant_day_count,3,5,q12_tenant_user_sum::run-2,q12_tenant_user_sum,78f49b835f2ec263b24cbefa86d9c89533b4c254bff2e0e54dc23ae3e08a65f4,0a85603a4adfceca9159f8d60d621bb9b8b84fb3eb21b6d02815abb8ca0c6ca9,earlier_final_episode,33.0,0.7388384927727721,1.3534739409328609,False,False,False,"{""increase_gac_work_mem"":0.0468398291295993,""mitigate_remote_path_bundle"":2.3849689300931085,""regional_topk_candidates"":2.642596705948222}"
coordinator_physical,q15_tenant_day_count::run-4,44,q15_tenant_day_count,4,1,q07_tenant_count::run-2,q07_tenant_count,e2883a3d8a1df39316eb339275178d1251674b54de02a31a771e6d2aeced7e7b,0a85603a4adfceca9159f8d60d621bb9b8b84fb3eb21b6d02815abb8ca0c6ca9,earlier_final_episode,18.0,0.4810301747703894,2.078867342594438,False,False,False,"{""increase_gac_work_mem"":0.0058933650242485,""mitigate_remote_path_bundle"":4.322867216809753,""regional_topk_candidates"":5.944838229402522}"
coordinator_physical,q15_tenant_day_count::run-4,44,q15_tenant_day_count,4,2,q08_tenant_avg::run-3,q08_tenant_avg,8e8d2f98539f4a009d76e2bafa2994da93c550be0df9a6a7019b81cb79140fb8,0a85603a4adfceca9159f8d60d621bb9b8b84fb3eb21b6d02815abb8ca0c6ca9,earlier_final_episode,21.0,0.4942828792840424,2.0231288980099342,False,False,False,"{""increase_gac_work_mem"":0.0268770971362172,""mitigate_remote_path_bundle"":1.4095299228143046,""regional_topk_candidates"":4.231723759789755}"
coordinator_physical,q15_tenant_day_count::run-4,44,q15_tenant_day_count,4,3,q08_tenant_avg::run-2,q08_tenant_avg,8e8d2f98539f4a009d76e2bafa2994da93c550be0df9a6a7019b81cb79140fb8,0a85603a4adfceca9159f8d60d621bb9b8b84fb3eb21b6d02815abb8ca0c6ca9,earlier_final_episode,20.0,0.49451108822849593,2.022195258324882,False,False,False,"{""increase_gac_work_mem"":0.0735851486077056,""mitigate_remote_path_bundle"":1.1931412104635313,""regional_topk_candidates"":4.607859831466466}"
coordinator_physical,q15_tenant_day_count::run-4,44,q15_tenant_day_count,4,4,q08_tenant_avg::run-1,q08_tenant_avg,8e8d2f98539f4a009d76e2bafa2994da93c550be0df9a6a7019b81cb79140fb8,0a85603a4adfceca9159f8d60d621bb9b8b84fb3eb21b6d02815abb8ca0c6ca9,earlier_final_episode,19.0,0.6136654163182932,1.6295498228492356,False,False,False,"{""increase_gac_work_mem"":0.0206639435078385,""mitigate_remote_path_bundle"":1.3965019409035595,""regional_topk_candidates"":4.495349709290721}"
coordinator_physical,q15_tenant_day_count::run-4,44,q15_tenant_day_count,4,5,q12_tenant_user_sum::run-2,q12_tenant_user_sum,78f49b835f2ec263b24cbefa86d9c89533b4c254bff2e0e54dc23ae3e08a65f4,0a85603a4adfceca9159f8d60d621bb9b8b84fb3eb21b6d02815abb8ca0c6ca9,earlier_final_episode,33.0,0.7357177871404247,1.3592149846910633,False,False,False,"{""increase_gac_work_mem"":0.0468398291295993,""mitigate_remote_path_bundle"":2.3849689300931085,""regional_topk_candidates"":2.642596705948222}"
coordinator_physical,q15_tenant_day_count::run-5,45,q15_tenant_day_count,5,1,q08_tenant_avg::run-2,q08_tenant_avg,8e8d2f98539f4a009d76e2bafa2994da93c550be0df9a6a7019b81cb79140fb8,0a85603a4adfceca9159f8d60d621bb9b8b84fb3eb21b6d02815abb8ca0c6ca9,earlier_final_episode,20.0,0.4666777646238115,2.14280159245321,False,False,False,"{""increase_gac_work_mem"":0.0735851486077056,""mitigate_remote_path_bundle"":1.1931412104635313,""regional_topk_candidates"":4.607859831466466}"
coordinator_physical,q15_tenant_day_count::run-5,45,q15_tenant_day_count,5,2,q08_tenant_avg::run-3,q08_tenant_avg,8e8d2f98539f4a009d76e2bafa2994da93c550be0df9a6a7019b81cb79140fb8,0a85603a4adfceca9159f8d60d621bb9b8b84fb3eb21b6d02815abb8ca0c6ca9,earlier_final_episode,21.0,0.46688751780822446,2.141838922692788,False,False,False,"{""increase_gac_work_mem"":0.0268770971362172,""mitigate_remote_path_bundle"":1.4095299228143046,""regional_topk_candidates"":4.231723759789755}"
coordinator_physical,q15_tenant_day_count::run-5,45,q15_tenant_day_count,5,3,q07_tenant_count::run-2,q07_tenant_count,e2883a3d8a1df39316eb339275178d1251674b54de02a31a771e6d2aeced7e7b,0a85603a4adfceca9159f8d60d621bb9b8b84fb3eb21b6d02815abb8ca0c6ca9,earlier_final_episode,18.0,0.5019505947670221,1.9922239722420727,False,False,False,"{""increase_gac_work_mem"":0.0058933650242485,""mitigate_remote_path_bundle"":4.322867216809753,""regional_topk_candidates"":5.944838229402522}"
coordinator_physical,q15_tenant_day_count::run-5,45,q15_tenant_day_count,5,4,q08_tenant_avg::run-1,q08_tenant_avg,8e8d2f98539f4a009d76e2bafa2994da93c550be0df9a6a7019b81cb79140fb8,0a85603a4adfceca9159f8d60d621bb9b8b84fb3eb21b6d02815abb8ca0c6ca9,earlier_final_episode,19.0,0.5919468670588551,1.6893379563450202,False,False,False,"{""increase_gac_work_mem"":0.0206639435078385,""mitigate_remote_path_bundle"":1.3965019409035595,""regional_topk_candidates"":4.495349709290721}"
coordinator_physical,q15_tenant_day_count::run-5,45,q15_tenant_day_count,5,5,q12_tenant_user_sum::run-2,q12_tenant_user_sum,78f49b835f2ec263b24cbefa86d9c89533b4c254bff2e0e54dc23ae3e08a65f4,0a85603a4adfceca9159f8d60d621bb9b8b84fb3eb21b6d02815abb8ca0c6ca9,earlier_final_episode,33.0,0.7266389825529976,1.37619732468694,False,False,False,"{""increase_gac_work_mem"":0.0468398291295993,""mitigate_remote_path_bundle"":2.3849689300931085,""regional_topk_candidates"":2.642596705948222}"
full_multilayer,q01_event_value_desc::run-1,1,q01_event_value_desc,1,1,"reference::fuzzy-memory-topk-panel-v1::fuzzy_topk_transport_severe::raw-small-balanced-v1::{""cutoff_ts"":""2026-06-29 00:00:00+00"",""limit_k"":100}","fuzzy-memory-topk-panel-v1::fuzzy_topk_transport_severe::raw-small-balanced-v1::{""cutoff_ts"":""2026-06-29 00:00:00+00"",""limit_k"":100}",,ad7f1beefcb86b44e6bcd60f1e092a838d67200996b3cf5a69df119b546d5ed5,development_reference,,1.3066471783160638,0.7653169511082508,False,False,False,"{""increase_gac_work_mem"":0.0044125939297464,""mitigate_remote_path_bundle"":2.703776598899469,""regional_topk_candidates"":0.2612314581242365}"
full_multilayer,q01_event_value_desc::run-1,1,q01_event_value_desc,1,2,"reference::fuzzy-memory-topk-panel-v1::fuzzy_topk_transport_severe::raw-small-balanced-v1::{""cutoff_ts"":""2026-06-24 00:00:00+00"",""limit_k"":100}","fuzzy-memory-topk-panel-v1::fuzzy_topk_transport_severe::raw-small-balanced-v1::{""cutoff_ts"":""2026-06-24 00:00:00+00"",""limit_k"":100}",,ad7f1beefcb86b44e6bcd60f1e092a838d67200996b3cf5a69df119b546d5ed5,development_reference,,1.3960102549258415,0.7163266030065938,False,False,False,"{""increase_gac_work_mem"":-0.0190705540866633,""mitigate_remote_path_bundle"":3.203301466828472,""regional_topk_candidates"":0.7633310432797628}"
full_multilayer,q01_event_value_desc::run-1,1,q01_event_value_desc,1,3,"reference::fuzzy-memory-topk-panel-v1::fuzzy_topk_balanced::raw-small-balanced-v1::{""cutoff_ts"":""2026-06-29 00:00:00+00"",""limit_k"":100}","fuzzy-memory-topk-panel-v1::fuzzy_topk_balanced::raw-small-balanced-v1::{""cutoff_ts"":""2026-06-29 00:00:00+00"",""limit_k"":100}",,ad7f1beefcb86b44e6bcd60f1e092a838d67200996b3cf5a69df119b546d5ed5,development_reference,,1.4036395020608134,0.7124331326517069,False,False,False,"{""increase_gac_work_mem"":0.0157288694887206,""mitigate_remote_path_bundle"":1.88707770205566,""regional_topk_candidates"":0.229469143231732}"
full_multilayer,q01_event_value_desc::run-1,1,q01_event_value_desc,1,4,"reference::fuzzy-memory-topk-panel-v1::fuzzy_topk_memory_severe::raw-small-balanced-v1::{""cutoff_ts"":""2026-06-29 00:00:00+00"",""limit_k"":100}","fuzzy-memory-topk-panel-v1::fuzzy_topk_memory_severe::raw-small-balanced-v1::{""cutoff_ts"":""2026-06-29 00:00:00+00"",""limit_k"":100}",,ad7f1beefcb86b44e6bcd60f1e092a838d67200996b3cf5a69df119b546d5ed5,development_reference,,1.564282736536852,0.6392702146311944,False,False,False,"{""increase_gac_work_mem"":0.0698044793371713,""mitigate_remote_path_bundle"":0.5693747863972122,""regional_topk_candidates"":0.0315669702360576}"
full_multilayer,q01_event_value_desc::run-1,1,q01_event_value_desc,1,5,"reference::fuzzy-memory-topk-panel-v1::fuzzy_topk_balanced::raw-small-balanced-v1::{""cutoff_ts"":""2026-06-24 00:00:00+00"",""limit_k"":100}","fuzzy-memory-topk-panel-v1::fuzzy_topk_balanced::raw-small-balanced-v1::{""cutoff_ts"":""2026-06-24 00:00:00+00"",""limit_k"":100}",,ad7f1beefcb86b44e6bcd60f1e092a838d67200996b3cf5a69df119b546d5ed5,development_reference,,1.591529778889585,0.6283258943303016,False,False,False,"{""increase_gac_work_mem"":0.0558843856774697,""mitigate_remote_path_bundle"":1.990176655943472,""regional_topk_candidates"":0.44208027974939}"
full_multilayer,q02_event_value_asc::run-1,2,q02_event_value_asc,1,1,"reference::fuzzy-memory-topk-panel-v1::fuzzy_topk_memory_severe::raw-small-balanced-v1::{""cutoff_ts"":""2026-06-29 00:00:00+00"",""limit_k"":100}","fuzzy-memory-topk-panel-v1::fuzzy_topk_memory_severe::raw-small-balanced-v1::{""cutoff_ts"":""2026-06-29 00:00:00+00"",""limit_k"":100}",nan,5456d57953fe990f1580484e462a435d7cf573381f761e43b638485f128031d7,development_reference,,0.5608011143596758,1.7831601814515277,False,False,False,"{""increase_gac_work_mem"":0.0698044793371713,""mitigate_remote_path_bundle"":0.5693747863972122,""regional_topk_candidates"":0.0315669702360576}"
full_multilayer,q02_event_value_asc::run-1,2,q02_event_value_asc,1,2,"reference::fuzzy-memory-topk-panel-v1::fuzzy_topk_memory_severe::raw-small-balanced-v1::{""cutoff_ts"":""2026-06-24 00:00:00+00"",""limit_k"":100}","fuzzy-memory-topk-panel-v1::fuzzy_topk_memory_severe::raw-small-balanced-v1::{""cutoff_ts"":""2026-06-24 00:00:00+00"",""limit_k"":100}",nan,5456d57953fe990f1580484e462a435d7cf573381f761e43b638485f128031d7,development_reference,,0.786897951352881,1.2708111991771545,False,False,False,"{""increase_gac_work_mem"":0.0086254015965442,""mitigate_remote_path_bundle"":0.9391484986059694,""regional_topk_candidates"":0.3098490437160227}"
full_multilayer,q02_event_value_asc::run-1,2,q02_event_value_asc,1,3,"reference::fuzzy-memory-topk-panel-v1::fuzzy_topk_balanced::raw-small-balanced-v1::{""cutoff_ts"":""2026-06-24 00:00:00+00"",""limit_k"":100}","fuzzy-memory-topk-panel-v1::fuzzy_topk_balanced::raw-small-balanced-v1::{""cutoff_ts"":""2026-06-24 00:00:00+00"",""limit_k"":100}",nan,5456d57953fe990f1580484e462a435d7cf573381f761e43b638485f128031d7,development_reference,,1.308495028385548,0.7642361752017105,False,False,False,"{""increase_gac_work_mem"":0.0558843856774697,""mitigate_remote_path_bundle"":1.990176655943472,""regional_topk_candidates"":0.44208027974939}"
full_multilayer,q02_event_value_asc::run-1,2,q02_event_value_asc,1,4,"reference::fuzzy-memory-topk-panel-v1::fuzzy_topk_balanced::raw-small-balanced-v1::{""cutoff_ts"":""2026-06-29 00:00:00+00"",""limit_k"":100}","fuzzy-memory-topk-panel-v1::fuzzy_topk_balanced::raw-small-balanced-v1::{""cutoff_ts"":""2026-06-29 00:00:00+00"",""limit_k"":100}",nan,5456d57953fe990f1580484e462a435d7cf573381f761e43b638485f128031d7,development_reference,,1.4608315366543887,0.6845411605427468,False,False,False,"{""increase_gac_work_mem"":0.0157288694887206,""mitigate_remote_path_bundle"":1.88707770205566,""regional_topk_candidates"":0.229469143231732}"
full_multilayer,q02_event_value_asc::run-1,2,q02_event_value_asc,1,5,q01_event_value_desc::run-1,q01_event_value_desc,ad7f1beefcb86b44e6bcd60f1e092a838d67200996b3cf5a69df119b546d5ed5,5456d57953fe990f1580484e462a435d7cf573381f761e43b638485f128031d7,earlier_final_episode,1.0,1.5030665309169853,0.665306101975288,False,False,False,"{""increase_gac_work_mem"":0.0389910134517095,""mitigate_remote_path_bundle"":2.4389637619025195,""regional_topk_candidates"":0.148442525949881}"
full_multilayer,q02_event_value_asc::run-2,3,q02_event_value_asc,2,1,"reference::fuzzy-memory-topk-panel-v1::fuzzy_topk_memory_severe::raw-small-balanced-v1::{""cutoff_ts"":""2026-06-29 00:00:00+00"",""limit_k"":100}","fuzzy-memory-topk-panel-v1::fuzzy_topk_memory_severe::raw-small-balanced-v1::{""cutoff_ts"":""2026-06-29 00:00:00+00"",""limit_k"":100}",nan,5456d57953fe990f1580484e462a435d7cf573381f761e43b638485f128031d7,development_reference,,0.8406466471524044,1.189559030334984,False,False,False,"{""increase_gac_work_mem"":0.0698044793371713,""mitigate_remote_path_bundle"":0.5693747863972122,""regional_topk_candidates"":0.0315669702360576}"
full_multilayer,q02_event_value_asc::run-2,3,q02_event_value_asc,2,2,"reference::fuzzy-memory-topk-panel-v1::fuzzy_topk_memory_severe::raw-small-balanced-v1::{""cutoff_ts"":""2026-06-29 00:00:00+00"",""limit_k"":10000}","fuzzy-memory-topk-panel-v1::fuzzy_topk_memory_severe::raw-small-balanced-v1::{""cutoff_ts"":""2026-06-29 00:00:00+00"",""limit_k"":10000}",nan,5456d57953fe990f1580484e462a435d7cf573381f761e43b638485f128031d7,development_reference,,1.024470151439377,0.9761133816164612,False,False,False,"{""increase_gac_work_mem"":-0.015044477780739,""mitigate_remote_path_bundle"":0.9739774093355236,""regional_topk_candidates"":-0.0135301914052389}"
full_multilayer,q02_event_value_asc::run-2,3,q02_event_value_asc,2,3,"reference::fuzzy-memory-topk-panel-v1::fuzzy_topk_memory_severe::raw-small-balanced-v1::{""cutoff_ts"":""2026-06-24 00:00:00+00"",""limit_k"":100}","fuzzy-memory-topk-panel-v1::fuzzy_topk_memory_severe::raw-small-balanced-v1::{""cutoff_ts"":""2026-06-24 00:00:00+00"",""limit_k"":100}",nan,5456d57953fe990f1580484e462a435d7cf573381f761e43b638485f128031d7,development_reference,,1.1649033730248637,0.8584395622134523,False,False,False,"{""increase_gac_work_mem"":0.0086254015965442,""mitigate_remote_path_bundle"":0.9391484986059694,""regional_topk_candidates"":0.3098490437160227}"
full_multilayer,q02_event_value_asc::run-2,3,q02_event_value_asc,2,4,"reference::fuzzy-memory-topk-panel-v1::fuzzy_topk_balanced::raw-small-balanced-v1::{""cutoff_ts"":""2026-06-24 00:00:00+00"",""limit_k"":100}","fuzzy-memory-topk-panel-v1::fuzzy_topk_balanced::raw-small-balanced-v1::{""cutoff_ts"":""2026-06-24 00:00:00+00"",""limit_k"":100}",nan,5456d57953fe990f1580484e462a435d7cf573381f761e43b638485f128031d7,development_reference,,1.4217802302088929,0.7033430873560461,False,False,False,"{""increase_gac_work_mem"":0.0558843856774697,""mitigate_remote_path_bundle"":1.990176655943472,""regional_topk_candidates"":0.44208027974939}"
full_multilayer,q02_event_value_asc::run-2,3,q02_event_value_asc,2,5,"reference::fuzzy-memory-topk-panel-v1::fuzzy_topk_balanced::raw-small-balanced-v1::{""cutoff_ts"":""2026-06-29 00:00:00+00"",""limit_k"":100}","fuzzy-memory-topk-panel-v1::fuzzy_topk_balanced::raw-small-balanced-v1::{""cutoff_ts"":""2026-06-29 00:00:00+00"",""limit_k"":100}",nan,5456d57953fe990f1580484e462a435d7cf573381f761e43b638485f128031d7,development_reference,,1.5329102612784462,0.6523534827228037,False,False,False,"{""increase_gac_work_mem"":0.0157288694887206,""mitigate_remote_path_bundle"":1.88707770205566,""regional_topk_candidates"":0.229469143231732}"
full_multilayer,q03_event_recent::run-1,4,q03_event_recent,1,1,"reference::fuzzy-memory-topk-panel-v1::fuzzy_topk_balanced::raw-small-balanced-v1::{""cutoff_ts"":""2026-06-24 00:00:00+00"",""limit_k"":100}","fuzzy-memory-topk-panel-v1::fuzzy_topk_balanced::raw-small-balanced-v1::{""cutoff_ts"":""2026-06-24 00:00:00+00"",""limit_k"":100}",nan,76893bdca8771bf15968c663228c2bb3475ab41d7df033a16ad555cc74a679a3,development_reference,,0.8707501206017914,1.1484337789986219,False,False,False,"{""increase_gac_work_mem"":0.0558843856774697,""mitigate_remote_path_bundle"":1.990176655943472,""regional_topk_candidates"":0.44208027974939}"
full_multilayer,q03_event_recent::run-1,4,q03_event_recent,1,2,"reference::fuzzy-memory-topk-panel-v1::fuzzy_topk_transport_severe::raw-small-balanced-v1::{""cutoff_ts"":""2026-06-24 00:00:00+00"",""limit_k"":100}","fuzzy-memory-topk-panel-v1::fuzzy_topk_transport_severe::raw-small-balanced-v1::{""cutoff_ts"":""2026-06-24 00:00:00+00"",""limit_k"":100}",nan,76893bdca8771bf15968c663228c2bb3475ab41d7df033a16ad555cc74a679a3,development_reference,,1.3795075512465522,0.7248958327198332,False,False,False,"{""increase_gac_work_mem"":-0.0190705540866633,""mitigate_remote_path_bundle"":3.203301466828472,""regional_topk_candidates"":0.7633310432797628}"
full_multilayer,q03_event_recent::run-1,4,q03_event_recent,1,3,"reference::fuzzy-memory-topk-panel-v1::fuzzy_topk_transport_severe::raw-small-balanced-v1::{""cutoff_ts"":""2026-06-29 00:00:00+00"",""limit_k"":100}","fuzzy-memory-topk-panel-v1::fuzzy_topk_transport_severe::raw-small-balanced-v1::{""cutoff_ts"":""2026-06-29 00:00:00+00"",""limit_k"":100}",nan,76893bdca8771bf15968c663228c2bb3475ab41d7df033a16ad555cc74a679a3,development_reference,,1.3819583307963828,0.7236102956978693,False,False,False,"{""increase_gac_work_mem"":0.0044125939297464,""mitigate_remote_path_bundle"":2.703776598899469,""regional_topk_candidates"":0.2612314581242365}"
full_multilayer,q03_event_recent::run-1,4,q03_event_recent,1,4,"reference::fuzzy-memory-topk-panel-v1::fuzzy_topk_balanced::raw-small-balanced-v1::{""cutoff_ts"":""2026-06-29 00:00:00+00"",""limit_k"":100}","fuzzy-memory-topk-panel-v1::fuzzy_topk_balanced::raw-small-balanced-v1::{""cutoff_ts"":""2026-06-29 00:00:00+00"",""limit_k"":100}",nan,76893bdca8771bf15968c663228c2bb3475ab41d7df033a16ad555cc74a679a3,development_reference,,1.4075556534405986,0.7104509772701677,False,False,False,"{""increase_gac_work_mem"":0.0157288694887206,""mitigate_remote_path_bundle"":1.88707770205566,""regional_topk_candidates"":0.229469143231732}"
full_multilayer,q03_event_recent::run-1,4,q03_event_recent,1,5,"reference::fuzzy-memory-topk-panel-v1::fuzzy_topk_balanced::raw-small-balanced-v1::{""cutoff_ts"":""2026-06-29 00:00:00+00"",""limit_k"":10000}","fuzzy-memory-topk-panel-v1::fuzzy_topk_balanced::raw-small-balanced-v1::{""cutoff_ts"":""2026-06-29 00:00:00+00"",""limit_k"":10000}",nan,76893bdca8771bf15968c663228c2bb3475ab41d7df033a16ad555cc74a679a3,development_reference,,1.5442777860570664,0.6475514712944108,False,False,False,"{""increase_gac_work_mem"":0.0150523391068186,""mitigate_remote_path_bundle"":1.8226091557332909,""regional_topk_candidates"":0.005319769899148}"
full_multilayer,q03_event_recent::run-2,5,q03_event_recent,2,1,"reference::fuzzy-memory-topk-panel-v1::fuzzy_topk_balanced::raw-small-balanced-v1::{""cutoff_ts"":""2026-06-24 00:00:00+00"",""limit_k"":100}","fuzzy-memory-topk-panel-v1::fuzzy_topk_balanced::raw-small-balanced-v1::{""cutoff_ts"":""2026-06-24 00:00:00+00"",""limit_k"":100}",nan,76893bdca8771bf15968c663228c2bb3475ab41d7df033a16ad555cc74a679a3,development_reference,,1.043797947205948,0.9580389045963407,False,False,False,"{""increase_gac_work_mem"":0.0558843856774697,""mitigate_remote_path_bundle"":1.990176655943472,""regional_topk_candidates"":0.44208027974939}"
full_multilayer,q03_event_recent::run-2,5,q03_event_recent,2,2,q02_event_value_asc::run-2,q02_event_value_asc,5456d57953fe990f1580484e462a435d7cf573381f761e43b638485f128031d7,76893bdca8771bf15968c663228c2bb3475ab41d7df033a16ad555cc74a679a3,earlier_final_episode,3.0,1.212725646354413,0.8245881320461688,False,False,False,"{""increase_gac_work_mem"":-0.0663499323728781,""mitigate_remote_path_bundle"":0.8193133052714852,""regional_topk_candidates"":0.0124944675739018}"
full_multilayer,q03_event_recent::run-2,5,q03_event_recent,2,3,"reference::fuzzy-memory-topk-panel-v1::fuzzy_topk_memory_severe::raw-small-balanced-v1::{""cutoff_ts"":""2026-06-29 00:00:00+00"",""limit_k"":10000}","fuzzy-memory-topk-panel-v1::fuzzy_topk_memory_severe::raw-small-balanced-v1::{""cutoff_ts"":""2026-06-29 00:00:00+00"",""limit_k"":10000}",nan,76893bdca8771bf15968c663228c2bb3475ab41d7df033a16ad555cc74a679a3,development_reference,,1.2752309076779418,0.7841710938843203,False,False,False,"{""increase_gac_work_mem"":-0.015044477780739,""mitigate_remote_path_bundle"":0.9739774093355236,""regional_topk_candidates"":-0.0135301914052389}"
full_multilayer,q03_event_recent::run-2,5,q03_event_recent,2,4,"reference::fuzzy-memory-topk-panel-v1::fuzzy_topk_memory_severe::raw-small-balanced-v1::{""cutoff_ts"":""2026-06-24 00:00:00+00"",""limit_k"":10000}","fuzzy-memory-topk-panel-v1::fuzzy_topk_memory_severe::raw-small-balanced-v1::{""cutoff_ts"":""2026-06-24 00:00:00+00"",""limit_k"":10000}",nan,76893bdca8771bf15968c663228c2bb3475ab41d7df033a16ad555cc74a679a3,development_reference,,1.3389777378671726,0.7468378486673182,False,False,False,"{""increase_gac_work_mem"":0.0101926057030704,""mitigate_remote_path_bundle"":1.0427700797437711,""regional_topk_candidates"":0.0219723083596032}"
full_multilayer,q03_event_recent::run-2,5,q03_event_recent,2,5,"reference::fuzzy-memory-topk-panel-v1::fuzzy_topk_balanced::raw-small-balanced-v1::{""cutoff_ts"":""2026-06-24 00:00:00+00"",""limit_k"":10000}","fuzzy-memory-topk-panel-v1::fuzzy_topk_balanced::raw-small-balanced-v1::{""cutoff_ts"":""2026-06-24 00:00:00+00"",""limit_k"":10000}",nan,76893bdca8771bf15968c663228c2bb3475ab41d7df033a16ad555cc74a679a3,development_reference,,1.353077356144112,0.7390554992319257,False,False,False,"{""increase_gac_work_mem"":0.0038033844690445,""mitigate_remote_path_bundle"":1.872867747284601,""regional_topk_candidates"":0.0197799321236082}"
full_multilayer,q03_event_recent::run-3,6,q03_event_recent,3,1,"reference::fuzzy-memory-topk-panel-v1::fuzzy_topk_balanced::raw-small-balanced-v1::{""cutoff_ts"":""2026-06-24 00:00:00+00"",""limit_k"":100}","fuzzy-memory-topk-panel-v1::fuzzy_topk_balanced::raw-small-balanced-v1::{""cutoff_ts"":""2026-06-24 00:00:00+00"",""limit_k"":100}",nan,76893bdca8771bf15968c663228c2bb3475ab41d7df033a16ad555cc74a679a3,development_reference,,1.0796610620793914,0.9262157439097518,False,False,False,"{""increase_gac_work_mem"":0.0558843856774697,""mitigate_remote_path_bundle"":1.990176655943472,""regional_topk_candidates"":0.44208027974939}"
full_multilayer,q03_event_recent::run-3,6,q03_event_recent,3,2,"reference::fuzzy-memory-topk-panel-v1::fuzzy_topk_balanced::raw-small-balanced-v1::{""cutoff_ts"":""2026-06-24 00:00:00+00"",""limit_k"":10000}","fuzzy-memory-topk-panel-v1::fuzzy_topk_balanced::raw-small-balanced-v1::{""cutoff_ts"":""2026-06-24 00:00:00+00"",""limit_k"":10000}",nan,76893bdca8771bf15968c663228c2bb3475ab41d7df033a16ad555cc74a679a3,development_reference,,1.224743458838186,0.8164968559634207,False,False,False,"{""increase_gac_work_mem"":0.0038033844690445,""mitigate_remote_path_bundle"":1.872867747284601,""regional_topk_candidates"":0.0197799321236082}"
full_multilayer,q03_event_recent::run-3,6,q03_event_recent,3,3,"reference::fuzzy-memory-topk-panel-v1::fuzzy_topk_memory_severe::raw-small-balanced-v1::{""cutoff_ts"":""2026-06-29 00:00:00+00"",""limit_k"":10000}","fuzzy-memory-topk-panel-v1::fuzzy_topk_memory_severe::raw-small-balanced-v1::{""cutoff_ts"":""2026-06-29 00:00:00+00"",""limit_k"":10000}",nan,76893bdca8771bf15968c663228c2bb3475ab41d7df033a16ad555cc74a679a3,development_reference,,1.2927873677165507,0.77352181143639,False,False,False,"{""increase_gac_work_mem"":-0.015044477780739,""mitigate_remote_path_bundle"":0.9739774093355236,""regional_topk_candidates"":-0.0135301914052389}"
full_multilayer,q03_event_recent::run-3,6,q03_event_recent,3,4,"reference::fuzzy-memory-topk-panel-v1::fuzzy_topk_memory_severe::raw-small-balanced-v1::{""cutoff_ts"":""2026-06-24 00:00:00+00"",""limit_k"":10000}","fuzzy-memory-topk-panel-v1::fuzzy_topk_memory_severe::raw-small-balanced-v1::{""cutoff_ts"":""2026-06-24 00:00:00+00"",""limit_k"":10000}",nan,76893bdca8771bf15968c663228c2bb3475ab41d7df033a16ad555cc74a679a3,development_reference,,1.3078664927517336,0.7646034522167189,False,False,False,"{""increase_gac_work_mem"":0.0101926057030704,""mitigate_remote_path_bundle"":1.0427700797437711,""regional_topk_candidates"":0.0219723083596032}"
full_multilayer,q03_event_recent::run-3,6,q03_event_recent,3,5,"reference::fuzzy-memory-topk-panel-v1::fuzzy_topk_transport_severe::raw-small-balanced-v1::{""cutoff_ts"":""2026-06-24 00:00:00+00"",""limit_k"":10000}","fuzzy-memory-topk-panel-v1::fuzzy_topk_transport_severe::raw-small-balanced-v1::{""cutoff_ts"":""2026-06-24 00:00:00+00"",""limit_k"":10000}",nan,76893bdca8771bf15968c663228c2bb3475ab41d7df033a16ad555cc74a679a3,development_reference,,1.340649028256384,0.745906820514952,False,False,False,"{""increase_gac_work_mem"":-0.0118498816152615,""mitigate_remote_path_bundle"":3.052887007483651,""regional_topk_candidates"":-0.0192520534769867}"
full_multilayer,q04_event_oldest::run-1,7,q04_event_oldest,1,1,q03_event_recent::run-2,q03_event_recent,76893bdca8771bf15968c663228c2bb3475ab41d7df033a16ad555cc74a679a3,7ac514d1b6aff5b67e0ed359f81f5121c7bf970bcc0b492f338fd0abac46c36e,earlier_final_episode,5.0,1.1513246307934586,0.8685640041825791,False,False,False,"{""increase_gac_work_mem"":-0.1048447833628063,""mitigate_remote_path_bundle"":1.9117449342238144,""regional_topk_candidates"":-0.0141682721267147}"
full_multilayer,q04_event_oldest::run-1,7,q04_event_oldest,1,2,q03_event_recent::run-3,q03_event_recent,76893bdca8771bf15968c663228c2bb3475ab41d7df033a16ad555cc74a679a3,7ac514d1b6aff5b67e0ed359f81f5121c7bf970bcc0b492f338fd0abac46c36e,earlier_final_episode,6.0,1.215728652640998,0.8225512948768204,False,False,False,"{""increase_gac_work_mem"":-0.0002791294905142,""mitigate_remote_path_bundle"":1.9700639210944435,""regional_topk_candidates"":-0.0585418455250905}"
full_multilayer,q04_event_oldest::run-1,7,q04_event_oldest,1,3,q03_event_recent::run-1,q03_event_recent,76893bdca8771bf15968c663228c2bb3475ab41d7df033a16ad555cc74a679a3,7ac514d1b6aff5b67e0ed359f81f5121c7bf970bcc0b492f338fd0abac46c36e,earlier_final_episode,4.0,1.2358091539945262,0.8091857772552574,False,False,False,"{""increase_gac_work_mem"":0.0074479246782218,""mitigate_remote_path_bundle"":2.074180777894477,""regional_topk_candidates"":0.0486212889871827}"
full_multilayer,q04_event_oldest::run-1,7,q04_event_oldest,1,4,"reference::cross-action-pilot-v1::pilot_gac_topk::raw-small-balanced-v1::{""cutoff_ts"":""2026-06-01 00:00:00+00"",""limit_k"":5000}","cross-action-pilot-v1::pilot_gac_topk::raw-small-balanced-v1::{""cutoff_ts"":""2026-06-01 00:00:00+00"",""limit_k"":5000}",nan,7ac514d1b6aff5b67e0ed359f81f5121c7bf970bcc0b492f338fd0abac46c36e,development_reference,,1.3035701232096346,0.7671234673700151,False,False,False,"{""increase_gac_work_mem"":0.0106406666902462,""mitigate_remote_path_bundle"":3.733324190801565,""regional_topk_candidates"":1.5442528549456571}"
full_multilayer,q04_event_oldest::run-1,7,q04_event_oldest,1,5,"reference::fuzzy-memory-topk-panel-v1::fuzzy_topk_transport_severe::raw-small-balanced-v1::{""cutoff_ts"":""2026-06-24 00:00:00+00"",""limit_k"":100}","fuzzy-memory-topk-panel-v1::fuzzy_topk_transport_severe::raw-small-balanced-v1::{""cutoff_ts"":""2026-06-24 00:00:00+00"",""limit_k"":100}",nan,7ac514d1b6aff5b67e0ed359f81f5121c7bf970bcc0b492f338fd0abac46c36e,development_reference,,1.3662172033697066,0.7319475011631025,False,False,False,"{""increase_gac_work_mem"":-0.0190705540866633,""mitigate_remote_path_bundle"":3.203301466828472,""regional_topk_candidates"":0.7633310432797628}"
full_multilayer,q04_event_oldest::run-2,8,q04_event_oldest,2,1,"reference::cross-action-pilot-v1::pilot_gac_topk::raw-small-balanced-v1::{""cutoff_ts"":""2026-06-01 00:00:00+00"",""limit_k"":5000}","cross-action-pilot-v1::pilot_gac_topk::raw-small-balanced-v1::{""cutoff_ts"":""2026-06-01 00:00:00+00"",""limit_k"":5000}",nan,7ac514d1b6aff5b67e0ed359f81f5121c7bf970bcc0b492f338fd0abac46c36e,development_reference,,1.0785307904757038,0.9271863924928295,False,False,False,"{""increase_gac_work_mem"":0.0106406666902462,""mitigate_remote_path_bundle"":3.733324190801565,""regional_topk_candidates"":1.5442528549456571}"
full_multilayer,q04_event_oldest::run-2,8,q04_event_oldest,2,2,q03_event_recent::run-1,q03_event_recent,76893bdca8771bf15968c663228c2bb3475ab41d7df033a16ad555cc74a679a3,7ac514d1b6aff5b67e0ed359f81f5121c7bf970bcc0b492f338fd0abac46c36e,earlier_final_episode,4.0,1.2532845466836555,0.7979027625796216,False,False,False,"{""increase_gac_work_mem"":0.0074479246782218,""mitigate_remote_path_bundle"":2.074180777894477,""regional_topk_candidates"":0.0486212889871827}"
full_multilayer,q04_event_oldest::run-2,8,q04_event_oldest,2,3,q03_event_recent::run-3,q03_event_recent,76893bdca8771bf15968c663228c2bb3475ab41d7df033a16ad555cc74a679a3,7ac514d1b6aff5b67e0ed359f81f5121c7bf970bcc0b492f338fd0abac46c36e,earlier_final_episode,6.0,1.2749811436801888,0.7843247099238089,False,False,False,"{""increase_gac_work_mem"":-0.0002791294905142,""mitigate_remote_path_bundle"":1.9700639210944435,""regional_topk_candidates"":-0.0585418455250905}"
full_multilayer,q04_event_oldest::run-2,8,q04_event_oldest,2,4,"reference::fuzzy-memory-topk-panel-v1::fuzzy_topk_transport_severe::raw-small-balanced-v1::{""cutoff_ts"":""2026-06-24 00:00:00+00"",""limit_k"":10000}","fuzzy-memory-topk-panel-v1::fuzzy_topk_transport_severe::raw-small-balanced-v1::{""cutoff_ts"":""2026-06-24 00:00:00+00"",""limit_k"":10000}",nan,7ac514d1b6aff5b67e0ed359f81f5121c7bf970bcc0b492f338fd0abac46c36e,development_reference,,1.326635465262174,0.7537860040673441,False,False,False,"{""increase_gac_work_mem"":-0.0118498816152615,""mitigate_remote_path_bundle"":3.052887007483651,""regional_topk_candidates"":-0.0192520534769867}"
full_multilayer,q04_event_oldest::run-2,8,q04_event_oldest,2,5,q03_event_recent::run-2,q03_event_recent,76893bdca8771bf15968c663228c2bb3475ab41d7df033a16ad555cc74a679a3,7ac514d1b6aff5b67e0ed359f81f5121c7bf970bcc0b492f338fd0abac46c36e,earlier_final_episode,5.0,1.339638463488996,0.7464694996335589,False,False,False,"{""increase_gac_work_mem"":-0.1048447833628063,""mitigate_remote_path_bundle"":1.9117449342238144,""regional_topk_candidates"":-0.0141682721267147}"
full_multilayer,q04_event_oldest::run-3,9,q04_event_oldest,3,1,"reference::cross-action-pilot-v1::pilot_gac_topk::raw-small-balanced-v1::{""cutoff_ts"":""2026-06-01 00:00:00+00"",""limit_k"":5000}","cross-action-pilot-v1::pilot_gac_topk::raw-small-balanced-v1::{""cutoff_ts"":""2026-06-01 00:00:00+00"",""limit_k"":5000}",nan,7ac514d1b6aff5b67e0ed359f81f5121c7bf970bcc0b492f338fd0abac46c36e,development_reference,,1.0612453681149396,0.9422882659907429,False,False,False,"{""increase_gac_work_mem"":0.0106406666902462,""mitigate_remote_path_bundle"":3.733324190801565,""regional_topk_candidates"":1.5442528549456571}"
full_multilayer,q04_event_oldest::run-3,9,q04_event_oldest,3,2,q03_event_recent::run-1,q03_event_recent,76893bdca8771bf15968c663228c2bb3475ab41d7df033a16ad555cc74a679a3,7ac514d1b6aff5b67e0ed359f81f5121c7bf970bcc0b492f338fd0abac46c36e,earlier_final_episode,4.0,1.2777365387078237,0.7826333419078384,False,False,False,"{""increase_gac_work_mem"":0.0074479246782218,""mitigate_remote_path_bundle"":2.074180777894477,""regional_topk_candidates"":0.0486212889871827}"
full_multilayer,q04_event_oldest::run-3,9,q04_event_oldest,3,3,q03_event_recent::run-3,q03_event_recent,76893bdca8771bf15968c663228c2bb3475ab41d7df033a16ad555cc74a679a3,7ac514d1b6aff5b67e0ed359f81f5121c7bf970bcc0b492f338fd0abac46c36e,earlier_final_episode,6.0,1.308245561743362,0.7643819057069836,False,False,False,"{""increase_gac_work_mem"":-0.0002791294905142,""mitigate_remote_path_bundle"":1.9700639210944435,""regional_topk_candidates"":-0.0585418455250905}"
full_multilayer,q04_event_oldest::run-3,9,q04_event_oldest,3,4,"reference::fuzzy-memory-topk-panel-v1::fuzzy_topk_transport_severe::raw-small-balanced-v1::{""cutoff_ts"":""2026-06-24 00:00:00+00"",""limit_k"":10000}","fuzzy-memory-topk-panel-v1::fuzzy_topk_transport_severe::raw-small-balanced-v1::{""cutoff_ts"":""2026-06-24 00:00:00+00"",""limit_k"":10000}",nan,7ac514d1b6aff5b67e0ed359f81f5121c7bf970bcc0b492f338fd0abac46c36e,development_reference,,1.3525308259782471,0.7393541362893469,False,False,False,"{""increase_gac_work_mem"":-0.0118498816152615,""mitigate_remote_path_bundle"":3.052887007483651,""regional_topk_candidates"":-0.0192520534769867}"
full_multilayer,q04_event_oldest::run-3,9,q04_event_oldest,3,5,q03_event_recent::run-2,q03_event_recent,76893bdca8771bf15968c663228c2bb3475ab41d7df033a16ad555cc74a679a3,7ac514d1b6aff5b67e0ed359f81f5121c7bf970bcc0b492f338fd0abac46c36e,earlier_final_episode,5.0,1.3722166937095905,0.7287473442327113,False,False,False,"{""increase_gac_work_mem"":-0.1048447833628063,""mitigate_remote_path_bundle"":1.9117449342238144,""regional_topk_candidates"":-0.0141682721267147}"
full_multilayer,q04_event_oldest::run-4,10,q04_event_oldest,4,1,"reference::cross-action-pilot-v1::pilot_gac_topk::raw-small-balanced-v1::{""cutoff_ts"":""2026-06-01 00:00:00+00"",""limit_k"":5000}","cross-action-pilot-v1::pilot_gac_topk::raw-small-balanced-v1::{""cutoff_ts"":""2026-06-01 00:00:00+00"",""limit_k"":5000}",nan,7ac514d1b6aff5b67e0ed359f81f5121c7bf970bcc0b492f338fd0abac46c36e,development_reference,,1.0338992894860983,0.9672112583477963,False,False,False,"{""increase_gac_work_mem"":0.0106406666902462,""mitigate_remote_path_bundle"":3.733324190801565,""regional_topk_candidates"":1.5442528549456571}"
full_multilayer,q04_event_oldest::run-4,10,q04_event_oldest,4,2,q03_event_recent::run-3,q03_event_recent,76893bdca8771bf15968c663228c2bb3475ab41d7df033a16ad555cc74a679a3,7ac514d1b6aff5b67e0ed359f81f5121c7bf970bcc0b492f338fd0abac46c36e,earlier_final_episode,6.0,1.262956491338605,0.7917922866430784,False,False,False,"{""increase_gac_work_mem"":-0.0002791294905142,""mitigate_remote_path_bundle"":1.9700639210944435,""regional_topk_candidates"":-0.0585418455250905}"
full_multilayer,q04_event_oldest::run-4,10,q04_event_oldest,4,3,q03_event_recent::run-2,q03_event_recent,76893bdca8771bf15968c663228c2bb3475ab41d7df033a16ad555cc74a679a3,7ac514d1b6aff5b67e0ed359f81f5121c7bf970bcc0b492f338fd0abac46c36e,earlier_final_episode,5.0,1.2864842085322146,0.7773116965261706,False,False,False,"{""increase_gac_work_mem"":-0.1048447833628063,""mitigate_remote_path_bundle"":1.9117449342238144,""regional_topk_candidates"":-0.0141682721267147}"
full_multilayer,q04_event_oldest::run-4,10,q04_event_oldest,4,4,q03_event_recent::run-1,q03_event_recent,76893bdca8771bf15968c663228c2bb3475ab41d7df033a16ad555cc74a679a3,7ac514d1b6aff5b67e0ed359f81f5121c7bf970bcc0b492f338fd0abac46c36e,earlier_final_episode,4.0,1.288037047033036,0.7763745817163363,False,False,False,"{""increase_gac_work_mem"":0.0074479246782218,""mitigate_remote_path_bundle"":2.074180777894477,""regional_topk_candidates"":0.0486212889871827}"
full_multilayer,q04_event_oldest::run-4,10,q04_event_oldest,4,5,"reference::fuzzy-memory-topk-panel-v1::fuzzy_topk_transport_severe::raw-small-balanced-v1::{""cutoff_ts"":""2026-06-24 00:00:00+00"",""limit_k"":10000}","fuzzy-memory-topk-panel-v1::fuzzy_topk_transport_severe::raw-small-balanced-v1::{""cutoff_ts"":""2026-06-24 00:00:00+00"",""limit_k"":10000}",nan,7ac514d1b6aff5b67e0ed359f81f5121c7bf970bcc0b492f338fd0abac46c36e,development_reference,,1.2991592384306552,0.7697279907580674,False,False,False,"{""increase_gac_work_mem"":-0.0118498816152615,""mitigate_remote_path_bundle"":3.052887007483651,""regional_topk_candidates"":-0.0192520534769867}"
full_multilayer,q05_event_deviation::run-1,11,q05_event_deviation,1,1,"reference::fuzzy-memory-topk-panel-v1::fuzzy_topk_memory_severe::raw-large-balanced-v1::{""cutoff_ts"":""2026-06-29 00:00:00+00"",""limit_k"":100}","fuzzy-memory-topk-panel-v1::fuzzy_topk_memory_severe::raw-large-balanced-v1::{""cutoff_ts"":""2026-06-29 00:00:00+00"",""limit_k"":100}",nan,bd5d33dbf428b5dfe5fde653651a56bf4036327ea0a4ea3cb42a933b2a2200b1,development_reference,,1.202989784026818,0.8312615634948266,False,False,False,"{""increase_gac_work_mem"":0.0274589574398124,""mitigate_remote_path_bundle"":1.3346582999179395,""regional_topk_candidates"":2.0868568298219983}"
full_multilayer,q05_event_deviation::run-1,11,q05_event_deviation,1,2,"reference::fuzzy-memory-topk-panel-v1::fuzzy_topk_memory_severe::raw-large-balanced-v1::{""cutoff_ts"":""2026-06-24 00:00:00+00"",""limit_k"":100}","fuzzy-memory-topk-panel-v1::fuzzy_topk_memory_severe::raw-large-balanced-v1::{""cutoff_ts"":""2026-06-24 00:00:00+00"",""limit_k"":100}",nan,bd5d33dbf428b5dfe5fde653651a56bf4036327ea0a4ea3cb42a933b2a2200b1,development_reference,,1.5384563386879155,0.6500017744091996,False,False,False,"{""increase_gac_work_mem"":0.0078718370666349,""mitigate_remote_path_bundle"":1.4283978240698936,""regional_topk_candidates"":3.251278574713406}"
full_multilayer,q05_event_deviation::run-1,11,q05_event_deviation,1,3,"reference::fuzzy-memory-topk-panel-v1::fuzzy_topk_balanced::raw-large-balanced-v1::{""cutoff_ts"":""2026-06-29 00:00:00+00"",""limit_k"":100}","fuzzy-memory-topk-panel-v1::fuzzy_topk_balanced::raw-large-balanced-v1::{""cutoff_ts"":""2026-06-29 00:00:00+00"",""limit_k"":100}",nan,bd5d33dbf428b5dfe5fde653651a56bf4036327ea0a4ea3cb42a933b2a2200b1,development_reference,,1.6597148424510295,0.6025127762371801,False,False,False,"{""increase_gac_work_mem"":0.0072951999589837,""mitigate_remote_path_bundle"":2.646928961962837,""regional_topk_candidates"":2.9074514602042885}"
full_multilayer,q05_event_deviation::run-1,11,q05_event_deviation,1,4,"reference::fuzzy-memory-topk-panel-v1::fuzzy_topk_balanced::raw-large-balanced-v1::{""cutoff_ts"":""2026-06-24 00:00:00+00"",""limit_k"":100}","fuzzy-memory-topk-panel-v1::fuzzy_topk_balanced::raw-large-balanced-v1::{""cutoff_ts"":""2026-06-24 00:00:00+00"",""limit_k"":100}",nan,bd5d33dbf428b5dfe5fde653651a56bf4036327ea0a4ea3cb42a933b2a2200b1,development_reference,,2.0264706131293084,0.49346854578228444,False,False,False,"{""increase_gac_work_mem"":-0.0218364506141406,""mitigate_remote_path_bundle"":2.898860761936939,""regional_topk_candidates"":4.405764321102397}"
full_multilayer,q05_event_deviation::run-1,11,q05_event_deviation,1,5,"reference::fuzzy-memory-topk-panel-v1::fuzzy_topk_transport_severe::raw-large-balanced-v1::{""cutoff_ts"":""2026-06-29 00:00:00+00"",""limit_k"":100}","fuzzy-memory-topk-panel-v1::fuzzy_topk_transport_severe::raw-large-balanced-v1::{""cutoff_ts"":""2026-06-29 00:00:00+00"",""limit_k"":100}",nan,bd5d33dbf428b5dfe5fde653651a56bf4036327ea0a4ea3cb42a933b2a2200b1,development_reference,,2.1113207199993798,0.4736369595062441,False,False,False,"{""increase_gac_work_mem"":0.0081868930148983,""mitigate_remote_path_bundle"":4.360051703774939,""regional_topk_candidates"":4.127185858907333}"
full_multilayer,q05_event_deviation::run-2,12,q05_event_deviation,2,1,"reference::fuzzy-memory-topk-panel-v1::fuzzy_topk_memory_severe::raw-large-balanced-v1::{""cutoff_ts"":""2026-06-29 00:00:00+00"",""limit_k"":100}","fuzzy-memory-topk-panel-v1::fuzzy_topk_memory_severe::raw-large-balanced-v1::{""cutoff_ts"":""2026-06-29 00:00:00+00"",""limit_k"":100}",nan,bd5d33dbf428b5dfe5fde653651a56bf4036327ea0a4ea3cb42a933b2a2200b1,development_reference,,0.7948454513212342,1.2581046293126794,False,False,False,"{""increase_gac_work_mem"":0.0274589574398124,""mitigate_remote_path_bundle"":1.3346582999179395,""regional_topk_candidates"":2.0868568298219983}"
full_multilayer,q05_event_deviation::run-2,12,q05_event_deviation,2,2,"reference::fuzzy-memory-topk-panel-v1::fuzzy_topk_balanced::raw-large-balanced-v1::{""cutoff_ts"":""2026-06-29 00:00:00+00"",""limit_k"":100}","fuzzy-memory-topk-panel-v1::fuzzy_topk_balanced::raw-large-balanced-v1::{""cutoff_ts"":""2026-06-29 00:00:00+00"",""limit_k"":100}",nan,bd5d33dbf428b5dfe5fde653651a56bf4036327ea0a4ea3cb42a933b2a2200b1,development_reference,,1.410156460790068,0.7091406653550099,False,False,False,"{""increase_gac_work_mem"":0.0072951999589837,""mitigate_remote_path_bundle"":2.646928961962837,""regional_topk_candidates"":2.9074514602042885}"
full_multilayer,q05_event_deviation::run-2,12,q05_event_deviation,2,3,"reference::fuzzy-memory-topk-panel-v1::fuzzy_topk_memory_severe::raw-large-balanced-v1::{""cutoff_ts"":""2026-06-24 00:00:00+00"",""limit_k"":100}","fuzzy-memory-topk-panel-v1::fuzzy_topk_memory_severe::raw-large-balanced-v1::{""cutoff_ts"":""2026-06-24 00:00:00+00"",""limit_k"":100}",nan,bd5d33dbf428b5dfe5fde653651a56bf4036327ea0a4ea3cb42a933b2a2200b1,development_reference,,1.5655174314921807,0.6387660342311305,False,False,False,"{""increase_gac_work_mem"":0.0078718370666349,""mitigate_remote_path_bundle"":1.4283978240698936,""regional_topk_candidates"":3.251278574713406}"
full_multilayer,q05_event_deviation::run-2,12,q05_event_deviation,2,4,"reference::fuzzy-memory-topk-panel-v1::fuzzy_topk_memory_severe::raw-large-balanced-v1::{""cutoff_ts"":""2026-06-29 00:00:00+00"",""limit_k"":10000}","fuzzy-memory-topk-panel-v1::fuzzy_topk_memory_severe::raw-large-balanced-v1::{""cutoff_ts"":""2026-06-29 00:00:00+00"",""limit_k"":10000}",nan,bd5d33dbf428b5dfe5fde653651a56bf4036327ea0a4ea3cb42a933b2a2200b1,development_reference,,1.8885766659096435,0.5294990076663565,False,False,False,"{""increase_gac_work_mem"":0.10933387522275,""mitigate_remote_path_bundle"":1.1917524448684171,""regional_topk_candidates"":1.3679764624529054}"
full_multilayer,q05_event_deviation::run-2,12,q05_event_deviation,2,5,"reference::fuzzy-memory-topk-panel-v1::fuzzy_topk_balanced::raw-large-balanced-v1::{""cutoff_ts"":""2026-06-29 00:00:00+00"",""limit_k"":10000}","fuzzy-memory-topk-panel-v1::fuzzy_topk_balanced::raw-large-balanced-v1::{""cutoff_ts"":""2026-06-29 00:00:00+00"",""limit_k"":10000}",nan,bd5d33dbf428b5dfe5fde653651a56bf4036327ea0a4ea3cb42a933b2a2200b1,development_reference,,1.951467414705037,0.5124346325385694,False,False,False,"{""increase_gac_work_mem"":0.0128070569269704,""mitigate_remote_path_bundle"":2.640761425802023,""regional_topk_candidates"":2.3178971333467917}"
full_multilayer,q05_event_deviation::run-3,13,q05_event_deviation,3,1,"reference::fuzzy-memory-topk-panel-v1::fuzzy_topk_memory_severe::raw-large-balanced-v1::{""cutoff_ts"":""2026-06-29 00:00:00+00"",""limit_k"":100}","fuzzy-memory-topk-panel-v1::fuzzy_topk_memory_severe::raw-large-balanced-v1::{""cutoff_ts"":""2026-06-29 00:00:00+00"",""limit_k"":100}",nan,bd5d33dbf428b5dfe5fde653651a56bf4036327ea0a4ea3cb42a933b2a2200b1,development_reference,,0.882429917054374,1.1332331865004017,False,False,False,"{""increase_gac_work_mem"":0.0274589574398124,""mitigate_remote_path_bundle"":1.3346582999179395,""regional_topk_candidates"":2.0868568298219983}"
full_multilayer,q05_event_deviation::run-3,13,q05_event_deviation,3,2,"reference::fuzzy-memory-topk-panel-v1::fuzzy_topk_balanced::raw-large-balanced-v1::{""cutoff_ts"":""2026-06-29 00:00:00+00"",""limit_k"":100}","fuzzy-memory-topk-panel-v1::fuzzy_topk_balanced::raw-large-balanced-v1::{""cutoff_ts"":""2026-06-29 00:00:00+00"",""limit_k"":100}",nan,bd5d33dbf428b5dfe5fde653651a56bf4036327ea0a4ea3cb42a933b2a2200b1,development_reference,,1.427541238852453,0.7005046665406286,False,False,False,"{""increase_gac_work_mem"":0.0072951999589837,""mitigate_remote_path_bundle"":2.646928961962837,""regional_topk_candidates"":2.9074514602042885}"
full_multilayer,q05_event_deviation::run-3,13,q05_event_deviation,3,3,"reference::fuzzy-memory-topk-panel-v1::fuzzy_topk_memory_severe::raw-large-balanced-v1::{""cutoff_ts"":""2026-06-24 00:00:00+00"",""limit_k"":100}","fuzzy-memory-topk-panel-v1::fuzzy_topk_memory_severe::raw-large-balanced-v1::{""cutoff_ts"":""2026-06-24 00:00:00+00"",""limit_k"":100}",nan,bd5d33dbf428b5dfe5fde653651a56bf4036327ea0a4ea3cb42a933b2a2200b1,development_reference,,1.5327001063473593,0.6524429295827545,False,False,False,"{""increase_gac_work_mem"":0.0078718370666349,""mitigate_remote_path_bundle"":1.4283978240698936,""regional_topk_candidates"":3.251278574713406}"
full_multilayer,q05_event_deviation::run-3,13,q05_event_deviation,3,4,"reference::fuzzy-memory-topk-panel-v1::fuzzy_topk_memory_severe::raw-large-balanced-v1::{""cutoff_ts"":""2026-06-29 00:00:00+00"",""limit_k"":10000}","fuzzy-memory-topk-panel-v1::fuzzy_topk_memory_severe::raw-large-balanced-v1::{""cutoff_ts"":""2026-06-29 00:00:00+00"",""limit_k"":10000}",nan,bd5d33dbf428b5dfe5fde653651a56bf4036327ea0a4ea3cb42a933b2a2200b1,development_reference,,1.8138177681205632,0.5513229974106932,False,False,False,"{""increase_gac_work_mem"":0.10933387522275,""mitigate_remote_path_bundle"":1.1917524448684171,""regional_topk_candidates"":1.3679764624529054}"
full_multilayer,q05_event_deviation::run-3,13,q05_event_deviation,3,5,"reference::fuzzy-memory-topk-panel-v1::fuzzy_topk_balanced::raw-large-balanced-v1::{""cutoff_ts"":""2026-06-29 00:00:00+00"",""limit_k"":10000}","fuzzy-memory-topk-panel-v1::fuzzy_topk_balanced::raw-large-balanced-v1::{""cutoff_ts"":""2026-06-29 00:00:00+00"",""limit_k"":10000}",nan,bd5d33dbf428b5dfe5fde653651a56bf4036327ea0a4ea3cb42a933b2a2200b1,development_reference,,1.9668205242901136,0.5084345415433313,False,False,False,"{""increase_gac_work_mem"":0.0128070569269704,""mitigate_remote_path_bundle"":2.640761425802023,""regional_topk_candidates"":2.3178971333467917}"
full_multilayer,q05_event_deviation::run-4,14,q05_event_deviation,4,1,"reference::fuzzy-memory-topk-panel-v1::fuzzy_topk_memory_severe::raw-large-balanced-v1::{""cutoff_ts"":""2026-06-29 00:00:00+00"",""limit_k"":100}","fuzzy-memory-topk-panel-v1::fuzzy_topk_memory_severe::raw-large-balanced-v1::{""cutoff_ts"":""2026-06-29 00:00:00+00"",""limit_k"":100}",nan,bd5d33dbf428b5dfe5fde653651a56bf4036327ea0a4ea3cb42a933b2a2200b1,development_reference,,0.7533894798899466,1.327332939150064,False,False,False,"{""increase_gac_work_mem"":0.0274589574398124,""mitigate_remote_path_bundle"":1.3346582999179395,""regional_topk_candidates"":2.0868568298219983}"
full_multilayer,q05_event_deviation::run-4,14,q05_event_deviation,4,2,"reference::fuzzy-memory-topk-panel-v1::fuzzy_topk_balanced::raw-large-balanced-v1::{""cutoff_ts"":""2026-06-29 00:00:00+00"",""limit_k"":100}","fuzzy-memory-topk-panel-v1::fuzzy_topk_balanced::raw-large-balanced-v1::{""cutoff_ts"":""2026-06-29 00:00:00+00"",""limit_k"":100}",nan,bd5d33dbf428b5dfe5fde653651a56bf4036327ea0a4ea3cb42a933b2a2200b1,development_reference,,1.3899294810470921,0.7194604432637945,False,False,False,"{""increase_gac_work_mem"":0.0072951999589837,""mitigate_remote_path_bundle"":2.646928961962837,""regional_topk_candidates"":2.9074514602042885}"
full_multilayer,q05_event_deviation::run-4,14,q05_event_deviation,4,3,"reference::fuzzy-memory-topk-panel-v1::fuzzy_topk_memory_severe::raw-large-balanced-v1::{""cutoff_ts"":""2026-06-24 00:00:00+00"",""limit_k"":100}","fuzzy-memory-topk-panel-v1::fuzzy_topk_memory_severe::raw-large-balanced-v1::{""cutoff_ts"":""2026-06-24 00:00:00+00"",""limit_k"":100}",nan,bd5d33dbf428b5dfe5fde653651a56bf4036327ea0a4ea3cb42a933b2a2200b1,development_reference,,1.5799785810567604,0.6329195718663375,False,False,False,"{""increase_gac_work_mem"":0.0078718370666349,""mitigate_remote_path_bundle"":1.4283978240698936,""regional_topk_candidates"":3.251278574713406}"
full_multilayer,q05_event_deviation::run-4,14,q05_event_deviation,4,4,"reference::fuzzy-memory-topk-panel-v1::fuzzy_topk_memory_severe::raw-large-balanced-v1::{""cutoff_ts"":""2026-06-29 00:00:00+00"",""limit_k"":10000}","fuzzy-memory-topk-panel-v1::fuzzy_topk_memory_severe::raw-large-balanced-v1::{""cutoff_ts"":""2026-06-29 00:00:00+00"",""limit_k"":10000}",nan,bd5d33dbf428b5dfe5fde653651a56bf4036327ea0a4ea3cb42a933b2a2200b1,development_reference,,1.9465328104572284,0.513733691461083,False,False,False,"{""increase_gac_work_mem"":0.10933387522275,""mitigate_remote_path_bundle"":1.1917524448684171,""regional_topk_candidates"":1.3679764624529054}"
full_multilayer,q05_event_deviation::run-4,14,q05_event_deviation,4,5,"reference::fuzzy-memory-topk-panel-v1::fuzzy_topk_balanced::raw-large-balanced-v1::{""cutoff_ts"":""2026-06-29 00:00:00+00"",""limit_k"":10000}","fuzzy-memory-topk-panel-v1::fuzzy_topk_balanced::raw-large-balanced-v1::{""cutoff_ts"":""2026-06-29 00:00:00+00"",""limit_k"":10000}",nan,bd5d33dbf428b5dfe5fde653651a56bf4036327ea0a4ea3cb42a933b2a2200b1,development_reference,,1.948689692747574,0.5131650721798445,False,False,False,"{""increase_gac_work_mem"":0.0128070569269704,""mitigate_remote_path_bundle"":2.640761425802023,""regional_topk_candidates"":2.3178971333467917}"
full_multilayer,q05_event_deviation::run-5,15,q05_event_deviation,5,1,"reference::fuzzy-memory-topk-panel-v1::fuzzy_topk_memory_severe::raw-large-balanced-v1::{""cutoff_ts"":""2026-06-29 00:00:00+00"",""limit_k"":100}","fuzzy-memory-topk-panel-v1::fuzzy_topk_memory_severe::raw-large-balanced-v1::{""cutoff_ts"":""2026-06-29 00:00:00+00"",""limit_k"":100}",nan,bd5d33dbf428b5dfe5fde653651a56bf4036327ea0a4ea3cb42a933b2a2200b1,development_reference,,0.9709596279914939,1.0299078780038446,False,False,False,"{""increase_gac_work_mem"":0.0274589574398124,""mitigate_remote_path_bundle"":1.3346582999179395,""regional_topk_candidates"":2.0868568298219983}"
full_multilayer,q05_event_deviation::run-5,15,q05_event_deviation,5,2,"reference::fuzzy-memory-topk-panel-v1::fuzzy_topk_balanced::raw-large-balanced-v1::{""cutoff_ts"":""2026-06-29 00:00:00+00"",""limit_k"":100}","fuzzy-memory-topk-panel-v1::fuzzy_topk_balanced::raw-large-balanced-v1::{""cutoff_ts"":""2026-06-29 00:00:00+00"",""limit_k"":100}",nan,bd5d33dbf428b5dfe5fde653651a56bf4036327ea0a4ea3cb42a933b2a2200b1,development_reference,,1.5361998641948575,0.6509565404548271,False,False,False,"{""increase_gac_work_mem"":0.0072951999589837,""mitigate_remote_path_bundle"":2.646928961962837,""regional_topk_candidates"":2.9074514602042885}"
full_multilayer,q05_event_deviation::run-5,15,q05_event_deviation,5,3,"reference::fuzzy-memory-topk-panel-v1::fuzzy_topk_memory_severe::raw-large-balanced-v1::{""cutoff_ts"":""2026-06-24 00:00:00+00"",""limit_k"":100}","fuzzy-memory-topk-panel-v1::fuzzy_topk_memory_severe::raw-large-balanced-v1::{""cutoff_ts"":""2026-06-24 00:00:00+00"",""limit_k"":100}",nan,bd5d33dbf428b5dfe5fde653651a56bf4036327ea0a4ea3cb42a933b2a2200b1,development_reference,,1.540079993315694,0.6493164998076272,False,False,False,"{""increase_gac_work_mem"":0.0078718370666349,""mitigate_remote_path_bundle"":1.4283978240698936,""regional_topk_candidates"":3.251278574713406}"
full_multilayer,q05_event_deviation::run-5,15,q05_event_deviation,5,4,"reference::fuzzy-memory-topk-panel-v1::fuzzy_topk_memory_severe::raw-large-balanced-v1::{""cutoff_ts"":""2026-06-29 00:00:00+00"",""limit_k"":10000}","fuzzy-memory-topk-panel-v1::fuzzy_topk_memory_severe::raw-large-balanced-v1::{""cutoff_ts"":""2026-06-29 00:00:00+00"",""limit_k"":10000}",nan,bd5d33dbf428b5dfe5fde653651a56bf4036327ea0a4ea3cb42a933b2a2200b1,development_reference,,1.7609178546849678,0.567885338577343,False,False,False,"{""increase_gac_work_mem"":0.10933387522275,""mitigate_remote_path_bundle"":1.1917524448684171,""regional_topk_candidates"":1.3679764624529054}"
full_multilayer,q05_event_deviation::run-5,15,q05_event_deviation,5,5,"reference::fuzzy-memory-topk-panel-v1::fuzzy_topk_balanced::raw-large-balanced-v1::{""cutoff_ts"":""2026-06-29 00:00:00+00"",""limit_k"":10000}","fuzzy-memory-topk-panel-v1::fuzzy_topk_balanced::raw-large-balanced-v1::{""cutoff_ts"":""2026-06-29 00:00:00+00"",""limit_k"":10000}",nan,bd5d33dbf428b5dfe5fde653651a56bf4036327ea0a4ea3cb42a933b2a2200b1,development_reference,,2.0429173725995398,0.48949581804755915,False,False,False,"{""increase_gac_work_mem"":0.0128070569269704,""mitigate_remote_path_bundle"":2.640761425802023,""regional_topk_candidates"":2.3178971333467917}"
full_multilayer,q06_tenant_sum::run-1,16,q06_tenant_sum,1,1,"reference::fuzzy-memory-topk-panel-v1::fuzzy_topk_balanced::raw-large-balanced-v1::{""cutoff_ts"":""2026-06-29 00:00:00+00"",""limit_k"":100}","fuzzy-memory-topk-panel-v1::fuzzy_topk_balanced::raw-large-balanced-v1::{""cutoff_ts"":""2026-06-29 00:00:00+00"",""limit_k"":100}",nan,82a4b1652b8883fb8dad714052530b1788280c0ae3dd3cb8823fe3b0d8dea3ac,development_reference,,0.5032662909240595,1.9870156833834347,False,False,False,"{""increase_gac_work_mem"":0.0072951999589837,""mitigate_remote_path_bundle"":2.646928961962837,""regional_topk_candidates"":2.9074514602042885}"
full_multilayer,q06_tenant_sum::run-1,16,q06_tenant_sum,1,2,"reference::fuzzy-memory-topk-panel-v1::fuzzy_topk_transport_severe::raw-large-balanced-v1::{""cutoff_ts"":""2026-06-29 00:00:00+00"",""limit_k"":100}","fuzzy-memory-topk-panel-v1::fuzzy_topk_transport_severe::raw-large-balanced-v1::{""cutoff_ts"":""2026-06-29 00:00:00+00"",""limit_k"":100}",nan,82a4b1652b8883fb8dad714052530b1788280c0ae3dd3cb8823fe3b0d8dea3ac,development_reference,,0.7755917957456823,1.2893363701742029,False,False,False,"{""increase_gac_work_mem"":0.0081868930148983,""mitigate_remote_path_bundle"":4.360051703774939,""regional_topk_candidates"":4.127185858907333}"
full_multilayer,q06_tenant_sum::run-1,16,q06_tenant_sum,1,3,"reference::fuzzy-memory-topk-panel-v1::fuzzy_topk_balanced::raw-large-balanced-v1::{""cutoff_ts"":""2026-06-24 00:00:00+00"",""limit_k"":100}","fuzzy-memory-topk-panel-v1::fuzzy_topk_balanced::raw-large-balanced-v1::{""cutoff_ts"":""2026-06-24 00:00:00+00"",""limit_k"":100}",nan,82a4b1652b8883fb8dad714052530b1788280c0ae3dd3cb8823fe3b0d8dea3ac,development_reference,,0.9051312948498461,1.1048108720569865,False,False,False,"{""increase_gac_work_mem"":-0.0218364506141406,""mitigate_remote_path_bundle"":2.898860761936939,""regional_topk_candidates"":4.405764321102397}"
full_multilayer,q06_tenant_sum::run-1,16,q06_tenant_sum,1,4,"reference::fuzzy-memory-topk-panel-v1::fuzzy_topk_memory_severe::raw-large-balanced-v1::{""cutoff_ts"":""2026-06-24 00:00:00+00"",""limit_k"":100}","fuzzy-memory-topk-panel-v1::fuzzy_topk_memory_severe::raw-large-balanced-v1::{""cutoff_ts"":""2026-06-24 00:00:00+00"",""limit_k"":100}",nan,82a4b1652b8883fb8dad714052530b1788280c0ae3dd3cb8823fe3b0d8dea3ac,development_reference,,1.2190577978125974,0.8203049777371997,False,False,False,"{""increase_gac_work_mem"":0.0078718370666349,""mitigate_remote_path_bundle"":1.4283978240698936,""regional_topk_candidates"":3.251278574713406}"
full_multilayer,q06_tenant_sum::run-1,16,q06_tenant_sum,1,5,"reference::fuzzy-memory-topk-panel-v1::fuzzy_topk_memory_severe::raw-large-balanced-v1::{""cutoff_ts"":""2026-06-29 00:00:00+00"",""limit_k"":100}","fuzzy-memory-topk-panel-v1::fuzzy_topk_memory_severe::raw-large-balanced-v1::{""cutoff_ts"":""2026-06-29 00:00:00+00"",""limit_k"":100}",nan,82a4b1652b8883fb8dad714052530b1788280c0ae3dd3cb8823fe3b0d8dea3ac,development_reference,,1.2433005182031638,0.8043101253871334,False,False,False,"{""increase_gac_work_mem"":0.0274589574398124,""mitigate_remote_path_bundle"":1.3346582999179395,""regional_topk_candidates"":2.0868568298219983}"
full_multilayer,q07_tenant_count::run-1,17,q07_tenant_count,1,1,"reference::fuzzy-memory-topk-panel-v1::fuzzy_topk_transport_severe::raw-large-balanced-v1::{""cutoff_ts"":""2026-06-24 00:00:00+00"",""limit_k"":100}","fuzzy-memory-topk-panel-v1::fuzzy_topk_transport_severe::raw-large-balanced-v1::{""cutoff_ts"":""2026-06-24 00:00:00+00"",""limit_k"":100}",nan,e2883a3d8a1df39316eb339275178d1251674b54de02a31a771e6d2aeced7e7b,development_reference,,0.8354811665647823,1.1969136386377448,False,False,False,"{""increase_gac_work_mem"":0.0051622454887038,""mitigate_remote_path_bundle"":4.594851458801552,""regional_topk_candidates"":5.689366145087311}"
full_multilayer,q07_tenant_count::run-1,17,q07_tenant_count,1,2,"reference::fuzzy-memory-topk-panel-v1::fuzzy_topk_balanced::raw-large-balanced-v1::{""cutoff_ts"":""2026-06-24 00:00:00+00"",""limit_k"":100}","fuzzy-memory-topk-panel-v1::fuzzy_topk_balanced::raw-large-balanced-v1::{""cutoff_ts"":""2026-06-24 00:00:00+00"",""limit_k"":100}",nan,e2883a3d8a1df39316eb339275178d1251674b54de02a31a771e6d2aeced7e7b,development_reference,,1.2964275040189692,0.7713499023663616,False,False,False,"{""increase_gac_work_mem"":-0.0218364506141406,""mitigate_remote_path_bundle"":2.898860761936939,""regional_topk_candidates"":4.405764321102397}"
full_multilayer,q07_tenant_count::run-1,17,q07_tenant_count,1,3,"reference::fuzzy-memory-topk-panel-v1::fuzzy_topk_transport_severe::raw-large-balanced-v1::{""cutoff_ts"":""2026-06-29 00:00:00+00"",""limit_k"":100}","fuzzy-memory-topk-panel-v1::fuzzy_topk_transport_severe::raw-large-balanced-v1::{""cutoff_ts"":""2026-06-29 00:00:00+00"",""limit_k"":100}",nan,e2883a3d8a1df39316eb339275178d1251674b54de02a31a771e6d2aeced7e7b,development_reference,,1.45378332930869,0.6878599389467381,False,False,False,"{""increase_gac_work_mem"":0.0081868930148983,""mitigate_remote_path_bundle"":4.360051703774939,""regional_topk_candidates"":4.127185858907333}"
full_multilayer,q07_tenant_count::run-1,17,q07_tenant_count,1,4,"reference::fuzzy-memory-topk-panel-v1::fuzzy_topk_balanced::raw-large-balanced-v1::{""cutoff_ts"":""2026-06-29 00:00:00+00"",""limit_k"":100}","fuzzy-memory-topk-panel-v1::fuzzy_topk_balanced::raw-large-balanced-v1::{""cutoff_ts"":""2026-06-29 00:00:00+00"",""limit_k"":100}",nan,e2883a3d8a1df39316eb339275178d1251674b54de02a31a771e6d2aeced7e7b,development_reference,,1.6925011823606038,0.5908411879299665,False,False,False,"{""increase_gac_work_mem"":0.0072951999589837,""mitigate_remote_path_bundle"":2.646928961962837,""regional_topk_candidates"":2.9074514602042885}"
full_multilayer,q07_tenant_count::run-1,17,q07_tenant_count,1,5,q06_tenant_sum::run-1,q06_tenant_sum,82a4b1652b8883fb8dad714052530b1788280c0ae3dd3cb8823fe3b0d8dea3ac,e2883a3d8a1df39316eb339275178d1251674b54de02a31a771e6d2aeced7e7b,earlier_final_episode,16.0,1.6928572046653019,0.5907169290635963,False,False,False,"{""increase_gac_work_mem"":-0.0113274524048228,""mitigate_remote_path_bundle"":2.755693328342921,""regional_topk_candidates"":3.047649640005925}"
full_multilayer,q07_tenant_count::run-2,18,q07_tenant_count,2,1,"reference::fuzzy-memory-topk-panel-v1::fuzzy_topk_transport_severe::raw-large-balanced-v1::{""cutoff_ts"":""2026-06-24 00:00:00+00"",""limit_k"":100}","fuzzy-memory-topk-panel-v1::fuzzy_topk_transport_severe::raw-large-balanced-v1::{""cutoff_ts"":""2026-06-24 00:00:00+00"",""limit_k"":100}",nan,e2883a3d8a1df39316eb339275178d1251674b54de02a31a771e6d2aeced7e7b,development_reference,,1.1734520861486468,0.852185751440706,False,False,False,"{""increase_gac_work_mem"":0.0051622454887038,""mitigate_remote_path_bundle"":4.594851458801552,""regional_topk_candidates"":5.689366145087311}"
full_multilayer,q07_tenant_count::run-2,18,q07_tenant_count,2,2,"reference::fuzzy-memory-topk-panel-v1::fuzzy_topk_transport_severe::raw-large-balanced-v1::{""cutoff_ts"":""2026-06-24 00:00:00+00"",""limit_k"":10000}","fuzzy-memory-topk-panel-v1::fuzzy_topk_transport_severe::raw-large-balanced-v1::{""cutoff_ts"":""2026-06-24 00:00:00+00"",""limit_k"":10000}",nan,e2883a3d8a1df39316eb339275178d1251674b54de02a31a771e6d2aeced7e7b,development_reference,,1.2587129777680592,0.7944616629849391,False,False,False,"{""increase_gac_work_mem"":0.0084124371532831,""mitigate_remote_path_bundle"":4.37766805933805,""regional_topk_candidates"":4.247803521993864}"
full_multilayer,q07_tenant_count::run-2,18,q07_tenant_count,2,3,"reference::fuzzy-memory-topk-panel-v1::fuzzy_topk_balanced::raw-large-balanced-v1::{""cutoff_ts"":""2026-06-24 00:00:00+00"",""limit_k"":100}","fuzzy-memory-topk-panel-v1::fuzzy_topk_balanced::raw-large-balanced-v1::{""cutoff_ts"":""2026-06-24 00:00:00+00"",""limit_k"":100}",nan,e2883a3d8a1df39316eb339275178d1251674b54de02a31a771e6d2aeced7e7b,development_reference,,1.472315518182905,0.6792017800861014,False,False,False,"{""increase_gac_work_mem"":-0.0218364506141406,""mitigate_remote_path_bundle"":2.898860761936939,""regional_topk_candidates"":4.405764321102397}"
full_multilayer,q07_tenant_count::run-2,18,q07_tenant_count,2,4,"reference::fuzzy-memory-topk-panel-v1::fuzzy_topk_balanced::raw-large-balanced-v1::{""cutoff_ts"":""2026-06-24 00:00:00+00"",""limit_k"":10000}","fuzzy-memory-topk-panel-v1::fuzzy_topk_balanced::raw-large-balanced-v1::{""cutoff_ts"":""2026-06-24 00:00:00+00"",""limit_k"":10000}",nan,e2883a3d8a1df39316eb339275178d1251674b54de02a31a771e6d2aeced7e7b,development_reference,,1.4876847084861662,0.672184987928382,False,False,False,"{""increase_gac_work_mem"":0.033912495820706,""mitigate_remote_path_bundle"":2.685723352383513,""regional_topk_candidates"":2.983182859705127}"
full_multilayer,q07_tenant_count::run-2,18,q07_tenant_count,2,5,"reference::fuzzy-memory-topk-panel-v1::fuzzy_topk_transport_severe::raw-large-balanced-v1::{""cutoff_ts"":""2026-06-29 00:00:00+00"",""limit_k"":10000}","fuzzy-memory-topk-panel-v1::fuzzy_topk_transport_severe::raw-large-balanced-v1::{""cutoff_ts"":""2026-06-29 00:00:00+00"",""limit_k"":10000}",nan,e2883a3d8a1df39316eb339275178d1251674b54de02a31a771e6d2aeced7e7b,development_reference,,1.5086882587040338,0.6628270163857344,False,False,False,"{""increase_gac_work_mem"":0.0063254578290735,""mitigate_remote_path_bundle"":4.204198458037598,""regional_topk_candidates"":3.2240845074472664}"
full_multilayer,q08_tenant_avg::run-1,19,q08_tenant_avg,1,1,"reference::fuzzy-memory-topk-panel-v1::fuzzy_topk_memory_severe::raw-large-balanced-v1::{""cutoff_ts"":""2026-06-24 00:00:00+00"",""limit_k"":100}","fuzzy-memory-topk-panel-v1::fuzzy_topk_memory_severe::raw-large-balanced-v1::{""cutoff_ts"":""2026-06-24 00:00:00+00"",""limit_k"":100}",nan,8e8d2f98539f4a009d76e2bafa2994da93c550be0df9a6a7019b81cb79140fb8,development_reference,,1.19652414008144,0.8357534384375211,False,False,False,"{""increase_gac_work_mem"":0.0078718370666349,""mitigate_remote_path_bundle"":1.4283978240698936,""regional_topk_candidates"":3.251278574713406}"
full_multilayer,q08_tenant_avg::run-1,19,q08_tenant_avg,1,2,"reference::fuzzy-memory-topk-panel-v1::fuzzy_topk_balanced::raw-large-balanced-v1::{""cutoff_ts"":""2026-06-24 00:00:00+00"",""limit_k"":100}","fuzzy-memory-topk-panel-v1::fuzzy_topk_balanced::raw-large-balanced-v1::{""cutoff_ts"":""2026-06-24 00:00:00+00"",""limit_k"":100}",nan,8e8d2f98539f4a009d76e2bafa2994da93c550be0df9a6a7019b81cb79140fb8,development_reference,,1.4621916005283269,0.6839044320417672,False,False,False,"{""increase_gac_work_mem"":-0.0218364506141406,""mitigate_remote_path_bundle"":2.898860761936939,""regional_topk_candidates"":4.405764321102397}"
full_multilayer,q08_tenant_avg::run-1,19,q08_tenant_avg,1,3,"reference::fuzzy-memory-topk-panel-v1::fuzzy_topk_memory_severe::raw-large-balanced-v1::{""cutoff_ts"":""2026-06-24 00:00:00+00"",""limit_k"":10000}","fuzzy-memory-topk-panel-v1::fuzzy_topk_memory_severe::raw-large-balanced-v1::{""cutoff_ts"":""2026-06-24 00:00:00+00"",""limit_k"":10000}",nan,8e8d2f98539f4a009d76e2bafa2994da93c550be0df9a6a7019b81cb79140fb8,development_reference,,1.5796345327237167,0.6330574232372014,False,False,False,"{""increase_gac_work_mem"":0.1519052149533546,""mitigate_remote_path_bundle"":1.2917196971971587,""regional_topk_candidates"":1.8696813627440243}"
full_multilayer,q08_tenant_avg::run-1,19,q08_tenant_avg,1,4,"reference::fuzzy-memory-topk-panel-v1::fuzzy_topk_balanced::raw-large-balanced-v1::{""cutoff_ts"":""2026-06-24 00:00:00+00"",""limit_k"":10000}","fuzzy-memory-topk-panel-v1::fuzzy_topk_balanced::raw-large-balanced-v1::{""cutoff_ts"":""2026-06-24 00:00:00+00"",""limit_k"":10000}",nan,8e8d2f98539f4a009d76e2bafa2994da93c550be0df9a6a7019b81cb79140fb8,development_reference,,1.8088567669707127,0.5528350643482026,False,False,False,"{""increase_gac_work_mem"":0.033912495820706,""mitigate_remote_path_bundle"":2.685723352383513,""regional_topk_candidates"":2.983182859705127}"
full_multilayer,q08_tenant_avg::run-1,19,q08_tenant_avg,1,5,q06_tenant_sum::run-1,q06_tenant_sum,82a4b1652b8883fb8dad714052530b1788280c0ae3dd3cb8823fe3b0d8dea3ac,8e8d2f98539f4a009d76e2bafa2994da93c550be0df9a6a7019b81cb79140fb8,earlier_final_episode,16.0,1.8850558540761269,0.5304879785655608,False,False,False,"{""increase_gac_work_mem"":-0.0113274524048228,""mitigate_remote_path_bundle"":2.755693328342921,""regional_topk_candidates"":3.047649640005925}"
full_multilayer,q08_tenant_avg::run-2,20,q08_tenant_avg,2,1,"reference::fuzzy-memory-topk-panel-v1::fuzzy_topk_memory_severe::raw-large-balanced-v1::{""cutoff_ts"":""2026-06-24 00:00:00+00"",""limit_k"":10000}","fuzzy-memory-topk-panel-v1::fuzzy_topk_memory_severe::raw-large-balanced-v1::{""cutoff_ts"":""2026-06-24 00:00:00+00"",""limit_k"":10000}",nan,8e8d2f98539f4a009d76e2bafa2994da93c550be0df9a6a7019b81cb79140fb8,development_reference,,1.580261682715497,0.6328061852866239,False,False,False,"{""increase_gac_work_mem"":0.1519052149533546,""mitigate_remote_path_bundle"":1.2917196971971587,""regional_topk_candidates"":1.8696813627440243}"
full_multilayer,q08_tenant_avg::run-2,20,q08_tenant_avg,2,2,"reference::fuzzy-memory-topk-panel-v1::fuzzy_topk_balanced::raw-large-balanced-v1::{""cutoff_ts"":""2026-06-24 00:00:00+00"",""limit_k"":10000}","fuzzy-memory-topk-panel-v1::fuzzy_topk_balanced::raw-large-balanced-v1::{""cutoff_ts"":""2026-06-24 00:00:00+00"",""limit_k"":10000}",nan,8e8d2f98539f4a009d76e2bafa2994da93c550be0df9a6a7019b81cb79140fb8,development_reference,,1.798819217871472,0.5559199246622274,False,False,False,"{""increase_gac_work_mem"":0.033912495820706,""mitigate_remote_path_bundle"":2.685723352383513,""regional_topk_candidates"":2.983182859705127}"
full_multilayer,q08_tenant_avg::run-2,20,q08_tenant_avg,2,3,"reference::fuzzy-memory-topk-panel-v1::fuzzy_topk_memory_severe::raw-large-balanced-v1::{""cutoff_ts"":""2026-06-24 00:00:00+00"",""limit_k"":100}","fuzzy-memory-topk-panel-v1::fuzzy_topk_memory_severe::raw-large-balanced-v1::{""cutoff_ts"":""2026-06-24 00:00:00+00"",""limit_k"":100}",nan,8e8d2f98539f4a009d76e2bafa2994da93c550be0df9a6a7019b81cb79140fb8,development_reference,,1.8374648674997296,0.5442277963838951,False,False,False,"{""increase_gac_work_mem"":0.0078718370666349,""mitigate_remote_path_bundle"":1.4283978240698936,""regional_topk_candidates"":3.251278574713406}"
full_multilayer,q08_tenant_avg::run-2,20,q08_tenant_avg,2,4,"reference::fuzzy-memory-topk-panel-v1::fuzzy_topk_balanced::raw-large-balanced-v1::{""cutoff_ts"":""2026-06-24 00:00:00+00"",""limit_k"":100}","fuzzy-memory-topk-panel-v1::fuzzy_topk_balanced::raw-large-balanced-v1::{""cutoff_ts"":""2026-06-24 00:00:00+00"",""limit_k"":100}",nan,8e8d2f98539f4a009d76e2bafa2994da93c550be0df9a6a7019b81cb79140fb8,development_reference,,1.9644447143325874,0.5090494446876309,False,False,False,"{""increase_gac_work_mem"":-0.0218364506141406,""mitigate_remote_path_bundle"":2.898860761936939,""regional_topk_candidates"":4.405764321102397}"
full_multilayer,q08_tenant_avg::run-2,20,q08_tenant_avg,2,5,"reference::fuzzy-memory-topk-panel-v1::fuzzy_topk_memory_severe::raw-large-balanced-v1::{""cutoff_ts"":""2026-06-29 00:00:00+00"",""limit_k"":10000}","fuzzy-memory-topk-panel-v1::fuzzy_topk_memory_severe::raw-large-balanced-v1::{""cutoff_ts"":""2026-06-29 00:00:00+00"",""limit_k"":10000}",nan,8e8d2f98539f4a009d76e2bafa2994da93c550be0df9a6a7019b81cb79140fb8,development_reference,,2.1550508950449596,0.4640259486554673,False,False,False,"{""increase_gac_work_mem"":0.10933387522275,""mitigate_remote_path_bundle"":1.1917524448684171,""regional_topk_candidates"":1.3679764624529054}"
full_multilayer,q08_tenant_avg::run-3,21,q08_tenant_avg,3,1,"reference::fuzzy-memory-topk-panel-v1::fuzzy_topk_memory_severe::raw-large-balanced-v1::{""cutoff_ts"":""2026-06-24 00:00:00+00"",""limit_k"":10000}","fuzzy-memory-topk-panel-v1::fuzzy_topk_memory_severe::raw-large-balanced-v1::{""cutoff_ts"":""2026-06-24 00:00:00+00"",""limit_k"":10000}",nan,8e8d2f98539f4a009d76e2bafa2994da93c550be0df9a6a7019b81cb79140fb8,development_reference,,1.2751997945083604,0.7841902265952861,False,False,False,"{""increase_gac_work_mem"":0.1519052149533546,""mitigate_remote_path_bundle"":1.2917196971971587,""regional_topk_candidates"":1.8696813627440243}"
full_multilayer,q08_tenant_avg::run-3,21,q08_tenant_avg,3,2,"reference::fuzzy-memory-topk-panel-v1::fuzzy_topk_balanced::raw-large-balanced-v1::{""cutoff_ts"":""2026-06-24 00:00:00+00"",""limit_k"":10000}","fuzzy-memory-topk-panel-v1::fuzzy_topk_balanced::raw-large-balanced-v1::{""cutoff_ts"":""2026-06-24 00:00:00+00"",""limit_k"":10000}",nan,8e8d2f98539f4a009d76e2bafa2994da93c550be0df9a6a7019b81cb79140fb8,development_reference,,1.3989082987520984,0.7148426283905992,False,False,False,"{""increase_gac_work_mem"":0.033912495820706,""mitigate_remote_path_bundle"":2.685723352383513,""regional_topk_candidates"":2.983182859705127}"
full_multilayer,q08_tenant_avg::run-3,21,q08_tenant_avg,3,3,"reference::fuzzy-memory-topk-panel-v1::fuzzy_topk_memory_severe::raw-large-balanced-v1::{""cutoff_ts"":""2026-06-24 00:00:00+00"",""limit_k"":100}","fuzzy-memory-topk-panel-v1::fuzzy_topk_memory_severe::raw-large-balanced-v1::{""cutoff_ts"":""2026-06-24 00:00:00+00"",""limit_k"":100}",nan,8e8d2f98539f4a009d76e2bafa2994da93c550be0df9a6a7019b81cb79140fb8,development_reference,,1.5173747706558987,0.6590325345499233,False,False,False,"{""increase_gac_work_mem"":0.0078718370666349,""mitigate_remote_path_bundle"":1.4283978240698936,""regional_topk_candidates"":3.251278574713406}"
full_multilayer,q08_tenant_avg::run-3,21,q08_tenant_avg,3,4,"reference::fuzzy-memory-topk-panel-v1::fuzzy_topk_balanced::raw-large-balanced-v1::{""cutoff_ts"":""2026-06-24 00:00:00+00"",""limit_k"":100}","fuzzy-memory-topk-panel-v1::fuzzy_topk_balanced::raw-large-balanced-v1::{""cutoff_ts"":""2026-06-24 00:00:00+00"",""limit_k"":100}",nan,8e8d2f98539f4a009d76e2bafa2994da93c550be0df9a6a7019b81cb79140fb8,development_reference,,1.6827488391854926,0.594265396265932,False,False,False,"{""increase_gac_work_mem"":-0.0218364506141406,""mitigate_remote_path_bundle"":2.898860761936939,""regional_topk_candidates"":4.405764321102397}"
full_multilayer,q08_tenant_avg::run-3,21,q08_tenant_avg,3,5,q07_tenant_count::run-2,q07_tenant_count,e2883a3d8a1df39316eb339275178d1251674b54de02a31a771e6d2aeced7e7b,8e8d2f98539f4a009d76e2bafa2994da93c550be0df9a6a7019b81cb79140fb8,earlier_final_episode,18.0,1.7766991606359948,0.5628411716032242,False,False,False,"{""increase_gac_work_mem"":0.0058933650242485,""mitigate_remote_path_bundle"":4.322867216809753,""regional_topk_candidates"":5.944838229402522}"
full_multilayer,q09_tenant_max::run-1,22,q09_tenant_max,1,1,"reference::fuzzy-memory-topk-panel-v1::fuzzy_topk_balanced::raw-large-balanced-v1::{""cutoff_ts"":""2026-06-29 00:00:00+00"",""limit_k"":100}","fuzzy-memory-topk-panel-v1::fuzzy_topk_balanced::raw-large-balanced-v1::{""cutoff_ts"":""2026-06-29 00:00:00+00"",""limit_k"":100}",nan,0a1845d5eee8a966fc7841a83bbfa0c28f21ecba6942182b9a8b2e287f92f63b,development_reference,,8.336840192339928,0.1199495080845275,False,False,False,"{""increase_gac_work_mem"":0.0072951999589837,""mitigate_remote_path_bundle"":2.646928961962837,""regional_topk_candidates"":2.9074514602042885}"
full_multilayer,q09_tenant_max::run-1,22,q09_tenant_max,1,2,"reference::fuzzy-memory-topk-panel-v1::fuzzy_topk_memory_severe::raw-large-balanced-v1::{""cutoff_ts"":""2026-06-29 00:00:00+00"",""limit_k"":100}","fuzzy-memory-topk-panel-v1::fuzzy_topk_memory_severe::raw-large-balanced-v1::{""cutoff_ts"":""2026-06-29 00:00:00+00"",""limit_k"":100}",nan,0a1845d5eee8a966fc7841a83bbfa0c28f21ecba6942182b9a8b2e287f92f63b,development_reference,,8.40257199652896,0.11901116484356548,False,False,False,"{""increase_gac_work_mem"":0.0274589574398124,""mitigate_remote_path_bundle"":1.3346582999179395,""regional_topk_candidates"":2.0868568298219983}"
full_multilayer,q09_tenant_max::run-1,22,q09_tenant_max,1,3,q06_tenant_sum::run-1,q06_tenant_sum,82a4b1652b8883fb8dad714052530b1788280c0ae3dd3cb8823fe3b0d8dea3ac,0a1845d5eee8a966fc7841a83bbfa0c28f21ecba6942182b9a8b2e287f92f63b,earlier_final_episode,16.0,8.422916268656971,0.11872371152464727,False,False,False,"{""increase_gac_work_mem"":-0.0113274524048228,""mitigate_remote_path_bundle"":2.755693328342921,""regional_topk_candidates"":3.047649640005925}"
full_multilayer,q09_tenant_max::run-1,22,q09_tenant_max,1,4,q05_event_deviation::run-4,q05_event_deviation,bd5d33dbf428b5dfe5fde653651a56bf4036327ea0a4ea3cb42a933b2a2200b1,0a1845d5eee8a966fc7841a83bbfa0c28f21ecba6942182b9a8b2e287f92f63b,earlier_final_episode,14.0,8.430356532298203,0.11861893118634906,False,False,False,"{""increase_gac_work_mem"":0.0486061304280509,""mitigate_remote_path_bundle"":1.1748579673493134,""regional_topk_candidates"":1.6292173868977764}"
full_multilayer,q09_tenant_max::run-1,22,q09_tenant_max,1,5,"reference::fuzzy-memory-topk-panel-v1::fuzzy_topk_transport_severe::raw-large-balanced-v1::{""cutoff_ts"":""2026-06-29 00:00:00+00"",""limit_k"":100}","fuzzy-memory-topk-panel-v1::fuzzy_topk_transport_severe::raw-large-balanced-v1::{""cutoff_ts"":""2026-06-29 00:00:00+00"",""limit_k"":100}",nan,0a1845d5eee8a966fc7841a83bbfa0c28f21ecba6942182b9a8b2e287f92f63b,development_reference,,8.454135392907018,0.11828529296487286,False,False,False,"{""increase_gac_work_mem"":0.0081868930148983,""mitigate_remote_path_bundle"":4.360051703774939,""regional_topk_candidates"":4.127185858907333}"
full_multilayer,q09_tenant_max::run-2,23,q09_tenant_max,2,1,"reference::fuzzy-memory-topk-panel-v1::fuzzy_topk_balanced::raw-large-balanced-v1::{""cutoff_ts"":""2026-06-29 00:00:00+00"",""limit_k"":100}","fuzzy-memory-topk-panel-v1::fuzzy_topk_balanced::raw-large-balanced-v1::{""cutoff_ts"":""2026-06-29 00:00:00+00"",""limit_k"":100}",nan,0a1845d5eee8a966fc7841a83bbfa0c28f21ecba6942182b9a8b2e287f92f63b,development_reference,,8.366845834795562,0.11951933861646152,False,False,False,"{""increase_gac_work_mem"":0.0072951999589837,""mitigate_remote_path_bundle"":2.646928961962837,""regional_topk_candidates"":2.9074514602042885}"
full_multilayer,q09_tenant_max::run-2,23,q09_tenant_max,2,2,q05_event_deviation::run-4,q05_event_deviation,bd5d33dbf428b5dfe5fde653651a56bf4036327ea0a4ea3cb42a933b2a2200b1,0a1845d5eee8a966fc7841a83bbfa0c28f21ecba6942182b9a8b2e287f92f63b,earlier_final_episode,14.0,8.38574429419527,0.1192499849348172,False,False,False,"{""increase_gac_work_mem"":0.0486061304280509,""mitigate_remote_path_bundle"":1.1748579673493134,""regional_topk_candidates"":1.6292173868977764}"
full_multilayer,q09_tenant_max::run-2,23,q09_tenant_max,2,3,q05_event_deviation::run-2,q05_event_deviation,bd5d33dbf428b5dfe5fde653651a56bf4036327ea0a4ea3cb42a933b2a2200b1,0a1845d5eee8a966fc7841a83bbfa0c28f21ecba6942182b9a8b2e287f92f63b,earlier_final_episode,12.0,8.407889254835403,0.11893590064700203,False,False,False,"{""increase_gac_work_mem"":0.0183683695362655,""mitigate_remote_path_bundle"":1.1897369988267434,""regional_topk_candidates"":1.5287577109536976}"
full_multilayer,q09_tenant_max::run-2,23,q09_tenant_max,2,4,q06_tenant_sum::run-1,q06_tenant_sum,82a4b1652b8883fb8dad714052530b1788280c0ae3dd3cb8823fe3b0d8dea3ac,0a1845d5eee8a966fc7841a83bbfa0c28f21ecba6942182b9a8b2e287f92f63b,earlier_final_episode,16.0,8.415838743261714,0.11882355540344826,False,False,False,"{""increase_gac_work_mem"":-0.0113274524048228,""mitigate_remote_path_bundle"":2.755693328342921,""regional_topk_candidates"":3.047649640005925}"
full_multilayer,q09_tenant_max::run-2,23,q09_tenant_max,2,5,"reference::fuzzy-memory-topk-panel-v1::fuzzy_topk_memory_severe::raw-large-balanced-v1::{""cutoff_ts"":""2026-06-29 00:00:00+00"",""limit_k"":100}","fuzzy-memory-topk-panel-v1::fuzzy_topk_memory_severe::raw-large-balanced-v1::{""cutoff_ts"":""2026-06-29 00:00:00+00"",""limit_k"":100}",nan,0a1845d5eee8a966fc7841a83bbfa0c28f21ecba6942182b9a8b2e287f92f63b,development_reference,,8.434286995336558,0.11856365357134055,False,False,False,"{""increase_gac_work_mem"":0.0274589574398124,""mitigate_remote_path_bundle"":1.3346582999179395,""regional_topk_candidates"":2.0868568298219983}"
full_multilayer,q09_tenant_max::run-3,24,q09_tenant_max,3,1,"reference::fuzzy-memory-topk-panel-v1::fuzzy_topk_balanced::raw-large-balanced-v1::{""cutoff_ts"":""2026-06-29 00:00:00+00"",""limit_k"":100}","fuzzy-memory-topk-panel-v1::fuzzy_topk_balanced::raw-large-balanced-v1::{""cutoff_ts"":""2026-06-29 00:00:00+00"",""limit_k"":100}",nan,0a1845d5eee8a966fc7841a83bbfa0c28f21ecba6942182b9a8b2e287f92f63b,development_reference,,8.370275623929098,0.11947036459239375,False,False,False,"{""increase_gac_work_mem"":0.0072951999589837,""mitigate_remote_path_bundle"":2.646928961962837,""regional_topk_candidates"":2.9074514602042885}"
full_multilayer,q09_tenant_max::run-3,24,q09_tenant_max,3,2,q05_event_deviation::run-4,q05_event_deviation,bd5d33dbf428b5dfe5fde653651a56bf4036327ea0a4ea3cb42a933b2a2200b1,0a1845d5eee8a966fc7841a83bbfa0c28f21ecba6942182b9a8b2e287f92f63b,earlier_final_episode,14.0,8.391209303922931,0.11917232005643992,False,False,False,"{""increase_gac_work_mem"":0.0486061304280509,""mitigate_remote_path_bundle"":1.1748579673493134,""regional_topk_candidates"":1.6292173868977764}"
full_multilayer,q09_tenant_max::run-3,24,q09_tenant_max,3,3,q05_event_deviation::run-2,q05_event_deviation,bd5d33dbf428b5dfe5fde653651a56bf4036327ea0a4ea3cb42a933b2a2200b1,0a1845d5eee8a966fc7841a83bbfa0c28f21ecba6942182b9a8b2e287f92f63b,earlier_final_episode,12.0,8.41269831863163,0.11886791172784425,False,False,False,"{""increase_gac_work_mem"":0.0183683695362655,""mitigate_remote_path_bundle"":1.1897369988267434,""regional_topk_candidates"":1.5287577109536976}"
full_multilayer,q09_tenant_max::run-3,24,q09_tenant_max,3,4,q06_tenant_sum::run-1,q06_tenant_sum,82a4b1652b8883fb8dad714052530b1788280c0ae3dd3cb8823fe3b0d8dea3ac,0a1845d5eee8a966fc7841a83bbfa0c28f21ecba6942182b9a8b2e287f92f63b,earlier_final_episode,16.0,8.423495352478348,0.11871554971419697,False,False,False,"{""increase_gac_work_mem"":-0.0113274524048228,""mitigate_remote_path_bundle"":2.755693328342921,""regional_topk_candidates"":3.047649640005925}"
full_multilayer,q09_tenant_max::run-3,24,q09_tenant_max,3,5,"reference::fuzzy-memory-topk-panel-v1::fuzzy_topk_memory_severe::raw-large-balanced-v1::{""cutoff_ts"":""2026-06-29 00:00:00+00"",""limit_k"":100}","fuzzy-memory-topk-panel-v1::fuzzy_topk_memory_severe::raw-large-balanced-v1::{""cutoff_ts"":""2026-06-29 00:00:00+00"",""limit_k"":100}",nan,0a1845d5eee8a966fc7841a83bbfa0c28f21ecba6942182b9a8b2e287f92f63b,development_reference,,8.438360782257027,0.11850641461031645,False,False,False,"{""increase_gac_work_mem"":0.0274589574398124,""mitigate_remote_path_bundle"":1.3346582999179395,""regional_topk_candidates"":2.0868568298219983}"
full_multilayer,q09_tenant_max::run-4,25,q09_tenant_max,4,1,"reference::fuzzy-memory-topk-panel-v1::fuzzy_topk_balanced::raw-large-balanced-v1::{""cutoff_ts"":""2026-06-29 00:00:00+00"",""limit_k"":100}","fuzzy-memory-topk-panel-v1::fuzzy_topk_balanced::raw-large-balanced-v1::{""cutoff_ts"":""2026-06-29 00:00:00+00"",""limit_k"":100}",nan,0a1845d5eee8a966fc7841a83bbfa0c28f21ecba6942182b9a8b2e287f92f63b,development_reference,,8.351797839099666,0.1197346846188888,False,False,False,"{""increase_gac_work_mem"":0.0072951999589837,""mitigate_remote_path_bundle"":2.646928961962837,""regional_topk_candidates"":2.9074514602042885}"
full_multilayer,q09_tenant_max::run-4,25,q09_tenant_max,4,2,q05_event_deviation::run-4,q05_event_deviation,bd5d33dbf428b5dfe5fde653651a56bf4036327ea0a4ea3cb42a933b2a2200b1,0a1845d5eee8a966fc7841a83bbfa0c28f21ecba6942182b9a8b2e287f92f63b,earlier_final_episode,14.0,8.380705571304176,0.11932168147063328,False,False,False,"{""increase_gac_work_mem"":0.0486061304280509,""mitigate_remote_path_bundle"":1.1748579673493134,""regional_topk_candidates"":1.6292173868977764}"
full_multilayer,q09_tenant_max::run-4,25,q09_tenant_max,4,3,q05_event_deviation::run-2,q05_event_deviation,bd5d33dbf428b5dfe5fde653651a56bf4036327ea0a4ea3cb42a933b2a2200b1,0a1845d5eee8a966fc7841a83bbfa0c28f21ecba6942182b9a8b2e287f92f63b,earlier_final_episode,12.0,8.405190603839452,0.11897408734182868,False,False,False,"{""increase_gac_work_mem"":0.0183683695362655,""mitigate_remote_path_bundle"":1.1897369988267434,""regional_topk_candidates"":1.5287577109536976}"
full_multilayer,q09_tenant_max::run-4,25,q09_tenant_max,4,4,q06_tenant_sum::run-1,q06_tenant_sum,82a4b1652b8883fb8dad714052530b1788280c0ae3dd3cb8823fe3b0d8dea3ac,0a1845d5eee8a966fc7841a83bbfa0c28f21ecba6942182b9a8b2e287f92f63b,earlier_final_episode,16.0,8.418047106166666,0.11879238362482712,False,False,False,"{""increase_gac_work_mem"":-0.0113274524048228,""mitigate_remote_path_bundle"":2.755693328342921,""regional_topk_candidates"":3.047649640005925}"
full_multilayer,q09_tenant_max::run-4,25,q09_tenant_max,4,5,"reference::fuzzy-memory-topk-panel-v1::fuzzy_topk_memory_severe::raw-large-balanced-v1::{""cutoff_ts"":""2026-06-29 00:00:00+00"",""limit_k"":100}","fuzzy-memory-topk-panel-v1::fuzzy_topk_memory_severe::raw-large-balanced-v1::{""cutoff_ts"":""2026-06-29 00:00:00+00"",""limit_k"":100}",nan,0a1845d5eee8a966fc7841a83bbfa0c28f21ecba6942182b9a8b2e287f92f63b,development_reference,,8.424244530212372,0.11870499220537208,False,False,False,"{""increase_gac_work_mem"":0.0274589574398124,""mitigate_remote_path_bundle"":1.3346582999179395,""regional_topk_candidates"":2.0868568298219983}"
full_multilayer,q10_tenant_min::run-1,26,q10_tenant_min,1,1,q09_tenant_max::run-1,q09_tenant_max,0a1845d5eee8a966fc7841a83bbfa0c28f21ecba6942182b9a8b2e287f92f63b,1ffceae8ec4dc807efe850ad847328743196a4fc73e3da8ce9c3268b0eb210fe,earlier_final_episode,22.0,1.0012439642528406,0.9987565837559348,False,False,False,"{""increase_gac_work_mem"":-0.0098099219860758,""mitigate_remote_path_bundle"":1.993424827708021,""regional_topk_candidates"":0.6178171990686502}"
full_multilayer,q10_tenant_min::run-1,26,q10_tenant_min,1,2,q09_tenant_max::run-4,q09_tenant_max,0a1845d5eee8a966fc7841a83bbfa0c28f21ecba6942182b9a8b2e287f92f63b,1ffceae8ec4dc807efe850ad847328743196a4fc73e3da8ce9c3268b0eb210fe,earlier_final_episode,25.0,1.1385663756335564,0.8782967274497475,False,False,False,"{""increase_gac_work_mem"":0.001257989186062,""mitigate_remote_path_bundle"":1.940935010719443,""regional_topk_candidates"":0.6273560086690125}"
full_multilayer,q10_tenant_min::run-1,26,q10_tenant_min,1,3,q09_tenant_max::run-3,q09_tenant_max,0a1845d5eee8a966fc7841a83bbfa0c28f21ecba6942182b9a8b2e287f92f63b,1ffceae8ec4dc807efe850ad847328743196a4fc73e3da8ce9c3268b0eb210fe,earlier_final_episode,24.0,1.2230162733621381,0.8176499398499484,False,False,False,"{""increase_gac_work_mem"":0.0235774955198211,""mitigate_remote_path_bundle"":1.8201093118769007,""regional_topk_candidates"":0.741129797923938}"
full_multilayer,q10_tenant_min::run-1,26,q10_tenant_min,1,4,q09_tenant_max::run-2,q09_tenant_max,0a1845d5eee8a966fc7841a83bbfa0c28f21ecba6942182b9a8b2e287f92f63b,1ffceae8ec4dc807efe850ad847328743196a4fc73e3da8ce9c3268b0eb210fe,earlier_final_episode,23.0,1.3490550140306674,0.7412590653016929,False,False,False,"{""increase_gac_work_mem"":0.0118212301274772,""mitigate_remote_path_bundle"":2.0356382800169626,""regional_topk_candidates"":0.711494806856934}"
full_multilayer,q10_tenant_min::run-1,26,q10_tenant_min,1,5,"reference::fuzzy-memory-topk-panel-v1::fuzzy_topk_balanced::raw-large-balanced-v1::{""cutoff_ts"":""2026-06-29 00:00:00+00"",""limit_k"":100}","fuzzy-memory-topk-panel-v1::fuzzy_topk_balanced::raw-large-balanced-v1::{""cutoff_ts"":""2026-06-29 00:00:00+00"",""limit_k"":100}",nan,1ffceae8ec4dc807efe850ad847328743196a4fc73e3da8ce9c3268b0eb210fe,development_reference,,8.522517699837437,0.11733620484975582,False,False,False,"{""increase_gac_work_mem"":0.0072951999589837,""mitigate_remote_path_bundle"":2.646928961962837,""regional_topk_candidates"":2.9074514602042885}"
full_multilayer,q10_tenant_min::run-2,27,q10_tenant_min,2,1,q09_tenant_max::run-4,q09_tenant_max,0a1845d5eee8a966fc7841a83bbfa0c28f21ecba6942182b9a8b2e287f92f63b,1ffceae8ec4dc807efe850ad847328743196a4fc73e3da8ce9c3268b0eb210fe,earlier_final_episode,25.0,0.9928682273479352,1.0071819857597075,False,False,False,"{""increase_gac_work_mem"":0.001257989186062,""mitigate_remote_path_bundle"":1.940935010719443,""regional_topk_candidates"":0.6273560086690125}"
full_multilayer,q10_tenant_min::run-2,27,q10_tenant_min,2,2,q09_tenant_max::run-3,q09_tenant_max,0a1845d5eee8a966fc7841a83bbfa0c28f21ecba6942182b9a8b2e287f92f63b,1ffceae8ec4dc807efe850ad847328743196a4fc73e3da8ce9c3268b0eb210fe,earlier_final_episode,24.0,1.0104619857821673,0.9896453547241336,False,False,False,"{""increase_gac_work_mem"":0.0235774955198211,""mitigate_remote_path_bundle"":1.8201093118769007,""regional_topk_candidates"":0.741129797923938}"
full_multilayer,q10_tenant_min::run-2,27,q10_tenant_min,2,3,q09_tenant_max::run-2,q09_tenant_max,0a1845d5eee8a966fc7841a83bbfa0c28f21ecba6942182b9a8b2e287f92f63b,1ffceae8ec4dc807efe850ad847328743196a4fc73e3da8ce9c3268b0eb210fe,earlier_final_episode,23.0,1.1458376231631855,0.8727232437316649,False,False,False,"{""increase_gac_work_mem"":0.0118212301274772,""mitigate_remote_path_bundle"":2.0356382800169626,""regional_topk_candidates"":0.711494806856934}"
full_multilayer,q10_tenant_min::run-2,27,q10_tenant_min,2,4,q09_tenant_max::run-1,q09_tenant_max,0a1845d5eee8a966fc7841a83bbfa0c28f21ecba6942182b9a8b2e287f92f63b,1ffceae8ec4dc807efe850ad847328743196a4fc73e3da8ce9c3268b0eb210fe,earlier_final_episode,22.0,1.512531083650176,0.6611430004094272,False,False,False,"{""increase_gac_work_mem"":-0.0098099219860758,""mitigate_remote_path_bundle"":1.993424827708021,""regional_topk_candidates"":0.6178171990686502}"
full_multilayer,q10_tenant_min::run-2,27,q10_tenant_min,2,5,"reference::fuzzy-memory-topk-panel-v1::fuzzy_topk_balanced::raw-large-balanced-v1::{""cutoff_ts"":""2026-06-29 00:00:00+00"",""limit_k"":100}","fuzzy-memory-topk-panel-v1::fuzzy_topk_balanced::raw-large-balanced-v1::{""cutoff_ts"":""2026-06-29 00:00:00+00"",""limit_k"":100}",nan,1ffceae8ec4dc807efe850ad847328743196a4fc73e3da8ce9c3268b0eb210fe,development_reference,,8.56328952260767,0.11677753982069533,False,False,False,"{""increase_gac_work_mem"":0.0072951999589837,""mitigate_remote_path_bundle"":2.646928961962837,""regional_topk_candidates"":2.9074514602042885}"
full_multilayer,q10_tenant_min::run-3,28,q10_tenant_min,3,1,q09_tenant_max::run-4,q09_tenant_max,0a1845d5eee8a966fc7841a83bbfa0c28f21ecba6942182b9a8b2e287f92f63b,1ffceae8ec4dc807efe850ad847328743196a4fc73e3da8ce9c3268b0eb210fe,earlier_final_episode,25.0,0.9571855901244649,1.044728384535734,False,False,False,"{""increase_gac_work_mem"":0.001257989186062,""mitigate_remote_path_bundle"":1.940935010719443,""regional_topk_candidates"":0.6273560086690125}"
full_multilayer,q10_tenant_min::run-3,28,q10_tenant_min,3,2,q09_tenant_max::run-3,q09_tenant_max,0a1845d5eee8a966fc7841a83bbfa0c28f21ecba6942182b9a8b2e287f92f63b,1ffceae8ec4dc807efe850ad847328743196a4fc73e3da8ce9c3268b0eb210fe,earlier_final_episode,24.0,0.9776221063342022,1.0228890801790729,False,False,False,"{""increase_gac_work_mem"":0.0235774955198211,""mitigate_remote_path_bundle"":1.8201093118769007,""regional_topk_candidates"":0.741129797923938}"
full_multilayer,q10_tenant_min::run-3,28,q10_tenant_min,3,3,q09_tenant_max::run-2,q09_tenant_max,0a1845d5eee8a966fc7841a83bbfa0c28f21ecba6942182b9a8b2e287f92f63b,1ffceae8ec4dc807efe850ad847328743196a4fc73e3da8ce9c3268b0eb210fe,earlier_final_episode,23.0,1.0977918042488213,0.9109187053601274,False,False,False,"{""increase_gac_work_mem"":0.0118212301274772,""mitigate_remote_path_bundle"":2.0356382800169626,""regional_topk_candidates"":0.711494806856934}"
full_multilayer,q10_tenant_min::run-3,28,q10_tenant_min,3,4,q09_tenant_max::run-1,q09_tenant_max,0a1845d5eee8a966fc7841a83bbfa0c28f21ecba6942182b9a8b2e287f92f63b,1ffceae8ec4dc807efe850ad847328743196a4fc73e3da8ce9c3268b0eb210fe,earlier_final_episode,22.0,1.4814925265342387,0.6749945120174571,False,False,False,"{""increase_gac_work_mem"":-0.0098099219860758,""mitigate_remote_path_bundle"":1.993424827708021,""regional_topk_candidates"":0.6178171990686502}"
full_multilayer,q10_tenant_min::run-3,28,q10_tenant_min,3,5,"reference::fuzzy-memory-topk-panel-v1::fuzzy_topk_balanced::raw-large-balanced-v1::{""cutoff_ts"":""2026-06-29 00:00:00+00"",""limit_k"":100}","fuzzy-memory-topk-panel-v1::fuzzy_topk_balanced::raw-large-balanced-v1::{""cutoff_ts"":""2026-06-29 00:00:00+00"",""limit_k"":100}",nan,1ffceae8ec4dc807efe850ad847328743196a4fc73e3da8ce9c3268b0eb210fe,development_reference,,8.581444667243385,0.11653048201623466,False,False,False,"{""increase_gac_work_mem"":0.0072951999589837,""mitigate_remote_path_bundle"":2.646928961962837,""regional_topk_candidates"":2.9074514602042885}"
full_multilayer,q10_tenant_min::run-4,29,q10_tenant_min,4,1,q09_tenant_max::run-3,q09_tenant_max,0a1845d5eee8a966fc7841a83bbfa0c28f21ecba6942182b9a8b2e287f92f63b,1ffceae8ec4dc807efe850ad847328743196a4fc73e3da8ce9c3268b0eb210fe,earlier_final_episode,24.0,0.9646254389823431,1.0366707355180675,False,False,False,"{""increase_gac_work_mem"":0.0235774955198211,""mitigate_remote_path_bundle"":1.8201093118769007,""regional_topk_candidates"":0.741129797923938}"
full_multilayer,q10_tenant_min::run-4,29,q10_tenant_min,4,2,q09_tenant_max::run-4,q09_tenant_max,0a1845d5eee8a966fc7841a83bbfa0c28f21ecba6942182b9a8b2e287f92f63b,1ffceae8ec4dc807efe850ad847328743196a4fc73e3da8ce9c3268b0eb210fe,earlier_final_episode,25.0,0.9678314771650595,1.0332366639825565,False,False,False,"{""increase_gac_work_mem"":0.001257989186062,""mitigate_remote_path_bundle"":1.940935010719443,""regional_topk_candidates"":0.6273560086690125}"
full_multilayer,q10_tenant_min::run-4,29,q10_tenant_min,4,3,q09_tenant_max::run-2,q09_tenant_max,0a1845d5eee8a966fc7841a83bbfa0c28f21ecba6942182b9a8b2e287f92f63b,1ffceae8ec4dc807efe850ad847328743196a4fc73e3da8ce9c3268b0eb210fe,earlier_final_episode,23.0,1.0913537093578105,0.916292376278317,False,False,False,"{""increase_gac_work_mem"":0.0118212301274772,""mitigate_remote_path_bundle"":2.0356382800169626,""regional_topk_candidates"":0.711494806856934}"
full_multilayer,q10_tenant_min::run-4,29,q10_tenant_min,4,4,q09_tenant_max::run-1,q09_tenant_max,0a1845d5eee8a966fc7841a83bbfa0c28f21ecba6942182b9a8b2e287f92f63b,1ffceae8ec4dc807efe850ad847328743196a4fc73e3da8ce9c3268b0eb210fe,earlier_final_episode,22.0,1.5072044498999113,0.6634795542083575,False,False,False,"{""increase_gac_work_mem"":-0.0098099219860758,""mitigate_remote_path_bundle"":1.993424827708021,""regional_topk_candidates"":0.6178171990686502}"
full_multilayer,q10_tenant_min::run-4,29,q10_tenant_min,4,5,"reference::fuzzy-memory-topk-panel-v1::fuzzy_topk_balanced::raw-large-balanced-v1::{""cutoff_ts"":""2026-06-29 00:00:00+00"",""limit_k"":100}","fuzzy-memory-topk-panel-v1::fuzzy_topk_balanced::raw-large-balanced-v1::{""cutoff_ts"":""2026-06-29 00:00:00+00"",""limit_k"":100}",nan,1ffceae8ec4dc807efe850ad847328743196a4fc73e3da8ce9c3268b0eb210fe,development_reference,,8.542509169947609,0.11706161070992709,False,False,False,"{""increase_gac_work_mem"":0.0072951999589837,""mitigate_remote_path_bundle"":2.646928961962837,""regional_topk_candidates"":2.9074514602042885}"
full_multilayer,q10_tenant_min::run-5,30,q10_tenant_min,5,1,q09_tenant_max::run-2,q09_tenant_max,0a1845d5eee8a966fc7841a83bbfa0c28f21ecba6942182b9a8b2e287f92f63b,1ffceae8ec4dc807efe850ad847328743196a4fc73e3da8ce9c3268b0eb210fe,earlier_final_episode,23.0,1.7588249641623788,0.5685610858469666,False,False,False,"{""increase_gac_work_mem"":0.0118212301274772,""mitigate_remote_path_bundle"":2.0356382800169626,""regional_topk_candidates"":0.711494806856934}"
full_multilayer,q10_tenant_min::run-5,30,q10_tenant_min,5,2,q09_tenant_max::run-3,q09_tenant_max,0a1845d5eee8a966fc7841a83bbfa0c28f21ecba6942182b9a8b2e287f92f63b,1ffceae8ec4dc807efe850ad847328743196a4fc73e3da8ce9c3268b0eb210fe,earlier_final_episode,24.0,1.7887940170996086,0.5590355465219385,False,False,False,"{""increase_gac_work_mem"":0.0235774955198211,""mitigate_remote_path_bundle"":1.8201093118769007,""regional_topk_candidates"":0.741129797923938}"
full_multilayer,q10_tenant_min::run-5,30,q10_tenant_min,5,3,q09_tenant_max::run-4,q09_tenant_max,0a1845d5eee8a966fc7841a83bbfa0c28f21ecba6942182b9a8b2e287f92f63b,1ffceae8ec4dc807efe850ad847328743196a4fc73e3da8ce9c3268b0eb210fe,earlier_final_episode,25.0,1.9721517214333002,0.5070601222369993,False,False,False,"{""increase_gac_work_mem"":0.001257989186062,""mitigate_remote_path_bundle"":1.940935010719443,""regional_topk_candidates"":0.6273560086690125}"
full_multilayer,q10_tenant_min::run-5,30,q10_tenant_min,5,4,q09_tenant_max::run-1,q09_tenant_max,0a1845d5eee8a966fc7841a83bbfa0c28f21ecba6942182b9a8b2e287f92f63b,1ffceae8ec4dc807efe850ad847328743196a4fc73e3da8ce9c3268b0eb210fe,earlier_final_episode,22.0,2.4314937757754507,0.411269647775032,False,False,False,"{""increase_gac_work_mem"":-0.0098099219860758,""mitigate_remote_path_bundle"":1.993424827708021,""regional_topk_candidates"":0.6178171990686502}"
full_multilayer,q10_tenant_min::run-5,30,q10_tenant_min,5,5,"reference::fuzzy-memory-topk-panel-v1::fuzzy_topk_transport_severe::raw-large-balanced-v1::{""cutoff_ts"":""2026-06-29 00:00:00+00"",""limit_k"":100}","fuzzy-memory-topk-panel-v1::fuzzy_topk_transport_severe::raw-large-balanced-v1::{""cutoff_ts"":""2026-06-29 00:00:00+00"",""limit_k"":100}",nan,1ffceae8ec4dc807efe850ad847328743196a4fc73e3da8ce9c3268b0eb210fe,development_reference,,8.53905656905836,0.11710894228228919,False,False,False,"{""increase_gac_work_mem"":0.0081868930148983,""mitigate_remote_path_bundle"":4.360051703774939,""regional_topk_candidates"":4.127185858907333}"
full_multilayer,q11_tenant_high_count::run-1,31,q11_tenant_high_count,1,1,q09_tenant_max::run-2,q09_tenant_max,0a1845d5eee8a966fc7841a83bbfa0c28f21ecba6942182b9a8b2e287f92f63b,5e5d10fdfa8932055d31658300e8657de100e5a9a6617c3c715332b89e01839c,earlier_final_episode,23.0,1.5295218850684793,0.6537986516986494,False,False,False,"{""increase_gac_work_mem"":0.0118212301274772,""mitigate_remote_path_bundle"":2.0356382800169626,""regional_topk_candidates"":0.711494806856934}"
full_multilayer,q11_tenant_high_count::run-1,31,q11_tenant_high_count,1,2,q09_tenant_max::run-3,q09_tenant_max,0a1845d5eee8a966fc7841a83bbfa0c28f21ecba6942182b9a8b2e287f92f63b,5e5d10fdfa8932055d31658300e8657de100e5a9a6617c3c715332b89e01839c,earlier_final_episode,24.0,1.674957132642871,0.5970298483951519,False,False,False,"{""increase_gac_work_mem"":0.0235774955198211,""mitigate_remote_path_bundle"":1.8201093118769007,""regional_topk_candidates"":0.741129797923938}"
full_multilayer,q11_tenant_high_count::run-1,31,q11_tenant_high_count,1,3,q10_tenant_min::run-3,q10_tenant_min,1ffceae8ec4dc807efe850ad847328743196a4fc73e3da8ce9c3268b0eb210fe,5e5d10fdfa8932055d31658300e8657de100e5a9a6617c3c715332b89e01839c,earlier_final_episode,28.0,1.7416800856524415,0.5741579260622192,False,False,False,"{""increase_gac_work_mem"":0.0360130863917107,""mitigate_remote_path_bundle"":3.5011137901178766,""regional_topk_candidates"":1.6725292573066506}"
full_multilayer,q11_tenant_high_count::run-1,31,q11_tenant_high_count,1,4,q09_tenant_max::run-4,q09_tenant_max,0a1845d5eee8a966fc7841a83bbfa0c28f21ecba6942182b9a8b2e287f92f63b,5e5d10fdfa8932055d31658300e8657de100e5a9a6617c3c715332b89e01839c,earlier_final_episode,25.0,1.7599557423972438,0.5681957834019807,False,False,False,"{""increase_gac_work_mem"":0.001257989186062,""mitigate_remote_path_bundle"":1.940935010719443,""regional_topk_candidates"":0.6273560086690125}"
full_multilayer,q11_tenant_high_count::run-1,31,q11_tenant_high_count,1,5,q10_tenant_min::run-4,q10_tenant_min,1ffceae8ec4dc807efe850ad847328743196a4fc73e3da8ce9c3268b0eb210fe,5e5d10fdfa8932055d31658300e8657de100e5a9a6617c3c715332b89e01839c,earlier_final_episode,29.0,1.7606577131585515,0.5679692449912908,False,False,False,"{""increase_gac_work_mem"":-0.0081606287519814,""mitigate_remote_path_bundle"":3.458012893313503,""regional_topk_candidates"":1.62577245151283}"
full_multilayer,q12_tenant_user_sum::run-1,32,q12_tenant_user_sum,1,1,q11_tenant_high_count::run-1,q11_tenant_high_count,5e5d10fdfa8932055d31658300e8657de100e5a9a6617c3c715332b89e01839c,78f49b835f2ec263b24cbefa86d9c89533b4c254bff2e0e54dc23ae3e08a65f4,earlier_final_episode,31.0,1.3875343004754501,0.7207023847662413,False,False,False,"{""increase_gac_work_mem"":0.0937873302573581,""mitigate_remote_path_bundle"":1.1890485176438446,""regional_topk_candidates"":1.689951973975143}"
full_multilayer,q12_tenant_user_sum::run-1,32,q12_tenant_user_sum,1,2,q10_tenant_min::run-3,q10_tenant_min,1ffceae8ec4dc807efe850ad847328743196a4fc73e3da8ce9c3268b0eb210fe,78f49b835f2ec263b24cbefa86d9c89533b4c254bff2e0e54dc23ae3e08a65f4,earlier_final_episode,28.0,1.6375580856728353,0.6106649883653652,False,False,False,"{""increase_gac_work_mem"":0.0360130863917107,""mitigate_remote_path_bundle"":3.5011137901178766,""regional_topk_candidates"":1.6725292573066506}"
full_multilayer,q12_tenant_user_sum::run-1,32,q12_tenant_user_sum,1,3,q10_tenant_min::run-4,q10_tenant_min,1ffceae8ec4dc807efe850ad847328743196a4fc73e3da8ce9c3268b0eb210fe,78f49b835f2ec263b24cbefa86d9c89533b4c254bff2e0e54dc23ae3e08a65f4,earlier_final_episode,29.0,1.6655384577250016,0.6004060698543419,False,False,False,"{""increase_gac_work_mem"":-0.0081606287519814,""mitigate_remote_path_bundle"":3.458012893313503,""regional_topk_candidates"":1.62577245151283}"
full_multilayer,q12_tenant_user_sum::run-1,32,q12_tenant_user_sum,1,4,q10_tenant_min::run-2,q10_tenant_min,1ffceae8ec4dc807efe850ad847328743196a4fc73e3da8ce9c3268b0eb210fe,78f49b835f2ec263b24cbefa86d9c89533b4c254bff2e0e54dc23ae3e08a65f4,earlier_final_episode,27.0,1.6797224284416543,0.5953361029962769,False,False,False,"{""increase_gac_work_mem"":-0.0055403245600634,""mitigate_remote_path_bundle"":3.4653048889107207,""regional_topk_candidates"":1.6670659134424273}"
full_multilayer,q12_tenant_user_sum::run-1,32,q12_tenant_user_sum,1,5,q10_tenant_min::run-1,q10_tenant_min,1ffceae8ec4dc807efe850ad847328743196a4fc73e3da8ce9c3268b0eb210fe,78f49b835f2ec263b24cbefa86d9c89533b4c254bff2e0e54dc23ae3e08a65f4,earlier_final_episode,26.0,1.9399363029448815,0.5154805768629588,False,False,False,"{""increase_gac_work_mem"":-0.0152279019519483,""mitigate_remote_path_bundle"":3.3317455284481,""regional_topk_candidates"":1.5949990223674917}"
full_multilayer,q12_tenant_user_sum::run-2,33,q12_tenant_user_sum,2,1,q11_tenant_high_count::run-1,q11_tenant_high_count,5e5d10fdfa8932055d31658300e8657de100e5a9a6617c3c715332b89e01839c,78f49b835f2ec263b24cbefa86d9c89533b4c254bff2e0e54dc23ae3e08a65f4,earlier_final_episode,31.0,1.5292649514416035,0.6539084971174067,False,False,False,"{""increase_gac_work_mem"":0.0937873302573581,""mitigate_remote_path_bundle"":1.1890485176438446,""regional_topk_candidates"":1.689951973975143}"
full_multilayer,q12_tenant_user_sum::run-2,33,q12_tenant_user_sum,2,2,q10_tenant_min::run-3,q10_tenant_min,1ffceae8ec4dc807efe850ad847328743196a4fc73e3da8ce9c3268b0eb210fe,78f49b835f2ec263b24cbefa86d9c89533b4c254bff2e0e54dc23ae3e08a65f4,earlier_final_episode,28.0,1.7017169248074708,0.5876414565669796,False,False,False,"{""increase_gac_work_mem"":0.0360130863917107,""mitigate_remote_path_bundle"":3.5011137901178766,""regional_topk_candidates"":1.6725292573066506}"
full_multilayer,q12_tenant_user_sum::run-2,33,q12_tenant_user_sum,2,3,q10_tenant_min::run-4,q10_tenant_min,1ffceae8ec4dc807efe850ad847328743196a4fc73e3da8ce9c3268b0eb210fe,78f49b835f2ec263b24cbefa86d9c89533b4c254bff2e0e54dc23ae3e08a65f4,earlier_final_episode,29.0,1.7520329769003067,0.5707651867398126,False,False,False,"{""increase_gac_work_mem"":-0.0081606287519814,""mitigate_remote_path_bundle"":3.458012893313503,""regional_topk_candidates"":1.62577245151283}"
full_multilayer,q12_tenant_user_sum::run-2,33,q12_tenant_user_sum,2,4,q10_tenant_min::run-2,q10_tenant_min,1ffceae8ec4dc807efe850ad847328743196a4fc73e3da8ce9c3268b0eb210fe,78f49b835f2ec263b24cbefa86d9c89533b4c254bff2e0e54dc23ae3e08a65f4,earlier_final_episode,27.0,1.7532224051143244,0.5703779661410532,False,False,False,"{""increase_gac_work_mem"":-0.0055403245600634,""mitigate_remote_path_bundle"":3.4653048889107207,""regional_topk_candidates"":1.6670659134424273}"
full_multilayer,q12_tenant_user_sum::run-2,33,q12_tenant_user_sum,2,5,q10_tenant_min::run-1,q10_tenant_min,1ffceae8ec4dc807efe850ad847328743196a4fc73e3da8ce9c3268b0eb210fe,78f49b835f2ec263b24cbefa86d9c89533b4c254bff2e0e54dc23ae3e08a65f4,earlier_final_episode,26.0,2.0877098877224185,0.478993526297574,False,False,False,"{""increase_gac_work_mem"":-0.0152279019519483,""mitigate_remote_path_bundle"":3.3317455284481,""regional_topk_candidates"":1.5949990223674917}"
full_multilayer,q13_tenant_user_count::run-1,34,q13_tenant_user_count,1,1,q10_tenant_min::run-1,q10_tenant_min,1ffceae8ec4dc807efe850ad847328743196a4fc73e3da8ce9c3268b0eb210fe,8abd4dad5be8a8b072675fe97f3c25d8b29f0a4ad601501d7ca205a8f9a80277,earlier_final_episode,26.0,1.2824698217759511,0.7797448355317833,False,False,False,"{""increase_gac_work_mem"":-0.0152279019519483,""mitigate_remote_path_bundle"":3.3317455284481,""regional_topk_candidates"":1.5949990223674917}"
full_multilayer,q13_tenant_user_count::run-1,34,q13_tenant_user_count,1,2,q12_tenant_user_sum::run-1,q12_tenant_user_sum,78f49b835f2ec263b24cbefa86d9c89533b4c254bff2e0e54dc23ae3e08a65f4,8abd4dad5be8a8b072675fe97f3c25d8b29f0a4ad601501d7ca205a8f9a80277,earlier_final_episode,32.0,1.5026390556191476,0.6654953701390319,False,False,False,"{""increase_gac_work_mem"":0.0620501007483585,""mitigate_remote_path_bundle"":2.60350925502538,""regional_topk_candidates"":2.722186807479819}"
full_multilayer,q13_tenant_user_count::run-1,34,q13_tenant_user_count,1,3,q10_tenant_min::run-3,q10_tenant_min,1ffceae8ec4dc807efe850ad847328743196a4fc73e3da8ce9c3268b0eb210fe,8abd4dad5be8a8b072675fe97f3c25d8b29f0a4ad601501d7ca205a8f9a80277,earlier_final_episode,28.0,1.5615011593928958,0.6404089766925427,False,False,False,"{""increase_gac_work_mem"":0.0360130863917107,""mitigate_remote_path_bundle"":3.5011137901178766,""regional_topk_candidates"":1.6725292573066506}"
full_multilayer,q13_tenant_user_count::run-1,34,q13_tenant_user_count,1,4,q10_tenant_min::run-4,q10_tenant_min,1ffceae8ec4dc807efe850ad847328743196a4fc73e3da8ce9c3268b0eb210fe,8abd4dad5be8a8b072675fe97f3c25d8b29f0a4ad601501d7ca205a8f9a80277,earlier_final_episode,29.0,1.578019676723293,0.6337052579542027,False,False,False,"{""increase_gac_work_mem"":-0.0081606287519814,""mitigate_remote_path_bundle"":3.458012893313503,""regional_topk_candidates"":1.62577245151283}"
full_multilayer,q13_tenant_user_count::run-1,34,q13_tenant_user_count,1,5,q10_tenant_min::run-2,q10_tenant_min,1ffceae8ec4dc807efe850ad847328743196a4fc73e3da8ce9c3268b0eb210fe,8abd4dad5be8a8b072675fe97f3c25d8b29f0a4ad601501d7ca205a8f9a80277,earlier_final_episode,27.0,1.585772390048953,0.6306071260087986,False,False,False,"{""increase_gac_work_mem"":-0.0055403245600634,""mitigate_remote_path_bundle"":3.4653048889107207,""regional_topk_candidates"":1.6670659134424273}"
full_multilayer,q13_tenant_user_count::run-2,35,q13_tenant_user_count,2,1,q10_tenant_min::run-3,q10_tenant_min,1ffceae8ec4dc807efe850ad847328743196a4fc73e3da8ce9c3268b0eb210fe,8abd4dad5be8a8b072675fe97f3c25d8b29f0a4ad601501d7ca205a8f9a80277,earlier_final_episode,28.0,0.8827704306282373,1.132796061703464,False,False,False,"{""increase_gac_work_mem"":0.0360130863917107,""mitigate_remote_path_bundle"":3.5011137901178766,""regional_topk_candidates"":1.6725292573066506}"
full_multilayer,q13_tenant_user_count::run-2,35,q13_tenant_user_count,2,2,q10_tenant_min::run-2,q10_tenant_min,1ffceae8ec4dc807efe850ad847328743196a4fc73e3da8ce9c3268b0eb210fe,8abd4dad5be8a8b072675fe97f3c25d8b29f0a4ad601501d7ca205a8f9a80277,earlier_final_episode,27.0,0.8868368326271846,1.1276018717397087,False,False,False,"{""increase_gac_work_mem"":-0.0055403245600634,""mitigate_remote_path_bundle"":3.4653048889107207,""regional_topk_candidates"":1.6670659134424273}"
full_multilayer,q13_tenant_user_count::run-2,35,q13_tenant_user_count,2,3,q10_tenant_min::run-4,q10_tenant_min,1ffceae8ec4dc807efe850ad847328743196a4fc73e3da8ce9c3268b0eb210fe,8abd4dad5be8a8b072675fe97f3c25d8b29f0a4ad601501d7ca205a8f9a80277,earlier_final_episode,29.0,0.9096604195102547,1.0993101153376186,False,False,False,"{""increase_gac_work_mem"":-0.0081606287519814,""mitigate_remote_path_bundle"":3.458012893313503,""regional_topk_candidates"":1.62577245151283}"
full_multilayer,q13_tenant_user_count::run-2,35,q13_tenant_user_count,2,4,q12_tenant_user_sum::run-1,q12_tenant_user_sum,78f49b835f2ec263b24cbefa86d9c89533b4c254bff2e0e54dc23ae3e08a65f4,8abd4dad5be8a8b072675fe97f3c25d8b29f0a4ad601501d7ca205a8f9a80277,earlier_final_episode,32.0,1.089474181596785,0.9178731345989488,False,False,False,"{""increase_gac_work_mem"":0.0620501007483585,""mitigate_remote_path_bundle"":2.60350925502538,""regional_topk_candidates"":2.722186807479819}"
full_multilayer,q13_tenant_user_count::run-2,35,q13_tenant_user_count,2,5,q10_tenant_min::run-1,q10_tenant_min,1ffceae8ec4dc807efe850ad847328743196a4fc73e3da8ce9c3268b0eb210fe,8abd4dad5be8a8b072675fe97f3c25d8b29f0a4ad601501d7ca205a8f9a80277,earlier_final_episode,26.0,1.1172860094453665,0.8950251739670821,False,False,False,"{""increase_gac_work_mem"":-0.0152279019519483,""mitigate_remote_path_bundle"":3.3317455284481,""regional_topk_candidates"":1.5949990223674917}"
full_multilayer,q13_tenant_user_count::run-3,36,q13_tenant_user_count,3,1,q10_tenant_min::run-3,q10_tenant_min,1ffceae8ec4dc807efe850ad847328743196a4fc73e3da8ce9c3268b0eb210fe,8abd4dad5be8a8b072675fe97f3c25d8b29f0a4ad601501d7ca205a8f9a80277,earlier_final_episode,28.0,0.9409461029176468,1.0627589977154344,False,False,False,"{""increase_gac_work_mem"":0.0360130863917107,""mitigate_remote_path_bundle"":3.5011137901178766,""regional_topk_candidates"":1.6725292573066506}"
full_multilayer,q13_tenant_user_count::run-3,36,q13_tenant_user_count,3,2,q10_tenant_min::run-2,q10_tenant_min,1ffceae8ec4dc807efe850ad847328743196a4fc73e3da8ce9c3268b0eb210fe,8abd4dad5be8a8b072675fe97f3c25d8b29f0a4ad601501d7ca205a8f9a80277,earlier_final_episode,27.0,0.9549980793487886,1.0471214283074466,False,False,False,"{""increase_gac_work_mem"":-0.0055403245600634,""mitigate_remote_path_bundle"":3.4653048889107207,""regional_topk_candidates"":1.6670659134424273}"
full_multilayer,q13_tenant_user_count::run-3,36,q13_tenant_user_count,3,3,q10_tenant_min::run-4,q10_tenant_min,1ffceae8ec4dc807efe850ad847328743196a4fc73e3da8ce9c3268b0eb210fe,8abd4dad5be8a8b072675fe97f3c25d8b29f0a4ad601501d7ca205a8f9a80277,earlier_final_episode,29.0,0.9981381896871825,1.0018642793831196,False,False,False,"{""increase_gac_work_mem"":-0.0081606287519814,""mitigate_remote_path_bundle"":3.458012893313503,""regional_topk_candidates"":1.62577245151283}"
full_multilayer,q13_tenant_user_count::run-3,36,q13_tenant_user_count,3,4,q10_tenant_min::run-1,q10_tenant_min,1ffceae8ec4dc807efe850ad847328743196a4fc73e3da8ce9c3268b0eb210fe,8abd4dad5be8a8b072675fe97f3c25d8b29f0a4ad601501d7ca205a8f9a80277,earlier_final_episode,26.0,1.081715559690019,0.9244565880424018,False,False,False,"{""increase_gac_work_mem"":-0.0152279019519483,""mitigate_remote_path_bundle"":3.3317455284481,""regional_topk_candidates"":1.5949990223674917}"
full_multilayer,q13_tenant_user_count::run-3,36,q13_tenant_user_count,3,5,q12_tenant_user_sum::run-1,q12_tenant_user_sum,78f49b835f2ec263b24cbefa86d9c89533b4c254bff2e0e54dc23ae3e08a65f4,8abd4dad5be8a8b072675fe97f3c25d8b29f0a4ad601501d7ca205a8f9a80277,earlier_final_episode,32.0,1.1814600231138348,0.8464096406366587,False,False,False,"{""increase_gac_work_mem"":0.0620501007483585,""mitigate_remote_path_bundle"":2.60350925502538,""regional_topk_candidates"":2.722186807479819}"
full_multilayer,q14_tenant_day_sum::run-1,37,q14_tenant_day_sum,1,1,q12_tenant_user_sum::run-1,q12_tenant_user_sum,78f49b835f2ec263b24cbefa86d9c89533b4c254bff2e0e54dc23ae3e08a65f4,44073d33245743b2bdd8be67d3286ec8caaa2e4cceb2969efcfaa87d76883995,earlier_final_episode,32.0,1.3541761067488758,0.7384558452629669,False,False,False,"{""increase_gac_work_mem"":0.0620501007483585,""mitigate_remote_path_bundle"":2.60350925502538,""regional_topk_candidates"":2.722186807479819}"
full_multilayer,q14_tenant_day_sum::run-1,37,q14_tenant_day_sum,1,2,q11_tenant_high_count::run-1,q11_tenant_high_count,5e5d10fdfa8932055d31658300e8657de100e5a9a6617c3c715332b89e01839c,44073d33245743b2bdd8be67d3286ec8caaa2e4cceb2969efcfaa87d76883995,earlier_final_episode,31.0,1.3744537912113362,0.7275612165596795,False,False,False,"{""increase_gac_work_mem"":0.0937873302573581,""mitigate_remote_path_bundle"":1.1890485176438446,""regional_topk_candidates"":1.689951973975143}"
full_multilayer,q14_tenant_day_sum::run-1,37,q14_tenant_day_sum,1,3,q12_tenant_user_sum::run-2,q12_tenant_user_sum,78f49b835f2ec263b24cbefa86d9c89533b4c254bff2e0e54dc23ae3e08a65f4,44073d33245743b2bdd8be67d3286ec8caaa2e4cceb2969efcfaa87d76883995,earlier_final_episode,33.0,1.5885173815558598,0.6295174242935478,False,False,False,"{""increase_gac_work_mem"":0.0468398291295993,""mitigate_remote_path_bundle"":2.3849689300931085,""regional_topk_candidates"":2.642596705948222}"
full_multilayer,q14_tenant_day_sum::run-1,37,q14_tenant_day_sum,1,4,q13_tenant_user_count::run-1,q13_tenant_user_count,8abd4dad5be8a8b072675fe97f3c25d8b29f0a4ad601501d7ca205a8f9a80277,44073d33245743b2bdd8be67d3286ec8caaa2e4cceb2969efcfaa87d76883995,earlier_final_episode,34.0,1.8858564988885678,0.5302627587658936,False,False,False,"{""increase_gac_work_mem"":-0.0169087536433568,""mitigate_remote_path_bundle"":3.582620675817098,""regional_topk_candidates"":2.533280904815219}"
full_multilayer,q14_tenant_day_sum::run-1,37,q14_tenant_day_sum,1,5,q13_tenant_user_count::run-2,q13_tenant_user_count,8abd4dad5be8a8b072675fe97f3c25d8b29f0a4ad601501d7ca205a8f9a80277,44073d33245743b2bdd8be67d3286ec8caaa2e4cceb2969efcfaa87d76883995,earlier_final_episode,35.0,2.0353988504077005,0.49130395671380983,False,False,False,"{""increase_gac_work_mem"":0.000215558798449,""mitigate_remote_path_bundle"":3.427266215127879,""regional_topk_candidates"":2.489066964314711}"
full_multilayer,q14_tenant_day_sum::run-2,38,q14_tenant_day_sum,2,1,q12_tenant_user_sum::run-2,q12_tenant_user_sum,78f49b835f2ec263b24cbefa86d9c89533b4c254bff2e0e54dc23ae3e08a65f4,44073d33245743b2bdd8be67d3286ec8caaa2e4cceb2969efcfaa87d76883995,earlier_final_episode,33.0,1.1616815548815764,0.8608203642189853,False,False,False,"{""increase_gac_work_mem"":0.0468398291295993,""mitigate_remote_path_bundle"":2.3849689300931085,""regional_topk_candidates"":2.642596705948222}"
full_multilayer,q14_tenant_day_sum::run-2,38,q14_tenant_day_sum,2,2,q12_tenant_user_sum::run-1,q12_tenant_user_sum,78f49b835f2ec263b24cbefa86d9c89533b4c254bff2e0e54dc23ae3e08a65f4,44073d33245743b2bdd8be67d3286ec8caaa2e4cceb2969efcfaa87d76883995,earlier_final_episode,32.0,1.2413806026886414,0.805554068011121,False,False,False,"{""increase_gac_work_mem"":0.0620501007483585,""mitigate_remote_path_bundle"":2.60350925502538,""regional_topk_candidates"":2.722186807479819}"
full_multilayer,q14_tenant_day_sum::run-2,38,q14_tenant_day_sum,2,3,q11_tenant_high_count::run-1,q11_tenant_high_count,5e5d10fdfa8932055d31658300e8657de100e5a9a6617c3c715332b89e01839c,44073d33245743b2bdd8be67d3286ec8caaa2e4cceb2969efcfaa87d76883995,earlier_final_episode,31.0,1.5164536346380817,0.6594328489349508,False,False,False,"{""increase_gac_work_mem"":0.0937873302573581,""mitigate_remote_path_bundle"":1.1890485176438446,""regional_topk_candidates"":1.689951973975143}"
full_multilayer,q14_tenant_day_sum::run-2,38,q14_tenant_day_sum,2,4,q13_tenant_user_count::run-2,q13_tenant_user_count,8abd4dad5be8a8b072675fe97f3c25d8b29f0a4ad601501d7ca205a8f9a80277,44073d33245743b2bdd8be67d3286ec8caaa2e4cceb2969efcfaa87d76883995,earlier_final_episode,35.0,1.9721197396175956,0.5070683452139473,False,False,False,"{""increase_gac_work_mem"":0.000215558798449,""mitigate_remote_path_bundle"":3.427266215127879,""regional_topk_candidates"":2.489066964314711}"
full_multilayer,q14_tenant_day_sum::run-2,38,q14_tenant_day_sum,2,5,q13_tenant_user_count::run-3,q13_tenant_user_count,8abd4dad5be8a8b072675fe97f3c25d8b29f0a4ad601501d7ca205a8f9a80277,44073d33245743b2bdd8be67d3286ec8caaa2e4cceb2969efcfaa87d76883995,earlier_final_episode,36.0,1.9949020942188045,0.5012774820481171,False,False,False,"{""increase_gac_work_mem"":0.0022388104984377,""mitigate_remote_path_bundle"":3.425023746163733,""regional_topk_candidates"":2.4918301675269805}"
full_multilayer,q14_tenant_day_sum::run-3,39,q14_tenant_day_sum,3,1,q12_tenant_user_sum::run-1,q12_tenant_user_sum,78f49b835f2ec263b24cbefa86d9c89533b4c254bff2e0e54dc23ae3e08a65f4,44073d33245743b2bdd8be67d3286ec8caaa2e4cceb2969efcfaa87d76883995,earlier_final_episode,32.0,1.2248649710039439,0.8164158558347118,False,False,False,"{""increase_gac_work_mem"":0.0620501007483585,""mitigate_remote_path_bundle"":2.60350925502538,""regional_topk_candidates"":2.722186807479819}"
full_multilayer,q14_tenant_day_sum::run-3,39,q14_tenant_day_sum,3,2,q12_tenant_user_sum::run-2,q12_tenant_user_sum,78f49b835f2ec263b24cbefa86d9c89533b4c254bff2e0e54dc23ae3e08a65f4,44073d33245743b2bdd8be67d3286ec8caaa2e4cceb2969efcfaa87d76883995,earlier_final_episode,33.0,1.306581077647173,0.7653556688920374,False,False,False,"{""increase_gac_work_mem"":0.0468398291295993,""mitigate_remote_path_bundle"":2.3849689300931085,""regional_topk_candidates"":2.642596705948222}"
full_multilayer,q14_tenant_day_sum::run-3,39,q14_tenant_day_sum,3,3,q11_tenant_high_count::run-1,q11_tenant_high_count,5e5d10fdfa8932055d31658300e8657de100e5a9a6617c3c715332b89e01839c,44073d33245743b2bdd8be67d3286ec8caaa2e4cceb2969efcfaa87d76883995,earlier_final_episode,31.0,1.4617887295896377,0.6840929168935439,False,False,False,"{""increase_gac_work_mem"":0.0937873302573581,""mitigate_remote_path_bundle"":1.1890485176438446,""regional_topk_candidates"":1.689951973975143}"
full_multilayer,q14_tenant_day_sum::run-3,39,q14_tenant_day_sum,3,4,q13_tenant_user_count::run-2,q13_tenant_user_count,8abd4dad5be8a8b072675fe97f3c25d8b29f0a4ad601501d7ca205a8f9a80277,44073d33245743b2bdd8be67d3286ec8caaa2e4cceb2969efcfaa87d76883995,earlier_final_episode,35.0,2.009075269391322,0.4977411834658542,False,False,False,"{""increase_gac_work_mem"":0.000215558798449,""mitigate_remote_path_bundle"":3.427266215127879,""regional_topk_candidates"":2.489066964314711}"
full_multilayer,q14_tenant_day_sum::run-3,39,q14_tenant_day_sum,3,5,q13_tenant_user_count::run-3,q13_tenant_user_count,8abd4dad5be8a8b072675fe97f3c25d8b29f0a4ad601501d7ca205a8f9a80277,44073d33245743b2bdd8be67d3286ec8caaa2e4cceb2969efcfaa87d76883995,earlier_final_episode,36.0,2.1024117136255427,0.47564400344380164,False,False,False,"{""increase_gac_work_mem"":0.0022388104984377,""mitigate_remote_path_bundle"":3.425023746163733,""regional_topk_candidates"":2.4918301675269805}"
full_multilayer,q14_tenant_day_sum::run-4,40,q14_tenant_day_sum,4,1,q12_tenant_user_sum::run-1,q12_tenant_user_sum,78f49b835f2ec263b24cbefa86d9c89533b4c254bff2e0e54dc23ae3e08a65f4,44073d33245743b2bdd8be67d3286ec8caaa2e4cceb2969efcfaa87d76883995,earlier_final_episode,32.0,1.0868654804697722,0.9200762172440665,False,False,False,"{""increase_gac_work_mem"":0.0620501007483585,""mitigate_remote_path_bundle"":2.60350925502538,""regional_topk_candidates"":2.722186807479819}"
full_multilayer,q14_tenant_day_sum::run-4,40,q14_tenant_day_sum,4,2,q12_tenant_user_sum::run-2,q12_tenant_user_sum,78f49b835f2ec263b24cbefa86d9c89533b4c254bff2e0e54dc23ae3e08a65f4,44073d33245743b2bdd8be67d3286ec8caaa2e4cceb2969efcfaa87d76883995,earlier_final_episode,33.0,1.0879890561099712,0.9191260475076646,False,False,False,"{""increase_gac_work_mem"":0.0468398291295993,""mitigate_remote_path_bundle"":2.3849689300931085,""regional_topk_candidates"":2.642596705948222}"
full_multilayer,q14_tenant_day_sum::run-4,40,q14_tenant_day_sum,4,3,q11_tenant_high_count::run-1,q11_tenant_high_count,5e5d10fdfa8932055d31658300e8657de100e5a9a6617c3c715332b89e01839c,44073d33245743b2bdd8be67d3286ec8caaa2e4cceb2969efcfaa87d76883995,earlier_final_episode,31.0,1.4531906771442953,0.6881404674468863,False,False,False,"{""increase_gac_work_mem"":0.0937873302573581,""mitigate_remote_path_bundle"":1.1890485176438446,""regional_topk_candidates"":1.689951973975143}"
full_multilayer,q14_tenant_day_sum::run-4,40,q14_tenant_day_sum,4,4,q13_tenant_user_count::run-2,q13_tenant_user_count,8abd4dad5be8a8b072675fe97f3c25d8b29f0a4ad601501d7ca205a8f9a80277,44073d33245743b2bdd8be67d3286ec8caaa2e4cceb2969efcfaa87d76883995,earlier_final_episode,35.0,1.8720888155138626,0.5341624059449914,False,False,False,"{""increase_gac_work_mem"":0.000215558798449,""mitigate_remote_path_bundle"":3.427266215127879,""regional_topk_candidates"":2.489066964314711}"
full_multilayer,q14_tenant_day_sum::run-4,40,q14_tenant_day_sum,4,5,q13_tenant_user_count::run-3,q13_tenant_user_count,8abd4dad5be8a8b072675fe97f3c25d8b29f0a4ad601501d7ca205a8f9a80277,44073d33245743b2bdd8be67d3286ec8caaa2e4cceb2969efcfaa87d76883995,earlier_final_episode,36.0,1.9288507982046617,0.5184431488882562,False,False,False,"{""increase_gac_work_mem"":0.0022388104984377,""mitigate_remote_path_bundle"":3.425023746163733,""regional_topk_candidates"":2.4918301675269805}"
full_multilayer,q15_tenant_day_count::run-1,41,q15_tenant_day_count,1,1,q12_tenant_user_sum::run-1,q12_tenant_user_sum,78f49b835f2ec263b24cbefa86d9c89533b4c254bff2e0e54dc23ae3e08a65f4,0a85603a4adfceca9159f8d60d621bb9b8b84fb3eb21b6d02815abb8ca0c6ca9,earlier_final_episode,32.0,1.2792821124523597,0.781687798632017,False,False,False,"{""increase_gac_work_mem"":0.0620501007483585,""mitigate_remote_path_bundle"":2.60350925502538,""regional_topk_candidates"":2.722186807479819}"
full_multilayer,q15_tenant_day_count::run-1,41,q15_tenant_day_count,1,2,q14_tenant_day_sum::run-4,q14_tenant_day_sum,44073d33245743b2bdd8be67d3286ec8caaa2e4cceb2969efcfaa87d76883995,0a85603a4adfceca9159f8d60d621bb9b8b84fb3eb21b6d02815abb8ca0c6ca9,earlier_final_episode,40.0,1.4108709245217248,0.7087815574322898,False,False,False,"{""increase_gac_work_mem"":0.0572275554466537,""mitigate_remote_path_bundle"":1.1826653991582703,""regional_topk_candidates"":0.1205952939116147}"
full_multilayer,q15_tenant_day_count::run-1,41,q15_tenant_day_count,1,3,q12_tenant_user_sum::run-2,q12_tenant_user_sum,78f49b835f2ec263b24cbefa86d9c89533b4c254bff2e0e54dc23ae3e08a65f4,0a85603a4adfceca9159f8d60d621bb9b8b84fb3eb21b6d02815abb8ca0c6ca9,earlier_final_episode,33.0,1.4815715602202275,0.674958504800707,False,False,False,"{""increase_gac_work_mem"":0.0468398291295993,""mitigate_remote_path_bundle"":2.3849689300931085,""regional_topk_candidates"":2.642596705948222}"
full_multilayer,q15_tenant_day_count::run-1,41,q15_tenant_day_count,1,4,q14_tenant_day_sum::run-1,q14_tenant_day_sum,44073d33245743b2bdd8be67d3286ec8caaa2e4cceb2969efcfaa87d76883995,0a85603a4adfceca9159f8d60d621bb9b8b84fb3eb21b6d02815abb8ca0c6ca9,earlier_final_episode,37.0,1.5306165903655573,0.6533310516581546,False,False,False,"{""increase_gac_work_mem"":0.0635345663129016,""mitigate_remote_path_bundle"":1.233046283532483,""regional_topk_candidates"":0.2853191710203477}"
full_multilayer,q15_tenant_day_count::run-1,41,q15_tenant_day_count,1,5,q14_tenant_day_sum::run-2,q14_tenant_day_sum,44073d33245743b2bdd8be67d3286ec8caaa2e4cceb2969efcfaa87d76883995,0a85603a4adfceca9159f8d60d621bb9b8b84fb3eb21b6d02815abb8ca0c6ca9,earlier_final_episode,38.0,1.5635110569938353,0.6395857297849689,False,False,False,"{""increase_gac_work_mem"":0.1056924575119,""mitigate_remote_path_bundle"":1.3203793430096975,""regional_topk_candidates"":0.3492104306271075}"
full_multilayer,q15_tenant_day_count::run-2,42,q15_tenant_day_count,2,1,q12_tenant_user_sum::run-1,q12_tenant_user_sum,78f49b835f2ec263b24cbefa86d9c89533b4c254bff2e0e54dc23ae3e08a65f4,0a85603a4adfceca9159f8d60d621bb9b8b84fb3eb21b6d02815abb8ca0c6ca9,earlier_final_episode,32.0,1.3134709118135826,0.7613409856776041,False,False,False,"{""increase_gac_work_mem"":0.0620501007483585,""mitigate_remote_path_bundle"":2.60350925502538,""regional_topk_candidates"":2.722186807479819}"
full_multilayer,q15_tenant_day_count::run-2,42,q15_tenant_day_count,2,2,q14_tenant_day_sum::run-4,q14_tenant_day_sum,44073d33245743b2bdd8be67d3286ec8caaa2e4cceb2969efcfaa87d76883995,0a85603a4adfceca9159f8d60d621bb9b8b84fb3eb21b6d02815abb8ca0c6ca9,earlier_final_episode,40.0,1.4018067022737224,0.7133646065562395,False,False,False,"{""increase_gac_work_mem"":0.0572275554466537,""mitigate_remote_path_bundle"":1.1826653991582703,""regional_topk_candidates"":0.1205952939116147}"
full_multilayer,q15_tenant_day_count::run-2,42,q15_tenant_day_count,2,3,q12_tenant_user_sum::run-2,q12_tenant_user_sum,78f49b835f2ec263b24cbefa86d9c89533b4c254bff2e0e54dc23ae3e08a65f4,0a85603a4adfceca9159f8d60d621bb9b8b84fb3eb21b6d02815abb8ca0c6ca9,earlier_final_episode,33.0,1.4765990326236682,0.6772314627564848,False,False,False,"{""increase_gac_work_mem"":0.0468398291295993,""mitigate_remote_path_bundle"":2.3849689300931085,""regional_topk_candidates"":2.642596705948222}"
full_multilayer,q15_tenant_day_count::run-2,42,q15_tenant_day_count,2,4,q14_tenant_day_sum::run-3,q14_tenant_day_sum,44073d33245743b2bdd8be67d3286ec8caaa2e4cceb2969efcfaa87d76883995,0a85603a4adfceca9159f8d60d621bb9b8b84fb3eb21b6d02815abb8ca0c6ca9,earlier_final_episode,39.0,1.5177200865422409,0.658882589737392,False,False,False,"{""increase_gac_work_mem"":0.0468458501152429,""mitigate_remote_path_bundle"":1.2281426804223363,""regional_topk_candidates"":0.2983051381180681}"
full_multilayer,q15_tenant_day_count::run-2,42,q15_tenant_day_count,2,5,q14_tenant_day_sum::run-2,q14_tenant_day_sum,44073d33245743b2bdd8be67d3286ec8caaa2e4cceb2969efcfaa87d76883995,0a85603a4adfceca9159f8d60d621bb9b8b84fb3eb21b6d02815abb8ca0c6ca9,earlier_final_episode,38.0,1.6275795789064085,0.6144089042103908,False,False,False,"{""increase_gac_work_mem"":0.1056924575119,""mitigate_remote_path_bundle"":1.3203793430096975,""regional_topk_candidates"":0.3492104306271075}"
full_multilayer,q15_tenant_day_count::run-3,43,q15_tenant_day_count,3,1,q12_tenant_user_sum::run-1,q12_tenant_user_sum,78f49b835f2ec263b24cbefa86d9c89533b4c254bff2e0e54dc23ae3e08a65f4,0a85603a4adfceca9159f8d60d621bb9b8b84fb3eb21b6d02815abb8ca0c6ca9,earlier_final_episode,32.0,1.2977799936419807,0.7705460358096987,False,False,False,"{""increase_gac_work_mem"":0.0620501007483585,""mitigate_remote_path_bundle"":2.60350925502538,""regional_topk_candidates"":2.722186807479819}"
full_multilayer,q15_tenant_day_count::run-3,43,q15_tenant_day_count,3,2,q12_tenant_user_sum::run-2,q12_tenant_user_sum,78f49b835f2ec263b24cbefa86d9c89533b4c254bff2e0e54dc23ae3e08a65f4,0a85603a4adfceca9159f8d60d621bb9b8b84fb3eb21b6d02815abb8ca0c6ca9,earlier_final_episode,33.0,1.3669654866591743,0.7315468299767689,False,False,False,"{""increase_gac_work_mem"":0.0468398291295993,""mitigate_remote_path_bundle"":2.3849689300931085,""regional_topk_candidates"":2.642596705948222}"
full_multilayer,q15_tenant_day_count::run-3,43,q15_tenant_day_count,3,3,q14_tenant_day_sum::run-4,q14_tenant_day_sum,44073d33245743b2bdd8be67d3286ec8caaa2e4cceb2969efcfaa87d76883995,0a85603a4adfceca9159f8d60d621bb9b8b84fb3eb21b6d02815abb8ca0c6ca9,earlier_final_episode,40.0,1.4075449511708191,0.7104563791812155,False,False,False,"{""increase_gac_work_mem"":0.0572275554466537,""mitigate_remote_path_bundle"":1.1826653991582703,""regional_topk_candidates"":0.1205952939116147}"
full_multilayer,q15_tenant_day_count::run-3,43,q15_tenant_day_count,3,4,q14_tenant_day_sum::run-2,q14_tenant_day_sum,44073d33245743b2bdd8be67d3286ec8caaa2e4cceb2969efcfaa87d76883995,0a85603a4adfceca9159f8d60d621bb9b8b84fb3eb21b6d02815abb8ca0c6ca9,earlier_final_episode,38.0,1.5745154441065814,0.6351156278761028,False,False,False,"{""increase_gac_work_mem"":0.1056924575119,""mitigate_remote_path_bundle"":1.3203793430096975,""regional_topk_candidates"":0.3492104306271075}"
full_multilayer,q15_tenant_day_count::run-3,43,q15_tenant_day_count,3,5,q14_tenant_day_sum::run-3,q14_tenant_day_sum,44073d33245743b2bdd8be67d3286ec8caaa2e4cceb2969efcfaa87d76883995,0a85603a4adfceca9159f8d60d621bb9b8b84fb3eb21b6d02815abb8ca0c6ca9,earlier_final_episode,39.0,1.6089248245780106,0.6215326926350258,False,False,False,"{""increase_gac_work_mem"":0.0468458501152429,""mitigate_remote_path_bundle"":1.2281426804223363,""regional_topk_candidates"":0.2983051381180681}"
full_multilayer,q15_tenant_day_count::run-4,44,q15_tenant_day_count,4,1,q12_tenant_user_sum::run-1,q12_tenant_user_sum,78f49b835f2ec263b24cbefa86d9c89533b4c254bff2e0e54dc23ae3e08a65f4,0a85603a4adfceca9159f8d60d621bb9b8b84fb3eb21b6d02815abb8ca0c6ca9,earlier_final_episode,32.0,1.286951111202379,0.7770296899903415,False,False,False,"{""increase_gac_work_mem"":0.0620501007483585,""mitigate_remote_path_bundle"":2.60350925502538,""regional_topk_candidates"":2.722186807479819}"
full_multilayer,q15_tenant_day_count::run-4,44,q15_tenant_day_count,4,2,q12_tenant_user_sum::run-2,q12_tenant_user_sum,78f49b835f2ec263b24cbefa86d9c89533b4c254bff2e0e54dc23ae3e08a65f4,0a85603a4adfceca9159f8d60d621bb9b8b84fb3eb21b6d02815abb8ca0c6ca9,earlier_final_episode,33.0,1.3468262750607392,0.7424857058637323,False,False,False,"{""increase_gac_work_mem"":0.0468398291295993,""mitigate_remote_path_bundle"":2.3849689300931085,""regional_topk_candidates"":2.642596705948222}"
full_multilayer,q15_tenant_day_count::run-4,44,q15_tenant_day_count,4,3,q14_tenant_day_sum::run-4,q14_tenant_day_sum,44073d33245743b2bdd8be67d3286ec8caaa2e4cceb2969efcfaa87d76883995,0a85603a4adfceca9159f8d60d621bb9b8b84fb3eb21b6d02815abb8ca0c6ca9,earlier_final_episode,40.0,1.4035564723099019,0.7124752778055123,False,False,False,"{""increase_gac_work_mem"":0.0572275554466537,""mitigate_remote_path_bundle"":1.1826653991582703,""regional_topk_candidates"":0.1205952939116147}"
full_multilayer,q15_tenant_day_count::run-4,44,q15_tenant_day_count,4,4,q14_tenant_day_sum::run-2,q14_tenant_day_sum,44073d33245743b2bdd8be67d3286ec8caaa2e4cceb2969efcfaa87d76883995,0a85603a4adfceca9159f8d60d621bb9b8b84fb3eb21b6d02815abb8ca0c6ca9,earlier_final_episode,38.0,1.5641539178224289,0.6393228628479914,False,False,False,"{""increase_gac_work_mem"":0.1056924575119,""mitigate_remote_path_bundle"":1.3203793430096975,""regional_topk_candidates"":0.3492104306271075}"
full_multilayer,q15_tenant_day_count::run-4,44,q15_tenant_day_count,4,5,q14_tenant_day_sum::run-3,q14_tenant_day_sum,44073d33245743b2bdd8be67d3286ec8caaa2e4cceb2969efcfaa87d76883995,0a85603a4adfceca9159f8d60d621bb9b8b84fb3eb21b6d02815abb8ca0c6ca9,earlier_final_episode,39.0,1.611392610288829,0.6205808398487805,False,False,False,"{""increase_gac_work_mem"":0.0468458501152429,""mitigate_remote_path_bundle"":1.2281426804223363,""regional_topk_candidates"":0.2983051381180681}"
full_multilayer,q15_tenant_day_count::run-5,45,q15_tenant_day_count,5,1,q12_tenant_user_sum::run-2,q12_tenant_user_sum,78f49b835f2ec263b24cbefa86d9c89533b4c254bff2e0e54dc23ae3e08a65f4,0a85603a4adfceca9159f8d60d621bb9b8b84fb3eb21b6d02815abb8ca0c6ca9,earlier_final_episode,33.0,1.3301645853262627,0.7517861016940386,False,False,False,"{""increase_gac_work_mem"":0.0468398291295993,""mitigate_remote_path_bundle"":2.3849689300931085,""regional_topk_candidates"":2.642596705948222}"
full_multilayer,q15_tenant_day_count::run-5,45,q15_tenant_day_count,5,2,q12_tenant_user_sum::run-1,q12_tenant_user_sum,78f49b835f2ec263b24cbefa86d9c89533b4c254bff2e0e54dc23ae3e08a65f4,0a85603a4adfceca9159f8d60d621bb9b8b84fb3eb21b6d02815abb8ca0c6ca9,earlier_final_episode,32.0,1.3329790992573007,0.7501987468208806,False,False,False,"{""increase_gac_work_mem"":0.0620501007483585,""mitigate_remote_path_bundle"":2.60350925502538,""regional_topk_candidates"":2.722186807479819}"
full_multilayer,q15_tenant_day_count::run-5,45,q15_tenant_day_count,5,3,q14_tenant_day_sum::run-4,q14_tenant_day_sum,44073d33245743b2bdd8be67d3286ec8caaa2e4cceb2969efcfaa87d76883995,0a85603a4adfceca9159f8d60d621bb9b8b84fb3eb21b6d02815abb8ca0c6ca9,earlier_final_episode,40.0,1.4292542428724546,0.6996650913032467,False,False,False,"{""increase_gac_work_mem"":0.0572275554466537,""mitigate_remote_path_bundle"":1.1826653991582703,""regional_topk_candidates"":0.1205952939116147}"
full_multilayer,q15_tenant_day_count::run-5,45,q15_tenant_day_count,5,4,q14_tenant_day_sum::run-2,q14_tenant_day_sum,44073d33245743b2bdd8be67d3286ec8caaa2e4cceb2969efcfaa87d76883995,0a85603a4adfceca9159f8d60d621bb9b8b84fb3eb21b6d02815abb8ca0c6ca9,earlier_final_episode,38.0,1.5507846506486345,0.6448344421949856,False,False,False,"{""increase_gac_work_mem"":0.1056924575119,""mitigate_remote_path_bundle"":1.3203793430096975,""regional_topk_candidates"":0.3492104306271075}"
full_multilayer,q15_tenant_day_count::run-5,45,q15_tenant_day_count,5,5,q14_tenant_day_sum::run-3,q14_tenant_day_sum,44073d33245743b2bdd8be67d3286ec8caaa2e4cceb2969efcfaa87d76883995,0a85603a4adfceca9159f8d60d621bb9b8b84fb3eb21b6d02815abb8ca0c6ca9,earlier_final_episode,39.0,1.6765550746492193,0.5964608134023951,False,False,False,"{""increase_gac_work_mem"":0.0468458501152429,""mitigate_remote_path_bundle"":1.2281426804223363,""regional_topk_candidates"":0.2983051381180681}"
