representation,memory_mode,episode_order,episode_id,query_id,normalized_sql_hash,query_shape,query_occurrence,planned_query_occurrences,topology_id,region_count,dataset_profile_id,profile,applicable_actions_json,applicability_source,baseline_elapsed_seconds,history_state_count_before,eligible_history_state_count_before,same_query_history_count_before,nearest_distance,coverage_threshold,distance_metric,decision_status,candidate_action,predicted_action,actual_best_action,top1_correct,regret_log2,candidate_top1_correct,candidate_regret_log2,evidence_gac_fanin_rows,evidence_gac_temp_blocks,evidence_remote_bytes,evidence_remote_boundary_wait_ms,evidence_remote_rtt_ms,evidence_cpu_busy_max_pct,predicted_gain__increase_gac_work_mem,predicted_gain__regional_topk_candidates,predicted_gain__mitigate_remote_path_bundle,actual_gain__increase_gac_work_mem,actual_gain__regional_topk_candidates,actual_gain__mitigate_remote_path_bundle,neighbor_evidence_json,coverage_ratio,normalized_abstention_threshold
sql_structural,warm_start_cross_query,1,q01_event_value_desc::run-1,q01_event_value_desc,ad7f1beefcb86b44e6bcd60f1e092a838d67200996b3cf5a69df119b546d5ed5,event_value_desc,1,1,eu_us_gac,2,raw-small-balanced-v1,transport,"[""increase_gac_work_mem"",""regional_topk_candidates"",""mitigate_remote_path_bundle""]",explicit_panel_contract_and_result_equivalence,1.223234,26,26,0,0.042973603055164546,0.0,euclidean,outside_reference_coverage,mitigate_remote_path_bundle,,mitigate_remote_path_bundle,False,,True,0.0,1389.0,9.0,100008.0,272.101,30.475,15.232,0.009430907327397861,3.259312651569929,3.2851932981456375,0.0389910134517095,0.148442525949881,2.4389637619025195,"[{""action_gains"":{""increase_gac_work_mem"":0.0116307678132073,""mitigate_remote_path_bundle"":4.467296759804148,""regional_topk_candidates"":5.045466088749672},""distance"":0.042973603055164546,""episode_id"":""reference::cross-action-pilot-v1::pilot_gac_topk::raw-large-balanced-v1::{\""cutoff_ts\"":\""2026-06-01 00:00:00+00\"",\""limit_k\"":5000}"",""normalized_sql_hash"":"""",""query_id"":""cross-action-pilot-v1::pilot_gac_topk::raw-large-balanced-v1::{\""cutoff_ts\"":\""2026-06-01 00:00:00+00\"",\""limit_k\"":5000}"",""topology_id"":""eu_us_gac"",""weight"":23.269557573721983},{""action_gains"":{""increase_gac_work_mem"":0.0106406666902462,""mitigate_remote_path_bundle"":3.733324190801565,""regional_topk_candidates"":1.5442528549456571},""distance"":0.042973603055164546,""episode_id"":""reference::cross-action-pilot-v1::pilot_gac_topk::raw-small-balanced-v1::{\""cutoff_ts\"":\""2026-06-01 00:00:00+00\"",\""limit_k\"":5000}"",""normalized_sql_hash"":"""",""query_id"":""cross-action-pilot-v1::pilot_gac_topk::raw-small-balanced-v1::{\""cutoff_ts\"":\""2026-06-01 00:00:00+00\"",\""limit_k\"":5000}"",""topology_id"":""eu_us_gac"",""weight"":23.269557573721983},{""action_gains"":{""increase_gac_work_mem"":0.033912495820706,""mitigate_remote_path_bundle"":2.685723352383513,""regional_topk_candidates"":2.983182859705127},""distance"":0.042973603055164546,""episode_id"":""reference::fuzzy-memory-topk-panel-v1::fuzzy_topk_balanced::raw-large-balanced-v1::{\""cutoff_ts\"":\""2026-06-24 00:00:00+00\"",\""limit_k\"":10000}"",""normalized_sql_hash"":"""",""query_id"":""fuzzy-memory-topk-panel-v1::fuzzy_topk_balanced::raw-large-balanced-v1::{\""cutoff_ts\"":\""2026-06-24 00:00:00+00\"",\""limit_k\"":10000}"",""topology_id"":""eu_us_gac"",""weight"":23.269557573721983},{""action_gains"":{""increase_gac_work_mem"":-0.0218364506141406,""mitigate_remote_path_bundle"":2.898860761936939,""regional_topk_candidates"":4.405764321102397},""distance"":0.042973603055164546,""episode_id"":""reference::fuzzy-memory-topk-panel-v1::fuzzy_topk_balanced::raw-large-balanced-v1::{\""cutoff_ts\"":\""2026-06-24 00:00:00+00\"",\""limit_k\"":100}"",""normalized_sql_hash"":"""",""query_id"":""fuzzy-memory-topk-panel-v1::fuzzy_topk_balanced::raw-large-balanced-v1::{\""cutoff_ts\"":\""2026-06-24 00:00:00+00\"",\""limit_k\"":100}"",""topology_id"":""eu_us_gac"",""weight"":23.269557573721983},{""action_gains"":{""increase_gac_work_mem"":0.0128070569269704,""mitigate_remote_path_bundle"":2.640761425802023,""regional_topk_candidates"":2.3178971333467917},""distance"":0.042973603055164546,""episode_id"":""reference::fuzzy-memory-topk-panel-v1::fuzzy_topk_balanced::raw-large-balanced-v1::{\""cutoff_ts\"":\""2026-06-29 00:00:00+00\"",\""limit_k\"":10000}"",""normalized_sql_hash"":"""",""query_id"":""fuzzy-memory-topk-panel-v1::fuzzy_topk_balanced::raw-large-balanced-v1::{\""cutoff_ts\"":\""2026-06-29 00:00:00+00\"",\""limit_k\"":10000}"",""topology_id"":""eu_us_gac"",""weight"":23.269557573721983}]",inf,1.0
sql_structural,warm_start_cross_query,2,q02_event_value_asc::run-1,q02_event_value_asc,5456d57953fe990f1580484e462a435d7cf573381f761e43b638485f128031d7,event_value_asc,1,2,eu_us_gac,2,raw-small-balanced-v1,memory,"[""increase_gac_work_mem"",""regional_topk_candidates"",""mitigate_remote_path_bundle""]",explicit_panel_contract_and_result_equivalence,0.384738,27,27,0,0.0,0.0,euclidean,available,mitigate_remote_path_bundle,mitigate_remote_path_bundle,mitigate_remote_path_bundle,True,0.0,True,0.0,2685.0,19.0,193320.0,57.33400000000001,5.450000000000001,29.333,0.038988989815286416,0.14870537834688535,2.439051509070019,0.1150579244177509,0.1636418321928228,0.9620528956614378,"[{""action_gains"":{""increase_gac_work_mem"":0.0389910134517095,""mitigate_remote_path_bundle"":2.4389637619025195,""regional_topk_candidates"":0.148442525949881},""distance"":0.0,""episode_id"":""q01_event_value_desc::run-1"",""normalized_sql_hash"":""ad7f1beefcb86b44e6bcd60f1e092a838d67200996b3cf5a69df119b546d5ed5"",""query_id"":""q01_event_value_desc"",""topology_id"":""eu_us_gac"",""weight"":1000000.0},{""action_gains"":{""increase_gac_work_mem"":0.0116307678132073,""mitigate_remote_path_bundle"":4.467296759804148,""regional_topk_candidates"":5.045466088749672},""distance"":0.042973603055164546,""episode_id"":""reference::cross-action-pilot-v1::pilot_gac_topk::raw-large-balanced-v1::{\""cutoff_ts\"":\""2026-06-01 00:00:00+00\"",\""limit_k\"":5000}"",""normalized_sql_hash"":""nan"",""query_id"":""cross-action-pilot-v1::pilot_gac_topk::raw-large-balanced-v1::{\""cutoff_ts\"":\""2026-06-01 00:00:00+00\"",\""limit_k\"":5000}"",""topology_id"":""eu_us_gac"",""weight"":23.269557573721983},{""action_gains"":{""increase_gac_work_mem"":0.033912495820706,""mitigate_remote_path_bundle"":2.685723352383513,""regional_topk_candidates"":2.983182859705127},""distance"":0.042973603055164546,""episode_id"":""reference::fuzzy-memory-topk-panel-v1::fuzzy_topk_balanced::raw-large-balanced-v1::{\""cutoff_ts\"":\""2026-06-24 00:00:00+00\"",\""limit_k\"":10000}"",""normalized_sql_hash"":""nan"",""query_id"":""fuzzy-memory-topk-panel-v1::fuzzy_topk_balanced::raw-large-balanced-v1::{\""cutoff_ts\"":\""2026-06-24 00:00:00+00\"",\""limit_k\"":10000}"",""topology_id"":""eu_us_gac"",""weight"":23.269557573721983},{""action_gains"":{""increase_gac_work_mem"":0.0106406666902462,""mitigate_remote_path_bundle"":3.733324190801565,""regional_topk_candidates"":1.5442528549456571},""distance"":0.042973603055164546,""episode_id"":""reference::cross-action-pilot-v1::pilot_gac_topk::raw-small-balanced-v1::{\""cutoff_ts\"":\""2026-06-01 00:00:00+00\"",\""limit_k\"":5000}"",""normalized_sql_hash"":""nan"",""query_id"":""cross-action-pilot-v1::pilot_gac_topk::raw-small-balanced-v1::{\""cutoff_ts\"":\""2026-06-01 00:00:00+00\"",\""limit_k\"":5000}"",""topology_id"":""eu_us_gac"",""weight"":23.269557573721983},{""action_gains"":{""increase_gac_work_mem"":0.0128070569269704,""mitigate_remote_path_bundle"":2.640761425802023,""regional_topk_candidates"":2.3178971333467917},""distance"":0.042973603055164546,""episode_id"":""reference::fuzzy-memory-topk-panel-v1::fuzzy_topk_balanced::raw-large-balanced-v1::{\""cutoff_ts\"":\""2026-06-29 00:00:00+00\"",\""limit_k\"":10000}"",""normalized_sql_hash"":""nan"",""query_id"":""fuzzy-memory-topk-panel-v1::fuzzy_topk_balanced::raw-large-balanced-v1::{\""cutoff_ts\"":\""2026-06-29 00:00:00+00\"",\""limit_k\"":10000}"",""topology_id"":""eu_us_gac"",""weight"":23.269557573721983}]",0.0,1.0
sql_structural,warm_start_cross_query,3,q02_event_value_asc::run-2,q02_event_value_asc,5456d57953fe990f1580484e462a435d7cf573381f761e43b638485f128031d7,event_value_asc,2,2,eu_us_gac,2,raw-small-balanced-v1,memory,"[""increase_gac_work_mem"",""regional_topk_candidates"",""mitigate_remote_path_bundle""]",explicit_panel_contract_and_result_equivalence,0.359615,28,27,1,0.0,0.0,euclidean,available,mitigate_remote_path_bundle,mitigate_remote_path_bundle,mitigate_remote_path_bundle,True,0.0,True,0.0,2685.0,19.0,193320.0,57.120000000000005,5.43,30.612,0.038988989815286416,0.14870537834688535,2.439051509070019,-0.0663499323728781,0.0124944675739018,0.8193133052714852,"[{""action_gains"":{""increase_gac_work_mem"":0.0389910134517095,""mitigate_remote_path_bundle"":2.4389637619025195,""regional_topk_candidates"":0.148442525949881},""distance"":0.0,""episode_id"":""q01_event_value_desc::run-1"",""normalized_sql_hash"":""ad7f1beefcb86b44e6bcd60f1e092a838d67200996b3cf5a69df119b546d5ed5"",""query_id"":""q01_event_value_desc"",""topology_id"":""eu_us_gac"",""weight"":1000000.0},{""action_gains"":{""increase_gac_work_mem"":0.0116307678132073,""mitigate_remote_path_bundle"":4.467296759804148,""regional_topk_candidates"":5.045466088749672},""distance"":0.042973603055164546,""episode_id"":""reference::cross-action-pilot-v1::pilot_gac_topk::raw-large-balanced-v1::{\""cutoff_ts\"":\""2026-06-01 00:00:00+00\"",\""limit_k\"":5000}"",""normalized_sql_hash"":""nan"",""query_id"":""cross-action-pilot-v1::pilot_gac_topk::raw-large-balanced-v1::{\""cutoff_ts\"":\""2026-06-01 00:00:00+00\"",\""limit_k\"":5000}"",""topology_id"":""eu_us_gac"",""weight"":23.269557573721983},{""action_gains"":{""increase_gac_work_mem"":0.033912495820706,""mitigate_remote_path_bundle"":2.685723352383513,""regional_topk_candidates"":2.983182859705127},""distance"":0.042973603055164546,""episode_id"":""reference::fuzzy-memory-topk-panel-v1::fuzzy_topk_balanced::raw-large-balanced-v1::{\""cutoff_ts\"":\""2026-06-24 00:00:00+00\"",\""limit_k\"":10000}"",""normalized_sql_hash"":""nan"",""query_id"":""fuzzy-memory-topk-panel-v1::fuzzy_topk_balanced::raw-large-balanced-v1::{\""cutoff_ts\"":\""2026-06-24 00:00:00+00\"",\""limit_k\"":10000}"",""topology_id"":""eu_us_gac"",""weight"":23.269557573721983},{""action_gains"":{""increase_gac_work_mem"":0.0106406666902462,""mitigate_remote_path_bundle"":3.733324190801565,""regional_topk_candidates"":1.5442528549456571},""distance"":0.042973603055164546,""episode_id"":""reference::cross-action-pilot-v1::pilot_gac_topk::raw-small-balanced-v1::{\""cutoff_ts\"":\""2026-06-01 00:00:00+00\"",\""limit_k\"":5000}"",""normalized_sql_hash"":""nan"",""query_id"":""cross-action-pilot-v1::pilot_gac_topk::raw-small-balanced-v1::{\""cutoff_ts\"":\""2026-06-01 00:00:00+00\"",\""limit_k\"":5000}"",""topology_id"":""eu_us_gac"",""weight"":23.269557573721983},{""action_gains"":{""increase_gac_work_mem"":0.0128070569269704,""mitigate_remote_path_bundle"":2.640761425802023,""regional_topk_candidates"":2.3178971333467917},""distance"":0.042973603055164546,""episode_id"":""reference::fuzzy-memory-topk-panel-v1::fuzzy_topk_balanced::raw-large-balanced-v1::{\""cutoff_ts\"":\""2026-06-29 00:00:00+00\"",\""limit_k\"":10000}"",""normalized_sql_hash"":""nan"",""query_id"":""fuzzy-memory-topk-panel-v1::fuzzy_topk_balanced::raw-large-balanced-v1::{\""cutoff_ts\"":\""2026-06-29 00:00:00+00\"",\""limit_k\"":10000}"",""topology_id"":""eu_us_gac"",""weight"":23.269557573721983}]",0.0,1.0
sql_structural,warm_start_cross_query,4,q03_event_recent::run-1,q03_event_recent,76893bdca8771bf15968c663228c2bb3475ab41d7df033a16ad555cc74a679a3,event_recent,1,3,eu_us_gac,2,raw-small-balanced-v1,balanced,"[""increase_gac_work_mem"",""regional_topk_candidates"",""mitigate_remote_path_bundle""]",explicit_panel_contract_and_result_equivalence,0.95238,29,29,0,0.052595439437442014,0.0,euclidean,outside_reference_coverage,mitigate_remote_path_bundle,,mitigate_remote_path_bundle,False,,True,0.0,9176.0,64.0,660672.0,340.35900000000004,15.475,20.161,0.023440019847531413,1.3248995737148181,2.1378762949968926,0.0074479246782218,0.0486212889871827,2.074180777894477,"[{""action_gains"":{""increase_gac_work_mem"":-0.0663499323728781,""mitigate_remote_path_bundle"":0.8193133052714852,""regional_topk_candidates"":0.0124944675739018},""distance"":0.052595439437442014,""episode_id"":""q02_event_value_asc::run-2"",""normalized_sql_hash"":""5456d57953fe990f1580484e462a435d7cf573381f761e43b638485f128031d7"",""query_id"":""q02_event_value_asc"",""topology_id"":""eu_us_gac"",""weight"":19.012693838133202},{""action_gains"":{""increase_gac_work_mem"":0.1150579244177509,""mitigate_remote_path_bundle"":0.9620528956614378,""regional_topk_candidates"":0.1636418321928228},""distance"":0.052595439437442014,""episode_id"":""q02_event_value_asc::run-1"",""normalized_sql_hash"":""5456d57953fe990f1580484e462a435d7cf573381f761e43b638485f128031d7"",""query_id"":""q02_event_value_asc"",""topology_id"":""eu_us_gac"",""weight"":19.012693838133202},{""action_gains"":{""increase_gac_work_mem"":0.0389910134517095,""mitigate_remote_path_bundle"":2.4389637619025195,""regional_topk_candidates"":0.148442525949881},""distance"":0.052595439437442014,""episode_id"":""q01_event_value_desc::run-1"",""normalized_sql_hash"":""ad7f1beefcb86b44e6bcd60f1e092a838d67200996b3cf5a69df119b546d5ed5"",""query_id"":""q01_event_value_desc"",""topology_id"":""eu_us_gac"",""weight"":19.012693838133202},{""action_gains"":{""increase_gac_work_mem"":0.0116307678132073,""mitigate_remote_path_bundle"":4.467296759804148,""regional_topk_candidates"":5.045466088749672},""distance"":0.06791914906092741,""episode_id"":""reference::cross-action-pilot-v1::pilot_gac_topk::raw-large-balanced-v1::{\""cutoff_ts\"":\""2026-06-01 00:00:00+00\"",\""limit_k\"":5000}"",""normalized_sql_hash"":""nan"",""query_id"":""cross-action-pilot-v1::pilot_gac_topk::raw-large-balanced-v1::{\""cutoff_ts\"":\""2026-06-01 00:00:00+00\"",\""limit_k\"":5000}"",""topology_id"":""eu_us_gac"",""weight"":14.723171456867023},{""action_gains"":{""increase_gac_work_mem"":0.0128070569269704,""mitigate_remote_path_bundle"":2.640761425802023,""regional_topk_candidates"":2.3178971333467917},""distance"":0.06791914906092741,""episode_id"":""reference::fuzzy-memory-topk-panel-v1::fuzzy_topk_balanced::raw-large-balanced-v1::{\""cutoff_ts\"":\""2026-06-29 00:00:00+00\"",\""limit_k\"":10000}"",""normalized_sql_hash"":""nan"",""query_id"":""fuzzy-memory-topk-panel-v1::fuzzy_topk_balanced::raw-large-balanced-v1::{\""cutoff_ts\"":\""2026-06-29 00:00:00+00\"",\""limit_k\"":10000}"",""topology_id"":""eu_us_gac"",""weight"":14.723171456867023}]",inf,1.0
sql_structural,warm_start_cross_query,5,q03_event_recent::run-2,q03_event_recent,76893bdca8771bf15968c663228c2bb3475ab41d7df033a16ad555cc74a679a3,event_recent,2,3,eu_us_gac,2,raw-small-balanced-v1,balanced,"[""increase_gac_work_mem"",""regional_topk_candidates"",""mitigate_remote_path_bundle""]",explicit_panel_contract_and_result_equivalence,0.914675,30,29,1,0.052595439437442014,0.0,euclidean,outside_reference_coverage,mitigate_remote_path_bundle,,mitigate_remote_path_bundle,False,,True,0.0,9176.0,64.0,660672.0,343.79200000000003,15.45,22.222,0.023440019847531413,1.3248995737148181,2.1378762949968926,-0.1048447833628063,-0.0141682721267147,1.9117449342238144,"[{""action_gains"":{""increase_gac_work_mem"":-0.0663499323728781,""mitigate_remote_path_bundle"":0.8193133052714852,""regional_topk_candidates"":0.0124944675739018},""distance"":0.052595439437442014,""episode_id"":""q02_event_value_asc::run-2"",""normalized_sql_hash"":""5456d57953fe990f1580484e462a435d7cf573381f761e43b638485f128031d7"",""query_id"":""q02_event_value_asc"",""topology_id"":""eu_us_gac"",""weight"":19.012693838133202},{""action_gains"":{""increase_gac_work_mem"":0.1150579244177509,""mitigate_remote_path_bundle"":0.9620528956614378,""regional_topk_candidates"":0.1636418321928228},""distance"":0.052595439437442014,""episode_id"":""q02_event_value_asc::run-1"",""normalized_sql_hash"":""5456d57953fe990f1580484e462a435d7cf573381f761e43b638485f128031d7"",""query_id"":""q02_event_value_asc"",""topology_id"":""eu_us_gac"",""weight"":19.012693838133202},{""action_gains"":{""increase_gac_work_mem"":0.0389910134517095,""mitigate_remote_path_bundle"":2.4389637619025195,""regional_topk_candidates"":0.148442525949881},""distance"":0.052595439437442014,""episode_id"":""q01_event_value_desc::run-1"",""normalized_sql_hash"":""ad7f1beefcb86b44e6bcd60f1e092a838d67200996b3cf5a69df119b546d5ed5"",""query_id"":""q01_event_value_desc"",""topology_id"":""eu_us_gac"",""weight"":19.012693838133202},{""action_gains"":{""increase_gac_work_mem"":0.0116307678132073,""mitigate_remote_path_bundle"":4.467296759804148,""regional_topk_candidates"":5.045466088749672},""distance"":0.06791914906092741,""episode_id"":""reference::cross-action-pilot-v1::pilot_gac_topk::raw-large-balanced-v1::{\""cutoff_ts\"":\""2026-06-01 00:00:00+00\"",\""limit_k\"":5000}"",""normalized_sql_hash"":""nan"",""query_id"":""cross-action-pilot-v1::pilot_gac_topk::raw-large-balanced-v1::{\""cutoff_ts\"":\""2026-06-01 00:00:00+00\"",\""limit_k\"":5000}"",""topology_id"":""eu_us_gac"",""weight"":14.723171456867023},{""action_gains"":{""increase_gac_work_mem"":0.0128070569269704,""mitigate_remote_path_bundle"":2.640761425802023,""regional_topk_candidates"":2.3178971333467917},""distance"":0.06791914906092741,""episode_id"":""reference::fuzzy-memory-topk-panel-v1::fuzzy_topk_balanced::raw-large-balanced-v1::{\""cutoff_ts\"":\""2026-06-29 00:00:00+00\"",\""limit_k\"":10000}"",""normalized_sql_hash"":""nan"",""query_id"":""fuzzy-memory-topk-panel-v1::fuzzy_topk_balanced::raw-large-balanced-v1::{\""cutoff_ts\"":\""2026-06-29 00:00:00+00\"",\""limit_k\"":10000}"",""topology_id"":""eu_us_gac"",""weight"":14.723171456867023}]",inf,1.0
sql_structural,warm_start_cross_query,6,q03_event_recent::run-3,q03_event_recent,76893bdca8771bf15968c663228c2bb3475ab41d7df033a16ad555cc74a679a3,event_recent,3,3,eu_us_gac,2,raw-small-balanced-v1,balanced,"[""increase_gac_work_mem"",""regional_topk_candidates"",""mitigate_remote_path_bundle""]",explicit_panel_contract_and_result_equivalence,0.909577,31,29,2,0.052595439437442014,0.0,euclidean,outside_reference_coverage,mitigate_remote_path_bundle,,mitigate_remote_path_bundle,False,,True,0.0,9176.0,64.0,660672.0,339.317,15.425,20.792,0.023440019847531413,1.3248995737148181,2.1378762949968926,-0.0002791294905142,-0.0585418455250905,1.9700639210944435,"[{""action_gains"":{""increase_gac_work_mem"":-0.0663499323728781,""mitigate_remote_path_bundle"":0.8193133052714852,""regional_topk_candidates"":0.0124944675739018},""distance"":0.052595439437442014,""episode_id"":""q02_event_value_asc::run-2"",""normalized_sql_hash"":""5456d57953fe990f1580484e462a435d7cf573381f761e43b638485f128031d7"",""query_id"":""q02_event_value_asc"",""topology_id"":""eu_us_gac"",""weight"":19.012693838133202},{""action_gains"":{""increase_gac_work_mem"":0.1150579244177509,""mitigate_remote_path_bundle"":0.9620528956614378,""regional_topk_candidates"":0.1636418321928228},""distance"":0.052595439437442014,""episode_id"":""q02_event_value_asc::run-1"",""normalized_sql_hash"":""5456d57953fe990f1580484e462a435d7cf573381f761e43b638485f128031d7"",""query_id"":""q02_event_value_asc"",""topology_id"":""eu_us_gac"",""weight"":19.012693838133202},{""action_gains"":{""increase_gac_work_mem"":0.0389910134517095,""mitigate_remote_path_bundle"":2.4389637619025195,""regional_topk_candidates"":0.148442525949881},""distance"":0.052595439437442014,""episode_id"":""q01_event_value_desc::run-1"",""normalized_sql_hash"":""ad7f1beefcb86b44e6bcd60f1e092a838d67200996b3cf5a69df119b546d5ed5"",""query_id"":""q01_event_value_desc"",""topology_id"":""eu_us_gac"",""weight"":19.012693838133202},{""action_gains"":{""increase_gac_work_mem"":0.0116307678132073,""mitigate_remote_path_bundle"":4.467296759804148,""regional_topk_candidates"":5.045466088749672},""distance"":0.06791914906092741,""episode_id"":""reference::cross-action-pilot-v1::pilot_gac_topk::raw-large-balanced-v1::{\""cutoff_ts\"":\""2026-06-01 00:00:00+00\"",\""limit_k\"":5000}"",""normalized_sql_hash"":""nan"",""query_id"":""cross-action-pilot-v1::pilot_gac_topk::raw-large-balanced-v1::{\""cutoff_ts\"":\""2026-06-01 00:00:00+00\"",\""limit_k\"":5000}"",""topology_id"":""eu_us_gac"",""weight"":14.723171456867023},{""action_gains"":{""increase_gac_work_mem"":0.0128070569269704,""mitigate_remote_path_bundle"":2.640761425802023,""regional_topk_candidates"":2.3178971333467917},""distance"":0.06791914906092741,""episode_id"":""reference::fuzzy-memory-topk-panel-v1::fuzzy_topk_balanced::raw-large-balanced-v1::{\""cutoff_ts\"":\""2026-06-29 00:00:00+00\"",\""limit_k\"":10000}"",""normalized_sql_hash"":""nan"",""query_id"":""fuzzy-memory-topk-panel-v1::fuzzy_topk_balanced::raw-large-balanced-v1::{\""cutoff_ts\"":\""2026-06-29 00:00:00+00\"",\""limit_k\"":10000}"",""topology_id"":""eu_us_gac"",""weight"":14.723171456867023}]",inf,1.0
sql_structural,warm_start_cross_query,7,q04_event_oldest::run-1,q04_event_oldest,7ac514d1b6aff5b67e0ed359f81f5121c7bf970bcc0b492f338fd0abac46c36e,event_oldest,1,4,eu_us_gac,2,raw-small-balanced-v1,transport,"[""increase_gac_work_mem"",""regional_topk_candidates"",""mitigate_remote_path_bundle""]",explicit_panel_contract_and_result_equivalence,2.74348,32,32,0,0.0,0.0,euclidean,available,mitigate_remote_path_bundle,mitigate_remote_path_bundle,mitigate_remote_path_bundle,True,0.0,True,0.0,18139.0,128.0,1306008.0,1757.7800000000002,30.475,10.561,-0.03255727376228346,-0.008027529950110343,1.9853262676333974,0.0094718463899962,-0.0141705521924664,3.308023136004272,"[{""action_gains"":{""increase_gac_work_mem"":0.0074479246782218,""mitigate_remote_path_bundle"":2.074180777894477,""regional_topk_candidates"":0.0486212889871827},""distance"":0.0,""episode_id"":""q03_event_recent::run-1"",""normalized_sql_hash"":""76893bdca8771bf15968c663228c2bb3475ab41d7df033a16ad555cc74a679a3"",""query_id"":""q03_event_recent"",""topology_id"":""eu_us_gac"",""weight"":1000000.0},{""action_gains"":{""increase_gac_work_mem"":-0.1048447833628063,""mitigate_remote_path_bundle"":1.9117449342238144,""regional_topk_candidates"":-0.0141682721267147},""distance"":0.0,""episode_id"":""q03_event_recent::run-2"",""normalized_sql_hash"":""76893bdca8771bf15968c663228c2bb3475ab41d7df033a16ad555cc74a679a3"",""query_id"":""q03_event_recent"",""topology_id"":""eu_us_gac"",""weight"":1000000.0},{""action_gains"":{""increase_gac_work_mem"":-0.0002791294905142,""mitigate_remote_path_bundle"":1.9700639210944435,""regional_topk_candidates"":-0.0585418455250905},""distance"":0.0,""episode_id"":""q03_event_recent::run-3"",""normalized_sql_hash"":""76893bdca8771bf15968c663228c2bb3475ab41d7df033a16ad555cc74a679a3"",""query_id"":""q03_event_recent"",""topology_id"":""eu_us_gac"",""weight"":1000000.0},{""action_gains"":{""increase_gac_work_mem"":0.1150579244177509,""mitigate_remote_path_bundle"":0.9620528956614378,""regional_topk_candidates"":0.1636418321928228},""distance"":0.052595439437442014,""episode_id"":""q02_event_value_asc::run-1"",""normalized_sql_hash"":""5456d57953fe990f1580484e462a435d7cf573381f761e43b638485f128031d7"",""query_id"":""q02_event_value_asc"",""topology_id"":""eu_us_gac"",""weight"":19.012693838133202},{""action_gains"":{""increase_gac_work_mem"":0.0389910134517095,""mitigate_remote_path_bundle"":2.4389637619025195,""regional_topk_candidates"":0.148442525949881},""distance"":0.052595439437442014,""episode_id"":""q01_event_value_desc::run-1"",""normalized_sql_hash"":""ad7f1beefcb86b44e6bcd60f1e092a838d67200996b3cf5a69df119b546d5ed5"",""query_id"":""q01_event_value_desc"",""topology_id"":""eu_us_gac"",""weight"":19.012693838133202}]",0.0,1.0
sql_structural,warm_start_cross_query,8,q04_event_oldest::run-2,q04_event_oldest,7ac514d1b6aff5b67e0ed359f81f5121c7bf970bcc0b492f338fd0abac46c36e,event_oldest,2,4,eu_us_gac,2,raw-small-balanced-v1,transport,"[""increase_gac_work_mem"",""regional_topk_candidates"",""mitigate_remote_path_bundle""]",explicit_panel_contract_and_result_equivalence,2.744782,33,32,1,0.0,0.0,euclidean,available,mitigate_remote_path_bundle,mitigate_remote_path_bundle,mitigate_remote_path_bundle,True,0.0,True,0.0,18139.0,128.0,1306008.0,1762.1840000000002,30.475,10.299,-0.03255727376228346,-0.008027529950110343,1.9853262676333974,0.0105978840767133,0.0442818066513621,3.3135646401821126,"[{""action_gains"":{""increase_gac_work_mem"":0.0074479246782218,""mitigate_remote_path_bundle"":2.074180777894477,""regional_topk_candidates"":0.0486212889871827},""distance"":0.0,""episode_id"":""q03_event_recent::run-1"",""normalized_sql_hash"":""76893bdca8771bf15968c663228c2bb3475ab41d7df033a16ad555cc74a679a3"",""query_id"":""q03_event_recent"",""topology_id"":""eu_us_gac"",""weight"":1000000.0},{""action_gains"":{""increase_gac_work_mem"":-0.1048447833628063,""mitigate_remote_path_bundle"":1.9117449342238144,""regional_topk_candidates"":-0.0141682721267147},""distance"":0.0,""episode_id"":""q03_event_recent::run-2"",""normalized_sql_hash"":""76893bdca8771bf15968c663228c2bb3475ab41d7df033a16ad555cc74a679a3"",""query_id"":""q03_event_recent"",""topology_id"":""eu_us_gac"",""weight"":1000000.0},{""action_gains"":{""increase_gac_work_mem"":-0.0002791294905142,""mitigate_remote_path_bundle"":1.9700639210944435,""regional_topk_candidates"":-0.0585418455250905},""distance"":0.0,""episode_id"":""q03_event_recent::run-3"",""normalized_sql_hash"":""76893bdca8771bf15968c663228c2bb3475ab41d7df033a16ad555cc74a679a3"",""query_id"":""q03_event_recent"",""topology_id"":""eu_us_gac"",""weight"":1000000.0},{""action_gains"":{""increase_gac_work_mem"":0.1150579244177509,""mitigate_remote_path_bundle"":0.9620528956614378,""regional_topk_candidates"":0.1636418321928228},""distance"":0.052595439437442014,""episode_id"":""q02_event_value_asc::run-1"",""normalized_sql_hash"":""5456d57953fe990f1580484e462a435d7cf573381f761e43b638485f128031d7"",""query_id"":""q02_event_value_asc"",""topology_id"":""eu_us_gac"",""weight"":19.012693838133202},{""action_gains"":{""increase_gac_work_mem"":0.0389910134517095,""mitigate_remote_path_bundle"":2.4389637619025195,""regional_topk_candidates"":0.148442525949881},""distance"":0.052595439437442014,""episode_id"":""q01_event_value_desc::run-1"",""normalized_sql_hash"":""ad7f1beefcb86b44e6bcd60f1e092a838d67200996b3cf5a69df119b546d5ed5"",""query_id"":""q01_event_value_desc"",""topology_id"":""eu_us_gac"",""weight"":19.012693838133202}]",0.0,1.0
sql_structural,warm_start_cross_query,9,q04_event_oldest::run-3,q04_event_oldest,7ac514d1b6aff5b67e0ed359f81f5121c7bf970bcc0b492f338fd0abac46c36e,event_oldest,3,4,eu_us_gac,2,raw-small-balanced-v1,transport,"[""increase_gac_work_mem"",""regional_topk_candidates"",""mitigate_remote_path_bundle""]",explicit_panel_contract_and_result_equivalence,2.74473,34,32,2,0.0,0.0,euclidean,available,mitigate_remote_path_bundle,mitigate_remote_path_bundle,mitigate_remote_path_bundle,True,0.0,True,0.0,18139.0,128.0,1306008.0,1762.053,30.5,9.365,-0.03255727376228346,-0.008027529950110343,1.9853262676333974,0.009230508233768,0.0366362612175297,3.408545258460241,"[{""action_gains"":{""increase_gac_work_mem"":0.0074479246782218,""mitigate_remote_path_bundle"":2.074180777894477,""regional_topk_candidates"":0.0486212889871827},""distance"":0.0,""episode_id"":""q03_event_recent::run-1"",""normalized_sql_hash"":""76893bdca8771bf15968c663228c2bb3475ab41d7df033a16ad555cc74a679a3"",""query_id"":""q03_event_recent"",""topology_id"":""eu_us_gac"",""weight"":1000000.0},{""action_gains"":{""increase_gac_work_mem"":-0.1048447833628063,""mitigate_remote_path_bundle"":1.9117449342238144,""regional_topk_candidates"":-0.0141682721267147},""distance"":0.0,""episode_id"":""q03_event_recent::run-2"",""normalized_sql_hash"":""76893bdca8771bf15968c663228c2bb3475ab41d7df033a16ad555cc74a679a3"",""query_id"":""q03_event_recent"",""topology_id"":""eu_us_gac"",""weight"":1000000.0},{""action_gains"":{""increase_gac_work_mem"":-0.0002791294905142,""mitigate_remote_path_bundle"":1.9700639210944435,""regional_topk_candidates"":-0.0585418455250905},""distance"":0.0,""episode_id"":""q03_event_recent::run-3"",""normalized_sql_hash"":""76893bdca8771bf15968c663228c2bb3475ab41d7df033a16ad555cc74a679a3"",""query_id"":""q03_event_recent"",""topology_id"":""eu_us_gac"",""weight"":1000000.0},{""action_gains"":{""increase_gac_work_mem"":0.1150579244177509,""mitigate_remote_path_bundle"":0.9620528956614378,""regional_topk_candidates"":0.1636418321928228},""distance"":0.052595439437442014,""episode_id"":""q02_event_value_asc::run-1"",""normalized_sql_hash"":""5456d57953fe990f1580484e462a435d7cf573381f761e43b638485f128031d7"",""query_id"":""q02_event_value_asc"",""topology_id"":""eu_us_gac"",""weight"":19.012693838133202},{""action_gains"":{""increase_gac_work_mem"":0.0389910134517095,""mitigate_remote_path_bundle"":2.4389637619025195,""regional_topk_candidates"":0.148442525949881},""distance"":0.052595439437442014,""episode_id"":""q01_event_value_desc::run-1"",""normalized_sql_hash"":""ad7f1beefcb86b44e6bcd60f1e092a838d67200996b3cf5a69df119b546d5ed5"",""query_id"":""q01_event_value_desc"",""topology_id"":""eu_us_gac"",""weight"":19.012693838133202}]",0.0,1.0
sql_structural,warm_start_cross_query,10,q04_event_oldest::run-4,q04_event_oldest,7ac514d1b6aff5b67e0ed359f81f5121c7bf970bcc0b492f338fd0abac46c36e,event_oldest,4,4,eu_us_gac,2,raw-small-balanced-v1,transport,"[""increase_gac_work_mem"",""regional_topk_candidates"",""mitigate_remote_path_bundle""]",explicit_panel_contract_and_result_equivalence,2.761324,35,32,3,0.0,0.0,euclidean,available,mitigate_remote_path_bundle,mitigate_remote_path_bundle,mitigate_remote_path_bundle,True,0.0,True,0.0,18139.0,128.0,1306008.0,1759.27,30.475,8.696,-0.03255727376228346,-0.008027529950110343,1.9853262676333974,0.0137676500397462,0.0523781778984862,3.288965909245521,"[{""action_gains"":{""increase_gac_work_mem"":0.0074479246782218,""mitigate_remote_path_bundle"":2.074180777894477,""regional_topk_candidates"":0.0486212889871827},""distance"":0.0,""episode_id"":""q03_event_recent::run-1"",""normalized_sql_hash"":""76893bdca8771bf15968c663228c2bb3475ab41d7df033a16ad555cc74a679a3"",""query_id"":""q03_event_recent"",""topology_id"":""eu_us_gac"",""weight"":1000000.0},{""action_gains"":{""increase_gac_work_mem"":-0.1048447833628063,""mitigate_remote_path_bundle"":1.9117449342238144,""regional_topk_candidates"":-0.0141682721267147},""distance"":0.0,""episode_id"":""q03_event_recent::run-2"",""normalized_sql_hash"":""76893bdca8771bf15968c663228c2bb3475ab41d7df033a16ad555cc74a679a3"",""query_id"":""q03_event_recent"",""topology_id"":""eu_us_gac"",""weight"":1000000.0},{""action_gains"":{""increase_gac_work_mem"":-0.0002791294905142,""mitigate_remote_path_bundle"":1.9700639210944435,""regional_topk_candidates"":-0.0585418455250905},""distance"":0.0,""episode_id"":""q03_event_recent::run-3"",""normalized_sql_hash"":""76893bdca8771bf15968c663228c2bb3475ab41d7df033a16ad555cc74a679a3"",""query_id"":""q03_event_recent"",""topology_id"":""eu_us_gac"",""weight"":1000000.0},{""action_gains"":{""increase_gac_work_mem"":0.1150579244177509,""mitigate_remote_path_bundle"":0.9620528956614378,""regional_topk_candidates"":0.1636418321928228},""distance"":0.052595439437442014,""episode_id"":""q02_event_value_asc::run-1"",""normalized_sql_hash"":""5456d57953fe990f1580484e462a435d7cf573381f761e43b638485f128031d7"",""query_id"":""q02_event_value_asc"",""topology_id"":""eu_us_gac"",""weight"":19.012693838133202},{""action_gains"":{""increase_gac_work_mem"":0.0389910134517095,""mitigate_remote_path_bundle"":2.4389637619025195,""regional_topk_candidates"":0.148442525949881},""distance"":0.052595439437442014,""episode_id"":""q01_event_value_desc::run-1"",""normalized_sql_hash"":""ad7f1beefcb86b44e6bcd60f1e092a838d67200996b3cf5a69df119b546d5ed5"",""query_id"":""q01_event_value_desc"",""topology_id"":""eu_us_gac"",""weight"":19.012693838133202}]",0.0,1.0
sql_structural,warm_start_cross_query,11,q05_event_deviation::run-1,q05_event_deviation,bd5d33dbf428b5dfe5fde653651a56bf4036327ea0a4ea3cb42a933b2a2200b1,event_deviation,1,5,eu_us_gac,2,raw-large-balanced-v1,memory,"[""increase_gac_work_mem"",""regional_topk_candidates"",""mitigate_remote_path_bundle""]",explicit_panel_contract_and_result_equivalence,2.037918,36,36,0,0.0,0.0,euclidean,available,mitigate_remote_path_bundle,mitigate_remote_path_bundle,regional_topk_candidates,False,0.3901337521220183,False,0.3901337521220183,128605.0,910.0,9259560.0,1257.719,5.4825,19.737,0.02923273789606568,0.10824837671245668,1.406809964171239,-0.2189988838292833,1.6155677957074597,1.2254340435854414,"[{""action_gains"":{""increase_gac_work_mem"":-0.0663499323728781,""mitigate_remote_path_bundle"":0.8193133052714852,""regional_topk_candidates"":0.0124944675739018},""distance"":0.0,""episode_id"":""q02_event_value_asc::run-2"",""normalized_sql_hash"":""5456d57953fe990f1580484e462a435d7cf573381f761e43b638485f128031d7"",""query_id"":""q02_event_value_asc"",""topology_id"":""eu_us_gac"",""weight"":1000000.0},{""action_gains"":{""increase_gac_work_mem"":0.1150579244177509,""mitigate_remote_path_bundle"":0.9620528956614378,""regional_topk_candidates"":0.1636418321928228},""distance"":0.0,""episode_id"":""q02_event_value_asc::run-1"",""normalized_sql_hash"":""5456d57953fe990f1580484e462a435d7cf573381f761e43b638485f128031d7"",""query_id"":""q02_event_value_asc"",""topology_id"":""eu_us_gac"",""weight"":1000000.0},{""action_gains"":{""increase_gac_work_mem"":0.0389910134517095,""mitigate_remote_path_bundle"":2.4389637619025195,""regional_topk_candidates"":0.148442525949881},""distance"":0.0,""episode_id"":""q01_event_value_desc::run-1"",""normalized_sql_hash"":""ad7f1beefcb86b44e6bcd60f1e092a838d67200996b3cf5a69df119b546d5ed5"",""query_id"":""q01_event_value_desc"",""topology_id"":""eu_us_gac"",""weight"":1000000.0},{""action_gains"":{""increase_gac_work_mem"":0.0116307678132073,""mitigate_remote_path_bundle"":4.467296759804148,""regional_topk_candidates"":5.045466088749672},""distance"":0.042973603055164546,""episode_id"":""reference::cross-action-pilot-v1::pilot_gac_topk::raw-large-balanced-v1::{\""cutoff_ts\"":\""2026-06-01 00:00:00+00\"",\""limit_k\"":5000}"",""normalized_sql_hash"":""nan"",""query_id"":""cross-action-pilot-v1::pilot_gac_topk::raw-large-balanced-v1::{\""cutoff_ts\"":\""2026-06-01 00:00:00+00\"",\""limit_k\"":5000}"",""topology_id"":""eu_us_gac"",""weight"":23.269557573721983},{""action_gains"":{""increase_gac_work_mem"":0.0128070569269704,""mitigate_remote_path_bundle"":2.640761425802023,""regional_topk_candidates"":2.3178971333467917},""distance"":0.042973603055164546,""episode_id"":""reference::fuzzy-memory-topk-panel-v1::fuzzy_topk_balanced::raw-large-balanced-v1::{\""cutoff_ts\"":\""2026-06-29 00:00:00+00\"",\""limit_k\"":10000}"",""normalized_sql_hash"":""nan"",""query_id"":""fuzzy-memory-topk-panel-v1::fuzzy_topk_balanced::raw-large-balanced-v1::{\""cutoff_ts\"":\""2026-06-29 00:00:00+00\"",\""limit_k\"":10000}"",""topology_id"":""eu_us_gac"",""weight"":23.269557573721983}]",0.0,1.0
sql_structural,warm_start_cross_query,12,q05_event_deviation::run-2,q05_event_deviation,bd5d33dbf428b5dfe5fde653651a56bf4036327ea0a4ea3cb42a933b2a2200b1,event_deviation,2,5,eu_us_gac,2,raw-large-balanced-v1,memory,"[""increase_gac_work_mem"",""regional_topk_candidates"",""mitigate_remote_path_bundle""]",explicit_panel_contract_and_result_equivalence,2.059002,37,36,1,0.0,0.0,euclidean,available,mitigate_remote_path_bundle,mitigate_remote_path_bundle,regional_topk_candidates,False,0.33902071212695417,False,0.33902071212695417,128605.0,910.0,9259560.0,1265.0099999999998,5.4825,19.457,0.02923273789606568,0.10824837671245668,1.406809964171239,0.0183683695362655,1.5287577109536976,1.1897369988267434,"[{""action_gains"":{""increase_gac_work_mem"":-0.0663499323728781,""mitigate_remote_path_bundle"":0.8193133052714852,""regional_topk_candidates"":0.0124944675739018},""distance"":0.0,""episode_id"":""q02_event_value_asc::run-2"",""normalized_sql_hash"":""5456d57953fe990f1580484e462a435d7cf573381f761e43b638485f128031d7"",""query_id"":""q02_event_value_asc"",""topology_id"":""eu_us_gac"",""weight"":1000000.0},{""action_gains"":{""increase_gac_work_mem"":0.1150579244177509,""mitigate_remote_path_bundle"":0.9620528956614378,""regional_topk_candidates"":0.1636418321928228},""distance"":0.0,""episode_id"":""q02_event_value_asc::run-1"",""normalized_sql_hash"":""5456d57953fe990f1580484e462a435d7cf573381f761e43b638485f128031d7"",""query_id"":""q02_event_value_asc"",""topology_id"":""eu_us_gac"",""weight"":1000000.0},{""action_gains"":{""increase_gac_work_mem"":0.0389910134517095,""mitigate_remote_path_bundle"":2.4389637619025195,""regional_topk_candidates"":0.148442525949881},""distance"":0.0,""episode_id"":""q01_event_value_desc::run-1"",""normalized_sql_hash"":""ad7f1beefcb86b44e6bcd60f1e092a838d67200996b3cf5a69df119b546d5ed5"",""query_id"":""q01_event_value_desc"",""topology_id"":""eu_us_gac"",""weight"":1000000.0},{""action_gains"":{""increase_gac_work_mem"":0.0116307678132073,""mitigate_remote_path_bundle"":4.467296759804148,""regional_topk_candidates"":5.045466088749672},""distance"":0.042973603055164546,""episode_id"":""reference::cross-action-pilot-v1::pilot_gac_topk::raw-large-balanced-v1::{\""cutoff_ts\"":\""2026-06-01 00:00:00+00\"",\""limit_k\"":5000}"",""normalized_sql_hash"":""nan"",""query_id"":""cross-action-pilot-v1::pilot_gac_topk::raw-large-balanced-v1::{\""cutoff_ts\"":\""2026-06-01 00:00:00+00\"",\""limit_k\"":5000}"",""topology_id"":""eu_us_gac"",""weight"":23.269557573721983},{""action_gains"":{""increase_gac_work_mem"":0.0128070569269704,""mitigate_remote_path_bundle"":2.640761425802023,""regional_topk_candidates"":2.3178971333467917},""distance"":0.042973603055164546,""episode_id"":""reference::fuzzy-memory-topk-panel-v1::fuzzy_topk_balanced::raw-large-balanced-v1::{\""cutoff_ts\"":\""2026-06-29 00:00:00+00\"",\""limit_k\"":10000}"",""normalized_sql_hash"":""nan"",""query_id"":""fuzzy-memory-topk-panel-v1::fuzzy_topk_balanced::raw-large-balanced-v1::{\""cutoff_ts\"":\""2026-06-29 00:00:00+00\"",\""limit_k\"":10000}"",""topology_id"":""eu_us_gac"",""weight"":23.269557573721983}]",0.0,1.0
sql_structural,warm_start_cross_query,13,q05_event_deviation::run-3,q05_event_deviation,bd5d33dbf428b5dfe5fde653651a56bf4036327ea0a4ea3cb42a933b2a2200b1,event_deviation,3,5,eu_us_gac,2,raw-large-balanced-v1,memory,"[""increase_gac_work_mem"",""regional_topk_candidates"",""mitigate_remote_path_bundle""]",explicit_panel_contract_and_result_equivalence,2.038112,38,36,2,0.0,0.0,euclidean,available,mitigate_remote_path_bundle,mitigate_remote_path_bundle,regional_topk_candidates,False,0.47532748313218987,False,0.47532748313218987,128605.0,910.0,9259560.0,1264.069,5.4625,19.383,0.02923273789606568,0.10824837671245668,1.406809964171239,-0.0316462744395453,1.5227227683950888,1.047395285262899,"[{""action_gains"":{""increase_gac_work_mem"":-0.0663499323728781,""mitigate_remote_path_bundle"":0.8193133052714852,""regional_topk_candidates"":0.0124944675739018},""distance"":0.0,""episode_id"":""q02_event_value_asc::run-2"",""normalized_sql_hash"":""5456d57953fe990f1580484e462a435d7cf573381f761e43b638485f128031d7"",""query_id"":""q02_event_value_asc"",""topology_id"":""eu_us_gac"",""weight"":1000000.0},{""action_gains"":{""increase_gac_work_mem"":0.1150579244177509,""mitigate_remote_path_bundle"":0.9620528956614378,""regional_topk_candidates"":0.1636418321928228},""distance"":0.0,""episode_id"":""q02_event_value_asc::run-1"",""normalized_sql_hash"":""5456d57953fe990f1580484e462a435d7cf573381f761e43b638485f128031d7"",""query_id"":""q02_event_value_asc"",""topology_id"":""eu_us_gac"",""weight"":1000000.0},{""action_gains"":{""increase_gac_work_mem"":0.0389910134517095,""mitigate_remote_path_bundle"":2.4389637619025195,""regional_topk_candidates"":0.148442525949881},""distance"":0.0,""episode_id"":""q01_event_value_desc::run-1"",""normalized_sql_hash"":""ad7f1beefcb86b44e6bcd60f1e092a838d67200996b3cf5a69df119b546d5ed5"",""query_id"":""q01_event_value_desc"",""topology_id"":""eu_us_gac"",""weight"":1000000.0},{""action_gains"":{""increase_gac_work_mem"":0.0116307678132073,""mitigate_remote_path_bundle"":4.467296759804148,""regional_topk_candidates"":5.045466088749672},""distance"":0.042973603055164546,""episode_id"":""reference::cross-action-pilot-v1::pilot_gac_topk::raw-large-balanced-v1::{\""cutoff_ts\"":\""2026-06-01 00:00:00+00\"",\""limit_k\"":5000}"",""normalized_sql_hash"":""nan"",""query_id"":""cross-action-pilot-v1::pilot_gac_topk::raw-large-balanced-v1::{\""cutoff_ts\"":\""2026-06-01 00:00:00+00\"",\""limit_k\"":5000}"",""topology_id"":""eu_us_gac"",""weight"":23.269557573721983},{""action_gains"":{""increase_gac_work_mem"":0.0128070569269704,""mitigate_remote_path_bundle"":2.640761425802023,""regional_topk_candidates"":2.3178971333467917},""distance"":0.042973603055164546,""episode_id"":""reference::fuzzy-memory-topk-panel-v1::fuzzy_topk_balanced::raw-large-balanced-v1::{\""cutoff_ts\"":\""2026-06-29 00:00:00+00\"",\""limit_k\"":10000}"",""normalized_sql_hash"":""nan"",""query_id"":""fuzzy-memory-topk-panel-v1::fuzzy_topk_balanced::raw-large-balanced-v1::{\""cutoff_ts\"":\""2026-06-29 00:00:00+00\"",\""limit_k\"":10000}"",""topology_id"":""eu_us_gac"",""weight"":23.269557573721983}]",0.0,1.0
sql_structural,warm_start_cross_query,14,q05_event_deviation::run-4,q05_event_deviation,bd5d33dbf428b5dfe5fde653651a56bf4036327ea0a4ea3cb42a933b2a2200b1,event_deviation,4,5,eu_us_gac,2,raw-large-balanced-v1,memory,"[""increase_gac_work_mem"",""regional_topk_candidates"",""mitigate_remote_path_bundle""]",explicit_panel_contract_and_result_equivalence,2.102356,39,36,3,0.0,0.0,euclidean,available,mitigate_remote_path_bundle,mitigate_remote_path_bundle,regional_topk_candidates,False,0.45435941954846304,False,0.45435941954846304,128605.0,910.0,9259560.0,1253.977,5.4575000000000005,19.92,0.02923273789606568,0.10824837671245668,1.406809964171239,0.0486061304280509,1.6292173868977764,1.1748579673493134,"[{""action_gains"":{""increase_gac_work_mem"":-0.0663499323728781,""mitigate_remote_path_bundle"":0.8193133052714852,""regional_topk_candidates"":0.0124944675739018},""distance"":0.0,""episode_id"":""q02_event_value_asc::run-2"",""normalized_sql_hash"":""5456d57953fe990f1580484e462a435d7cf573381f761e43b638485f128031d7"",""query_id"":""q02_event_value_asc"",""topology_id"":""eu_us_gac"",""weight"":1000000.0},{""action_gains"":{""increase_gac_work_mem"":0.1150579244177509,""mitigate_remote_path_bundle"":0.9620528956614378,""regional_topk_candidates"":0.1636418321928228},""distance"":0.0,""episode_id"":""q02_event_value_asc::run-1"",""normalized_sql_hash"":""5456d57953fe990f1580484e462a435d7cf573381f761e43b638485f128031d7"",""query_id"":""q02_event_value_asc"",""topology_id"":""eu_us_gac"",""weight"":1000000.0},{""action_gains"":{""increase_gac_work_mem"":0.0389910134517095,""mitigate_remote_path_bundle"":2.4389637619025195,""regional_topk_candidates"":0.148442525949881},""distance"":0.0,""episode_id"":""q01_event_value_desc::run-1"",""normalized_sql_hash"":""ad7f1beefcb86b44e6bcd60f1e092a838d67200996b3cf5a69df119b546d5ed5"",""query_id"":""q01_event_value_desc"",""topology_id"":""eu_us_gac"",""weight"":1000000.0},{""action_gains"":{""increase_gac_work_mem"":0.0116307678132073,""mitigate_remote_path_bundle"":4.467296759804148,""regional_topk_candidates"":5.045466088749672},""distance"":0.042973603055164546,""episode_id"":""reference::cross-action-pilot-v1::pilot_gac_topk::raw-large-balanced-v1::{\""cutoff_ts\"":\""2026-06-01 00:00:00+00\"",\""limit_k\"":5000}"",""normalized_sql_hash"":""nan"",""query_id"":""cross-action-pilot-v1::pilot_gac_topk::raw-large-balanced-v1::{\""cutoff_ts\"":\""2026-06-01 00:00:00+00\"",\""limit_k\"":5000}"",""topology_id"":""eu_us_gac"",""weight"":23.269557573721983},{""action_gains"":{""increase_gac_work_mem"":0.0128070569269704,""mitigate_remote_path_bundle"":2.640761425802023,""regional_topk_candidates"":2.3178971333467917},""distance"":0.042973603055164546,""episode_id"":""reference::fuzzy-memory-topk-panel-v1::fuzzy_topk_balanced::raw-large-balanced-v1::{\""cutoff_ts\"":\""2026-06-29 00:00:00+00\"",\""limit_k\"":10000}"",""normalized_sql_hash"":""nan"",""query_id"":""fuzzy-memory-topk-panel-v1::fuzzy_topk_balanced::raw-large-balanced-v1::{\""cutoff_ts\"":\""2026-06-29 00:00:00+00\"",\""limit_k\"":10000}"",""topology_id"":""eu_us_gac"",""weight"":23.269557573721983}]",0.0,1.0
sql_structural,warm_start_cross_query,15,q05_event_deviation::run-5,q05_event_deviation,bd5d33dbf428b5dfe5fde653651a56bf4036327ea0a4ea3cb42a933b2a2200b1,event_deviation,5,5,eu_us_gac,2,raw-large-balanced-v1,memory,"[""increase_gac_work_mem"",""regional_topk_candidates"",""mitigate_remote_path_bundle""]",explicit_panel_contract_and_result_equivalence,2.128587,40,36,4,0.0,0.0,euclidean,available,mitigate_remote_path_bundle,mitigate_remote_path_bundle,regional_topk_candidates,False,0.5116023910096268,False,0.5116023910096268,128605.0,910.0,9259560.0,1277.453,5.455,21.525,0.02923273789606568,0.10824837671245668,1.406809964171239,0.1061461385855623,1.7019159811692757,1.1903135901596489,"[{""action_gains"":{""increase_gac_work_mem"":-0.0663499323728781,""mitigate_remote_path_bundle"":0.8193133052714852,""regional_topk_candidates"":0.0124944675739018},""distance"":0.0,""episode_id"":""q02_event_value_asc::run-2"",""normalized_sql_hash"":""5456d57953fe990f1580484e462a435d7cf573381f761e43b638485f128031d7"",""query_id"":""q02_event_value_asc"",""topology_id"":""eu_us_gac"",""weight"":1000000.0},{""action_gains"":{""increase_gac_work_mem"":0.1150579244177509,""mitigate_remote_path_bundle"":0.9620528956614378,""regional_topk_candidates"":0.1636418321928228},""distance"":0.0,""episode_id"":""q02_event_value_asc::run-1"",""normalized_sql_hash"":""5456d57953fe990f1580484e462a435d7cf573381f761e43b638485f128031d7"",""query_id"":""q02_event_value_asc"",""topology_id"":""eu_us_gac"",""weight"":1000000.0},{""action_gains"":{""increase_gac_work_mem"":0.0389910134517095,""mitigate_remote_path_bundle"":2.4389637619025195,""regional_topk_candidates"":0.148442525949881},""distance"":0.0,""episode_id"":""q01_event_value_desc::run-1"",""normalized_sql_hash"":""ad7f1beefcb86b44e6bcd60f1e092a838d67200996b3cf5a69df119b546d5ed5"",""query_id"":""q01_event_value_desc"",""topology_id"":""eu_us_gac"",""weight"":1000000.0},{""action_gains"":{""increase_gac_work_mem"":0.0116307678132073,""mitigate_remote_path_bundle"":4.467296759804148,""regional_topk_candidates"":5.045466088749672},""distance"":0.042973603055164546,""episode_id"":""reference::cross-action-pilot-v1::pilot_gac_topk::raw-large-balanced-v1::{\""cutoff_ts\"":\""2026-06-01 00:00:00+00\"",\""limit_k\"":5000}"",""normalized_sql_hash"":""nan"",""query_id"":""cross-action-pilot-v1::pilot_gac_topk::raw-large-balanced-v1::{\""cutoff_ts\"":\""2026-06-01 00:00:00+00\"",\""limit_k\"":5000}"",""topology_id"":""eu_us_gac"",""weight"":23.269557573721983},{""action_gains"":{""increase_gac_work_mem"":0.0128070569269704,""mitigate_remote_path_bundle"":2.640761425802023,""regional_topk_candidates"":2.3178971333467917},""distance"":0.042973603055164546,""episode_id"":""reference::fuzzy-memory-topk-panel-v1::fuzzy_topk_balanced::raw-large-balanced-v1::{\""cutoff_ts\"":\""2026-06-29 00:00:00+00\"",\""limit_k\"":10000}"",""normalized_sql_hash"":""nan"",""query_id"":""fuzzy-memory-topk-panel-v1::fuzzy_topk_balanced::raw-large-balanced-v1::{\""cutoff_ts\"":\""2026-06-29 00:00:00+00\"",\""limit_k\"":10000}"",""topology_id"":""eu_us_gac"",""weight"":23.269557573721983}]",0.0,1.0
sql_structural,warm_start_cross_query,16,q06_tenant_sum::run-1,q06_tenant_sum,82a4b1652b8883fb8dad714052530b1788280c0ae3dd3cb8823fe3b0d8dea3ac,tenant_sum,1,1,eu_us_gac,2,raw-large-balanced-v1,balanced,"[""increase_gac_work_mem"",""regional_topk_candidates"",""mitigate_remote_path_bundle""]",explicit_panel_contract_and_result_equivalence,8.598672,41,41,0,0.49672503608647867,0.0,euclidean,outside_reference_coverage,mitigate_remote_path_bundle,,regional_topk_candidates,False,,False,0.2919563116630042,257774.0,1825.0,18559728.0,7280.447,15.45,9.185,0.009430907327397861,3.259312651569929,3.285193298145638,-0.0113274524048228,3.047649640005925,2.755693328342921,"[{""action_gains"":{""increase_gac_work_mem"":0.0116307678132073,""mitigate_remote_path_bundle"":4.467296759804148,""regional_topk_candidates"":5.045466088749672},""distance"":0.49672503608647867,""episode_id"":""reference::cross-action-pilot-v1::pilot_gac_topk::raw-large-balanced-v1::{\""cutoff_ts\"":\""2026-06-01 00:00:00+00\"",\""limit_k\"":5000}"",""normalized_sql_hash"":""nan"",""query_id"":""cross-action-pilot-v1::pilot_gac_topk::raw-large-balanced-v1::{\""cutoff_ts\"":\""2026-06-01 00:00:00+00\"",\""limit_k\"":5000}"",""topology_id"":""eu_us_gac"",""weight"":2.0131821715620775},{""action_gains"":{""increase_gac_work_mem"":0.0106406666902462,""mitigate_remote_path_bundle"":3.733324190801565,""regional_topk_candidates"":1.5442528549456571},""distance"":0.49672503608647867,""episode_id"":""reference::cross-action-pilot-v1::pilot_gac_topk::raw-small-balanced-v1::{\""cutoff_ts\"":\""2026-06-01 00:00:00+00\"",\""limit_k\"":5000}"",""normalized_sql_hash"":""nan"",""query_id"":""cross-action-pilot-v1::pilot_gac_topk::raw-small-balanced-v1::{\""cutoff_ts\"":\""2026-06-01 00:00:00+00\"",\""limit_k\"":5000}"",""topology_id"":""eu_us_gac"",""weight"":2.0131821715620775},{""action_gains"":{""increase_gac_work_mem"":0.033912495820706,""mitigate_remote_path_bundle"":2.685723352383513,""regional_topk_candidates"":2.983182859705127},""distance"":0.49672503608647867,""episode_id"":""reference::fuzzy-memory-topk-panel-v1::fuzzy_topk_balanced::raw-large-balanced-v1::{\""cutoff_ts\"":\""2026-06-24 00:00:00+00\"",\""limit_k\"":10000}"",""normalized_sql_hash"":""nan"",""query_id"":""fuzzy-memory-topk-panel-v1::fuzzy_topk_balanced::raw-large-balanced-v1::{\""cutoff_ts\"":\""2026-06-24 00:00:00+00\"",\""limit_k\"":10000}"",""topology_id"":""eu_us_gac"",""weight"":2.0131821715620775},{""action_gains"":{""increase_gac_work_mem"":-0.0218364506141406,""mitigate_remote_path_bundle"":2.898860761936939,""regional_topk_candidates"":4.405764321102397},""distance"":0.49672503608647867,""episode_id"":""reference::fuzzy-memory-topk-panel-v1::fuzzy_topk_balanced::raw-large-balanced-v1::{\""cutoff_ts\"":\""2026-06-24 00:00:00+00\"",\""limit_k\"":100}"",""normalized_sql_hash"":""nan"",""query_id"":""fuzzy-memory-topk-panel-v1::fuzzy_topk_balanced::raw-large-balanced-v1::{\""cutoff_ts\"":\""2026-06-24 00:00:00+00\"",\""limit_k\"":100}"",""topology_id"":""eu_us_gac"",""weight"":2.0131821715620775},{""action_gains"":{""increase_gac_work_mem"":0.0128070569269704,""mitigate_remote_path_bundle"":2.640761425802023,""regional_topk_candidates"":2.3178971333467917},""distance"":0.49672503608647867,""episode_id"":""reference::fuzzy-memory-topk-panel-v1::fuzzy_topk_balanced::raw-large-balanced-v1::{\""cutoff_ts\"":\""2026-06-29 00:00:00+00\"",\""limit_k\"":10000}"",""normalized_sql_hash"":""nan"",""query_id"":""fuzzy-memory-topk-panel-v1::fuzzy_topk_balanced::raw-large-balanced-v1::{\""cutoff_ts\"":\""2026-06-29 00:00:00+00\"",\""limit_k\"":10000}"",""topology_id"":""eu_us_gac"",""weight"":2.0131821715620775}]",inf,1.0
sql_structural,warm_start_cross_query,17,q07_tenant_count::run-1,q07_tenant_count,e2883a3d8a1df39316eb339275178d1251674b54de02a31a771e6d2aeced7e7b,tenant_count,1,2,eu_us_gac,2,raw-large-balanced-v1,transport,"[""increase_gac_work_mem"",""regional_topk_candidates"",""mitigate_remote_path_bundle""]",explicit_panel_contract_and_result_equivalence,86.072879,42,42,0,0.0,0.0,euclidean,available,regional_topk_candidates,regional_topk_candidates,regional_topk_candidates,True,0.0,True,0.0,901443.0,11836.0,64903896.0,82356.662,30.5,5.796,-0.01132722229834933,3.0476490364595286,2.755698369979692,0.0095142040035063,5.78740087138428,4.358137982011629,"[{""action_gains"":{""increase_gac_work_mem"":-0.0113274524048228,""mitigate_remote_path_bundle"":2.755693328342921,""regional_topk_candidates"":3.047649640005925},""distance"":0.0,""episode_id"":""q06_tenant_sum::run-1"",""normalized_sql_hash"":""82a4b1652b8883fb8dad714052530b1788280c0ae3dd3cb8823fe3b0d8dea3ac"",""query_id"":""q06_tenant_sum"",""topology_id"":""eu_us_gac"",""weight"":1000000.0},{""action_gains"":{""increase_gac_work_mem"":0.0116307678132073,""mitigate_remote_path_bundle"":4.467296759804148,""regional_topk_candidates"":5.045466088749672},""distance"":0.49672503608647867,""episode_id"":""reference::cross-action-pilot-v1::pilot_gac_topk::raw-large-balanced-v1::{\""cutoff_ts\"":\""2026-06-01 00:00:00+00\"",\""limit_k\"":5000}"",""normalized_sql_hash"":""nan"",""query_id"":""cross-action-pilot-v1::pilot_gac_topk::raw-large-balanced-v1::{\""cutoff_ts\"":\""2026-06-01 00:00:00+00\"",\""limit_k\"":5000}"",""topology_id"":""eu_us_gac"",""weight"":2.0131821715620775},{""action_gains"":{""increase_gac_work_mem"":0.033912495820706,""mitigate_remote_path_bundle"":2.685723352383513,""regional_topk_candidates"":2.983182859705127},""distance"":0.49672503608647867,""episode_id"":""reference::fuzzy-memory-topk-panel-v1::fuzzy_topk_balanced::raw-large-balanced-v1::{\""cutoff_ts\"":\""2026-06-24 00:00:00+00\"",\""limit_k\"":10000}"",""normalized_sql_hash"":""nan"",""query_id"":""fuzzy-memory-topk-panel-v1::fuzzy_topk_balanced::raw-large-balanced-v1::{\""cutoff_ts\"":\""2026-06-24 00:00:00+00\"",\""limit_k\"":10000}"",""topology_id"":""eu_us_gac"",""weight"":2.0131821715620775},{""action_gains"":{""increase_gac_work_mem"":0.0106406666902462,""mitigate_remote_path_bundle"":3.733324190801565,""regional_topk_candidates"":1.5442528549456571},""distance"":0.49672503608647867,""episode_id"":""reference::cross-action-pilot-v1::pilot_gac_topk::raw-small-balanced-v1::{\""cutoff_ts\"":\""2026-06-01 00:00:00+00\"",\""limit_k\"":5000}"",""normalized_sql_hash"":""nan"",""query_id"":""cross-action-pilot-v1::pilot_gac_topk::raw-small-balanced-v1::{\""cutoff_ts\"":\""2026-06-01 00:00:00+00\"",\""limit_k\"":5000}"",""topology_id"":""eu_us_gac"",""weight"":2.0131821715620775},{""action_gains"":{""increase_gac_work_mem"":0.0128070569269704,""mitigate_remote_path_bundle"":2.640761425802023,""regional_topk_candidates"":2.3178971333467917},""distance"":0.49672503608647867,""episode_id"":""reference::fuzzy-memory-topk-panel-v1::fuzzy_topk_balanced::raw-large-balanced-v1::{\""cutoff_ts\"":\""2026-06-29 00:00:00+00\"",\""limit_k\"":10000}"",""normalized_sql_hash"":""nan"",""query_id"":""fuzzy-memory-topk-panel-v1::fuzzy_topk_balanced::raw-large-balanced-v1::{\""cutoff_ts\"":\""2026-06-29 00:00:00+00\"",\""limit_k\"":10000}"",""topology_id"":""eu_us_gac"",""weight"":2.0131821715620775}]",0.0,1.0
sql_structural,warm_start_cross_query,18,q07_tenant_count::run-2,q07_tenant_count,e2883a3d8a1df39316eb339275178d1251674b54de02a31a771e6d2aeced7e7b,tenant_count,2,2,eu_us_gac,2,raw-large-balanced-v1,transport,"[""increase_gac_work_mem"",""regional_topk_candidates"",""mitigate_remote_path_bundle""]",explicit_panel_contract_and_result_equivalence,86.34813,43,42,1,0.0,0.0,euclidean,available,regional_topk_candidates,regional_topk_candidates,regional_topk_candidates,True,0.0,True,0.0,901443.0,11818.0,64903896.0,82558.09700000001,30.45,5.763,-0.01132722229834933,3.0476490364595286,2.755698369979692,0.0058933650242485,5.944838229402522,4.322867216809753,"[{""action_gains"":{""increase_gac_work_mem"":-0.0113274524048228,""mitigate_remote_path_bundle"":2.755693328342921,""regional_topk_candidates"":3.047649640005925},""distance"":0.0,""episode_id"":""q06_tenant_sum::run-1"",""normalized_sql_hash"":""82a4b1652b8883fb8dad714052530b1788280c0ae3dd3cb8823fe3b0d8dea3ac"",""query_id"":""q06_tenant_sum"",""topology_id"":""eu_us_gac"",""weight"":1000000.0},{""action_gains"":{""increase_gac_work_mem"":0.0116307678132073,""mitigate_remote_path_bundle"":4.467296759804148,""regional_topk_candidates"":5.045466088749672},""distance"":0.49672503608647867,""episode_id"":""reference::cross-action-pilot-v1::pilot_gac_topk::raw-large-balanced-v1::{\""cutoff_ts\"":\""2026-06-01 00:00:00+00\"",\""limit_k\"":5000}"",""normalized_sql_hash"":""nan"",""query_id"":""cross-action-pilot-v1::pilot_gac_topk::raw-large-balanced-v1::{\""cutoff_ts\"":\""2026-06-01 00:00:00+00\"",\""limit_k\"":5000}"",""topology_id"":""eu_us_gac"",""weight"":2.0131821715620775},{""action_gains"":{""increase_gac_work_mem"":0.033912495820706,""mitigate_remote_path_bundle"":2.685723352383513,""regional_topk_candidates"":2.983182859705127},""distance"":0.49672503608647867,""episode_id"":""reference::fuzzy-memory-topk-panel-v1::fuzzy_topk_balanced::raw-large-balanced-v1::{\""cutoff_ts\"":\""2026-06-24 00:00:00+00\"",\""limit_k\"":10000}"",""normalized_sql_hash"":""nan"",""query_id"":""fuzzy-memory-topk-panel-v1::fuzzy_topk_balanced::raw-large-balanced-v1::{\""cutoff_ts\"":\""2026-06-24 00:00:00+00\"",\""limit_k\"":10000}"",""topology_id"":""eu_us_gac"",""weight"":2.0131821715620775},{""action_gains"":{""increase_gac_work_mem"":0.0106406666902462,""mitigate_remote_path_bundle"":3.733324190801565,""regional_topk_candidates"":1.5442528549456571},""distance"":0.49672503608647867,""episode_id"":""reference::cross-action-pilot-v1::pilot_gac_topk::raw-small-balanced-v1::{\""cutoff_ts\"":\""2026-06-01 00:00:00+00\"",\""limit_k\"":5000}"",""normalized_sql_hash"":""nan"",""query_id"":""cross-action-pilot-v1::pilot_gac_topk::raw-small-balanced-v1::{\""cutoff_ts\"":\""2026-06-01 00:00:00+00\"",\""limit_k\"":5000}"",""topology_id"":""eu_us_gac"",""weight"":2.0131821715620775},{""action_gains"":{""increase_gac_work_mem"":0.0128070569269704,""mitigate_remote_path_bundle"":2.640761425802023,""regional_topk_candidates"":2.3178971333467917},""distance"":0.49672503608647867,""episode_id"":""reference::fuzzy-memory-topk-panel-v1::fuzzy_topk_balanced::raw-large-balanced-v1::{\""cutoff_ts\"":\""2026-06-29 00:00:00+00\"",\""limit_k\"":10000}"",""normalized_sql_hash"":""nan"",""query_id"":""fuzzy-memory-topk-panel-v1::fuzzy_topk_balanced::raw-large-balanced-v1::{\""cutoff_ts\"":\""2026-06-29 00:00:00+00\"",\""limit_k\"":10000}"",""topology_id"":""eu_us_gac"",""weight"":2.0131821715620775}]",0.0,1.0
sql_structural,warm_start_cross_query,19,q08_tenant_avg::run-1,q08_tenant_avg,8e8d2f98539f4a009d76e2bafa2994da93c550be0df9a6a7019b81cb79140fb8,tenant_avg,1,3,eu_us_gac,2,raw-large-balanced-v1,memory,"[""increase_gac_work_mem"",""regional_topk_candidates"",""mitigate_remote_path_bundle""]",explicit_panel_contract_and_result_equivalence,22.839779,44,44,0,0.0,0.0,euclidean,available,regional_topk_candidates,regional_topk_candidates,regional_topk_candidates,True,0.0,True,0.0,1804933.0,31306.0,129955176.0,17068.288,5.4350000000000005,19.93,0.0013600534482181232,4.926627909395114,3.812232495847775,0.0206639435078385,4.495349709290721,1.3965019409035595,"[{""action_gains"":{""increase_gac_work_mem"":0.0058933650242485,""mitigate_remote_path_bundle"":4.322867216809753,""regional_topk_candidates"":5.944838229402522},""distance"":0.0,""episode_id"":""q07_tenant_count::run-2"",""normalized_sql_hash"":""e2883a3d8a1df39316eb339275178d1251674b54de02a31a771e6d2aeced7e7b"",""query_id"":""q07_tenant_count"",""topology_id"":""eu_us_gac"",""weight"":1000000.0},{""action_gains"":{""increase_gac_work_mem"":-0.0113274524048228,""mitigate_remote_path_bundle"":2.755693328342921,""regional_topk_candidates"":3.047649640005925},""distance"":0.0,""episode_id"":""q06_tenant_sum::run-1"",""normalized_sql_hash"":""82a4b1652b8883fb8dad714052530b1788280c0ae3dd3cb8823fe3b0d8dea3ac"",""query_id"":""q06_tenant_sum"",""topology_id"":""eu_us_gac"",""weight"":1000000.0},{""action_gains"":{""increase_gac_work_mem"":0.0095142040035063,""mitigate_remote_path_bundle"":4.358137982011629,""regional_topk_candidates"":5.78740087138428},""distance"":0.0,""episode_id"":""q07_tenant_count::run-1"",""normalized_sql_hash"":""e2883a3d8a1df39316eb339275178d1251674b54de02a31a771e6d2aeced7e7b"",""query_id"":""q07_tenant_count"",""topology_id"":""eu_us_gac"",""weight"":1000000.0},{""action_gains"":{""increase_gac_work_mem"":0.0116307678132073,""mitigate_remote_path_bundle"":4.467296759804148,""regional_topk_candidates"":5.045466088749672},""distance"":0.49672503608647867,""episode_id"":""reference::cross-action-pilot-v1::pilot_gac_topk::raw-large-balanced-v1::{\""cutoff_ts\"":\""2026-06-01 00:00:00+00\"",\""limit_k\"":5000}"",""normalized_sql_hash"":""nan"",""query_id"":""cross-action-pilot-v1::pilot_gac_topk::raw-large-balanced-v1::{\""cutoff_ts\"":\""2026-06-01 00:00:00+00\"",\""limit_k\"":5000}"",""topology_id"":""eu_us_gac"",""weight"":2.0131821715620775},{""action_gains"":{""increase_gac_work_mem"":0.0128070569269704,""mitigate_remote_path_bundle"":2.640761425802023,""regional_topk_candidates"":2.3178971333467917},""distance"":0.49672503608647867,""episode_id"":""reference::fuzzy-memory-topk-panel-v1::fuzzy_topk_balanced::raw-large-balanced-v1::{\""cutoff_ts\"":\""2026-06-29 00:00:00+00\"",\""limit_k\"":10000}"",""normalized_sql_hash"":""nan"",""query_id"":""fuzzy-memory-topk-panel-v1::fuzzy_topk_balanced::raw-large-balanced-v1::{\""cutoff_ts\"":\""2026-06-29 00:00:00+00\"",\""limit_k\"":10000}"",""topology_id"":""eu_us_gac"",""weight"":2.0131821715620775}]",0.0,1.0
sql_structural,warm_start_cross_query,20,q08_tenant_avg::run-2,q08_tenant_avg,8e8d2f98539f4a009d76e2bafa2994da93c550be0df9a6a7019b81cb79140fb8,tenant_avg,2,3,eu_us_gac,2,raw-large-balanced-v1,memory,"[""increase_gac_work_mem"",""regional_topk_candidates"",""mitigate_remote_path_bundle""]",explicit_panel_contract_and_result_equivalence,23.704148,45,44,1,0.0,0.0,euclidean,available,regional_topk_candidates,regional_topk_candidates,regional_topk_candidates,True,0.0,True,0.0,1804933.0,31388.0,129955176.0,17416.571,5.4325,19.874,0.0013600534482181232,4.926627909395114,3.812232495847775,0.0735851486077056,4.607859831466466,1.1931412104635313,"[{""action_gains"":{""increase_gac_work_mem"":0.0058933650242485,""mitigate_remote_path_bundle"":4.322867216809753,""regional_topk_candidates"":5.944838229402522},""distance"":0.0,""episode_id"":""q07_tenant_count::run-2"",""normalized_sql_hash"":""e2883a3d8a1df39316eb339275178d1251674b54de02a31a771e6d2aeced7e7b"",""query_id"":""q07_tenant_count"",""topology_id"":""eu_us_gac"",""weight"":1000000.0},{""action_gains"":{""increase_gac_work_mem"":-0.0113274524048228,""mitigate_remote_path_bundle"":2.755693328342921,""regional_topk_candidates"":3.047649640005925},""distance"":0.0,""episode_id"":""q06_tenant_sum::run-1"",""normalized_sql_hash"":""82a4b1652b8883fb8dad714052530b1788280c0ae3dd3cb8823fe3b0d8dea3ac"",""query_id"":""q06_tenant_sum"",""topology_id"":""eu_us_gac"",""weight"":1000000.0},{""action_gains"":{""increase_gac_work_mem"":0.0095142040035063,""mitigate_remote_path_bundle"":4.358137982011629,""regional_topk_candidates"":5.78740087138428},""distance"":0.0,""episode_id"":""q07_tenant_count::run-1"",""normalized_sql_hash"":""e2883a3d8a1df39316eb339275178d1251674b54de02a31a771e6d2aeced7e7b"",""query_id"":""q07_tenant_count"",""topology_id"":""eu_us_gac"",""weight"":1000000.0},{""action_gains"":{""increase_gac_work_mem"":0.0116307678132073,""mitigate_remote_path_bundle"":4.467296759804148,""regional_topk_candidates"":5.045466088749672},""distance"":0.49672503608647867,""episode_id"":""reference::cross-action-pilot-v1::pilot_gac_topk::raw-large-balanced-v1::{\""cutoff_ts\"":\""2026-06-01 00:00:00+00\"",\""limit_k\"":5000}"",""normalized_sql_hash"":""nan"",""query_id"":""cross-action-pilot-v1::pilot_gac_topk::raw-large-balanced-v1::{\""cutoff_ts\"":\""2026-06-01 00:00:00+00\"",\""limit_k\"":5000}"",""topology_id"":""eu_us_gac"",""weight"":2.0131821715620775},{""action_gains"":{""increase_gac_work_mem"":0.0128070569269704,""mitigate_remote_path_bundle"":2.640761425802023,""regional_topk_candidates"":2.3178971333467917},""distance"":0.49672503608647867,""episode_id"":""reference::fuzzy-memory-topk-panel-v1::fuzzy_topk_balanced::raw-large-balanced-v1::{\""cutoff_ts\"":\""2026-06-29 00:00:00+00\"",\""limit_k\"":10000}"",""normalized_sql_hash"":""nan"",""query_id"":""fuzzy-memory-topk-panel-v1::fuzzy_topk_balanced::raw-large-balanced-v1::{\""cutoff_ts\"":\""2026-06-29 00:00:00+00\"",\""limit_k\"":10000}"",""topology_id"":""eu_us_gac"",""weight"":2.0131821715620775}]",0.0,1.0
sql_structural,warm_start_cross_query,21,q08_tenant_avg::run-3,q08_tenant_avg,8e8d2f98539f4a009d76e2bafa2994da93c550be0df9a6a7019b81cb79140fb8,tenant_avg,3,3,eu_us_gac,2,raw-large-balanced-v1,memory,"[""increase_gac_work_mem"",""regional_topk_candidates"",""mitigate_remote_path_bundle""]",explicit_panel_contract_and_result_equivalence,23.292111,46,44,2,0.0,0.0,euclidean,available,regional_topk_candidates,regional_topk_candidates,regional_topk_candidates,True,0.0,True,0.0,1804933.0,31308.0,129955176.0,17044.016000000003,5.455,19.975,0.0013600534482181232,4.926627909395114,3.812232495847775,0.0268770971362172,4.231723759789755,1.4095299228143046,"[{""action_gains"":{""increase_gac_work_mem"":0.0058933650242485,""mitigate_remote_path_bundle"":4.322867216809753,""regional_topk_candidates"":5.944838229402522},""distance"":0.0,""episode_id"":""q07_tenant_count::run-2"",""normalized_sql_hash"":""e2883a3d8a1df39316eb339275178d1251674b54de02a31a771e6d2aeced7e7b"",""query_id"":""q07_tenant_count"",""topology_id"":""eu_us_gac"",""weight"":1000000.0},{""action_gains"":{""increase_gac_work_mem"":-0.0113274524048228,""mitigate_remote_path_bundle"":2.755693328342921,""regional_topk_candidates"":3.047649640005925},""distance"":0.0,""episode_id"":""q06_tenant_sum::run-1"",""normalized_sql_hash"":""82a4b1652b8883fb8dad714052530b1788280c0ae3dd3cb8823fe3b0d8dea3ac"",""query_id"":""q06_tenant_sum"",""topology_id"":""eu_us_gac"",""weight"":1000000.0},{""action_gains"":{""increase_gac_work_mem"":0.0095142040035063,""mitigate_remote_path_bundle"":4.358137982011629,""regional_topk_candidates"":5.78740087138428},""distance"":0.0,""episode_id"":""q07_tenant_count::run-1"",""normalized_sql_hash"":""e2883a3d8a1df39316eb339275178d1251674b54de02a31a771e6d2aeced7e7b"",""query_id"":""q07_tenant_count"",""topology_id"":""eu_us_gac"",""weight"":1000000.0},{""action_gains"":{""increase_gac_work_mem"":0.0116307678132073,""mitigate_remote_path_bundle"":4.467296759804148,""regional_topk_candidates"":5.045466088749672},""distance"":0.49672503608647867,""episode_id"":""reference::cross-action-pilot-v1::pilot_gac_topk::raw-large-balanced-v1::{\""cutoff_ts\"":\""2026-06-01 00:00:00+00\"",\""limit_k\"":5000}"",""normalized_sql_hash"":""nan"",""query_id"":""cross-action-pilot-v1::pilot_gac_topk::raw-large-balanced-v1::{\""cutoff_ts\"":\""2026-06-01 00:00:00+00\"",\""limit_k\"":5000}"",""topology_id"":""eu_us_gac"",""weight"":2.0131821715620775},{""action_gains"":{""increase_gac_work_mem"":0.0128070569269704,""mitigate_remote_path_bundle"":2.640761425802023,""regional_topk_candidates"":2.3178971333467917},""distance"":0.49672503608647867,""episode_id"":""reference::fuzzy-memory-topk-panel-v1::fuzzy_topk_balanced::raw-large-balanced-v1::{\""cutoff_ts\"":\""2026-06-29 00:00:00+00\"",\""limit_k\"":10000}"",""normalized_sql_hash"":""nan"",""query_id"":""fuzzy-memory-topk-panel-v1::fuzzy_topk_balanced::raw-large-balanced-v1::{\""cutoff_ts\"":\""2026-06-29 00:00:00+00\"",\""limit_k\"":10000}"",""topology_id"":""eu_us_gac"",""weight"":2.0131821715620775}]",0.0,1.0
sql_structural,warm_start_cross_query,22,q09_tenant_max::run-1,q09_tenant_max,0a1845d5eee8a966fc7841a83bbfa0c28f21ecba6942182b9a8b2e287f92f63b,tenant_max,1,4,eu_us_apac_gac,3,n3-medium-balanced-wide-global-dim-v1,balanced,"[""increase_gac_work_mem"",""regional_topk_candidates"",""mitigate_remote_path_bundle""]",explicit_panel_contract_and_result_equivalence,1.5832,47,47,0,0.16075913981495854,0.0,euclidean,outside_reference_coverage,regional_topk_candidates,,mitigate_remote_path_bundle,False,,False,1.3756076286393708,19350.0,136.0,1393200.0,675.923,15.466666666666669,13.218,0.02090847247337096,4.7238944664097895,2.8078739320884276,-0.0098099219860758,0.6178171990686502,1.993424827708021,"[{""action_gains"":{""increase_gac_work_mem"":0.0268770971362172,""mitigate_remote_path_bundle"":1.4095299228143046,""regional_topk_candidates"":4.231723759789755},""distance"":0.16075913981495854,""episode_id"":""q08_tenant_avg::run-3"",""normalized_sql_hash"":""8e8d2f98539f4a009d76e2bafa2994da93c550be0df9a6a7019b81cb79140fb8"",""query_id"":""q08_tenant_avg"",""topology_id"":""eu_us_gac"",""weight"":6.2204474389674},{""action_gains"":{""increase_gac_work_mem"":0.0735851486077056,""mitigate_remote_path_bundle"":1.1931412104635313,""regional_topk_candidates"":4.607859831466466},""distance"":0.16075913981495854,""episode_id"":""q08_tenant_avg::run-2"",""normalized_sql_hash"":""8e8d2f98539f4a009d76e2bafa2994da93c550be0df9a6a7019b81cb79140fb8"",""query_id"":""q08_tenant_avg"",""topology_id"":""eu_us_gac"",""weight"":6.2204474389674},{""action_gains"":{""increase_gac_work_mem"":-0.0113274524048228,""mitigate_remote_path_bundle"":2.755693328342921,""regional_topk_candidates"":3.047649640005925},""distance"":0.16075913981495854,""episode_id"":""q06_tenant_sum::run-1"",""normalized_sql_hash"":""82a4b1652b8883fb8dad714052530b1788280c0ae3dd3cb8823fe3b0d8dea3ac"",""query_id"":""q06_tenant_sum"",""topology_id"":""eu_us_gac"",""weight"":6.2204474389674},{""action_gains"":{""increase_gac_work_mem"":0.0095142040035063,""mitigate_remote_path_bundle"":4.358137982011629,""regional_topk_candidates"":5.78740087138428},""distance"":0.16075913981495854,""episode_id"":""q07_tenant_count::run-1"",""normalized_sql_hash"":""e2883a3d8a1df39316eb339275178d1251674b54de02a31a771e6d2aeced7e7b"",""query_id"":""q07_tenant_count"",""topology_id"":""eu_us_gac"",""weight"":6.2204474389674},{""action_gains"":{""increase_gac_work_mem"":0.0058933650242485,""mitigate_remote_path_bundle"":4.322867216809753,""regional_topk_candidates"":5.944838229402522},""distance"":0.16075913981495854,""episode_id"":""q07_tenant_count::run-2"",""normalized_sql_hash"":""e2883a3d8a1df39316eb339275178d1251674b54de02a31a771e6d2aeced7e7b"",""query_id"":""q07_tenant_count"",""topology_id"":""eu_us_gac"",""weight"":6.2204474389674}]",inf,1.0
sql_structural,warm_start_cross_query,23,q09_tenant_max::run-2,q09_tenant_max,0a1845d5eee8a966fc7841a83bbfa0c28f21ecba6942182b9a8b2e287f92f63b,tenant_max,2,4,eu_us_apac_gac,3,n3-medium-balanced-wide-global-dim-v1,balanced,"[""increase_gac_work_mem"",""regional_topk_candidates"",""mitigate_remote_path_bundle""]",explicit_panel_contract_and_result_equivalence,1.626396,48,47,1,0.16075913981495854,0.0,euclidean,outside_reference_coverage,regional_topk_candidates,,mitigate_remote_path_bundle,False,,False,1.3241434731600286,19350.0,136.0,1393200.0,677.1270000000001,15.45,14.857,0.02090847247337096,4.7238944664097895,2.8078739320884276,0.0118212301274772,0.711494806856934,2.0356382800169626,"[{""action_gains"":{""increase_gac_work_mem"":0.0268770971362172,""mitigate_remote_path_bundle"":1.4095299228143046,""regional_topk_candidates"":4.231723759789755},""distance"":0.16075913981495854,""episode_id"":""q08_tenant_avg::run-3"",""normalized_sql_hash"":""8e8d2f98539f4a009d76e2bafa2994da93c550be0df9a6a7019b81cb79140fb8"",""query_id"":""q08_tenant_avg"",""topology_id"":""eu_us_gac"",""weight"":6.2204474389674},{""action_gains"":{""increase_gac_work_mem"":0.0735851486077056,""mitigate_remote_path_bundle"":1.1931412104635313,""regional_topk_candidates"":4.607859831466466},""distance"":0.16075913981495854,""episode_id"":""q08_tenant_avg::run-2"",""normalized_sql_hash"":""8e8d2f98539f4a009d76e2bafa2994da93c550be0df9a6a7019b81cb79140fb8"",""query_id"":""q08_tenant_avg"",""topology_id"":""eu_us_gac"",""weight"":6.2204474389674},{""action_gains"":{""increase_gac_work_mem"":-0.0113274524048228,""mitigate_remote_path_bundle"":2.755693328342921,""regional_topk_candidates"":3.047649640005925},""distance"":0.16075913981495854,""episode_id"":""q06_tenant_sum::run-1"",""normalized_sql_hash"":""82a4b1652b8883fb8dad714052530b1788280c0ae3dd3cb8823fe3b0d8dea3ac"",""query_id"":""q06_tenant_sum"",""topology_id"":""eu_us_gac"",""weight"":6.2204474389674},{""action_gains"":{""increase_gac_work_mem"":0.0095142040035063,""mitigate_remote_path_bundle"":4.358137982011629,""regional_topk_candidates"":5.78740087138428},""distance"":0.16075913981495854,""episode_id"":""q07_tenant_count::run-1"",""normalized_sql_hash"":""e2883a3d8a1df39316eb339275178d1251674b54de02a31a771e6d2aeced7e7b"",""query_id"":""q07_tenant_count"",""topology_id"":""eu_us_gac"",""weight"":6.2204474389674},{""action_gains"":{""increase_gac_work_mem"":0.0058933650242485,""mitigate_remote_path_bundle"":4.322867216809753,""regional_topk_candidates"":5.944838229402522},""distance"":0.16075913981495854,""episode_id"":""q07_tenant_count::run-2"",""normalized_sql_hash"":""e2883a3d8a1df39316eb339275178d1251674b54de02a31a771e6d2aeced7e7b"",""query_id"":""q07_tenant_count"",""topology_id"":""eu_us_gac"",""weight"":6.2204474389674}]",inf,1.0
sql_structural,warm_start_cross_query,24,q09_tenant_max::run-3,q09_tenant_max,0a1845d5eee8a966fc7841a83bbfa0c28f21ecba6942182b9a8b2e287f92f63b,tenant_max,3,4,eu_us_apac_gac,3,n3-medium-balanced-wide-global-dim-v1,balanced,"[""increase_gac_work_mem"",""regional_topk_candidates"",""mitigate_remote_path_bundle""]",explicit_panel_contract_and_result_equivalence,1.671267,49,47,2,0.16075913981495854,0.0,euclidean,outside_reference_coverage,regional_topk_candidates,,mitigate_remote_path_bundle,False,,False,1.0789795139529628,19350.0,136.0,1393200.0,678.663,15.416666666666666,12.644,0.02090847247337096,4.7238944664097895,2.8078739320884276,0.0235774955198211,0.741129797923938,1.8201093118769007,"[{""action_gains"":{""increase_gac_work_mem"":0.0268770971362172,""mitigate_remote_path_bundle"":1.4095299228143046,""regional_topk_candidates"":4.231723759789755},""distance"":0.16075913981495854,""episode_id"":""q08_tenant_avg::run-3"",""normalized_sql_hash"":""8e8d2f98539f4a009d76e2bafa2994da93c550be0df9a6a7019b81cb79140fb8"",""query_id"":""q08_tenant_avg"",""topology_id"":""eu_us_gac"",""weight"":6.2204474389674},{""action_gains"":{""increase_gac_work_mem"":0.0735851486077056,""mitigate_remote_path_bundle"":1.1931412104635313,""regional_topk_candidates"":4.607859831466466},""distance"":0.16075913981495854,""episode_id"":""q08_tenant_avg::run-2"",""normalized_sql_hash"":""8e8d2f98539f4a009d76e2bafa2994da93c550be0df9a6a7019b81cb79140fb8"",""query_id"":""q08_tenant_avg"",""topology_id"":""eu_us_gac"",""weight"":6.2204474389674},{""action_gains"":{""increase_gac_work_mem"":-0.0113274524048228,""mitigate_remote_path_bundle"":2.755693328342921,""regional_topk_candidates"":3.047649640005925},""distance"":0.16075913981495854,""episode_id"":""q06_tenant_sum::run-1"",""normalized_sql_hash"":""82a4b1652b8883fb8dad714052530b1788280c0ae3dd3cb8823fe3b0d8dea3ac"",""query_id"":""q06_tenant_sum"",""topology_id"":""eu_us_gac"",""weight"":6.2204474389674},{""action_gains"":{""increase_gac_work_mem"":0.0095142040035063,""mitigate_remote_path_bundle"":4.358137982011629,""regional_topk_candidates"":5.78740087138428},""distance"":0.16075913981495854,""episode_id"":""q07_tenant_count::run-1"",""normalized_sql_hash"":""e2883a3d8a1df39316eb339275178d1251674b54de02a31a771e6d2aeced7e7b"",""query_id"":""q07_tenant_count"",""topology_id"":""eu_us_gac"",""weight"":6.2204474389674},{""action_gains"":{""increase_gac_work_mem"":0.0058933650242485,""mitigate_remote_path_bundle"":4.322867216809753,""regional_topk_candidates"":5.944838229402522},""distance"":0.16075913981495854,""episode_id"":""q07_tenant_count::run-2"",""normalized_sql_hash"":""e2883a3d8a1df39316eb339275178d1251674b54de02a31a771e6d2aeced7e7b"",""query_id"":""q07_tenant_count"",""topology_id"":""eu_us_gac"",""weight"":6.2204474389674}]",inf,1.0
sql_structural,warm_start_cross_query,25,q09_tenant_max::run-4,q09_tenant_max,0a1845d5eee8a966fc7841a83bbfa0c28f21ecba6942182b9a8b2e287f92f63b,tenant_max,4,4,eu_us_apac_gac,3,n3-medium-balanced-wide-global-dim-v1,balanced,"[""increase_gac_work_mem"",""regional_topk_candidates"",""mitigate_remote_path_bundle""]",explicit_panel_contract_and_result_equivalence,1.585605,50,47,3,0.16075913981495854,0.0,euclidean,outside_reference_coverage,regional_topk_candidates,,mitigate_remote_path_bundle,False,,False,1.3135790020504303,19350.0,136.0,1393200.0,680.418,15.483333333333334,10.615,0.02090847247337096,4.7238944664097895,2.8078739320884276,0.001257989186062,0.6273560086690125,1.940935010719443,"[{""action_gains"":{""increase_gac_work_mem"":0.0268770971362172,""mitigate_remote_path_bundle"":1.4095299228143046,""regional_topk_candidates"":4.231723759789755},""distance"":0.16075913981495854,""episode_id"":""q08_tenant_avg::run-3"",""normalized_sql_hash"":""8e8d2f98539f4a009d76e2bafa2994da93c550be0df9a6a7019b81cb79140fb8"",""query_id"":""q08_tenant_avg"",""topology_id"":""eu_us_gac"",""weight"":6.2204474389674},{""action_gains"":{""increase_gac_work_mem"":0.0735851486077056,""mitigate_remote_path_bundle"":1.1931412104635313,""regional_topk_candidates"":4.607859831466466},""distance"":0.16075913981495854,""episode_id"":""q08_tenant_avg::run-2"",""normalized_sql_hash"":""8e8d2f98539f4a009d76e2bafa2994da93c550be0df9a6a7019b81cb79140fb8"",""query_id"":""q08_tenant_avg"",""topology_id"":""eu_us_gac"",""weight"":6.2204474389674},{""action_gains"":{""increase_gac_work_mem"":-0.0113274524048228,""mitigate_remote_path_bundle"":2.755693328342921,""regional_topk_candidates"":3.047649640005925},""distance"":0.16075913981495854,""episode_id"":""q06_tenant_sum::run-1"",""normalized_sql_hash"":""82a4b1652b8883fb8dad714052530b1788280c0ae3dd3cb8823fe3b0d8dea3ac"",""query_id"":""q06_tenant_sum"",""topology_id"":""eu_us_gac"",""weight"":6.2204474389674},{""action_gains"":{""increase_gac_work_mem"":0.0095142040035063,""mitigate_remote_path_bundle"":4.358137982011629,""regional_topk_candidates"":5.78740087138428},""distance"":0.16075913981495854,""episode_id"":""q07_tenant_count::run-1"",""normalized_sql_hash"":""e2883a3d8a1df39316eb339275178d1251674b54de02a31a771e6d2aeced7e7b"",""query_id"":""q07_tenant_count"",""topology_id"":""eu_us_gac"",""weight"":6.2204474389674},{""action_gains"":{""increase_gac_work_mem"":0.0058933650242485,""mitigate_remote_path_bundle"":4.322867216809753,""regional_topk_candidates"":5.944838229402522},""distance"":0.16075913981495854,""episode_id"":""q07_tenant_count::run-2"",""normalized_sql_hash"":""e2883a3d8a1df39316eb339275178d1251674b54de02a31a771e6d2aeced7e7b"",""query_id"":""q07_tenant_count"",""topology_id"":""eu_us_gac"",""weight"":6.2204474389674}]",inf,1.0
sql_structural,warm_start_cross_query,26,q10_tenant_min::run-1,q10_tenant_min,1ffceae8ec4dc807efe850ad847328743196a4fc73e3da8ce9c3268b0eb210fe,tenant_min,1,5,eu_us_apac_gac,3,n3-medium-balanced-wide-global-dim-v1,transport,"[""increase_gac_work_mem"",""regional_topk_candidates"",""mitigate_remote_path_bundle""]",explicit_panel_contract_and_result_equivalence,5.171764,51,51,0,0.0,0.0,euclidean,available,mitigate_remote_path_bundle,mitigate_remote_path_bundle,mitigate_remote_path_bundle,True,0.0,True,0.0,38592.0,579.0,2778624.0,3691.634,30.516666666666666,7.273,0.006711729571223382,0.6744549850804935,1.947526020936219,-0.0152279019519483,1.5949990223674917,3.3317455284481,"[{""action_gains"":{""increase_gac_work_mem"":0.0118212301274772,""mitigate_remote_path_bundle"":2.0356382800169626,""regional_topk_candidates"":0.711494806856934},""distance"":0.0,""episode_id"":""q09_tenant_max::run-2"",""normalized_sql_hash"":""0a1845d5eee8a966fc7841a83bbfa0c28f21ecba6942182b9a8b2e287f92f63b"",""query_id"":""q09_tenant_max"",""topology_id"":""eu_us_apac_gac"",""weight"":1000000.0},{""action_gains"":{""increase_gac_work_mem"":0.0235774955198211,""mitigate_remote_path_bundle"":1.8201093118769007,""regional_topk_candidates"":0.741129797923938},""distance"":0.0,""episode_id"":""q09_tenant_max::run-3"",""normalized_sql_hash"":""0a1845d5eee8a966fc7841a83bbfa0c28f21ecba6942182b9a8b2e287f92f63b"",""query_id"":""q09_tenant_max"",""topology_id"":""eu_us_apac_gac"",""weight"":1000000.0},{""action_gains"":{""increase_gac_work_mem"":0.001257989186062,""mitigate_remote_path_bundle"":1.940935010719443,""regional_topk_candidates"":0.6273560086690125},""distance"":0.0,""episode_id"":""q09_tenant_max::run-4"",""normalized_sql_hash"":""0a1845d5eee8a966fc7841a83bbfa0c28f21ecba6942182b9a8b2e287f92f63b"",""query_id"":""q09_tenant_max"",""topology_id"":""eu_us_apac_gac"",""weight"":1000000.0},{""action_gains"":{""increase_gac_work_mem"":-0.0098099219860758,""mitigate_remote_path_bundle"":1.993424827708021,""regional_topk_candidates"":0.6178171990686502},""distance"":0.0,""episode_id"":""q09_tenant_max::run-1"",""normalized_sql_hash"":""0a1845d5eee8a966fc7841a83bbfa0c28f21ecba6942182b9a8b2e287f92f63b"",""query_id"":""q09_tenant_max"",""topology_id"":""eu_us_apac_gac"",""weight"":1000000.0},{""action_gains"":{""increase_gac_work_mem"":0.0268770971362172,""mitigate_remote_path_bundle"":1.4095299228143046,""regional_topk_candidates"":4.231723759789755},""distance"":0.16075913981495854,""episode_id"":""q08_tenant_avg::run-3"",""normalized_sql_hash"":""8e8d2f98539f4a009d76e2bafa2994da93c550be0df9a6a7019b81cb79140fb8"",""query_id"":""q08_tenant_avg"",""topology_id"":""eu_us_gac"",""weight"":6.2204474389674}]",0.0,1.0
sql_structural,warm_start_cross_query,27,q10_tenant_min::run-2,q10_tenant_min,1ffceae8ec4dc807efe850ad847328743196a4fc73e3da8ce9c3268b0eb210fe,tenant_min,2,5,eu_us_apac_gac,3,n3-medium-balanced-wide-global-dim-v1,transport,"[""increase_gac_work_mem"",""regional_topk_candidates"",""mitigate_remote_path_bundle""]",explicit_panel_contract_and_result_equivalence,5.173816,52,51,1,0.0,0.0,euclidean,available,mitigate_remote_path_bundle,mitigate_remote_path_bundle,mitigate_remote_path_bundle,True,0.0,True,0.0,38592.0,581.0,2778624.0,3683.865,30.48333333333333,5.354,0.006711729571223382,0.6744549850804935,1.947526020936219,-0.0055403245600634,1.6670659134424273,3.4653048889107207,"[{""action_gains"":{""increase_gac_work_mem"":0.0118212301274772,""mitigate_remote_path_bundle"":2.0356382800169626,""regional_topk_candidates"":0.711494806856934},""distance"":0.0,""episode_id"":""q09_tenant_max::run-2"",""normalized_sql_hash"":""0a1845d5eee8a966fc7841a83bbfa0c28f21ecba6942182b9a8b2e287f92f63b"",""query_id"":""q09_tenant_max"",""topology_id"":""eu_us_apac_gac"",""weight"":1000000.0},{""action_gains"":{""increase_gac_work_mem"":0.0235774955198211,""mitigate_remote_path_bundle"":1.8201093118769007,""regional_topk_candidates"":0.741129797923938},""distance"":0.0,""episode_id"":""q09_tenant_max::run-3"",""normalized_sql_hash"":""0a1845d5eee8a966fc7841a83bbfa0c28f21ecba6942182b9a8b2e287f92f63b"",""query_id"":""q09_tenant_max"",""topology_id"":""eu_us_apac_gac"",""weight"":1000000.0},{""action_gains"":{""increase_gac_work_mem"":0.001257989186062,""mitigate_remote_path_bundle"":1.940935010719443,""regional_topk_candidates"":0.6273560086690125},""distance"":0.0,""episode_id"":""q09_tenant_max::run-4"",""normalized_sql_hash"":""0a1845d5eee8a966fc7841a83bbfa0c28f21ecba6942182b9a8b2e287f92f63b"",""query_id"":""q09_tenant_max"",""topology_id"":""eu_us_apac_gac"",""weight"":1000000.0},{""action_gains"":{""increase_gac_work_mem"":-0.0098099219860758,""mitigate_remote_path_bundle"":1.993424827708021,""regional_topk_candidates"":0.6178171990686502},""distance"":0.0,""episode_id"":""q09_tenant_max::run-1"",""normalized_sql_hash"":""0a1845d5eee8a966fc7841a83bbfa0c28f21ecba6942182b9a8b2e287f92f63b"",""query_id"":""q09_tenant_max"",""topology_id"":""eu_us_apac_gac"",""weight"":1000000.0},{""action_gains"":{""increase_gac_work_mem"":0.0268770971362172,""mitigate_remote_path_bundle"":1.4095299228143046,""regional_topk_candidates"":4.231723759789755},""distance"":0.16075913981495854,""episode_id"":""q08_tenant_avg::run-3"",""normalized_sql_hash"":""8e8d2f98539f4a009d76e2bafa2994da93c550be0df9a6a7019b81cb79140fb8"",""query_id"":""q08_tenant_avg"",""topology_id"":""eu_us_gac"",""weight"":6.2204474389674}]",0.0,1.0
sql_structural,warm_start_cross_query,28,q10_tenant_min::run-3,q10_tenant_min,1ffceae8ec4dc807efe850ad847328743196a4fc73e3da8ce9c3268b0eb210fe,tenant_min,3,5,eu_us_apac_gac,3,n3-medium-balanced-wide-global-dim-v1,transport,"[""increase_gac_work_mem"",""regional_topk_candidates"",""mitigate_remote_path_bundle""]",explicit_panel_contract_and_result_equivalence,5.284548,53,51,2,0.0,0.0,euclidean,available,mitigate_remote_path_bundle,mitigate_remote_path_bundle,mitigate_remote_path_bundle,True,0.0,True,0.0,38592.0,583.0,2778624.0,3694.029,30.53333333333333,9.058,0.006711729571223382,0.6744549850804935,1.947526020936219,0.0360130863917107,1.6725292573066506,3.5011137901178766,"[{""action_gains"":{""increase_gac_work_mem"":0.0118212301274772,""mitigate_remote_path_bundle"":2.0356382800169626,""regional_topk_candidates"":0.711494806856934},""distance"":0.0,""episode_id"":""q09_tenant_max::run-2"",""normalized_sql_hash"":""0a1845d5eee8a966fc7841a83bbfa0c28f21ecba6942182b9a8b2e287f92f63b"",""query_id"":""q09_tenant_max"",""topology_id"":""eu_us_apac_gac"",""weight"":1000000.0},{""action_gains"":{""increase_gac_work_mem"":0.0235774955198211,""mitigate_remote_path_bundle"":1.8201093118769007,""regional_topk_candidates"":0.741129797923938},""distance"":0.0,""episode_id"":""q09_tenant_max::run-3"",""normalized_sql_hash"":""0a1845d5eee8a966fc7841a83bbfa0c28f21ecba6942182b9a8b2e287f92f63b"",""query_id"":""q09_tenant_max"",""topology_id"":""eu_us_apac_gac"",""weight"":1000000.0},{""action_gains"":{""increase_gac_work_mem"":0.001257989186062,""mitigate_remote_path_bundle"":1.940935010719443,""regional_topk_candidates"":0.6273560086690125},""distance"":0.0,""episode_id"":""q09_tenant_max::run-4"",""normalized_sql_hash"":""0a1845d5eee8a966fc7841a83bbfa0c28f21ecba6942182b9a8b2e287f92f63b"",""query_id"":""q09_tenant_max"",""topology_id"":""eu_us_apac_gac"",""weight"":1000000.0},{""action_gains"":{""increase_gac_work_mem"":-0.0098099219860758,""mitigate_remote_path_bundle"":1.993424827708021,""regional_topk_candidates"":0.6178171990686502},""distance"":0.0,""episode_id"":""q09_tenant_max::run-1"",""normalized_sql_hash"":""0a1845d5eee8a966fc7841a83bbfa0c28f21ecba6942182b9a8b2e287f92f63b"",""query_id"":""q09_tenant_max"",""topology_id"":""eu_us_apac_gac"",""weight"":1000000.0},{""action_gains"":{""increase_gac_work_mem"":0.0268770971362172,""mitigate_remote_path_bundle"":1.4095299228143046,""regional_topk_candidates"":4.231723759789755},""distance"":0.16075913981495854,""episode_id"":""q08_tenant_avg::run-3"",""normalized_sql_hash"":""8e8d2f98539f4a009d76e2bafa2994da93c550be0df9a6a7019b81cb79140fb8"",""query_id"":""q08_tenant_avg"",""topology_id"":""eu_us_gac"",""weight"":6.2204474389674}]",0.0,1.0
sql_structural,warm_start_cross_query,29,q10_tenant_min::run-4,q10_tenant_min,1ffceae8ec4dc807efe850ad847328743196a4fc73e3da8ce9c3268b0eb210fe,tenant_min,4,5,eu_us_apac_gac,3,n3-medium-balanced-wide-global-dim-v1,transport,"[""increase_gac_work_mem"",""regional_topk_candidates"",""mitigate_remote_path_bundle""]",explicit_panel_contract_and_result_equivalence,5.180567,54,51,3,0.0,0.0,euclidean,available,mitigate_remote_path_bundle,mitigate_remote_path_bundle,mitigate_remote_path_bundle,True,0.0,True,0.0,38592.0,580.0,2778624.0,3679.365,30.5,7.636,0.006711729571223382,0.6744549850804935,1.947526020936219,-0.0081606287519814,1.62577245151283,3.458012893313503,"[{""action_gains"":{""increase_gac_work_mem"":0.0118212301274772,""mitigate_remote_path_bundle"":2.0356382800169626,""regional_topk_candidates"":0.711494806856934},""distance"":0.0,""episode_id"":""q09_tenant_max::run-2"",""normalized_sql_hash"":""0a1845d5eee8a966fc7841a83bbfa0c28f21ecba6942182b9a8b2e287f92f63b"",""query_id"":""q09_tenant_max"",""topology_id"":""eu_us_apac_gac"",""weight"":1000000.0},{""action_gains"":{""increase_gac_work_mem"":0.0235774955198211,""mitigate_remote_path_bundle"":1.8201093118769007,""regional_topk_candidates"":0.741129797923938},""distance"":0.0,""episode_id"":""q09_tenant_max::run-3"",""normalized_sql_hash"":""0a1845d5eee8a966fc7841a83bbfa0c28f21ecba6942182b9a8b2e287f92f63b"",""query_id"":""q09_tenant_max"",""topology_id"":""eu_us_apac_gac"",""weight"":1000000.0},{""action_gains"":{""increase_gac_work_mem"":0.001257989186062,""mitigate_remote_path_bundle"":1.940935010719443,""regional_topk_candidates"":0.6273560086690125},""distance"":0.0,""episode_id"":""q09_tenant_max::run-4"",""normalized_sql_hash"":""0a1845d5eee8a966fc7841a83bbfa0c28f21ecba6942182b9a8b2e287f92f63b"",""query_id"":""q09_tenant_max"",""topology_id"":""eu_us_apac_gac"",""weight"":1000000.0},{""action_gains"":{""increase_gac_work_mem"":-0.0098099219860758,""mitigate_remote_path_bundle"":1.993424827708021,""regional_topk_candidates"":0.6178171990686502},""distance"":0.0,""episode_id"":""q09_tenant_max::run-1"",""normalized_sql_hash"":""0a1845d5eee8a966fc7841a83bbfa0c28f21ecba6942182b9a8b2e287f92f63b"",""query_id"":""q09_tenant_max"",""topology_id"":""eu_us_apac_gac"",""weight"":1000000.0},{""action_gains"":{""increase_gac_work_mem"":0.0268770971362172,""mitigate_remote_path_bundle"":1.4095299228143046,""regional_topk_candidates"":4.231723759789755},""distance"":0.16075913981495854,""episode_id"":""q08_tenant_avg::run-3"",""normalized_sql_hash"":""8e8d2f98539f4a009d76e2bafa2994da93c550be0df9a6a7019b81cb79140fb8"",""query_id"":""q08_tenant_avg"",""topology_id"":""eu_us_gac"",""weight"":6.2204474389674}]",0.0,1.0
sql_structural,warm_start_cross_query,30,q10_tenant_min::run-5,q10_tenant_min,1ffceae8ec4dc807efe850ad847328743196a4fc73e3da8ce9c3268b0eb210fe,tenant_min,5,5,eu_us_apac_gac,3,n3-medium-balanced-wide-global-dim-v1,transport,"[""increase_gac_work_mem"",""regional_topk_candidates"",""mitigate_remote_path_bundle""]",explicit_panel_contract_and_result_equivalence,5.44602,55,51,4,0.0,0.0,euclidean,available,mitigate_remote_path_bundle,mitigate_remote_path_bundle,mitigate_remote_path_bundle,True,0.0,True,0.0,38592.0,584.0,2778624.0,3744.704,30.5,13.435,0.006711729571223382,0.6744549850804935,1.947526020936219,0.0597814596106214,1.7150745043587334,3.4915839085451066,"[{""action_gains"":{""increase_gac_work_mem"":0.0118212301274772,""mitigate_remote_path_bundle"":2.0356382800169626,""regional_topk_candidates"":0.711494806856934},""distance"":0.0,""episode_id"":""q09_tenant_max::run-2"",""normalized_sql_hash"":""0a1845d5eee8a966fc7841a83bbfa0c28f21ecba6942182b9a8b2e287f92f63b"",""query_id"":""q09_tenant_max"",""topology_id"":""eu_us_apac_gac"",""weight"":1000000.0},{""action_gains"":{""increase_gac_work_mem"":0.0235774955198211,""mitigate_remote_path_bundle"":1.8201093118769007,""regional_topk_candidates"":0.741129797923938},""distance"":0.0,""episode_id"":""q09_tenant_max::run-3"",""normalized_sql_hash"":""0a1845d5eee8a966fc7841a83bbfa0c28f21ecba6942182b9a8b2e287f92f63b"",""query_id"":""q09_tenant_max"",""topology_id"":""eu_us_apac_gac"",""weight"":1000000.0},{""action_gains"":{""increase_gac_work_mem"":0.001257989186062,""mitigate_remote_path_bundle"":1.940935010719443,""regional_topk_candidates"":0.6273560086690125},""distance"":0.0,""episode_id"":""q09_tenant_max::run-4"",""normalized_sql_hash"":""0a1845d5eee8a966fc7841a83bbfa0c28f21ecba6942182b9a8b2e287f92f63b"",""query_id"":""q09_tenant_max"",""topology_id"":""eu_us_apac_gac"",""weight"":1000000.0},{""action_gains"":{""increase_gac_work_mem"":-0.0098099219860758,""mitigate_remote_path_bundle"":1.993424827708021,""regional_topk_candidates"":0.6178171990686502},""distance"":0.0,""episode_id"":""q09_tenant_max::run-1"",""normalized_sql_hash"":""0a1845d5eee8a966fc7841a83bbfa0c28f21ecba6942182b9a8b2e287f92f63b"",""query_id"":""q09_tenant_max"",""topology_id"":""eu_us_apac_gac"",""weight"":1000000.0},{""action_gains"":{""increase_gac_work_mem"":0.0268770971362172,""mitigate_remote_path_bundle"":1.4095299228143046,""regional_topk_candidates"":4.231723759789755},""distance"":0.16075913981495854,""episode_id"":""q08_tenant_avg::run-3"",""normalized_sql_hash"":""8e8d2f98539f4a009d76e2bafa2994da93c550be0df9a6a7019b81cb79140fb8"",""query_id"":""q08_tenant_avg"",""topology_id"":""eu_us_gac"",""weight"":6.2204474389674}]",0.0,1.0
sql_structural,warm_start_cross_query,31,q11_tenant_high_count::run-1,q11_tenant_high_count,5e5d10fdfa8932055d31658300e8657de100e5a9a6617c3c715332b89e01839c,tenant_high_count,1,1,eu_us_apac_gac,3,n3-medium-balanced-wide-global-dim-v1,memory,"[""increase_gac_work_mem"",""regional_topk_candidates"",""mitigate_remote_path_bundle""]",explicit_panel_contract_and_result_equivalence,2.199413,56,56,0,0.07438118377140325,0.0,euclidean,outside_reference_coverage,mitigate_remote_path_bundle,,regional_topk_candidates,False,,False,0.5009034563312984,135888.0,1229.0,9783936.0,1324.037,5.448333333333333,19.048,0.0031776976642697197,1.0684091098519608,2.5187466039944257,0.0937873302573581,1.689951973975143,1.1890485176438446,"[{""action_gains"":{""increase_gac_work_mem"":0.0118212301274772,""mitigate_remote_path_bundle"":2.0356382800169626,""regional_topk_candidates"":0.711494806856934},""distance"":0.07438118377140325,""episode_id"":""q09_tenant_max::run-2"",""normalized_sql_hash"":""0a1845d5eee8a966fc7841a83bbfa0c28f21ecba6942182b9a8b2e287f92f63b"",""query_id"":""q09_tenant_max"",""topology_id"":""eu_us_apac_gac"",""weight"":13.444079607467199},{""action_gains"":{""increase_gac_work_mem"":0.0235774955198211,""mitigate_remote_path_bundle"":1.8201093118769007,""regional_topk_candidates"":0.741129797923938},""distance"":0.07438118377140325,""episode_id"":""q09_tenant_max::run-3"",""normalized_sql_hash"":""0a1845d5eee8a966fc7841a83bbfa0c28f21ecba6942182b9a8b2e287f92f63b"",""query_id"":""q09_tenant_max"",""topology_id"":""eu_us_apac_gac"",""weight"":13.444079607467199},{""action_gains"":{""increase_gac_work_mem"":0.001257989186062,""mitigate_remote_path_bundle"":1.940935010719443,""regional_topk_candidates"":0.6273560086690125},""distance"":0.07438118377140325,""episode_id"":""q09_tenant_max::run-4"",""normalized_sql_hash"":""0a1845d5eee8a966fc7841a83bbfa0c28f21ecba6942182b9a8b2e287f92f63b"",""query_id"":""q09_tenant_max"",""topology_id"":""eu_us_apac_gac"",""weight"":13.444079607467199},{""action_gains"":{""increase_gac_work_mem"":-0.0152279019519483,""mitigate_remote_path_bundle"":3.3317455284481,""regional_topk_candidates"":1.5949990223674917},""distance"":0.07438118377140325,""episode_id"":""q10_tenant_min::run-1"",""normalized_sql_hash"":""1ffceae8ec4dc807efe850ad847328743196a4fc73e3da8ce9c3268b0eb210fe"",""query_id"":""q10_tenant_min"",""topology_id"":""eu_us_apac_gac"",""weight"":13.444079607467199},{""action_gains"":{""increase_gac_work_mem"":-0.0055403245600634,""mitigate_remote_path_bundle"":3.4653048889107207,""regional_topk_candidates"":1.6670659134424273},""distance"":0.07438118377140325,""episode_id"":""q10_tenant_min::run-2"",""normalized_sql_hash"":""1ffceae8ec4dc807efe850ad847328743196a4fc73e3da8ce9c3268b0eb210fe"",""query_id"":""q10_tenant_min"",""topology_id"":""eu_us_apac_gac"",""weight"":13.444079607467199}]",inf,1.0
sql_structural,warm_start_cross_query,32,q12_tenant_user_sum::run-1,q12_tenant_user_sum,78f49b835f2ec263b24cbefa86d9c89533b4c254bff2e0e54dc23ae3e08a65f4,tenant_user_sum,1,2,eu_us_apac_gac,3,n3-medium-balanced-wide-global-dim-v1,balanced,"[""increase_gac_work_mem"",""regional_topk_candidates"",""mitigate_remote_path_bundle""]",explicit_panel_contract_and_result_equivalence,10.10244,57,57,0,0.08581440545453282,0.0,euclidean,outside_reference_coverage,mitigate_remote_path_bundle,,regional_topk_candidates,False,,False,0.11867755245443856,271368.0,7040.0,19538496.0,8336.346000000001,15.449999999999998,11.262,0.0031776976642697197,1.0684091098519608,2.5187466039944257,0.0620501007483585,2.722186807479819,2.60350925502538,"[{""action_gains"":{""increase_gac_work_mem"":0.0118212301274772,""mitigate_remote_path_bundle"":2.0356382800169626,""regional_topk_candidates"":0.711494806856934},""distance"":0.08581440545453282,""episode_id"":""q09_tenant_max::run-2"",""normalized_sql_hash"":""0a1845d5eee8a966fc7841a83bbfa0c28f21ecba6942182b9a8b2e287f92f63b"",""query_id"":""q09_tenant_max"",""topology_id"":""eu_us_apac_gac"",""weight"":11.652919364575226},{""action_gains"":{""increase_gac_work_mem"":0.0235774955198211,""mitigate_remote_path_bundle"":1.8201093118769007,""regional_topk_candidates"":0.741129797923938},""distance"":0.08581440545453282,""episode_id"":""q09_tenant_max::run-3"",""normalized_sql_hash"":""0a1845d5eee8a966fc7841a83bbfa0c28f21ecba6942182b9a8b2e287f92f63b"",""query_id"":""q09_tenant_max"",""topology_id"":""eu_us_apac_gac"",""weight"":11.652919364575226},{""action_gains"":{""increase_gac_work_mem"":0.001257989186062,""mitigate_remote_path_bundle"":1.940935010719443,""regional_topk_candidates"":0.6273560086690125},""distance"":0.08581440545453282,""episode_id"":""q09_tenant_max::run-4"",""normalized_sql_hash"":""0a1845d5eee8a966fc7841a83bbfa0c28f21ecba6942182b9a8b2e287f92f63b"",""query_id"":""q09_tenant_max"",""topology_id"":""eu_us_apac_gac"",""weight"":11.652919364575226},{""action_gains"":{""increase_gac_work_mem"":-0.0152279019519483,""mitigate_remote_path_bundle"":3.3317455284481,""regional_topk_candidates"":1.5949990223674917},""distance"":0.08581440545453282,""episode_id"":""q10_tenant_min::run-1"",""normalized_sql_hash"":""1ffceae8ec4dc807efe850ad847328743196a4fc73e3da8ce9c3268b0eb210fe"",""query_id"":""q10_tenant_min"",""topology_id"":""eu_us_apac_gac"",""weight"":11.652919364575226},{""action_gains"":{""increase_gac_work_mem"":-0.0055403245600634,""mitigate_remote_path_bundle"":3.4653048889107207,""regional_topk_candidates"":1.6670659134424273},""distance"":0.08581440545453282,""episode_id"":""q10_tenant_min::run-2"",""normalized_sql_hash"":""1ffceae8ec4dc807efe850ad847328743196a4fc73e3da8ce9c3268b0eb210fe"",""query_id"":""q10_tenant_min"",""topology_id"":""eu_us_apac_gac"",""weight"":11.652919364575226}]",inf,1.0
sql_structural,warm_start_cross_query,33,q12_tenant_user_sum::run-2,q12_tenant_user_sum,78f49b835f2ec263b24cbefa86d9c89533b4c254bff2e0e54dc23ae3e08a65f4,tenant_user_sum,2,2,eu_us_apac_gac,3,n3-medium-balanced-wide-global-dim-v1,balanced,"[""increase_gac_work_mem"",""regional_topk_candidates"",""mitigate_remote_path_bundle""]",explicit_panel_contract_and_result_equivalence,9.618568,58,57,1,0.08581440545453282,0.0,euclidean,outside_reference_coverage,mitigate_remote_path_bundle,,regional_topk_candidates,False,,False,0.2576277758551133,271368.0,7040.0,19538496.0,7740.160000000001,15.45,15.881,0.0031776976642697197,1.0684091098519608,2.5187466039944257,0.0468398291295993,2.642596705948222,2.3849689300931085,"[{""action_gains"":{""increase_gac_work_mem"":0.0118212301274772,""mitigate_remote_path_bundle"":2.0356382800169626,""regional_topk_candidates"":0.711494806856934},""distance"":0.08581440545453282,""episode_id"":""q09_tenant_max::run-2"",""normalized_sql_hash"":""0a1845d5eee8a966fc7841a83bbfa0c28f21ecba6942182b9a8b2e287f92f63b"",""query_id"":""q09_tenant_max"",""topology_id"":""eu_us_apac_gac"",""weight"":11.652919364575226},{""action_gains"":{""increase_gac_work_mem"":0.0235774955198211,""mitigate_remote_path_bundle"":1.8201093118769007,""regional_topk_candidates"":0.741129797923938},""distance"":0.08581440545453282,""episode_id"":""q09_tenant_max::run-3"",""normalized_sql_hash"":""0a1845d5eee8a966fc7841a83bbfa0c28f21ecba6942182b9a8b2e287f92f63b"",""query_id"":""q09_tenant_max"",""topology_id"":""eu_us_apac_gac"",""weight"":11.652919364575226},{""action_gains"":{""increase_gac_work_mem"":0.001257989186062,""mitigate_remote_path_bundle"":1.940935010719443,""regional_topk_candidates"":0.6273560086690125},""distance"":0.08581440545453282,""episode_id"":""q09_tenant_max::run-4"",""normalized_sql_hash"":""0a1845d5eee8a966fc7841a83bbfa0c28f21ecba6942182b9a8b2e287f92f63b"",""query_id"":""q09_tenant_max"",""topology_id"":""eu_us_apac_gac"",""weight"":11.652919364575226},{""action_gains"":{""increase_gac_work_mem"":-0.0152279019519483,""mitigate_remote_path_bundle"":3.3317455284481,""regional_topk_candidates"":1.5949990223674917},""distance"":0.08581440545453282,""episode_id"":""q10_tenant_min::run-1"",""normalized_sql_hash"":""1ffceae8ec4dc807efe850ad847328743196a4fc73e3da8ce9c3268b0eb210fe"",""query_id"":""q10_tenant_min"",""topology_id"":""eu_us_apac_gac"",""weight"":11.652919364575226},{""action_gains"":{""increase_gac_work_mem"":-0.0055403245600634,""mitigate_remote_path_bundle"":3.4653048889107207,""regional_topk_candidates"":1.6670659134424273},""distance"":0.08581440545453282,""episode_id"":""q10_tenant_min::run-2"",""normalized_sql_hash"":""1ffceae8ec4dc807efe850ad847328743196a4fc73e3da8ce9c3268b0eb210fe"",""query_id"":""q10_tenant_min"",""topology_id"":""eu_us_apac_gac"",""weight"":11.652919364575226}]",inf,1.0
sql_structural,warm_start_cross_query,34,q13_tenant_user_count::run-1,q13_tenant_user_count,8abd4dad5be8a8b072675fe97f3c25d8b29f0a4ad601501d7ca205a8f9a80277,tenant_user_count,1,3,eu_us_apac_gac,3,n3-large-balanced-wide-global-dim-v1,transport,"[""increase_gac_work_mem"",""regional_topk_candidates"",""mitigate_remote_path_bundle""]",explicit_panel_contract_and_result_equivalence,11.057233,59,59,0,0.0,0.0,euclidean,available,regional_topk_candidates,regional_topk_candidates,mitigate_remote_path_bundle,False,1.049339771001879,False,1.049339771001879,96873.0,3273.0,6974856.0,9055.064,30.48333333333333,8.657,0.054444198166143744,2.6823679838683954,2.4942473930007742,-0.0169087536433568,2.533280904815219,3.582620675817098,"[{""action_gains"":{""increase_gac_work_mem"":0.0468398291295993,""mitigate_remote_path_bundle"":2.3849689300931085,""regional_topk_candidates"":2.642596705948222},""distance"":0.0,""episode_id"":""q12_tenant_user_sum::run-2"",""normalized_sql_hash"":""78f49b835f2ec263b24cbefa86d9c89533b4c254bff2e0e54dc23ae3e08a65f4"",""query_id"":""q12_tenant_user_sum"",""topology_id"":""eu_us_apac_gac"",""weight"":1000000.0},{""action_gains"":{""increase_gac_work_mem"":0.0620501007483585,""mitigate_remote_path_bundle"":2.60350925502538,""regional_topk_candidates"":2.722186807479819},""distance"":0.0,""episode_id"":""q12_tenant_user_sum::run-1"",""normalized_sql_hash"":""78f49b835f2ec263b24cbefa86d9c89533b4c254bff2e0e54dc23ae3e08a65f4"",""query_id"":""q12_tenant_user_sum"",""topology_id"":""eu_us_apac_gac"",""weight"":1000000.0},{""action_gains"":{""increase_gac_work_mem"":-0.0055403245600634,""mitigate_remote_path_bundle"":3.4653048889107207,""regional_topk_candidates"":1.6670659134424273},""distance"":0.08581440545453282,""episode_id"":""q10_tenant_min::run-2"",""normalized_sql_hash"":""1ffceae8ec4dc807efe850ad847328743196a4fc73e3da8ce9c3268b0eb210fe"",""query_id"":""q10_tenant_min"",""topology_id"":""eu_us_apac_gac"",""weight"":11.652919364575226},{""action_gains"":{""increase_gac_work_mem"":0.0360130863917107,""mitigate_remote_path_bundle"":3.5011137901178766,""regional_topk_candidates"":1.6725292573066506},""distance"":0.08581440545453282,""episode_id"":""q10_tenant_min::run-3"",""normalized_sql_hash"":""1ffceae8ec4dc807efe850ad847328743196a4fc73e3da8ce9c3268b0eb210fe"",""query_id"":""q10_tenant_min"",""topology_id"":""eu_us_apac_gac"",""weight"":11.652919364575226},{""action_gains"":{""increase_gac_work_mem"":0.001257989186062,""mitigate_remote_path_bundle"":1.940935010719443,""regional_topk_candidates"":0.6273560086690125},""distance"":0.08581440545453282,""episode_id"":""q09_tenant_max::run-4"",""normalized_sql_hash"":""0a1845d5eee8a966fc7841a83bbfa0c28f21ecba6942182b9a8b2e287f92f63b"",""query_id"":""q09_tenant_max"",""topology_id"":""eu_us_apac_gac"",""weight"":11.652919364575226}]",0.0,1.0
sql_structural,warm_start_cross_query,35,q13_tenant_user_count::run-2,q13_tenant_user_count,8abd4dad5be8a8b072675fe97f3c25d8b29f0a4ad601501d7ca205a8f9a80277,tenant_user_count,2,3,eu_us_apac_gac,3,n3-large-balanced-wide-global-dim-v1,transport,"[""increase_gac_work_mem"",""regional_topk_candidates"",""mitigate_remote_path_bundle""]",explicit_panel_contract_and_result_equivalence,10.876636,60,59,1,0.0,0.0,euclidean,available,regional_topk_candidates,regional_topk_candidates,mitigate_remote_path_bundle,False,0.938199250813168,False,0.938199250813168,96873.0,3278.0,6974856.0,9037.682,30.516666666666666,6.022,0.054444198166143744,2.6823679838683954,2.4942473930007742,0.000215558798449,2.489066964314711,3.427266215127879,"[{""action_gains"":{""increase_gac_work_mem"":0.0468398291295993,""mitigate_remote_path_bundle"":2.3849689300931085,""regional_topk_candidates"":2.642596705948222},""distance"":0.0,""episode_id"":""q12_tenant_user_sum::run-2"",""normalized_sql_hash"":""78f49b835f2ec263b24cbefa86d9c89533b4c254bff2e0e54dc23ae3e08a65f4"",""query_id"":""q12_tenant_user_sum"",""topology_id"":""eu_us_apac_gac"",""weight"":1000000.0},{""action_gains"":{""increase_gac_work_mem"":0.0620501007483585,""mitigate_remote_path_bundle"":2.60350925502538,""regional_topk_candidates"":2.722186807479819},""distance"":0.0,""episode_id"":""q12_tenant_user_sum::run-1"",""normalized_sql_hash"":""78f49b835f2ec263b24cbefa86d9c89533b4c254bff2e0e54dc23ae3e08a65f4"",""query_id"":""q12_tenant_user_sum"",""topology_id"":""eu_us_apac_gac"",""weight"":1000000.0},{""action_gains"":{""increase_gac_work_mem"":-0.0055403245600634,""mitigate_remote_path_bundle"":3.4653048889107207,""regional_topk_candidates"":1.6670659134424273},""distance"":0.08581440545453282,""episode_id"":""q10_tenant_min::run-2"",""normalized_sql_hash"":""1ffceae8ec4dc807efe850ad847328743196a4fc73e3da8ce9c3268b0eb210fe"",""query_id"":""q10_tenant_min"",""topology_id"":""eu_us_apac_gac"",""weight"":11.652919364575226},{""action_gains"":{""increase_gac_work_mem"":0.0360130863917107,""mitigate_remote_path_bundle"":3.5011137901178766,""regional_topk_candidates"":1.6725292573066506},""distance"":0.08581440545453282,""episode_id"":""q10_tenant_min::run-3"",""normalized_sql_hash"":""1ffceae8ec4dc807efe850ad847328743196a4fc73e3da8ce9c3268b0eb210fe"",""query_id"":""q10_tenant_min"",""topology_id"":""eu_us_apac_gac"",""weight"":11.652919364575226},{""action_gains"":{""increase_gac_work_mem"":0.001257989186062,""mitigate_remote_path_bundle"":1.940935010719443,""regional_topk_candidates"":0.6273560086690125},""distance"":0.08581440545453282,""episode_id"":""q09_tenant_max::run-4"",""normalized_sql_hash"":""0a1845d5eee8a966fc7841a83bbfa0c28f21ecba6942182b9a8b2e287f92f63b"",""query_id"":""q09_tenant_max"",""topology_id"":""eu_us_apac_gac"",""weight"":11.652919364575226}]",0.0,1.0
sql_structural,warm_start_cross_query,36,q13_tenant_user_count::run-3,q13_tenant_user_count,8abd4dad5be8a8b072675fe97f3c25d8b29f0a4ad601501d7ca205a8f9a80277,tenant_user_count,3,3,eu_us_apac_gac,3,n3-large-balanced-wide-global-dim-v1,transport,"[""increase_gac_work_mem"",""regional_topk_candidates"",""mitigate_remote_path_bundle""]",explicit_panel_contract_and_result_equivalence,10.89305,61,59,2,0.0,0.0,euclidean,available,regional_topk_candidates,regional_topk_candidates,mitigate_remote_path_bundle,False,0.9331935786367525,False,0.9331935786367525,96873.0,3280.0,6974856.0,9042.603,30.516666666666666,6.786,0.054444198166143744,2.6823679838683954,2.4942473930007742,0.0022388104984377,2.4918301675269805,3.425023746163733,"[{""action_gains"":{""increase_gac_work_mem"":0.0468398291295993,""mitigate_remote_path_bundle"":2.3849689300931085,""regional_topk_candidates"":2.642596705948222},""distance"":0.0,""episode_id"":""q12_tenant_user_sum::run-2"",""normalized_sql_hash"":""78f49b835f2ec263b24cbefa86d9c89533b4c254bff2e0e54dc23ae3e08a65f4"",""query_id"":""q12_tenant_user_sum"",""topology_id"":""eu_us_apac_gac"",""weight"":1000000.0},{""action_gains"":{""increase_gac_work_mem"":0.0620501007483585,""mitigate_remote_path_bundle"":2.60350925502538,""regional_topk_candidates"":2.722186807479819},""distance"":0.0,""episode_id"":""q12_tenant_user_sum::run-1"",""normalized_sql_hash"":""78f49b835f2ec263b24cbefa86d9c89533b4c254bff2e0e54dc23ae3e08a65f4"",""query_id"":""q12_tenant_user_sum"",""topology_id"":""eu_us_apac_gac"",""weight"":1000000.0},{""action_gains"":{""increase_gac_work_mem"":-0.0055403245600634,""mitigate_remote_path_bundle"":3.4653048889107207,""regional_topk_candidates"":1.6670659134424273},""distance"":0.08581440545453282,""episode_id"":""q10_tenant_min::run-2"",""normalized_sql_hash"":""1ffceae8ec4dc807efe850ad847328743196a4fc73e3da8ce9c3268b0eb210fe"",""query_id"":""q10_tenant_min"",""topology_id"":""eu_us_apac_gac"",""weight"":11.652919364575226},{""action_gains"":{""increase_gac_work_mem"":0.0360130863917107,""mitigate_remote_path_bundle"":3.5011137901178766,""regional_topk_candidates"":1.6725292573066506},""distance"":0.08581440545453282,""episode_id"":""q10_tenant_min::run-3"",""normalized_sql_hash"":""1ffceae8ec4dc807efe850ad847328743196a4fc73e3da8ce9c3268b0eb210fe"",""query_id"":""q10_tenant_min"",""topology_id"":""eu_us_apac_gac"",""weight"":11.652919364575226},{""action_gains"":{""increase_gac_work_mem"":0.001257989186062,""mitigate_remote_path_bundle"":1.940935010719443,""regional_topk_candidates"":0.6273560086690125},""distance"":0.08581440545453282,""episode_id"":""q09_tenant_max::run-4"",""normalized_sql_hash"":""0a1845d5eee8a966fc7841a83bbfa0c28f21ecba6942182b9a8b2e287f92f63b"",""query_id"":""q09_tenant_max"",""topology_id"":""eu_us_apac_gac"",""weight"":11.652919364575226}]",0.0,1.0
sql_structural,warm_start_cross_query,37,q14_tenant_day_sum::run-1,q14_tenant_day_sum,44073d33245743b2bdd8be67d3286ec8caaa2e4cceb2969efcfaa87d76883995,tenant_day_sum,1,4,eu_us_apac_gac,3,n3-large-balanced-wide-global-dim-v1,memory,"[""increase_gac_work_mem"",""regional_topk_candidates"",""mitigate_remote_path_bundle""]",explicit_panel_contract_and_result_equivalence,9.034733,62,62,0,0.0,0.0,euclidean,available,mitigate_remote_path_bundle,mitigate_remote_path_bundle,mitigate_remote_path_bundle,True,0.0,True,0.0,677828.0,17881.0,48803616.0,6438.397999999999,5.483333333333333,22.605,0.01888710910629754,2.5757923100169906,3.0846777644454395,0.0635345663129016,0.2853191710203477,1.233046283532483,"[{""action_gains"":{""increase_gac_work_mem"":0.0620501007483585,""mitigate_remote_path_bundle"":2.60350925502538,""regional_topk_candidates"":2.722186807479819},""distance"":0.0,""episode_id"":""q12_tenant_user_sum::run-1"",""normalized_sql_hash"":""78f49b835f2ec263b24cbefa86d9c89533b4c254bff2e0e54dc23ae3e08a65f4"",""query_id"":""q12_tenant_user_sum"",""topology_id"":""eu_us_apac_gac"",""weight"":1000000.0},{""action_gains"":{""increase_gac_work_mem"":-0.0169087536433568,""mitigate_remote_path_bundle"":3.582620675817098,""regional_topk_candidates"":2.533280904815219},""distance"":0.0,""episode_id"":""q13_tenant_user_count::run-1"",""normalized_sql_hash"":""8abd4dad5be8a8b072675fe97f3c25d8b29f0a4ad601501d7ca205a8f9a80277"",""query_id"":""q13_tenant_user_count"",""topology_id"":""eu_us_apac_gac"",""weight"":1000000.0},{""action_gains"":{""increase_gac_work_mem"":0.0468398291295993,""mitigate_remote_path_bundle"":2.3849689300931085,""regional_topk_candidates"":2.642596705948222},""distance"":0.0,""episode_id"":""q12_tenant_user_sum::run-2"",""normalized_sql_hash"":""78f49b835f2ec263b24cbefa86d9c89533b4c254bff2e0e54dc23ae3e08a65f4"",""query_id"":""q12_tenant_user_sum"",""topology_id"":""eu_us_apac_gac"",""weight"":1000000.0},{""action_gains"":{""increase_gac_work_mem"":0.000215558798449,""mitigate_remote_path_bundle"":3.427266215127879,""regional_topk_candidates"":2.489066964314711},""distance"":0.0,""episode_id"":""q13_tenant_user_count::run-2"",""normalized_sql_hash"":""8abd4dad5be8a8b072675fe97f3c25d8b29f0a4ad601501d7ca205a8f9a80277"",""query_id"":""q13_tenant_user_count"",""topology_id"":""eu_us_apac_gac"",""weight"":1000000.0},{""action_gains"":{""increase_gac_work_mem"":0.0022388104984377,""mitigate_remote_path_bundle"":3.425023746163733,""regional_topk_candidates"":2.4918301675269805},""distance"":0.0,""episode_id"":""q13_tenant_user_count::run-3"",""normalized_sql_hash"":""8abd4dad5be8a8b072675fe97f3c25d8b29f0a4ad601501d7ca205a8f9a80277"",""query_id"":""q13_tenant_user_count"",""topology_id"":""eu_us_apac_gac"",""weight"":1000000.0}]",0.0,1.0
sql_structural,warm_start_cross_query,38,q14_tenant_day_sum::run-2,q14_tenant_day_sum,44073d33245743b2bdd8be67d3286ec8caaa2e4cceb2969efcfaa87d76883995,tenant_day_sum,2,4,eu_us_apac_gac,3,n3-large-balanced-wide-global-dim-v1,memory,"[""increase_gac_work_mem"",""regional_topk_candidates"",""mitigate_remote_path_bundle""]",explicit_panel_contract_and_result_equivalence,9.406107,63,62,1,0.0,0.0,euclidean,available,mitigate_remote_path_bundle,mitigate_remote_path_bundle,mitigate_remote_path_bundle,True,0.0,True,0.0,677828.0,17797.0,48803616.0,6560.417000000001,5.448333333333333,26.332,0.01888710910629754,2.5757923100169906,3.0846777644454395,0.1056924575119,0.3492104306271075,1.3203793430096975,"[{""action_gains"":{""increase_gac_work_mem"":0.0620501007483585,""mitigate_remote_path_bundle"":2.60350925502538,""regional_topk_candidates"":2.722186807479819},""distance"":0.0,""episode_id"":""q12_tenant_user_sum::run-1"",""normalized_sql_hash"":""78f49b835f2ec263b24cbefa86d9c89533b4c254bff2e0e54dc23ae3e08a65f4"",""query_id"":""q12_tenant_user_sum"",""topology_id"":""eu_us_apac_gac"",""weight"":1000000.0},{""action_gains"":{""increase_gac_work_mem"":-0.0169087536433568,""mitigate_remote_path_bundle"":3.582620675817098,""regional_topk_candidates"":2.533280904815219},""distance"":0.0,""episode_id"":""q13_tenant_user_count::run-1"",""normalized_sql_hash"":""8abd4dad5be8a8b072675fe97f3c25d8b29f0a4ad601501d7ca205a8f9a80277"",""query_id"":""q13_tenant_user_count"",""topology_id"":""eu_us_apac_gac"",""weight"":1000000.0},{""action_gains"":{""increase_gac_work_mem"":0.0468398291295993,""mitigate_remote_path_bundle"":2.3849689300931085,""regional_topk_candidates"":2.642596705948222},""distance"":0.0,""episode_id"":""q12_tenant_user_sum::run-2"",""normalized_sql_hash"":""78f49b835f2ec263b24cbefa86d9c89533b4c254bff2e0e54dc23ae3e08a65f4"",""query_id"":""q12_tenant_user_sum"",""topology_id"":""eu_us_apac_gac"",""weight"":1000000.0},{""action_gains"":{""increase_gac_work_mem"":0.000215558798449,""mitigate_remote_path_bundle"":3.427266215127879,""regional_topk_candidates"":2.489066964314711},""distance"":0.0,""episode_id"":""q13_tenant_user_count::run-2"",""normalized_sql_hash"":""8abd4dad5be8a8b072675fe97f3c25d8b29f0a4ad601501d7ca205a8f9a80277"",""query_id"":""q13_tenant_user_count"",""topology_id"":""eu_us_apac_gac"",""weight"":1000000.0},{""action_gains"":{""increase_gac_work_mem"":0.0022388104984377,""mitigate_remote_path_bundle"":3.425023746163733,""regional_topk_candidates"":2.4918301675269805},""distance"":0.0,""episode_id"":""q13_tenant_user_count::run-3"",""normalized_sql_hash"":""8abd4dad5be8a8b072675fe97f3c25d8b29f0a4ad601501d7ca205a8f9a80277"",""query_id"":""q13_tenant_user_count"",""topology_id"":""eu_us_apac_gac"",""weight"":1000000.0}]",0.0,1.0
sql_structural,warm_start_cross_query,39,q14_tenant_day_sum::run-3,q14_tenant_day_sum,44073d33245743b2bdd8be67d3286ec8caaa2e4cceb2969efcfaa87d76883995,tenant_day_sum,3,4,eu_us_apac_gac,3,n3-large-balanced-wide-global-dim-v1,memory,"[""increase_gac_work_mem"",""regional_topk_candidates"",""mitigate_remote_path_bundle""]",explicit_panel_contract_and_result_equivalence,9.193089,64,62,2,0.0,0.0,euclidean,available,mitigate_remote_path_bundle,mitigate_remote_path_bundle,mitigate_remote_path_bundle,True,0.0,True,0.0,677828.0,17765.0,48803616.0,6471.401,5.473333333333334,23.523,0.01888710910629754,2.5757923100169906,3.0846777644454395,0.0468458501152429,0.2983051381180681,1.2281426804223363,"[{""action_gains"":{""increase_gac_work_mem"":0.0620501007483585,""mitigate_remote_path_bundle"":2.60350925502538,""regional_topk_candidates"":2.722186807479819},""distance"":0.0,""episode_id"":""q12_tenant_user_sum::run-1"",""normalized_sql_hash"":""78f49b835f2ec263b24cbefa86d9c89533b4c254bff2e0e54dc23ae3e08a65f4"",""query_id"":""q12_tenant_user_sum"",""topology_id"":""eu_us_apac_gac"",""weight"":1000000.0},{""action_gains"":{""increase_gac_work_mem"":-0.0169087536433568,""mitigate_remote_path_bundle"":3.582620675817098,""regional_topk_candidates"":2.533280904815219},""distance"":0.0,""episode_id"":""q13_tenant_user_count::run-1"",""normalized_sql_hash"":""8abd4dad5be8a8b072675fe97f3c25d8b29f0a4ad601501d7ca205a8f9a80277"",""query_id"":""q13_tenant_user_count"",""topology_id"":""eu_us_apac_gac"",""weight"":1000000.0},{""action_gains"":{""increase_gac_work_mem"":0.0468398291295993,""mitigate_remote_path_bundle"":2.3849689300931085,""regional_topk_candidates"":2.642596705948222},""distance"":0.0,""episode_id"":""q12_tenant_user_sum::run-2"",""normalized_sql_hash"":""78f49b835f2ec263b24cbefa86d9c89533b4c254bff2e0e54dc23ae3e08a65f4"",""query_id"":""q12_tenant_user_sum"",""topology_id"":""eu_us_apac_gac"",""weight"":1000000.0},{""action_gains"":{""increase_gac_work_mem"":0.000215558798449,""mitigate_remote_path_bundle"":3.427266215127879,""regional_topk_candidates"":2.489066964314711},""distance"":0.0,""episode_id"":""q13_tenant_user_count::run-2"",""normalized_sql_hash"":""8abd4dad5be8a8b072675fe97f3c25d8b29f0a4ad601501d7ca205a8f9a80277"",""query_id"":""q13_tenant_user_count"",""topology_id"":""eu_us_apac_gac"",""weight"":1000000.0},{""action_gains"":{""increase_gac_work_mem"":0.0022388104984377,""mitigate_remote_path_bundle"":3.425023746163733,""regional_topk_candidates"":2.4918301675269805},""distance"":0.0,""episode_id"":""q13_tenant_user_count::run-3"",""normalized_sql_hash"":""8abd4dad5be8a8b072675fe97f3c25d8b29f0a4ad601501d7ca205a8f9a80277"",""query_id"":""q13_tenant_user_count"",""topology_id"":""eu_us_apac_gac"",""weight"":1000000.0}]",0.0,1.0
sql_structural,warm_start_cross_query,40,q14_tenant_day_sum::run-4,q14_tenant_day_sum,44073d33245743b2bdd8be67d3286ec8caaa2e4cceb2969efcfaa87d76883995,tenant_day_sum,4,4,eu_us_apac_gac,3,n3-large-balanced-wide-global-dim-v1,memory,"[""increase_gac_work_mem"",""regional_topk_candidates"",""mitigate_remote_path_bundle""]",explicit_panel_contract_and_result_equivalence,9.050832,65,62,3,0.0,0.0,euclidean,available,mitigate_remote_path_bundle,mitigate_remote_path_bundle,mitigate_remote_path_bundle,True,0.0,True,0.0,677828.0,17767.0,48803616.0,6452.588,5.47,23.018,0.01888710910629754,2.5757923100169906,3.0846777644454395,0.0572275554466537,0.1205952939116147,1.1826653991582703,"[{""action_gains"":{""increase_gac_work_mem"":0.0620501007483585,""mitigate_remote_path_bundle"":2.60350925502538,""regional_topk_candidates"":2.722186807479819},""distance"":0.0,""episode_id"":""q12_tenant_user_sum::run-1"",""normalized_sql_hash"":""78f49b835f2ec263b24cbefa86d9c89533b4c254bff2e0e54dc23ae3e08a65f4"",""query_id"":""q12_tenant_user_sum"",""topology_id"":""eu_us_apac_gac"",""weight"":1000000.0},{""action_gains"":{""increase_gac_work_mem"":-0.0169087536433568,""mitigate_remote_path_bundle"":3.582620675817098,""regional_topk_candidates"":2.533280904815219},""distance"":0.0,""episode_id"":""q13_tenant_user_count::run-1"",""normalized_sql_hash"":""8abd4dad5be8a8b072675fe97f3c25d8b29f0a4ad601501d7ca205a8f9a80277"",""query_id"":""q13_tenant_user_count"",""topology_id"":""eu_us_apac_gac"",""weight"":1000000.0},{""action_gains"":{""increase_gac_work_mem"":0.0468398291295993,""mitigate_remote_path_bundle"":2.3849689300931085,""regional_topk_candidates"":2.642596705948222},""distance"":0.0,""episode_id"":""q12_tenant_user_sum::run-2"",""normalized_sql_hash"":""78f49b835f2ec263b24cbefa86d9c89533b4c254bff2e0e54dc23ae3e08a65f4"",""query_id"":""q12_tenant_user_sum"",""topology_id"":""eu_us_apac_gac"",""weight"":1000000.0},{""action_gains"":{""increase_gac_work_mem"":0.000215558798449,""mitigate_remote_path_bundle"":3.427266215127879,""regional_topk_candidates"":2.489066964314711},""distance"":0.0,""episode_id"":""q13_tenant_user_count::run-2"",""normalized_sql_hash"":""8abd4dad5be8a8b072675fe97f3c25d8b29f0a4ad601501d7ca205a8f9a80277"",""query_id"":""q13_tenant_user_count"",""topology_id"":""eu_us_apac_gac"",""weight"":1000000.0},{""action_gains"":{""increase_gac_work_mem"":0.0022388104984377,""mitigate_remote_path_bundle"":3.425023746163733,""regional_topk_candidates"":2.4918301675269805},""distance"":0.0,""episode_id"":""q13_tenant_user_count::run-3"",""normalized_sql_hash"":""8abd4dad5be8a8b072675fe97f3c25d8b29f0a4ad601501d7ca205a8f9a80277"",""query_id"":""q13_tenant_user_count"",""topology_id"":""eu_us_apac_gac"",""weight"":1000000.0}]",0.0,1.0
sql_structural,warm_start_cross_query,41,q15_tenant_day_count::run-1,q15_tenant_day_count,0a85603a4adfceca9159f8d60d621bb9b8b84fb3eb21b6d02815abb8ca0c6ca9,tenant_day_count,1,5,eu_us_apac_gac,3,n3-large-balanced-wide-global-dim-v1,balanced,"[""increase_gac_work_mem"",""regional_topk_candidates"",""mitigate_remote_path_bundle""]",explicit_panel_contract_and_result_equivalence,43.305353,66,66,0,0.0,0.0,euclidean,available,mitigate_remote_path_bundle,mitigate_remote_path_bundle,mitigate_remote_path_bundle,True,0.0,True,0.0,1355647.0,23192.0,97606584.0,38135.303,15.466666666666669,11.41,0.043407351337348896,2.138978215179368,2.6322294978839595,-0.0003058943797565,0.3143085514529989,2.638475844802685,"[{""action_gains"":{""increase_gac_work_mem"":0.0468398291295993,""mitigate_remote_path_bundle"":2.3849689300931085,""regional_topk_candidates"":2.642596705948222},""distance"":0.0,""episode_id"":""q12_tenant_user_sum::run-2"",""normalized_sql_hash"":""78f49b835f2ec263b24cbefa86d9c89533b4c254bff2e0e54dc23ae3e08a65f4"",""query_id"":""q12_tenant_user_sum"",""topology_id"":""eu_us_apac_gac"",""weight"":1000000.0},{""action_gains"":{""increase_gac_work_mem"":0.000215558798449,""mitigate_remote_path_bundle"":3.427266215127879,""regional_topk_candidates"":2.489066964314711},""distance"":0.0,""episode_id"":""q13_tenant_user_count::run-2"",""normalized_sql_hash"":""8abd4dad5be8a8b072675fe97f3c25d8b29f0a4ad601501d7ca205a8f9a80277"",""query_id"":""q13_tenant_user_count"",""topology_id"":""eu_us_apac_gac"",""weight"":1000000.0},{""action_gains"":{""increase_gac_work_mem"":0.0022388104984377,""mitigate_remote_path_bundle"":3.425023746163733,""regional_topk_candidates"":2.4918301675269805},""distance"":0.0,""episode_id"":""q13_tenant_user_count::run-3"",""normalized_sql_hash"":""8abd4dad5be8a8b072675fe97f3c25d8b29f0a4ad601501d7ca205a8f9a80277"",""query_id"":""q13_tenant_user_count"",""topology_id"":""eu_us_apac_gac"",""weight"":1000000.0},{""action_gains"":{""increase_gac_work_mem"":0.1056924575119,""mitigate_remote_path_bundle"":1.3203793430096975,""regional_topk_candidates"":0.3492104306271075},""distance"":0.0,""episode_id"":""q14_tenant_day_sum::run-2"",""normalized_sql_hash"":""44073d33245743b2bdd8be67d3286ec8caaa2e4cceb2969efcfaa87d76883995"",""query_id"":""q14_tenant_day_sum"",""topology_id"":""eu_us_apac_gac"",""weight"":1000000.0},{""action_gains"":{""increase_gac_work_mem"":0.0620501007483585,""mitigate_remote_path_bundle"":2.60350925502538,""regional_topk_candidates"":2.722186807479819},""distance"":0.0,""episode_id"":""q12_tenant_user_sum::run-1"",""normalized_sql_hash"":""78f49b835f2ec263b24cbefa86d9c89533b4c254bff2e0e54dc23ae3e08a65f4"",""query_id"":""q12_tenant_user_sum"",""topology_id"":""eu_us_apac_gac"",""weight"":1000000.0}]",0.0,1.0
sql_structural,warm_start_cross_query,42,q15_tenant_day_count::run-2,q15_tenant_day_count,0a85603a4adfceca9159f8d60d621bb9b8b84fb3eb21b6d02815abb8ca0c6ca9,tenant_day_count,2,5,eu_us_apac_gac,3,n3-large-balanced-wide-global-dim-v1,balanced,"[""increase_gac_work_mem"",""regional_topk_candidates"",""mitigate_remote_path_bundle""]",explicit_panel_contract_and_result_equivalence,43.930507,67,66,1,0.0,0.0,euclidean,available,mitigate_remote_path_bundle,mitigate_remote_path_bundle,mitigate_remote_path_bundle,True,0.0,True,0.0,1355647.0,23168.0,97606584.0,38299.485,15.466666666666669,11.429,0.043407351337348896,2.138978215179368,2.6322294978839595,0.0402636837051016,0.3184915280019471,2.688503214114253,"[{""action_gains"":{""increase_gac_work_mem"":0.0468398291295993,""mitigate_remote_path_bundle"":2.3849689300931085,""regional_topk_candidates"":2.642596705948222},""distance"":0.0,""episode_id"":""q12_tenant_user_sum::run-2"",""normalized_sql_hash"":""78f49b835f2ec263b24cbefa86d9c89533b4c254bff2e0e54dc23ae3e08a65f4"",""query_id"":""q12_tenant_user_sum"",""topology_id"":""eu_us_apac_gac"",""weight"":1000000.0},{""action_gains"":{""increase_gac_work_mem"":0.000215558798449,""mitigate_remote_path_bundle"":3.427266215127879,""regional_topk_candidates"":2.489066964314711},""distance"":0.0,""episode_id"":""q13_tenant_user_count::run-2"",""normalized_sql_hash"":""8abd4dad5be8a8b072675fe97f3c25d8b29f0a4ad601501d7ca205a8f9a80277"",""query_id"":""q13_tenant_user_count"",""topology_id"":""eu_us_apac_gac"",""weight"":1000000.0},{""action_gains"":{""increase_gac_work_mem"":0.0022388104984377,""mitigate_remote_path_bundle"":3.425023746163733,""regional_topk_candidates"":2.4918301675269805},""distance"":0.0,""episode_id"":""q13_tenant_user_count::run-3"",""normalized_sql_hash"":""8abd4dad5be8a8b072675fe97f3c25d8b29f0a4ad601501d7ca205a8f9a80277"",""query_id"":""q13_tenant_user_count"",""topology_id"":""eu_us_apac_gac"",""weight"":1000000.0},{""action_gains"":{""increase_gac_work_mem"":0.1056924575119,""mitigate_remote_path_bundle"":1.3203793430096975,""regional_topk_candidates"":0.3492104306271075},""distance"":0.0,""episode_id"":""q14_tenant_day_sum::run-2"",""normalized_sql_hash"":""44073d33245743b2bdd8be67d3286ec8caaa2e4cceb2969efcfaa87d76883995"",""query_id"":""q14_tenant_day_sum"",""topology_id"":""eu_us_apac_gac"",""weight"":1000000.0},{""action_gains"":{""increase_gac_work_mem"":0.0620501007483585,""mitigate_remote_path_bundle"":2.60350925502538,""regional_topk_candidates"":2.722186807479819},""distance"":0.0,""episode_id"":""q12_tenant_user_sum::run-1"",""normalized_sql_hash"":""78f49b835f2ec263b24cbefa86d9c89533b4c254bff2e0e54dc23ae3e08a65f4"",""query_id"":""q12_tenant_user_sum"",""topology_id"":""eu_us_apac_gac"",""weight"":1000000.0}]",0.0,1.0
sql_structural,warm_start_cross_query,43,q15_tenant_day_count::run-3,q15_tenant_day_count,0a85603a4adfceca9159f8d60d621bb9b8b84fb3eb21b6d02815abb8ca0c6ca9,tenant_day_count,3,5,eu_us_apac_gac,3,n3-large-balanced-wide-global-dim-v1,balanced,"[""increase_gac_work_mem"",""regional_topk_candidates"",""mitigate_remote_path_bundle""]",explicit_panel_contract_and_result_equivalence,43.790276,68,66,2,0.0,0.0,euclidean,available,mitigate_remote_path_bundle,mitigate_remote_path_bundle,mitigate_remote_path_bundle,True,0.0,True,0.0,1355647.0,23172.0,97606584.0,38388.8,15.466666666666669,11.109,0.043407351337348896,2.138978215179368,2.6322294978839595,0.0263610512328854,0.3243367692029089,2.630958209819509,"[{""action_gains"":{""increase_gac_work_mem"":0.0468398291295993,""mitigate_remote_path_bundle"":2.3849689300931085,""regional_topk_candidates"":2.642596705948222},""distance"":0.0,""episode_id"":""q12_tenant_user_sum::run-2"",""normalized_sql_hash"":""78f49b835f2ec263b24cbefa86d9c89533b4c254bff2e0e54dc23ae3e08a65f4"",""query_id"":""q12_tenant_user_sum"",""topology_id"":""eu_us_apac_gac"",""weight"":1000000.0},{""action_gains"":{""increase_gac_work_mem"":0.000215558798449,""mitigate_remote_path_bundle"":3.427266215127879,""regional_topk_candidates"":2.489066964314711},""distance"":0.0,""episode_id"":""q13_tenant_user_count::run-2"",""normalized_sql_hash"":""8abd4dad5be8a8b072675fe97f3c25d8b29f0a4ad601501d7ca205a8f9a80277"",""query_id"":""q13_tenant_user_count"",""topology_id"":""eu_us_apac_gac"",""weight"":1000000.0},{""action_gains"":{""increase_gac_work_mem"":0.0022388104984377,""mitigate_remote_path_bundle"":3.425023746163733,""regional_topk_candidates"":2.4918301675269805},""distance"":0.0,""episode_id"":""q13_tenant_user_count::run-3"",""normalized_sql_hash"":""8abd4dad5be8a8b072675fe97f3c25d8b29f0a4ad601501d7ca205a8f9a80277"",""query_id"":""q13_tenant_user_count"",""topology_id"":""eu_us_apac_gac"",""weight"":1000000.0},{""action_gains"":{""increase_gac_work_mem"":0.1056924575119,""mitigate_remote_path_bundle"":1.3203793430096975,""regional_topk_candidates"":0.3492104306271075},""distance"":0.0,""episode_id"":""q14_tenant_day_sum::run-2"",""normalized_sql_hash"":""44073d33245743b2bdd8be67d3286ec8caaa2e4cceb2969efcfaa87d76883995"",""query_id"":""q14_tenant_day_sum"",""topology_id"":""eu_us_apac_gac"",""weight"":1000000.0},{""action_gains"":{""increase_gac_work_mem"":0.0620501007483585,""mitigate_remote_path_bundle"":2.60350925502538,""regional_topk_candidates"":2.722186807479819},""distance"":0.0,""episode_id"":""q12_tenant_user_sum::run-1"",""normalized_sql_hash"":""78f49b835f2ec263b24cbefa86d9c89533b4c254bff2e0e54dc23ae3e08a65f4"",""query_id"":""q12_tenant_user_sum"",""topology_id"":""eu_us_apac_gac"",""weight"":1000000.0}]",0.0,1.0
sql_structural,warm_start_cross_query,44,q15_tenant_day_count::run-4,q15_tenant_day_count,0a85603a4adfceca9159f8d60d621bb9b8b84fb3eb21b6d02815abb8ca0c6ca9,tenant_day_count,4,5,eu_us_apac_gac,3,n3-large-balanced-wide-global-dim-v1,balanced,"[""increase_gac_work_mem"",""regional_topk_candidates"",""mitigate_remote_path_bundle""]",explicit_panel_contract_and_result_equivalence,43.438149,69,66,3,0.0,0.0,euclidean,available,mitigate_remote_path_bundle,mitigate_remote_path_bundle,mitigate_remote_path_bundle,True,0.0,True,0.0,1355647.0,23162.0,97606584.0,38374.975,15.5,11.19,0.043407351337348896,2.138978215179368,2.6322294978839595,-0.005900164795244,0.2887640632749367,2.638866088643233,"[{""action_gains"":{""increase_gac_work_mem"":0.0468398291295993,""mitigate_remote_path_bundle"":2.3849689300931085,""regional_topk_candidates"":2.642596705948222},""distance"":0.0,""episode_id"":""q12_tenant_user_sum::run-2"",""normalized_sql_hash"":""78f49b835f2ec263b24cbefa86d9c89533b4c254bff2e0e54dc23ae3e08a65f4"",""query_id"":""q12_tenant_user_sum"",""topology_id"":""eu_us_apac_gac"",""weight"":1000000.0},{""action_gains"":{""increase_gac_work_mem"":0.000215558798449,""mitigate_remote_path_bundle"":3.427266215127879,""regional_topk_candidates"":2.489066964314711},""distance"":0.0,""episode_id"":""q13_tenant_user_count::run-2"",""normalized_sql_hash"":""8abd4dad5be8a8b072675fe97f3c25d8b29f0a4ad601501d7ca205a8f9a80277"",""query_id"":""q13_tenant_user_count"",""topology_id"":""eu_us_apac_gac"",""weight"":1000000.0},{""action_gains"":{""increase_gac_work_mem"":0.0022388104984377,""mitigate_remote_path_bundle"":3.425023746163733,""regional_topk_candidates"":2.4918301675269805},""distance"":0.0,""episode_id"":""q13_tenant_user_count::run-3"",""normalized_sql_hash"":""8abd4dad5be8a8b072675fe97f3c25d8b29f0a4ad601501d7ca205a8f9a80277"",""query_id"":""q13_tenant_user_count"",""topology_id"":""eu_us_apac_gac"",""weight"":1000000.0},{""action_gains"":{""increase_gac_work_mem"":0.1056924575119,""mitigate_remote_path_bundle"":1.3203793430096975,""regional_topk_candidates"":0.3492104306271075},""distance"":0.0,""episode_id"":""q14_tenant_day_sum::run-2"",""normalized_sql_hash"":""44073d33245743b2bdd8be67d3286ec8caaa2e4cceb2969efcfaa87d76883995"",""query_id"":""q14_tenant_day_sum"",""topology_id"":""eu_us_apac_gac"",""weight"":1000000.0},{""action_gains"":{""increase_gac_work_mem"":0.0620501007483585,""mitigate_remote_path_bundle"":2.60350925502538,""regional_topk_candidates"":2.722186807479819},""distance"":0.0,""episode_id"":""q12_tenant_user_sum::run-1"",""normalized_sql_hash"":""78f49b835f2ec263b24cbefa86d9c89533b4c254bff2e0e54dc23ae3e08a65f4"",""query_id"":""q12_tenant_user_sum"",""topology_id"":""eu_us_apac_gac"",""weight"":1000000.0}]",0.0,1.0
sql_structural,warm_start_cross_query,45,q15_tenant_day_count::run-5,q15_tenant_day_count,0a85603a4adfceca9159f8d60d621bb9b8b84fb3eb21b6d02815abb8ca0c6ca9,tenant_day_count,5,5,eu_us_apac_gac,3,n3-large-balanced-wide-global-dim-v1,balanced,"[""increase_gac_work_mem"",""regional_topk_candidates"",""mitigate_remote_path_bundle""]",explicit_panel_contract_and_result_equivalence,44.029313,70,66,4,0.0,0.0,euclidean,available,mitigate_remote_path_bundle,mitigate_remote_path_bundle,mitigate_remote_path_bundle,True,0.0,True,0.0,1355647.0,23165.0,97606584.0,38540.881,15.466666666666669,12.979,0.043407351337348896,2.138978215179368,2.6322294978839595,0.0388865100561299,0.3289301569498578,2.3993502052314923,"[{""action_gains"":{""increase_gac_work_mem"":0.0468398291295993,""mitigate_remote_path_bundle"":2.3849689300931085,""regional_topk_candidates"":2.642596705948222},""distance"":0.0,""episode_id"":""q12_tenant_user_sum::run-2"",""normalized_sql_hash"":""78f49b835f2ec263b24cbefa86d9c89533b4c254bff2e0e54dc23ae3e08a65f4"",""query_id"":""q12_tenant_user_sum"",""topology_id"":""eu_us_apac_gac"",""weight"":1000000.0},{""action_gains"":{""increase_gac_work_mem"":0.000215558798449,""mitigate_remote_path_bundle"":3.427266215127879,""regional_topk_candidates"":2.489066964314711},""distance"":0.0,""episode_id"":""q13_tenant_user_count::run-2"",""normalized_sql_hash"":""8abd4dad5be8a8b072675fe97f3c25d8b29f0a4ad601501d7ca205a8f9a80277"",""query_id"":""q13_tenant_user_count"",""topology_id"":""eu_us_apac_gac"",""weight"":1000000.0},{""action_gains"":{""increase_gac_work_mem"":0.0022388104984377,""mitigate_remote_path_bundle"":3.425023746163733,""regional_topk_candidates"":2.4918301675269805},""distance"":0.0,""episode_id"":""q13_tenant_user_count::run-3"",""normalized_sql_hash"":""8abd4dad5be8a8b072675fe97f3c25d8b29f0a4ad601501d7ca205a8f9a80277"",""query_id"":""q13_tenant_user_count"",""topology_id"":""eu_us_apac_gac"",""weight"":1000000.0},{""action_gains"":{""increase_gac_work_mem"":0.1056924575119,""mitigate_remote_path_bundle"":1.3203793430096975,""regional_topk_candidates"":0.3492104306271075},""distance"":0.0,""episode_id"":""q14_tenant_day_sum::run-2"",""normalized_sql_hash"":""44073d33245743b2bdd8be67d3286ec8caaa2e4cceb2969efcfaa87d76883995"",""query_id"":""q14_tenant_day_sum"",""topology_id"":""eu_us_apac_gac"",""weight"":1000000.0},{""action_gains"":{""increase_gac_work_mem"":0.0620501007483585,""mitigate_remote_path_bundle"":2.60350925502538,""regional_topk_candidates"":2.722186807479819},""distance"":0.0,""episode_id"":""q12_tenant_user_sum::run-1"",""normalized_sql_hash"":""78f49b835f2ec263b24cbefa86d9c89533b4c254bff2e0e54dc23ae3e08a65f4"",""query_id"":""q12_tenant_user_sum"",""topology_id"":""eu_us_apac_gac"",""weight"":1000000.0}]",0.0,1.0
coordinator_physical,warm_start_cross_query,1,q01_event_value_desc::run-1,q01_event_value_desc,ad7f1beefcb86b44e6bcd60f1e092a838d67200996b3cf5a69df119b546d5ed5,event_value_desc,1,1,eu_us_gac,2,raw-small-balanced-v1,transport,"[""increase_gac_work_mem"",""regional_topk_candidates"",""mitigate_remote_path_bundle""]",explicit_panel_contract_and_result_equivalence,1.223234,26,26,0,0.4577726363610878,0.7712676406493916,euclidean,available,mitigate_remote_path_bundle,mitigate_remote_path_bundle,mitigate_remote_path_bundle,True,0.0,True,0.0,1389.0,9.0,100008.0,272.101,30.475,15.232,0.025874532177465853,0.31614652181384206,2.038407744483822,0.0389910134517095,0.148442525949881,2.4389637619025195,"[{""action_gains"":{""increase_gac_work_mem"":0.0044125939297464,""mitigate_remote_path_bundle"":2.703776598899469,""regional_topk_candidates"":0.2612314581242365},""distance"":0.4577726363610878,""episode_id"":""reference::fuzzy-memory-topk-panel-v1::fuzzy_topk_transport_severe::raw-small-balanced-v1::{\""cutoff_ts\"":\""2026-06-29 00:00:00+00\"",\""limit_k\"":100}"",""normalized_sql_hash"":"""",""query_id"":""fuzzy-memory-topk-panel-v1::fuzzy_topk_transport_severe::raw-small-balanced-v1::{\""cutoff_ts\"":\""2026-06-29 00:00:00+00\"",\""limit_k\"":100}"",""topology_id"":""eu_us_gac"",""weight"":2.1844857819885655},{""action_gains"":{""increase_gac_work_mem"":0.0698044793371713,""mitigate_remote_path_bundle"":0.5693747863972122,""regional_topk_candidates"":0.0315669702360576},""distance"":0.5384979372419735,""episode_id"":""reference::fuzzy-memory-topk-panel-v1::fuzzy_topk_memory_severe::raw-small-balanced-v1::{\""cutoff_ts\"":\""2026-06-29 00:00:00+00\"",\""limit_k\"":100}"",""normalized_sql_hash"":"""",""query_id"":""fuzzy-memory-topk-panel-v1::fuzzy_topk_memory_severe::raw-small-balanced-v1::{\""cutoff_ts\"":\""2026-06-29 00:00:00+00\"",\""limit_k\"":100}"",""topology_id"":""eu_us_gac"",""weight"":1.857013878470575},{""action_gains"":{""increase_gac_work_mem"":0.0157288694887206,""mitigate_remote_path_bundle"":1.88707770205566,""regional_topk_candidates"":0.229469143231732},""distance"":0.6298003763620906,""episode_id"":""reference::fuzzy-memory-topk-panel-v1::fuzzy_topk_balanced::raw-small-balanced-v1::{\""cutoff_ts\"":\""2026-06-29 00:00:00+00\"",\""limit_k\"":100}"",""normalized_sql_hash"":"""",""query_id"":""fuzzy-memory-topk-panel-v1::fuzzy_topk_balanced::raw-small-balanced-v1::{\""cutoff_ts\"":\""2026-06-29 00:00:00+00\"",\""limit_k\"":100}"",""topology_id"":""eu_us_gac"",""weight"":1.5878021826123665},{""action_gains"":{""increase_gac_work_mem"":0.0558843856774697,""mitigate_remote_path_bundle"":1.990176655943472,""regional_topk_candidates"":0.44208027974939},""distance"":0.706196165074799,""episode_id"":""reference::fuzzy-memory-topk-panel-v1::fuzzy_topk_balanced::raw-small-balanced-v1::{\""cutoff_ts\"":\""2026-06-24 00:00:00+00\"",\""limit_k\"":100}"",""normalized_sql_hash"":"""",""query_id"":""fuzzy-memory-topk-panel-v1::fuzzy_topk_balanced::raw-small-balanced-v1::{\""cutoff_ts\"":\""2026-06-24 00:00:00+00\"",\""limit_k\"":100}"",""topology_id"":""eu_us_gac"",""weight"":1.4160351378557035},{""action_gains"":{""increase_gac_work_mem"":-0.0190705540866633,""mitigate_remote_path_bundle"":3.203301466828472,""regional_topk_candidates"":0.7633310432797628},""distance"":0.7358275225114469,""episode_id"":""reference::fuzzy-memory-topk-panel-v1::fuzzy_topk_transport_severe::raw-small-balanced-v1::{\""cutoff_ts\"":\""2026-06-24 00:00:00+00\"",\""limit_k\"":100}"",""normalized_sql_hash"":"""",""query_id"":""fuzzy-memory-topk-panel-v1::fuzzy_topk_transport_severe::raw-small-balanced-v1::{\""cutoff_ts\"":\""2026-06-24 00:00:00+00\"",\""limit_k\"":100}"",""topology_id"":""eu_us_gac"",""weight"":1.3590122826265456}]",0.5935327922945822,1.0
coordinator_physical,warm_start_cross_query,2,q02_event_value_asc::run-1,q02_event_value_asc,5456d57953fe990f1580484e462a435d7cf573381f761e43b638485f128031d7,event_value_asc,1,2,eu_us_gac,2,raw-small-balanced-v1,memory,"[""increase_gac_work_mem"",""regional_topk_candidates"",""mitigate_remote_path_bundle""]",explicit_panel_contract_and_result_equivalence,0.384738,27,27,0,0.11608939279270022,0.7712676406493916,euclidean,available,mitigate_remote_path_bundle,mitigate_remote_path_bundle,mitigate_remote_path_bundle,True,0.0,True,0.0,2685.0,19.0,193320.0,57.33400000000001,5.450000000000001,29.333,0.04321511106713067,0.17897505512104198,1.2965151108503619,0.1150579244177509,0.1636418321928228,0.9620528956614378,"[{""action_gains"":{""increase_gac_work_mem"":0.0698044793371713,""mitigate_remote_path_bundle"":0.5693747863972122,""regional_topk_candidates"":0.0315669702360576},""distance"":0.11608939279270022,""episode_id"":""reference::fuzzy-memory-topk-panel-v1::fuzzy_topk_memory_severe::raw-small-balanced-v1::{\""cutoff_ts\"":\""2026-06-29 00:00:00+00\"",\""limit_k\"":100}"",""normalized_sql_hash"":""nan"",""query_id"":""fuzzy-memory-topk-panel-v1::fuzzy_topk_memory_severe::raw-small-balanced-v1::{\""cutoff_ts\"":\""2026-06-29 00:00:00+00\"",\""limit_k\"":100}"",""topology_id"":""eu_us_gac"",""weight"":8.613977228810617},{""action_gains"":{""increase_gac_work_mem"":0.0044125939297464,""mitigate_remote_path_bundle"":2.703776598899469,""regional_topk_candidates"":0.2612314581242365},""distance"":0.3091521997794818,""episode_id"":""reference::fuzzy-memory-topk-panel-v1::fuzzy_topk_transport_severe::raw-small-balanced-v1::{\""cutoff_ts\"":\""2026-06-29 00:00:00+00\"",\""limit_k\"":100}"",""normalized_sql_hash"":""nan"",""query_id"":""fuzzy-memory-topk-panel-v1::fuzzy_topk_transport_severe::raw-small-balanced-v1::{\""cutoff_ts\"":\""2026-06-29 00:00:00+00\"",\""limit_k\"":100}"",""topology_id"":""eu_us_gac"",""weight"":3.234642244406002},{""action_gains"":{""increase_gac_work_mem"":0.0086254015965442,""mitigate_remote_path_bundle"":0.9391484986059694,""regional_topk_candidates"":0.3098490437160227},""distance"":0.4076848812480775,""episode_id"":""reference::fuzzy-memory-topk-panel-v1::fuzzy_topk_memory_severe::raw-small-balanced-v1::{\""cutoff_ts\"":\""2026-06-24 00:00:00+00\"",\""limit_k\"":100}"",""normalized_sql_hash"":""nan"",""query_id"":""fuzzy-memory-topk-panel-v1::fuzzy_topk_memory_severe::raw-small-balanced-v1::{\""cutoff_ts\"":\""2026-06-24 00:00:00+00\"",\""limit_k\"":100}"",""topology_id"":""eu_us_gac"",""weight"":2.452868853193124},{""action_gains"":{""increase_gac_work_mem"":0.0558843856774697,""mitigate_remote_path_bundle"":1.990176655943472,""regional_topk_candidates"":0.44208027974939},""distance"":0.4416977059722676,""episode_id"":""reference::fuzzy-memory-topk-panel-v1::fuzzy_topk_balanced::raw-small-balanced-v1::{\""cutoff_ts\"":\""2026-06-24 00:00:00+00\"",\""limit_k\"":100}"",""normalized_sql_hash"":""nan"",""query_id"":""fuzzy-memory-topk-panel-v1::fuzzy_topk_balanced::raw-small-balanced-v1::{\""cutoff_ts\"":\""2026-06-24 00:00:00+00\"",\""limit_k\"":100}"",""topology_id"":""eu_us_gac"",""weight"":2.2639867096707906},{""action_gains"":{""increase_gac_work_mem"":0.0157288694887206,""mitigate_remote_path_bundle"":1.88707770205566,""regional_topk_candidates"":0.229469143231732},""distance"":0.5802815081907816,""episode_id"":""reference::fuzzy-memory-topk-panel-v1::fuzzy_topk_balanced::raw-small-balanced-v1::{\""cutoff_ts\"":\""2026-06-29 00:00:00+00\"",\""limit_k\"":100}"",""normalized_sql_hash"":""nan"",""query_id"":""fuzzy-memory-topk-panel-v1::fuzzy_topk_balanced::raw-small-balanced-v1::{\""cutoff_ts\"":\""2026-06-29 00:00:00+00\"",\""limit_k\"":100}"",""topology_id"":""eu_us_gac"",""weight"":1.72329854146013}]",0.15051765000143832,1.0
coordinator_physical,warm_start_cross_query,3,q02_event_value_asc::run-2,q02_event_value_asc,5456d57953fe990f1580484e462a435d7cf573381f761e43b638485f128031d7,event_value_asc,2,2,eu_us_gac,2,raw-small-balanced-v1,memory,"[""increase_gac_work_mem"",""regional_topk_candidates"",""mitigate_remote_path_bundle""]",explicit_panel_contract_and_result_equivalence,0.359615,28,27,1,0.35715241603432324,0.7712676406493916,euclidean,available,mitigate_remote_path_bundle,mitigate_remote_path_bundle,mitigate_remote_path_bundle,True,0.0,True,0.0,2685.0,19.0,193320.0,57.120000000000005,5.43,30.612,0.014940170068999678,0.006913496461325396,1.6181662235929037,-0.0663499323728781,0.0124944675739018,0.8193133052714852,"[{""action_gains"":{""increase_gac_work_mem"":-0.015044477780739,""mitigate_remote_path_bundle"":0.9739774093355236,""regional_topk_candidates"":-0.0135301914052389},""distance"":0.35715241603432324,""episode_id"":""reference::fuzzy-memory-topk-panel-v1::fuzzy_topk_memory_severe::raw-small-balanced-v1::{\""cutoff_ts\"":\""2026-06-29 00:00:00+00\"",\""limit_k\"":10000}"",""normalized_sql_hash"":""nan"",""query_id"":""fuzzy-memory-topk-panel-v1::fuzzy_topk_memory_severe::raw-small-balanced-v1::{\""cutoff_ts\"":\""2026-06-29 00:00:00+00\"",\""limit_k\"":10000}"",""topology_id"":""eu_us_gac"",""weight"":2.799917220738266},{""action_gains"":{""increase_gac_work_mem"":0.0324494079589184,""mitigate_remote_path_bundle"":2.7184080026917017,""regional_topk_candidates"":0.0163455941021423},""distance"":0.46977907715976,""episode_id"":""reference::fuzzy-memory-topk-panel-v1::fuzzy_topk_transport_severe::raw-small-balanced-v1::{\""cutoff_ts\"":\""2026-06-29 00:00:00+00\"",\""limit_k\"":10000}"",""normalized_sql_hash"":""nan"",""query_id"":""fuzzy-memory-topk-panel-v1::fuzzy_topk_transport_severe::raw-small-balanced-v1::{\""cutoff_ts\"":\""2026-06-29 00:00:00+00\"",\""limit_k\"":10000}"",""topology_id"":""eu_us_gac"",""weight"":2.128655616998262},{""action_gains"":{""increase_gac_work_mem"":0.0150523391068186,""mitigate_remote_path_bundle"":1.8226091557332909,""regional_topk_candidates"":0.005319769899148},""distance"":0.6655561789745622,""episode_id"":""reference::fuzzy-memory-topk-panel-v1::fuzzy_topk_balanced::raw-small-balanced-v1::{\""cutoff_ts\"":\""2026-06-29 00:00:00+00\"",\""limit_k\"":10000}"",""normalized_sql_hash"":""nan"",""query_id"":""fuzzy-memory-topk-panel-v1::fuzzy_topk_balanced::raw-small-balanced-v1::{\""cutoff_ts\"":\""2026-06-29 00:00:00+00\"",\""limit_k\"":10000}"",""topology_id"":""eu_us_gac"",""weight"":1.5025005087327294},{""action_gains"":{""increase_gac_work_mem"":0.0698044793371713,""mitigate_remote_path_bundle"":0.5693747863972122,""regional_topk_candidates"":0.0315669702360576},""distance"":0.9436427217348039,""episode_id"":""reference::fuzzy-memory-topk-panel-v1::fuzzy_topk_memory_severe::raw-small-balanced-v1::{\""cutoff_ts\"":\""2026-06-29 00:00:00+00\"",\""limit_k\"":100}"",""normalized_sql_hash"":""nan"",""query_id"":""fuzzy-memory-topk-panel-v1::fuzzy_topk_memory_severe::raw-small-balanced-v1::{\""cutoff_ts\"":\""2026-06-29 00:00:00+00\"",\""limit_k\"":100}"",""topology_id"":""eu_us_gac"",""weight"":1.0597219871940546},{""action_gains"":{""increase_gac_work_mem"":0.0038033844690445,""mitigate_remote_path_bundle"":1.872867747284601,""regional_topk_candidates"":0.0197799321236082},""distance"":0.9579151625508535,""episode_id"":""reference::fuzzy-memory-topk-panel-v1::fuzzy_topk_balanced::raw-small-balanced-v1::{\""cutoff_ts\"":\""2026-06-24 00:00:00+00\"",\""limit_k\"":10000}"",""normalized_sql_hash"":""nan"",""query_id"":""fuzzy-memory-topk-panel-v1::fuzzy_topk_balanced::raw-small-balanced-v1::{\""cutoff_ts\"":\""2026-06-24 00:00:00+00\"",\""limit_k\"":10000}"",""topology_id"":""eu_us_gac"",""weight"":1.0439326937934532}]",0.4630719573993902,1.0
coordinator_physical,warm_start_cross_query,4,q03_event_recent::run-1,q03_event_recent,76893bdca8771bf15968c663228c2bb3475ab41d7df033a16ad555cc74a679a3,event_recent,1,3,eu_us_gac,2,raw-small-balanced-v1,balanced,"[""increase_gac_work_mem"",""regional_topk_candidates"",""mitigate_remote_path_bundle""]",explicit_panel_contract_and_result_equivalence,0.95238,29,29,0,0.49312070069118896,0.7712676406493916,euclidean,available,mitigate_remote_path_bundle,mitigate_remote_path_bundle,mitigate_remote_path_bundle,True,0.0,True,0.0,9176.0,64.0,660672.0,340.35900000000004,15.475,20.161,0.0327006574805971,0.39691404555234283,1.9477341975853348,0.0074479246782218,0.0486212889871827,2.074180777894477,"[{""action_gains"":{""increase_gac_work_mem"":0.0558843856774697,""mitigate_remote_path_bundle"":1.990176655943472,""regional_topk_candidates"":0.44208027974939},""distance"":0.49312070069118896,""episode_id"":""reference::fuzzy-memory-topk-panel-v1::fuzzy_topk_balanced::raw-small-balanced-v1::{\""cutoff_ts\"":\""2026-06-24 00:00:00+00\"",\""limit_k\"":100}"",""normalized_sql_hash"":""nan"",""query_id"":""fuzzy-memory-topk-panel-v1::fuzzy_topk_balanced::raw-small-balanced-v1::{\""cutoff_ts\"":\""2026-06-24 00:00:00+00\"",\""limit_k\"":100}"",""topology_id"":""eu_us_gac"",""weight"":2.027896964579616},{""action_gains"":{""increase_gac_work_mem"":0.0086254015965442,""mitigate_remote_path_bundle"":0.9391484986059694,""regional_topk_candidates"":0.3098490437160227},""distance"":0.5290031740180352,""episode_id"":""reference::fuzzy-memory-topk-panel-v1::fuzzy_topk_memory_severe::raw-small-balanced-v1::{\""cutoff_ts\"":\""2026-06-24 00:00:00+00\"",\""limit_k\"":100}"",""normalized_sql_hash"":""nan"",""query_id"":""fuzzy-memory-topk-panel-v1::fuzzy_topk_memory_severe::raw-small-balanced-v1::{\""cutoff_ts\"":\""2026-06-24 00:00:00+00\"",\""limit_k\"":100}"",""topology_id"":""eu_us_gac"",""weight"":1.890344252682413},{""action_gains"":{""increase_gac_work_mem"":-0.0190705540866633,""mitigate_remote_path_bundle"":3.203301466828472,""regional_topk_candidates"":0.7633310432797628},""distance"":0.5482450736322826,""episode_id"":""reference::fuzzy-memory-topk-panel-v1::fuzzy_topk_transport_severe::raw-small-balanced-v1::{\""cutoff_ts\"":\""2026-06-24 00:00:00+00\"",\""limit_k\"":100}"",""normalized_sql_hash"":""nan"",""query_id"":""fuzzy-memory-topk-panel-v1::fuzzy_topk_transport_severe::raw-small-balanced-v1::{\""cutoff_ts\"":\""2026-06-24 00:00:00+00\"",\""limit_k\"":100}"",""topology_id"":""eu_us_gac"",""weight"":1.8239984709324448},{""action_gains"":{""increase_gac_work_mem"":0.1150579244177509,""mitigate_remote_path_bundle"":0.9620528956614378,""regional_topk_candidates"":0.1636418321928228},""distance"":0.6035061520763243,""episode_id"":""q02_event_value_asc::run-1"",""normalized_sql_hash"":""5456d57953fe990f1580484e462a435d7cf573381f761e43b638485f128031d7"",""query_id"":""q02_event_value_asc"",""topology_id"":""eu_us_gac"",""weight"":1.6569811916222859},{""action_gains"":{""increase_gac_work_mem"":0.0044125939297464,""mitigate_remote_path_bundle"":2.703776598899469,""regional_topk_candidates"":0.2612314581242365},""distance"":0.649738862083927,""episode_id"":""reference::fuzzy-memory-topk-panel-v1::fuzzy_topk_transport_severe::raw-small-balanced-v1::{\""cutoff_ts\"":\""2026-06-29 00:00:00+00\"",\""limit_k\"":100}"",""normalized_sql_hash"":""nan"",""query_id"":""fuzzy-memory-topk-panel-v1::fuzzy_topk_transport_severe::raw-small-balanced-v1::{\""cutoff_ts\"":\""2026-06-29 00:00:00+00\"",\""limit_k\"":100}"",""topology_id"":""eu_us_gac"",""weight"":1.5390774960192144}]",0.6393639181801941,1.0
coordinator_physical,warm_start_cross_query,5,q03_event_recent::run-2,q03_event_recent,76893bdca8771bf15968c663228c2bb3475ab41d7df033a16ad555cc74a679a3,event_recent,2,3,eu_us_gac,2,raw-small-balanced-v1,balanced,"[""increase_gac_work_mem"",""regional_topk_candidates"",""mitigate_remote_path_bundle""]",explicit_panel_contract_and_result_equivalence,0.914675,30,29,1,0.45985831163692636,0.7712676406493916,euclidean,available,mitigate_remote_path_bundle,mitigate_remote_path_bundle,mitigate_remote_path_bundle,True,0.0,True,0.0,9176.0,64.0,660672.0,343.79200000000003,15.45,22.222,-0.008148296380744392,0.010223260314037533,1.5230817690619989,-0.1048447833628063,-0.0141682721267147,1.9117449342238144,"[{""action_gains"":{""increase_gac_work_mem"":0.0324494079589184,""mitigate_remote_path_bundle"":2.7184080026917017,""regional_topk_candidates"":0.0163455941021423},""distance"":0.45985831163692636,""episode_id"":""reference::fuzzy-memory-topk-panel-v1::fuzzy_topk_transport_severe::raw-small-balanced-v1::{\""cutoff_ts\"":\""2026-06-29 00:00:00+00\"",\""limit_k\"":10000}"",""normalized_sql_hash"":""nan"",""query_id"":""fuzzy-memory-topk-panel-v1::fuzzy_topk_transport_severe::raw-small-balanced-v1::{\""cutoff_ts\"":\""2026-06-29 00:00:00+00\"",\""limit_k\"":10000}"",""topology_id"":""eu_us_gac"",""weight"":2.1745781257323586},{""action_gains"":{""increase_gac_work_mem"":-0.0663499323728781,""mitigate_remote_path_bundle"":0.8193133052714852,""regional_topk_candidates"":0.0124944675739018},""distance"":0.5054113295210305,""episode_id"":""q02_event_value_asc::run-2"",""normalized_sql_hash"":""5456d57953fe990f1580484e462a435d7cf573381f761e43b638485f128031d7"",""query_id"":""q02_event_value_asc"",""topology_id"":""eu_us_gac"",""weight"":1.9785825188469},{""action_gains"":{""increase_gac_work_mem"":-0.015044477780739,""mitigate_remote_path_bundle"":0.9739774093355236,""regional_topk_candidates"":-0.0135301914052389},""distance"":0.5135031651927265,""episode_id"":""reference::fuzzy-memory-topk-panel-v1::fuzzy_topk_memory_severe::raw-small-balanced-v1::{\""cutoff_ts\"":\""2026-06-29 00:00:00+00\"",\""limit_k\"":10000}"",""normalized_sql_hash"":""nan"",""query_id"":""fuzzy-memory-topk-panel-v1::fuzzy_topk_memory_severe::raw-small-balanced-v1::{\""cutoff_ts\"":\""2026-06-29 00:00:00+00\"",\""limit_k\"":10000}"",""topology_id"":""eu_us_gac"",""weight"":1.9474038728092566},{""action_gains"":{""increase_gac_work_mem"":0.0038033844690445,""mitigate_remote_path_bundle"":1.872867747284601,""regional_topk_candidates"":0.0197799321236082},""distance"":0.7220327891022797,""episode_id"":""reference::fuzzy-memory-topk-panel-v1::fuzzy_topk_balanced::raw-small-balanced-v1::{\""cutoff_ts\"":\""2026-06-24 00:00:00+00\"",\""limit_k\"":10000}"",""normalized_sql_hash"":""nan"",""query_id"":""fuzzy-memory-topk-panel-v1::fuzzy_topk_balanced::raw-small-balanced-v1::{\""cutoff_ts\"":\""2026-06-24 00:00:00+00\"",\""limit_k\"":10000}"",""topology_id"":""eu_us_gac"",""weight"":1.3849767352900777},{""action_gains"":{""increase_gac_work_mem"":0.0101926057030704,""mitigate_remote_path_bundle"":1.0427700797437711,""regional_topk_candidates"":0.0219723083596032},""distance"":0.7722244177330883,""episode_id"":""reference::fuzzy-memory-topk-panel-v1::fuzzy_topk_memory_severe::raw-small-balanced-v1::{\""cutoff_ts\"":\""2026-06-24 00:00:00+00\"",\""limit_k\"":10000}"",""normalized_sql_hash"":""nan"",""query_id"":""fuzzy-memory-topk-panel-v1::fuzzy_topk_memory_severe::raw-small-balanced-v1::{\""cutoff_ts\"":\""2026-06-24 00:00:00+00\"",\""limit_k\"":10000}"",""topology_id"":""eu_us_gac"",""weight"":1.2949586701452498}]",0.5962370095674376,1.0
coordinator_physical,warm_start_cross_query,6,q03_event_recent::run-3,q03_event_recent,76893bdca8771bf15968c663228c2bb3475ab41d7df033a16ad555cc74a679a3,event_recent,3,3,eu_us_gac,2,raw-small-balanced-v1,balanced,"[""increase_gac_work_mem"",""regional_topk_candidates"",""mitigate_remote_path_bundle""]",explicit_panel_contract_and_result_equivalence,0.909577,31,29,2,0.440724138381081,0.7712676406493916,euclidean,available,mitigate_remote_path_bundle,mitigate_remote_path_bundle,mitigate_remote_path_bundle,True,0.0,True,0.0,9176.0,64.0,660672.0,339.317,15.425,20.792,-0.008308056728556402,0.010141088080797923,1.526233289483927,-0.0002791294905142,-0.0585418455250905,1.9700639210944435,"[{""action_gains"":{""increase_gac_work_mem"":0.0324494079589184,""mitigate_remote_path_bundle"":2.7184080026917017,""regional_topk_candidates"":0.0163455941021423},""distance"":0.440724138381081,""episode_id"":""reference::fuzzy-memory-topk-panel-v1::fuzzy_topk_transport_severe::raw-small-balanced-v1::{\""cutoff_ts\"":\""2026-06-29 00:00:00+00\"",\""limit_k\"":10000}"",""normalized_sql_hash"":""nan"",""query_id"":""fuzzy-memory-topk-panel-v1::fuzzy_topk_transport_severe::raw-small-balanced-v1::{\""cutoff_ts\"":\""2026-06-29 00:00:00+00\"",\""limit_k\"":10000}"",""topology_id"":""eu_us_gac"",""weight"":2.2689878859039165},{""action_gains"":{""increase_gac_work_mem"":-0.0663499323728781,""mitigate_remote_path_bundle"":0.8193133052714852,""regional_topk_candidates"":0.0124944675739018},""distance"":0.4853834015748188,""episode_id"":""q02_event_value_asc::run-2"",""normalized_sql_hash"":""5456d57953fe990f1580484e462a435d7cf573381f761e43b638485f128031d7"",""query_id"":""q02_event_value_asc"",""topology_id"":""eu_us_gac"",""weight"":2.0602227775666515},{""action_gains"":{""increase_gac_work_mem"":-0.015044477780739,""mitigate_remote_path_bundle"":0.9739774093355236,""regional_topk_candidates"":-0.0135301914052389},""distance"":0.4978808998391833,""episode_id"":""reference::fuzzy-memory-topk-panel-v1::fuzzy_topk_memory_severe::raw-small-balanced-v1::{\""cutoff_ts\"":\""2026-06-29 00:00:00+00\"",\""limit_k\"":10000}"",""normalized_sql_hash"":""nan"",""query_id"":""fuzzy-memory-topk-panel-v1::fuzzy_topk_memory_severe::raw-small-balanced-v1::{\""cutoff_ts\"":\""2026-06-29 00:00:00+00\"",\""limit_k\"":10000}"",""topology_id"":""eu_us_gac"",""weight"":2.0085084441169716},{""action_gains"":{""increase_gac_work_mem"":0.0038033844690445,""mitigate_remote_path_bundle"":1.872867747284601,""regional_topk_candidates"":0.0197799321236082},""distance"":0.7189397637159247,""episode_id"":""reference::fuzzy-memory-topk-panel-v1::fuzzy_topk_balanced::raw-small-balanced-v1::{\""cutoff_ts\"":\""2026-06-24 00:00:00+00\"",\""limit_k\"":10000}"",""normalized_sql_hash"":""nan"",""query_id"":""fuzzy-memory-topk-panel-v1::fuzzy_topk_balanced::raw-small-balanced-v1::{\""cutoff_ts\"":\""2026-06-24 00:00:00+00\"",\""limit_k\"":10000}"",""topology_id"":""eu_us_gac"",""weight"":1.3909351791813689},{""action_gains"":{""increase_gac_work_mem"":0.0101926057030704,""mitigate_remote_path_bundle"":1.0427700797437711,""regional_topk_candidates"":0.0219723083596032},""distance"":0.7778302897775166,""episode_id"":""reference::fuzzy-memory-topk-panel-v1::fuzzy_topk_memory_severe::raw-small-balanced-v1::{\""cutoff_ts\"":\""2026-06-24 00:00:00+00\"",\""limit_k\"":10000}"",""normalized_sql_hash"":""nan"",""query_id"":""fuzzy-memory-topk-panel-v1::fuzzy_topk_memory_severe::raw-small-balanced-v1::{\""cutoff_ts\"":\""2026-06-24 00:00:00+00\"",\""limit_k\"":10000}"",""topology_id"":""eu_us_gac"",""weight"":1.2856258331881074}]",0.5714282761947594,1.0
coordinator_physical,warm_start_cross_query,7,q04_event_oldest::run-1,q04_event_oldest,7ac514d1b6aff5b67e0ed359f81f5121c7bf970bcc0b492f338fd0abac46c36e,event_oldest,1,4,eu_us_gac,2,raw-small-balanced-v1,transport,"[""increase_gac_work_mem"",""regional_topk_candidates"",""mitigate_remote_path_bundle""]",explicit_panel_contract_and_result_equivalence,2.74348,32,32,0,0.5308191353666086,0.7712676406493916,euclidean,available,mitigate_remote_path_bundle,mitigate_remote_path_bundle,mitigate_remote_path_bundle,True,0.0,True,0.0,18139.0,128.0,1306008.0,1757.7800000000002,30.475,10.561,-0.019893558591135636,0.11846894301280517,2.290506017624876,0.0094718463899962,-0.0141705521924664,3.308023136004272,"[{""action_gains"":{""increase_gac_work_mem"":0.0074479246782218,""mitigate_remote_path_bundle"":2.074180777894477,""regional_topk_candidates"":0.0486212889871827},""distance"":0.5308191353666086,""episode_id"":""q03_event_recent::run-1"",""normalized_sql_hash"":""76893bdca8771bf15968c663228c2bb3475ab41d7df033a16ad555cc74a679a3"",""query_id"":""q03_event_recent"",""topology_id"":""eu_us_gac"",""weight"":1.8838772935946642},{""action_gains"":{""increase_gac_work_mem"":-0.0002791294905142,""mitigate_remote_path_bundle"":1.9700639210944435,""regional_topk_candidates"":-0.0585418455250905},""distance"":0.5654017104246515,""episode_id"":""q03_event_recent::run-3"",""normalized_sql_hash"":""76893bdca8771bf15968c663228c2bb3475ab41d7df033a16ad555cc74a679a3"",""query_id"":""q03_event_recent"",""topology_id"":""eu_us_gac"",""weight"":1.7686508776177243},{""action_gains"":{""increase_gac_work_mem"":-0.1048447833628063,""mitigate_remote_path_bundle"":1.9117449342238144,""regional_topk_candidates"":-0.0141682721267147},""distance"":0.5682826407311864,""episode_id"":""q03_event_recent::run-2"",""normalized_sql_hash"":""76893bdca8771bf15968c663228c2bb3475ab41d7df033a16ad555cc74a679a3"",""query_id"":""q03_event_recent"",""topology_id"":""eu_us_gac"",""weight"":1.7596846509840447},{""action_gains"":{""increase_gac_work_mem"":-0.0190705540866633,""mitigate_remote_path_bundle"":3.203301466828472,""regional_topk_candidates"":0.7633310432797628},""distance"":0.8065387373554577,""episode_id"":""reference::fuzzy-memory-topk-panel-v1::fuzzy_topk_transport_severe::raw-small-balanced-v1::{\""cutoff_ts\"":\""2026-06-24 00:00:00+00\"",\""limit_k\"":100}"",""normalized_sql_hash"":""nan"",""query_id"":""fuzzy-memory-topk-panel-v1::fuzzy_topk_transport_severe::raw-small-balanced-v1::{\""cutoff_ts\"":\""2026-06-24 00:00:00+00\"",\""limit_k\"":100}"",""topology_id"":""eu_us_gac"",""weight"":1.2398645146473182},{""action_gains"":{""increase_gac_work_mem"":0.0324494079589184,""mitigate_remote_path_bundle"":2.7184080026917017,""regional_topk_candidates"":0.0163455941021423},""distance"":0.8406084818882404,""episode_id"":""reference::fuzzy-memory-topk-panel-v1::fuzzy_topk_transport_severe::raw-small-balanced-v1::{\""cutoff_ts\"":\""2026-06-29 00:00:00+00\"",\""limit_k\"":10000}"",""normalized_sql_hash"":""nan"",""query_id"":""fuzzy-memory-topk-panel-v1::fuzzy_topk_transport_severe::raw-small-balanced-v1::{\""cutoff_ts\"":\""2026-06-29 00:00:00+00\"",\""limit_k\"":10000}"",""topology_id"":""eu_us_gac"",""weight"":1.1896130385702104}]",0.688242456172114,1.0
coordinator_physical,warm_start_cross_query,8,q04_event_oldest::run-2,q04_event_oldest,7ac514d1b6aff5b67e0ed359f81f5121c7bf970bcc0b492f338fd0abac46c36e,event_oldest,2,4,eu_us_gac,2,raw-small-balanced-v1,transport,"[""increase_gac_work_mem"",""regional_topk_candidates"",""mitigate_remote_path_bundle""]",explicit_panel_contract_and_result_equivalence,2.744782,33,32,1,0.48591472901183613,0.7712676406493916,euclidean,available,mitigate_remote_path_bundle,mitigate_remote_path_bundle,mitigate_remote_path_bundle,True,0.0,True,0.0,18139.0,128.0,1306008.0,1762.1840000000002,30.475,10.299,-0.019348119203002962,0.27042532993224927,2.5946811985991265,0.0105978840767133,0.0442818066513621,3.3135646401821126,"[{""action_gains"":{""increase_gac_work_mem"":-0.0002791294905142,""mitigate_remote_path_bundle"":1.9700639210944435,""regional_topk_candidates"":-0.0585418455250905},""distance"":0.48591472901183613,""episode_id"":""q03_event_recent::run-3"",""normalized_sql_hash"":""76893bdca8771bf15968c663228c2bb3475ab41d7df033a16ad555cc74a679a3"",""query_id"":""q03_event_recent"",""topology_id"":""eu_us_gac"",""weight"":2.057970014746408},{""action_gains"":{""increase_gac_work_mem"":-0.1048447833628063,""mitigate_remote_path_bundle"":1.9117449342238144,""regional_topk_candidates"":-0.0141682721267147},""distance"":0.48824653751049624,""episode_id"":""q03_event_recent::run-2"",""normalized_sql_hash"":""76893bdca8771bf15968c663228c2bb3475ab41d7df033a16ad555cc74a679a3"",""query_id"":""q03_event_recent"",""topology_id"":""eu_us_gac"",""weight"":2.0481414101929847},{""action_gains"":{""increase_gac_work_mem"":0.0106406666902462,""mitigate_remote_path_bundle"":3.733324190801565,""regional_topk_candidates"":1.5442528549456571},""distance"":0.6197408644797191,""episode_id"":""reference::cross-action-pilot-v1::pilot_gac_topk::raw-small-balanced-v1::{\""cutoff_ts\"":\""2026-06-01 00:00:00+00\"",\""limit_k\"":5000}"",""normalized_sql_hash"":""nan"",""query_id"":""cross-action-pilot-v1::pilot_gac_topk::raw-small-balanced-v1::{\""cutoff_ts\"":\""2026-06-01 00:00:00+00\"",\""limit_k\"":5000}"",""topology_id"":""eu_us_gac"",""weight"":1.6135750339207957},{""action_gains"":{""increase_gac_work_mem"":0.0324494079589184,""mitigate_remote_path_bundle"":2.7184080026917017,""regional_topk_candidates"":0.0163455941021423},""distance"":0.6760984279275217,""episode_id"":""reference::fuzzy-memory-topk-panel-v1::fuzzy_topk_transport_severe::raw-small-balanced-v1::{\""cutoff_ts\"":\""2026-06-29 00:00:00+00\"",\""limit_k\"":10000}"",""normalized_sql_hash"":""nan"",""query_id"":""fuzzy-memory-topk-panel-v1::fuzzy_topk_transport_severe::raw-small-balanced-v1::{\""cutoff_ts\"":\""2026-06-29 00:00:00+00\"",\""limit_k\"":10000}"",""topology_id"":""eu_us_gac"",""weight"":1.4790723948182376},{""action_gains"":{""increase_gac_work_mem"":-0.0118498816152615,""mitigate_remote_path_bundle"":3.052887007483651,""regional_topk_candidates"":-0.0192520534769867},""distance"":0.6901647931566566,""episode_id"":""reference::fuzzy-memory-topk-panel-v1::fuzzy_topk_transport_severe::raw-small-balanced-v1::{\""cutoff_ts\"":\""2026-06-24 00:00:00+00\"",\""limit_k\"":10000}"",""normalized_sql_hash"":""nan"",""query_id"":""fuzzy-memory-topk-panel-v1::fuzzy_topk_transport_severe::raw-small-balanced-v1::{\""cutoff_ts\"":\""2026-06-24 00:00:00+00\"",\""limit_k\"":10000}"",""topology_id"":""eu_us_gac"",""weight"":1.4489272141788343}]",0.630020894695784,1.0
coordinator_physical,warm_start_cross_query,9,q04_event_oldest::run-3,q04_event_oldest,7ac514d1b6aff5b67e0ed359f81f5121c7bf970bcc0b492f338fd0abac46c36e,event_oldest,3,4,eu_us_gac,2,raw-small-balanced-v1,transport,"[""increase_gac_work_mem"",""regional_topk_candidates"",""mitigate_remote_path_bundle""]",explicit_panel_contract_and_result_equivalence,2.74473,34,32,2,0.4901435310357139,0.7712676406493916,euclidean,available,mitigate_remote_path_bundle,mitigate_remote_path_bundle,mitigate_remote_path_bundle,True,0.0,True,0.0,18139.0,128.0,1306008.0,1762.053,30.5,9.365,-0.019146583646866677,0.2718933872660268,2.597943682379072,0.009230508233768,0.0366362612175297,3.408545258460241,"[{""action_gains"":{""increase_gac_work_mem"":-0.0002791294905142,""mitigate_remote_path_bundle"":1.9700639210944435,""regional_topk_candidates"":-0.0585418455250905},""distance"":0.4901435310357139,""episode_id"":""q03_event_recent::run-3"",""normalized_sql_hash"":""76893bdca8771bf15968c663228c2bb3475ab41d7df033a16ad555cc74a679a3"",""query_id"":""q03_event_recent"",""topology_id"":""eu_us_gac"",""weight"":2.0402145422023206},{""action_gains"":{""increase_gac_work_mem"":-0.1048447833628063,""mitigate_remote_path_bundle"":1.9117449342238144,""regional_topk_candidates"":-0.0141682721267147},""distance"":0.49381054870898955,""episode_id"":""q03_event_recent::run-2"",""normalized_sql_hash"":""76893bdca8771bf15968c663228c2bb3475ab41d7df033a16ad555cc74a679a3"",""query_id"":""q03_event_recent"",""topology_id"":""eu_us_gac"",""weight"":2.025064020099123},{""action_gains"":{""increase_gac_work_mem"":0.0106406666902462,""mitigate_remote_path_bundle"":3.733324190801565,""regional_topk_candidates"":1.5442528549456571},""distance"":0.6194958676705392,""episode_id"":""reference::cross-action-pilot-v1::pilot_gac_topk::raw-small-balanced-v1::{\""cutoff_ts\"":\""2026-06-01 00:00:00+00\"",\""limit_k\"":5000}"",""normalized_sql_hash"":""nan"",""query_id"":""cross-action-pilot-v1::pilot_gac_topk::raw-small-balanced-v1::{\""cutoff_ts\"":\""2026-06-01 00:00:00+00\"",\""limit_k\"":5000}"",""topology_id"":""eu_us_gac"",""weight"":1.6142131658554566},{""action_gains"":{""increase_gac_work_mem"":0.0324494079589184,""mitigate_remote_path_bundle"":2.7184080026917017,""regional_topk_candidates"":0.0163455941021423},""distance"":0.6754269462826828,""episode_id"":""reference::fuzzy-memory-topk-panel-v1::fuzzy_topk_transport_severe::raw-small-balanced-v1::{\""cutoff_ts\"":\""2026-06-29 00:00:00+00\"",\""limit_k\"":10000}"",""normalized_sql_hash"":""nan"",""query_id"":""fuzzy-memory-topk-panel-v1::fuzzy_topk_transport_severe::raw-small-balanced-v1::{\""cutoff_ts\"":\""2026-06-29 00:00:00+00\"",\""limit_k\"":10000}"",""topology_id"":""eu_us_gac"",""weight"":1.4805428254836763},{""action_gains"":{""increase_gac_work_mem"":-0.0118498816152615,""mitigate_remote_path_bundle"":3.052887007483651,""regional_topk_candidates"":-0.0192520534769867},""distance"":0.6898222773445798,""episode_id"":""reference::fuzzy-memory-topk-panel-v1::fuzzy_topk_transport_severe::raw-small-balanced-v1::{\""cutoff_ts\"":\""2026-06-24 00:00:00+00\"",\""limit_k\"":10000}"",""normalized_sql_hash"":""nan"",""query_id"":""fuzzy-memory-topk-panel-v1::fuzzy_topk_transport_severe::raw-small-balanced-v1::{\""cutoff_ts\"":\""2026-06-24 00:00:00+00\"",\""limit_k\"":10000}"",""topology_id"":""eu_us_gac"",""weight"":1.4496466455139365}]",0.6355038189117115,1.0
coordinator_physical,warm_start_cross_query,10,q04_event_oldest::run-4,q04_event_oldest,7ac514d1b6aff5b67e0ed359f81f5121c7bf970bcc0b492f338fd0abac46c36e,event_oldest,4,4,eu_us_gac,2,raw-small-balanced-v1,transport,"[""increase_gac_work_mem"",""regional_topk_candidates"",""mitigate_remote_path_bundle""]",explicit_panel_contract_and_result_equivalence,2.761324,35,32,3,0.4932575088001967,0.7712676406493916,euclidean,available,mitigate_remote_path_bundle,mitigate_remote_path_bundle,mitigate_remote_path_bundle,True,0.0,True,0.0,18139.0,128.0,1306008.0,1759.27,30.475,8.696,-0.01903765112846981,0.27318973292718235,2.6001736068052237,0.0137676500397462,0.0523781778984862,3.288965909245521,"[{""action_gains"":{""increase_gac_work_mem"":-0.0002791294905142,""mitigate_remote_path_bundle"":1.9700639210944435,""regional_topk_candidates"":-0.0585418455250905},""distance"":0.4932575088001967,""episode_id"":""q03_event_recent::run-3"",""normalized_sql_hash"":""76893bdca8771bf15968c663228c2bb3475ab41d7df033a16ad555cc74a679a3"",""query_id"":""q03_event_recent"",""topology_id"":""eu_us_gac"",""weight"":2.02733451559184},{""action_gains"":{""increase_gac_work_mem"":-0.1048447833628063,""mitigate_remote_path_bundle"":1.9117449342238144,""regional_topk_candidates"":-0.0141682721267147},""distance"":0.4973343716724859,""episode_id"":""q03_event_recent::run-2"",""normalized_sql_hash"":""76893bdca8771bf15968c663228c2bb3475ab41d7df033a16ad555cc74a679a3"",""query_id"":""q03_event_recent"",""topology_id"":""eu_us_gac"",""weight"":2.010715619597107},{""action_gains"":{""increase_gac_work_mem"":0.0106406666902462,""mitigate_remote_path_bundle"":3.733324190801565,""regional_topk_candidates"":1.5442528549456571},""distance"":0.6188799572722565,""episode_id"":""reference::cross-action-pilot-v1::pilot_gac_topk::raw-small-balanced-v1::{\""cutoff_ts\"":\""2026-06-01 00:00:00+00\"",\""limit_k\"":5000}"",""normalized_sql_hash"":""nan"",""query_id"":""cross-action-pilot-v1::pilot_gac_topk::raw-small-balanced-v1::{\""cutoff_ts\"":\""2026-06-01 00:00:00+00\"",\""limit_k\"":5000}"",""topology_id"":""eu_us_gac"",""weight"":1.615819630979666},{""action_gains"":{""increase_gac_work_mem"":0.0324494079589184,""mitigate_remote_path_bundle"":2.7184080026917017,""regional_topk_candidates"":0.0163455941021423},""distance"":0.6762520971194904,""episode_id"":""reference::fuzzy-memory-topk-panel-v1::fuzzy_topk_transport_severe::raw-small-balanced-v1::{\""cutoff_ts\"":\""2026-06-29 00:00:00+00\"",\""limit_k\"":10000}"",""normalized_sql_hash"":""nan"",""query_id"":""fuzzy-memory-topk-panel-v1::fuzzy_topk_transport_severe::raw-small-balanced-v1::{\""cutoff_ts\"":\""2026-06-29 00:00:00+00\"",\""limit_k\"":10000}"",""topology_id"":""eu_us_gac"",""weight"":1.4787362960103458},{""action_gains"":{""increase_gac_work_mem"":-0.0118498816152615,""mitigate_remote_path_bundle"":3.052887007483651,""regional_topk_candidates"":-0.0192520534769867},""distance"":0.6902445755615655,""episode_id"":""reference::fuzzy-memory-topk-panel-v1::fuzzy_topk_transport_severe::raw-small-balanced-v1::{\""cutoff_ts\"":\""2026-06-24 00:00:00+00\"",\""limit_k\"":10000}"",""normalized_sql_hash"":""nan"",""query_id"":""fuzzy-memory-topk-panel-v1::fuzzy_topk_transport_severe::raw-small-balanced-v1::{\""cutoff_ts\"":\""2026-06-24 00:00:00+00\"",\""limit_k\"":10000}"",""topology_id"":""eu_us_gac"",""weight"":1.4487597391499778}]",0.6395412990293279,1.0
coordinator_physical,warm_start_cross_query,11,q05_event_deviation::run-1,q05_event_deviation,bd5d33dbf428b5dfe5fde653651a56bf4036327ea0a4ea3cb42a933b2a2200b1,event_deviation,1,5,eu_us_gac,2,raw-large-balanced-v1,memory,"[""increase_gac_work_mem"",""regional_topk_candidates"",""mitigate_remote_path_bundle""]",explicit_panel_contract_and_result_equivalence,2.037918,36,36,0,0.26799933319434416,0.7712676406493916,euclidean,available,regional_topk_candidates,regional_topk_candidates,regional_topk_candidates,True,0.0,True,0.0,128605.0,910.0,9259560.0,1257.719,5.4825,19.737,0.018560654028275402,2.0666511409506882,1.8912703959477486,-0.2189988838292833,1.6155677957074597,1.2254340435854414,"[{""action_gains"":{""increase_gac_work_mem"":0.0274589574398124,""mitigate_remote_path_bundle"":1.3346582999179395,""regional_topk_candidates"":2.0868568298219983},""distance"":0.26799933319434416,""episode_id"":""reference::fuzzy-memory-topk-panel-v1::fuzzy_topk_memory_severe::raw-large-balanced-v1::{\""cutoff_ts\"":\""2026-06-29 00:00:00+00\"",\""limit_k\"":100}"",""normalized_sql_hash"":""nan"",""query_id"":""fuzzy-memory-topk-panel-v1::fuzzy_topk_memory_severe::raw-large-balanced-v1::{\""cutoff_ts\"":\""2026-06-29 00:00:00+00\"",\""limit_k\"":100}"",""topology_id"":""eu_us_gac"",""weight"":3.7313386445487597},{""action_gains"":{""increase_gac_work_mem"":0.0072951999589837,""mitigate_remote_path_bundle"":2.646928961962837,""regional_topk_candidates"":2.9074514602042885},""distance"":0.6167284713489211,""episode_id"":""reference::fuzzy-memory-topk-panel-v1::fuzzy_topk_balanced::raw-large-balanced-v1::{\""cutoff_ts\"":\""2026-06-29 00:00:00+00\"",\""limit_k\"":100}"",""normalized_sql_hash"":""nan"",""query_id"":""fuzzy-memory-topk-panel-v1::fuzzy_topk_balanced::raw-large-balanced-v1::{\""cutoff_ts\"":\""2026-06-29 00:00:00+00\"",\""limit_k\"":100}"",""topology_id"":""eu_us_gac"",""weight"":1.621456483687707},{""action_gains"":{""increase_gac_work_mem"":0.0078718370666349,""mitigate_remote_path_bundle"":1.4283978240698936,""regional_topk_candidates"":3.251278574713406},""distance"":0.8014182946114167,""episode_id"":""reference::fuzzy-memory-topk-panel-v1::fuzzy_topk_memory_severe::raw-large-balanced-v1::{\""cutoff_ts\"":\""2026-06-24 00:00:00+00\"",\""limit_k\"":100}"",""normalized_sql_hash"":""nan"",""query_id"":""fuzzy-memory-topk-panel-v1::fuzzy_topk_memory_severe::raw-large-balanced-v1::{\""cutoff_ts\"":\""2026-06-24 00:00:00+00\"",\""limit_k\"":100}"",""topology_id"":""eu_us_gac"",""weight"":1.2477862795715056},{""action_gains"":{""increase_gac_work_mem"":-0.0190705540866633,""mitigate_remote_path_bundle"":3.203301466828472,""regional_topk_candidates"":0.7633310432797628},""distance"":0.9848666587565047,""episode_id"":""reference::fuzzy-memory-topk-panel-v1::fuzzy_topk_transport_severe::raw-small-balanced-v1::{\""cutoff_ts\"":\""2026-06-24 00:00:00+00\"",\""limit_k\"":100}"",""normalized_sql_hash"":""nan"",""query_id"":""fuzzy-memory-topk-panel-v1::fuzzy_topk_transport_severe::raw-small-balanced-v1::{\""cutoff_ts\"":\""2026-06-24 00:00:00+00\"",\""limit_k\"":100}"",""topology_id"":""eu_us_gac"",""weight"":1.0153648473568535},{""action_gains"":{""increase_gac_work_mem"":0.0558843856774697,""mitigate_remote_path_bundle"":1.990176655943472,""regional_topk_candidates"":0.44208027974939},""distance"":1.0194771285644424,""episode_id"":""reference::fuzzy-memory-topk-panel-v1::fuzzy_topk_balanced::raw-small-balanced-v1::{\""cutoff_ts\"":\""2026-06-24 00:00:00+00\"",\""limit_k\"":100}"",""normalized_sql_hash"":""nan"",""query_id"":""fuzzy-memory-topk-panel-v1::fuzzy_topk_balanced::raw-small-balanced-v1::{\""cutoff_ts\"":\""2026-06-24 00:00:00+00\"",\""limit_k\"":100}"",""topology_id"":""eu_us_gac"",""weight"":0.9808940201670927}]",0.34747903201111124,1.0
coordinator_physical,warm_start_cross_query,12,q05_event_deviation::run-2,q05_event_deviation,bd5d33dbf428b5dfe5fde653651a56bf4036327ea0a4ea3cb42a933b2a2200b1,event_deviation,2,5,eu_us_gac,2,raw-large-balanced-v1,memory,"[""increase_gac_work_mem"",""regional_topk_candidates"",""mitigate_remote_path_bundle""]",explicit_panel_contract_and_result_equivalence,2.059002,37,36,1,0.7648685899076323,0.7712676406493916,euclidean,available,mitigate_remote_path_bundle,mitigate_remote_path_bundle,regional_topk_candidates,False,0.33902071212695417,False,0.33902071212695417,128605.0,910.0,9259560.0,1265.0099999999998,5.4825,19.457,0.010731509675151274,0.3061923626312524,3.4033466356287927,0.0183683695362655,1.5287577109536976,1.1897369988267434,"[{""action_gains"":{""increase_gac_work_mem"":0.0094718463899962,""mitigate_remote_path_bundle"":3.308023136004272,""regional_topk_candidates"":-0.0141705521924664},""distance"":0.7648685899076323,""episode_id"":""q04_event_oldest::run-1"",""normalized_sql_hash"":""7ac514d1b6aff5b67e0ed359f81f5121c7bf970bcc0b492f338fd0abac46c36e"",""query_id"":""q04_event_oldest"",""topology_id"":""eu_us_gac"",""weight"":1.3074124180054834},{""action_gains"":{""increase_gac_work_mem"":0.0105978840767133,""mitigate_remote_path_bundle"":3.3135646401821126,""regional_topk_candidates"":0.0442818066513621},""distance"":0.7848165261660878,""episode_id"":""q04_event_oldest::run-2"",""normalized_sql_hash"":""7ac514d1b6aff5b67e0ed359f81f5121c7bf970bcc0b492f338fd0abac46c36e"",""query_id"":""q04_event_oldest"",""topology_id"":""eu_us_gac"",""weight"":1.2741815347640109},{""action_gains"":{""increase_gac_work_mem"":0.009230508233768,""mitigate_remote_path_bundle"":3.408545258460241,""regional_topk_candidates"":0.0366362612175297},""distance"":0.793122423515883,""episode_id"":""q04_event_oldest::run-3"",""normalized_sql_hash"":""7ac514d1b6aff5b67e0ed359f81f5121c7bf970bcc0b492f338fd0abac46c36e"",""query_id"":""q04_event_oldest"",""topology_id"":""eu_us_gac"",""weight"":1.2608378095392034},{""action_gains"":{""increase_gac_work_mem"":0.0137676500397462,""mitigate_remote_path_bundle"":3.288965909245521,""regional_topk_candidates"":0.0523781778984862},""distance"":0.7962112199277334,""episode_id"":""q04_event_oldest::run-4"",""normalized_sql_hash"":""7ac514d1b6aff5b67e0ed359f81f5121c7bf970bcc0b492f338fd0abac46c36e"",""query_id"":""q04_event_oldest"",""topology_id"":""eu_us_gac"",""weight"":1.2559465616977883},{""action_gains"":{""increase_gac_work_mem"":0.0106406666902462,""mitigate_remote_path_bundle"":3.733324190801565,""regional_topk_candidates"":1.5442528549456571},""distance"":0.8773022130174791,""episode_id"":""reference::cross-action-pilot-v1::pilot_gac_topk::raw-small-balanced-v1::{\""cutoff_ts\"":\""2026-06-01 00:00:00+00\"",\""limit_k\"":5000}"",""normalized_sql_hash"":""nan"",""query_id"":""cross-action-pilot-v1::pilot_gac_topk::raw-small-balanced-v1::{\""cutoff_ts\"":\""2026-06-01 00:00:00+00\"",\""limit_k\"":5000}"",""topology_id"":""eu_us_gac"",""weight"":1.1398567623621325}]",0.9917032033959425,1.0
coordinator_physical,warm_start_cross_query,13,q05_event_deviation::run-3,q05_event_deviation,bd5d33dbf428b5dfe5fde653651a56bf4036327ea0a4ea3cb42a933b2a2200b1,event_deviation,3,5,eu_us_gac,2,raw-large-balanced-v1,memory,"[""increase_gac_work_mem"",""regional_topk_candidates"",""mitigate_remote_path_bundle""]",explicit_panel_contract_and_result_equivalence,2.038112,38,36,2,0.7528707039508914,0.7712676406493916,euclidean,available,mitigate_remote_path_bundle,mitigate_remote_path_bundle,regional_topk_candidates,False,0.47532748313218987,False,0.47532748313218987,128605.0,910.0,9259560.0,1264.069,5.4625,19.383,0.01073135470138122,0.3051687789182883,3.403072156214248,-0.0316462744395453,1.5227227683950888,1.047395285262899,"[{""action_gains"":{""increase_gac_work_mem"":0.0094718463899962,""mitigate_remote_path_bundle"":3.308023136004272,""regional_topk_candidates"":-0.0141705521924664},""distance"":0.7528707039508914,""episode_id"":""q04_event_oldest::run-1"",""normalized_sql_hash"":""7ac514d1b6aff5b67e0ed359f81f5121c7bf970bcc0b492f338fd0abac46c36e"",""query_id"":""q04_event_oldest"",""topology_id"":""eu_us_gac"",""weight"":1.3282475549980668},{""action_gains"":{""increase_gac_work_mem"":0.0105978840767133,""mitigate_remote_path_bundle"":3.3135646401821126,""regional_topk_candidates"":0.0442818066513621},""distance"":0.7734410975378584,""episode_id"":""q04_event_oldest::run-2"",""normalized_sql_hash"":""7ac514d1b6aff5b67e0ed359f81f5121c7bf970bcc0b492f338fd0abac46c36e"",""query_id"":""q04_event_oldest"",""topology_id"":""eu_us_gac"",""weight"":1.2929216074265366},{""action_gains"":{""increase_gac_work_mem"":0.009230508233768,""mitigate_remote_path_bundle"":3.408545258460241,""regional_topk_candidates"":0.0366362612175297},""distance"":0.7814576333984397,""episode_id"":""q04_event_oldest::run-3"",""normalized_sql_hash"":""7ac514d1b6aff5b67e0ed359f81f5121c7bf970bcc0b492f338fd0abac46c36e"",""query_id"":""q04_event_oldest"",""topology_id"":""eu_us_gac"",""weight"":1.2796582663002372},{""action_gains"":{""increase_gac_work_mem"":0.0137676500397462,""mitigate_remote_path_bundle"":3.288965909245521,""regional_topk_candidates"":0.0523781778984862},""distance"":0.7844613271403226,""episode_id"":""q04_event_oldest::run-4"",""normalized_sql_hash"":""7ac514d1b6aff5b67e0ed359f81f5121c7bf970bcc0b492f338fd0abac46c36e"",""query_id"":""q04_event_oldest"",""topology_id"":""eu_us_gac"",""weight"":1.2747584752035168},{""action_gains"":{""increase_gac_work_mem"":0.0106406666902462,""mitigate_remote_path_bundle"":3.733324190801565,""regional_topk_candidates"":1.5442528549456571},""distance"":0.8681031775030131,""episode_id"":""reference::cross-action-pilot-v1::pilot_gac_topk::raw-small-balanced-v1::{\""cutoff_ts\"":\""2026-06-01 00:00:00+00\"",\""limit_k\"":5000}"",""normalized_sql_hash"":""nan"",""query_id"":""cross-action-pilot-v1::pilot_gac_topk::raw-small-balanced-v1::{\""cutoff_ts\"":\""2026-06-01 00:00:00+00\"",\""limit_k\"":5000}"",""topology_id"":""eu_us_gac"",""weight"":1.1519354772331216}]",0.9761471430552819,1.0
coordinator_physical,warm_start_cross_query,14,q05_event_deviation::run-4,q05_event_deviation,bd5d33dbf428b5dfe5fde653651a56bf4036327ea0a4ea3cb42a933b2a2200b1,event_deviation,4,5,eu_us_gac,2,raw-large-balanced-v1,memory,"[""increase_gac_work_mem"",""regional_topk_candidates"",""mitigate_remote_path_bundle""]",explicit_panel_contract_and_result_equivalence,2.102356,39,36,3,0.7276887459938012,0.7712676406493916,euclidean,available,mitigate_remote_path_bundle,mitigate_remote_path_bundle,regional_topk_candidates,False,0.45435941954846304,False,0.45435941954846304,128605.0,910.0,9259560.0,1253.977,5.4575000000000005,19.92,0.010730943612905445,0.30434904342134345,3.402849226182556,0.0486061304280509,1.6292173868977764,1.1748579673493134,"[{""action_gains"":{""increase_gac_work_mem"":0.0094718463899962,""mitigate_remote_path_bundle"":3.308023136004272,""regional_topk_candidates"":-0.0141705521924664},""distance"":0.7276887459938012,""episode_id"":""q04_event_oldest::run-1"",""normalized_sql_hash"":""7ac514d1b6aff5b67e0ed359f81f5121c7bf970bcc0b492f338fd0abac46c36e"",""query_id"":""q04_event_oldest"",""topology_id"":""eu_us_gac"",""weight"":1.374212025805457},{""action_gains"":{""increase_gac_work_mem"":0.0105978840767133,""mitigate_remote_path_bundle"":3.3135646401821126,""regional_topk_candidates"":0.0442818066513621},""distance"":0.7496792053091251,""episode_id"":""q04_event_oldest::run-2"",""normalized_sql_hash"":""7ac514d1b6aff5b67e0ed359f81f5121c7bf970bcc0b492f338fd0abac46c36e"",""query_id"":""q04_event_oldest"",""topology_id"":""eu_us_gac"",""weight"":1.3339020997461941},{""action_gains"":{""increase_gac_work_mem"":0.009230508233768,""mitigate_remote_path_bundle"":3.408545258460241,""regional_topk_candidates"":0.0366362612175297},""distance"":0.757037012426895,""episode_id"":""q04_event_oldest::run-3"",""normalized_sql_hash"":""7ac514d1b6aff5b67e0ed359f81f5121c7bf970bcc0b492f338fd0abac46c36e"",""query_id"":""q04_event_oldest"",""topology_id"":""eu_us_gac"",""weight"":1.3209376327011941},{""action_gains"":{""increase_gac_work_mem"":0.0137676500397462,""mitigate_remote_path_bundle"":3.288965909245521,""regional_topk_candidates"":0.0523781778984862},""distance"":0.7597914270412017,""episode_id"":""q04_event_oldest::run-4"",""normalized_sql_hash"":""7ac514d1b6aff5b67e0ed359f81f5121c7bf970bcc0b492f338fd0abac46c36e"",""query_id"":""q04_event_oldest"",""topology_id"":""eu_us_gac"",""weight"":1.3161489433294553},{""action_gains"":{""increase_gac_work_mem"":0.0106406666902462,""mitigate_remote_path_bundle"":3.733324190801565,""regional_topk_candidates"":1.5442528549456571},""distance"":0.8435393997167712,""episode_id"":""reference::cross-action-pilot-v1::pilot_gac_topk::raw-small-balanced-v1::{\""cutoff_ts\"":\""2026-06-01 00:00:00+00\"",\""limit_k\"":5000}"",""normalized_sql_hash"":""nan"",""query_id"":""cross-action-pilot-v1::pilot_gac_topk::raw-small-balanced-v1::{\""cutoff_ts\"":\""2026-06-01 00:00:00+00\"",\""limit_k\"":5000}"",""topology_id"":""eu_us_gac"",""weight"":1.1854796762973794}]",0.9434970529570023,1.0
coordinator_physical,warm_start_cross_query,15,q05_event_deviation::run-5,q05_event_deviation,bd5d33dbf428b5dfe5fde653651a56bf4036327ea0a4ea3cb42a933b2a2200b1,event_deviation,5,5,eu_us_gac,2,raw-large-balanced-v1,memory,"[""increase_gac_work_mem"",""regional_topk_candidates"",""mitigate_remote_path_bundle""]",explicit_panel_contract_and_result_equivalence,2.128587,40,36,4,0.7597631847619886,0.7712676406493916,euclidean,available,mitigate_remote_path_bundle,mitigate_remote_path_bundle,regional_topk_candidates,False,0.5116023910096268,False,0.5116023910096268,128605.0,910.0,9259560.0,1277.453,5.455,21.525,0.010731396496787554,0.30657170093591374,3.4034465899216384,0.1061461385855623,1.7019159811692757,1.1903135901596489,"[{""action_gains"":{""increase_gac_work_mem"":0.0094718463899962,""mitigate_remote_path_bundle"":3.308023136004272,""regional_topk_candidates"":-0.0141705521924664},""distance"":0.7597631847619886,""episode_id"":""q04_event_oldest::run-1"",""normalized_sql_hash"":""7ac514d1b6aff5b67e0ed359f81f5121c7bf970bcc0b492f338fd0abac46c36e"",""query_id"":""q04_event_oldest"",""topology_id"":""eu_us_gac"",""weight"":1.3161978677808694},{""action_gains"":{""increase_gac_work_mem"":0.0105978840767133,""mitigate_remote_path_bundle"":3.3135646401821126,""regional_topk_candidates"":0.0442818066513621},""distance"":0.7799742033390401,""episode_id"":""q04_event_oldest::run-2"",""normalized_sql_hash"":""7ac514d1b6aff5b67e0ed359f81f5121c7bf970bcc0b492f338fd0abac46c36e"",""query_id"":""q04_event_oldest"",""topology_id"":""eu_us_gac"",""weight"":1.2820920405149334},{""action_gains"":{""increase_gac_work_mem"":0.009230508233768,""mitigate_remote_path_bundle"":3.408545258460241,""regional_topk_candidates"":0.0366362612175297},""distance"":0.7881776296173798,""episode_id"":""q04_event_oldest::run-3"",""normalized_sql_hash"":""7ac514d1b6aff5b67e0ed359f81f5121c7bf970bcc0b492f338fd0abac46c36e"",""query_id"":""q04_event_oldest"",""topology_id"":""eu_us_gac"",""weight"":1.2687479239134516},{""action_gains"":{""increase_gac_work_mem"":0.0137676500397462,""mitigate_remote_path_bundle"":3.288965909245521,""regional_topk_candidates"":0.0523781778984862},""distance"":0.7912057641442841,""episode_id"":""q04_event_oldest::run-4"",""normalized_sql_hash"":""7ac514d1b6aff5b67e0ed359f81f5121c7bf970bcc0b492f338fd0abac46c36e"",""query_id"":""q04_event_oldest"",""topology_id"":""eu_us_gac"",""weight"":1.2638921269606846},{""action_gains"":{""increase_gac_work_mem"":0.0106406666902462,""mitigate_remote_path_bundle"":3.733324190801565,""regional_topk_candidates"":1.5442528549456571},""distance"":0.8702612732884274,""episode_id"":""reference::cross-action-pilot-v1::pilot_gac_topk::raw-small-balanced-v1::{\""cutoff_ts\"":\""2026-06-01 00:00:00+00\"",\""limit_k\"":5000}"",""normalized_sql_hash"":""nan"",""query_id"":""cross-action-pilot-v1::pilot_gac_topk::raw-small-balanced-v1::{\""cutoff_ts\"":\""2026-06-01 00:00:00+00\"",\""limit_k\"":5000}"",""topology_id"":""eu_us_gac"",""weight"":1.1490788819574327}]",0.9850837046946291,1.0
coordinator_physical,warm_start_cross_query,16,q06_tenant_sum::run-1,q06_tenant_sum,82a4b1652b8883fb8dad714052530b1788280c0ae3dd3cb8823fe3b0d8dea3ac,tenant_sum,1,1,eu_us_gac,2,raw-large-balanced-v1,balanced,"[""increase_gac_work_mem"",""regional_topk_candidates"",""mitigate_remote_path_bundle""]",explicit_panel_contract_and_result_equivalence,8.598672,41,41,0,0.26017878388401255,0.7712676406493916,euclidean,available,regional_topk_candidates,regional_topk_candidates,regional_topk_candidates,True,0.0,True,0.0,257774.0,1825.0,18559728.0,7280.447,15.45,9.185,-0.021908032400874414,2.856569643601428,2.3754654134936195,-0.0113274524048228,3.047649640005925,2.755693328342921,"[{""action_gains"":{""increase_gac_work_mem"":0.0072951999589837,""mitigate_remote_path_bundle"":2.646928961962837,""regional_topk_candidates"":2.9074514602042885},""distance"":0.26017878388401255,""episode_id"":""reference::fuzzy-memory-topk-panel-v1::fuzzy_topk_balanced::raw-large-balanced-v1::{\""cutoff_ts\"":\""2026-06-29 00:00:00+00\"",\""limit_k\"":100}"",""normalized_sql_hash"":""nan"",""query_id"":""fuzzy-memory-topk-panel-v1::fuzzy_topk_balanced::raw-large-balanced-v1::{\""cutoff_ts\"":\""2026-06-29 00:00:00+00\"",\""limit_k\"":100}"",""topology_id"":""eu_us_gac"",""weight"":3.8434961589705887},{""action_gains"":{""increase_gac_work_mem"":0.0081868930148983,""mitigate_remote_path_bundle"":4.360051703774939,""regional_topk_candidates"":4.127185858907333},""distance"":0.5106059768743649,""episode_id"":""reference::fuzzy-memory-topk-panel-v1::fuzzy_topk_transport_severe::raw-large-balanced-v1::{\""cutoff_ts\"":\""2026-06-29 00:00:00+00\"",\""limit_k\"":100}"",""normalized_sql_hash"":""nan"",""query_id"":""fuzzy-memory-topk-panel-v1::fuzzy_topk_transport_severe::raw-large-balanced-v1::{\""cutoff_ts\"":\""2026-06-29 00:00:00+00\"",\""limit_k\"":100}"",""topology_id"":""eu_us_gac"",""weight"":1.9584534589037752},{""action_gains"":{""increase_gac_work_mem"":0.0274589574398124,""mitigate_remote_path_bundle"":1.3346582999179395,""regional_topk_candidates"":2.0868568298219983},""distance"":0.5684879014817918,""episode_id"":""reference::fuzzy-memory-topk-panel-v1::fuzzy_topk_memory_severe::raw-large-balanced-v1::{\""cutoff_ts\"":\""2026-06-29 00:00:00+00\"",\""limit_k\"":100}"",""normalized_sql_hash"":""nan"",""query_id"":""fuzzy-memory-topk-panel-v1::fuzzy_topk_memory_severe::raw-large-balanced-v1::{\""cutoff_ts\"":\""2026-06-29 00:00:00+00\"",\""limit_k\"":100}"",""topology_id"":""eu_us_gac"",""weight"":1.7590492925956076},{""action_gains"":{""increase_gac_work_mem"":-0.2189988838292833,""mitigate_remote_path_bundle"":1.2254340435854414,""regional_topk_candidates"":1.6155677957074597},""distance"":0.6561711582486887,""episode_id"":""q05_event_deviation::run-1"",""normalized_sql_hash"":""bd5d33dbf428b5dfe5fde653651a56bf4036327ea0a4ea3cb42a933b2a2200b1"",""query_id"":""q05_event_deviation"",""topology_id"":""eu_us_gac"",""weight"":1.5239902934452163},{""action_gains"":{""increase_gac_work_mem"":0.0078718370666349,""mitigate_remote_path_bundle"":1.4283978240698936,""regional_topk_candidates"":3.251278574713406},""distance"":0.7032906894946278,""episode_id"":""reference::fuzzy-memory-topk-panel-v1::fuzzy_topk_memory_severe::raw-large-balanced-v1::{\""cutoff_ts\"":\""2026-06-24 00:00:00+00\"",\""limit_k\"":100}"",""normalized_sql_hash"":""nan"",""query_id"":""fuzzy-memory-topk-panel-v1::fuzzy_topk_memory_severe::raw-large-balanced-v1::{\""cutoff_ts\"":\""2026-06-24 00:00:00+00\"",\""limit_k\"":100}"",""topology_id"":""eu_us_gac"",""weight"":1.4218851366188916}]",0.33733916758772264,1.0
coordinator_physical,warm_start_cross_query,17,q07_tenant_count::run-1,q07_tenant_count,e2883a3d8a1df39316eb339275178d1251674b54de02a31a771e6d2aeced7e7b,tenant_count,1,2,eu_us_gac,2,raw-large-balanced-v1,transport,"[""increase_gac_work_mem"",""regional_topk_candidates"",""mitigate_remote_path_bundle""]",explicit_panel_contract_and_result_equivalence,86.072879,42,42,0,0.47023403223790744,0.7712676406493916,euclidean,available,regional_topk_candidates,regional_topk_candidates,regional_topk_candidates,True,0.0,True,0.0,901443.0,11836.0,64903896.0,82356.662,30.5,5.796,-0.0017534406448822739,4.362446911521232,3.6831108320683357,0.0095142040035063,5.78740087138428,4.358137982011629,"[{""action_gains"":{""increase_gac_work_mem"":0.0051622454887038,""mitigate_remote_path_bundle"":4.594851458801552,""regional_topk_candidates"":5.689366145087311},""distance"":0.47023403223790744,""episode_id"":""reference::fuzzy-memory-topk-panel-v1::fuzzy_topk_transport_severe::raw-large-balanced-v1::{\""cutoff_ts\"":\""2026-06-24 00:00:00+00\"",\""limit_k\"":100}"",""normalized_sql_hash"":""nan"",""query_id"":""fuzzy-memory-topk-panel-v1::fuzzy_topk_transport_severe::raw-large-balanced-v1::{\""cutoff_ts\"":\""2026-06-24 00:00:00+00\"",\""limit_k\"":100}"",""topology_id"":""eu_us_gac"",""weight"":2.1265961305368397},{""action_gains"":{""increase_gac_work_mem"":0.0081868930148983,""mitigate_remote_path_bundle"":4.360051703774939,""regional_topk_candidates"":4.127185858907333},""distance"":0.7053130977226193,""episode_id"":""reference::fuzzy-memory-topk-panel-v1::fuzzy_topk_transport_severe::raw-large-balanced-v1::{\""cutoff_ts\"":\""2026-06-29 00:00:00+00\"",\""limit_k\"":100}"",""normalized_sql_hash"":""nan"",""query_id"":""fuzzy-memory-topk-panel-v1::fuzzy_topk_transport_severe::raw-large-balanced-v1::{\""cutoff_ts\"":\""2026-06-29 00:00:00+00\"",\""limit_k\"":100}"",""topology_id"":""eu_us_gac"",""weight"":1.4178080421600654},{""action_gains"":{""increase_gac_work_mem"":-0.0218364506141406,""mitigate_remote_path_bundle"":2.898860761936939,""regional_topk_candidates"":4.405764321102397},""distance"":0.7181278897417145,""episode_id"":""reference::fuzzy-memory-topk-panel-v1::fuzzy_topk_balanced::raw-large-balanced-v1::{\""cutoff_ts\"":\""2026-06-24 00:00:00+00\"",\""limit_k\"":100}"",""normalized_sql_hash"":""nan"",""query_id"":""fuzzy-memory-topk-panel-v1::fuzzy_topk_balanced::raw-large-balanced-v1::{\""cutoff_ts\"":\""2026-06-24 00:00:00+00\"",\""limit_k\"":100}"",""topology_id"":""eu_us_gac"",""weight"":1.3925076880832137},{""action_gains"":{""increase_gac_work_mem"":-0.0113274524048228,""mitigate_remote_path_bundle"":2.755693328342921,""regional_topk_candidates"":3.047649640005925},""distance"":1.063918219934258,""episode_id"":""q06_tenant_sum::run-1"",""normalized_sql_hash"":""82a4b1652b8883fb8dad714052530b1788280c0ae3dd3cb8823fe3b0d8dea3ac"",""query_id"":""q06_tenant_sum"",""topology_id"":""eu_us_gac"",""weight"":0.9399209839087147},{""action_gains"":{""increase_gac_work_mem"":0.0072951999589837,""mitigate_remote_path_bundle"":2.646928961962837,""regional_topk_candidates"":2.9074514602042885},""distance"":1.10833003253869,""episode_id"":""reference::fuzzy-memory-topk-panel-v1::fuzzy_topk_balanced::raw-large-balanced-v1::{\""cutoff_ts\"":\""2026-06-29 00:00:00+00\"",\""limit_k\"":100}"",""normalized_sql_hash"":""nan"",""query_id"":""fuzzy-memory-topk-panel-v1::fuzzy_topk_balanced::raw-large-balanced-v1::{\""cutoff_ts\"":\""2026-06-29 00:00:00+00\"",\""limit_k\"":100}"",""topology_id"":""eu_us_gac"",""weight"":0.9022575120985722}]",0.6096898241990031,1.0
coordinator_physical,warm_start_cross_query,18,q07_tenant_count::run-2,q07_tenant_count,e2883a3d8a1df39316eb339275178d1251674b54de02a31a771e6d2aeced7e7b,tenant_count,2,2,eu_us_gac,2,raw-large-balanced-v1,transport,"[""increase_gac_work_mem"",""regional_topk_candidates"",""mitigate_remote_path_bundle""]",explicit_panel_contract_and_result_equivalence,86.34813,43,42,1,0.8537238154077087,0.7712676406493916,euclidean,outside_reference_coverage,regional_topk_candidates,,regional_topk_candidates,False,,True,0.0,901443.0,11818.0,64903896.0,82558.09700000001,30.45,5.763,0.012719293810014092,4.195662329890306,4.078143809649616,0.0058933650242485,5.944838229402522,4.322867216809753,"[{""action_gains"":{""increase_gac_work_mem"":0.0084124371532831,""mitigate_remote_path_bundle"":4.37766805933805,""regional_topk_candidates"":4.247803521993864},""distance"":0.8537238154077087,""episode_id"":""reference::fuzzy-memory-topk-panel-v1::fuzzy_topk_transport_severe::raw-large-balanced-v1::{\""cutoff_ts\"":\""2026-06-24 00:00:00+00\"",\""limit_k\"":10000}"",""normalized_sql_hash"":""nan"",""query_id"":""fuzzy-memory-topk-panel-v1::fuzzy_topk_transport_severe::raw-large-balanced-v1::{\""cutoff_ts\"":\""2026-06-24 00:00:00+00\"",\""limit_k\"":10000}"",""topology_id"":""eu_us_gac"",""weight"":1.171337627713721},{""action_gains"":{""increase_gac_work_mem"":0.0063254578290735,""mitigate_remote_path_bundle"":4.204198458037598,""regional_topk_candidates"":3.2240845074472664},""distance"":0.9219424967104891,""episode_id"":""reference::fuzzy-memory-topk-panel-v1::fuzzy_topk_transport_severe::raw-large-balanced-v1::{\""cutoff_ts\"":\""2026-06-29 00:00:00+00\"",\""limit_k\"":10000}"",""normalized_sql_hash"":""nan"",""query_id"":""fuzzy-memory-topk-panel-v1::fuzzy_topk_transport_severe::raw-large-balanced-v1::{\""cutoff_ts\"":\""2026-06-29 00:00:00+00\"",\""limit_k\"":10000}"",""topology_id"":""eu_us_gac"",""weight"":1.084665170444846},{""action_gains"":{""increase_gac_work_mem"":0.033912495820706,""mitigate_remote_path_bundle"":2.685723352383513,""regional_topk_candidates"":2.983182859705127},""distance"":1.0632068098362817,""episode_id"":""reference::fuzzy-memory-topk-panel-v1::fuzzy_topk_balanced::raw-large-balanced-v1::{\""cutoff_ts\"":\""2026-06-24 00:00:00+00\"",\""limit_k\"":10000}"",""normalized_sql_hash"":""nan"",""query_id"":""fuzzy-memory-topk-panel-v1::fuzzy_topk_balanced::raw-large-balanced-v1::{\""cutoff_ts\"":\""2026-06-24 00:00:00+00\"",\""limit_k\"":10000}"",""topology_id"":""eu_us_gac"",""weight"":0.9405499007329389},{""action_gains"":{""increase_gac_work_mem"":0.0051622454887038,""mitigate_remote_path_bundle"":4.594851458801552,""regional_topk_candidates"":5.689366145087311},""distance"":1.0809860182900524,""episode_id"":""reference::fuzzy-memory-topk-panel-v1::fuzzy_topk_transport_severe::raw-large-balanced-v1::{\""cutoff_ts\"":\""2026-06-24 00:00:00+00\"",\""limit_k\"":100}"",""normalized_sql_hash"":""nan"",""query_id"":""fuzzy-memory-topk-panel-v1::fuzzy_topk_transport_severe::raw-large-balanced-v1::{\""cutoff_ts\"":\""2026-06-24 00:00:00+00\"",\""limit_k\"":100}"",""topology_id"":""eu_us_gac"",""weight"":0.9250804894788092},{""action_gains"":{""increase_gac_work_mem"":0.0116307678132073,""mitigate_remote_path_bundle"":4.467296759804148,""regional_topk_candidates"":5.045466088749672},""distance"":1.1310154362176599,""episode_id"":""reference::cross-action-pilot-v1::pilot_gac_topk::raw-large-balanced-v1::{\""cutoff_ts\"":\""2026-06-01 00:00:00+00\"",\""limit_k\"":5000}"",""normalized_sql_hash"":""nan"",""query_id"":""cross-action-pilot-v1::pilot_gac_topk::raw-large-balanced-v1::{\""cutoff_ts\"":\""2026-06-01 00:00:00+00\"",\""limit_k\"":5000}"",""topology_id"":""eu_us_gac"",""weight"":0.8841604489358224}]",1.1069099368526478,1.0
coordinator_physical,warm_start_cross_query,19,q08_tenant_avg::run-1,q08_tenant_avg,8e8d2f98539f4a009d76e2bafa2994da93c550be0df9a6a7019b81cb79140fb8,tenant_avg,1,3,eu_us_gac,2,raw-large-balanced-v1,memory,"[""increase_gac_work_mem"",""regional_topk_candidates"",""mitigate_remote_path_bundle""]",explicit_panel_contract_and_result_equivalence,22.839779,44,44,0,0.8760568175200478,0.7712676406493916,euclidean,outside_reference_coverage,regional_topk_candidates,,regional_topk_candidates,False,,True,0.0,1804933.0,31306.0,129955176.0,17068.288,5.4350000000000005,19.93,0.0016813817355158525,4.6825945824362964,3.396980123687654,0.0206639435078385,4.495349709290721,1.3965019409035595,"[{""action_gains"":{""increase_gac_work_mem"":0.0078718370666349,""mitigate_remote_path_bundle"":1.4283978240698936,""regional_topk_candidates"":3.251278574713406},""distance"":0.8760568175200478,""episode_id"":""reference::fuzzy-memory-topk-panel-v1::fuzzy_topk_memory_severe::raw-large-balanced-v1::{\""cutoff_ts\"":\""2026-06-24 00:00:00+00\"",\""limit_k\"":100}"",""normalized_sql_hash"":""nan"",""query_id"":""fuzzy-memory-topk-panel-v1::fuzzy_topk_memory_severe::raw-large-balanced-v1::{\""cutoff_ts\"":\""2026-06-24 00:00:00+00\"",\""limit_k\"":100}"",""topology_id"":""eu_us_gac"",""weight"":1.1414771719414694},{""action_gains"":{""increase_gac_work_mem"":-0.0218364506141406,""mitigate_remote_path_bundle"":2.898860761936939,""regional_topk_candidates"":4.405764321102397},""distance"":0.935699444438658,""episode_id"":""reference::fuzzy-memory-topk-panel-v1::fuzzy_topk_balanced::raw-large-balanced-v1::{\""cutoff_ts\"":\""2026-06-24 00:00:00+00\"",\""limit_k\"":100}"",""normalized_sql_hash"":""nan"",""query_id"":""fuzzy-memory-topk-panel-v1::fuzzy_topk_balanced::raw-large-balanced-v1::{\""cutoff_ts\"":\""2026-06-24 00:00:00+00\"",\""limit_k\"":100}"",""topology_id"":""eu_us_gac"",""weight"":1.068718098771361},{""action_gains"":{""increase_gac_work_mem"":0.0095142040035063,""mitigate_remote_path_bundle"":4.358137982011629,""regional_topk_candidates"":5.78740087138428},""distance"":0.9750332175713314,""episode_id"":""q07_tenant_count::run-1"",""normalized_sql_hash"":""e2883a3d8a1df39316eb339275178d1251674b54de02a31a771e6d2aeced7e7b"",""query_id"":""q07_tenant_count"",""topology_id"":""eu_us_gac"",""weight"":1.0256050320888785},{""action_gains"":{""increase_gac_work_mem"":0.0058933650242485,""mitigate_remote_path_bundle"":4.322867216809753,""regional_topk_candidates"":5.944838229402522},""distance"":0.9810004475096409,""episode_id"":""q07_tenant_count::run-2"",""normalized_sql_hash"":""e2883a3d8a1df39316eb339275178d1251674b54de02a31a771e6d2aeced7e7b"",""query_id"":""q07_tenant_count"",""topology_id"":""eu_us_gac"",""weight"":1.0193664877239361},{""action_gains"":{""increase_gac_work_mem"":0.0081868930148983,""mitigate_remote_path_bundle"":4.360051703774939,""regional_topk_candidates"":4.127185858907333},""distance"":1.133218604740639,""episode_id"":""reference::fuzzy-memory-topk-panel-v1::fuzzy_topk_transport_severe::raw-large-balanced-v1::{\""cutoff_ts\"":\""2026-06-29 00:00:00+00\"",\""limit_k\"":100}"",""normalized_sql_hash"":""nan"",""query_id"":""fuzzy-memory-topk-panel-v1::fuzzy_topk_transport_severe::raw-large-balanced-v1::{\""cutoff_ts\"":\""2026-06-29 00:00:00+00\"",\""limit_k\"":100}"",""topology_id"":""eu_us_gac"",""weight"":0.8824414930845386}]",1.1358661654499416,1.0
coordinator_physical,warm_start_cross_query,20,q08_tenant_avg::run-2,q08_tenant_avg,8e8d2f98539f4a009d76e2bafa2994da93c550be0df9a6a7019b81cb79140fb8,tenant_avg,2,3,eu_us_gac,2,raw-large-balanced-v1,memory,"[""increase_gac_work_mem"",""regional_topk_candidates"",""mitigate_remote_path_bundle""]",explicit_panel_contract_and_result_equivalence,23.704148,45,44,1,0.7839198301125029,0.7712676406493916,euclidean,outside_reference_coverage,regional_topk_candidates,,regional_topk_candidates,False,,True,0.0,1804933.0,31388.0,129955176.0,17416.571,5.4325,19.874,0.041797735524747165,3.288249182376901,3.020448471388198,0.0735851486077056,4.607859831466466,1.1931412104635313,"[{""action_gains"":{""increase_gac_work_mem"":0.033912495820706,""mitigate_remote_path_bundle"":2.685723352383513,""regional_topk_candidates"":2.983182859705127},""distance"":0.7839198301125029,""episode_id"":""reference::fuzzy-memory-topk-panel-v1::fuzzy_topk_balanced::raw-large-balanced-v1::{\""cutoff_ts\"":\""2026-06-24 00:00:00+00\"",\""limit_k\"":10000}"",""normalized_sql_hash"":""nan"",""query_id"":""fuzzy-memory-topk-panel-v1::fuzzy_topk_balanced::raw-large-balanced-v1::{\""cutoff_ts\"":\""2026-06-24 00:00:00+00\"",\""limit_k\"":10000}"",""topology_id"":""eu_us_gac"",""weight"":1.2756390206603987},{""action_gains"":{""increase_gac_work_mem"":0.0058933650242485,""mitigate_remote_path_bundle"":4.322867216809753,""regional_topk_candidates"":5.944838229402522},""distance"":0.9087046831355636,""episode_id"":""q07_tenant_count::run-2"",""normalized_sql_hash"":""e2883a3d8a1df39316eb339275178d1251674b54de02a31a771e6d2aeced7e7b"",""query_id"":""q07_tenant_count"",""topology_id"":""eu_us_gac"",""weight"":1.1004663210088197},{""action_gains"":{""increase_gac_work_mem"":0.1519052149533546,""mitigate_remote_path_bundle"":1.2917196971971587,""regional_topk_candidates"":1.8696813627440243},""distance"":0.9601997447548603,""episode_id"":""reference::fuzzy-memory-topk-panel-v1::fuzzy_topk_memory_severe::raw-large-balanced-v1::{\""cutoff_ts\"":\""2026-06-24 00:00:00+00\"",\""limit_k\"":10000}"",""normalized_sql_hash"":""nan"",""query_id"":""fuzzy-memory-topk-panel-v1::fuzzy_topk_memory_severe::raw-large-balanced-v1::{\""cutoff_ts\"":\""2026-06-24 00:00:00+00\"",\""limit_k\"":10000}"",""topology_id"":""eu_us_gac"",""weight"":1.0414488902060792},{""action_gains"":{""increase_gac_work_mem"":0.0128070569269704,""mitigate_remote_path_bundle"":2.640761425802023,""regional_topk_candidates"":2.3178971333467917},""distance"":0.977325141201722,""episode_id"":""reference::fuzzy-memory-topk-panel-v1::fuzzy_topk_balanced::raw-large-balanced-v1::{\""cutoff_ts\"":\""2026-06-29 00:00:00+00\"",\""limit_k\"":10000}"",""normalized_sql_hash"":""nan"",""query_id"":""fuzzy-memory-topk-panel-v1::fuzzy_topk_balanced::raw-large-balanced-v1::{\""cutoff_ts\"":\""2026-06-29 00:00:00+00\"",\""limit_k\"":10000}"",""topology_id"":""eu_us_gac"",""weight"":1.0231998898242896},{""action_gains"":{""increase_gac_work_mem"":0.0063254578290735,""mitigate_remote_path_bundle"":4.204198458037598,""regional_topk_candidates"":3.2240845074472664},""distance"":1.000972383548244,""episode_id"":""reference::fuzzy-memory-topk-panel-v1::fuzzy_topk_transport_severe::raw-large-balanced-v1::{\""cutoff_ts\"":\""2026-06-29 00:00:00+00\"",\""limit_k\"":10000}"",""normalized_sql_hash"":""nan"",""query_id"":""fuzzy-memory-topk-panel-v1::fuzzy_topk_transport_severe::raw-large-balanced-v1::{\""cutoff_ts\"":\""2026-06-29 00:00:00+00\"",\""limit_k\"":10000}"",""topology_id"":""eu_us_gac"",""weight"":0.9990275630059278}]",1.0164044085299084,1.0
coordinator_physical,warm_start_cross_query,21,q08_tenant_avg::run-3,q08_tenant_avg,8e8d2f98539f4a009d76e2bafa2994da93c550be0df9a6a7019b81cb79140fb8,tenant_avg,3,3,eu_us_gac,2,raw-large-balanced-v1,memory,"[""increase_gac_work_mem"",""regional_topk_candidates"",""mitigate_remote_path_bundle""]",explicit_panel_contract_and_result_equivalence,23.292111,46,44,2,0.7822304422672794,0.7712676406493916,euclidean,outside_reference_coverage,regional_topk_candidates,,regional_topk_candidates,False,,True,0.0,1804933.0,31308.0,129955176.0,17044.016000000003,5.455,19.975,0.04175409497650841,3.286661090256489,3.0202991904787306,0.0268770971362172,4.231723759789755,1.4095299228143046,"[{""action_gains"":{""increase_gac_work_mem"":0.033912495820706,""mitigate_remote_path_bundle"":2.685723352383513,""regional_topk_candidates"":2.983182859705127},""distance"":0.7822304422672794,""episode_id"":""reference::fuzzy-memory-topk-panel-v1::fuzzy_topk_balanced::raw-large-balanced-v1::{\""cutoff_ts\"":\""2026-06-24 00:00:00+00\"",\""limit_k\"":10000}"",""normalized_sql_hash"":""nan"",""query_id"":""fuzzy-memory-topk-panel-v1::fuzzy_topk_balanced::raw-large-balanced-v1::{\""cutoff_ts\"":\""2026-06-24 00:00:00+00\"",\""limit_k\"":10000}"",""topology_id"":""eu_us_gac"",""weight"":1.2783940224922734},{""action_gains"":{""increase_gac_work_mem"":0.0058933650242485,""mitigate_remote_path_bundle"":4.322867216809753,""regional_topk_candidates"":5.944838229402522},""distance"":0.9092454694547104,""episode_id"":""q07_tenant_count::run-2"",""normalized_sql_hash"":""e2883a3d8a1df39316eb339275178d1251674b54de02a31a771e6d2aeced7e7b"",""query_id"":""q07_tenant_count"",""topology_id"":""eu_us_gac"",""weight"":1.0998118041631946},{""action_gains"":{""increase_gac_work_mem"":0.1519052149533546,""mitigate_remote_path_bundle"":1.2917196971971587,""regional_topk_candidates"":1.8696813627440243},""distance"":0.9599338529784952,""episode_id"":""reference::fuzzy-memory-topk-panel-v1::fuzzy_topk_memory_severe::raw-large-balanced-v1::{\""cutoff_ts\"":\""2026-06-24 00:00:00+00\"",\""limit_k\"":10000}"",""normalized_sql_hash"":""nan"",""query_id"":""fuzzy-memory-topk-panel-v1::fuzzy_topk_memory_severe::raw-large-balanced-v1::{\""cutoff_ts\"":\""2026-06-24 00:00:00+00\"",\""limit_k\"":10000}"",""topology_id"":""eu_us_gac"",""weight"":1.0417373605064868},{""action_gains"":{""increase_gac_work_mem"":0.0128070569269704,""mitigate_remote_path_bundle"":2.640761425802023,""regional_topk_candidates"":2.3178971333467917},""distance"":0.9719675128524788,""episode_id"":""reference::fuzzy-memory-topk-panel-v1::fuzzy_topk_balanced::raw-large-balanced-v1::{\""cutoff_ts\"":\""2026-06-29 00:00:00+00\"",\""limit_k\"":10000}"",""normalized_sql_hash"":""nan"",""query_id"":""fuzzy-memory-topk-panel-v1::fuzzy_topk_balanced::raw-large-balanced-v1::{\""cutoff_ts\"":\""2026-06-29 00:00:00+00\"",\""limit_k\"":10000}"",""topology_id"":""eu_us_gac"",""weight"":1.028839912792294},{""action_gains"":{""increase_gac_work_mem"":0.0063254578290735,""mitigate_remote_path_bundle"":4.204198458037598,""regional_topk_candidates"":3.2240845074472664},""distance"":0.9979336454679716,""episode_id"":""reference::fuzzy-memory-topk-panel-v1::fuzzy_topk_transport_severe::raw-large-balanced-v1::{\""cutoff_ts\"":\""2026-06-29 00:00:00+00\"",\""limit_k\"":10000}"",""normalized_sql_hash"":""nan"",""query_id"":""fuzzy-memory-topk-panel-v1::fuzzy_topk_transport_severe::raw-large-balanced-v1::{\""cutoff_ts\"":\""2026-06-29 00:00:00+00\"",\""limit_k\"":10000}"",""topology_id"":""eu_us_gac"",""weight"":1.002069629049766}]",1.014214004374224,1.0
coordinator_physical,warm_start_cross_query,22,q09_tenant_max::run-1,q09_tenant_max,0a1845d5eee8a966fc7841a83bbfa0c28f21ecba6942182b9a8b2e287f92f63b,tenant_max,1,4,eu_us_apac_gac,3,n3-medium-balanced-wide-global-dim-v1,balanced,"[""increase_gac_work_mem"",""regional_topk_candidates"",""mitigate_remote_path_bundle""]",explicit_panel_contract_and_result_equivalence,1.5832,47,47,0,0.34803710147629524,0.7712676406493916,euclidean,available,mitigate_remote_path_bundle,mitigate_remote_path_bundle,mitigate_remote_path_bundle,True,0.0,True,0.0,19350.0,136.0,1393200.0,675.923,15.466666666666669,13.218,0.019842589158819608,0.4280520670421111,2.062199663851313,-0.0098099219860758,0.6178171990686502,1.993424827708021,"[{""action_gains"":{""increase_gac_work_mem"":-0.0190705540866633,""mitigate_remote_path_bundle"":3.203301466828472,""regional_topk_candidates"":0.7633310432797628},""distance"":0.34803710147629524,""episode_id"":""reference::fuzzy-memory-topk-panel-v1::fuzzy_topk_transport_severe::raw-small-balanced-v1::{\""cutoff_ts\"":\""2026-06-24 00:00:00+00\"",\""limit_k\"":100}"",""normalized_sql_hash"":""nan"",""query_id"":""fuzzy-memory-topk-panel-v1::fuzzy_topk_transport_severe::raw-small-balanced-v1::{\""cutoff_ts\"":\""2026-06-24 00:00:00+00\"",\""limit_k\"":100}"",""topology_id"":""eu_us_gac"",""weight"":2.8732486350150652},{""action_gains"":{""increase_gac_work_mem"":0.0558843856774697,""mitigate_remote_path_bundle"":1.990176655943472,""regional_topk_candidates"":0.44208027974939},""distance"":0.39106969923143586,""episode_id"":""reference::fuzzy-memory-topk-panel-v1::fuzzy_topk_balanced::raw-small-balanced-v1::{\""cutoff_ts\"":\""2026-06-24 00:00:00+00\"",\""limit_k\"":100}"",""normalized_sql_hash"":""nan"",""query_id"":""fuzzy-memory-topk-panel-v1::fuzzy_topk_balanced::raw-small-balanced-v1::{\""cutoff_ts\"":\""2026-06-24 00:00:00+00\"",\""limit_k\"":100}"",""topology_id"":""eu_us_gac"",""weight"":2.557082394475684},{""action_gains"":{""increase_gac_work_mem"":0.0086254015965442,""mitigate_remote_path_bundle"":0.9391484986059694,""regional_topk_candidates"":0.3098490437160227},""distance"":0.5232768414670902,""episode_id"":""reference::fuzzy-memory-topk-panel-v1::fuzzy_topk_memory_severe::raw-small-balanced-v1::{\""cutoff_ts\"":\""2026-06-24 00:00:00+00\"",\""limit_k\"":100}"",""normalized_sql_hash"":""nan"",""query_id"":""fuzzy-memory-topk-panel-v1::fuzzy_topk_memory_severe::raw-small-balanced-v1::{\""cutoff_ts\"":\""2026-06-24 00:00:00+00\"",\""limit_k\"":100}"",""topology_id"":""eu_us_gac"",""weight"":1.9110306624036393},{""action_gains"":{""increase_gac_work_mem"":0.0044125939297464,""mitigate_remote_path_bundle"":2.703776598899469,""regional_topk_candidates"":0.2612314581242365},""distance"":0.6466886984734597,""episode_id"":""reference::fuzzy-memory-topk-panel-v1::fuzzy_topk_transport_severe::raw-small-balanced-v1::{\""cutoff_ts\"":\""2026-06-29 00:00:00+00\"",\""limit_k\"":100}"",""normalized_sql_hash"":""nan"",""query_id"":""fuzzy-memory-topk-panel-v1::fuzzy_topk_transport_severe::raw-small-balanced-v1::{\""cutoff_ts\"":\""2026-06-29 00:00:00+00\"",\""limit_k\"":100}"",""topology_id"":""eu_us_gac"",""weight"":1.546336677947005},{""action_gains"":{""increase_gac_work_mem"":0.0698044793371713,""mitigate_remote_path_bundle"":0.5693747863972122,""regional_topk_candidates"":0.0315669702360576},""distance"":0.7693340986276728,""episode_id"":""reference::fuzzy-memory-topk-panel-v1::fuzzy_topk_memory_severe::raw-small-balanced-v1::{\""cutoff_ts\"":\""2026-06-29 00:00:00+00\"",\""limit_k\"":100}"",""normalized_sql_hash"":""nan"",""query_id"":""fuzzy-memory-topk-panel-v1::fuzzy_topk_memory_severe::raw-small-balanced-v1::{\""cutoff_ts\"":\""2026-06-29 00:00:00+00\"",\""limit_k\"":100}"",""topology_id"":""eu_us_gac"",""weight"":1.299823707229507}]",0.45125334337021467,1.0
coordinator_physical,warm_start_cross_query,23,q09_tenant_max::run-2,q09_tenant_max,0a1845d5eee8a966fc7841a83bbfa0c28f21ecba6942182b9a8b2e287f92f63b,tenant_max,2,4,eu_us_apac_gac,3,n3-medium-balanced-wide-global-dim-v1,balanced,"[""increase_gac_work_mem"",""regional_topk_candidates"",""mitigate_remote_path_bundle""]",explicit_panel_contract_and_result_equivalence,1.626396,48,47,1,0.25651629271530413,0.7712676406493916,euclidean,available,mitigate_remote_path_bundle,mitigate_remote_path_bundle,mitigate_remote_path_bundle,True,0.0,True,0.0,19350.0,136.0,1393200.0,677.1270000000001,15.45,14.857,0.008606677162957432,0.010797422434264932,3.0714417658669677,0.0118212301274772,0.711494806856934,2.0356382800169626,"[{""action_gains"":{""increase_gac_work_mem"":0.0094718463899962,""mitigate_remote_path_bundle"":3.308023136004272,""regional_topk_candidates"":-0.0141705521924664},""distance"":0.25651629271530413,""episode_id"":""q04_event_oldest::run-1"",""normalized_sql_hash"":""7ac514d1b6aff5b67e0ed359f81f5121c7bf970bcc0b492f338fd0abac46c36e"",""query_id"":""q04_event_oldest"",""topology_id"":""eu_us_gac"",""weight"":3.8983726571208233},{""action_gains"":{""increase_gac_work_mem"":0.0105978840767133,""mitigate_remote_path_bundle"":3.3135646401821126,""regional_topk_candidates"":0.0442818066513621},""distance"":0.32406233876765655,""episode_id"":""q04_event_oldest::run-2"",""normalized_sql_hash"":""7ac514d1b6aff5b67e0ed359f81f5121c7bf970bcc0b492f338fd0abac46c36e"",""query_id"":""q04_event_oldest"",""topology_id"":""eu_us_gac"",""weight"":3.0858165067445946},{""action_gains"":{""increase_gac_work_mem"":0.009230508233768,""mitigate_remote_path_bundle"":3.408545258460241,""regional_topk_candidates"":0.0366362612175297},""distance"":0.32618945253117404,""episode_id"":""q04_event_oldest::run-3"",""normalized_sql_hash"":""7ac514d1b6aff5b67e0ed359f81f5121c7bf970bcc0b492f338fd0abac46c36e"",""query_id"":""q04_event_oldest"",""topology_id"":""eu_us_gac"",""weight"":3.065693653018339},{""action_gains"":{""increase_gac_work_mem"":-0.0002791294905142,""mitigate_remote_path_bundle"":1.9700639210944435,""regional_topk_candidates"":-0.0585418455250905},""distance"":0.3272443580663085,""episode_id"":""q03_event_recent::run-3"",""normalized_sql_hash"":""76893bdca8771bf15968c663228c2bb3475ab41d7df033a16ad555cc74a679a3"",""query_id"":""q03_event_recent"",""topology_id"":""eu_us_gac"",""weight"":3.055811107326307},{""action_gains"":{""increase_gac_work_mem"":0.0137676500397462,""mitigate_remote_path_bundle"":3.288965909245521,""regional_topk_candidates"":0.0523781778984862},""distance"":0.32822956743743387,""episode_id"":""q04_event_oldest::run-4"",""normalized_sql_hash"":""7ac514d1b6aff5b67e0ed359f81f5121c7bf970bcc0b492f338fd0abac46c36e"",""query_id"":""q04_event_oldest"",""topology_id"":""eu_us_gac"",""weight"":3.0466388545320857}]",0.3325905032127663,1.0
coordinator_physical,warm_start_cross_query,24,q09_tenant_max::run-3,q09_tenant_max,0a1845d5eee8a966fc7841a83bbfa0c28f21ecba6942182b9a8b2e287f92f63b,tenant_max,3,4,eu_us_apac_gac,3,n3-medium-balanced-wide-global-dim-v1,balanced,"[""increase_gac_work_mem"",""regional_topk_candidates"",""mitigate_remote_path_bundle""]",explicit_panel_contract_and_result_equivalence,1.671267,49,47,2,0.2506620988933517,0.7712676406493916,euclidean,available,mitigate_remote_path_bundle,mitigate_remote_path_bundle,mitigate_remote_path_bundle,True,0.0,True,0.0,19350.0,136.0,1393200.0,678.663,15.416666666666666,12.644,0.008653588011730924,0.01109756665005815,3.077605253114935,0.0235774955198211,0.741129797923938,1.8201093118769007,"[{""action_gains"":{""increase_gac_work_mem"":0.0094718463899962,""mitigate_remote_path_bundle"":3.308023136004272,""regional_topk_candidates"":-0.0141705521924664},""distance"":0.2506620988933517,""episode_id"":""q04_event_oldest::run-1"",""normalized_sql_hash"":""7ac514d1b6aff5b67e0ed359f81f5121c7bf970bcc0b492f338fd0abac46c36e"",""query_id"":""q04_event_oldest"",""topology_id"":""eu_us_gac"",""weight"":3.989418484072379},{""action_gains"":{""increase_gac_work_mem"":0.0105978840767133,""mitigate_remote_path_bundle"":3.3135646401821126,""regional_topk_candidates"":0.0442818066513621},""distance"":0.3189947325122925,""episode_id"":""q04_event_oldest::run-2"",""normalized_sql_hash"":""7ac514d1b6aff5b67e0ed359f81f5121c7bf970bcc0b492f338fd0abac46c36e"",""query_id"":""q04_event_oldest"",""topology_id"":""eu_us_gac"",""weight"":3.134838175183002},{""action_gains"":{""increase_gac_work_mem"":0.009230508233768,""mitigate_remote_path_bundle"":3.408545258460241,""regional_topk_candidates"":0.0366362612175297},""distance"":0.3217868779733378,""episode_id"":""q04_event_oldest::run-3"",""normalized_sql_hash"":""7ac514d1b6aff5b67e0ed359f81f5121c7bf970bcc0b492f338fd0abac46c36e"",""query_id"":""q04_event_oldest"",""topology_id"":""eu_us_gac"",""weight"":3.107637261845073},{""action_gains"":{""increase_gac_work_mem"":0.0137676500397462,""mitigate_remote_path_bundle"":3.288965909245521,""regional_topk_candidates"":0.0523781778984862},""distance"":0.32401178924759155,""episode_id"":""q04_event_oldest::run-4"",""normalized_sql_hash"":""7ac514d1b6aff5b67e0ed359f81f5121c7bf970bcc0b492f338fd0abac46c36e"",""query_id"":""q04_event_oldest"",""topology_id"":""eu_us_gac"",""weight"":3.0862979276903135},{""action_gains"":{""increase_gac_work_mem"":-0.0002791294905142,""mitigate_remote_path_bundle"":1.9700639210944435,""regional_topk_candidates"":-0.0585418455250905},""distance"":0.33162885189542396,""episode_id"":""q03_event_recent::run-3"",""normalized_sql_hash"":""76893bdca8771bf15968c663228c2bb3475ab41d7df033a16ad555cc74a679a3"",""query_id"":""q03_event_recent"",""topology_id"":""eu_us_gac"",""weight"":3.015410085324103}]",0.3250001499898263,1.0
coordinator_physical,warm_start_cross_query,25,q09_tenant_max::run-4,q09_tenant_max,0a1845d5eee8a966fc7841a83bbfa0c28f21ecba6942182b9a8b2e287f92f63b,tenant_max,4,4,eu_us_apac_gac,3,n3-medium-balanced-wide-global-dim-v1,balanced,"[""increase_gac_work_mem"",""regional_topk_candidates"",""mitigate_remote_path_bundle""]",explicit_panel_contract_and_result_equivalence,1.585605,50,47,3,0.2668287313688609,0.7712676406493916,euclidean,available,mitigate_remote_path_bundle,mitigate_remote_path_bundle,mitigate_remote_path_bundle,True,0.0,True,0.0,19350.0,136.0,1393200.0,680.418,15.483333333333334,10.615,-0.0143914060656718,-0.0023896510565729417,2.7944612820960217,0.001257989186062,0.6273560086690125,1.940935010719443,"[{""action_gains"":{""increase_gac_work_mem"":0.0094718463899962,""mitigate_remote_path_bundle"":3.308023136004272,""regional_topk_candidates"":-0.0141705521924664},""distance"":0.2668287313688609,""episode_id"":""q04_event_oldest::run-1"",""normalized_sql_hash"":""7ac514d1b6aff5b67e0ed359f81f5121c7bf970bcc0b492f338fd0abac46c36e"",""query_id"":""q04_event_oldest"",""topology_id"":""eu_us_gac"",""weight"":3.747708303980627},{""action_gains"":{""increase_gac_work_mem"":-0.0002791294905142,""mitigate_remote_path_bundle"":1.9700639210944435,""regional_topk_candidates"":-0.0585418455250905},""distance"":0.31772437898501615,""episode_id"":""q03_event_recent::run-3"",""normalized_sql_hash"":""76893bdca8771bf15968c663228c2bb3475ab41d7df033a16ad555cc74a679a3"",""query_id"":""q03_event_recent"",""topology_id"":""eu_us_gac"",""weight"":3.147372121152336},{""action_gains"":{""increase_gac_work_mem"":-0.1048447833628063,""mitigate_remote_path_bundle"":1.9117449342238144,""regional_topk_candidates"":-0.0141682721267147},""distance"":0.3233062512238372,""episode_id"":""q03_event_recent::run-2"",""normalized_sql_hash"":""76893bdca8771bf15968c663228c2bb3475ab41d7df033a16ad555cc74a679a3"",""query_id"":""q03_event_recent"",""topology_id"":""eu_us_gac"",""weight"":3.0930330087389972},{""action_gains"":{""increase_gac_work_mem"":0.0105978840767133,""mitigate_remote_path_bundle"":3.3135646401821126,""regional_topk_candidates"":0.0442818066513621},""distance"":0.33189777941598836,""episode_id"":""q04_event_oldest::run-2"",""normalized_sql_hash"":""7ac514d1b6aff5b67e0ed359f81f5121c7bf970bcc0b492f338fd0abac46c36e"",""query_id"":""q04_event_oldest"",""topology_id"":""eu_us_gac"",""weight"":3.0129667899339907},{""action_gains"":{""increase_gac_work_mem"":0.009230508233768,""mitigate_remote_path_bundle"":3.408545258460241,""regional_topk_candidates"":0.0366362612175297},""distance"":0.33442461552806463,""episode_id"":""q04_event_oldest::run-3"",""normalized_sql_hash"":""7ac514d1b6aff5b67e0ed359f81f5121c7bf970bcc0b492f338fd0abac46c36e"",""query_id"":""q04_event_oldest"",""topology_id"":""eu_us_gac"",""weight"":2.990201568205176}]",0.34596126857363885,1.0
coordinator_physical,warm_start_cross_query,26,q10_tenant_min::run-1,q10_tenant_min,1ffceae8ec4dc807efe850ad847328743196a4fc73e3da8ce9c3268b0eb210fe,tenant_min,1,5,eu_us_apac_gac,3,n3-medium-balanced-wide-global-dim-v1,transport,"[""increase_gac_work_mem"",""regional_topk_candidates"",""mitigate_remote_path_bundle""]",explicit_panel_contract_and_result_equivalence,5.171764,51,51,0,0.4998484493873059,0.7712676406493916,euclidean,available,mitigate_remote_path_bundle,mitigate_remote_path_bundle,mitigate_remote_path_bundle,True,0.0,True,0.0,38592.0,579.0,2778624.0,3691.634,30.516666666666666,7.273,-0.04531532866803254,1.8346099646151068,2.398953593198019,-0.0152279019519483,1.5949990223674917,3.3317455284481,"[{""action_gains"":{""increase_gac_work_mem"":-0.0113274524048228,""mitigate_remote_path_bundle"":2.755693328342921,""regional_topk_candidates"":3.047649640005925},""distance"":0.4998484493873059,""episode_id"":""q06_tenant_sum::run-1"",""normalized_sql_hash"":""82a4b1652b8883fb8dad714052530b1788280c0ae3dd3cb8823fe3b0d8dea3ac"",""query_id"":""q06_tenant_sum"",""topology_id"":""eu_us_gac"",""weight"":2.000602383829286},{""action_gains"":{""increase_gac_work_mem"":-0.0098099219860758,""mitigate_remote_path_bundle"":1.993424827708021,""regional_topk_candidates"":0.6178171990686502},""distance"":0.6001562167425427,""episode_id"":""q09_tenant_max::run-1"",""normalized_sql_hash"":""0a1845d5eee8a966fc7841a83bbfa0c28f21ecba6942182b9a8b2e287f92f63b"",""query_id"":""q09_tenant_max"",""topology_id"":""eu_us_apac_gac"",""weight"":1.6662300678939983},{""action_gains"":{""increase_gac_work_mem"":-0.0190705540866633,""mitigate_remote_path_bundle"":3.203301466828472,""regional_topk_candidates"":0.7633310432797628},""distance"":0.6398270203837131,""episode_id"":""reference::fuzzy-memory-topk-panel-v1::fuzzy_topk_transport_severe::raw-small-balanced-v1::{\""cutoff_ts\"":\""2026-06-24 00:00:00+00\"",\""limit_k\"":100}"",""normalized_sql_hash"":""nan"",""query_id"":""fuzzy-memory-topk-panel-v1::fuzzy_topk_transport_severe::raw-small-balanced-v1::{\""cutoff_ts\"":\""2026-06-24 00:00:00+00\"",\""limit_k\"":100}"",""topology_id"":""eu_us_gac"",""weight"":1.5629199849676592},{""action_gains"":{""increase_gac_work_mem"":0.0072951999589837,""mitigate_remote_path_bundle"":2.646928961962837,""regional_topk_candidates"":2.9074514602042885},""distance"":0.6768299102252566,""episode_id"":""reference::fuzzy-memory-topk-panel-v1::fuzzy_topk_balanced::raw-large-balanced-v1::{\""cutoff_ts\"":\""2026-06-29 00:00:00+00\"",\""limit_k\"":100}"",""normalized_sql_hash"":""nan"",""query_id"":""fuzzy-memory-topk-panel-v1::fuzzy_topk_balanced::raw-large-balanced-v1::{\""cutoff_ts\"":\""2026-06-29 00:00:00+00\"",\""limit_k\"":100}"",""topology_id"":""eu_us_gac"",""weight"":1.4774738932463785},{""action_gains"":{""increase_gac_work_mem"":-0.2189988838292833,""mitigate_remote_path_bundle"":1.2254340435854414,""regional_topk_candidates"":1.6155677957074597},""distance"":0.7063008408997508,""episode_id"":""q05_event_deviation::run-1"",""normalized_sql_hash"":""bd5d33dbf428b5dfe5fde653651a56bf4036327ea0a4ea3cb42a933b2a2200b1"",""query_id"":""q05_event_deviation"",""topology_id"":""eu_us_gac"",""weight"":1.4158252776548197}]",0.6480868936319482,1.0
coordinator_physical,warm_start_cross_query,27,q10_tenant_min::run-2,q10_tenant_min,1ffceae8ec4dc807efe850ad847328743196a4fc73e3da8ce9c3268b0eb210fe,tenant_min,2,5,eu_us_apac_gac,3,n3-medium-balanced-wide-global-dim-v1,transport,"[""increase_gac_work_mem"",""regional_topk_candidates"",""mitigate_remote_path_bundle""]",explicit_panel_contract_and_result_equivalence,5.173816,52,51,1,0.404744516484949,0.7712676406493916,euclidean,available,mitigate_remote_path_bundle,mitigate_remote_path_bundle,mitigate_remote_path_bundle,True,0.0,True,0.0,38592.0,581.0,2778624.0,3683.865,30.48333333333333,5.354,0.012847670702921634,0.1450422909636436,3.085907627887383,-0.0055403245600634,1.6670659134424273,3.4653048889107207,"[{""action_gains"":{""increase_gac_work_mem"":0.0137676500397462,""mitigate_remote_path_bundle"":3.288965909245521,""regional_topk_candidates"":0.0523781778984862},""distance"":0.404744516484949,""episode_id"":""q04_event_oldest::run-4"",""normalized_sql_hash"":""7ac514d1b6aff5b67e0ed359f81f5121c7bf970bcc0b492f338fd0abac46c36e"",""query_id"":""q04_event_oldest"",""topology_id"":""eu_us_gac"",""weight"":2.4706882702113546},{""action_gains"":{""increase_gac_work_mem"":0.009230508233768,""mitigate_remote_path_bundle"":3.408545258460241,""regional_topk_candidates"":0.0366362612175297},""distance"":0.40592859665595454,""episode_id"":""q04_event_oldest::run-3"",""normalized_sql_hash"":""7ac514d1b6aff5b67e0ed359f81f5121c7bf970bcc0b492f338fd0abac46c36e"",""query_id"":""q04_event_oldest"",""topology_id"":""eu_us_gac"",""weight"":2.4634813727256986},{""action_gains"":{""increase_gac_work_mem"":0.0105978840767133,""mitigate_remote_path_bundle"":3.3135646401821126,""regional_topk_candidates"":0.0442818066513621},""distance"":0.40647312309592426,""episode_id"":""q04_event_oldest::run-2"",""normalized_sql_hash"":""7ac514d1b6aff5b67e0ed359f81f5121c7bf970bcc0b492f338fd0abac46c36e"",""query_id"":""q04_event_oldest"",""topology_id"":""eu_us_gac"",""weight"":2.460181210020125},{""action_gains"":{""increase_gac_work_mem"":0.0094718463899962,""mitigate_remote_path_bundle"":3.308023136004272,""regional_topk_candidates"":-0.0141705521924664},""distance"":0.41879253189533133,""episode_id"":""q04_event_oldest::run-1"",""normalized_sql_hash"":""7ac514d1b6aff5b67e0ed359f81f5121c7bf970bcc0b492f338fd0abac46c36e"",""query_id"":""q04_event_oldest"",""topology_id"":""eu_us_gac"",""weight"":2.3878114723365145},{""action_gains"":{""increase_gac_work_mem"":0.0235774955198211,""mitigate_remote_path_bundle"":1.8201093118769007,""regional_topk_candidates"":0.741129797923938},""distance"":0.5302978086599247,""episode_id"":""q09_tenant_max::run-3"",""normalized_sql_hash"":""0a1845d5eee8a966fc7841a83bbfa0c28f21ecba6942182b9a8b2e287f92f63b"",""query_id"":""q09_tenant_max"",""topology_id"":""eu_us_apac_gac"",""weight"":1.8857292976520523}]",0.5247782937504838,1.0
coordinator_physical,warm_start_cross_query,28,q10_tenant_min::run-3,q10_tenant_min,1ffceae8ec4dc807efe850ad847328743196a4fc73e3da8ce9c3268b0eb210fe,tenant_min,3,5,eu_us_apac_gac,3,n3-medium-balanced-wide-global-dim-v1,transport,"[""increase_gac_work_mem"",""regional_topk_candidates"",""mitigate_remote_path_bundle""]",explicit_panel_contract_and_result_equivalence,5.284548,53,51,2,0.4104528638394356,0.7712676406493916,euclidean,available,mitigate_remote_path_bundle,mitigate_remote_path_bundle,mitigate_remote_path_bundle,True,0.0,True,0.0,38592.0,583.0,2778624.0,3694.029,30.53333333333333,9.058,0.012848946841406734,0.1451260503033994,3.0857080547398197,0.0360130863917107,1.6725292573066506,3.5011137901178766,"[{""action_gains"":{""increase_gac_work_mem"":0.0137676500397462,""mitigate_remote_path_bundle"":3.288965909245521,""regional_topk_candidates"":0.0523781778984862},""distance"":0.4104528638394356,""episode_id"":""q04_event_oldest::run-4"",""normalized_sql_hash"":""7ac514d1b6aff5b67e0ed359f81f5121c7bf970bcc0b492f338fd0abac46c36e"",""query_id"":""q04_event_oldest"",""topology_id"":""eu_us_gac"",""weight"":2.4363274124060568},{""action_gains"":{""increase_gac_work_mem"":0.009230508233768,""mitigate_remote_path_bundle"":3.408545258460241,""regional_topk_candidates"":0.0366362612175297},""distance"":0.41159115741185204,""episode_id"":""q04_event_oldest::run-3"",""normalized_sql_hash"":""7ac514d1b6aff5b67e0ed359f81f5121c7bf970bcc0b492f338fd0abac46c36e"",""query_id"":""q04_event_oldest"",""topology_id"":""eu_us_gac"",""weight"":2.4295895390430595},{""action_gains"":{""increase_gac_work_mem"":0.0105978840767133,""mitigate_remote_path_bundle"":3.3135646401821126,""regional_topk_candidates"":0.0442818066513621},""distance"":0.4119311550806232,""episode_id"":""q04_event_oldest::run-2"",""normalized_sql_hash"":""7ac514d1b6aff5b67e0ed359f81f5121c7bf970bcc0b492f338fd0abac46c36e"",""query_id"":""q04_event_oldest"",""topology_id"":""eu_us_gac"",""weight"":2.42758422149463},{""action_gains"":{""increase_gac_work_mem"":0.0094718463899962,""mitigate_remote_path_bundle"":3.308023136004272,""regional_topk_candidates"":-0.0141705521924664},""distance"":0.4242233586746828,""episode_id"":""q04_event_oldest::run-1"",""normalized_sql_hash"":""7ac514d1b6aff5b67e0ed359f81f5121c7bf970bcc0b492f338fd0abac46c36e"",""query_id"":""q04_event_oldest"",""topology_id"":""eu_us_gac"",""weight"":2.357243235923781},{""action_gains"":{""increase_gac_work_mem"":0.0235774955198211,""mitigate_remote_path_bundle"":1.8201093118769007,""regional_topk_candidates"":0.741129797923938},""distance"":0.5370077338435439,""episode_id"":""q09_tenant_max::run-3"",""normalized_sql_hash"":""0a1845d5eee8a966fc7841a83bbfa0c28f21ecba6942182b9a8b2e287f92f63b"",""query_id"":""q09_tenant_max"",""topology_id"":""eu_us_apac_gac"",""weight"":1.8621671063758662}]",0.5321795472889834,1.0
coordinator_physical,warm_start_cross_query,29,q10_tenant_min::run-4,q10_tenant_min,1ffceae8ec4dc807efe850ad847328743196a4fc73e3da8ce9c3268b0eb210fe,tenant_min,4,5,eu_us_apac_gac,3,n3-medium-balanced-wide-global-dim-v1,transport,"[""increase_gac_work_mem"",""regional_topk_candidates"",""mitigate_remote_path_bundle""]",explicit_panel_contract_and_result_equivalence,5.180567,54,51,3,0.4048754105460264,0.7712676406493916,euclidean,available,mitigate_remote_path_bundle,mitigate_remote_path_bundle,mitigate_remote_path_bundle,True,0.0,True,0.0,38592.0,580.0,2778624.0,3679.365,30.5,7.636,0.01284614757698313,0.144952507011698,3.0860983758931155,-0.0081606287519814,1.62577245151283,3.458012893313503,"[{""action_gains"":{""increase_gac_work_mem"":0.0137676500397462,""mitigate_remote_path_bundle"":3.288965909245521,""regional_topk_candidates"":0.0523781778984862},""distance"":0.4048754105460264,""episode_id"":""q04_event_oldest::run-4"",""normalized_sql_hash"":""7ac514d1b6aff5b67e0ed359f81f5121c7bf970bcc0b492f338fd0abac46c36e"",""query_id"":""q04_event_oldest"",""topology_id"":""eu_us_gac"",""weight"":2.4698895118423305},{""action_gains"":{""increase_gac_work_mem"":0.009230508233768,""mitigate_remote_path_bundle"":3.408545258460241,""regional_topk_candidates"":0.0366362612175297},""distance"":0.40610543185243314,""episode_id"":""q04_event_oldest::run-3"",""normalized_sql_hash"":""7ac514d1b6aff5b67e0ed359f81f5121c7bf970bcc0b492f338fd0abac46c36e"",""query_id"":""q04_event_oldest"",""topology_id"":""eu_us_gac"",""weight"":2.4624086731120034},{""action_gains"":{""increase_gac_work_mem"":0.0105978840767133,""mitigate_remote_path_bundle"":3.3135646401821126,""regional_topk_candidates"":0.0442818066513621},""distance"":0.40677373054417515,""episode_id"":""q04_event_oldest::run-2"",""normalized_sql_hash"":""7ac514d1b6aff5b67e0ed359f81f5121c7bf970bcc0b492f338fd0abac46c36e"",""query_id"":""q04_event_oldest"",""topology_id"":""eu_us_gac"",""weight"":2.458363130527356},{""action_gains"":{""increase_gac_work_mem"":0.0094718463899962,""mitigate_remote_path_bundle"":3.308023136004272,""regional_topk_candidates"":-0.0141705521924664},""distance"":0.41898941450784916,""episode_id"":""q04_event_oldest::run-1"",""normalized_sql_hash"":""7ac514d1b6aff5b67e0ed359f81f5121c7bf970bcc0b492f338fd0abac46c36e"",""query_id"":""q04_event_oldest"",""topology_id"":""eu_us_gac"",""weight"":2.386689445329224},{""action_gains"":{""increase_gac_work_mem"":0.0235774955198211,""mitigate_remote_path_bundle"":1.8201093118769007,""regional_topk_candidates"":0.741129797923938},""distance"":0.5310532695949559,""episode_id"":""q09_tenant_max::run-3"",""normalized_sql_hash"":""0a1845d5eee8a966fc7841a83bbfa0c28f21ecba6942182b9a8b2e287f92f63b"",""query_id"":""q09_tenant_max"",""topology_id"":""eu_us_apac_gac"",""weight"":1.8830467190532465}]",0.5249480066415461,1.0
coordinator_physical,warm_start_cross_query,30,q10_tenant_min::run-5,q10_tenant_min,1ffceae8ec4dc807efe850ad847328743196a4fc73e3da8ce9c3268b0eb210fe,tenant_min,5,5,eu_us_apac_gac,3,n3-medium-balanced-wide-global-dim-v1,transport,"[""increase_gac_work_mem"",""regional_topk_candidates"",""mitigate_remote_path_bundle""]",explicit_panel_contract_and_result_equivalence,5.44602,55,51,4,0.41800159255448727,0.7712676406493916,euclidean,available,mitigate_remote_path_bundle,mitigate_remote_path_bundle,mitigate_remote_path_bundle,True,0.0,True,0.0,38592.0,584.0,2778624.0,3744.704,30.5,13.435,0.012854127918534899,0.1454431394333276,3.085005957270815,0.0597814596106214,1.7150745043587334,3.4915839085451066,"[{""action_gains"":{""increase_gac_work_mem"":0.0137676500397462,""mitigate_remote_path_bundle"":3.288965909245521,""regional_topk_candidates"":0.0523781778984862},""distance"":0.41800159255448727,""episode_id"":""q04_event_oldest::run-4"",""normalized_sql_hash"":""7ac514d1b6aff5b67e0ed359f81f5121c7bf970bcc0b492f338fd0abac46c36e"",""query_id"":""q04_event_oldest"",""topology_id"":""eu_us_gac"",""weight"":2.392329659700971},{""action_gains"":{""increase_gac_work_mem"":0.0105978840767133,""mitigate_remote_path_bundle"":3.3135646401821126,""regional_topk_candidates"":0.0442818066513621},""distance"":0.41871810650396263,""episode_id"":""q04_event_oldest::run-2"",""normalized_sql_hash"":""7ac514d1b6aff5b67e0ed359f81f5121c7bf970bcc0b492f338fd0abac46c36e"",""query_id"":""q04_event_oldest"",""topology_id"":""eu_us_gac"",""weight"":2.388235894820664},{""action_gains"":{""increase_gac_work_mem"":0.009230508233768,""mitigate_remote_path_bundle"":3.408545258460241,""regional_topk_candidates"":0.0366362612175297},""distance"":0.4189654590311773,""episode_id"":""q04_event_oldest::run-3"",""normalized_sql_hash"":""7ac514d1b6aff5b67e0ed359f81f5121c7bf970bcc0b492f338fd0abac46c36e"",""query_id"":""q04_event_oldest"",""topology_id"":""eu_us_gac"",""weight"":2.386825910390085},{""action_gains"":{""increase_gac_work_mem"":0.0094718463899962,""mitigate_remote_path_bundle"":3.308023136004272,""regional_topk_candidates"":-0.0141705521924664},""distance"":0.4312376927807221,""episode_id"":""q04_event_oldest::run-1"",""normalized_sql_hash"":""7ac514d1b6aff5b67e0ed359f81f5121c7bf970bcc0b492f338fd0abac46c36e"",""query_id"":""q04_event_oldest"",""topology_id"":""eu_us_gac"",""weight"":2.318901380466998},{""action_gains"":{""increase_gac_work_mem"":0.0235774955198211,""mitigate_remote_path_bundle"":1.8201093118769007,""regional_topk_candidates"":0.741129797923938},""distance"":0.5444671677734398,""episode_id"":""q09_tenant_max::run-3"",""normalized_sql_hash"":""0a1845d5eee8a966fc7841a83bbfa0c28f21ecba6942182b9a8b2e287f92f63b"",""query_id"":""q09_tenant_max"",""topology_id"":""eu_us_apac_gac"",""weight"":1.8366546644763864}]",0.5419669781588898,1.0
coordinator_physical,warm_start_cross_query,31,q11_tenant_high_count::run-1,q11_tenant_high_count,5e5d10fdfa8932055d31658300e8657de100e5a9a6617c3c715332b89e01839c,tenant_high_count,1,1,eu_us_apac_gac,3,n3-medium-balanced-wide-global-dim-v1,memory,"[""increase_gac_work_mem"",""regional_topk_candidates"",""mitigate_remote_path_bundle""]",explicit_panel_contract_and_result_equivalence,2.199413,56,56,0,0.5517524284397342,0.7712676406493916,euclidean,available,regional_topk_candidates,regional_topk_candidates,regional_topk_candidates,True,0.0,True,0.0,135888.0,1229.0,9783936.0,1324.037,5.448333333333333,19.048,-0.04161511385336517,1.695502489548837,1.6287855417840902,0.0937873302573581,1.689951973975143,1.1890485176438446,"[{""action_gains"":{""increase_gac_work_mem"":-0.2189988838292833,""mitigate_remote_path_bundle"":1.2254340435854414,""regional_topk_candidates"":1.6155677957074597},""distance"":0.5517524284397342,""episode_id"":""q05_event_deviation::run-1"",""normalized_sql_hash"":""bd5d33dbf428b5dfe5fde653651a56bf4036327ea0a4ea3cb42a933b2a2200b1"",""query_id"":""q05_event_deviation"",""topology_id"":""eu_us_gac"",""weight"":1.8124037812104434},{""action_gains"":{""increase_gac_work_mem"":0.0274589574398124,""mitigate_remote_path_bundle"":1.3346582999179395,""regional_topk_candidates"":2.0868568298219983},""distance"":0.5714098141663723,""episode_id"":""reference::fuzzy-memory-topk-panel-v1::fuzzy_topk_memory_severe::raw-large-balanced-v1::{\""cutoff_ts\"":\""2026-06-29 00:00:00+00\"",\""limit_k\"":100}"",""normalized_sql_hash"":""nan"",""query_id"":""fuzzy-memory-topk-panel-v1::fuzzy_topk_memory_severe::raw-large-balanced-v1::{\""cutoff_ts\"":\""2026-06-29 00:00:00+00\"",\""limit_k\"":100}"",""topology_id"":""eu_us_gac"",""weight"":1.7500543833054574},{""action_gains"":{""increase_gac_work_mem"":-0.0152279019519483,""mitigate_remote_path_bundle"":3.3317455284481,""regional_topk_candidates"":1.5949990223674917},""distance"":0.5962251439038346,""episode_id"":""q10_tenant_min::run-1"",""normalized_sql_hash"":""1ffceae8ec4dc807efe850ad847328743196a4fc73e3da8ce9c3268b0eb210fe"",""query_id"":""q10_tenant_min"",""topology_id"":""eu_us_apac_gac"",""weight"":1.6772159527464299},{""action_gains"":{""increase_gac_work_mem"":0.0486061304280509,""mitigate_remote_path_bundle"":1.1748579673493134,""regional_topk_candidates"":1.6292173868977764},""distance"":0.6403594642974056,""episode_id"":""q05_event_deviation::run-4"",""normalized_sql_hash"":""bd5d33dbf428b5dfe5fde653651a56bf4036327ea0a4ea3cb42a933b2a2200b1"",""query_id"":""q05_event_deviation"",""topology_id"":""eu_us_gac"",""weight"":1.5616204555932192},{""action_gains"":{""increase_gac_work_mem"":-0.0316462744395453,""mitigate_remote_path_bundle"":1.047395285262899,""regional_topk_candidates"":1.5227227683950888},""distance"":0.6448456335315349,""episode_id"":""q05_event_deviation::run-3"",""normalized_sql_hash"":""bd5d33dbf428b5dfe5fde653651a56bf4036327ea0a4ea3cb42a933b2a2200b1"",""query_id"":""q05_event_deviation"",""topology_id"":""eu_us_gac"",""weight"":1.5507563318171482}]",0.7153838685299566,1.0
coordinator_physical,warm_start_cross_query,32,q12_tenant_user_sum::run-1,q12_tenant_user_sum,78f49b835f2ec263b24cbefa86d9c89533b4c254bff2e0e54dc23ae3e08a65f4,tenant_user_sum,1,2,eu_us_apac_gac,3,n3-medium-balanced-wide-global-dim-v1,balanced,"[""increase_gac_work_mem"",""regional_topk_candidates"",""mitigate_remote_path_bundle""]",explicit_panel_contract_and_result_equivalence,10.10244,57,57,0,0.5693397706447708,0.7712676406493916,euclidean,available,regional_topk_candidates,regional_topk_candidates,regional_topk_candidates,True,0.0,True,0.0,271368.0,7040.0,19538496.0,8336.346000000001,15.449999999999998,11.262,0.02679662606742685,3.929570484758998,1.600717210252996,0.0620501007483585,2.722186807479819,2.60350925502538,"[{""action_gains"":{""increase_gac_work_mem"":0.0206639435078385,""mitigate_remote_path_bundle"":1.3965019409035595,""regional_topk_candidates"":4.495349709290721},""distance"":0.5693397706447708,""episode_id"":""q08_tenant_avg::run-1"",""normalized_sql_hash"":""8e8d2f98539f4a009d76e2bafa2994da93c550be0df9a6a7019b81cb79140fb8"",""query_id"":""q08_tenant_avg"",""topology_id"":""eu_us_gac"",""weight"":1.7564173366111009},{""action_gains"":{""increase_gac_work_mem"":0.0078718370666349,""mitigate_remote_path_bundle"":1.4283978240698936,""regional_topk_candidates"":3.251278574713406},""distance"":0.7175077881654577,""episode_id"":""reference::fuzzy-memory-topk-panel-v1::fuzzy_topk_memory_severe::raw-large-balanced-v1::{\""cutoff_ts\"":\""2026-06-24 00:00:00+00\"",\""limit_k\"":100}"",""normalized_sql_hash"":""nan"",""query_id"":""fuzzy-memory-topk-panel-v1::fuzzy_topk_memory_severe::raw-large-balanced-v1::{\""cutoff_ts\"":\""2026-06-24 00:00:00+00\"",\""limit_k\"":100}"",""topology_id"":""eu_us_gac"",""weight"":1.39371115238438},{""action_gains"":{""increase_gac_work_mem"":0.0268770971362172,""mitigate_remote_path_bundle"":1.4095299228143046,""regional_topk_candidates"":4.231723759789755},""distance"":0.7328694514333683,""episode_id"":""q08_tenant_avg::run-3"",""normalized_sql_hash"":""8e8d2f98539f4a009d76e2bafa2994da93c550be0df9a6a7019b81cb79140fb8"",""query_id"":""q08_tenant_avg"",""topology_id"":""eu_us_gac"",""weight"":1.3644976380807443},{""action_gains"":{""increase_gac_work_mem"":0.0735851486077056,""mitigate_remote_path_bundle"":1.1931412104635313,""regional_topk_candidates"":4.607859831466466},""distance"":0.7385828816318757,""episode_id"":""q08_tenant_avg::run-2"",""normalized_sql_hash"":""8e8d2f98539f4a009d76e2bafa2994da93c550be0df9a6a7019b81cb79140fb8"",""query_id"":""q08_tenant_avg"",""topology_id"":""eu_us_gac"",""weight"":1.3539423549164575},{""action_gains"":{""increase_gac_work_mem"":0.0072951999589837,""mitigate_remote_path_bundle"":2.646928961962837,""regional_topk_candidates"":2.9074514602042885},""distance"":0.7411732847673345,""episode_id"":""reference::fuzzy-memory-topk-panel-v1::fuzzy_topk_balanced::raw-large-balanced-v1::{\""cutoff_ts\"":\""2026-06-29 00:00:00+00\"",\""limit_k\"":100}"",""normalized_sql_hash"":""nan"",""query_id"":""fuzzy-memory-topk-panel-v1::fuzzy_topk_balanced::raw-large-balanced-v1::{\""cutoff_ts\"":\""2026-06-29 00:00:00+00\"",\""limit_k\"":100}"",""topology_id"":""eu_us_gac"",""weight"":1.3492103281941503}]",0.7381870321506013,1.0
coordinator_physical,warm_start_cross_query,33,q12_tenant_user_sum::run-2,q12_tenant_user_sum,78f49b835f2ec263b24cbefa86d9c89533b4c254bff2e0e54dc23ae3e08a65f4,tenant_user_sum,2,2,eu_us_apac_gac,3,n3-medium-balanced-wide-global-dim-v1,balanced,"[""increase_gac_work_mem"",""regional_topk_candidates"",""mitigate_remote_path_bundle""]",explicit_panel_contract_and_result_equivalence,9.618568,58,57,1,0.47662818292430637,0.7712676406493916,euclidean,available,regional_topk_candidates,regional_topk_candidates,regional_topk_candidates,True,0.0,True,0.0,271368.0,7040.0,19538496.0,7740.160000000001,15.45,15.881,0.04764548903636491,3.667084218409839,1.513837548203234,0.0468398291295993,2.642596705948222,2.3849689300931085,"[{""action_gains"":{""increase_gac_work_mem"":0.0268770971362172,""mitigate_remote_path_bundle"":1.4095299228143046,""regional_topk_candidates"":4.231723759789755},""distance"":0.47662818292430637,""episode_id"":""q08_tenant_avg::run-3"",""normalized_sql_hash"":""8e8d2f98539f4a009d76e2bafa2994da93c550be0df9a6a7019b81cb79140fb8"",""query_id"":""q08_tenant_avg"",""topology_id"":""eu_us_gac"",""weight"":2.0980670840686027},{""action_gains"":{""increase_gac_work_mem"":0.0735851486077056,""mitigate_remote_path_bundle"":1.1931412104635313,""regional_topk_candidates"":4.607859831466466},""distance"":0.48339374604257757,""episode_id"":""q08_tenant_avg::run-2"",""normalized_sql_hash"":""8e8d2f98539f4a009d76e2bafa2994da93c550be0df9a6a7019b81cb79140fb8"",""query_id"":""q08_tenant_avg"",""topology_id"":""eu_us_gac"",""weight"":2.068702666271676},{""action_gains"":{""increase_gac_work_mem"":0.0206639435078385,""mitigate_remote_path_bundle"":1.3965019409035595,""regional_topk_candidates"":4.495349709290721},""distance"":0.6422326173759294,""episode_id"":""q08_tenant_avg::run-1"",""normalized_sql_hash"":""8e8d2f98539f4a009d76e2bafa2994da93c550be0df9a6a7019b81cb79140fb8"",""query_id"":""q08_tenant_avg"",""topology_id"":""eu_us_gac"",""weight"":1.5570657980904994},{""action_gains"":{""increase_gac_work_mem"":0.1061461385855623,""mitigate_remote_path_bundle"":1.1903135901596489,""regional_topk_candidates"":1.7019159811692757},""distance"":0.7478960173901777,""episode_id"":""q05_event_deviation::run-5"",""normalized_sql_hash"":""bd5d33dbf428b5dfe5fde653651a56bf4036327ea0a4ea3cb42a933b2a2200b1"",""query_id"":""q05_event_deviation"",""topology_id"":""eu_us_gac"",""weight"":1.3370824816089621},{""action_gains"":{""increase_gac_work_mem"":0.0128070569269704,""mitigate_remote_path_bundle"":2.640761425802023,""regional_topk_candidates"":2.3178971333467917},""distance"":0.7525120733243665,""episode_id"":""reference::fuzzy-memory-topk-panel-v1::fuzzy_topk_balanced::raw-large-balanced-v1::{\""cutoff_ts\"":\""2026-06-29 00:00:00+00\"",\""limit_k\"":10000}"",""normalized_sql_hash"":""nan"",""query_id"":""fuzzy-memory-topk-panel-v1::fuzzy_topk_balanced::raw-large-balanced-v1::{\""cutoff_ts\"":\""2026-06-29 00:00:00+00\"",\""limit_k\"":10000}"",""topology_id"":""eu_us_gac"",""weight"":1.3288805675924191}]",0.6179802675540688,1.0
coordinator_physical,warm_start_cross_query,34,q13_tenant_user_count::run-1,q13_tenant_user_count,8abd4dad5be8a8b072675fe97f3c25d8b29f0a4ad601501d7ca205a8f9a80277,tenant_user_count,1,3,eu_us_apac_gac,3,n3-large-balanced-wide-global-dim-v1,transport,"[""increase_gac_work_mem"",""regional_topk_candidates"",""mitigate_remote_path_bundle""]",explicit_panel_contract_and_result_equivalence,11.057233,59,59,0,0.3623909761676751,0.7712676406493916,euclidean,available,regional_topk_candidates,regional_topk_candidates,mitigate_remote_path_bundle,False,1.049339771001879,False,1.049339771001879,96873.0,3273.0,6974856.0,9055.064,30.48333333333333,8.657,-0.005292863543668017,3.201422504734595,3.1398229171977237,-0.0169087536433568,2.533280904815219,3.582620675817098,"[{""action_gains"":{""increase_gac_work_mem"":-0.0113274524048228,""mitigate_remote_path_bundle"":2.755693328342921,""regional_topk_candidates"":3.047649640005925},""distance"":0.3623909761676751,""episode_id"":""q06_tenant_sum::run-1"",""normalized_sql_hash"":""82a4b1652b8883fb8dad714052530b1788280c0ae3dd3cb8823fe3b0d8dea3ac"",""query_id"":""q06_tenant_sum"",""topology_id"":""eu_us_gac"",""weight"":2.7594429947789743},{""action_gains"":{""increase_gac_work_mem"":0.0072951999589837,""mitigate_remote_path_bundle"":2.646928961962837,""regional_topk_candidates"":2.9074514602042885},""distance"":0.4185531447946981,""episode_id"":""reference::fuzzy-memory-topk-panel-v1::fuzzy_topk_balanced::raw-large-balanced-v1::{\""cutoff_ts\"":\""2026-06-29 00:00:00+00\"",\""limit_k\"":100}"",""normalized_sql_hash"":""nan"",""query_id"":""fuzzy-memory-topk-panel-v1::fuzzy_topk_balanced::raw-large-balanced-v1::{\""cutoff_ts\"":\""2026-06-29 00:00:00+00\"",\""limit_k\"":100}"",""topology_id"":""eu_us_gac"",""weight"":2.3891771529117283},{""action_gains"":{""increase_gac_work_mem"":0.0081868930148983,""mitigate_remote_path_bundle"":4.360051703774939,""regional_topk_candidates"":4.127185858907333},""distance"":0.5293718894536726,""episode_id"":""reference::fuzzy-memory-topk-panel-v1::fuzzy_topk_transport_severe::raw-large-balanced-v1::{\""cutoff_ts\"":\""2026-06-29 00:00:00+00\"",\""limit_k\"":100}"",""normalized_sql_hash"":""nan"",""query_id"":""fuzzy-memory-topk-panel-v1::fuzzy_topk_transport_severe::raw-large-balanced-v1::{\""cutoff_ts\"":\""2026-06-29 00:00:00+00\"",\""limit_k\"":100}"",""topology_id"":""eu_us_gac"",""weight"":1.8890276021350987},{""action_gains"":{""increase_gac_work_mem"":-0.0152279019519483,""mitigate_remote_path_bundle"":3.3317455284481,""regional_topk_candidates"":1.5949990223674917},""distance"":0.6746825099379015,""episode_id"":""q10_tenant_min::run-1"",""normalized_sql_hash"":""1ffceae8ec4dc807efe850ad847328743196a4fc73e3da8ce9c3268b0eb210fe"",""query_id"":""q10_tenant_min"",""topology_id"":""eu_us_apac_gac"",""weight"":1.482176435721752},{""action_gains"":{""increase_gac_work_mem"":-0.0218364506141406,""mitigate_remote_path_bundle"":2.898860761936939,""regional_topk_candidates"":4.405764321102397},""distance"":0.6847171839035938,""episode_id"":""reference::fuzzy-memory-topk-panel-v1::fuzzy_topk_balanced::raw-large-balanced-v1::{\""cutoff_ts\"":\""2026-06-24 00:00:00+00\"",\""limit_k\"":100}"",""normalized_sql_hash"":""nan"",""query_id"":""fuzzy-memory-topk-panel-v1::fuzzy_topk_balanced::raw-large-balanced-v1::{\""cutoff_ts\"":\""2026-06-24 00:00:00+00\"",\""limit_k\"":100}"",""topology_id"":""eu_us_gac"",""weight"":1.4604548608581962}]",0.4698641004341234,1.0
coordinator_physical,warm_start_cross_query,35,q13_tenant_user_count::run-2,q13_tenant_user_count,8abd4dad5be8a8b072675fe97f3c25d8b29f0a4ad601501d7ca205a8f9a80277,tenant_user_count,2,3,eu_us_apac_gac,3,n3-large-balanced-wide-global-dim-v1,transport,"[""increase_gac_work_mem"",""regional_topk_candidates"",""mitigate_remote_path_bundle""]",explicit_panel_contract_and_result_equivalence,10.876636,60,59,1,0.41199800874867926,0.7712676406493916,euclidean,available,mitigate_remote_path_bundle,mitigate_remote_path_bundle,mitigate_remote_path_bundle,True,0.0,True,0.0,96873.0,3278.0,6974856.0,9037.682,30.516666666666666,6.022,0.041982052903593595,2.144880771981581,3.041012666863588,0.000215558798449,2.489066964314711,3.427266215127879,"[{""action_gains"":{""increase_gac_work_mem"":0.0620501007483585,""mitigate_remote_path_bundle"":2.60350925502538,""regional_topk_candidates"":2.722186807479819},""distance"":0.41199800874867926,""episode_id"":""q12_tenant_user_sum::run-1"",""normalized_sql_hash"":""78f49b835f2ec263b24cbefa86d9c89533b4c254bff2e0e54dc23ae3e08a65f4"",""query_id"":""q12_tenant_user_sum"",""topology_id"":""eu_us_apac_gac"",""weight"":2.427190305717467},{""action_gains"":{""increase_gac_work_mem"":0.0468398291295993,""mitigate_remote_path_bundle"":2.3849689300931085,""regional_topk_candidates"":2.642596705948222},""distance"":0.592024257756113,""episode_id"":""q12_tenant_user_sum::run-2"",""normalized_sql_hash"":""78f49b835f2ec263b24cbefa86d9c89533b4c254bff2e0e54dc23ae3e08a65f4"",""query_id"":""q12_tenant_user_sum"",""topology_id"":""eu_us_apac_gac"",""weight"":1.6891171227899768},{""action_gains"":{""increase_gac_work_mem"":0.0597814596106214,""mitigate_remote_path_bundle"":3.4915839085451066,""regional_topk_candidates"":1.7150745043587334},""distance"":0.6085560981927375,""episode_id"":""q10_tenant_min::run-5"",""normalized_sql_hash"":""1ffceae8ec4dc807efe850ad847328743196a4fc73e3da8ce9c3268b0eb210fe"",""query_id"":""q10_tenant_min"",""topology_id"":""eu_us_apac_gac"",""weight"":1.643231182365221},{""action_gains"":{""increase_gac_work_mem"":0.0360130863917107,""mitigate_remote_path_bundle"":3.5011137901178766,""regional_topk_candidates"":1.6725292573066506},""distance"":0.6160383491229753,""episode_id"":""q10_tenant_min::run-3"",""normalized_sql_hash"":""1ffceae8ec4dc807efe850ad847328743196a4fc73e3da8ce9c3268b0eb210fe"",""query_id"":""q10_tenant_min"",""topology_id"":""eu_us_apac_gac"",""weight"":1.6232729312237124},{""action_gains"":{""increase_gac_work_mem"":-0.0055403245600634,""mitigate_remote_path_bundle"":3.4653048889107207,""regional_topk_candidates"":1.6670659134424273},""distance"":0.6214209793534438,""episode_id"":""q10_tenant_min::run-2"",""normalized_sql_hash"":""1ffceae8ec4dc807efe850ad847328743196a4fc73e3da8ce9c3268b0eb210fe"",""query_id"":""q10_tenant_min"",""topology_id"":""eu_us_apac_gac"",""weight"":1.6092124727233599}]",0.5341829308458804,1.0
coordinator_physical,warm_start_cross_query,36,q13_tenant_user_count::run-3,q13_tenant_user_count,8abd4dad5be8a8b072675fe97f3c25d8b29f0a4ad601501d7ca205a8f9a80277,tenant_user_count,3,3,eu_us_apac_gac,3,n3-large-balanced-wide-global-dim-v1,transport,"[""increase_gac_work_mem"",""regional_topk_candidates"",""mitigate_remote_path_bundle""]",explicit_panel_contract_and_result_equivalence,10.89305,61,59,2,0.41837224685768837,0.7712676406493916,euclidean,available,mitigate_remote_path_bundle,mitigate_remote_path_bundle,mitigate_remote_path_bundle,True,0.0,True,0.0,96873.0,3280.0,6974856.0,9042.603,30.516666666666666,6.786,0.041869909914971325,2.140599450326007,3.04514516948063,0.0022388104984377,2.4918301675269805,3.425023746163733,"[{""action_gains"":{""increase_gac_work_mem"":0.0620501007483585,""mitigate_remote_path_bundle"":2.60350925502538,""regional_topk_candidates"":2.722186807479819},""distance"":0.41837224685768837,""episode_id"":""q12_tenant_user_sum::run-1"",""normalized_sql_hash"":""78f49b835f2ec263b24cbefa86d9c89533b4c254bff2e0e54dc23ae3e08a65f4"",""query_id"":""q12_tenant_user_sum"",""topology_id"":""eu_us_apac_gac"",""weight"":2.390210195108758},{""action_gains"":{""increase_gac_work_mem"":0.0468398291295993,""mitigate_remote_path_bundle"":2.3849689300931085,""regional_topk_candidates"":2.642596705948222},""distance"":0.6010375819711922,""episode_id"":""q12_tenant_user_sum::run-2"",""normalized_sql_hash"":""78f49b835f2ec263b24cbefa86d9c89533b4c254bff2e0e54dc23ae3e08a65f4"",""query_id"":""q12_tenant_user_sum"",""topology_id"":""eu_us_apac_gac"",""weight"":1.6637867018791983},{""action_gains"":{""increase_gac_work_mem"":0.0597814596106214,""mitigate_remote_path_bundle"":3.4915839085451066,""regional_topk_candidates"":1.7150745043587334},""distance"":0.607595747746106,""episode_id"":""q10_tenant_min::run-5"",""normalized_sql_hash"":""1ffceae8ec4dc807efe850ad847328743196a4fc73e3da8ce9c3268b0eb210fe"",""query_id"":""q10_tenant_min"",""topology_id"":""eu_us_apac_gac"",""weight"":1.6458284276693758},{""action_gains"":{""increase_gac_work_mem"":0.0360130863917107,""mitigate_remote_path_bundle"":3.5011137901178766,""regional_topk_candidates"":1.6725292573066506},""distance"":0.6147953364607271,""episode_id"":""q10_tenant_min::run-3"",""normalized_sql_hash"":""1ffceae8ec4dc807efe850ad847328743196a4fc73e3da8ce9c3268b0eb210fe"",""query_id"":""q10_tenant_min"",""topology_id"":""eu_us_apac_gac"",""weight"":1.6265549104550974},{""action_gains"":{""increase_gac_work_mem"":-0.0055403245600634,""mitigate_remote_path_bundle"":3.4653048889107207,""regional_topk_candidates"":1.6670659134424273},""distance"":0.6200918024641435,""episode_id"":""q10_tenant_min::run-2"",""normalized_sql_hash"":""1ffceae8ec4dc807efe850ad847328743196a4fc73e3da8ce9c3268b0eb210fe"",""query_id"":""q10_tenant_min"",""topology_id"":""eu_us_apac_gac"",""weight"":1.6126618403344946}]",0.5424475562146333,1.0
coordinator_physical,warm_start_cross_query,37,q14_tenant_day_sum::run-1,q14_tenant_day_sum,44073d33245743b2bdd8be67d3286ec8caaa2e4cceb2969efcfaa87d76883995,tenant_day_sum,1,4,eu_us_apac_gac,3,n3-large-balanced-wide-global-dim-v1,memory,"[""increase_gac_work_mem"",""regional_topk_candidates"",""mitigate_remote_path_bundle""]",explicit_panel_contract_and_result_equivalence,9.034733,62,62,0,0.5662643073470933,0.7712676406493916,euclidean,available,regional_topk_candidates,regional_topk_candidates,mitigate_remote_path_bundle,False,0.9477271125121352,False,0.9477271125121352,677828.0,17881.0,48803616.0,6438.397999999999,5.483333333333333,22.605,0.02406148245994129,3.146734734798655,1.8151055343098312,0.0635345663129016,0.2853191710203477,1.233046283532483,"[{""action_gains"":{""increase_gac_work_mem"":0.0078718370666349,""mitigate_remote_path_bundle"":1.4283978240698936,""regional_topk_candidates"":3.251278574713406},""distance"":0.5662643073470933,""episode_id"":""reference::fuzzy-memory-topk-panel-v1::fuzzy_topk_memory_severe::raw-large-balanced-v1::{\""cutoff_ts\"":\""2026-06-24 00:00:00+00\"",\""limit_k\"":100}"",""normalized_sql_hash"":""nan"",""query_id"":""fuzzy-memory-topk-panel-v1::fuzzy_topk_memory_severe::raw-large-balanced-v1::{\""cutoff_ts\"":\""2026-06-24 00:00:00+00\"",\""limit_k\"":100}"",""topology_id"":""eu_us_gac"",""weight"":1.765956676182262},{""action_gains"":{""increase_gac_work_mem"":0.0206639435078385,""mitigate_remote_path_bundle"":1.3965019409035595,""regional_topk_candidates"":4.495349709290721},""distance"":0.7096421742097859,""episode_id"":""q08_tenant_avg::run-1"",""normalized_sql_hash"":""8e8d2f98539f4a009d76e2bafa2994da93c550be0df9a6a7019b81cb79140fb8"",""query_id"":""q08_tenant_avg"",""topology_id"":""eu_us_gac"",""weight"":1.409158907381216},{""action_gains"":{""increase_gac_work_mem"":0.0620501007483585,""mitigate_remote_path_bundle"":2.60350925502538,""regional_topk_candidates"":2.722186807479819},""distance"":0.8069962023211688,""episode_id"":""q12_tenant_user_sum::run-1"",""normalized_sql_hash"":""78f49b835f2ec263b24cbefa86d9c89533b4c254bff2e0e54dc23ae3e08a65f4"",""query_id"":""q12_tenant_user_sum"",""topology_id"":""eu_us_apac_gac"",""weight"":1.239161668867868},{""action_gains"":{""increase_gac_work_mem"":0.0274589574398124,""mitigate_remote_path_bundle"":1.3346582999179395,""regional_topk_candidates"":2.0868568298219983},""distance"":0.8128925862625549,""episode_id"":""reference::fuzzy-memory-topk-panel-v1::fuzzy_topk_memory_severe::raw-large-balanced-v1::{\""cutoff_ts\"":\""2026-06-29 00:00:00+00\"",\""limit_k\"":100}"",""normalized_sql_hash"":""nan"",""query_id"":""fuzzy-memory-topk-panel-v1::fuzzy_topk_memory_severe::raw-large-balanced-v1::{\""cutoff_ts\"":\""2026-06-29 00:00:00+00\"",\""limit_k\"":100}"",""topology_id"":""eu_us_gac"",""weight"":1.230173317761929},{""action_gains"":{""increase_gac_work_mem"":0.0072951999589837,""mitigate_remote_path_bundle"":2.646928961962837,""regional_topk_candidates"":2.9074514602042885},""distance"":0.9379393658345654,""episode_id"":""reference::fuzzy-memory-topk-panel-v1::fuzzy_topk_balanced::raw-large-balanced-v1::{\""cutoff_ts\"":\""2026-06-29 00:00:00+00\"",\""limit_k\"":100}"",""normalized_sql_hash"":""nan"",""query_id"":""fuzzy-memory-topk-panel-v1::fuzzy_topk_balanced::raw-large-balanced-v1::{\""cutoff_ts\"":\""2026-06-29 00:00:00+00\"",\""limit_k\"":100}"",""topology_id"":""eu_us_gac"",""weight"":1.0661658634450761}]",0.7341994886111264,1.0
coordinator_physical,warm_start_cross_query,38,q14_tenant_day_sum::run-2,q14_tenant_day_sum,44073d33245743b2bdd8be67d3286ec8caaa2e4cceb2969efcfaa87d76883995,tenant_day_sum,2,4,eu_us_apac_gac,3,n3-large-balanced-wide-global-dim-v1,memory,"[""increase_gac_work_mem"",""regional_topk_candidates"",""mitigate_remote_path_bundle""]",explicit_panel_contract_and_result_equivalence,9.406107,63,62,1,0.5926830671901004,0.7712676406493916,euclidean,available,regional_topk_candidates,regional_topk_candidates,mitigate_remote_path_bundle,False,0.97116891238259,False,0.97116891238259,677828.0,17797.0,48803616.0,6560.417000000001,5.448333333333333,26.332,0.045237575976175746,3.795800107603671,1.750690775568906,0.1056924575119,0.3492104306271075,1.3203793430096975,"[{""action_gains"":{""increase_gac_work_mem"":0.0468398291295993,""mitigate_remote_path_bundle"":2.3849689300931085,""regional_topk_candidates"":2.642596705948222},""distance"":0.5926830671901004,""episode_id"":""q12_tenant_user_sum::run-2"",""normalized_sql_hash"":""78f49b835f2ec263b24cbefa86d9c89533b4c254bff2e0e54dc23ae3e08a65f4"",""query_id"":""q12_tenant_user_sum"",""topology_id"":""eu_us_apac_gac"",""weight"":1.6872395519943257},{""action_gains"":{""increase_gac_work_mem"":0.0268770971362172,""mitigate_remote_path_bundle"":1.4095299228143046,""regional_topk_candidates"":4.231723759789755},""distance"":0.595896077430436,""episode_id"":""q08_tenant_avg::run-3"",""normalized_sql_hash"":""8e8d2f98539f4a009d76e2bafa2994da93c550be0df9a6a7019b81cb79140fb8"",""query_id"":""q08_tenant_avg"",""topology_id"":""eu_us_gac"",""weight"":1.6781421454726604},{""action_gains"":{""increase_gac_work_mem"":0.0735851486077056,""mitigate_remote_path_bundle"":1.1931412104635313,""regional_topk_candidates"":4.607859831466466},""distance"":0.5971289625106341,""episode_id"":""q08_tenant_avg::run-2"",""normalized_sql_hash"":""8e8d2f98539f4a009d76e2bafa2994da93c550be0df9a6a7019b81cb79140fb8"",""query_id"":""q08_tenant_avg"",""topology_id"":""eu_us_gac"",""weight"":1.6746773111091227},{""action_gains"":{""increase_gac_work_mem"":0.0206639435078385,""mitigate_remote_path_bundle"":1.3965019409035595,""regional_topk_candidates"":4.495349709290721},""distance"":0.6291230120711515,""episode_id"":""q08_tenant_avg::run-1"",""normalized_sql_hash"":""8e8d2f98539f4a009d76e2bafa2994da93c550be0df9a6a7019b81cb79140fb8"",""query_id"":""q08_tenant_avg"",""topology_id"":""eu_us_gac"",""weight"":1.5895117350677497},{""action_gains"":{""increase_gac_work_mem"":0.0620501007483585,""mitigate_remote_path_bundle"":2.60350925502538,""regional_topk_candidates"":2.722186807479819},""distance"":0.8536368593389566,""episode_id"":""q12_tenant_user_sum::run-1"",""normalized_sql_hash"":""78f49b835f2ec263b24cbefa86d9c89533b4c254bff2e0e54dc23ae3e08a65f4"",""query_id"":""q12_tenant_user_sum"",""topology_id"":""eu_us_apac_gac"",""weight"":1.1714569463617557}]",0.7684531749459544,1.0
coordinator_physical,warm_start_cross_query,39,q14_tenant_day_sum::run-3,q14_tenant_day_sum,44073d33245743b2bdd8be67d3286ec8caaa2e4cceb2969efcfaa87d76883995,tenant_day_sum,3,4,eu_us_apac_gac,3,n3-large-balanced-wide-global-dim-v1,memory,"[""increase_gac_work_mem"",""regional_topk_candidates"",""mitigate_remote_path_bundle""]",explicit_panel_contract_and_result_equivalence,9.193089,64,62,2,0.46980713879710395,0.7712676406493916,euclidean,available,regional_topk_candidates,regional_topk_candidates,mitigate_remote_path_bundle,False,0.9298375423042682,False,0.9298375423042682,677828.0,17765.0,48803616.0,6471.401,5.473333333333334,23.523,0.04535337539514852,3.769866976913047,1.7652915323545904,0.0468458501152429,0.2983051381180681,1.2281426804223363,"[{""action_gains"":{""increase_gac_work_mem"":0.0468398291295993,""mitigate_remote_path_bundle"":2.3849689300931085,""regional_topk_candidates"":2.642596705948222},""distance"":0.46980713879710395,""episode_id"":""q12_tenant_user_sum::run-2"",""normalized_sql_hash"":""78f49b835f2ec263b24cbefa86d9c89533b4c254bff2e0e54dc23ae3e08a65f4"",""query_id"":""q12_tenant_user_sum"",""topology_id"":""eu_us_apac_gac"",""weight"":2.1285284724108835},{""action_gains"":{""increase_gac_work_mem"":0.0268770971362172,""mitigate_remote_path_bundle"":1.4095299228143046,""regional_topk_candidates"":4.231723759789755},""distance"":0.5138150992737907,""episode_id"":""q08_tenant_avg::run-3"",""normalized_sql_hash"":""8e8d2f98539f4a009d76e2bafa2994da93c550be0df9a6a7019b81cb79140fb8"",""query_id"":""q08_tenant_avg"",""topology_id"":""eu_us_gac"",""weight"":1.9462216178382972},{""action_gains"":{""increase_gac_work_mem"":0.0735851486077056,""mitigate_remote_path_bundle"":1.1931412104635313,""regional_topk_candidates"":4.607859831466466},""distance"":0.5165760027418803,""episode_id"":""q08_tenant_avg::run-2"",""normalized_sql_hash"":""8e8d2f98539f4a009d76e2bafa2994da93c550be0df9a6a7019b81cb79140fb8"",""query_id"":""q08_tenant_avg"",""topology_id"":""eu_us_gac"",""weight"":1.9358198191019222},{""action_gains"":{""increase_gac_work_mem"":0.0206639435078385,""mitigate_remote_path_bundle"":1.3965019409035595,""regional_topk_candidates"":4.495349709290721},""distance"":0.5516820339636556,""episode_id"":""q08_tenant_avg::run-1"",""normalized_sql_hash"":""8e8d2f98539f4a009d76e2bafa2994da93c550be0df9a6a7019b81cb79140fb8"",""query_id"":""q08_tenant_avg"",""topology_id"":""eu_us_gac"",""weight"":1.8126350430161664},{""action_gains"":{""increase_gac_work_mem"":0.0620501007483585,""mitigate_remote_path_bundle"":2.60350925502538,""regional_topk_candidates"":2.722186807479819},""distance"":0.7292322199272135,""episode_id"":""q12_tenant_user_sum::run-1"",""normalized_sql_hash"":""78f49b835f2ec263b24cbefa86d9c89533b4c254bff2e0e54dc23ae3e08a65f4"",""query_id"":""q12_tenant_user_sum"",""topology_id"":""eu_us_apac_gac"",""weight"":1.371303408393562}]",0.6091363283458073,1.0
coordinator_physical,warm_start_cross_query,40,q14_tenant_day_sum::run-4,q14_tenant_day_sum,44073d33245743b2bdd8be67d3286ec8caaa2e4cceb2969efcfaa87d76883995,tenant_day_sum,4,4,eu_us_apac_gac,3,n3-large-balanced-wide-global-dim-v1,memory,"[""increase_gac_work_mem"",""regional_topk_candidates"",""mitigate_remote_path_bundle""]",explicit_panel_contract_and_result_equivalence,9.050832,65,62,3,0.4375239508481425,0.7712676406493916,euclidean,available,regional_topk_candidates,regional_topk_candidates,mitigate_remote_path_bundle,False,1.0620701052466557,False,1.0620701052466557,677828.0,17767.0,48803616.0,6452.588,5.47,23.018,0.04541843945740896,3.756082655615423,1.7734878439412494,0.0572275554466537,0.1205952939116147,1.1826653991582703,"[{""action_gains"":{""increase_gac_work_mem"":0.0468398291295993,""mitigate_remote_path_bundle"":2.3849689300931085,""regional_topk_candidates"":2.642596705948222},""distance"":0.4375239508481425,""episode_id"":""q12_tenant_user_sum::run-2"",""normalized_sql_hash"":""78f49b835f2ec263b24cbefa86d9c89533b4c254bff2e0e54dc23ae3e08a65f4"",""query_id"":""q12_tenant_user_sum"",""topology_id"":""eu_us_apac_gac"",""weight"":2.28558393769658},{""action_gains"":{""increase_gac_work_mem"":0.0268770971362172,""mitigate_remote_path_bundle"":1.4095299228143046,""regional_topk_candidates"":4.231723759789755},""distance"":0.49808261145828076,""episode_id"":""q08_tenant_avg::run-3"",""normalized_sql_hash"":""8e8d2f98539f4a009d76e2bafa2994da93c550be0df9a6a7019b81cb79140fb8"",""query_id"":""q08_tenant_avg"",""topology_id"":""eu_us_gac"",""weight"":2.007695047568855},{""action_gains"":{""increase_gac_work_mem"":0.0735851486077056,""mitigate_remote_path_bundle"":1.1931412104635313,""regional_topk_candidates"":4.607859831466466},""distance"":0.5013591667782885,""episode_id"":""q08_tenant_avg::run-2"",""normalized_sql_hash"":""8e8d2f98539f4a009d76e2bafa2994da93c550be0df9a6a7019b81cb79140fb8"",""query_id"":""q08_tenant_avg"",""topology_id"":""eu_us_gac"",""weight"":1.9945740931632887},{""action_gains"":{""increase_gac_work_mem"":0.0206639435078385,""mitigate_remote_path_bundle"":1.3965019409035595,""regional_topk_candidates"":4.495349709290721},""distance"":0.5369170527151915,""episode_id"":""q08_tenant_avg::run-1"",""normalized_sql_hash"":""8e8d2f98539f4a009d76e2bafa2994da93c550be0df9a6a7019b81cb79140fb8"",""query_id"":""q08_tenant_avg"",""topology_id"":""eu_us_gac"",""weight"":1.8624816113799967},{""action_gains"":{""increase_gac_work_mem"":0.0620501007483585,""mitigate_remote_path_bundle"":2.60350925502538,""regional_topk_candidates"":2.722186807479819},""distance"":0.6958593443141746,""episode_id"":""q12_tenant_user_sum::run-1"",""normalized_sql_hash"":""78f49b835f2ec263b24cbefa86d9c89533b4c254bff2e0e54dc23ae3e08a65f4"",""query_id"":""q12_tenant_user_sum"",""topology_id"":""eu_us_apac_gac"",""weight"":1.4370699640681193}]",0.5672790193554034,1.0
coordinator_physical,warm_start_cross_query,41,q15_tenant_day_count::run-1,q15_tenant_day_count,0a85603a4adfceca9159f8d60d621bb9b8b84fb3eb21b6d02815abb8ca0c6ca9,tenant_day_count,1,5,eu_us_apac_gac,3,n3-large-balanced-wide-global-dim-v1,balanced,"[""increase_gac_work_mem"",""regional_topk_candidates"",""mitigate_remote_path_bundle""]",explicit_panel_contract_and_result_equivalence,43.305353,66,66,0,0.48859922034176684,0.7712676406493916,euclidean,available,regional_topk_candidates,regional_topk_candidates,mitigate_remote_path_bundle,False,2.324167293349686,False,2.324167293349686,1355647.0,23192.0,97606584.0,38135.303,15.466666666666669,11.41,0.013640405917114289,4.699659254923142,3.182959335517724,-0.0003058943797565,0.3143085514529989,2.638475844802685,"[{""action_gains"":{""increase_gac_work_mem"":0.0095142040035063,""mitigate_remote_path_bundle"":4.358137982011629,""regional_topk_candidates"":5.78740087138428},""distance"":0.48859922034176684,""episode_id"":""q07_tenant_count::run-1"",""normalized_sql_hash"":""e2883a3d8a1df39316eb339275178d1251674b54de02a31a771e6d2aeced7e7b"",""query_id"":""q07_tenant_count"",""topology_id"":""eu_us_gac"",""weight"":2.046663014806908},{""action_gains"":{""increase_gac_work_mem"":0.0206639435078385,""mitigate_remote_path_bundle"":1.3965019409035595,""regional_topk_candidates"":4.495349709290721},""distance"":0.5539082488315852,""episode_id"":""q08_tenant_avg::run-1"",""normalized_sql_hash"":""8e8d2f98539f4a009d76e2bafa2994da93c550be0df9a6a7019b81cb79140fb8"",""query_id"":""q08_tenant_avg"",""topology_id"":""eu_us_gac"",""weight"":1.8053498873857},{""action_gains"":{""increase_gac_work_mem"":-0.0218364506141406,""mitigate_remote_path_bundle"":2.898860761936939,""regional_topk_candidates"":4.405764321102397},""distance"":0.5793363833916252,""episode_id"":""reference::fuzzy-memory-topk-panel-v1::fuzzy_topk_balanced::raw-large-balanced-v1::{\""cutoff_ts\"":\""2026-06-24 00:00:00+00\"",\""limit_k\"":100}"",""normalized_sql_hash"":""nan"",""query_id"":""fuzzy-memory-topk-panel-v1::fuzzy_topk_balanced::raw-large-balanced-v1::{\""cutoff_ts\"":\""2026-06-24 00:00:00+00\"",\""limit_k\"":100}"",""topology_id"":""eu_us_gac"",""weight"":1.7261099122340113},{""action_gains"":{""increase_gac_work_mem"":0.0051622454887038,""mitigate_remote_path_bundle"":4.594851458801552,""regional_topk_candidates"":5.689366145087311},""distance"":0.6576152124682285,""episode_id"":""reference::fuzzy-memory-topk-panel-v1::fuzzy_topk_transport_severe::raw-large-balanced-v1::{\""cutoff_ts\"":\""2026-06-24 00:00:00+00\"",\""limit_k\"":100}"",""normalized_sql_hash"":""nan"",""query_id"":""fuzzy-memory-topk-panel-v1::fuzzy_topk_transport_severe::raw-large-balanced-v1::{\""cutoff_ts\"":\""2026-06-24 00:00:00+00\"",\""limit_k\"":100}"",""topology_id"":""eu_us_gac"",""weight"":1.5206437752601987},{""action_gains"":{""increase_gac_work_mem"":0.0620501007483585,""mitigate_remote_path_bundle"":2.60350925502538,""regional_topk_candidates"":2.722186807479819},""distance"":0.6926127306173288,""episode_id"":""q12_tenant_user_sum::run-1"",""normalized_sql_hash"":""78f49b835f2ec263b24cbefa86d9c89533b4c254bff2e0e54dc23ae3e08a65f4"",""query_id"":""q12_tenant_user_sum"",""topology_id"":""eu_us_apac_gac"",""weight"":1.443806202208404}]",0.633501516970654,1.0
coordinator_physical,warm_start_cross_query,42,q15_tenant_day_count::run-2,q15_tenant_day_count,0a85603a4adfceca9159f8d60d621bb9b8b84fb3eb21b6d02815abb8ca0c6ca9,tenant_day_count,2,5,eu_us_apac_gac,3,n3-large-balanced-wide-global-dim-v1,balanced,"[""increase_gac_work_mem"",""regional_topk_candidates"",""mitigate_remote_path_bundle""]",explicit_panel_contract_and_result_equivalence,43.930507,67,66,1,0.4817891092753803,0.7712676406493916,euclidean,available,regional_topk_candidates,regional_topk_candidates,mitigate_remote_path_bundle,False,2.370011686112306,False,2.370011686112306,1355647.0,23168.0,97606584.0,38299.485,15.466666666666669,11.429,0.03435353419970817,4.5160598365414115,2.166302891409611,0.0402636837051016,0.3184915280019471,2.688503214114253,"[{""action_gains"":{""increase_gac_work_mem"":0.0058933650242485,""mitigate_remote_path_bundle"":4.322867216809753,""regional_topk_candidates"":5.944838229402522},""distance"":0.4817891092753803,""episode_id"":""q07_tenant_count::run-2"",""normalized_sql_hash"":""e2883a3d8a1df39316eb339275178d1251674b54de02a31a771e6d2aeced7e7b"",""query_id"":""q07_tenant_count"",""topology_id"":""eu_us_gac"",""weight"":2.075592629960825},{""action_gains"":{""increase_gac_work_mem"":0.0268770971362172,""mitigate_remote_path_bundle"":1.4095299228143046,""regional_topk_candidates"":4.231723759789755},""distance"":0.4921214234402495,""episode_id"":""q08_tenant_avg::run-3"",""normalized_sql_hash"":""8e8d2f98539f4a009d76e2bafa2994da93c550be0df9a6a7019b81cb79140fb8"",""query_id"":""q08_tenant_avg"",""topology_id"":""eu_us_gac"",""weight"":2.0320147027834303},{""action_gains"":{""increase_gac_work_mem"":0.0735851486077056,""mitigate_remote_path_bundle"":1.1931412104635313,""regional_topk_candidates"":4.607859831466466},""distance"":0.49223270376976325,""episode_id"":""q08_tenant_avg::run-2"",""normalized_sql_hash"":""8e8d2f98539f4a009d76e2bafa2994da93c550be0df9a6a7019b81cb79140fb8"",""query_id"":""q08_tenant_avg"",""topology_id"":""eu_us_gac"",""weight"":2.0315553208598223},{""action_gains"":{""increase_gac_work_mem"":0.0206639435078385,""mitigate_remote_path_bundle"":1.3965019409035595,""regional_topk_candidates"":4.495349709290721},""distance"":0.6119926473481913,""episode_id"":""q08_tenant_avg::run-1"",""normalized_sql_hash"":""8e8d2f98539f4a009d76e2bafa2994da93c550be0df9a6a7019b81cb79140fb8"",""query_id"":""q08_tenant_avg"",""topology_id"":""eu_us_gac"",""weight"":1.6340038893100701},{""action_gains"":{""increase_gac_work_mem"":0.0468398291295993,""mitigate_remote_path_bundle"":2.3849689300931085,""regional_topk_candidates"":2.642596705948222},""distance"":0.7374542460258962,""episode_id"":""q12_tenant_user_sum::run-2"",""normalized_sql_hash"":""78f49b835f2ec263b24cbefa86d9c89533b4c254bff2e0e54dc23ae3e08a65f4"",""query_id"":""q12_tenant_user_sum"",""topology_id"":""eu_us_apac_gac"",""weight"":1.356014490898183}]",0.624671753205831,1.0
coordinator_physical,warm_start_cross_query,43,q15_tenant_day_count::run-3,q15_tenant_day_count,0a85603a4adfceca9159f8d60d621bb9b8b84fb3eb21b6d02815abb8ca0c6ca9,tenant_day_count,3,5,eu_us_apac_gac,3,n3-large-balanced-wide-global-dim-v1,balanced,"[""increase_gac_work_mem"",""regional_topk_candidates"",""mitigate_remote_path_bundle""]",explicit_panel_contract_and_result_equivalence,43.790276,68,66,2,0.478586620695854,0.7712676406493916,euclidean,available,regional_topk_candidates,regional_topk_candidates,mitigate_remote_path_bundle,False,2.3066214406166,False,2.3066214406166,1355647.0,23172.0,97606584.0,38388.8,15.466666666666669,11.109,0.03425484180851577,4.519178466518084,2.1739250928096587,0.0263610512328854,0.3243367692029089,2.630958209819509,"[{""action_gains"":{""increase_gac_work_mem"":0.0058933650242485,""mitigate_remote_path_bundle"":4.322867216809753,""regional_topk_candidates"":5.944838229402522},""distance"":0.478586620695854,""episode_id"":""q07_tenant_count::run-2"",""normalized_sql_hash"":""e2883a3d8a1df39316eb339275178d1251674b54de02a31a771e6d2aeced7e7b"",""query_id"":""q07_tenant_count"",""topology_id"":""eu_us_gac"",""weight"":2.089481542681831},{""action_gains"":{""increase_gac_work_mem"":0.0268770971362172,""mitigate_remote_path_bundle"":1.4095299228143046,""regional_topk_candidates"":4.231723759789755},""distance"":0.4966694375075757,""episode_id"":""q08_tenant_avg::run-3"",""normalized_sql_hash"":""8e8d2f98539f4a009d76e2bafa2994da93c550be0df9a6a7019b81cb79140fb8"",""query_id"":""q08_tenant_avg"",""topology_id"":""eu_us_gac"",""weight"":2.013407532403712},{""action_gains"":{""increase_gac_work_mem"":0.0735851486077056,""mitigate_remote_path_bundle"":1.1931412104635313,""regional_topk_candidates"":4.607859831466466},""distance"":0.4968567923296593,""episode_id"":""q08_tenant_avg::run-2"",""normalized_sql_hash"":""8e8d2f98539f4a009d76e2bafa2994da93c550be0df9a6a7019b81cb79140fb8"",""query_id"":""q08_tenant_avg"",""topology_id"":""eu_us_gac"",""weight"":2.012648317964815},{""action_gains"":{""increase_gac_work_mem"":0.0206639435078385,""mitigate_remote_path_bundle"":1.3965019409035595,""regional_topk_candidates"":4.495349709290721},""distance"":0.6156308828963588,""episode_id"":""q08_tenant_avg::run-1"",""normalized_sql_hash"":""8e8d2f98539f4a009d76e2bafa2994da93c550be0df9a6a7019b81cb79140fb8"",""query_id"":""q08_tenant_avg"",""topology_id"":""eu_us_gac"",""weight"":1.6243473214793673},{""action_gains"":{""increase_gac_work_mem"":0.0468398291295993,""mitigate_remote_path_bundle"":2.3849689300931085,""regional_topk_candidates"":2.642596705948222},""distance"":0.7388384927727721,""episode_id"":""q12_tenant_user_sum::run-2"",""normalized_sql_hash"":""78f49b835f2ec263b24cbefa86d9c89533b4c254bff2e0e54dc23ae3e08a65f4"",""query_id"":""q12_tenant_user_sum"",""topology_id"":""eu_us_apac_gac"",""weight"":1.3534739409328609}]",0.620519512905914,1.0
coordinator_physical,warm_start_cross_query,44,q15_tenant_day_count::run-4,q15_tenant_day_count,0a85603a4adfceca9159f8d60d621bb9b8b84fb3eb21b6d02815abb8ca0c6ca9,tenant_day_count,4,5,eu_us_apac_gac,3,n3-large-balanced-wide-global-dim-v1,balanced,"[""increase_gac_work_mem"",""regional_topk_candidates"",""mitigate_remote_path_bundle""]",explicit_panel_contract_and_result_equivalence,43.438149,69,66,3,0.4810301747703894,0.7712676406493916,euclidean,available,regional_topk_candidates,regional_topk_candidates,mitigate_remote_path_bundle,False,2.350102025368296,False,2.350102025368296,1355647.0,23162.0,97606584.0,38374.975,15.5,11.19,0.03432137795824554,4.5161083802824615,2.1692683509679047,-0.005900164795244,0.2887640632749367,2.638866088643233,"[{""action_gains"":{""increase_gac_work_mem"":0.0058933650242485,""mitigate_remote_path_bundle"":4.322867216809753,""regional_topk_candidates"":5.944838229402522},""distance"":0.4810301747703894,""episode_id"":""q07_tenant_count::run-2"",""normalized_sql_hash"":""e2883a3d8a1df39316eb339275178d1251674b54de02a31a771e6d2aeced7e7b"",""query_id"":""q07_tenant_count"",""topology_id"":""eu_us_gac"",""weight"":2.078867342594438},{""action_gains"":{""increase_gac_work_mem"":0.0268770971362172,""mitigate_remote_path_bundle"":1.4095299228143046,""regional_topk_candidates"":4.231723759789755},""distance"":0.4942828792840424,""episode_id"":""q08_tenant_avg::run-3"",""normalized_sql_hash"":""8e8d2f98539f4a009d76e2bafa2994da93c550be0df9a6a7019b81cb79140fb8"",""query_id"":""q08_tenant_avg"",""topology_id"":""eu_us_gac"",""weight"":2.0231288980099342},{""action_gains"":{""increase_gac_work_mem"":0.0735851486077056,""mitigate_remote_path_bundle"":1.1931412104635313,""regional_topk_candidates"":4.607859831466466},""distance"":0.49451108822849593,""episode_id"":""q08_tenant_avg::run-2"",""normalized_sql_hash"":""8e8d2f98539f4a009d76e2bafa2994da93c550be0df9a6a7019b81cb79140fb8"",""query_id"":""q08_tenant_avg"",""topology_id"":""eu_us_gac"",""weight"":2.022195258324882},{""action_gains"":{""increase_gac_work_mem"":0.0206639435078385,""mitigate_remote_path_bundle"":1.3965019409035595,""regional_topk_candidates"":4.495349709290721},""distance"":0.6136654163182932,""episode_id"":""q08_tenant_avg::run-1"",""normalized_sql_hash"":""8e8d2f98539f4a009d76e2bafa2994da93c550be0df9a6a7019b81cb79140fb8"",""query_id"":""q08_tenant_avg"",""topology_id"":""eu_us_gac"",""weight"":1.6295498228492356},{""action_gains"":{""increase_gac_work_mem"":0.0468398291295993,""mitigate_remote_path_bundle"":2.3849689300931085,""regional_topk_candidates"":2.642596705948222},""distance"":0.7357177871404247,""episode_id"":""q12_tenant_user_sum::run-2"",""normalized_sql_hash"":""78f49b835f2ec263b24cbefa86d9c89533b4c254bff2e0e54dc23ae3e08a65f4"",""query_id"":""q12_tenant_user_sum"",""topology_id"":""eu_us_apac_gac"",""weight"":1.3592149846910633}]",0.6236877439397974,1.0
coordinator_physical,warm_start_cross_query,45,q15_tenant_day_count::run-5,q15_tenant_day_count,0a85603a4adfceca9159f8d60d621bb9b8b84fb3eb21b6d02815abb8ca0c6ca9,tenant_day_count,5,5,eu_us_apac_gac,3,n3-large-balanced-wide-global-dim-v1,balanced,"[""increase_gac_work_mem"",""regional_topk_candidates"",""mitigate_remote_path_bundle""]",explicit_panel_contract_and_result_equivalence,44.029313,70,66,4,0.4666777646238115,0.7712676406493916,euclidean,available,regional_topk_candidates,regional_topk_candidates,mitigate_remote_path_bundle,False,2.0704200482816346,False,2.0704200482816346,1355647.0,23165.0,97606584.0,38540.881,15.466666666666669,12.979,0.034932664967624774,4.496890491145477,2.1224870186240548,0.0388865100561299,0.3289301569498578,2.3993502052314923,"[{""action_gains"":{""increase_gac_work_mem"":0.0735851486077056,""mitigate_remote_path_bundle"":1.1931412104635313,""regional_topk_candidates"":4.607859831466466},""distance"":0.4666777646238115,""episode_id"":""q08_tenant_avg::run-2"",""normalized_sql_hash"":""8e8d2f98539f4a009d76e2bafa2994da93c550be0df9a6a7019b81cb79140fb8"",""query_id"":""q08_tenant_avg"",""topology_id"":""eu_us_gac"",""weight"":2.14280159245321},{""action_gains"":{""increase_gac_work_mem"":0.0268770971362172,""mitigate_remote_path_bundle"":1.4095299228143046,""regional_topk_candidates"":4.231723759789755},""distance"":0.46688751780822446,""episode_id"":""q08_tenant_avg::run-3"",""normalized_sql_hash"":""8e8d2f98539f4a009d76e2bafa2994da93c550be0df9a6a7019b81cb79140fb8"",""query_id"":""q08_tenant_avg"",""topology_id"":""eu_us_gac"",""weight"":2.141838922692788},{""action_gains"":{""increase_gac_work_mem"":0.0058933650242485,""mitigate_remote_path_bundle"":4.322867216809753,""regional_topk_candidates"":5.944838229402522},""distance"":0.5019505947670221,""episode_id"":""q07_tenant_count::run-2"",""normalized_sql_hash"":""e2883a3d8a1df39316eb339275178d1251674b54de02a31a771e6d2aeced7e7b"",""query_id"":""q07_tenant_count"",""topology_id"":""eu_us_gac"",""weight"":1.9922239722420727},{""action_gains"":{""increase_gac_work_mem"":0.0206639435078385,""mitigate_remote_path_bundle"":1.3965019409035595,""regional_topk_candidates"":4.495349709290721},""distance"":0.5919468670588551,""episode_id"":""q08_tenant_avg::run-1"",""normalized_sql_hash"":""8e8d2f98539f4a009d76e2bafa2994da93c550be0df9a6a7019b81cb79140fb8"",""query_id"":""q08_tenant_avg"",""topology_id"":""eu_us_gac"",""weight"":1.6893379563450202},{""action_gains"":{""increase_gac_work_mem"":0.0468398291295993,""mitigate_remote_path_bundle"":2.3849689300931085,""regional_topk_candidates"":2.642596705948222},""distance"":0.7266389825529976,""episode_id"":""q12_tenant_user_sum::run-2"",""normalized_sql_hash"":""78f49b835f2ec263b24cbefa86d9c89533b4c254bff2e0e54dc23ae3e08a65f4"",""query_id"":""q12_tenant_user_sum"",""topology_id"":""eu_us_apac_gac"",""weight"":1.37619732468694}]",0.6050788857560242,1.0
full_multilayer,warm_start_cross_query,1,q01_event_value_desc::run-1,q01_event_value_desc,ad7f1beefcb86b44e6bcd60f1e092a838d67200996b3cf5a69df119b546d5ed5,event_value_desc,1,1,eu_us_gac,2,raw-small-balanced-v1,transport,"[""increase_gac_work_mem"",""regional_topk_candidates"",""mitigate_remote_path_bundle""]",explicit_panel_contract_and_result_equivalence,1.223234,26,26,0,1.3066471783160638,1.9533554892194174,euclidean,available,mitigate_remote_path_bundle,mitigate_remote_path_bundle,mitigate_remote_path_bundle,True,0.0,True,0.0,1389.0,9.0,100008.0,272.101,30.475,15.232,0.023300754094057057,0.3490078349678492,2.115375167255277,0.0389910134517095,0.148442525949881,2.4389637619025195,"[{""action_gains"":{""increase_gac_work_mem"":0.0044125939297464,""mitigate_remote_path_bundle"":2.703776598899469,""regional_topk_candidates"":0.2612314581242365},""distance"":1.3066471783160638,""episode_id"":""reference::fuzzy-memory-topk-panel-v1::fuzzy_topk_transport_severe::raw-small-balanced-v1::{\""cutoff_ts\"":\""2026-06-29 00:00:00+00\"",\""limit_k\"":100}"",""normalized_sql_hash"":"""",""query_id"":""fuzzy-memory-topk-panel-v1::fuzzy_topk_transport_severe::raw-small-balanced-v1::{\""cutoff_ts\"":\""2026-06-29 00:00:00+00\"",\""limit_k\"":100}"",""topology_id"":""eu_us_gac"",""weight"":0.7653169511082508},{""action_gains"":{""increase_gac_work_mem"":-0.0190705540866633,""mitigate_remote_path_bundle"":3.203301466828472,""regional_topk_candidates"":0.7633310432797628},""distance"":1.3960102549258415,""episode_id"":""reference::fuzzy-memory-topk-panel-v1::fuzzy_topk_transport_severe::raw-small-balanced-v1::{\""cutoff_ts\"":\""2026-06-24 00:00:00+00\"",\""limit_k\"":100}"",""normalized_sql_hash"":"""",""query_id"":""fuzzy-memory-topk-panel-v1::fuzzy_topk_transport_severe::raw-small-balanced-v1::{\""cutoff_ts\"":\""2026-06-24 00:00:00+00\"",\""limit_k\"":100}"",""topology_id"":""eu_us_gac"",""weight"":0.7163266030065938},{""action_gains"":{""increase_gac_work_mem"":0.0157288694887206,""mitigate_remote_path_bundle"":1.88707770205566,""regional_topk_candidates"":0.229469143231732},""distance"":1.4036395020608134,""episode_id"":""reference::fuzzy-memory-topk-panel-v1::fuzzy_topk_balanced::raw-small-balanced-v1::{\""cutoff_ts\"":\""2026-06-29 00:00:00+00\"",\""limit_k\"":100}"",""normalized_sql_hash"":"""",""query_id"":""fuzzy-memory-topk-panel-v1::fuzzy_topk_balanced::raw-small-balanced-v1::{\""cutoff_ts\"":\""2026-06-29 00:00:00+00\"",\""limit_k\"":100}"",""topology_id"":""eu_us_gac"",""weight"":0.7124331326517069},{""action_gains"":{""increase_gac_work_mem"":0.0698044793371713,""mitigate_remote_path_bundle"":0.5693747863972122,""regional_topk_candidates"":0.0315669702360576},""distance"":1.564282736536852,""episode_id"":""reference::fuzzy-memory-topk-panel-v1::fuzzy_topk_memory_severe::raw-small-balanced-v1::{\""cutoff_ts\"":\""2026-06-29 00:00:00+00\"",\""limit_k\"":100}"",""normalized_sql_hash"":"""",""query_id"":""fuzzy-memory-topk-panel-v1::fuzzy_topk_memory_severe::raw-small-balanced-v1::{\""cutoff_ts\"":\""2026-06-29 00:00:00+00\"",\""limit_k\"":100}"",""topology_id"":""eu_us_gac"",""weight"":0.6392702146311944},{""action_gains"":{""increase_gac_work_mem"":0.0558843856774697,""mitigate_remote_path_bundle"":1.990176655943472,""regional_topk_candidates"":0.44208027974939},""distance"":1.591529778889585,""episode_id"":""reference::fuzzy-memory-topk-panel-v1::fuzzy_topk_balanced::raw-small-balanced-v1::{\""cutoff_ts\"":\""2026-06-24 00:00:00+00\"",\""limit_k\"":100}"",""normalized_sql_hash"":"""",""query_id"":""fuzzy-memory-topk-panel-v1::fuzzy_topk_balanced::raw-small-balanced-v1::{\""cutoff_ts\"":\""2026-06-24 00:00:00+00\"",\""limit_k\"":100}"",""topology_id"":""eu_us_gac"",""weight"":0.6283258943303016}]",0.6689244152062739,1.0
full_multilayer,warm_start_cross_query,2,q02_event_value_asc::run-1,q02_event_value_asc,5456d57953fe990f1580484e462a435d7cf573381f761e43b638485f128031d7,event_value_asc,1,2,eu_us_gac,2,raw-small-balanced-v1,memory,"[""increase_gac_work_mem"",""regional_topk_candidates"",""mitigate_remote_path_bundle""]",explicit_panel_contract_and_result_equivalence,0.384738,27,27,0,0.5608011143596758,1.9533554892194174,euclidean,available,mitigate_remote_path_bundle,mitigate_remote_path_bundle,mitigate_remote_path_bundle,True,0.0,True,0.0,2685.0,19.0,193320.0,57.33400000000001,5.450000000000001,29.333,0.04157283919156512,0.20196053833029304,1.2856233030964628,0.1150579244177509,0.1636418321928228,0.9620528956614378,"[{""action_gains"":{""increase_gac_work_mem"":0.0698044793371713,""mitigate_remote_path_bundle"":0.5693747863972122,""regional_topk_candidates"":0.0315669702360576},""distance"":0.5608011143596758,""episode_id"":""reference::fuzzy-memory-topk-panel-v1::fuzzy_topk_memory_severe::raw-small-balanced-v1::{\""cutoff_ts\"":\""2026-06-29 00:00:00+00\"",\""limit_k\"":100}"",""normalized_sql_hash"":""nan"",""query_id"":""fuzzy-memory-topk-panel-v1::fuzzy_topk_memory_severe::raw-small-balanced-v1::{\""cutoff_ts\"":\""2026-06-29 00:00:00+00\"",\""limit_k\"":100}"",""topology_id"":""eu_us_gac"",""weight"":1.7831601814515277},{""action_gains"":{""increase_gac_work_mem"":0.0086254015965442,""mitigate_remote_path_bundle"":0.9391484986059694,""regional_topk_candidates"":0.3098490437160227},""distance"":0.786897951352881,""episode_id"":""reference::fuzzy-memory-topk-panel-v1::fuzzy_topk_memory_severe::raw-small-balanced-v1::{\""cutoff_ts\"":\""2026-06-24 00:00:00+00\"",\""limit_k\"":100}"",""normalized_sql_hash"":""nan"",""query_id"":""fuzzy-memory-topk-panel-v1::fuzzy_topk_memory_severe::raw-small-balanced-v1::{\""cutoff_ts\"":\""2026-06-24 00:00:00+00\"",\""limit_k\"":100}"",""topology_id"":""eu_us_gac"",""weight"":1.2708111991771545},{""action_gains"":{""increase_gac_work_mem"":0.0558843856774697,""mitigate_remote_path_bundle"":1.990176655943472,""regional_topk_candidates"":0.44208027974939},""distance"":1.308495028385548,""episode_id"":""reference::fuzzy-memory-topk-panel-v1::fuzzy_topk_balanced::raw-small-balanced-v1::{\""cutoff_ts\"":\""2026-06-24 00:00:00+00\"",\""limit_k\"":100}"",""normalized_sql_hash"":""nan"",""query_id"":""fuzzy-memory-topk-panel-v1::fuzzy_topk_balanced::raw-small-balanced-v1::{\""cutoff_ts\"":\""2026-06-24 00:00:00+00\"",\""limit_k\"":100}"",""topology_id"":""eu_us_gac"",""weight"":0.7642361752017105},{""action_gains"":{""increase_gac_work_mem"":0.0157288694887206,""mitigate_remote_path_bundle"":1.88707770205566,""regional_topk_candidates"":0.229469143231732},""distance"":1.4608315366543887,""episode_id"":""reference::fuzzy-memory-topk-panel-v1::fuzzy_topk_balanced::raw-small-balanced-v1::{\""cutoff_ts\"":\""2026-06-29 00:00:00+00\"",\""limit_k\"":100}"",""normalized_sql_hash"":""nan"",""query_id"":""fuzzy-memory-topk-panel-v1::fuzzy_topk_balanced::raw-small-balanced-v1::{\""cutoff_ts\"":\""2026-06-29 00:00:00+00\"",\""limit_k\"":100}"",""topology_id"":""eu_us_gac"",""weight"":0.6845411605427468},{""action_gains"":{""increase_gac_work_mem"":0.0389910134517095,""mitigate_remote_path_bundle"":2.4389637619025195,""regional_topk_candidates"":0.148442525949881},""distance"":1.5030665309169853,""episode_id"":""q01_event_value_desc::run-1"",""normalized_sql_hash"":""ad7f1beefcb86b44e6bcd60f1e092a838d67200996b3cf5a69df119b546d5ed5"",""query_id"":""q01_event_value_desc"",""topology_id"":""eu_us_gac"",""weight"":0.665306101975288}]",0.28709629018104543,1.0
full_multilayer,warm_start_cross_query,3,q02_event_value_asc::run-2,q02_event_value_asc,5456d57953fe990f1580484e462a435d7cf573381f761e43b638485f128031d7,event_value_asc,2,2,eu_us_gac,2,raw-small-balanced-v1,memory,"[""increase_gac_work_mem"",""regional_topk_candidates"",""mitigate_remote_path_bundle""]",explicit_panel_contract_and_result_equivalence,0.359615,28,27,1,0.8406466471524044,1.9533554892194174,euclidean,available,mitigate_remote_path_bundle,mitigate_remote_path_bundle,mitigate_remote_path_bundle,True,0.0,True,0.0,2685.0,19.0,193320.0,57.120000000000005,5.43,30.612,0.028613693161304996,0.17145944783995964,1.1564519729479323,-0.0663499323728781,0.0124944675739018,0.8193133052714852,"[{""action_gains"":{""increase_gac_work_mem"":0.0698044793371713,""mitigate_remote_path_bundle"":0.5693747863972122,""regional_topk_candidates"":0.0315669702360576},""distance"":0.8406466471524044,""episode_id"":""reference::fuzzy-memory-topk-panel-v1::fuzzy_topk_memory_severe::raw-small-balanced-v1::{\""cutoff_ts\"":\""2026-06-29 00:00:00+00\"",\""limit_k\"":100}"",""normalized_sql_hash"":""nan"",""query_id"":""fuzzy-memory-topk-panel-v1::fuzzy_topk_memory_severe::raw-small-balanced-v1::{\""cutoff_ts\"":\""2026-06-29 00:00:00+00\"",\""limit_k\"":100}"",""topology_id"":""eu_us_gac"",""weight"":1.189559030334984},{""action_gains"":{""increase_gac_work_mem"":-0.015044477780739,""mitigate_remote_path_bundle"":0.9739774093355236,""regional_topk_candidates"":-0.0135301914052389},""distance"":1.024470151439377,""episode_id"":""reference::fuzzy-memory-topk-panel-v1::fuzzy_topk_memory_severe::raw-small-balanced-v1::{\""cutoff_ts\"":\""2026-06-29 00:00:00+00\"",\""limit_k\"":10000}"",""normalized_sql_hash"":""nan"",""query_id"":""fuzzy-memory-topk-panel-v1::fuzzy_topk_memory_severe::raw-small-balanced-v1::{\""cutoff_ts\"":\""2026-06-29 00:00:00+00\"",\""limit_k\"":10000}"",""topology_id"":""eu_us_gac"",""weight"":0.9761133816164612},{""action_gains"":{""increase_gac_work_mem"":0.0086254015965442,""mitigate_remote_path_bundle"":0.9391484986059694,""regional_topk_candidates"":0.3098490437160227},""distance"":1.1649033730248637,""episode_id"":""reference::fuzzy-memory-topk-panel-v1::fuzzy_topk_memory_severe::raw-small-balanced-v1::{\""cutoff_ts\"":\""2026-06-24 00:00:00+00\"",\""limit_k\"":100}"",""normalized_sql_hash"":""nan"",""query_id"":""fuzzy-memory-topk-panel-v1::fuzzy_topk_memory_severe::raw-small-balanced-v1::{\""cutoff_ts\"":\""2026-06-24 00:00:00+00\"",\""limit_k\"":100}"",""topology_id"":""eu_us_gac"",""weight"":0.8584395622134523},{""action_gains"":{""increase_gac_work_mem"":0.0558843856774697,""mitigate_remote_path_bundle"":1.990176655943472,""regional_topk_candidates"":0.44208027974939},""distance"":1.4217802302088929,""episode_id"":""reference::fuzzy-memory-topk-panel-v1::fuzzy_topk_balanced::raw-small-balanced-v1::{\""cutoff_ts\"":\""2026-06-24 00:00:00+00\"",\""limit_k\"":100}"",""normalized_sql_hash"":""nan"",""query_id"":""fuzzy-memory-topk-panel-v1::fuzzy_topk_balanced::raw-small-balanced-v1::{\""cutoff_ts\"":\""2026-06-24 00:00:00+00\"",\""limit_k\"":100}"",""topology_id"":""eu_us_gac"",""weight"":0.7033430873560461},{""action_gains"":{""increase_gac_work_mem"":0.0157288694887206,""mitigate_remote_path_bundle"":1.88707770205566,""regional_topk_candidates"":0.229469143231732},""distance"":1.5329102612784462,""episode_id"":""reference::fuzzy-memory-topk-panel-v1::fuzzy_topk_balanced::raw-small-balanced-v1::{\""cutoff_ts\"":\""2026-06-29 00:00:00+00\"",\""limit_k\"":100}"",""normalized_sql_hash"":""nan"",""query_id"":""fuzzy-memory-topk-panel-v1::fuzzy_topk_balanced::raw-small-balanced-v1::{\""cutoff_ts\"":\""2026-06-29 00:00:00+00\"",\""limit_k\"":100}"",""topology_id"":""eu_us_gac"",""weight"":0.6523534827228037}]",0.4303602963167427,1.0
full_multilayer,warm_start_cross_query,4,q03_event_recent::run-1,q03_event_recent,76893bdca8771bf15968c663228c2bb3475ab41d7df033a16ad555cc74a679a3,event_recent,1,3,eu_us_gac,2,raw-small-balanced-v1,balanced,"[""increase_gac_work_mem"",""regional_topk_candidates"",""mitigate_remote_path_bundle""]",explicit_panel_contract_and_result_equivalence,0.95238,29,29,0,0.8707501206017914,1.9533554892194174,euclidean,available,mitigate_remote_path_bundle,mitigate_remote_path_bundle,mitigate_remote_path_bundle,True,0.0,True,0.0,9176.0,64.0,660672.0,340.35900000000004,15.475,20.161,0.018829630820244966,0.35816870780852417,2.297134872421318,0.0074479246782218,0.0486212889871827,2.074180777894477,"[{""action_gains"":{""increase_gac_work_mem"":0.0558843856774697,""mitigate_remote_path_bundle"":1.990176655943472,""regional_topk_candidates"":0.44208027974939},""distance"":0.8707501206017914,""episode_id"":""reference::fuzzy-memory-topk-panel-v1::fuzzy_topk_balanced::raw-small-balanced-v1::{\""cutoff_ts\"":\""2026-06-24 00:00:00+00\"",\""limit_k\"":100}"",""normalized_sql_hash"":""nan"",""query_id"":""fuzzy-memory-topk-panel-v1::fuzzy_topk_balanced::raw-small-balanced-v1::{\""cutoff_ts\"":\""2026-06-24 00:00:00+00\"",\""limit_k\"":100}"",""topology_id"":""eu_us_gac"",""weight"":1.1484337789986219},{""action_gains"":{""increase_gac_work_mem"":-0.0190705540866633,""mitigate_remote_path_bundle"":3.203301466828472,""regional_topk_candidates"":0.7633310432797628},""distance"":1.3795075512465522,""episode_id"":""reference::fuzzy-memory-topk-panel-v1::fuzzy_topk_transport_severe::raw-small-balanced-v1::{\""cutoff_ts\"":\""2026-06-24 00:00:00+00\"",\""limit_k\"":100}"",""normalized_sql_hash"":""nan"",""query_id"":""fuzzy-memory-topk-panel-v1::fuzzy_topk_transport_severe::raw-small-balanced-v1::{\""cutoff_ts\"":\""2026-06-24 00:00:00+00\"",\""limit_k\"":100}"",""topology_id"":""eu_us_gac"",""weight"":0.7248958327198332},{""action_gains"":{""increase_gac_work_mem"":0.0044125939297464,""mitigate_remote_path_bundle"":2.703776598899469,""regional_topk_candidates"":0.2612314581242365},""distance"":1.3819583307963828,""episode_id"":""reference::fuzzy-memory-topk-panel-v1::fuzzy_topk_transport_severe::raw-small-balanced-v1::{\""cutoff_ts\"":\""2026-06-29 00:00:00+00\"",\""limit_k\"":100}"",""normalized_sql_hash"":""nan"",""query_id"":""fuzzy-memory-topk-panel-v1::fuzzy_topk_transport_severe::raw-small-balanced-v1::{\""cutoff_ts\"":\""2026-06-29 00:00:00+00\"",\""limit_k\"":100}"",""topology_id"":""eu_us_gac"",""weight"":0.7236102956978693},{""action_gains"":{""increase_gac_work_mem"":0.0157288694887206,""mitigate_remote_path_bundle"":1.88707770205566,""regional_topk_candidates"":0.229469143231732},""distance"":1.4075556534405986,""episode_id"":""reference::fuzzy-memory-topk-panel-v1::fuzzy_topk_balanced::raw-small-balanced-v1::{\""cutoff_ts\"":\""2026-06-29 00:00:00+00\"",\""limit_k\"":100}"",""normalized_sql_hash"":""nan"",""query_id"":""fuzzy-memory-topk-panel-v1::fuzzy_topk_balanced::raw-small-balanced-v1::{\""cutoff_ts\"":\""2026-06-29 00:00:00+00\"",\""limit_k\"":100}"",""topology_id"":""eu_us_gac"",""weight"":0.7104509772701677},{""action_gains"":{""increase_gac_work_mem"":0.0150523391068186,""mitigate_remote_path_bundle"":1.8226091557332909,""regional_topk_candidates"":0.005319769899148},""distance"":1.5442777860570664,""episode_id"":""reference::fuzzy-memory-topk-panel-v1::fuzzy_topk_balanced::raw-small-balanced-v1::{\""cutoff_ts\"":\""2026-06-29 00:00:00+00\"",\""limit_k\"":10000}"",""normalized_sql_hash"":""nan"",""query_id"":""fuzzy-memory-topk-panel-v1::fuzzy_topk_balanced::raw-small-balanced-v1::{\""cutoff_ts\"":\""2026-06-29 00:00:00+00\"",\""limit_k\"":10000}"",""topology_id"":""eu_us_gac"",""weight"":0.6475514712944108}]",0.4457714560444668,1.0
full_multilayer,warm_start_cross_query,5,q03_event_recent::run-2,q03_event_recent,76893bdca8771bf15968c663228c2bb3475ab41d7df033a16ad555cc74a679a3,event_recent,2,3,eu_us_gac,2,raw-small-balanced-v1,balanced,"[""increase_gac_work_mem"",""regional_topk_candidates"",""mitigate_remote_path_bundle""]",explicit_panel_contract_and_result_equivalence,0.914675,30,29,1,1.043797947205948,1.9533554892194174,euclidean,available,mitigate_remote_path_bundle,mitigate_remote_path_bundle,mitigate_remote_path_bundle,True,0.0,True,0.0,9176.0,64.0,660672.0,343.79200000000003,15.45,22.222,-0.000628288594608744,0.11208628467569841,1.3593339197336831,-0.1048447833628063,-0.0141682721267147,1.9117449342238144,"[{""action_gains"":{""increase_gac_work_mem"":0.0558843856774697,""mitigate_remote_path_bundle"":1.990176655943472,""regional_topk_candidates"":0.44208027974939},""distance"":1.043797947205948,""episode_id"":""reference::fuzzy-memory-topk-panel-v1::fuzzy_topk_balanced::raw-small-balanced-v1::{\""cutoff_ts\"":\""2026-06-24 00:00:00+00\"",\""limit_k\"":100}"",""normalized_sql_hash"":""nan"",""query_id"":""fuzzy-memory-topk-panel-v1::fuzzy_topk_balanced::raw-small-balanced-v1::{\""cutoff_ts\"":\""2026-06-24 00:00:00+00\"",\""limit_k\"":100}"",""topology_id"":""eu_us_gac"",""weight"":0.9580389045963407},{""action_gains"":{""increase_gac_work_mem"":-0.0663499323728781,""mitigate_remote_path_bundle"":0.8193133052714852,""regional_topk_candidates"":0.0124944675739018},""distance"":1.212725646354413,""episode_id"":""q02_event_value_asc::run-2"",""normalized_sql_hash"":""5456d57953fe990f1580484e462a435d7cf573381f761e43b638485f128031d7"",""query_id"":""q02_event_value_asc"",""topology_id"":""eu_us_gac"",""weight"":0.8245881320461688},{""action_gains"":{""increase_gac_work_mem"":-0.015044477780739,""mitigate_remote_path_bundle"":0.9739774093355236,""regional_topk_candidates"":-0.0135301914052389},""distance"":1.2752309076779418,""episode_id"":""reference::fuzzy-memory-topk-panel-v1::fuzzy_topk_memory_severe::raw-small-balanced-v1::{\""cutoff_ts\"":\""2026-06-29 00:00:00+00\"",\""limit_k\"":10000}"",""normalized_sql_hash"":""nan"",""query_id"":""fuzzy-memory-topk-panel-v1::fuzzy_topk_memory_severe::raw-small-balanced-v1::{\""cutoff_ts\"":\""2026-06-29 00:00:00+00\"",\""limit_k\"":10000}"",""topology_id"":""eu_us_gac"",""weight"":0.7841710938843203},{""action_gains"":{""increase_gac_work_mem"":0.0101926057030704,""mitigate_remote_path_bundle"":1.0427700797437711,""regional_topk_candidates"":0.0219723083596032},""distance"":1.3389777378671726,""episode_id"":""reference::fuzzy-memory-topk-panel-v1::fuzzy_topk_memory_severe::raw-small-balanced-v1::{\""cutoff_ts\"":\""2026-06-24 00:00:00+00\"",\""limit_k\"":10000}"",""normalized_sql_hash"":""nan"",""query_id"":""fuzzy-memory-topk-panel-v1::fuzzy_topk_memory_severe::raw-small-balanced-v1::{\""cutoff_ts\"":\""2026-06-24 00:00:00+00\"",\""limit_k\"":10000}"",""topology_id"":""eu_us_gac"",""weight"":0.7468378486673182},{""action_gains"":{""increase_gac_work_mem"":0.0038033844690445,""mitigate_remote_path_bundle"":1.872867747284601,""regional_topk_candidates"":0.0197799321236082},""distance"":1.353077356144112,""episode_id"":""reference::fuzzy-memory-topk-panel-v1::fuzzy_topk_balanced::raw-small-balanced-v1::{\""cutoff_ts\"":\""2026-06-24 00:00:00+00\"",\""limit_k\"":10000}"",""normalized_sql_hash"":""nan"",""query_id"":""fuzzy-memory-topk-panel-v1::fuzzy_topk_balanced::raw-small-balanced-v1::{\""cutoff_ts\"":\""2026-06-24 00:00:00+00\"",\""limit_k\"":10000}"",""topology_id"":""eu_us_gac"",""weight"":0.7390554992319257}]",0.5343614887134862,1.0
full_multilayer,warm_start_cross_query,6,q03_event_recent::run-3,q03_event_recent,76893bdca8771bf15968c663228c2bb3475ab41d7df033a16ad555cc74a679a3,event_recent,3,3,eu_us_gac,2,raw-small-balanced-v1,balanced,"[""increase_gac_work_mem"",""regional_topk_candidates"",""mitigate_remote_path_bundle""]",explicit_panel_contract_and_result_equivalence,0.909577,31,29,2,1.0796610620793914,1.9533554892194174,euclidean,available,mitigate_remote_path_bundle,mitigate_remote_path_bundle,mitigate_remote_path_bundle,True,0.0,True,0.0,9176.0,64.0,660672.0,339.317,15.425,20.792,0.010475859511241234,0.10370310685046423,1.7881419752480163,-0.0002791294905142,-0.0585418455250905,1.9700639210944435,"[{""action_gains"":{""increase_gac_work_mem"":0.0558843856774697,""mitigate_remote_path_bundle"":1.990176655943472,""regional_topk_candidates"":0.44208027974939},""distance"":1.0796610620793914,""episode_id"":""reference::fuzzy-memory-topk-panel-v1::fuzzy_topk_balanced::raw-small-balanced-v1::{\""cutoff_ts\"":\""2026-06-24 00:00:00+00\"",\""limit_k\"":100}"",""normalized_sql_hash"":""nan"",""query_id"":""fuzzy-memory-topk-panel-v1::fuzzy_topk_balanced::raw-small-balanced-v1::{\""cutoff_ts\"":\""2026-06-24 00:00:00+00\"",\""limit_k\"":100}"",""topology_id"":""eu_us_gac"",""weight"":0.9262157439097518},{""action_gains"":{""increase_gac_work_mem"":0.0038033844690445,""mitigate_remote_path_bundle"":1.872867747284601,""regional_topk_candidates"":0.0197799321236082},""distance"":1.224743458838186,""episode_id"":""reference::fuzzy-memory-topk-panel-v1::fuzzy_topk_balanced::raw-small-balanced-v1::{\""cutoff_ts\"":\""2026-06-24 00:00:00+00\"",\""limit_k\"":10000}"",""normalized_sql_hash"":""nan"",""query_id"":""fuzzy-memory-topk-panel-v1::fuzzy_topk_balanced::raw-small-balanced-v1::{\""cutoff_ts\"":\""2026-06-24 00:00:00+00\"",\""limit_k\"":10000}"",""topology_id"":""eu_us_gac"",""weight"":0.8164968559634207},{""action_gains"":{""increase_gac_work_mem"":-0.015044477780739,""mitigate_remote_path_bundle"":0.9739774093355236,""regional_topk_candidates"":-0.0135301914052389},""distance"":1.2927873677165507,""episode_id"":""reference::fuzzy-memory-topk-panel-v1::fuzzy_topk_memory_severe::raw-small-balanced-v1::{\""cutoff_ts\"":\""2026-06-29 00:00:00+00\"",\""limit_k\"":10000}"",""normalized_sql_hash"":""nan"",""query_id"":""fuzzy-memory-topk-panel-v1::fuzzy_topk_memory_severe::raw-small-balanced-v1::{\""cutoff_ts\"":\""2026-06-29 00:00:00+00\"",\""limit_k\"":10000}"",""topology_id"":""eu_us_gac"",""weight"":0.77352181143639},{""action_gains"":{""increase_gac_work_mem"":0.0101926057030704,""mitigate_remote_path_bundle"":1.0427700797437711,""regional_topk_candidates"":0.0219723083596032},""distance"":1.3078664927517336,""episode_id"":""reference::fuzzy-memory-topk-panel-v1::fuzzy_topk_memory_severe::raw-small-balanced-v1::{\""cutoff_ts\"":\""2026-06-24 00:00:00+00\"",\""limit_k\"":10000}"",""normalized_sql_hash"":""nan"",""query_id"":""fuzzy-memory-topk-panel-v1::fuzzy_topk_memory_severe::raw-small-balanced-v1::{\""cutoff_ts\"":\""2026-06-24 00:00:00+00\"",\""limit_k\"":10000}"",""topology_id"":""eu_us_gac"",""weight"":0.7646034522167189},{""action_gains"":{""increase_gac_work_mem"":-0.0118498816152615,""mitigate_remote_path_bundle"":3.052887007483651,""regional_topk_candidates"":-0.0192520534769867},""distance"":1.340649028256384,""episode_id"":""reference::fuzzy-memory-topk-panel-v1::fuzzy_topk_transport_severe::raw-small-balanced-v1::{\""cutoff_ts\"":\""2026-06-24 00:00:00+00\"",\""limit_k\"":10000}"",""normalized_sql_hash"":""nan"",""query_id"":""fuzzy-memory-topk-panel-v1::fuzzy_topk_transport_severe::raw-small-balanced-v1::{\""cutoff_ts\"":\""2026-06-24 00:00:00+00\"",\""limit_k\"":10000}"",""topology_id"":""eu_us_gac"",""weight"":0.745906820514952}]",0.5527212368859884,1.0
full_multilayer,warm_start_cross_query,7,q04_event_oldest::run-1,q04_event_oldest,7ac514d1b6aff5b67e0ed359f81f5121c7bf970bcc0b492f338fd0abac46c36e,event_oldest,1,4,eu_us_gac,2,raw-small-balanced-v1,transport,"[""increase_gac_work_mem"",""regional_topk_candidates"",""mitigate_remote_path_bundle""]",explicit_panel_contract_and_result_equivalence,2.74348,32,32,0,1.1513246307934586,1.9533554892194174,euclidean,available,mitigate_remote_path_bundle,mitigate_remote_path_bundle,mitigate_remote_path_bundle,True,0.0,True,0.0,18139.0,128.0,1306008.0,1757.7800000000002,30.475,10.561,-0.022769371471634145,0.4306263004458072,2.542378662805366,0.0094718463899962,-0.0141705521924664,3.308023136004272,"[{""action_gains"":{""increase_gac_work_mem"":-0.1048447833628063,""mitigate_remote_path_bundle"":1.9117449342238144,""regional_topk_candidates"":-0.0141682721267147},""distance"":1.1513246307934586,""episode_id"":""q03_event_recent::run-2"",""normalized_sql_hash"":""76893bdca8771bf15968c663228c2bb3475ab41d7df033a16ad555cc74a679a3"",""query_id"":""q03_event_recent"",""topology_id"":""eu_us_gac"",""weight"":0.8685640041825791},{""action_gains"":{""increase_gac_work_mem"":-0.0002791294905142,""mitigate_remote_path_bundle"":1.9700639210944435,""regional_topk_candidates"":-0.0585418455250905},""distance"":1.215728652640998,""episode_id"":""q03_event_recent::run-3"",""normalized_sql_hash"":""76893bdca8771bf15968c663228c2bb3475ab41d7df033a16ad555cc74a679a3"",""query_id"":""q03_event_recent"",""topology_id"":""eu_us_gac"",""weight"":0.8225512948768204},{""action_gains"":{""increase_gac_work_mem"":0.0074479246782218,""mitigate_remote_path_bundle"":2.074180777894477,""regional_topk_candidates"":0.0486212889871827},""distance"":1.2358091539945262,""episode_id"":""q03_event_recent::run-1"",""normalized_sql_hash"":""76893bdca8771bf15968c663228c2bb3475ab41d7df033a16ad555cc74a679a3"",""query_id"":""q03_event_recent"",""topology_id"":""eu_us_gac"",""weight"":0.8091857772552574},{""action_gains"":{""increase_gac_work_mem"":0.0106406666902462,""mitigate_remote_path_bundle"":3.733324190801565,""regional_topk_candidates"":1.5442528549456571},""distance"":1.3035701232096346,""episode_id"":""reference::cross-action-pilot-v1::pilot_gac_topk::raw-small-balanced-v1::{\""cutoff_ts\"":\""2026-06-01 00:00:00+00\"",\""limit_k\"":5000}"",""normalized_sql_hash"":""nan"",""query_id"":""cross-action-pilot-v1::pilot_gac_topk::raw-small-balanced-v1::{\""cutoff_ts\"":\""2026-06-01 00:00:00+00\"",\""limit_k\"":5000}"",""topology_id"":""eu_us_gac"",""weight"":0.7671234673700151},{""action_gains"":{""increase_gac_work_mem"":-0.0190705540866633,""mitigate_remote_path_bundle"":3.203301466828472,""regional_topk_candidates"":0.7633310432797628},""distance"":1.3662172033697066,""episode_id"":""reference::fuzzy-memory-topk-panel-v1::fuzzy_topk_transport_severe::raw-small-balanced-v1::{\""cutoff_ts\"":\""2026-06-24 00:00:00+00\"",\""limit_k\"":100}"",""normalized_sql_hash"":""nan"",""query_id"":""fuzzy-memory-topk-panel-v1::fuzzy_topk_transport_severe::raw-small-balanced-v1::{\""cutoff_ts\"":\""2026-06-24 00:00:00+00\"",\""limit_k\"":100}"",""topology_id"":""eu_us_gac"",""weight"":0.7319475011631025}]",0.5894086545678077,1.0
full_multilayer,warm_start_cross_query,8,q04_event_oldest::run-2,q04_event_oldest,7ac514d1b6aff5b67e0ed359f81f5121c7bf970bcc0b492f338fd0abac46c36e,event_oldest,2,4,eu_us_gac,2,raw-small-balanced-v1,transport,"[""increase_gac_work_mem"",""regional_topk_candidates"",""mitigate_remote_path_bundle""]",explicit_panel_contract_and_result_equivalence,2.744782,33,32,1,1.0785307904757038,1.9533554892194174,euclidean,available,mitigate_remote_path_bundle,mitigate_remote_path_bundle,mitigate_remote_path_bundle,True,0.0,True,0.0,18139.0,128.0,1306008.0,1762.1840000000002,30.475,10.299,-0.017858339035300833,0.3490565526244762,2.591219774508246,0.0105978840767133,0.0442818066513621,3.3135646401821126,"[{""action_gains"":{""increase_gac_work_mem"":0.0106406666902462,""mitigate_remote_path_bundle"":3.733324190801565,""regional_topk_candidates"":1.5442528549456571},""distance"":1.0785307904757038,""episode_id"":""reference::cross-action-pilot-v1::pilot_gac_topk::raw-small-balanced-v1::{\""cutoff_ts\"":\""2026-06-01 00:00:00+00\"",\""limit_k\"":5000}"",""normalized_sql_hash"":""nan"",""query_id"":""cross-action-pilot-v1::pilot_gac_topk::raw-small-balanced-v1::{\""cutoff_ts\"":\""2026-06-01 00:00:00+00\"",\""limit_k\"":5000}"",""topology_id"":""eu_us_gac"",""weight"":0.9271863924928295},{""action_gains"":{""increase_gac_work_mem"":0.0074479246782218,""mitigate_remote_path_bundle"":2.074180777894477,""regional_topk_candidates"":0.0486212889871827},""distance"":1.2532845466836555,""episode_id"":""q03_event_recent::run-1"",""normalized_sql_hash"":""76893bdca8771bf15968c663228c2bb3475ab41d7df033a16ad555cc74a679a3"",""query_id"":""q03_event_recent"",""topology_id"":""eu_us_gac"",""weight"":0.7979027625796216},{""action_gains"":{""increase_gac_work_mem"":-0.0002791294905142,""mitigate_remote_path_bundle"":1.9700639210944435,""regional_topk_candidates"":-0.0585418455250905},""distance"":1.2749811436801888,""episode_id"":""q03_event_recent::run-3"",""normalized_sql_hash"":""76893bdca8771bf15968c663228c2bb3475ab41d7df033a16ad555cc74a679a3"",""query_id"":""q03_event_recent"",""topology_id"":""eu_us_gac"",""weight"":0.7843247099238089},{""action_gains"":{""increase_gac_work_mem"":-0.0118498816152615,""mitigate_remote_path_bundle"":3.052887007483651,""regional_topk_candidates"":-0.0192520534769867},""distance"":1.326635465262174,""episode_id"":""reference::fuzzy-memory-topk-panel-v1::fuzzy_topk_transport_severe::raw-small-balanced-v1::{\""cutoff_ts\"":\""2026-06-24 00:00:00+00\"",\""limit_k\"":10000}"",""normalized_sql_hash"":""nan"",""query_id"":""fuzzy-memory-topk-panel-v1::fuzzy_topk_transport_severe::raw-small-balanced-v1::{\""cutoff_ts\"":\""2026-06-24 00:00:00+00\"",\""limit_k\"":10000}"",""topology_id"":""eu_us_gac"",""weight"":0.7537860040673441},{""action_gains"":{""increase_gac_work_mem"":-0.1048447833628063,""mitigate_remote_path_bundle"":1.9117449342238144,""regional_topk_candidates"":-0.0141682721267147},""distance"":1.339638463488996,""episode_id"":""q03_event_recent::run-2"",""normalized_sql_hash"":""76893bdca8771bf15968c663228c2bb3475ab41d7df033a16ad555cc74a679a3"",""query_id"":""q03_event_recent"",""topology_id"":""eu_us_gac"",""weight"":0.7464694996335589}]",0.5521426061093963,1.0
full_multilayer,warm_start_cross_query,9,q04_event_oldest::run-3,q04_event_oldest,7ac514d1b6aff5b67e0ed359f81f5121c7bf970bcc0b492f338fd0abac46c36e,event_oldest,3,4,eu_us_gac,2,raw-small-balanced-v1,transport,"[""increase_gac_work_mem"",""regional_topk_candidates"",""mitigate_remote_path_bundle""]",explicit_panel_contract_and_result_equivalence,2.74473,34,32,2,1.0612453681149396,1.9533554892194174,euclidean,available,mitigate_remote_path_bundle,mitigate_remote_path_bundle,mitigate_remote_path_bundle,True,0.0,True,0.0,18139.0,128.0,1306008.0,1762.053,30.5,9.365,-0.017568181297697563,0.3598005474389737,2.602062594548771,0.009230508233768,0.0366362612175297,3.408545258460241,"[{""action_gains"":{""increase_gac_work_mem"":0.0106406666902462,""mitigate_remote_path_bundle"":3.733324190801565,""regional_topk_candidates"":1.5442528549456571},""distance"":1.0612453681149396,""episode_id"":""reference::cross-action-pilot-v1::pilot_gac_topk::raw-small-balanced-v1::{\""cutoff_ts\"":\""2026-06-01 00:00:00+00\"",\""limit_k\"":5000}"",""normalized_sql_hash"":""nan"",""query_id"":""cross-action-pilot-v1::pilot_gac_topk::raw-small-balanced-v1::{\""cutoff_ts\"":\""2026-06-01 00:00:00+00\"",\""limit_k\"":5000}"",""topology_id"":""eu_us_gac"",""weight"":0.9422882659907429},{""action_gains"":{""increase_gac_work_mem"":0.0074479246782218,""mitigate_remote_path_bundle"":2.074180777894477,""regional_topk_candidates"":0.0486212889871827},""distance"":1.2777365387078237,""episode_id"":""q03_event_recent::run-1"",""normalized_sql_hash"":""76893bdca8771bf15968c663228c2bb3475ab41d7df033a16ad555cc74a679a3"",""query_id"":""q03_event_recent"",""topology_id"":""eu_us_gac"",""weight"":0.7826333419078384},{""action_gains"":{""increase_gac_work_mem"":-0.0002791294905142,""mitigate_remote_path_bundle"":1.9700639210944435,""regional_topk_candidates"":-0.0585418455250905},""distance"":1.308245561743362,""episode_id"":""q03_event_recent::run-3"",""normalized_sql_hash"":""76893bdca8771bf15968c663228c2bb3475ab41d7df033a16ad555cc74a679a3"",""query_id"":""q03_event_recent"",""topology_id"":""eu_us_gac"",""weight"":0.7643819057069836},{""action_gains"":{""increase_gac_work_mem"":-0.0118498816152615,""mitigate_remote_path_bundle"":3.052887007483651,""regional_topk_candidates"":-0.0192520534769867},""distance"":1.3525308259782471,""episode_id"":""reference::fuzzy-memory-topk-panel-v1::fuzzy_topk_transport_severe::raw-small-balanced-v1::{\""cutoff_ts\"":\""2026-06-24 00:00:00+00\"",\""limit_k\"":10000}"",""normalized_sql_hash"":""nan"",""query_id"":""fuzzy-memory-topk-panel-v1::fuzzy_topk_transport_severe::raw-small-balanced-v1::{\""cutoff_ts\"":\""2026-06-24 00:00:00+00\"",\""limit_k\"":10000}"",""topology_id"":""eu_us_gac"",""weight"":0.7393541362893469},{""action_gains"":{""increase_gac_work_mem"":-0.1048447833628063,""mitigate_remote_path_bundle"":1.9117449342238144,""regional_topk_candidates"":-0.0141682721267147},""distance"":1.3722166937095905,""episode_id"":""q03_event_recent::run-2"",""normalized_sql_hash"":""76893bdca8771bf15968c663228c2bb3475ab41d7df033a16ad555cc74a679a3"",""query_id"":""q03_event_recent"",""topology_id"":""eu_us_gac"",""weight"":0.7287473442327113}]",0.5432935141462781,1.0
full_multilayer,warm_start_cross_query,10,q04_event_oldest::run-4,q04_event_oldest,7ac514d1b6aff5b67e0ed359f81f5121c7bf970bcc0b492f338fd0abac46c36e,event_oldest,4,4,eu_us_gac,2,raw-small-balanced-v1,transport,"[""increase_gac_work_mem"",""regional_topk_candidates"",""mitigate_remote_path_bundle""]",explicit_panel_contract_and_result_equivalence,2.761324,35,32,3,1.0338992894860983,1.9533554892194174,euclidean,available,mitigate_remote_path_bundle,mitigate_remote_path_bundle,mitigate_remote_path_bundle,True,0.0,True,0.0,18139.0,128.0,1306008.0,1759.27,30.475,8.696,-0.018313932074659665,0.3574308550979366,2.6006770015565595,0.0137676500397462,0.0523781778984862,3.288965909245521,"[{""action_gains"":{""increase_gac_work_mem"":0.0106406666902462,""mitigate_remote_path_bundle"":3.733324190801565,""regional_topk_candidates"":1.5442528549456571},""distance"":1.0338992894860983,""episode_id"":""reference::cross-action-pilot-v1::pilot_gac_topk::raw-small-balanced-v1::{\""cutoff_ts\"":\""2026-06-01 00:00:00+00\"",\""limit_k\"":5000}"",""normalized_sql_hash"":""nan"",""query_id"":""cross-action-pilot-v1::pilot_gac_topk::raw-small-balanced-v1::{\""cutoff_ts\"":\""2026-06-01 00:00:00+00\"",\""limit_k\"":5000}"",""topology_id"":""eu_us_gac"",""weight"":0.9672112583477963},{""action_gains"":{""increase_gac_work_mem"":-0.0002791294905142,""mitigate_remote_path_bundle"":1.9700639210944435,""regional_topk_candidates"":-0.0585418455250905},""distance"":1.262956491338605,""episode_id"":""q03_event_recent::run-3"",""normalized_sql_hash"":""76893bdca8771bf15968c663228c2bb3475ab41d7df033a16ad555cc74a679a3"",""query_id"":""q03_event_recent"",""topology_id"":""eu_us_gac"",""weight"":0.7917922866430784},{""action_gains"":{""increase_gac_work_mem"":-0.1048447833628063,""mitigate_remote_path_bundle"":1.9117449342238144,""regional_topk_candidates"":-0.0141682721267147},""distance"":1.2864842085322146,""episode_id"":""q03_event_recent::run-2"",""normalized_sql_hash"":""76893bdca8771bf15968c663228c2bb3475ab41d7df033a16ad555cc74a679a3"",""query_id"":""q03_event_recent"",""topology_id"":""eu_us_gac"",""weight"":0.7773116965261706},{""action_gains"":{""increase_gac_work_mem"":0.0074479246782218,""mitigate_remote_path_bundle"":2.074180777894477,""regional_topk_candidates"":0.0486212889871827},""distance"":1.288037047033036,""episode_id"":""q03_event_recent::run-1"",""normalized_sql_hash"":""76893bdca8771bf15968c663228c2bb3475ab41d7df033a16ad555cc74a679a3"",""query_id"":""q03_event_recent"",""topology_id"":""eu_us_gac"",""weight"":0.7763745817163363},{""action_gains"":{""increase_gac_work_mem"":-0.0118498816152615,""mitigate_remote_path_bundle"":3.052887007483651,""regional_topk_candidates"":-0.0192520534769867},""distance"":1.2991592384306552,""episode_id"":""reference::fuzzy-memory-topk-panel-v1::fuzzy_topk_transport_severe::raw-small-balanced-v1::{\""cutoff_ts\"":\""2026-06-24 00:00:00+00\"",\""limit_k\"":10000}"",""normalized_sql_hash"":""nan"",""query_id"":""fuzzy-memory-topk-panel-v1::fuzzy_topk_transport_severe::raw-small-balanced-v1::{\""cutoff_ts\"":\""2026-06-24 00:00:00+00\"",\""limit_k\"":10000}"",""topology_id"":""eu_us_gac"",""weight"":0.7697279907580674}]",0.5292939739807709,1.0
full_multilayer,warm_start_cross_query,11,q05_event_deviation::run-1,q05_event_deviation,bd5d33dbf428b5dfe5fde653651a56bf4036327ea0a4ea3cb42a933b2a2200b1,event_deviation,1,5,eu_us_gac,2,raw-large-balanced-v1,memory,"[""increase_gac_work_mem"",""regional_topk_candidates"",""mitigate_remote_path_bundle""]",explicit_panel_contract_and_result_equivalence,2.037918,36,36,0,1.202989784026818,1.9533554892194174,euclidean,available,regional_topk_candidates,regional_topk_candidates,regional_topk_candidates,True,0.0,True,0.0,128605.0,910.0,9259560.0,1257.719,5.4825,19.737,0.008338490932843747,3.188826199298724,2.3364715216057337,-0.2189988838292833,1.6155677957074597,1.2254340435854414,"[{""action_gains"":{""increase_gac_work_mem"":0.0274589574398124,""mitigate_remote_path_bundle"":1.3346582999179395,""regional_topk_candidates"":2.0868568298219983},""distance"":1.202989784026818,""episode_id"":""reference::fuzzy-memory-topk-panel-v1::fuzzy_topk_memory_severe::raw-large-balanced-v1::{\""cutoff_ts\"":\""2026-06-29 00:00:00+00\"",\""limit_k\"":100}"",""normalized_sql_hash"":""nan"",""query_id"":""fuzzy-memory-topk-panel-v1::fuzzy_topk_memory_severe::raw-large-balanced-v1::{\""cutoff_ts\"":\""2026-06-29 00:00:00+00\"",\""limit_k\"":100}"",""topology_id"":""eu_us_gac"",""weight"":0.8312615634948266},{""action_gains"":{""increase_gac_work_mem"":0.0078718370666349,""mitigate_remote_path_bundle"":1.4283978240698936,""regional_topk_candidates"":3.251278574713406},""distance"":1.5384563386879155,""episode_id"":""reference::fuzzy-memory-topk-panel-v1::fuzzy_topk_memory_severe::raw-large-balanced-v1::{\""cutoff_ts\"":\""2026-06-24 00:00:00+00\"",\""limit_k\"":100}"",""normalized_sql_hash"":""nan"",""query_id"":""fuzzy-memory-topk-panel-v1::fuzzy_topk_memory_severe::raw-large-balanced-v1::{\""cutoff_ts\"":\""2026-06-24 00:00:00+00\"",\""limit_k\"":100}"",""topology_id"":""eu_us_gac"",""weight"":0.6500017744091996},{""action_gains"":{""increase_gac_work_mem"":0.0072951999589837,""mitigate_remote_path_bundle"":2.646928961962837,""regional_topk_candidates"":2.9074514602042885},""distance"":1.6597148424510295,""episode_id"":""reference::fuzzy-memory-topk-panel-v1::fuzzy_topk_balanced::raw-large-balanced-v1::{\""cutoff_ts\"":\""2026-06-29 00:00:00+00\"",\""limit_k\"":100}"",""normalized_sql_hash"":""nan"",""query_id"":""fuzzy-memory-topk-panel-v1::fuzzy_topk_balanced::raw-large-balanced-v1::{\""cutoff_ts\"":\""2026-06-29 00:00:00+00\"",\""limit_k\"":100}"",""topology_id"":""eu_us_gac"",""weight"":0.6025127762371801},{""action_gains"":{""increase_gac_work_mem"":-0.0218364506141406,""mitigate_remote_path_bundle"":2.898860761936939,""regional_topk_candidates"":4.405764321102397},""distance"":2.0264706131293084,""episode_id"":""reference::fuzzy-memory-topk-panel-v1::fuzzy_topk_balanced::raw-large-balanced-v1::{\""cutoff_ts\"":\""2026-06-24 00:00:00+00\"",\""limit_k\"":100}"",""normalized_sql_hash"":""nan"",""query_id"":""fuzzy-memory-topk-panel-v1::fuzzy_topk_balanced::raw-large-balanced-v1::{\""cutoff_ts\"":\""2026-06-24 00:00:00+00\"",\""limit_k\"":100}"",""topology_id"":""eu_us_gac"",""weight"":0.49346854578228444},{""action_gains"":{""increase_gac_work_mem"":0.0081868930148983,""mitigate_remote_path_bundle"":4.360051703774939,""regional_topk_candidates"":4.127185858907333},""distance"":2.1113207199993798,""episode_id"":""reference::fuzzy-memory-topk-panel-v1::fuzzy_topk_transport_severe::raw-large-balanced-v1::{\""cutoff_ts\"":\""2026-06-29 00:00:00+00\"",\""limit_k\"":100}"",""normalized_sql_hash"":""nan"",""query_id"":""fuzzy-memory-topk-panel-v1::fuzzy_topk_transport_severe::raw-large-balanced-v1::{\""cutoff_ts\"":\""2026-06-29 00:00:00+00\"",\""limit_k\"":100}"",""topology_id"":""eu_us_gac"",""weight"":0.4736369595062441}]",0.6158580917125055,1.0
full_multilayer,warm_start_cross_query,12,q05_event_deviation::run-2,q05_event_deviation,bd5d33dbf428b5dfe5fde653651a56bf4036327ea0a4ea3cb42a933b2a2200b1,event_deviation,2,5,eu_us_gac,2,raw-large-balanced-v1,memory,"[""increase_gac_work_mem"",""regional_topk_candidates"",""mitigate_remote_path_bundle""]",explicit_panel_contract_and_result_equivalence,2.059002,37,36,1,0.7948454513212342,1.9533554892194174,euclidean,available,regional_topk_candidates,regional_topk_candidates,regional_topk_candidates,True,0.0,True,0.0,128605.0,910.0,9259560.0,1265.0099999999998,5.4825,19.457,0.029935425407739386,2.378378961659329,1.7688989737355267,0.0183683695362655,1.5287577109536976,1.1897369988267434,"[{""action_gains"":{""increase_gac_work_mem"":0.0274589574398124,""mitigate_remote_path_bundle"":1.3346582999179395,""regional_topk_candidates"":2.0868568298219983},""distance"":0.7948454513212342,""episode_id"":""reference::fuzzy-memory-topk-panel-v1::fuzzy_topk_memory_severe::raw-large-balanced-v1::{\""cutoff_ts\"":\""2026-06-29 00:00:00+00\"",\""limit_k\"":100}"",""normalized_sql_hash"":""nan"",""query_id"":""fuzzy-memory-topk-panel-v1::fuzzy_topk_memory_severe::raw-large-balanced-v1::{\""cutoff_ts\"":\""2026-06-29 00:00:00+00\"",\""limit_k\"":100}"",""topology_id"":""eu_us_gac"",""weight"":1.2581046293126794},{""action_gains"":{""increase_gac_work_mem"":0.0072951999589837,""mitigate_remote_path_bundle"":2.646928961962837,""regional_topk_candidates"":2.9074514602042885},""distance"":1.410156460790068,""episode_id"":""reference::fuzzy-memory-topk-panel-v1::fuzzy_topk_balanced::raw-large-balanced-v1::{\""cutoff_ts\"":\""2026-06-29 00:00:00+00\"",\""limit_k\"":100}"",""normalized_sql_hash"":""nan"",""query_id"":""fuzzy-memory-topk-panel-v1::fuzzy_topk_balanced::raw-large-balanced-v1::{\""cutoff_ts\"":\""2026-06-29 00:00:00+00\"",\""limit_k\"":100}"",""topology_id"":""eu_us_gac"",""weight"":0.7091406653550099},{""action_gains"":{""increase_gac_work_mem"":0.0078718370666349,""mitigate_remote_path_bundle"":1.4283978240698936,""regional_topk_candidates"":3.251278574713406},""distance"":1.5655174314921807,""episode_id"":""reference::fuzzy-memory-topk-panel-v1::fuzzy_topk_memory_severe::raw-large-balanced-v1::{\""cutoff_ts\"":\""2026-06-24 00:00:00+00\"",\""limit_k\"":100}"",""normalized_sql_hash"":""nan"",""query_id"":""fuzzy-memory-topk-panel-v1::fuzzy_topk_memory_severe::raw-large-balanced-v1::{\""cutoff_ts\"":\""2026-06-24 00:00:00+00\"",\""limit_k\"":100}"",""topology_id"":""eu_us_gac"",""weight"":0.6387660342311305},{""action_gains"":{""increase_gac_work_mem"":0.10933387522275,""mitigate_remote_path_bundle"":1.1917524448684171,""regional_topk_candidates"":1.3679764624529054},""distance"":1.8885766659096435,""episode_id"":""reference::fuzzy-memory-topk-panel-v1::fuzzy_topk_memory_severe::raw-large-balanced-v1::{\""cutoff_ts\"":\""2026-06-29 00:00:00+00\"",\""limit_k\"":10000}"",""normalized_sql_hash"":""nan"",""query_id"":""fuzzy-memory-topk-panel-v1::fuzzy_topk_memory_severe::raw-large-balanced-v1::{\""cutoff_ts\"":\""2026-06-29 00:00:00+00\"",\""limit_k\"":10000}"",""topology_id"":""eu_us_gac"",""weight"":0.5294990076663565},{""action_gains"":{""increase_gac_work_mem"":0.0128070569269704,""mitigate_remote_path_bundle"":2.640761425802023,""regional_topk_candidates"":2.3178971333467917},""distance"":1.951467414705037,""episode_id"":""reference::fuzzy-memory-topk-panel-v1::fuzzy_topk_balanced::raw-large-balanced-v1::{\""cutoff_ts\"":\""2026-06-29 00:00:00+00\"",\""limit_k\"":10000}"",""normalized_sql_hash"":""nan"",""query_id"":""fuzzy-memory-topk-panel-v1::fuzzy_topk_balanced::raw-large-balanced-v1::{\""cutoff_ts\"":\""2026-06-29 00:00:00+00\"",\""limit_k\"":10000}"",""topology_id"":""eu_us_gac"",""weight"":0.5124346325385694}]",0.40691285109545694,1.0
full_multilayer,warm_start_cross_query,13,q05_event_deviation::run-3,q05_event_deviation,bd5d33dbf428b5dfe5fde653651a56bf4036327ea0a4ea3cb42a933b2a2200b1,event_deviation,3,5,eu_us_gac,2,raw-large-balanced-v1,memory,"[""increase_gac_work_mem"",""regional_topk_candidates"",""mitigate_remote_path_bundle""]",explicit_panel_contract_and_result_equivalence,2.038112,38,36,2,0.882429917054374,1.9533554892194174,euclidean,available,regional_topk_candidates,regional_topk_candidates,regional_topk_candidates,True,0.0,True,0.0,128605.0,910.0,9259560.0,1264.069,5.4625,19.383,0.030500665269456394,2.384572863935384,1.7762035074074134,-0.0316462744395453,1.5227227683950888,1.047395285262899,"[{""action_gains"":{""increase_gac_work_mem"":0.0274589574398124,""mitigate_remote_path_bundle"":1.3346582999179395,""regional_topk_candidates"":2.0868568298219983},""distance"":0.882429917054374,""episode_id"":""reference::fuzzy-memory-topk-panel-v1::fuzzy_topk_memory_severe::raw-large-balanced-v1::{\""cutoff_ts\"":\""2026-06-29 00:00:00+00\"",\""limit_k\"":100}"",""normalized_sql_hash"":""nan"",""query_id"":""fuzzy-memory-topk-panel-v1::fuzzy_topk_memory_severe::raw-large-balanced-v1::{\""cutoff_ts\"":\""2026-06-29 00:00:00+00\"",\""limit_k\"":100}"",""topology_id"":""eu_us_gac"",""weight"":1.1332331865004017},{""action_gains"":{""increase_gac_work_mem"":0.0072951999589837,""mitigate_remote_path_bundle"":2.646928961962837,""regional_topk_candidates"":2.9074514602042885},""distance"":1.427541238852453,""episode_id"":""reference::fuzzy-memory-topk-panel-v1::fuzzy_topk_balanced::raw-large-balanced-v1::{\""cutoff_ts\"":\""2026-06-29 00:00:00+00\"",\""limit_k\"":100}"",""normalized_sql_hash"":""nan"",""query_id"":""fuzzy-memory-topk-panel-v1::fuzzy_topk_balanced::raw-large-balanced-v1::{\""cutoff_ts\"":\""2026-06-29 00:00:00+00\"",\""limit_k\"":100}"",""topology_id"":""eu_us_gac"",""weight"":0.7005046665406286},{""action_gains"":{""increase_gac_work_mem"":0.0078718370666349,""mitigate_remote_path_bundle"":1.4283978240698936,""regional_topk_candidates"":3.251278574713406},""distance"":1.5327001063473593,""episode_id"":""reference::fuzzy-memory-topk-panel-v1::fuzzy_topk_memory_severe::raw-large-balanced-v1::{\""cutoff_ts\"":\""2026-06-24 00:00:00+00\"",\""limit_k\"":100}"",""normalized_sql_hash"":""nan"",""query_id"":""fuzzy-memory-topk-panel-v1::fuzzy_topk_memory_severe::raw-large-balanced-v1::{\""cutoff_ts\"":\""2026-06-24 00:00:00+00\"",\""limit_k\"":100}"",""topology_id"":""eu_us_gac"",""weight"":0.6524429295827545},{""action_gains"":{""increase_gac_work_mem"":0.10933387522275,""mitigate_remote_path_bundle"":1.1917524448684171,""regional_topk_candidates"":1.3679764624529054},""distance"":1.8138177681205632,""episode_id"":""reference::fuzzy-memory-topk-panel-v1::fuzzy_topk_memory_severe::raw-large-balanced-v1::{\""cutoff_ts\"":\""2026-06-29 00:00:00+00\"",\""limit_k\"":10000}"",""normalized_sql_hash"":""nan"",""query_id"":""fuzzy-memory-topk-panel-v1::fuzzy_topk_memory_severe::raw-large-balanced-v1::{\""cutoff_ts\"":\""2026-06-29 00:00:00+00\"",\""limit_k\"":10000}"",""topology_id"":""eu_us_gac"",""weight"":0.5513229974106932},{""action_gains"":{""increase_gac_work_mem"":0.0128070569269704,""mitigate_remote_path_bundle"":2.640761425802023,""regional_topk_candidates"":2.3178971333467917},""distance"":1.9668205242901136,""episode_id"":""reference::fuzzy-memory-topk-panel-v1::fuzzy_topk_balanced::raw-large-balanced-v1::{\""cutoff_ts\"":\""2026-06-29 00:00:00+00\"",\""limit_k\"":10000}"",""normalized_sql_hash"":""nan"",""query_id"":""fuzzy-memory-topk-panel-v1::fuzzy_topk_balanced::raw-large-balanced-v1::{\""cutoff_ts\"":\""2026-06-29 00:00:00+00\"",\""limit_k\"":10000}"",""topology_id"":""eu_us_gac"",""weight"":0.5084345415433313}]",0.4517508062022048,1.0
full_multilayer,warm_start_cross_query,14,q05_event_deviation::run-4,q05_event_deviation,bd5d33dbf428b5dfe5fde653651a56bf4036327ea0a4ea3cb42a933b2a2200b1,event_deviation,4,5,eu_us_gac,2,raw-large-balanced-v1,memory,"[""increase_gac_work_mem"",""regional_topk_candidates"",""mitigate_remote_path_bundle""]",explicit_panel_contract_and_result_equivalence,2.102356,39,36,3,0.7533894798899466,1.9533554892194174,euclidean,available,regional_topk_candidates,regional_topk_candidates,regional_topk_candidates,True,0.0,True,0.0,128605.0,910.0,9259560.0,1253.977,5.4575000000000005,19.92,0.029519859150616497,2.377316020015898,1.76639690268971,0.0486061304280509,1.6292173868977764,1.1748579673493134,"[{""action_gains"":{""increase_gac_work_mem"":0.0274589574398124,""mitigate_remote_path_bundle"":1.3346582999179395,""regional_topk_candidates"":2.0868568298219983},""distance"":0.7533894798899466,""episode_id"":""reference::fuzzy-memory-topk-panel-v1::fuzzy_topk_memory_severe::raw-large-balanced-v1::{\""cutoff_ts\"":\""2026-06-29 00:00:00+00\"",\""limit_k\"":100}"",""normalized_sql_hash"":""nan"",""query_id"":""fuzzy-memory-topk-panel-v1::fuzzy_topk_memory_severe::raw-large-balanced-v1::{\""cutoff_ts\"":\""2026-06-29 00:00:00+00\"",\""limit_k\"":100}"",""topology_id"":""eu_us_gac"",""weight"":1.327332939150064},{""action_gains"":{""increase_gac_work_mem"":0.0072951999589837,""mitigate_remote_path_bundle"":2.646928961962837,""regional_topk_candidates"":2.9074514602042885},""distance"":1.3899294810470921,""episode_id"":""reference::fuzzy-memory-topk-panel-v1::fuzzy_topk_balanced::raw-large-balanced-v1::{\""cutoff_ts\"":\""2026-06-29 00:00:00+00\"",\""limit_k\"":100}"",""normalized_sql_hash"":""nan"",""query_id"":""fuzzy-memory-topk-panel-v1::fuzzy_topk_balanced::raw-large-balanced-v1::{\""cutoff_ts\"":\""2026-06-29 00:00:00+00\"",\""limit_k\"":100}"",""topology_id"":""eu_us_gac"",""weight"":0.7194604432637945},{""action_gains"":{""increase_gac_work_mem"":0.0078718370666349,""mitigate_remote_path_bundle"":1.4283978240698936,""regional_topk_candidates"":3.251278574713406},""distance"":1.5799785810567604,""episode_id"":""reference::fuzzy-memory-topk-panel-v1::fuzzy_topk_memory_severe::raw-large-balanced-v1::{\""cutoff_ts\"":\""2026-06-24 00:00:00+00\"",\""limit_k\"":100}"",""normalized_sql_hash"":""nan"",""query_id"":""fuzzy-memory-topk-panel-v1::fuzzy_topk_memory_severe::raw-large-balanced-v1::{\""cutoff_ts\"":\""2026-06-24 00:00:00+00\"",\""limit_k\"":100}"",""topology_id"":""eu_us_gac"",""weight"":0.6329195718663375},{""action_gains"":{""increase_gac_work_mem"":0.10933387522275,""mitigate_remote_path_bundle"":1.1917524448684171,""regional_topk_candidates"":1.3679764624529054},""distance"":1.9465328104572284,""episode_id"":""reference::fuzzy-memory-topk-panel-v1::fuzzy_topk_memory_severe::raw-large-balanced-v1::{\""cutoff_ts\"":\""2026-06-29 00:00:00+00\"",\""limit_k\"":10000}"",""normalized_sql_hash"":""nan"",""query_id"":""fuzzy-memory-topk-panel-v1::fuzzy_topk_memory_severe::raw-large-balanced-v1::{\""cutoff_ts\"":\""2026-06-29 00:00:00+00\"",\""limit_k\"":10000}"",""topology_id"":""eu_us_gac"",""weight"":0.513733691461083},{""action_gains"":{""increase_gac_work_mem"":0.0128070569269704,""mitigate_remote_path_bundle"":2.640761425802023,""regional_topk_candidates"":2.3178971333467917},""distance"":1.948689692747574,""episode_id"":""reference::fuzzy-memory-topk-panel-v1::fuzzy_topk_balanced::raw-large-balanced-v1::{\""cutoff_ts\"":\""2026-06-29 00:00:00+00\"",\""limit_k\"":10000}"",""normalized_sql_hash"":""nan"",""query_id"":""fuzzy-memory-topk-panel-v1::fuzzy_topk_balanced::raw-large-balanced-v1::{\""cutoff_ts\"":\""2026-06-29 00:00:00+00\"",\""limit_k\"":10000}"",""topology_id"":""eu_us_gac"",""weight"":0.5131650721798445}]",0.38568989825349687,1.0
full_multilayer,warm_start_cross_query,15,q05_event_deviation::run-5,q05_event_deviation,bd5d33dbf428b5dfe5fde653651a56bf4036327ea0a4ea3cb42a933b2a2200b1,event_deviation,5,5,eu_us_gac,2,raw-large-balanced-v1,memory,"[""increase_gac_work_mem"",""regional_topk_candidates"",""mitigate_remote_path_bundle""]",explicit_panel_contract_and_result_equivalence,2.128587,40,36,4,0.9709596279914939,1.9533554892194174,euclidean,available,regional_topk_candidates,regional_topk_candidates,regional_topk_candidates,True,0.0,True,0.0,128605.0,910.0,9259560.0,1277.453,5.455,21.525,0.03143808780742075,2.380608298565202,1.7695656567810691,0.1061461385855623,1.7019159811692757,1.1903135901596489,"[{""action_gains"":{""increase_gac_work_mem"":0.0274589574398124,""mitigate_remote_path_bundle"":1.3346582999179395,""regional_topk_candidates"":2.0868568298219983},""distance"":0.9709596279914939,""episode_id"":""reference::fuzzy-memory-topk-panel-v1::fuzzy_topk_memory_severe::raw-large-balanced-v1::{\""cutoff_ts\"":\""2026-06-29 00:00:00+00\"",\""limit_k\"":100}"",""normalized_sql_hash"":""nan"",""query_id"":""fuzzy-memory-topk-panel-v1::fuzzy_topk_memory_severe::raw-large-balanced-v1::{\""cutoff_ts\"":\""2026-06-29 00:00:00+00\"",\""limit_k\"":100}"",""topology_id"":""eu_us_gac"",""weight"":1.0299078780038446},{""action_gains"":{""increase_gac_work_mem"":0.0072951999589837,""mitigate_remote_path_bundle"":2.646928961962837,""regional_topk_candidates"":2.9074514602042885},""distance"":1.5361998641948575,""episode_id"":""reference::fuzzy-memory-topk-panel-v1::fuzzy_topk_balanced::raw-large-balanced-v1::{\""cutoff_ts\"":\""2026-06-29 00:00:00+00\"",\""limit_k\"":100}"",""normalized_sql_hash"":""nan"",""query_id"":""fuzzy-memory-topk-panel-v1::fuzzy_topk_balanced::raw-large-balanced-v1::{\""cutoff_ts\"":\""2026-06-29 00:00:00+00\"",\""limit_k\"":100}"",""topology_id"":""eu_us_gac"",""weight"":0.6509565404548271},{""action_gains"":{""increase_gac_work_mem"":0.0078718370666349,""mitigate_remote_path_bundle"":1.4283978240698936,""regional_topk_candidates"":3.251278574713406},""distance"":1.540079993315694,""episode_id"":""reference::fuzzy-memory-topk-panel-v1::fuzzy_topk_memory_severe::raw-large-balanced-v1::{\""cutoff_ts\"":\""2026-06-24 00:00:00+00\"",\""limit_k\"":100}"",""normalized_sql_hash"":""nan"",""query_id"":""fuzzy-memory-topk-panel-v1::fuzzy_topk_memory_severe::raw-large-balanced-v1::{\""cutoff_ts\"":\""2026-06-24 00:00:00+00\"",\""limit_k\"":100}"",""topology_id"":""eu_us_gac"",""weight"":0.6493164998076272},{""action_gains"":{""increase_gac_work_mem"":0.10933387522275,""mitigate_remote_path_bundle"":1.1917524448684171,""regional_topk_candidates"":1.3679764624529054},""distance"":1.7609178546849678,""episode_id"":""reference::fuzzy-memory-topk-panel-v1::fuzzy_topk_memory_severe::raw-large-balanced-v1::{\""cutoff_ts\"":\""2026-06-29 00:00:00+00\"",\""limit_k\"":10000}"",""normalized_sql_hash"":""nan"",""query_id"":""fuzzy-memory-topk-panel-v1::fuzzy_topk_memory_severe::raw-large-balanced-v1::{\""cutoff_ts\"":\""2026-06-29 00:00:00+00\"",\""limit_k\"":10000}"",""topology_id"":""eu_us_gac"",""weight"":0.567885338577343},{""action_gains"":{""increase_gac_work_mem"":0.0128070569269704,""mitigate_remote_path_bundle"":2.640761425802023,""regional_topk_candidates"":2.3178971333467917},""distance"":2.0429173725995398,""episode_id"":""reference::fuzzy-memory-topk-panel-v1::fuzzy_topk_balanced::raw-large-balanced-v1::{\""cutoff_ts\"":\""2026-06-29 00:00:00+00\"",\""limit_k\"":10000}"",""normalized_sql_hash"":""nan"",""query_id"":""fuzzy-memory-topk-panel-v1::fuzzy_topk_balanced::raw-large-balanced-v1::{\""cutoff_ts\"":\""2026-06-29 00:00:00+00\"",\""limit_k\"":10000}"",""topology_id"":""eu_us_gac"",""weight"":0.48949581804755915}]",0.49707266974712333,1.0
full_multilayer,warm_start_cross_query,16,q06_tenant_sum::run-1,q06_tenant_sum,82a4b1652b8883fb8dad714052530b1788280c0ae3dd3cb8823fe3b0d8dea3ac,tenant_sum,1,1,eu_us_gac,2,raw-large-balanced-v1,balanced,"[""increase_gac_work_mem"",""regional_topk_candidates"",""mitigate_remote_path_bundle""]",explicit_panel_contract_and_result_equivalence,8.598672,41,41,0,0.5032662909240595,1.9533554892194174,euclidean,available,regional_topk_candidates,regional_topk_candidates,regional_topk_candidates,True,0.0,True,0.0,257774.0,1825.0,18559728.0,7280.447,15.45,9.185,0.00490677679048592,3.381999598760771,2.7188744631916513,-0.0113274524048228,3.047649640005925,2.755693328342921,"[{""action_gains"":{""increase_gac_work_mem"":0.0072951999589837,""mitigate_remote_path_bundle"":2.646928961962837,""regional_topk_candidates"":2.9074514602042885},""distance"":0.5032662909240595,""episode_id"":""reference::fuzzy-memory-topk-panel-v1::fuzzy_topk_balanced::raw-large-balanced-v1::{\""cutoff_ts\"":\""2026-06-29 00:00:00+00\"",\""limit_k\"":100}"",""normalized_sql_hash"":""nan"",""query_id"":""fuzzy-memory-topk-panel-v1::fuzzy_topk_balanced::raw-large-balanced-v1::{\""cutoff_ts\"":\""2026-06-29 00:00:00+00\"",\""limit_k\"":100}"",""topology_id"":""eu_us_gac"",""weight"":1.9870156833834347},{""action_gains"":{""increase_gac_work_mem"":0.0081868930148983,""mitigate_remote_path_bundle"":4.360051703774939,""regional_topk_candidates"":4.127185858907333},""distance"":0.7755917957456823,""episode_id"":""reference::fuzzy-memory-topk-panel-v1::fuzzy_topk_transport_severe::raw-large-balanced-v1::{\""cutoff_ts\"":\""2026-06-29 00:00:00+00\"",\""limit_k\"":100}"",""normalized_sql_hash"":""nan"",""query_id"":""fuzzy-memory-topk-panel-v1::fuzzy_topk_transport_severe::raw-large-balanced-v1::{\""cutoff_ts\"":\""2026-06-29 00:00:00+00\"",\""limit_k\"":100}"",""topology_id"":""eu_us_gac"",""weight"":1.2893363701742029},{""action_gains"":{""increase_gac_work_mem"":-0.0218364506141406,""mitigate_remote_path_bundle"":2.898860761936939,""regional_topk_candidates"":4.405764321102397},""distance"":0.9051312948498461,""episode_id"":""reference::fuzzy-memory-topk-panel-v1::fuzzy_topk_balanced::raw-large-balanced-v1::{\""cutoff_ts\"":\""2026-06-24 00:00:00+00\"",\""limit_k\"":100}"",""normalized_sql_hash"":""nan"",""query_id"":""fuzzy-memory-topk-panel-v1::fuzzy_topk_balanced::raw-large-balanced-v1::{\""cutoff_ts\"":\""2026-06-24 00:00:00+00\"",\""limit_k\"":100}"",""topology_id"":""eu_us_gac"",""weight"":1.1048108720569865},{""action_gains"":{""increase_gac_work_mem"":0.0078718370666349,""mitigate_remote_path_bundle"":1.4283978240698936,""regional_topk_candidates"":3.251278574713406},""distance"":1.2190577978125974,""episode_id"":""reference::fuzzy-memory-topk-panel-v1::fuzzy_topk_memory_severe::raw-large-balanced-v1::{\""cutoff_ts\"":\""2026-06-24 00:00:00+00\"",\""limit_k\"":100}"",""normalized_sql_hash"":""nan"",""query_id"":""fuzzy-memory-topk-panel-v1::fuzzy_topk_memory_severe::raw-large-balanced-v1::{\""cutoff_ts\"":\""2026-06-24 00:00:00+00\"",\""limit_k\"":100}"",""topology_id"":""eu_us_gac"",""weight"":0.8203049777371997},{""action_gains"":{""increase_gac_work_mem"":0.0274589574398124,""mitigate_remote_path_bundle"":1.3346582999179395,""regional_topk_candidates"":2.0868568298219983},""distance"":1.2433005182031638,""episode_id"":""reference::fuzzy-memory-topk-panel-v1::fuzzy_topk_memory_severe::raw-large-balanced-v1::{\""cutoff_ts\"":\""2026-06-29 00:00:00+00\"",\""limit_k\"":100}"",""normalized_sql_hash"":""nan"",""query_id"":""fuzzy-memory-topk-panel-v1::fuzzy_topk_memory_severe::raw-large-balanced-v1::{\""cutoff_ts\"":\""2026-06-29 00:00:00+00\"",\""limit_k\"":100}"",""topology_id"":""eu_us_gac"",""weight"":0.8043101253871334}]",0.2576419365044354,1.0
full_multilayer,warm_start_cross_query,17,q07_tenant_count::run-1,q07_tenant_count,e2883a3d8a1df39316eb339275178d1251674b54de02a31a771e6d2aeced7e7b,tenant_count,1,2,eu_us_gac,2,raw-large-balanced-v1,transport,"[""increase_gac_work_mem"",""regional_topk_candidates"",""mitigate_remote_path_bundle""]",explicit_panel_contract_and_result_equivalence,86.072879,42,42,0,0.8354811665647823,1.9533554892194174,euclidean,available,regional_topk_candidates,regional_topk_candidates,regional_topk_candidates,True,0.0,True,0.0,901443.0,11836.0,64903896.0,82356.662,30.5,5.796,-0.001931989246598736,4.316442497499377,3.6288916221480285,0.0095142040035063,5.78740087138428,4.358137982011629,"[{""action_gains"":{""increase_gac_work_mem"":0.0051622454887038,""mitigate_remote_path_bundle"":4.594851458801552,""regional_topk_candidates"":5.689366145087311},""distance"":0.8354811665647823,""episode_id"":""reference::fuzzy-memory-topk-panel-v1::fuzzy_topk_transport_severe::raw-large-balanced-v1::{\""cutoff_ts\"":\""2026-06-24 00:00:00+00\"",\""limit_k\"":100}"",""normalized_sql_hash"":""nan"",""query_id"":""fuzzy-memory-topk-panel-v1::fuzzy_topk_transport_severe::raw-large-balanced-v1::{\""cutoff_ts\"":\""2026-06-24 00:00:00+00\"",\""limit_k\"":100}"",""topology_id"":""eu_us_gac"",""weight"":1.1969136386377448},{""action_gains"":{""increase_gac_work_mem"":-0.0218364506141406,""mitigate_remote_path_bundle"":2.898860761936939,""regional_topk_candidates"":4.405764321102397},""distance"":1.2964275040189692,""episode_id"":""reference::fuzzy-memory-topk-panel-v1::fuzzy_topk_balanced::raw-large-balanced-v1::{\""cutoff_ts\"":\""2026-06-24 00:00:00+00\"",\""limit_k\"":100}"",""normalized_sql_hash"":""nan"",""query_id"":""fuzzy-memory-topk-panel-v1::fuzzy_topk_balanced::raw-large-balanced-v1::{\""cutoff_ts\"":\""2026-06-24 00:00:00+00\"",\""limit_k\"":100}"",""topology_id"":""eu_us_gac"",""weight"":0.7713499023663616},{""action_gains"":{""increase_gac_work_mem"":0.0081868930148983,""mitigate_remote_path_bundle"":4.360051703774939,""regional_topk_candidates"":4.127185858907333},""distance"":1.45378332930869,""episode_id"":""reference::fuzzy-memory-topk-panel-v1::fuzzy_topk_transport_severe::raw-large-balanced-v1::{\""cutoff_ts\"":\""2026-06-29 00:00:00+00\"",\""limit_k\"":100}"",""normalized_sql_hash"":""nan"",""query_id"":""fuzzy-memory-topk-panel-v1::fuzzy_topk_transport_severe::raw-large-balanced-v1::{\""cutoff_ts\"":\""2026-06-29 00:00:00+00\"",\""limit_k\"":100}"",""topology_id"":""eu_us_gac"",""weight"":0.6878599389467381},{""action_gains"":{""increase_gac_work_mem"":0.0072951999589837,""mitigate_remote_path_bundle"":2.646928961962837,""regional_topk_candidates"":2.9074514602042885},""distance"":1.6925011823606038,""episode_id"":""reference::fuzzy-memory-topk-panel-v1::fuzzy_topk_balanced::raw-large-balanced-v1::{\""cutoff_ts\"":\""2026-06-29 00:00:00+00\"",\""limit_k\"":100}"",""normalized_sql_hash"":""nan"",""query_id"":""fuzzy-memory-topk-panel-v1::fuzzy_topk_balanced::raw-large-balanced-v1::{\""cutoff_ts\"":\""2026-06-29 00:00:00+00\"",\""limit_k\"":100}"",""topology_id"":""eu_us_gac"",""weight"":0.5908411879299665},{""action_gains"":{""increase_gac_work_mem"":-0.0113274524048228,""mitigate_remote_path_bundle"":2.755693328342921,""regional_topk_candidates"":3.047649640005925},""distance"":1.6928572046653019,""episode_id"":""q06_tenant_sum::run-1"",""normalized_sql_hash"":""82a4b1652b8883fb8dad714052530b1788280c0ae3dd3cb8823fe3b0d8dea3ac"",""query_id"":""q06_tenant_sum"",""topology_id"":""eu_us_gac"",""weight"":0.5907169290635963}]",0.4277158823244457,1.0
full_multilayer,warm_start_cross_query,18,q07_tenant_count::run-2,q07_tenant_count,e2883a3d8a1df39316eb339275178d1251674b54de02a31a771e6d2aeced7e7b,tenant_count,2,2,eu_us_gac,2,raw-large-balanced-v1,transport,"[""increase_gac_work_mem"",""regional_topk_candidates"",""mitigate_remote_path_bundle""]",explicit_panel_contract_and_result_equivalence,86.34813,43,42,1,1.1734520861486468,1.9533554892194174,euclidean,available,regional_topk_candidates,regional_topk_candidates,regional_topk_candidates,True,0.0,True,0.0,901443.0,11818.0,64903896.0,82558.09700000001,30.45,5.763,0.006348055390631611,4.195127047519063,3.8117880632118246,0.0058933650242485,5.944838229402522,4.322867216809753,"[{""action_gains"":{""increase_gac_work_mem"":0.0051622454887038,""mitigate_remote_path_bundle"":4.594851458801552,""regional_topk_candidates"":5.689366145087311},""distance"":1.1734520861486468,""episode_id"":""reference::fuzzy-memory-topk-panel-v1::fuzzy_topk_transport_severe::raw-large-balanced-v1::{\""cutoff_ts\"":\""2026-06-24 00:00:00+00\"",\""limit_k\"":100}"",""normalized_sql_hash"":""nan"",""query_id"":""fuzzy-memory-topk-panel-v1::fuzzy_topk_transport_severe::raw-large-balanced-v1::{\""cutoff_ts\"":\""2026-06-24 00:00:00+00\"",\""limit_k\"":100}"",""topology_id"":""eu_us_gac"",""weight"":0.852185751440706},{""action_gains"":{""increase_gac_work_mem"":0.0084124371532831,""mitigate_remote_path_bundle"":4.37766805933805,""regional_topk_candidates"":4.247803521993864},""distance"":1.2587129777680592,""episode_id"":""reference::fuzzy-memory-topk-panel-v1::fuzzy_topk_transport_severe::raw-large-balanced-v1::{\""cutoff_ts\"":\""2026-06-24 00:00:00+00\"",\""limit_k\"":10000}"",""normalized_sql_hash"":""nan"",""query_id"":""fuzzy-memory-topk-panel-v1::fuzzy_topk_transport_severe::raw-large-balanced-v1::{\""cutoff_ts\"":\""2026-06-24 00:00:00+00\"",\""limit_k\"":10000}"",""topology_id"":""eu_us_gac"",""weight"":0.7944616629849391},{""action_gains"":{""increase_gac_work_mem"":-0.0218364506141406,""mitigate_remote_path_bundle"":2.898860761936939,""regional_topk_candidates"":4.405764321102397},""distance"":1.472315518182905,""episode_id"":""reference::fuzzy-memory-topk-panel-v1::fuzzy_topk_balanced::raw-large-balanced-v1::{\""cutoff_ts\"":\""2026-06-24 00:00:00+00\"",\""limit_k\"":100}"",""normalized_sql_hash"":""nan"",""query_id"":""fuzzy-memory-topk-panel-v1::fuzzy_topk_balanced::raw-large-balanced-v1::{\""cutoff_ts\"":\""2026-06-24 00:00:00+00\"",\""limit_k\"":100}"",""topology_id"":""eu_us_gac"",""weight"":0.6792017800861014},{""action_gains"":{""increase_gac_work_mem"":0.033912495820706,""mitigate_remote_path_bundle"":2.685723352383513,""regional_topk_candidates"":2.983182859705127},""distance"":1.4876847084861662,""episode_id"":""reference::fuzzy-memory-topk-panel-v1::fuzzy_topk_balanced::raw-large-balanced-v1::{\""cutoff_ts\"":\""2026-06-24 00:00:00+00\"",\""limit_k\"":10000}"",""normalized_sql_hash"":""nan"",""query_id"":""fuzzy-memory-topk-panel-v1::fuzzy_topk_balanced::raw-large-balanced-v1::{\""cutoff_ts\"":\""2026-06-24 00:00:00+00\"",\""limit_k\"":10000}"",""topology_id"":""eu_us_gac"",""weight"":0.672184987928382},{""action_gains"":{""increase_gac_work_mem"":0.0063254578290735,""mitigate_remote_path_bundle"":4.204198458037598,""regional_topk_candidates"":3.2240845074472664},""distance"":1.5086882587040338,""episode_id"":""reference::fuzzy-memory-topk-panel-v1::fuzzy_topk_transport_severe::raw-large-balanced-v1::{\""cutoff_ts\"":\""2026-06-29 00:00:00+00\"",\""limit_k\"":10000}"",""normalized_sql_hash"":""nan"",""query_id"":""fuzzy-memory-topk-panel-v1::fuzzy_topk_transport_severe::raw-large-balanced-v1::{\""cutoff_ts\"":\""2026-06-29 00:00:00+00\"",\""limit_k\"":10000}"",""topology_id"":""eu_us_gac"",""weight"":0.6628270163857344}]",0.6007365748963448,1.0
full_multilayer,warm_start_cross_query,19,q08_tenant_avg::run-1,q08_tenant_avg,8e8d2f98539f4a009d76e2bafa2994da93c550be0df9a6a7019b81cb79140fb8,tenant_avg,1,3,eu_us_gac,2,raw-large-balanced-v1,memory,"[""increase_gac_work_mem"",""regional_topk_candidates"",""mitigate_remote_path_bundle""]",explicit_panel_contract_and_result_equivalence,22.839779,44,44,0,1.19652414008144,1.9533554892194174,euclidean,available,regional_topk_candidates,regional_topk_candidates,regional_topk_candidates,True,0.0,True,0.0,1804933.0,31306.0,129955176.0,17068.288,5.4350000000000005,19.93,0.03107149004924062,3.1458076777151707,2.144810525266898,0.0206639435078385,4.495349709290721,1.3965019409035595,"[{""action_gains"":{""increase_gac_work_mem"":0.0078718370666349,""mitigate_remote_path_bundle"":1.4283978240698936,""regional_topk_candidates"":3.251278574713406},""distance"":1.19652414008144,""episode_id"":""reference::fuzzy-memory-topk-panel-v1::fuzzy_topk_memory_severe::raw-large-balanced-v1::{\""cutoff_ts\"":\""2026-06-24 00:00:00+00\"",\""limit_k\"":100}"",""normalized_sql_hash"":""nan"",""query_id"":""fuzzy-memory-topk-panel-v1::fuzzy_topk_memory_severe::raw-large-balanced-v1::{\""cutoff_ts\"":\""2026-06-24 00:00:00+00\"",\""limit_k\"":100}"",""topology_id"":""eu_us_gac"",""weight"":0.8357534384375211},{""action_gains"":{""increase_gac_work_mem"":-0.0218364506141406,""mitigate_remote_path_bundle"":2.898860761936939,""regional_topk_candidates"":4.405764321102397},""distance"":1.4621916005283269,""episode_id"":""reference::fuzzy-memory-topk-panel-v1::fuzzy_topk_balanced::raw-large-balanced-v1::{\""cutoff_ts\"":\""2026-06-24 00:00:00+00\"",\""limit_k\"":100}"",""normalized_sql_hash"":""nan"",""query_id"":""fuzzy-memory-topk-panel-v1::fuzzy_topk_balanced::raw-large-balanced-v1::{\""cutoff_ts\"":\""2026-06-24 00:00:00+00\"",\""limit_k\"":100}"",""topology_id"":""eu_us_gac"",""weight"":0.6839044320417672},{""action_gains"":{""increase_gac_work_mem"":0.1519052149533546,""mitigate_remote_path_bundle"":1.2917196971971587,""regional_topk_candidates"":1.8696813627440243},""distance"":1.5796345327237167,""episode_id"":""reference::fuzzy-memory-topk-panel-v1::fuzzy_topk_memory_severe::raw-large-balanced-v1::{\""cutoff_ts\"":\""2026-06-24 00:00:00+00\"",\""limit_k\"":10000}"",""normalized_sql_hash"":""nan"",""query_id"":""fuzzy-memory-topk-panel-v1::fuzzy_topk_memory_severe::raw-large-balanced-v1::{\""cutoff_ts\"":\""2026-06-24 00:00:00+00\"",\""limit_k\"":10000}"",""topology_id"":""eu_us_gac"",""weight"":0.6330574232372014},{""action_gains"":{""increase_gac_work_mem"":0.033912495820706,""mitigate_remote_path_bundle"":2.685723352383513,""regional_topk_candidates"":2.983182859705127},""distance"":1.8088567669707127,""episode_id"":""reference::fuzzy-memory-topk-panel-v1::fuzzy_topk_balanced::raw-large-balanced-v1::{\""cutoff_ts\"":\""2026-06-24 00:00:00+00\"",\""limit_k\"":10000}"",""normalized_sql_hash"":""nan"",""query_id"":""fuzzy-memory-topk-panel-v1::fuzzy_topk_balanced::raw-large-balanced-v1::{\""cutoff_ts\"":\""2026-06-24 00:00:00+00\"",\""limit_k\"":10000}"",""topology_id"":""eu_us_gac"",""weight"":0.5528350643482026},{""action_gains"":{""increase_gac_work_mem"":-0.0113274524048228,""mitigate_remote_path_bundle"":2.755693328342921,""regional_topk_candidates"":3.047649640005925},""distance"":1.8850558540761269,""episode_id"":""q06_tenant_sum::run-1"",""normalized_sql_hash"":""82a4b1652b8883fb8dad714052530b1788280c0ae3dd3cb8823fe3b0d8dea3ac"",""query_id"":""q06_tenant_sum"",""topology_id"":""eu_us_gac"",""weight"":0.5304879785655608}]",0.6125480726294139,1.0
full_multilayer,warm_start_cross_query,20,q08_tenant_avg::run-2,q08_tenant_avg,8e8d2f98539f4a009d76e2bafa2994da93c550be0df9a6a7019b81cb79140fb8,tenant_avg,2,3,eu_us_gac,2,raw-large-balanced-v1,memory,"[""increase_gac_work_mem"",""regional_topk_candidates"",""mitigate_remote_path_bundle""]",explicit_panel_contract_and_result_equivalence,23.704148,45,44,1,1.580261682715497,1.9533554892194174,euclidean,available,regional_topk_candidates,regional_topk_candidates,regional_topk_candidates,True,0.0,True,0.0,1804933.0,31388.0,129955176.0,17416.571,5.4325,19.874,0.05871377164769428,2.7673467369084936,1.8907765183521366,0.0735851486077056,4.607859831466466,1.1931412104635313,"[{""action_gains"":{""increase_gac_work_mem"":0.1519052149533546,""mitigate_remote_path_bundle"":1.2917196971971587,""regional_topk_candidates"":1.8696813627440243},""distance"":1.580261682715497,""episode_id"":""reference::fuzzy-memory-topk-panel-v1::fuzzy_topk_memory_severe::raw-large-balanced-v1::{\""cutoff_ts\"":\""2026-06-24 00:00:00+00\"",\""limit_k\"":10000}"",""normalized_sql_hash"":""nan"",""query_id"":""fuzzy-memory-topk-panel-v1::fuzzy_topk_memory_severe::raw-large-balanced-v1::{\""cutoff_ts\"":\""2026-06-24 00:00:00+00\"",\""limit_k\"":10000}"",""topology_id"":""eu_us_gac"",""weight"":0.6328061852866239},{""action_gains"":{""increase_gac_work_mem"":0.033912495820706,""mitigate_remote_path_bundle"":2.685723352383513,""regional_topk_candidates"":2.983182859705127},""distance"":1.798819217871472,""episode_id"":""reference::fuzzy-memory-topk-panel-v1::fuzzy_topk_balanced::raw-large-balanced-v1::{\""cutoff_ts\"":\""2026-06-24 00:00:00+00\"",\""limit_k\"":10000}"",""normalized_sql_hash"":""nan"",""query_id"":""fuzzy-memory-topk-panel-v1::fuzzy_topk_balanced::raw-large-balanced-v1::{\""cutoff_ts\"":\""2026-06-24 00:00:00+00\"",\""limit_k\"":10000}"",""topology_id"":""eu_us_gac"",""weight"":0.5559199246622274},{""action_gains"":{""increase_gac_work_mem"":0.0078718370666349,""mitigate_remote_path_bundle"":1.4283978240698936,""regional_topk_candidates"":3.251278574713406},""distance"":1.8374648674997296,""episode_id"":""reference::fuzzy-memory-topk-panel-v1::fuzzy_topk_memory_severe::raw-large-balanced-v1::{\""cutoff_ts\"":\""2026-06-24 00:00:00+00\"",\""limit_k\"":100}"",""normalized_sql_hash"":""nan"",""query_id"":""fuzzy-memory-topk-panel-v1::fuzzy_topk_memory_severe::raw-large-balanced-v1::{\""cutoff_ts\"":\""2026-06-24 00:00:00+00\"",\""limit_k\"":100}"",""topology_id"":""eu_us_gac"",""weight"":0.5442277963838951},{""action_gains"":{""increase_gac_work_mem"":-0.0218364506141406,""mitigate_remote_path_bundle"":2.898860761936939,""regional_topk_candidates"":4.405764321102397},""distance"":1.9644447143325874,""episode_id"":""reference::fuzzy-memory-topk-panel-v1::fuzzy_topk_balanced::raw-large-balanced-v1::{\""cutoff_ts\"":\""2026-06-24 00:00:00+00\"",\""limit_k\"":100}"",""normalized_sql_hash"":""nan"",""query_id"":""fuzzy-memory-topk-panel-v1::fuzzy_topk_balanced::raw-large-balanced-v1::{\""cutoff_ts\"":\""2026-06-24 00:00:00+00\"",\""limit_k\"":100}"",""topology_id"":""eu_us_gac"",""weight"":0.5090494446876309},{""action_gains"":{""increase_gac_work_mem"":0.10933387522275,""mitigate_remote_path_bundle"":1.1917524448684171,""regional_topk_candidates"":1.3679764624529054},""distance"":2.1550508950449596,""episode_id"":""reference::fuzzy-memory-topk-panel-v1::fuzzy_topk_memory_severe::raw-large-balanced-v1::{\""cutoff_ts\"":\""2026-06-29 00:00:00+00\"",\""limit_k\"":10000}"",""normalized_sql_hash"":""nan"",""query_id"":""fuzzy-memory-topk-panel-v1::fuzzy_topk_memory_severe::raw-large-balanced-v1::{\""cutoff_ts\"":\""2026-06-29 00:00:00+00\"",\""limit_k\"":10000}"",""topology_id"":""eu_us_gac"",""weight"":0.4640259486554673}]",0.8089985112474264,1.0
full_multilayer,warm_start_cross_query,21,q08_tenant_avg::run-3,q08_tenant_avg,8e8d2f98539f4a009d76e2bafa2994da93c550be0df9a6a7019b81cb79140fb8,tenant_avg,3,3,eu_us_gac,2,raw-large-balanced-v1,memory,"[""increase_gac_work_mem"",""regional_topk_candidates"",""mitigate_remote_path_bundle""]",explicit_panel_contract_and_result_equivalence,23.292111,46,44,2,1.2751997945083604,1.9533554892194174,euclidean,available,regional_topk_candidates,regional_topk_candidates,regional_topk_candidates,True,0.0,True,0.0,1804933.0,31308.0,129955176.0,17044.016000000003,5.455,19.975,0.041896125630546656,3.530912915557922,2.4221864000759403,0.0268770971362172,4.231723759789755,1.4095299228143046,"[{""action_gains"":{""increase_gac_work_mem"":0.1519052149533546,""mitigate_remote_path_bundle"":1.2917196971971587,""regional_topk_candidates"":1.8696813627440243},""distance"":1.2751997945083604,""episode_id"":""reference::fuzzy-memory-topk-panel-v1::fuzzy_topk_memory_severe::raw-large-balanced-v1::{\""cutoff_ts\"":\""2026-06-24 00:00:00+00\"",\""limit_k\"":10000}"",""normalized_sql_hash"":""nan"",""query_id"":""fuzzy-memory-topk-panel-v1::fuzzy_topk_memory_severe::raw-large-balanced-v1::{\""cutoff_ts\"":\""2026-06-24 00:00:00+00\"",\""limit_k\"":10000}"",""topology_id"":""eu_us_gac"",""weight"":0.7841902265952861},{""action_gains"":{""increase_gac_work_mem"":0.033912495820706,""mitigate_remote_path_bundle"":2.685723352383513,""regional_topk_candidates"":2.983182859705127},""distance"":1.3989082987520984,""episode_id"":""reference::fuzzy-memory-topk-panel-v1::fuzzy_topk_balanced::raw-large-balanced-v1::{\""cutoff_ts\"":\""2026-06-24 00:00:00+00\"",\""limit_k\"":10000}"",""normalized_sql_hash"":""nan"",""query_id"":""fuzzy-memory-topk-panel-v1::fuzzy_topk_balanced::raw-large-balanced-v1::{\""cutoff_ts\"":\""2026-06-24 00:00:00+00\"",\""limit_k\"":10000}"",""topology_id"":""eu_us_gac"",""weight"":0.7148426283905992},{""action_gains"":{""increase_gac_work_mem"":0.0078718370666349,""mitigate_remote_path_bundle"":1.4283978240698936,""regional_topk_candidates"":3.251278574713406},""distance"":1.5173747706558987,""episode_id"":""reference::fuzzy-memory-topk-panel-v1::fuzzy_topk_memory_severe::raw-large-balanced-v1::{\""cutoff_ts\"":\""2026-06-24 00:00:00+00\"",\""limit_k\"":100}"",""normalized_sql_hash"":""nan"",""query_id"":""fuzzy-memory-topk-panel-v1::fuzzy_topk_memory_severe::raw-large-balanced-v1::{\""cutoff_ts\"":\""2026-06-24 00:00:00+00\"",\""limit_k\"":100}"",""topology_id"":""eu_us_gac"",""weight"":0.6590325345499233},{""action_gains"":{""increase_gac_work_mem"":-0.0218364506141406,""mitigate_remote_path_bundle"":2.898860761936939,""regional_topk_candidates"":4.405764321102397},""distance"":1.6827488391854926,""episode_id"":""reference::fuzzy-memory-topk-panel-v1::fuzzy_topk_balanced::raw-large-balanced-v1::{\""cutoff_ts\"":\""2026-06-24 00:00:00+00\"",\""limit_k\"":100}"",""normalized_sql_hash"":""nan"",""query_id"":""fuzzy-memory-topk-panel-v1::fuzzy_topk_balanced::raw-large-balanced-v1::{\""cutoff_ts\"":\""2026-06-24 00:00:00+00\"",\""limit_k\"":100}"",""topology_id"":""eu_us_gac"",""weight"":0.594265396265932},{""action_gains"":{""increase_gac_work_mem"":0.0058933650242485,""mitigate_remote_path_bundle"":4.322867216809753,""regional_topk_candidates"":5.944838229402522},""distance"":1.7766991606359948,""episode_id"":""q07_tenant_count::run-2"",""normalized_sql_hash"":""e2883a3d8a1df39316eb339275178d1251674b54de02a31a771e6d2aeced7e7b"",""query_id"":""q07_tenant_count"",""topology_id"":""eu_us_gac"",""weight"":0.5628411716032242}]",0.6528252545664099,1.0
full_multilayer,warm_start_cross_query,22,q09_tenant_max::run-1,q09_tenant_max,0a1845d5eee8a966fc7841a83bbfa0c28f21ecba6942182b9a8b2e287f92f63b,tenant_max,1,4,eu_us_apac_gac,3,n3-medium-balanced-wide-global-dim-v1,balanced,"[""increase_gac_work_mem"",""regional_topk_candidates"",""mitigate_remote_path_bundle""]",explicit_panel_contract_and_result_equivalence,1.5832,47,47,0,8.336840192339928,1.9533554892194174,euclidean,outside_reference_coverage,regional_topk_candidates,,mitigate_remote_path_bundle,False,,False,1.3756076286393708,19350.0,136.0,1393200.0,675.923,15.466666666666669,13.218,0.016031483123668516,2.7588425023733367,2.453113924530898,-0.0098099219860758,0.6178171990686502,1.993424827708021,"[{""action_gains"":{""increase_gac_work_mem"":0.0072951999589837,""mitigate_remote_path_bundle"":2.646928961962837,""regional_topk_candidates"":2.9074514602042885},""distance"":8.336840192339928,""episode_id"":""reference::fuzzy-memory-topk-panel-v1::fuzzy_topk_balanced::raw-large-balanced-v1::{\""cutoff_ts\"":\""2026-06-29 00:00:00+00\"",\""limit_k\"":100}"",""normalized_sql_hash"":""nan"",""query_id"":""fuzzy-memory-topk-panel-v1::fuzzy_topk_balanced::raw-large-balanced-v1::{\""cutoff_ts\"":\""2026-06-29 00:00:00+00\"",\""limit_k\"":100}"",""topology_id"":""eu_us_gac"",""weight"":0.1199495080845275},{""action_gains"":{""increase_gac_work_mem"":0.0274589574398124,""mitigate_remote_path_bundle"":1.3346582999179395,""regional_topk_candidates"":2.0868568298219983},""distance"":8.40257199652896,""episode_id"":""reference::fuzzy-memory-topk-panel-v1::fuzzy_topk_memory_severe::raw-large-balanced-v1::{\""cutoff_ts\"":\""2026-06-29 00:00:00+00\"",\""limit_k\"":100}"",""normalized_sql_hash"":""nan"",""query_id"":""fuzzy-memory-topk-panel-v1::fuzzy_topk_memory_severe::raw-large-balanced-v1::{\""cutoff_ts\"":\""2026-06-29 00:00:00+00\"",\""limit_k\"":100}"",""topology_id"":""eu_us_gac"",""weight"":0.11901116484356548},{""action_gains"":{""increase_gac_work_mem"":-0.0113274524048228,""mitigate_remote_path_bundle"":2.755693328342921,""regional_topk_candidates"":3.047649640005925},""distance"":8.422916268656971,""episode_id"":""q06_tenant_sum::run-1"",""normalized_sql_hash"":""82a4b1652b8883fb8dad714052530b1788280c0ae3dd3cb8823fe3b0d8dea3ac"",""query_id"":""q06_tenant_sum"",""topology_id"":""eu_us_gac"",""weight"":0.11872371152464727},{""action_gains"":{""increase_gac_work_mem"":0.0486061304280509,""mitigate_remote_path_bundle"":1.1748579673493134,""regional_topk_candidates"":1.6292173868977764},""distance"":8.430356532298203,""episode_id"":""q05_event_deviation::run-4"",""normalized_sql_hash"":""bd5d33dbf428b5dfe5fde653651a56bf4036327ea0a4ea3cb42a933b2a2200b1"",""query_id"":""q05_event_deviation"",""topology_id"":""eu_us_gac"",""weight"":0.11861893118634906},{""action_gains"":{""increase_gac_work_mem"":0.0081868930148983,""mitigate_remote_path_bundle"":4.360051703774939,""regional_topk_candidates"":4.127185858907333},""distance"":8.454135392907018,""episode_id"":""reference::fuzzy-memory-topk-panel-v1::fuzzy_topk_transport_severe::raw-large-balanced-v1::{\""cutoff_ts\"":\""2026-06-29 00:00:00+00\"",\""limit_k\"":100}"",""normalized_sql_hash"":""nan"",""query_id"":""fuzzy-memory-topk-panel-v1::fuzzy_topk_transport_severe::raw-large-balanced-v1::{\""cutoff_ts\"":\""2026-06-29 00:00:00+00\"",\""limit_k\"":100}"",""topology_id"":""eu_us_gac"",""weight"":0.11828529296487286}]",4.267958514643651,1.0
full_multilayer,warm_start_cross_query,23,q09_tenant_max::run-2,q09_tenant_max,0a1845d5eee8a966fc7841a83bbfa0c28f21ecba6942182b9a8b2e287f92f63b,tenant_max,2,4,eu_us_apac_gac,3,n3-medium-balanced-wide-global-dim-v1,balanced,"[""increase_gac_work_mem"",""regional_topk_candidates"",""mitigate_remote_path_bundle""]",explicit_panel_contract_and_result_equivalence,1.626396,48,47,1,8.366845834795562,1.9533554892194174,euclidean,outside_reference_coverage,regional_topk_candidates,,mitigate_remote_path_bundle,False,,False,1.3241434731600286,19350.0,136.0,1393200.0,677.1270000000001,15.45,14.857,0.018085463566060438,2.240261951600609,1.8209720340398428,0.0118212301274772,0.711494806856934,2.0356382800169626,"[{""action_gains"":{""increase_gac_work_mem"":0.0072951999589837,""mitigate_remote_path_bundle"":2.646928961962837,""regional_topk_candidates"":2.9074514602042885},""distance"":8.366845834795562,""episode_id"":""reference::fuzzy-memory-topk-panel-v1::fuzzy_topk_balanced::raw-large-balanced-v1::{\""cutoff_ts\"":\""2026-06-29 00:00:00+00\"",\""limit_k\"":100}"",""normalized_sql_hash"":""nan"",""query_id"":""fuzzy-memory-topk-panel-v1::fuzzy_topk_balanced::raw-large-balanced-v1::{\""cutoff_ts\"":\""2026-06-29 00:00:00+00\"",\""limit_k\"":100}"",""topology_id"":""eu_us_gac"",""weight"":0.11951933861646152},{""action_gains"":{""increase_gac_work_mem"":0.0486061304280509,""mitigate_remote_path_bundle"":1.1748579673493134,""regional_topk_candidates"":1.6292173868977764},""distance"":8.38574429419527,""episode_id"":""q05_event_deviation::run-4"",""normalized_sql_hash"":""bd5d33dbf428b5dfe5fde653651a56bf4036327ea0a4ea3cb42a933b2a2200b1"",""query_id"":""q05_event_deviation"",""topology_id"":""eu_us_gac"",""weight"":0.1192499849348172},{""action_gains"":{""increase_gac_work_mem"":0.0183683695362655,""mitigate_remote_path_bundle"":1.1897369988267434,""regional_topk_candidates"":1.5287577109536976},""distance"":8.407889254835403,""episode_id"":""q05_event_deviation::run-2"",""normalized_sql_hash"":""bd5d33dbf428b5dfe5fde653651a56bf4036327ea0a4ea3cb42a933b2a2200b1"",""query_id"":""q05_event_deviation"",""topology_id"":""eu_us_gac"",""weight"":0.11893590064700203},{""action_gains"":{""increase_gac_work_mem"":-0.0113274524048228,""mitigate_remote_path_bundle"":2.755693328342921,""regional_topk_candidates"":3.047649640005925},""distance"":8.415838743261714,""episode_id"":""q06_tenant_sum::run-1"",""normalized_sql_hash"":""82a4b1652b8883fb8dad714052530b1788280c0ae3dd3cb8823fe3b0d8dea3ac"",""query_id"":""q06_tenant_sum"",""topology_id"":""eu_us_gac"",""weight"":0.11882355540344826},{""action_gains"":{""increase_gac_work_mem"":0.0274589574398124,""mitigate_remote_path_bundle"":1.3346582999179395,""regional_topk_candidates"":2.0868568298219983},""distance"":8.434286995336558,""episode_id"":""reference::fuzzy-memory-topk-panel-v1::fuzzy_topk_memory_severe::raw-large-balanced-v1::{\""cutoff_ts\"":\""2026-06-29 00:00:00+00\"",\""limit_k\"":100}"",""normalized_sql_hash"":""nan"",""query_id"":""fuzzy-memory-topk-panel-v1::fuzzy_topk_memory_severe::raw-large-balanced-v1::{\""cutoff_ts\"":\""2026-06-29 00:00:00+00\"",\""limit_k\"":100}"",""topology_id"":""eu_us_gac"",""weight"":0.11856365357134055}]",4.283319590812959,1.0
full_multilayer,warm_start_cross_query,24,q09_tenant_max::run-3,q09_tenant_max,0a1845d5eee8a966fc7841a83bbfa0c28f21ecba6942182b9a8b2e287f92f63b,tenant_max,3,4,eu_us_apac_gac,3,n3-medium-balanced-wide-global-dim-v1,balanced,"[""increase_gac_work_mem"",""regional_topk_candidates"",""mitigate_remote_path_bundle""]",explicit_panel_contract_and_result_equivalence,1.671267,49,47,2,8.370275623929098,1.9533554892194174,euclidean,outside_reference_coverage,regional_topk_candidates,,mitigate_remote_path_bundle,False,,False,1.0789795139529628,19350.0,136.0,1393200.0,678.663,15.416666666666666,12.644,0.01808677349516459,2.2402362836551233,1.8209376115070774,0.0235774955198211,0.741129797923938,1.8201093118769007,"[{""action_gains"":{""increase_gac_work_mem"":0.0072951999589837,""mitigate_remote_path_bundle"":2.646928961962837,""regional_topk_candidates"":2.9074514602042885},""distance"":8.370275623929098,""episode_id"":""reference::fuzzy-memory-topk-panel-v1::fuzzy_topk_balanced::raw-large-balanced-v1::{\""cutoff_ts\"":\""2026-06-29 00:00:00+00\"",\""limit_k\"":100}"",""normalized_sql_hash"":""nan"",""query_id"":""fuzzy-memory-topk-panel-v1::fuzzy_topk_balanced::raw-large-balanced-v1::{\""cutoff_ts\"":\""2026-06-29 00:00:00+00\"",\""limit_k\"":100}"",""topology_id"":""eu_us_gac"",""weight"":0.11947036459239375},{""action_gains"":{""increase_gac_work_mem"":0.0486061304280509,""mitigate_remote_path_bundle"":1.1748579673493134,""regional_topk_candidates"":1.6292173868977764},""distance"":8.391209303922931,""episode_id"":""q05_event_deviation::run-4"",""normalized_sql_hash"":""bd5d33dbf428b5dfe5fde653651a56bf4036327ea0a4ea3cb42a933b2a2200b1"",""query_id"":""q05_event_deviation"",""topology_id"":""eu_us_gac"",""weight"":0.11917232005643992},{""action_gains"":{""increase_gac_work_mem"":0.0183683695362655,""mitigate_remote_path_bundle"":1.1897369988267434,""regional_topk_candidates"":1.5287577109536976},""distance"":8.41269831863163,""episode_id"":""q05_event_deviation::run-2"",""normalized_sql_hash"":""bd5d33dbf428b5dfe5fde653651a56bf4036327ea0a4ea3cb42a933b2a2200b1"",""query_id"":""q05_event_deviation"",""topology_id"":""eu_us_gac"",""weight"":0.11886791172784425},{""action_gains"":{""increase_gac_work_mem"":-0.0113274524048228,""mitigate_remote_path_bundle"":2.755693328342921,""regional_topk_candidates"":3.047649640005925},""distance"":8.423495352478348,""episode_id"":""q06_tenant_sum::run-1"",""normalized_sql_hash"":""82a4b1652b8883fb8dad714052530b1788280c0ae3dd3cb8823fe3b0d8dea3ac"",""query_id"":""q06_tenant_sum"",""topology_id"":""eu_us_gac"",""weight"":0.11871554971419697},{""action_gains"":{""increase_gac_work_mem"":0.0274589574398124,""mitigate_remote_path_bundle"":1.3346582999179395,""regional_topk_candidates"":2.0868568298219983},""distance"":8.438360782257027,""episode_id"":""reference::fuzzy-memory-topk-panel-v1::fuzzy_topk_memory_severe::raw-large-balanced-v1::{\""cutoff_ts\"":\""2026-06-29 00:00:00+00\"",\""limit_k\"":100}"",""normalized_sql_hash"":""nan"",""query_id"":""fuzzy-memory-topk-panel-v1::fuzzy_topk_memory_severe::raw-large-balanced-v1::{\""cutoff_ts\"":\""2026-06-29 00:00:00+00\"",\""limit_k\"":100}"",""topology_id"":""eu_us_gac"",""weight"":0.11850641461031645}]",4.285075435641238,1.0
full_multilayer,warm_start_cross_query,25,q09_tenant_max::run-4,q09_tenant_max,0a1845d5eee8a966fc7841a83bbfa0c28f21ecba6942182b9a8b2e287f92f63b,tenant_max,4,4,eu_us_apac_gac,3,n3-medium-balanced-wide-global-dim-v1,balanced,"[""increase_gac_work_mem"",""regional_topk_candidates"",""mitigate_remote_path_bundle""]",explicit_panel_contract_and_result_equivalence,1.585605,50,47,3,8.351797839099666,1.9533554892194174,euclidean,outside_reference_coverage,regional_topk_candidates,,mitigate_remote_path_bundle,False,,False,1.3135790020504303,19350.0,136.0,1393200.0,680.418,15.483333333333334,10.615,0.018089018528259136,2.240305353500227,1.8209880966955372,0.001257989186062,0.6273560086690125,1.940935010719443,"[{""action_gains"":{""increase_gac_work_mem"":0.0072951999589837,""mitigate_remote_path_bundle"":2.646928961962837,""regional_topk_candidates"":2.9074514602042885},""distance"":8.351797839099666,""episode_id"":""reference::fuzzy-memory-topk-panel-v1::fuzzy_topk_balanced::raw-large-balanced-v1::{\""cutoff_ts\"":\""2026-06-29 00:00:00+00\"",\""limit_k\"":100}"",""normalized_sql_hash"":""nan"",""query_id"":""fuzzy-memory-topk-panel-v1::fuzzy_topk_balanced::raw-large-balanced-v1::{\""cutoff_ts\"":\""2026-06-29 00:00:00+00\"",\""limit_k\"":100}"",""topology_id"":""eu_us_gac"",""weight"":0.1197346846188888},{""action_gains"":{""increase_gac_work_mem"":0.0486061304280509,""mitigate_remote_path_bundle"":1.1748579673493134,""regional_topk_candidates"":1.6292173868977764},""distance"":8.380705571304176,""episode_id"":""q05_event_deviation::run-4"",""normalized_sql_hash"":""bd5d33dbf428b5dfe5fde653651a56bf4036327ea0a4ea3cb42a933b2a2200b1"",""query_id"":""q05_event_deviation"",""topology_id"":""eu_us_gac"",""weight"":0.11932168147063328},{""action_gains"":{""increase_gac_work_mem"":0.0183683695362655,""mitigate_remote_path_bundle"":1.1897369988267434,""regional_topk_candidates"":1.5287577109536976},""distance"":8.405190603839452,""episode_id"":""q05_event_deviation::run-2"",""normalized_sql_hash"":""bd5d33dbf428b5dfe5fde653651a56bf4036327ea0a4ea3cb42a933b2a2200b1"",""query_id"":""q05_event_deviation"",""topology_id"":""eu_us_gac"",""weight"":0.11897408734182868},{""action_gains"":{""increase_gac_work_mem"":-0.0113274524048228,""mitigate_remote_path_bundle"":2.755693328342921,""regional_topk_candidates"":3.047649640005925},""distance"":8.418047106166666,""episode_id"":""q06_tenant_sum::run-1"",""normalized_sql_hash"":""82a4b1652b8883fb8dad714052530b1788280c0ae3dd3cb8823fe3b0d8dea3ac"",""query_id"":""q06_tenant_sum"",""topology_id"":""eu_us_gac"",""weight"":0.11879238362482712},{""action_gains"":{""increase_gac_work_mem"":0.0274589574398124,""mitigate_remote_path_bundle"":1.3346582999179395,""regional_topk_candidates"":2.0868568298219983},""distance"":8.424244530212372,""episode_id"":""reference::fuzzy-memory-topk-panel-v1::fuzzy_topk_memory_severe::raw-large-balanced-v1::{\""cutoff_ts\"":\""2026-06-29 00:00:00+00\"",\""limit_k\"":100}"",""normalized_sql_hash"":""nan"",""query_id"":""fuzzy-memory-topk-panel-v1::fuzzy_topk_memory_severe::raw-large-balanced-v1::{\""cutoff_ts\"":\""2026-06-29 00:00:00+00\"",\""limit_k\"":100}"",""topology_id"":""eu_us_gac"",""weight"":0.11870499220537208}]",4.27561592612983,1.0
full_multilayer,warm_start_cross_query,26,q10_tenant_min::run-1,q10_tenant_min,1ffceae8ec4dc807efe850ad847328743196a4fc73e3da8ce9c3268b0eb210fe,tenant_min,1,5,eu_us_apac_gac,3,n3-medium-balanced-wide-global-dim-v1,transport,"[""increase_gac_work_mem"",""regional_topk_candidates"",""mitigate_remote_path_bundle""]",explicit_panel_contract_and_result_equivalence,5.171764,51,51,0,1.0012439642528406,1.9533554892194174,euclidean,available,mitigate_remote_path_bundle,mitigate_remote_path_bundle,mitigate_remote_path_bundle,True,0.0,True,0.0,38592.0,579.0,2778624.0,3691.634,30.516666666666666,7.273,0.0056859524637147794,0.743700462832555,1.970954929405193,-0.0152279019519483,1.5949990223674917,3.3317455284481,"[{""action_gains"":{""increase_gac_work_mem"":-0.0098099219860758,""mitigate_remote_path_bundle"":1.993424827708021,""regional_topk_candidates"":0.6178171990686502},""distance"":1.0012439642528406,""episode_id"":""q09_tenant_max::run-1"",""normalized_sql_hash"":""0a1845d5eee8a966fc7841a83bbfa0c28f21ecba6942182b9a8b2e287f92f63b"",""query_id"":""q09_tenant_max"",""topology_id"":""eu_us_apac_gac"",""weight"":0.9987565837559348},{""action_gains"":{""increase_gac_work_mem"":0.001257989186062,""mitigate_remote_path_bundle"":1.940935010719443,""regional_topk_candidates"":0.6273560086690125},""distance"":1.1385663756335564,""episode_id"":""q09_tenant_max::run-4"",""normalized_sql_hash"":""0a1845d5eee8a966fc7841a83bbfa0c28f21ecba6942182b9a8b2e287f92f63b"",""query_id"":""q09_tenant_max"",""topology_id"":""eu_us_apac_gac"",""weight"":0.8782967274497475},{""action_gains"":{""increase_gac_work_mem"":0.0235774955198211,""mitigate_remote_path_bundle"":1.8201093118769007,""regional_topk_candidates"":0.741129797923938},""distance"":1.2230162733621381,""episode_id"":""q09_tenant_max::run-3"",""normalized_sql_hash"":""0a1845d5eee8a966fc7841a83bbfa0c28f21ecba6942182b9a8b2e287f92f63b"",""query_id"":""q09_tenant_max"",""topology_id"":""eu_us_apac_gac"",""weight"":0.8176499398499484},{""action_gains"":{""increase_gac_work_mem"":0.0118212301274772,""mitigate_remote_path_bundle"":2.0356382800169626,""regional_topk_candidates"":0.711494806856934},""distance"":1.3490550140306674,""episode_id"":""q09_tenant_max::run-2"",""normalized_sql_hash"":""0a1845d5eee8a966fc7841a83bbfa0c28f21ecba6942182b9a8b2e287f92f63b"",""query_id"":""q09_tenant_max"",""topology_id"":""eu_us_apac_gac"",""weight"":0.7412590653016929},{""action_gains"":{""increase_gac_work_mem"":0.0072951999589837,""mitigate_remote_path_bundle"":2.646928961962837,""regional_topk_candidates"":2.9074514602042885},""distance"":8.522517699837437,""episode_id"":""reference::fuzzy-memory-topk-panel-v1::fuzzy_topk_balanced::raw-large-balanced-v1::{\""cutoff_ts\"":\""2026-06-29 00:00:00+00\"",\""limit_k\"":100}"",""normalized_sql_hash"":""nan"",""query_id"":""fuzzy-memory-topk-panel-v1::fuzzy_topk_balanced::raw-large-balanced-v1::{\""cutoff_ts\"":\""2026-06-29 00:00:00+00\"",\""limit_k\"":100}"",""topology_id"":""eu_us_gac"",""weight"":0.11733620484975582}]",0.512576420307882,1.0
full_multilayer,warm_start_cross_query,27,q10_tenant_min::run-2,q10_tenant_min,1ffceae8ec4dc807efe850ad847328743196a4fc73e3da8ce9c3268b0eb210fe,tenant_min,2,5,eu_us_apac_gac,3,n3-medium-balanced-wide-global-dim-v1,transport,"[""increase_gac_work_mem"",""regional_topk_candidates"",""mitigate_remote_path_bundle""]",explicit_panel_contract_and_result_equivalence,5.173816,52,51,1,0.9928682273479352,1.9533554892194174,euclidean,available,mitigate_remote_path_bundle,mitigate_remote_path_bundle,mitigate_remote_path_bundle,True,0.0,True,0.0,38592.0,581.0,2778624.0,3683.865,30.48333333333333,5.354,0.00802835677498526,0.7496278490413361,1.962929061362946,-0.0055403245600634,1.6670659134424273,3.4653048889107207,"[{""action_gains"":{""increase_gac_work_mem"":0.001257989186062,""mitigate_remote_path_bundle"":1.940935010719443,""regional_topk_candidates"":0.6273560086690125},""distance"":0.9928682273479352,""episode_id"":""q09_tenant_max::run-4"",""normalized_sql_hash"":""0a1845d5eee8a966fc7841a83bbfa0c28f21ecba6942182b9a8b2e287f92f63b"",""query_id"":""q09_tenant_max"",""topology_id"":""eu_us_apac_gac"",""weight"":1.0071819857597075},{""action_gains"":{""increase_gac_work_mem"":0.0235774955198211,""mitigate_remote_path_bundle"":1.8201093118769007,""regional_topk_candidates"":0.741129797923938},""distance"":1.0104619857821673,""episode_id"":""q09_tenant_max::run-3"",""normalized_sql_hash"":""0a1845d5eee8a966fc7841a83bbfa0c28f21ecba6942182b9a8b2e287f92f63b"",""query_id"":""q09_tenant_max"",""topology_id"":""eu_us_apac_gac"",""weight"":0.9896453547241336},{""action_gains"":{""increase_gac_work_mem"":0.0118212301274772,""mitigate_remote_path_bundle"":2.0356382800169626,""regional_topk_candidates"":0.711494806856934},""distance"":1.1458376231631855,""episode_id"":""q09_tenant_max::run-2"",""normalized_sql_hash"":""0a1845d5eee8a966fc7841a83bbfa0c28f21ecba6942182b9a8b2e287f92f63b"",""query_id"":""q09_tenant_max"",""topology_id"":""eu_us_apac_gac"",""weight"":0.8727232437316649},{""action_gains"":{""increase_gac_work_mem"":-0.0098099219860758,""mitigate_remote_path_bundle"":1.993424827708021,""regional_topk_candidates"":0.6178171990686502},""distance"":1.512531083650176,""episode_id"":""q09_tenant_max::run-1"",""normalized_sql_hash"":""0a1845d5eee8a966fc7841a83bbfa0c28f21ecba6942182b9a8b2e287f92f63b"",""query_id"":""q09_tenant_max"",""topology_id"":""eu_us_apac_gac"",""weight"":0.6611430004094272},{""action_gains"":{""increase_gac_work_mem"":0.0072951999589837,""mitigate_remote_path_bundle"":2.646928961962837,""regional_topk_candidates"":2.9074514602042885},""distance"":8.56328952260767,""episode_id"":""reference::fuzzy-memory-topk-panel-v1::fuzzy_topk_balanced::raw-large-balanced-v1::{\""cutoff_ts\"":\""2026-06-29 00:00:00+00\"",\""limit_k\"":100}"",""normalized_sql_hash"":""nan"",""query_id"":""fuzzy-memory-topk-panel-v1::fuzzy_topk_balanced::raw-large-balanced-v1::{\""cutoff_ts\"":\""2026-06-29 00:00:00+00\"",\""limit_k\"":100}"",""topology_id"":""eu_us_gac"",""weight"":0.11677753982069533}]",0.50828854902632,1.0
full_multilayer,warm_start_cross_query,28,q10_tenant_min::run-3,q10_tenant_min,1ffceae8ec4dc807efe850ad847328743196a4fc73e3da8ce9c3268b0eb210fe,tenant_min,3,5,eu_us_apac_gac,3,n3-medium-balanced-wide-global-dim-v1,transport,"[""increase_gac_work_mem"",""regional_topk_candidates"",""mitigate_remote_path_bundle""]",explicit_panel_contract_and_result_equivalence,5.284548,53,51,2,0.9571855901244649,1.9533554892194174,euclidean,available,mitigate_remote_path_bundle,mitigate_remote_path_bundle,mitigate_remote_path_bundle,True,0.0,True,0.0,38592.0,583.0,2778624.0,3694.029,30.53333333333333,9.058,0.008070974898811367,0.7473231736423953,1.9622545177128685,0.0360130863917107,1.6725292573066506,3.5011137901178766,"[{""action_gains"":{""increase_gac_work_mem"":0.001257989186062,""mitigate_remote_path_bundle"":1.940935010719443,""regional_topk_candidates"":0.6273560086690125},""distance"":0.9571855901244649,""episode_id"":""q09_tenant_max::run-4"",""normalized_sql_hash"":""0a1845d5eee8a966fc7841a83bbfa0c28f21ecba6942182b9a8b2e287f92f63b"",""query_id"":""q09_tenant_max"",""topology_id"":""eu_us_apac_gac"",""weight"":1.044728384535734},{""action_gains"":{""increase_gac_work_mem"":0.0235774955198211,""mitigate_remote_path_bundle"":1.8201093118769007,""regional_topk_candidates"":0.741129797923938},""distance"":0.9776221063342022,""episode_id"":""q09_tenant_max::run-3"",""normalized_sql_hash"":""0a1845d5eee8a966fc7841a83bbfa0c28f21ecba6942182b9a8b2e287f92f63b"",""query_id"":""q09_tenant_max"",""topology_id"":""eu_us_apac_gac"",""weight"":1.0228890801790729},{""action_gains"":{""increase_gac_work_mem"":0.0118212301274772,""mitigate_remote_path_bundle"":2.0356382800169626,""regional_topk_candidates"":0.711494806856934},""distance"":1.0977918042488213,""episode_id"":""q09_tenant_max::run-2"",""normalized_sql_hash"":""0a1845d5eee8a966fc7841a83bbfa0c28f21ecba6942182b9a8b2e287f92f63b"",""query_id"":""q09_tenant_max"",""topology_id"":""eu_us_apac_gac"",""weight"":0.9109187053601274},{""action_gains"":{""increase_gac_work_mem"":-0.0098099219860758,""mitigate_remote_path_bundle"":1.993424827708021,""regional_topk_candidates"":0.6178171990686502},""distance"":1.4814925265342387,""episode_id"":""q09_tenant_max::run-1"",""normalized_sql_hash"":""0a1845d5eee8a966fc7841a83bbfa0c28f21ecba6942182b9a8b2e287f92f63b"",""query_id"":""q09_tenant_max"",""topology_id"":""eu_us_apac_gac"",""weight"":0.6749945120174571},{""action_gains"":{""increase_gac_work_mem"":0.0072951999589837,""mitigate_remote_path_bundle"":2.646928961962837,""regional_topk_candidates"":2.9074514602042885},""distance"":8.581444667243385,""episode_id"":""reference::fuzzy-memory-topk-panel-v1::fuzzy_topk_balanced::raw-large-balanced-v1::{\""cutoff_ts\"":\""2026-06-29 00:00:00+00\"",\""limit_k\"":100}"",""normalized_sql_hash"":""nan"",""query_id"":""fuzzy-memory-topk-panel-v1::fuzzy_topk_balanced::raw-large-balanced-v1::{\""cutoff_ts\"":\""2026-06-29 00:00:00+00\"",\""limit_k\"":100}"",""topology_id"":""eu_us_gac"",""weight"":0.11653048201623466}]",0.4900211945071846,1.0
full_multilayer,warm_start_cross_query,29,q10_tenant_min::run-4,q10_tenant_min,1ffceae8ec4dc807efe850ad847328743196a4fc73e3da8ce9c3268b0eb210fe,tenant_min,4,5,eu_us_apac_gac,3,n3-medium-balanced-wide-global-dim-v1,transport,"[""increase_gac_work_mem"",""regional_topk_candidates"",""mitigate_remote_path_bundle""]",explicit_panel_contract_and_result_equivalence,5.180567,54,51,3,0.9646254389823431,1.9533554892194174,euclidean,available,mitigate_remote_path_bundle,mitigate_remote_path_bundle,mitigate_remote_path_bundle,True,0.0,True,0.0,38592.0,580.0,2778624.0,3679.365,30.5,7.636,0.008208397894750048,0.7483158902428775,1.961905427395569,-0.0081606287519814,1.62577245151283,3.458012893313503,"[{""action_gains"":{""increase_gac_work_mem"":0.0235774955198211,""mitigate_remote_path_bundle"":1.8201093118769007,""regional_topk_candidates"":0.741129797923938},""distance"":0.9646254389823431,""episode_id"":""q09_tenant_max::run-3"",""normalized_sql_hash"":""0a1845d5eee8a966fc7841a83bbfa0c28f21ecba6942182b9a8b2e287f92f63b"",""query_id"":""q09_tenant_max"",""topology_id"":""eu_us_apac_gac"",""weight"":1.0366707355180675},{""action_gains"":{""increase_gac_work_mem"":0.001257989186062,""mitigate_remote_path_bundle"":1.940935010719443,""regional_topk_candidates"":0.6273560086690125},""distance"":0.9678314771650595,""episode_id"":""q09_tenant_max::run-4"",""normalized_sql_hash"":""0a1845d5eee8a966fc7841a83bbfa0c28f21ecba6942182b9a8b2e287f92f63b"",""query_id"":""q09_tenant_max"",""topology_id"":""eu_us_apac_gac"",""weight"":1.0332366639825565},{""action_gains"":{""increase_gac_work_mem"":0.0118212301274772,""mitigate_remote_path_bundle"":2.0356382800169626,""regional_topk_candidates"":0.711494806856934},""distance"":1.0913537093578105,""episode_id"":""q09_tenant_max::run-2"",""normalized_sql_hash"":""0a1845d5eee8a966fc7841a83bbfa0c28f21ecba6942182b9a8b2e287f92f63b"",""query_id"":""q09_tenant_max"",""topology_id"":""eu_us_apac_gac"",""weight"":0.916292376278317},{""action_gains"":{""increase_gac_work_mem"":-0.0098099219860758,""mitigate_remote_path_bundle"":1.993424827708021,""regional_topk_candidates"":0.6178171990686502},""distance"":1.5072044498999113,""episode_id"":""q09_tenant_max::run-1"",""normalized_sql_hash"":""0a1845d5eee8a966fc7841a83bbfa0c28f21ecba6942182b9a8b2e287f92f63b"",""query_id"":""q09_tenant_max"",""topology_id"":""eu_us_apac_gac"",""weight"":0.6634795542083575},{""action_gains"":{""increase_gac_work_mem"":0.0072951999589837,""mitigate_remote_path_bundle"":2.646928961962837,""regional_topk_candidates"":2.9074514602042885},""distance"":8.542509169947609,""episode_id"":""reference::fuzzy-memory-topk-panel-v1::fuzzy_topk_balanced::raw-large-balanced-v1::{\""cutoff_ts\"":\""2026-06-29 00:00:00+00\"",\""limit_k\"":100}"",""normalized_sql_hash"":""nan"",""query_id"":""fuzzy-memory-topk-panel-v1::fuzzy_topk_balanced::raw-large-balanced-v1::{\""cutoff_ts\"":\""2026-06-29 00:00:00+00\"",\""limit_k\"":100}"",""topology_id"":""eu_us_gac"",""weight"":0.11706161070992709}]",0.4938299476496304,1.0
full_multilayer,warm_start_cross_query,30,q10_tenant_min::run-5,q10_tenant_min,1ffceae8ec4dc807efe850ad847328743196a4fc73e3da8ce9c3268b0eb210fe,tenant_min,5,5,eu_us_apac_gac,3,n3-medium-balanced-wide-global-dim-v1,transport,"[""increase_gac_work_mem"",""regional_topk_candidates"",""mitigate_remote_path_bundle""]",explicit_panel_contract_and_result_equivalence,5.44602,55,51,4,1.7588249641623788,1.9533554892194174,euclidean,available,mitigate_remote_path_bundle,mitigate_remote_path_bundle,mitigate_remote_path_bundle,True,0.0,True,0.0,38592.0,584.0,2778624.0,3744.704,30.5,13.435,0.00807377509852137,0.8665476563029508,2.0755543545424553,0.0597814596106214,1.7150745043587334,3.4915839085451066,"[{""action_gains"":{""increase_gac_work_mem"":0.0118212301274772,""mitigate_remote_path_bundle"":2.0356382800169626,""regional_topk_candidates"":0.711494806856934},""distance"":1.7588249641623788,""episode_id"":""q09_tenant_max::run-2"",""normalized_sql_hash"":""0a1845d5eee8a966fc7841a83bbfa0c28f21ecba6942182b9a8b2e287f92f63b"",""query_id"":""q09_tenant_max"",""topology_id"":""eu_us_apac_gac"",""weight"":0.5685610858469666},{""action_gains"":{""increase_gac_work_mem"":0.0235774955198211,""mitigate_remote_path_bundle"":1.8201093118769007,""regional_topk_candidates"":0.741129797923938},""distance"":1.7887940170996086,""episode_id"":""q09_tenant_max::run-3"",""normalized_sql_hash"":""0a1845d5eee8a966fc7841a83bbfa0c28f21ecba6942182b9a8b2e287f92f63b"",""query_id"":""q09_tenant_max"",""topology_id"":""eu_us_apac_gac"",""weight"":0.5590355465219385},{""action_gains"":{""increase_gac_work_mem"":0.001257989186062,""mitigate_remote_path_bundle"":1.940935010719443,""regional_topk_candidates"":0.6273560086690125},""distance"":1.9721517214333002,""episode_id"":""q09_tenant_max::run-4"",""normalized_sql_hash"":""0a1845d5eee8a966fc7841a83bbfa0c28f21ecba6942182b9a8b2e287f92f63b"",""query_id"":""q09_tenant_max"",""topology_id"":""eu_us_apac_gac"",""weight"":0.5070601222369993},{""action_gains"":{""increase_gac_work_mem"":-0.0098099219860758,""mitigate_remote_path_bundle"":1.993424827708021,""regional_topk_candidates"":0.6178171990686502},""distance"":2.4314937757754507,""episode_id"":""q09_tenant_max::run-1"",""normalized_sql_hash"":""0a1845d5eee8a966fc7841a83bbfa0c28f21ecba6942182b9a8b2e287f92f63b"",""query_id"":""q09_tenant_max"",""topology_id"":""eu_us_apac_gac"",""weight"":0.411269647775032},{""action_gains"":{""increase_gac_work_mem"":0.0081868930148983,""mitigate_remote_path_bundle"":4.360051703774939,""regional_topk_candidates"":4.127185858907333},""distance"":8.53905656905836,""episode_id"":""reference::fuzzy-memory-topk-panel-v1::fuzzy_topk_transport_severe::raw-large-balanced-v1::{\""cutoff_ts\"":\""2026-06-29 00:00:00+00\"",\""limit_k\"":100}"",""normalized_sql_hash"":""nan"",""query_id"":""fuzzy-memory-topk-panel-v1::fuzzy_topk_transport_severe::raw-large-balanced-v1::{\""cutoff_ts\"":\""2026-06-29 00:00:00+00\"",\""limit_k\"":100}"",""topology_id"":""eu_us_gac"",""weight"":0.11710894228228919}]",0.9004121235839283,1.0
full_multilayer,warm_start_cross_query,31,q11_tenant_high_count::run-1,q11_tenant_high_count,5e5d10fdfa8932055d31658300e8657de100e5a9a6617c3c715332b89e01839c,tenant_high_count,1,1,eu_us_apac_gac,3,n3-medium-balanced-wide-global-dim-v1,memory,"[""increase_gac_work_mem"",""regional_topk_candidates"",""mitigate_remote_path_bundle""]",explicit_panel_contract_and_result_equivalence,2.199413,56,56,0,1.5295218850684793,1.9533554892194174,euclidean,available,mitigate_remote_path_bundle,mitigate_remote_path_bundle,regional_topk_candidates,False,0.5009034563312984,False,0.5009034563312984,135888.0,1229.0,9783936.0,1324.037,5.448333333333333,19.048,0.013022694205387209,1.0630312987732708,2.5309834900929955,0.0937873302573581,1.689951973975143,1.1890485176438446,"[{""action_gains"":{""increase_gac_work_mem"":0.0118212301274772,""mitigate_remote_path_bundle"":2.0356382800169626,""regional_topk_candidates"":0.711494806856934},""distance"":1.5295218850684793,""episode_id"":""q09_tenant_max::run-2"",""normalized_sql_hash"":""0a1845d5eee8a966fc7841a83bbfa0c28f21ecba6942182b9a8b2e287f92f63b"",""query_id"":""q09_tenant_max"",""topology_id"":""eu_us_apac_gac"",""weight"":0.6537986516986494},{""action_gains"":{""increase_gac_work_mem"":0.0235774955198211,""mitigate_remote_path_bundle"":1.8201093118769007,""regional_topk_candidates"":0.741129797923938},""distance"":1.674957132642871,""episode_id"":""q09_tenant_max::run-3"",""normalized_sql_hash"":""0a1845d5eee8a966fc7841a83bbfa0c28f21ecba6942182b9a8b2e287f92f63b"",""query_id"":""q09_tenant_max"",""topology_id"":""eu_us_apac_gac"",""weight"":0.5970298483951519},{""action_gains"":{""increase_gac_work_mem"":0.0360130863917107,""mitigate_remote_path_bundle"":3.5011137901178766,""regional_topk_candidates"":1.6725292573066506},""distance"":1.7416800856524415,""episode_id"":""q10_tenant_min::run-3"",""normalized_sql_hash"":""1ffceae8ec4dc807efe850ad847328743196a4fc73e3da8ce9c3268b0eb210fe"",""query_id"":""q10_tenant_min"",""topology_id"":""eu_us_apac_gac"",""weight"":0.5741579260622192},{""action_gains"":{""increase_gac_work_mem"":0.001257989186062,""mitigate_remote_path_bundle"":1.940935010719443,""regional_topk_candidates"":0.6273560086690125},""distance"":1.7599557423972438,""episode_id"":""q09_tenant_max::run-4"",""normalized_sql_hash"":""0a1845d5eee8a966fc7841a83bbfa0c28f21ecba6942182b9a8b2e287f92f63b"",""query_id"":""q09_tenant_max"",""topology_id"":""eu_us_apac_gac"",""weight"":0.5681957834019807},{""action_gains"":{""increase_gac_work_mem"":-0.0081606287519814,""mitigate_remote_path_bundle"":3.458012893313503,""regional_topk_candidates"":1.62577245151283},""distance"":1.7606577131585515,""episode_id"":""q10_tenant_min::run-4"",""normalized_sql_hash"":""1ffceae8ec4dc807efe850ad847328743196a4fc73e3da8ce9c3268b0eb210fe"",""query_id"":""q10_tenant_min"",""topology_id"":""eu_us_apac_gac"",""weight"":0.5679692449912908}]",0.7830228002582844,1.0
full_multilayer,warm_start_cross_query,32,q12_tenant_user_sum::run-1,q12_tenant_user_sum,78f49b835f2ec263b24cbefa86d9c89533b4c254bff2e0e54dc23ae3e08a65f4,tenant_user_sum,1,2,eu_us_apac_gac,3,n3-medium-balanced-wide-global-dim-v1,balanced,"[""increase_gac_work_mem"",""regional_topk_candidates"",""mitigate_remote_path_bundle""]",explicit_panel_contract_and_result_equivalence,10.10244,57,57,0,1.3875343004754501,1.9533554892194174,euclidean,available,mitigate_remote_path_bundle,mitigate_remote_path_bundle,regional_topk_candidates,False,0.11867755245443856,False,0.11867755245443856,271368.0,7040.0,19538496.0,8336.346000000001,15.449999999999998,11.262,0.024169193561610274,1.6532252004806156,2.909245249209763,0.0620501007483585,2.722186807479819,2.60350925502538,"[{""action_gains"":{""increase_gac_work_mem"":0.0937873302573581,""mitigate_remote_path_bundle"":1.1890485176438446,""regional_topk_candidates"":1.689951973975143},""distance"":1.3875343004754501,""episode_id"":""q11_tenant_high_count::run-1"",""normalized_sql_hash"":""5e5d10fdfa8932055d31658300e8657de100e5a9a6617c3c715332b89e01839c"",""query_id"":""q11_tenant_high_count"",""topology_id"":""eu_us_apac_gac"",""weight"":0.7207023847662413},{""action_gains"":{""increase_gac_work_mem"":0.0360130863917107,""mitigate_remote_path_bundle"":3.5011137901178766,""regional_topk_candidates"":1.6725292573066506},""distance"":1.6375580856728353,""episode_id"":""q10_tenant_min::run-3"",""normalized_sql_hash"":""1ffceae8ec4dc807efe850ad847328743196a4fc73e3da8ce9c3268b0eb210fe"",""query_id"":""q10_tenant_min"",""topology_id"":""eu_us_apac_gac"",""weight"":0.6106649883653652},{""action_gains"":{""increase_gac_work_mem"":-0.0081606287519814,""mitigate_remote_path_bundle"":3.458012893313503,""regional_topk_candidates"":1.62577245151283},""distance"":1.6655384577250016,""episode_id"":""q10_tenant_min::run-4"",""normalized_sql_hash"":""1ffceae8ec4dc807efe850ad847328743196a4fc73e3da8ce9c3268b0eb210fe"",""query_id"":""q10_tenant_min"",""topology_id"":""eu_us_apac_gac"",""weight"":0.6004060698543419},{""action_gains"":{""increase_gac_work_mem"":-0.0055403245600634,""mitigate_remote_path_bundle"":3.4653048889107207,""regional_topk_candidates"":1.6670659134424273},""distance"":1.6797224284416543,""episode_id"":""q10_tenant_min::run-2"",""normalized_sql_hash"":""1ffceae8ec4dc807efe850ad847328743196a4fc73e3da8ce9c3268b0eb210fe"",""query_id"":""q10_tenant_min"",""topology_id"":""eu_us_apac_gac"",""weight"":0.5953361029962769},{""action_gains"":{""increase_gac_work_mem"":-0.0152279019519483,""mitigate_remote_path_bundle"":3.3317455284481,""regional_topk_candidates"":1.5949990223674917},""distance"":1.9399363029448815,""episode_id"":""q10_tenant_min::run-1"",""normalized_sql_hash"":""1ffceae8ec4dc807efe850ad847328743196a4fc73e3da8ce9c3268b0eb210fe"",""query_id"":""q10_tenant_min"",""topology_id"":""eu_us_apac_gac"",""weight"":0.5154805768629588}]",0.7103337350181581,1.0
full_multilayer,warm_start_cross_query,33,q12_tenant_user_sum::run-2,q12_tenant_user_sum,78f49b835f2ec263b24cbefa86d9c89533b4c254bff2e0e54dc23ae3e08a65f4,tenant_user_sum,2,2,eu_us_apac_gac,3,n3-medium-balanced-wide-global-dim-v1,balanced,"[""increase_gac_work_mem"",""regional_topk_candidates"",""mitigate_remote_path_bundle""]",explicit_panel_contract_and_result_equivalence,9.618568,58,57,1,1.5292649514416035,1.9533554892194174,euclidean,available,mitigate_remote_path_bundle,mitigate_remote_path_bundle,regional_topk_candidates,False,0.2576277758551133,False,0.2576277758551133,271368.0,7040.0,19538496.0,7740.160000000001,15.45,15.881,0.023545263707154266,1.6531186952032475,2.9287134059165703,0.0468398291295993,2.642596705948222,2.3849689300931085,"[{""action_gains"":{""increase_gac_work_mem"":0.0937873302573581,""mitigate_remote_path_bundle"":1.1890485176438446,""regional_topk_candidates"":1.689951973975143},""distance"":1.5292649514416035,""episode_id"":""q11_tenant_high_count::run-1"",""normalized_sql_hash"":""5e5d10fdfa8932055d31658300e8657de100e5a9a6617c3c715332b89e01839c"",""query_id"":""q11_tenant_high_count"",""topology_id"":""eu_us_apac_gac"",""weight"":0.6539084971174067},{""action_gains"":{""increase_gac_work_mem"":0.0360130863917107,""mitigate_remote_path_bundle"":3.5011137901178766,""regional_topk_candidates"":1.6725292573066506},""distance"":1.7017169248074708,""episode_id"":""q10_tenant_min::run-3"",""normalized_sql_hash"":""1ffceae8ec4dc807efe850ad847328743196a4fc73e3da8ce9c3268b0eb210fe"",""query_id"":""q10_tenant_min"",""topology_id"":""eu_us_apac_gac"",""weight"":0.5876414565669796},{""action_gains"":{""increase_gac_work_mem"":-0.0081606287519814,""mitigate_remote_path_bundle"":3.458012893313503,""regional_topk_candidates"":1.62577245151283},""distance"":1.7520329769003067,""episode_id"":""q10_tenant_min::run-4"",""normalized_sql_hash"":""1ffceae8ec4dc807efe850ad847328743196a4fc73e3da8ce9c3268b0eb210fe"",""query_id"":""q10_tenant_min"",""topology_id"":""eu_us_apac_gac"",""weight"":0.5707651867398126},{""action_gains"":{""increase_gac_work_mem"":-0.0055403245600634,""mitigate_remote_path_bundle"":3.4653048889107207,""regional_topk_candidates"":1.6670659134424273},""distance"":1.7532224051143244,""episode_id"":""q10_tenant_min::run-2"",""normalized_sql_hash"":""1ffceae8ec4dc807efe850ad847328743196a4fc73e3da8ce9c3268b0eb210fe"",""query_id"":""q10_tenant_min"",""topology_id"":""eu_us_apac_gac"",""weight"":0.5703779661410532},{""action_gains"":{""increase_gac_work_mem"":-0.0152279019519483,""mitigate_remote_path_bundle"":3.3317455284481,""regional_topk_candidates"":1.5949990223674917},""distance"":2.0877098877224185,""episode_id"":""q10_tenant_min::run-1"",""normalized_sql_hash"":""1ffceae8ec4dc807efe850ad847328743196a4fc73e3da8ce9c3268b0eb210fe"",""query_id"":""q10_tenant_min"",""topology_id"":""eu_us_apac_gac"",""weight"":0.478993526297574}]",0.7828912657637729,1.0
full_multilayer,warm_start_cross_query,34,q13_tenant_user_count::run-1,q13_tenant_user_count,8abd4dad5be8a8b072675fe97f3c25d8b29f0a4ad601501d7ca205a8f9a80277,tenant_user_count,1,3,eu_us_apac_gac,3,n3-large-balanced-wide-global-dim-v1,transport,"[""increase_gac_work_mem"",""regional_topk_candidates"",""mitigate_remote_path_bundle""]",explicit_panel_contract_and_result_equivalence,11.057233,59,59,0,1.2824698217759511,1.9533554892194174,euclidean,available,mitigate_remote_path_bundle,mitigate_remote_path_bundle,mitigate_remote_path_bundle,True,0.0,True,0.0,96873.0,3273.0,6974856.0,9055.064,30.48333333333333,8.657,0.013080173697952021,1.8531322792674412,3.268481180031631,-0.0169087536433568,2.533280904815219,3.582620675817098,"[{""action_gains"":{""increase_gac_work_mem"":-0.0152279019519483,""mitigate_remote_path_bundle"":3.3317455284481,""regional_topk_candidates"":1.5949990223674917},""distance"":1.2824698217759511,""episode_id"":""q10_tenant_min::run-1"",""normalized_sql_hash"":""1ffceae8ec4dc807efe850ad847328743196a4fc73e3da8ce9c3268b0eb210fe"",""query_id"":""q10_tenant_min"",""topology_id"":""eu_us_apac_gac"",""weight"":0.7797448355317833},{""action_gains"":{""increase_gac_work_mem"":0.0620501007483585,""mitigate_remote_path_bundle"":2.60350925502538,""regional_topk_candidates"":2.722186807479819},""distance"":1.5026390556191476,""episode_id"":""q12_tenant_user_sum::run-1"",""normalized_sql_hash"":""78f49b835f2ec263b24cbefa86d9c89533b4c254bff2e0e54dc23ae3e08a65f4"",""query_id"":""q12_tenant_user_sum"",""topology_id"":""eu_us_apac_gac"",""weight"":0.6654953701390319},{""action_gains"":{""increase_gac_work_mem"":0.0360130863917107,""mitigate_remote_path_bundle"":3.5011137901178766,""regional_topk_candidates"":1.6725292573066506},""distance"":1.5615011593928958,""episode_id"":""q10_tenant_min::run-3"",""normalized_sql_hash"":""1ffceae8ec4dc807efe850ad847328743196a4fc73e3da8ce9c3268b0eb210fe"",""query_id"":""q10_tenant_min"",""topology_id"":""eu_us_apac_gac"",""weight"":0.6404089766925427},{""action_gains"":{""increase_gac_work_mem"":-0.0081606287519814,""mitigate_remote_path_bundle"":3.458012893313503,""regional_topk_candidates"":1.62577245151283},""distance"":1.578019676723293,""episode_id"":""q10_tenant_min::run-4"",""normalized_sql_hash"":""1ffceae8ec4dc807efe850ad847328743196a4fc73e3da8ce9c3268b0eb210fe"",""query_id"":""q10_tenant_min"",""topology_id"":""eu_us_apac_gac"",""weight"":0.6337052579542027},{""action_gains"":{""increase_gac_work_mem"":-0.0055403245600634,""mitigate_remote_path_bundle"":3.4653048889107207,""regional_topk_candidates"":1.6670659134424273},""distance"":1.585772390048953,""episode_id"":""q10_tenant_min::run-2"",""normalized_sql_hash"":""1ffceae8ec4dc807efe850ad847328743196a4fc73e3da8ce9c3268b0eb210fe"",""query_id"":""q10_tenant_min"",""topology_id"":""eu_us_apac_gac"",""weight"":0.6306071260087986}]",0.6565470693142703,1.0
full_multilayer,warm_start_cross_query,35,q13_tenant_user_count::run-2,q13_tenant_user_count,8abd4dad5be8a8b072675fe97f3c25d8b29f0a4ad601501d7ca205a8f9a80277,tenant_user_count,2,3,eu_us_apac_gac,3,n3-large-balanced-wide-global-dim-v1,transport,"[""increase_gac_work_mem"",""regional_topk_candidates"",""mitigate_remote_path_bundle""]",explicit_panel_contract_and_result_equivalence,10.876636,60,59,1,0.8827704306282373,1.9533554892194174,euclidean,available,mitigate_remote_path_bundle,mitigate_remote_path_bundle,mitigate_remote_path_bundle,True,0.0,True,0.0,96873.0,3278.0,6974856.0,9037.682,30.516666666666666,6.022,0.013320539101200294,1.8342466178967098,3.29556260208397,0.000215558798449,2.489066964314711,3.427266215127879,"[{""action_gains"":{""increase_gac_work_mem"":0.0360130863917107,""mitigate_remote_path_bundle"":3.5011137901178766,""regional_topk_candidates"":1.6725292573066506},""distance"":0.8827704306282373,""episode_id"":""q10_tenant_min::run-3"",""normalized_sql_hash"":""1ffceae8ec4dc807efe850ad847328743196a4fc73e3da8ce9c3268b0eb210fe"",""query_id"":""q10_tenant_min"",""topology_id"":""eu_us_apac_gac"",""weight"":1.132796061703464},{""action_gains"":{""increase_gac_work_mem"":-0.0055403245600634,""mitigate_remote_path_bundle"":3.4653048889107207,""regional_topk_candidates"":1.6670659134424273},""distance"":0.8868368326271846,""episode_id"":""q10_tenant_min::run-2"",""normalized_sql_hash"":""1ffceae8ec4dc807efe850ad847328743196a4fc73e3da8ce9c3268b0eb210fe"",""query_id"":""q10_tenant_min"",""topology_id"":""eu_us_apac_gac"",""weight"":1.1276018717397087},{""action_gains"":{""increase_gac_work_mem"":-0.0081606287519814,""mitigate_remote_path_bundle"":3.458012893313503,""regional_topk_candidates"":1.62577245151283},""distance"":0.9096604195102547,""episode_id"":""q10_tenant_min::run-4"",""normalized_sql_hash"":""1ffceae8ec4dc807efe850ad847328743196a4fc73e3da8ce9c3268b0eb210fe"",""query_id"":""q10_tenant_min"",""topology_id"":""eu_us_apac_gac"",""weight"":1.0993101153376186},{""action_gains"":{""increase_gac_work_mem"":0.0620501007483585,""mitigate_remote_path_bundle"":2.60350925502538,""regional_topk_candidates"":2.722186807479819},""distance"":1.089474181596785,""episode_id"":""q12_tenant_user_sum::run-1"",""normalized_sql_hash"":""78f49b835f2ec263b24cbefa86d9c89533b4c254bff2e0e54dc23ae3e08a65f4"",""query_id"":""q12_tenant_user_sum"",""topology_id"":""eu_us_apac_gac"",""weight"":0.9178731345989488},{""action_gains"":{""increase_gac_work_mem"":-0.0152279019519483,""mitigate_remote_path_bundle"":3.3317455284481,""regional_topk_candidates"":1.5949990223674917},""distance"":1.1172860094453665,""episode_id"":""q10_tenant_min::run-1"",""normalized_sql_hash"":""1ffceae8ec4dc807efe850ad847328743196a4fc73e3da8ce9c3268b0eb210fe"",""query_id"":""q10_tenant_min"",""topology_id"":""eu_us_apac_gac"",""weight"":0.8950251739670821}]",0.4519251285801553,1.0
full_multilayer,warm_start_cross_query,36,q13_tenant_user_count::run-3,q13_tenant_user_count,8abd4dad5be8a8b072675fe97f3c25d8b29f0a4ad601501d7ca205a8f9a80277,tenant_user_count,3,3,eu_us_apac_gac,3,n3-large-balanced-wide-global-dim-v1,transport,"[""increase_gac_work_mem"",""regional_topk_candidates"",""mitigate_remote_path_bundle""]",explicit_panel_contract_and_result_equivalence,10.89305,61,59,2,0.9409461029176468,1.9533554892194174,euclidean,available,mitigate_remote_path_bundle,mitigate_remote_path_bundle,mitigate_remote_path_bundle,True,0.0,True,0.0,96873.0,3280.0,6974856.0,9042.603,30.516666666666666,6.786,0.01284932726139011,1.8290443238796388,3.296921347295264,0.0022388104984377,2.4918301675269805,3.425023746163733,"[{""action_gains"":{""increase_gac_work_mem"":0.0360130863917107,""mitigate_remote_path_bundle"":3.5011137901178766,""regional_topk_candidates"":1.6725292573066506},""distance"":0.9409461029176468,""episode_id"":""q10_tenant_min::run-3"",""normalized_sql_hash"":""1ffceae8ec4dc807efe850ad847328743196a4fc73e3da8ce9c3268b0eb210fe"",""query_id"":""q10_tenant_min"",""topology_id"":""eu_us_apac_gac"",""weight"":1.0627589977154344},{""action_gains"":{""increase_gac_work_mem"":-0.0055403245600634,""mitigate_remote_path_bundle"":3.4653048889107207,""regional_topk_candidates"":1.6670659134424273},""distance"":0.9549980793487886,""episode_id"":""q10_tenant_min::run-2"",""normalized_sql_hash"":""1ffceae8ec4dc807efe850ad847328743196a4fc73e3da8ce9c3268b0eb210fe"",""query_id"":""q10_tenant_min"",""topology_id"":""eu_us_apac_gac"",""weight"":1.0471214283074466},{""action_gains"":{""increase_gac_work_mem"":-0.0081606287519814,""mitigate_remote_path_bundle"":3.458012893313503,""regional_topk_candidates"":1.62577245151283},""distance"":0.9981381896871825,""episode_id"":""q10_tenant_min::run-4"",""normalized_sql_hash"":""1ffceae8ec4dc807efe850ad847328743196a4fc73e3da8ce9c3268b0eb210fe"",""query_id"":""q10_tenant_min"",""topology_id"":""eu_us_apac_gac"",""weight"":1.0018642793831196},{""action_gains"":{""increase_gac_work_mem"":-0.0152279019519483,""mitigate_remote_path_bundle"":3.3317455284481,""regional_topk_candidates"":1.5949990223674917},""distance"":1.081715559690019,""episode_id"":""q10_tenant_min::run-1"",""normalized_sql_hash"":""1ffceae8ec4dc807efe850ad847328743196a4fc73e3da8ce9c3268b0eb210fe"",""query_id"":""q10_tenant_min"",""topology_id"":""eu_us_apac_gac"",""weight"":0.9244565880424018},{""action_gains"":{""increase_gac_work_mem"":0.0620501007483585,""mitigate_remote_path_bundle"":2.60350925502538,""regional_topk_candidates"":2.722186807479819},""distance"":1.1814600231138348,""episode_id"":""q12_tenant_user_sum::run-1"",""normalized_sql_hash"":""78f49b835f2ec263b24cbefa86d9c89533b4c254bff2e0e54dc23ae3e08a65f4"",""query_id"":""q12_tenant_user_sum"",""topology_id"":""eu_us_apac_gac"",""weight"":0.8464096406366587}]",0.48170755815351324,1.0
full_multilayer,warm_start_cross_query,37,q14_tenant_day_sum::run-1,q14_tenant_day_sum,44073d33245743b2bdd8be67d3286ec8caaa2e4cceb2969efcfaa87d76883995,tenant_day_sum,1,4,eu_us_apac_gac,3,n3-large-balanced-wide-global-dim-v1,memory,"[""increase_gac_work_mem"",""regional_topk_candidates"",""mitigate_remote_path_bundle""]",explicit_panel_contract_and_result_equivalence,9.034733,62,62,0,1.3541761067488758,1.9533554892194174,euclidean,available,mitigate_remote_path_bundle,mitigate_remote_path_bundle,mitigate_remote_path_bundle,True,0.0,True,0.0,677828.0,17881.0,48803616.0,6438.397999999999,5.483333333333333,22.605,0.043207963460452366,2.396300739724013,2.5256226788053193,0.0635345663129016,0.2853191710203477,1.233046283532483,"[{""action_gains"":{""increase_gac_work_mem"":0.0620501007483585,""mitigate_remote_path_bundle"":2.60350925502538,""regional_topk_candidates"":2.722186807479819},""distance"":1.3541761067488758,""episode_id"":""q12_tenant_user_sum::run-1"",""normalized_sql_hash"":""78f49b835f2ec263b24cbefa86d9c89533b4c254bff2e0e54dc23ae3e08a65f4"",""query_id"":""q12_tenant_user_sum"",""topology_id"":""eu_us_apac_gac"",""weight"":0.7384558452629669},{""action_gains"":{""increase_gac_work_mem"":0.0937873302573581,""mitigate_remote_path_bundle"":1.1890485176438446,""regional_topk_candidates"":1.689951973975143},""distance"":1.3744537912113362,""episode_id"":""q11_tenant_high_count::run-1"",""normalized_sql_hash"":""5e5d10fdfa8932055d31658300e8657de100e5a9a6617c3c715332b89e01839c"",""query_id"":""q11_tenant_high_count"",""topology_id"":""eu_us_apac_gac"",""weight"":0.7275612165596795},{""action_gains"":{""increase_gac_work_mem"":0.0468398291295993,""mitigate_remote_path_bundle"":2.3849689300931085,""regional_topk_candidates"":2.642596705948222},""distance"":1.5885173815558598,""episode_id"":""q12_tenant_user_sum::run-2"",""normalized_sql_hash"":""78f49b835f2ec263b24cbefa86d9c89533b4c254bff2e0e54dc23ae3e08a65f4"",""query_id"":""q12_tenant_user_sum"",""topology_id"":""eu_us_apac_gac"",""weight"":0.6295174242935478},{""action_gains"":{""increase_gac_work_mem"":-0.0169087536433568,""mitigate_remote_path_bundle"":3.582620675817098,""regional_topk_candidates"":2.533280904815219},""distance"":1.8858564988885678,""episode_id"":""q13_tenant_user_count::run-1"",""normalized_sql_hash"":""8abd4dad5be8a8b072675fe97f3c25d8b29f0a4ad601501d7ca205a8f9a80277"",""query_id"":""q13_tenant_user_count"",""topology_id"":""eu_us_apac_gac"",""weight"":0.5302627587658936},{""action_gains"":{""increase_gac_work_mem"":0.000215558798449,""mitigate_remote_path_bundle"":3.427266215127879,""regional_topk_candidates"":2.489066964314711},""distance"":2.0353988504077005,""episode_id"":""q13_tenant_user_count::run-2"",""normalized_sql_hash"":""8abd4dad5be8a8b072675fe97f3c25d8b29f0a4ad601501d7ca205a8f9a80277"",""query_id"":""q13_tenant_user_count"",""topology_id"":""eu_us_apac_gac"",""weight"":0.49130395671380983}]",0.6932563551399544,1.0
full_multilayer,warm_start_cross_query,38,q14_tenant_day_sum::run-2,q14_tenant_day_sum,44073d33245743b2bdd8be67d3286ec8caaa2e4cceb2969efcfaa87d76883995,tenant_day_sum,2,4,eu_us_apac_gac,3,n3-large-balanced-wide-global-dim-v1,memory,"[""increase_gac_work_mem"",""regional_topk_candidates"",""mitigate_remote_path_bundle""]",explicit_panel_contract_and_result_equivalence,9.406107,63,62,1,1.1616815548815764,1.9533554892194174,euclidean,available,mitigate_remote_path_bundle,mitigate_remote_path_bundle,mitigate_remote_path_bundle,True,0.0,True,0.0,677828.0,17797.0,48803616.0,6560.417000000001,5.448333333333333,26.332,0.0460037075622701,2.4273945184601042,2.516123333567563,0.1056924575119,0.3492104306271075,1.3203793430096975,"[{""action_gains"":{""increase_gac_work_mem"":0.0468398291295993,""mitigate_remote_path_bundle"":2.3849689300931085,""regional_topk_candidates"":2.642596705948222},""distance"":1.1616815548815764,""episode_id"":""q12_tenant_user_sum::run-2"",""normalized_sql_hash"":""78f49b835f2ec263b24cbefa86d9c89533b4c254bff2e0e54dc23ae3e08a65f4"",""query_id"":""q12_tenant_user_sum"",""topology_id"":""eu_us_apac_gac"",""weight"":0.8608203642189853},{""action_gains"":{""increase_gac_work_mem"":0.0620501007483585,""mitigate_remote_path_bundle"":2.60350925502538,""regional_topk_candidates"":2.722186807479819},""distance"":1.2413806026886414,""episode_id"":""q12_tenant_user_sum::run-1"",""normalized_sql_hash"":""78f49b835f2ec263b24cbefa86d9c89533b4c254bff2e0e54dc23ae3e08a65f4"",""query_id"":""q12_tenant_user_sum"",""topology_id"":""eu_us_apac_gac"",""weight"":0.805554068011121},{""action_gains"":{""increase_gac_work_mem"":0.0937873302573581,""mitigate_remote_path_bundle"":1.1890485176438446,""regional_topk_candidates"":1.689951973975143},""distance"":1.5164536346380817,""episode_id"":""q11_tenant_high_count::run-1"",""normalized_sql_hash"":""5e5d10fdfa8932055d31658300e8657de100e5a9a6617c3c715332b89e01839c"",""query_id"":""q11_tenant_high_count"",""topology_id"":""eu_us_apac_gac"",""weight"":0.6594328489349508},{""action_gains"":{""increase_gac_work_mem"":0.000215558798449,""mitigate_remote_path_bundle"":3.427266215127879,""regional_topk_candidates"":2.489066964314711},""distance"":1.9721197396175956,""episode_id"":""q13_tenant_user_count::run-2"",""normalized_sql_hash"":""8abd4dad5be8a8b072675fe97f3c25d8b29f0a4ad601501d7ca205a8f9a80277"",""query_id"":""q13_tenant_user_count"",""topology_id"":""eu_us_apac_gac"",""weight"":0.5070683452139473},{""action_gains"":{""increase_gac_work_mem"":0.0022388104984377,""mitigate_remote_path_bundle"":3.425023746163733,""regional_topk_candidates"":2.4918301675269805},""distance"":1.9949020942188045,""episode_id"":""q13_tenant_user_count::run-3"",""normalized_sql_hash"":""8abd4dad5be8a8b072675fe97f3c25d8b29f0a4ad601501d7ca205a8f9a80277"",""query_id"":""q13_tenant_user_count"",""topology_id"":""eu_us_apac_gac"",""weight"":0.5012774820481171}]",0.5947107739952636,1.0
full_multilayer,warm_start_cross_query,39,q14_tenant_day_sum::run-3,q14_tenant_day_sum,44073d33245743b2bdd8be67d3286ec8caaa2e4cceb2969efcfaa87d76883995,tenant_day_sum,3,4,eu_us_apac_gac,3,n3-large-balanced-wide-global-dim-v1,memory,"[""increase_gac_work_mem"",""regional_topk_candidates"",""mitigate_remote_path_bundle""]",explicit_panel_contract_and_result_equivalence,9.193089,64,62,2,1.2248649710039439,1.9533554892194174,euclidean,available,mitigate_remote_path_bundle,mitigate_remote_path_bundle,mitigate_remote_path_bundle,True,0.0,True,0.0,677828.0,17765.0,48803616.0,6471.401,5.473333333333334,23.523,0.046874816663503766,2.4157391765542164,2.5003626992210397,0.0468458501152429,0.2983051381180681,1.2281426804223363,"[{""action_gains"":{""increase_gac_work_mem"":0.0620501007483585,""mitigate_remote_path_bundle"":2.60350925502538,""regional_topk_candidates"":2.722186807479819},""distance"":1.2248649710039439,""episode_id"":""q12_tenant_user_sum::run-1"",""normalized_sql_hash"":""78f49b835f2ec263b24cbefa86d9c89533b4c254bff2e0e54dc23ae3e08a65f4"",""query_id"":""q12_tenant_user_sum"",""topology_id"":""eu_us_apac_gac"",""weight"":0.8164158558347118},{""action_gains"":{""increase_gac_work_mem"":0.0468398291295993,""mitigate_remote_path_bundle"":2.3849689300931085,""regional_topk_candidates"":2.642596705948222},""distance"":1.306581077647173,""episode_id"":""q12_tenant_user_sum::run-2"",""normalized_sql_hash"":""78f49b835f2ec263b24cbefa86d9c89533b4c254bff2e0e54dc23ae3e08a65f4"",""query_id"":""q12_tenant_user_sum"",""topology_id"":""eu_us_apac_gac"",""weight"":0.7653556688920374},{""action_gains"":{""increase_gac_work_mem"":0.0937873302573581,""mitigate_remote_path_bundle"":1.1890485176438446,""regional_topk_candidates"":1.689951973975143},""distance"":1.4617887295896377,""episode_id"":""q11_tenant_high_count::run-1"",""normalized_sql_hash"":""5e5d10fdfa8932055d31658300e8657de100e5a9a6617c3c715332b89e01839c"",""query_id"":""q11_tenant_high_count"",""topology_id"":""eu_us_apac_gac"",""weight"":0.6840929168935439},{""action_gains"":{""increase_gac_work_mem"":0.000215558798449,""mitigate_remote_path_bundle"":3.427266215127879,""regional_topk_candidates"":2.489066964314711},""distance"":2.009075269391322,""episode_id"":""q13_tenant_user_count::run-2"",""normalized_sql_hash"":""8abd4dad5be8a8b072675fe97f3c25d8b29f0a4ad601501d7ca205a8f9a80277"",""query_id"":""q13_tenant_user_count"",""topology_id"":""eu_us_apac_gac"",""weight"":0.4977411834658542},{""action_gains"":{""increase_gac_work_mem"":0.0022388104984377,""mitigate_remote_path_bundle"":3.425023746163733,""regional_topk_candidates"":2.4918301675269805},""distance"":2.1024117136255427,""episode_id"":""q13_tenant_user_count::run-3"",""normalized_sql_hash"":""8abd4dad5be8a8b072675fe97f3c25d8b29f0a4ad601501d7ca205a8f9a80277"",""query_id"":""q13_tenant_user_count"",""topology_id"":""eu_us_apac_gac"",""weight"":0.47564400344380164}]",0.6270568658720761,1.0
full_multilayer,warm_start_cross_query,40,q14_tenant_day_sum::run-4,q14_tenant_day_sum,44073d33245743b2bdd8be67d3286ec8caaa2e4cceb2969efcfaa87d76883995,tenant_day_sum,4,4,eu_us_apac_gac,3,n3-large-balanced-wide-global-dim-v1,memory,"[""increase_gac_work_mem"",""regional_topk_candidates"",""mitigate_remote_path_bundle""]",explicit_panel_contract_and_result_equivalence,9.050832,65,62,3,1.0868654804697722,1.9533554892194174,euclidean,available,mitigate_remote_path_bundle,mitigate_remote_path_bundle,mitigate_remote_path_bundle,True,0.0,True,0.0,677828.0,17767.0,48803616.0,6452.588,5.47,23.018,0.04635743657136768,2.4351919986192594,2.517394821519624,0.0572275554466537,0.1205952939116147,1.1826653991582703,"[{""action_gains"":{""increase_gac_work_mem"":0.0620501007483585,""mitigate_remote_path_bundle"":2.60350925502538,""regional_topk_candidates"":2.722186807479819},""distance"":1.0868654804697722,""episode_id"":""q12_tenant_user_sum::run-1"",""normalized_sql_hash"":""78f49b835f2ec263b24cbefa86d9c89533b4c254bff2e0e54dc23ae3e08a65f4"",""query_id"":""q12_tenant_user_sum"",""topology_id"":""eu_us_apac_gac"",""weight"":0.9200762172440665},{""action_gains"":{""increase_gac_work_mem"":0.0468398291295993,""mitigate_remote_path_bundle"":2.3849689300931085,""regional_topk_candidates"":2.642596705948222},""distance"":1.0879890561099712,""episode_id"":""q12_tenant_user_sum::run-2"",""normalized_sql_hash"":""78f49b835f2ec263b24cbefa86d9c89533b4c254bff2e0e54dc23ae3e08a65f4"",""query_id"":""q12_tenant_user_sum"",""topology_id"":""eu_us_apac_gac"",""weight"":0.9191260475076646},{""action_gains"":{""increase_gac_work_mem"":0.0937873302573581,""mitigate_remote_path_bundle"":1.1890485176438446,""regional_topk_candidates"":1.689951973975143},""distance"":1.4531906771442953,""episode_id"":""q11_tenant_high_count::run-1"",""normalized_sql_hash"":""5e5d10fdfa8932055d31658300e8657de100e5a9a6617c3c715332b89e01839c"",""query_id"":""q11_tenant_high_count"",""topology_id"":""eu_us_apac_gac"",""weight"":0.6881404674468863},{""action_gains"":{""increase_gac_work_mem"":0.000215558798449,""mitigate_remote_path_bundle"":3.427266215127879,""regional_topk_candidates"":2.489066964314711},""distance"":1.8720888155138626,""episode_id"":""q13_tenant_user_count::run-2"",""normalized_sql_hash"":""8abd4dad5be8a8b072675fe97f3c25d8b29f0a4ad601501d7ca205a8f9a80277"",""query_id"":""q13_tenant_user_count"",""topology_id"":""eu_us_apac_gac"",""weight"":0.5341624059449914},{""action_gains"":{""increase_gac_work_mem"":0.0022388104984377,""mitigate_remote_path_bundle"":3.425023746163733,""regional_topk_candidates"":2.4918301675269805},""distance"":1.9288507982046617,""episode_id"":""q13_tenant_user_count::run-3"",""normalized_sql_hash"":""8abd4dad5be8a8b072675fe97f3c25d8b29f0a4ad601501d7ca205a8f9a80277"",""query_id"":""q13_tenant_user_count"",""topology_id"":""eu_us_apac_gac"",""weight"":0.5184431488882562}]",0.5564094638524275,1.0
full_multilayer,warm_start_cross_query,41,q15_tenant_day_count::run-1,q15_tenant_day_count,0a85603a4adfceca9159f8d60d621bb9b8b84fb3eb21b6d02815abb8ca0c6ca9,tenant_day_count,1,5,eu_us_apac_gac,3,n3-large-balanced-wide-global-dim-v1,balanced,"[""increase_gac_work_mem"",""regional_topk_candidates"",""mitigate_remote_path_bundle""]",explicit_panel_contract_and_result_equivalence,43.305353,66,66,0,1.2792821124523597,1.9533554892194174,euclidean,available,mitigate_remote_path_bundle,mitigate_remote_path_bundle,mitigate_remote_path_bundle,True,0.0,True,0.0,1355647.0,23192.0,97606584.0,38135.303,15.466666666666669,11.41,0.06644481679357453,1.274244585964911,1.7734557281223624,-0.0003058943797565,0.3143085514529989,2.638475844802685,"[{""action_gains"":{""increase_gac_work_mem"":0.0620501007483585,""mitigate_remote_path_bundle"":2.60350925502538,""regional_topk_candidates"":2.722186807479819},""distance"":1.2792821124523597,""episode_id"":""q12_tenant_user_sum::run-1"",""normalized_sql_hash"":""78f49b835f2ec263b24cbefa86d9c89533b4c254bff2e0e54dc23ae3e08a65f4"",""query_id"":""q12_tenant_user_sum"",""topology_id"":""eu_us_apac_gac"",""weight"":0.781687798632017},{""action_gains"":{""increase_gac_work_mem"":0.0572275554466537,""mitigate_remote_path_bundle"":1.1826653991582703,""regional_topk_candidates"":0.1205952939116147},""distance"":1.4108709245217248,""episode_id"":""q14_tenant_day_sum::run-4"",""normalized_sql_hash"":""44073d33245743b2bdd8be67d3286ec8caaa2e4cceb2969efcfaa87d76883995"",""query_id"":""q14_tenant_day_sum"",""topology_id"":""eu_us_apac_gac"",""weight"":0.7087815574322898},{""action_gains"":{""increase_gac_work_mem"":0.0468398291295993,""mitigate_remote_path_bundle"":2.3849689300931085,""regional_topk_candidates"":2.642596705948222},""distance"":1.4815715602202275,""episode_id"":""q12_tenant_user_sum::run-2"",""normalized_sql_hash"":""78f49b835f2ec263b24cbefa86d9c89533b4c254bff2e0e54dc23ae3e08a65f4"",""query_id"":""q12_tenant_user_sum"",""topology_id"":""eu_us_apac_gac"",""weight"":0.674958504800707},{""action_gains"":{""increase_gac_work_mem"":0.0635345663129016,""mitigate_remote_path_bundle"":1.233046283532483,""regional_topk_candidates"":0.2853191710203477},""distance"":1.5306165903655573,""episode_id"":""q14_tenant_day_sum::run-1"",""normalized_sql_hash"":""44073d33245743b2bdd8be67d3286ec8caaa2e4cceb2969efcfaa87d76883995"",""query_id"":""q14_tenant_day_sum"",""topology_id"":""eu_us_apac_gac"",""weight"":0.6533310516581546},{""action_gains"":{""increase_gac_work_mem"":0.1056924575119,""mitigate_remote_path_bundle"":1.3203793430096975,""regional_topk_candidates"":0.3492104306271075},""distance"":1.5635110569938353,""episode_id"":""q14_tenant_day_sum::run-2"",""normalized_sql_hash"":""44073d33245743b2bdd8be67d3286ec8caaa2e4cceb2969efcfaa87d76883995"",""query_id"":""q14_tenant_day_sum"",""topology_id"":""eu_us_apac_gac"",""weight"":0.6395857297849689}]",0.6549151547236162,1.0
full_multilayer,warm_start_cross_query,42,q15_tenant_day_count::run-2,q15_tenant_day_count,0a85603a4adfceca9159f8d60d621bb9b8b84fb3eb21b6d02815abb8ca0c6ca9,tenant_day_count,2,5,eu_us_apac_gac,3,n3-large-balanced-wide-global-dim-v1,balanced,"[""increase_gac_work_mem"",""regional_topk_candidates"",""mitigate_remote_path_bundle""]",explicit_panel_contract_and_result_equivalence,43.930507,67,66,1,1.3134709118135826,1.9533554892194174,euclidean,available,mitigate_remote_path_bundle,mitigate_remote_path_bundle,mitigate_remote_path_bundle,True,0.0,True,0.0,1355647.0,23168.0,97606584.0,38299.485,15.466666666666669,11.429,0.0629421080673983,1.2727023706347835,1.7696514277154491,0.0402636837051016,0.3184915280019471,2.688503214114253,"[{""action_gains"":{""increase_gac_work_mem"":0.0620501007483585,""mitigate_remote_path_bundle"":2.60350925502538,""regional_topk_candidates"":2.722186807479819},""distance"":1.3134709118135826,""episode_id"":""q12_tenant_user_sum::run-1"",""normalized_sql_hash"":""78f49b835f2ec263b24cbefa86d9c89533b4c254bff2e0e54dc23ae3e08a65f4"",""query_id"":""q12_tenant_user_sum"",""topology_id"":""eu_us_apac_gac"",""weight"":0.7613409856776041},{""action_gains"":{""increase_gac_work_mem"":0.0572275554466537,""mitigate_remote_path_bundle"":1.1826653991582703,""regional_topk_candidates"":0.1205952939116147},""distance"":1.4018067022737224,""episode_id"":""q14_tenant_day_sum::run-4"",""normalized_sql_hash"":""44073d33245743b2bdd8be67d3286ec8caaa2e4cceb2969efcfaa87d76883995"",""query_id"":""q14_tenant_day_sum"",""topology_id"":""eu_us_apac_gac"",""weight"":0.7133646065562395},{""action_gains"":{""increase_gac_work_mem"":0.0468398291295993,""mitigate_remote_path_bundle"":2.3849689300931085,""regional_topk_candidates"":2.642596705948222},""distance"":1.4765990326236682,""episode_id"":""q12_tenant_user_sum::run-2"",""normalized_sql_hash"":""78f49b835f2ec263b24cbefa86d9c89533b4c254bff2e0e54dc23ae3e08a65f4"",""query_id"":""q12_tenant_user_sum"",""topology_id"":""eu_us_apac_gac"",""weight"":0.6772314627564848},{""action_gains"":{""increase_gac_work_mem"":0.0468458501152429,""mitigate_remote_path_bundle"":1.2281426804223363,""regional_topk_candidates"":0.2983051381180681},""distance"":1.5177200865422409,""episode_id"":""q14_tenant_day_sum::run-3"",""normalized_sql_hash"":""44073d33245743b2bdd8be67d3286ec8caaa2e4cceb2969efcfaa87d76883995"",""query_id"":""q14_tenant_day_sum"",""topology_id"":""eu_us_apac_gac"",""weight"":0.658882589737392},{""action_gains"":{""increase_gac_work_mem"":0.1056924575119,""mitigate_remote_path_bundle"":1.3203793430096975,""regional_topk_candidates"":0.3492104306271075},""distance"":1.6275795789064085,""episode_id"":""q14_tenant_day_sum::run-2"",""normalized_sql_hash"":""44073d33245743b2bdd8be67d3286ec8caaa2e4cceb2969efcfaa87d76883995"",""query_id"":""q14_tenant_day_sum"",""topology_id"":""eu_us_apac_gac"",""weight"":0.6144089042103908}]",0.6724177545063547,1.0
full_multilayer,warm_start_cross_query,43,q15_tenant_day_count::run-3,q15_tenant_day_count,0a85603a4adfceca9159f8d60d621bb9b8b84fb3eb21b6d02815abb8ca0c6ca9,tenant_day_count,3,5,eu_us_apac_gac,3,n3-large-balanced-wide-global-dim-v1,balanced,"[""increase_gac_work_mem"",""regional_topk_candidates"",""mitigate_remote_path_bundle""]",explicit_panel_contract_and_result_equivalence,43.790276,68,66,2,1.2977799936419807,1.9533554892194174,euclidean,available,mitigate_remote_path_bundle,mitigate_remote_path_bundle,mitigate_remote_path_bundle,True,0.0,True,0.0,1355647.0,23172.0,97606584.0,38388.8,15.466666666666669,11.109,0.06312088724955425,1.3039403217858854,1.7851381015377967,0.0263610512328854,0.3243367692029089,2.630958209819509,"[{""action_gains"":{""increase_gac_work_mem"":0.0620501007483585,""mitigate_remote_path_bundle"":2.60350925502538,""regional_topk_candidates"":2.722186807479819},""distance"":1.2977799936419807,""episode_id"":""q12_tenant_user_sum::run-1"",""normalized_sql_hash"":""78f49b835f2ec263b24cbefa86d9c89533b4c254bff2e0e54dc23ae3e08a65f4"",""query_id"":""q12_tenant_user_sum"",""topology_id"":""eu_us_apac_gac"",""weight"":0.7705460358096987},{""action_gains"":{""increase_gac_work_mem"":0.0468398291295993,""mitigate_remote_path_bundle"":2.3849689300931085,""regional_topk_candidates"":2.642596705948222},""distance"":1.3669654866591743,""episode_id"":""q12_tenant_user_sum::run-2"",""normalized_sql_hash"":""78f49b835f2ec263b24cbefa86d9c89533b4c254bff2e0e54dc23ae3e08a65f4"",""query_id"":""q12_tenant_user_sum"",""topology_id"":""eu_us_apac_gac"",""weight"":0.7315468299767689},{""action_gains"":{""increase_gac_work_mem"":0.0572275554466537,""mitigate_remote_path_bundle"":1.1826653991582703,""regional_topk_candidates"":0.1205952939116147},""distance"":1.4075449511708191,""episode_id"":""q14_tenant_day_sum::run-4"",""normalized_sql_hash"":""44073d33245743b2bdd8be67d3286ec8caaa2e4cceb2969efcfaa87d76883995"",""query_id"":""q14_tenant_day_sum"",""topology_id"":""eu_us_apac_gac"",""weight"":0.7104563791812155},{""action_gains"":{""increase_gac_work_mem"":0.1056924575119,""mitigate_remote_path_bundle"":1.3203793430096975,""regional_topk_candidates"":0.3492104306271075},""distance"":1.5745154441065814,""episode_id"":""q14_tenant_day_sum::run-2"",""normalized_sql_hash"":""44073d33245743b2bdd8be67d3286ec8caaa2e4cceb2969efcfaa87d76883995"",""query_id"":""q14_tenant_day_sum"",""topology_id"":""eu_us_apac_gac"",""weight"":0.6351156278761028},{""action_gains"":{""increase_gac_work_mem"":0.0468458501152429,""mitigate_remote_path_bundle"":1.2281426804223363,""regional_topk_candidates"":0.2983051381180681},""distance"":1.6089248245780106,""episode_id"":""q14_tenant_day_sum::run-3"",""normalized_sql_hash"":""44073d33245743b2bdd8be67d3286ec8caaa2e4cceb2969efcfaa87d76883995"",""query_id"":""q14_tenant_day_sum"",""topology_id"":""eu_us_apac_gac"",""weight"":0.6215326926350258}]",0.6643849523573346,1.0
full_multilayer,warm_start_cross_query,44,q15_tenant_day_count::run-4,q15_tenant_day_count,0a85603a4adfceca9159f8d60d621bb9b8b84fb3eb21b6d02815abb8ca0c6ca9,tenant_day_count,4,5,eu_us_apac_gac,3,n3-large-balanced-wide-global-dim-v1,balanced,"[""increase_gac_work_mem"",""regional_topk_candidates"",""mitigate_remote_path_bundle""]",explicit_panel_contract_and_result_equivalence,43.438149,69,66,3,1.286951111202379,1.9533554892194174,euclidean,available,mitigate_remote_path_bundle,mitigate_remote_path_bundle,mitigate_remote_path_bundle,True,0.0,True,0.0,1355647.0,23162.0,97606584.0,38374.975,15.5,11.19,0.06312021796119194,1.3092068630473286,1.7877802225684245,-0.005900164795244,0.2887640632749367,2.638866088643233,"[{""action_gains"":{""increase_gac_work_mem"":0.0620501007483585,""mitigate_remote_path_bundle"":2.60350925502538,""regional_topk_candidates"":2.722186807479819},""distance"":1.286951111202379,""episode_id"":""q12_tenant_user_sum::run-1"",""normalized_sql_hash"":""78f49b835f2ec263b24cbefa86d9c89533b4c254bff2e0e54dc23ae3e08a65f4"",""query_id"":""q12_tenant_user_sum"",""topology_id"":""eu_us_apac_gac"",""weight"":0.7770296899903415},{""action_gains"":{""increase_gac_work_mem"":0.0468398291295993,""mitigate_remote_path_bundle"":2.3849689300931085,""regional_topk_candidates"":2.642596705948222},""distance"":1.3468262750607392,""episode_id"":""q12_tenant_user_sum::run-2"",""normalized_sql_hash"":""78f49b835f2ec263b24cbefa86d9c89533b4c254bff2e0e54dc23ae3e08a65f4"",""query_id"":""q12_tenant_user_sum"",""topology_id"":""eu_us_apac_gac"",""weight"":0.7424857058637323},{""action_gains"":{""increase_gac_work_mem"":0.0572275554466537,""mitigate_remote_path_bundle"":1.1826653991582703,""regional_topk_candidates"":0.1205952939116147},""distance"":1.4035564723099019,""episode_id"":""q14_tenant_day_sum::run-4"",""normalized_sql_hash"":""44073d33245743b2bdd8be67d3286ec8caaa2e4cceb2969efcfaa87d76883995"",""query_id"":""q14_tenant_day_sum"",""topology_id"":""eu_us_apac_gac"",""weight"":0.7124752778055123},{""action_gains"":{""increase_gac_work_mem"":0.1056924575119,""mitigate_remote_path_bundle"":1.3203793430096975,""regional_topk_candidates"":0.3492104306271075},""distance"":1.5641539178224289,""episode_id"":""q14_tenant_day_sum::run-2"",""normalized_sql_hash"":""44073d33245743b2bdd8be67d3286ec8caaa2e4cceb2969efcfaa87d76883995"",""query_id"":""q14_tenant_day_sum"",""topology_id"":""eu_us_apac_gac"",""weight"":0.6393228628479914},{""action_gains"":{""increase_gac_work_mem"":0.0468458501152429,""mitigate_remote_path_bundle"":1.2281426804223363,""regional_topk_candidates"":0.2983051381180681},""distance"":1.611392610288829,""episode_id"":""q14_tenant_day_sum::run-3"",""normalized_sql_hash"":""44073d33245743b2bdd8be67d3286ec8caaa2e4cceb2969efcfaa87d76883995"",""query_id"":""q14_tenant_day_sum"",""topology_id"":""eu_us_apac_gac"",""weight"":0.6205808398487805}]",0.6588412187669225,1.0
full_multilayer,warm_start_cross_query,45,q15_tenant_day_count::run-5,q15_tenant_day_count,0a85603a4adfceca9159f8d60d621bb9b8b84fb3eb21b6d02815abb8ca0c6ca9,tenant_day_count,5,5,eu_us_apac_gac,3,n3-large-balanced-wide-global-dim-v1,balanced,"[""increase_gac_work_mem"",""regional_topk_candidates"",""mitigate_remote_path_bundle""]",explicit_panel_contract_and_result_equivalence,44.029313,70,66,4,1.3301645853262627,1.9533554892194174,euclidean,available,mitigate_remote_path_bundle,mitigate_remote_path_bundle,mitigate_remote_path_bundle,True,0.0,True,0.0,1355647.0,23165.0,97606584.0,38540.881,15.466666666666669,12.979,0.06328866756631517,1.3117650462177766,1.7884602511330774,0.0388865100561299,0.3289301569498578,2.3993502052314923,"[{""action_gains"":{""increase_gac_work_mem"":0.0468398291295993,""mitigate_remote_path_bundle"":2.3849689300931085,""regional_topk_candidates"":2.642596705948222},""distance"":1.3301645853262627,""episode_id"":""q12_tenant_user_sum::run-2"",""normalized_sql_hash"":""78f49b835f2ec263b24cbefa86d9c89533b4c254bff2e0e54dc23ae3e08a65f4"",""query_id"":""q12_tenant_user_sum"",""topology_id"":""eu_us_apac_gac"",""weight"":0.7517861016940386},{""action_gains"":{""increase_gac_work_mem"":0.0620501007483585,""mitigate_remote_path_bundle"":2.60350925502538,""regional_topk_candidates"":2.722186807479819},""distance"":1.3329790992573007,""episode_id"":""q12_tenant_user_sum::run-1"",""normalized_sql_hash"":""78f49b835f2ec263b24cbefa86d9c89533b4c254bff2e0e54dc23ae3e08a65f4"",""query_id"":""q12_tenant_user_sum"",""topology_id"":""eu_us_apac_gac"",""weight"":0.7501987468208806},{""action_gains"":{""increase_gac_work_mem"":0.0572275554466537,""mitigate_remote_path_bundle"":1.1826653991582703,""regional_topk_candidates"":0.1205952939116147},""distance"":1.4292542428724546,""episode_id"":""q14_tenant_day_sum::run-4"",""normalized_sql_hash"":""44073d33245743b2bdd8be67d3286ec8caaa2e4cceb2969efcfaa87d76883995"",""query_id"":""q14_tenant_day_sum"",""topology_id"":""eu_us_apac_gac"",""weight"":0.6996650913032467},{""action_gains"":{""increase_gac_work_mem"":0.1056924575119,""mitigate_remote_path_bundle"":1.3203793430096975,""regional_topk_candidates"":0.3492104306271075},""distance"":1.5507846506486345,""episode_id"":""q14_tenant_day_sum::run-2"",""normalized_sql_hash"":""44073d33245743b2bdd8be67d3286ec8caaa2e4cceb2969efcfaa87d76883995"",""query_id"":""q14_tenant_day_sum"",""topology_id"":""eu_us_apac_gac"",""weight"":0.6448344421949856},{""action_gains"":{""increase_gac_work_mem"":0.0468458501152429,""mitigate_remote_path_bundle"":1.2281426804223363,""regional_topk_candidates"":0.2983051381180681},""distance"":1.6765550746492193,""episode_id"":""q14_tenant_day_sum::run-3"",""normalized_sql_hash"":""44073d33245743b2bdd8be67d3286ec8caaa2e4cceb2969efcfaa87d76883995"",""query_id"":""q14_tenant_day_sum"",""topology_id"":""eu_us_apac_gac"",""weight"":0.5964608134023951}]",0.6809639068093086,1.0
