scope,query_run_id,fuzzifier,dominant_cluster,nearest_center_distance,max_membership,top2_membership_margin,membership_c0,membership_c1,membership_c2,membership_c3
external_fixed_centers,20260727T115549Z-stats-ceb-full-no-refit-v1__stats-ce--6ad9e47ac3c4--l_no_refit__stats_ceb_multiregion_count__query_id-1,1.5,2,0.34017859185800753,0.8657427555794706,0.7707825154261471,0.09496024015332351,0.03531288256007201,0.8657427555794706,0.003984121707133887
external_fixed_centers,20260727T115605Z-stats-ceb-full-no-refit-v1__stats-ce--efd1bcfe46ec--l_no_refit__stats_ceb_multiregion_count__query_id-2,1.5,2,0.698545747668276,0.38354263804549604,0.025252764991857857,0.3582898730536382,0.06680168911672998,0.38354263804549604,0.19136579978413576
external_fixed_centers,20260727T115622Z-stats-ceb-full-no-refit-v1__stats-ce--bac3f3236be8--l_no_refit__stats_ceb_multiregion_count__query_id-3,1.5,3,0.770955172550222,0.378535487556142,0.021094244250911942,0.3574412433052301,0.05920244490140994,0.20482082423721787,0.378535487556142
external_fixed_centers,20260727T115653Z-stats-ceb-full-no-refit-v1__stats-ce--191e461955c5--l_no_refit__stats_ceb_multiregion_count__query_id-4,1.5,3,0.7709551796580545,0.37853548217114785,0.021094239184744068,0.3574412429864038,0.05920244622525115,0.20482082861719728,0.37853548217114785
external_fixed_centers,20260727T115724Z-stats-ceb-full-no-refit-v1__stats-ce--359439826350--l_no_refit__stats_ceb_multiregion_count__query_id-5,1.5,3,0.7709551333008591,0.37853551729202267,0.021094272226240496,0.3574412450657822,0.05920243759117504,0.20482080005102019,0.37853551729202267
external_fixed_centers,20260727T115756Z-stats-ceb-full-no-refit-v1__stats-ce--dd2302266d0c--l_no_refit__stats_ceb_multiregion_count__query_id-6,1.5,2,0.6969980875590067,0.38367568204499636,0.025591331238014103,0.35808435080698225,0.0664920311843206,0.38367568204499636,0.19174793596370074
external_fixed_centers,20260727T115811Z-stats-ceb-full-no-refit-v1__stats-ce--1a7eeba369e7--l_no_refit__stats_ceb_multiregion_count__query_id-7,1.5,3,0.7709551980897722,0.37853546820702094,0.02109422604738448,0.35744124215963646,0.05920244965817764,0.20482083997516498,0.37853546820702094
external_fixed_centers,20260727T115842Z-stats-ceb-full-no-refit-v1__stats-ce--f8f54b110303--l_no_refit__stats_ceb_multiregion_count__query_id-8,1.5,3,0.7709550948790137,0.37853554640097964,0.021094299611769507,0.35744124678921013,0.05920243043506566,0.20482077637474455,0.37853554640097964
external_fixed_centers,20260727T115914Z-stats-ceb-full-no-refit-v1__stats-ce--12174756d103--l_no_refit__stats_ceb_multiregion_count__query_id-9,1.5,1,0.40274361347193194,0.9158524674678076,0.8761129963700985,0.03907662101348291,0.9158524674678076,0.03973947109770906,0.0053314404210004435
external_fixed_centers,20260727T115933Z-stats-ceb-full-no-refit-v1__stats-ce--d73e9910fa0f--_no_refit__stats_ceb_multiregion_count__query_id-10,1.5,3,0.7709551817940207,0.37853548055290986,0.02109423766231633,0.35744124289059354,0.059202446623077054,0.2048208299334195,0.37853548055290986
external_fixed_centers,20260727T120003Z-stats-ceb-full-no-refit-v1__stats-ce--4c6ad677a93d--_no_refit__stats_ceb_multiregion_count__query_id-11,1.5,3,0.7709551353679739,0.3785355157259464,0.021094270752885724,0.3574412449730607,0.05920243797617737,0.20482080132481562,0.3785355157259464
external_fixed_centers,20260727T120036Z-stats-ceb-full-no-refit-v1__stats-ce--98dedb4548e0--_no_refit__stats_ceb_multiregion_count__query_id-12,1.5,1,0.5109477852787674,0.7870558364811506,0.6686509315817395,0.1184049048994111,0.7870558364811506,0.08133137626792736,0.013207882351510923
external_fixed_centers,20260727T120054Z-stats-ceb-full-no-refit-v1__stats-ce--705b678c2f15--_no_refit__stats_ceb_multiregion_count__query_id-13,1.5,1,0.34785091875602336,0.9391320667322438,0.9013247933891917,0.020113212909086926,0.9391320667322438,0.03780727334305213,0.002947447015617039
external_fixed_centers,20260727T120111Z-stats-ceb-full-no-refit-v1__stats-ce--8634fbcdddb7--_no_refit__stats_ceb_multiregion_count__query_id-14,1.5,3,0.7709551909282791,0.37853547363266765,0.02109423115179737,0.3574412424808703,0.059202448324342155,0.20482083556211986,0.37853547363266765
external_fixed_centers,20260727T120143Z-stats-ceb-full-no-refit-v1__stats-ce--fa1db4e3efb6--_no_refit__stats_ceb_multiregion_count__query_id-15,1.5,2,0.7026507522004452,0.37671218480334323,0.01263826127583878,0.36407392352750445,0.06632091056446708,0.37671218480334323,0.19289298110468525
external_fixed_centers,20260727T120200Z-stats-ceb-full-no-refit-v1__stats-ce--eb48bb0b100d--_no_refit__stats_ceb_multiregion_count__query_id-16,1.5,0,0.6875181505193854,0.40475586918171,0.08004188466638695,0.40475586918171,0.06100431023519509,0.3247139845153231,0.2095258360677718
external_fixed_centers,20260727T120215Z-stats-ceb-full-no-refit-v1__stats-ce--e61d25524c7c--_no_refit__stats_ceb_multiregion_count__query_id-17,1.5,1,0.1790924722270059,0.9967604217195585,0.9947622856262882,0.0010537175913215683,0.9967604217195585,0.0019981360932702884,0.0001877245958495859
external_fixed_centers,20260727T120234Z-stats-ceb-full-no-refit-v1__stats-ce--b1b6578c060b--_no_refit__stats_ceb_multiregion_count__query_id-18,1.5,1,0.3288031304751917,0.9619018726311966,0.9362728735764935,0.010390222099612085,0.9619018726311966,0.025628999054703217,0.002078906214488005
external_fixed_centers,20260727T120253Z-stats-ceb-full-no-refit-v1__stats-ce--6fb8a6573a07--_no_refit__stats_ceb_multiregion_count__query_id-19,1.5,2,0.33324858006697633,0.8793424378336824,0.7954724496945111,0.08386998813917118,0.03312365895133102,0.8793424378336824,0.003663915075815535
external_fixed_centers,20260727T120309Z-stats-ceb-full-no-refit-v1__stats-ce--f90b8fa6e1c6--_no_refit__stats_ceb_multiregion_count__query_id-20,1.5,2,0.6747403975999325,0.5340476241175393,0.30018950144013234,0.2338581226774069,0.08965668980081694,0.5340476241175393,0.1424375634042369
external_fixed_centers,20260727T120324Z-stats-ceb-full-no-refit-v1__stats-ce--06d3fdce2b76--_no_refit__stats_ceb_multiregion_count__query_id-21,1.5,2,0.7006004461975518,0.3803511433902183,0.019280472490954825,0.3610706708992635,0.06660271351200399,0.3803511433902183,0.1919754721985142
external_fixed_centers,20260727T120339Z-stats-ceb-full-no-refit-v1__stats-ce--9fd2158832f7--_no_refit__stats_ceb_multiregion_count__query_id-22,1.5,3,0.770955190542465,0.37853547392496584,0.021094231426789567,0.35744124249817627,0.05920244825248386,0.204820835324374,0.37853547392496584
external_fixed_centers,20260727T120410Z-stats-ceb-full-no-refit-v1__stats-ce--5818fe568b14--_no_refit__stats_ceb_multiregion_count__query_id-23,1.5,2,0.39991615859356305,0.5615386306217361,0.16254276440276622,0.39899586621896993,0.03396138799355155,0.5615386306217361,0.0055041151657424575
external_fixed_centers,20260727T120426Z-stats-ceb-full-no-refit-v1__stats-ce--d2a47dcf4b80--_no_refit__stats_ceb_multiregion_count__query_id-24,1.5,0,0.6804073283089458,0.4043899300561383,0.08043117213436185,0.4043899300561383,0.059531822461093106,0.3239587579217765,0.21211948956099205
external_fixed_centers,20260727T120441Z-stats-ceb-full-no-refit-v1__stats-ce--b92de91365e3--_no_refit__stats_ceb_multiregion_count__query_id-25,1.5,1,0.32104400349018475,0.9643208912269319,0.9412418250723563,0.01065407352291648,0.9643208912269319,0.023079066154575507,0.0019459690955761662
external_fixed_centers,20260727T120458Z-stats-ceb-full-no-refit-v1__stats-ce--009fabcba823--_no_refit__stats_ceb_multiregion_count__query_id-26,1.5,1,0.15303084928467117,0.9978577710064863,0.9964882411451536,0.0006669246858537408,0.9978577710064863,0.0013695298613327334,0.0001057744463272672
external_fixed_centers,20260727T120517Z-stats-ceb-full-no-refit-v1__stats-ce--b78595f21206--_no_refit__stats_ceb_multiregion_count__query_id-27,1.5,3,0.7709552486157579,0.3785354299278461,0.021094190034593008,0.3574412398932531,0.0592024590686942,0.2048208711102066,0.3785354299278461
external_fixed_centers,20260727T120558Z-stats-ceb-full-no-refit-v1__stats-ce--a1744d5d9f76--_no_refit__stats_ceb_multiregion_count__query_id-28,1.5,1,0.22065806635489757,0.9931650626597787,0.9890605649258583,0.002304627316072957,0.9931650626597787,0.004104497733920417,0.00042581229022785376
external_fixed_centers,20260727T120625Z-stats-ceb-full-no-refit-v1__stats-ce--3e12a9896a01--_no_refit__stats_ceb_multiregion_count__query_id-29,1.5,2,0.6994200410924432,0.3836434936554974,0.025319166428601325,0.35832432722689606,0.0669972833361847,0.3836434936554974,0.19103489578142185
external_fixed_centers,20260727T120640Z-stats-ceb-full-no-refit-v1__stats-ce--f42e44dd24b6--_no_refit__stats_ceb_multiregion_count__query_id-31,1.5,1,0.19883404645519365,0.9933875765112251,0.9894719341332989,0.0023750858483883447,0.9933875765112251,0.003915642377926181,0.00032169526246047327
external_fixed_centers,20260727T120704Z-stats-ceb-full-no-refit-v1__stats-ce--4123fef53a01--_no_refit__stats_ceb_multiregion_count__query_id-32,1.5,3,0.7709551942976546,0.37853547107998187,0.021094228750247246,0.3574412423297346,0.05920244895189182,0.2048208376383917,0.37853547107998187
external_fixed_centers,20260727T120747Z-stats-ceb-full-no-refit-v1__stats-ce--4cfa0890dc63--_no_refit__stats_ceb_multiregion_count__query_id-33,1.5,1,0.720854550414443,0.6185743767843057,0.42025653006074715,0.19831784672355857,0.6185743767843057,0.14741059264494571,0.03569718384719007
external_fixed_centers,20260727T120823Z-stats-ceb-full-no-refit-v1__stats-ce--940213eb07bd--_no_refit__stats_ceb_multiregion_count__query_id-35,1.5,3,0.7709551840214992,0.37853547886534084,0.02109423607466221,0.3574412427906786,0.059202447037947255,0.2048208313060334,0.37853547886534084
external_fixed_centers,20260727T120856Z-stats-ceb-full-no-refit-v1__stats-ce--01b8759d412a--_no_refit__stats_ceb_multiregion_count__query_id-36,1.5,3,0.7709551897451445,0.378535474529027,0.021094231995086532,0.3574412425339405,0.05920244810398213,0.2048208348330503,0.378535474529027
external_fixed_centers,20260727T120928Z-stats-ceb-full-no-refit-v1__stats-ce--baa21348fcba--_no_refit__stats_ceb_multiregion_count__query_id-37,1.5,1,0.36609393052999956,0.9409576509564551,0.9049242624387425,0.019528762644248545,0.9409576509564551,0.03603338851771264,0.003480197881583722
external_fixed_centers,20260727T120952Z-stats-ceb-full-no-refit-v1__stats-ce--3dea5d36442c--_no_refit__stats_ceb_multiregion_count__query_id-38,1.5,3,0.7709552697818179,0.37853541389215883,0.02109417494832888,0.35744123894382995,0.059202463010894275,0.20482088415311706,0.37853541389215883
external_fixed_centers,20260727T121049Z-stats-ceb-full-no-refit-v1__stats-ce--9c378f93220d--_no_refit__stats_ceb_multiregion_count__query_id-39,1.5,3,0.7709552009329858,0.37853546605296284,0.021094224020860697,0.35744124203210215,0.0592024501877291,0.20482084172720597,0.37853546605296284
external_fixed_centers,20260727T121121Z-stats-ceb-full-no-refit-v1__stats-ce--a42d2ecd145a--_no_refit__stats_ceb_multiregion_count__query_id-40,1.5,3,0.770955185323541,0.3785354778788957,0.021094235146621065,0.3574412427322746,0.05920244728045388,0.2048208321083759,0.3785354778788957
external_fixed_centers,20260727T121153Z-stats-ceb-full-no-refit-v1__stats-ce--61f8bf4ebb18--_no_refit__stats_ceb_multiregion_count__query_id-41,1.5,3,0.7709551675584464,0.3785354913379821,0.021094247808842836,0.35744124352913925,0.05920244397168656,0.20482082116119224,0.3785354913379821
external_fixed_centers,20260727T121224Z-stats-ceb-full-no-refit-v1__stats-ce--2365ef160cc8--_no_refit__stats_ceb_multiregion_count__query_id-42,1.5,1,0.43050524327524503,0.9207990663497004,0.8791828246188474,0.031788274046307165,0.9207990663497004,0.04161624173085296,0.005796417873139423
external_fixed_centers,20260727T121246Z-stats-ceb-full-no-refit-v1__stats-ce--bef3f74020aa--_no_refit__stats_ceb_multiregion_count__query_id-43,1.5,3,0.7709552184072741,0.37853545281420165,0.021094211565921783,0.35744124124827986,0.05920245344233325,0.20482085249518536,0.37853545281420165
external_fixed_centers,20260727T121320Z-stats-ceb-full-no-refit-v1__stats-ce--06c758499697--_no_refit__stats_ceb_multiregion_count__query_id-44,1.5,3,0.770955187932594,0.3785354759022406,0.021094233286996722,0.3574412426152439,0.05920244776639269,0.20482083371612292,0.3785354759022406
external_fixed_centers,20260727T121351Z-stats-ceb-full-no-refit-v1__stats-ce--016037691c34--_no_refit__stats_ceb_multiregion_count__query_id-46,1.5,0,0.6931945457449347,0.3864639725219053,0.03882100042513348,0.3864639725219053,0.06271374711517992,0.3476429720967718,0.2031793082661431
external_fixed_centers,20260727T121406Z-stats-ceb-full-no-refit-v1__stats-ce--0990036f0917--_no_refit__stats_ceb_multiregion_count__query_id-47,1.5,3,0.7709553090786933,0.37853538412033805,0.0210941469392098,0.35744123718112825,0.05920247032997669,0.20482090836855707,0.37853538412033805
external_fixed_centers,20260727T121526Z-stats-ceb-full-no-refit-v1__stats-ce--ed7ed30f4959--_no_refit__stats_ceb_multiregion_count__query_id-48,1.5,1,0.3967282840136066,0.904267885997864,0.8459932698794692,0.03262999649209068,0.904267885997864,0.05827461611839476,0.004827501391650623
external_fixed_centers,20260727T121542Z-stats-ceb-full-no-refit-v1__stats-ce--c6f3d13743a0--_no_refit__stats_ceb_multiregion_count__query_id-49,1.5,3,0.7709553018618487,0.3785353895879116,0.021094152083064033,0.3574412375048476,0.05920246898583221,0.20482090392140864,0.3785353895879116
external_fixed_centers,20260727T121648Z-stats-ceb-full-no-refit-v1__stats-ce--816d4588344d--_no_refit__stats_ceb_multiregion_count__query_id-50,1.5,3,0.770955253470466,0.3785354262498546,0.021094186574363794,0.3574412396754908,0.0592024599728885,0.20482087410176616,0.3785354262498546
external_fixed_centers,20260727T121730Z-stats-ceb-full-no-refit-v1__stats-ce--4cbe11eb13e9--_no_refit__stats_ceb_multiregion_count__query_id-51,1.5,3,0.770955280119405,0.37853540606026753,0.021094167580140155,0.3574412384801274,0.05920246493628026,0.2048208905233247,0.37853540606026753
external_fixed_centers,20260727T121825Z-stats-ceb-full-no-refit-v1__stats-ce--20faaaceabc6--_no_refit__stats_ceb_multiregion_count__query_id-52,1.5,3,0.7709552979561768,0.37853539254689866,0.02109415486685795,0.3574412376800407,0.05920246825839691,0.20482090151466378,0.37853539254689866
external_fixed_centers,20260727T121931Z-stats-ceb-full-no-refit-v1__stats-ce--6bd8e852fe89--_no_refit__stats_ceb_multiregion_count__query_id-53,1.5,1,0.20214540524980643,0.9950221616304916,0.9919558228101961,0.0016139995473155836,0.9950221616304916,0.0030663388202955082,0.00029750000189730433
external_fixed_centers,20260727T121949Z-stats-ceb-full-no-refit-v1__stats-ce--65af180658cd--_no_refit__stats_ceb_multiregion_count__query_id-54,1.5,3,0.7709552567778506,0.3785354237441361,0.021094184217001044,0.3574412395271351,0.05920246058889222,0.2048208761398366,0.3785354237441361
external_fixed_centers,20260727T122034Z-stats-ceb-full-no-refit-v1__stats-ce--99eb8577f8f9--_no_refit__stats_ceb_multiregion_count__query_id-55,1.5,1,0.2970644530655616,0.9737703813448961,0.9603306017899093,0.011184449040970915,0.9737703813448961,0.013439779554986868,0.0016053900591462287
external_fixed_centers,20260727T122053Z-stats-ceb-full-no-refit-v1__stats-ce--0f5ee8601132--_no_refit__stats_ceb_multiregion_count__query_id-56,1.5,1,0.19601217499151627,0.9953208567564189,0.9924660145753361,0.0015504619248289959,0.9953208567564189,0.002854842181082779,0.00027383913766923214
external_fixed_centers,20260727T122119Z-stats-ceb-full-no-refit-v1__stats-ce--56d71e5fa919--_no_refit__stats_ceb_multiregion_count__query_id-57,1.5,1,0.730509975707371,0.7217352461324873,0.576134442272465,0.10121288040519404,0.7217352461324873,0.14560080386002222,0.03145106960229652
external_fixed_centers,20260727T122159Z-stats-ceb-full-no-refit-v1__stats-ce--9f26aa4328b9--_no_refit__stats_ceb_multiregion_count__query_id-59,1.5,3,0.7709553085530995,0.37853538451853447,0.02109414731383008,0.3574412372047044,0.05920247023208431,0.20482090804467676,0.37853538451853447
external_fixed_centers,20260727T122319Z-stats-ceb-full-no-refit-v1__stats-ce--27ab191ab1e8--_no_refit__stats_ceb_multiregion_count__query_id-60,1.5,1,0.2370732428435913,0.9897825004479738,0.9840973188403219,0.00391070100404139,0.9897825004479738,0.005685181607651829,0.0006216169403328556
external_fixed_centers,20260727T122344Z-stats-ceb-full-no-refit-v1__stats-ce--012a0caf9bdf--_no_refit__stats_ceb_multiregion_count__query_id-61,1.5,3,0.7709551852254027,0.3785354779532466,0.02109423521656989,0.3574412427366767,0.059202447262175516,0.20482083204790114,0.3785354779532466
external_fixed_centers,20260727T122417Z-stats-ceb-full-no-refit-v1__stats-ce--97a6df2a45af--_no_refit__stats_ceb_multiregion_count__query_id-62,1.5,1,0.7103387903862746,0.674611902105533,0.5242077281551353,0.1427056761974326,0.674611902105533,0.1504041739503977,0.03227824774663669
external_fixed_centers,20260727T122500Z-stats-ceb-full-no-refit-v1__stats-ce--3ebe0da05cca--_no_refit__stats_ceb_multiregion_count__query_id-63,1.5,3,0.770955158811127,0.3785354979650757,0.021094254043570237,0.35744124392150545,0.05920244234248916,0.2048208157709296,0.3785354979650757
external_fixed_centers,20260727T122532Z-stats-ceb-full-no-refit-v1__stats-ce--9cf952e26959--_no_refit__stats_ceb_multiregion_count__query_id-64,1.5,3,0.7709551943545072,0.37853547103690954,0.021094228709725105,0.35744124232718444,0.05920244896248067,0.2048208376734252,0.37853547103690954
external_fixed_centers,20260727T122603Z-stats-ceb-full-no-refit-v1__stats-ce--e6562b44f063--_no_refit__stats_ceb_multiregion_count__query_id-65,1.5,3,0.7709551809826599,0.3785354811676081,0.021094238240620344,0.35744124292698776,0.059202446471960275,0.20482082943344387,0.3785354811676081
external_fixed_centers,20260727T122634Z-stats-ceb-full-no-refit-v1__stats-ce--3d80ab352f79--_no_refit__stats_ceb_multiregion_count__query_id-66,1.5,3,0.7709551792103219,0.37853548251035635,0.02109423950386935,0.357441243006487,0.05920244614186047,0.20482082834129609,0.37853548251035635
external_fixed_centers,20260727T122705Z-stats-ceb-full-no-refit-v1__stats-ce--7d95b9ed334d--_no_refit__stats_ceb_multiregion_count__query_id-67,1.5,3,0.7709551511948295,0.3785355037352919,0.0210942594721531,0.3574412442631388,0.059202440923945804,0.20482081107762354,0.3785355037352919
external_fixed_centers,20260727T123251Z-stats-ceb-full-no-refit-v1__stats-ce--40fbf1047276--_no_refit__stats_ceb_multiregion_count__query_id-69,1.5,1,0.5986637829074215,0.8229608695866617,0.7246151209581065,0.06209095388440501,0.8229608695866617,0.09834574862855518,0.01660242790037785
external_fixed_centers,20260727T123639Z-stats-ceb-full-no-refit-v1__stats-ce--5d1f2f6ec31c--_no_refit__stats_ceb_multiregion_count__query_id-70,1.5,3,0.7709553028221562,0.37853538886037025,0.021094151398598215,0.35744123746177203,0.059202469164690415,0.20482090451316728,0.37853538886037025
external_fixed_centers,20260727T123753Z-stats-ceb-full-no-refit-v1__stats-ce--f5430f06326c--_no_refit__stats_ceb_multiregion_count__query_id-71,1.5,1,0.29399825343590713,0.978681028598369,0.966624449080075,0.007790049205549414,0.978681028598369,0.012056579518294001,0.0014723426777874808
external_fixed_centers,20260727T124046Z-stats-ceb-full-no-refit-v1__stats-ce--05356b09cf1c--_no_refit__stats_ceb_multiregion_count__query_id-72,1.5,1,0.5465523499463129,0.8318360161597295,0.7323097146667179,0.056029144083882425,0.8318360161597295,0.0995263014930115,0.012608538263376512
external_fixed_centers,20260727T124123Z-stats-ceb-full-no-refit-v1__stats-ce--ca588f50c6bf--_no_refit__stats_ceb_multiregion_count__query_id-73,1.5,1,0.5636116205535551,0.8261686764198919,0.7422440167447633,0.07470054954345551,0.8261686764198919,0.08392465967512867,0.015206114361523863
external_fixed_centers,20260727T124240Z-stats-ceb-full-no-refit-v1__stats-ce--390aaac352ae--_no_refit__stats_ceb_multiregion_count__query_id-74,1.5,1,0.37716536816976937,0.9397017769933871,0.9113992021935622,0.028302574799824842,0.9397017769933871,0.027784090181047445,0.004211558025740591
external_fixed_centers,20260727T124329Z-stats-ceb-full-no-refit-v1__stats-ce--72f3957fc57f--_no_refit__stats_ceb_multiregion_count__query_id-75,1.5,1,0.46130333614079533,0.883902416342333,0.8291365873995848,0.05288064204988674,0.883902416342333,0.05476582894274813,0.00845111266503208
external_fixed_centers,20260727T124408Z-stats-ceb-full-no-refit-v1__stats-ce--1cc84b23aa7c--_no_refit__stats_ceb_multiregion_count__query_id-76,1.5,2,0.6830199872132271,0.43846895900664923,0.12408367802510284,0.3143852809815464,0.07342255595261797,0.43846895900664923,0.17372320405918637
external_fixed_centers,20260727T124424Z-stats-ceb-full-no-refit-v1__stats-ce--eeb4621fdf19--_no_refit__stats_ceb_multiregion_count__query_id-77,1.5,0,0.6861867472053103,0.4046571683838112,0.07995388004843201,0.4046571683838112,0.06072401025370595,0.3247032883353792,0.2099155330271037
external_fixed_centers,20260727T124443Z-stats-ceb-full-no-refit-v1__stats-ce--447eaf57f536--_no_refit__stats_ceb_multiregion_count__query_id-78,1.5,1,0.48757009398237705,0.8360809335972,0.7498741320637288,0.06697831080431409,0.8360809335972,0.08620680153347121,0.01073395406501478
external_fixed_centers,20260727T124504Z-stats-ceb-full-no-refit-v1__stats-ce--13f9ab609c86--_no_refit__stats_ceb_multiregion_count__query_id-79,1.5,1,0.23813344485222995,0.9891290379403197,0.9830925964863767,0.004184949846561665,0.9891290379403197,0.0060364414539429605,0.0006495707591756294
external_fixed_centers,20260727T124534Z-stats-ceb-full-no-refit-v1__stats-ce--32c1d4057729--_no_refit__stats_ceb_multiregion_count__query_id-80,1.5,3,0.7709551746482685,0.3785354859666323,0.02109424275551136,0.3574412432111209,0.0592024452921733,0.20482082553007344,0.3785354859666323
external_fixed_centers,20260727T124605Z-stats-ceb-full-no-refit-v1__stats-ce--ef81c83fd74c--_no_refit__stats_ceb_multiregion_count__query_id-81,1.5,3,0.7709551378347923,0.3785355138570489,0.021094268994638676,0.35744124486241025,0.059202438435624886,0.20482080284491597,0.3785355138570489
external_fixed_centers,20260727T124637Z-stats-ceb-full-no-refit-v1__stats-ce--c4f2117cdeca--_no_refit__stats_ceb_multiregion_count__query_id-82,1.5,3,0.7709551781962096,0.3785354832786621,0.021094240226686378,0.3574412430519757,0.059202445952981034,0.20482082771638116,0.3785354832786621
external_fixed_centers,20260727T124708Z-stats-ceb-full-no-refit-v1__stats-ce--fd67457a2e36--_no_refit__stats_ceb_multiregion_count__query_id-83,1.5,1,0.5108080337684338,0.7849096820307354,0.6647782204104327,0.12013146162030276,0.7849096820307354,0.0816633732498447,0.013295483099117133
external_fixed_centers,20260727T124728Z-stats-ceb-full-no-refit-v1__stats-ce--348f5142df9f--_no_refit__stats_ceb_multiregion_count__query_id-84,1.5,3,0.7709551633888488,0.37853549449692825,0.021094250780759216,0.35744124371616903,0.059202443195094656,0.20482081859180795,0.37853549449692825
external_fixed_centers,20260727T124759Z-stats-ceb-full-no-refit-v1__stats-ce--fc3567017f16--_no_refit__stats_ceb_multiregion_count__query_id-85,1.5,1,0.35551600755608775,0.9369106366598923,0.9068563432710482,0.030054293388844015,0.9369106366598923,0.029406673757093466,0.0036283961941702618
external_fixed_centers,20260727T124822Z-stats-ceb-full-no-refit-v1__stats-ce--984caf793334--_no_refit__stats_ceb_multiregion_count__query_id-86,1.5,0,0.6721272450682095,0.4736966454318072,0.23357660651739443,0.4736966454318072,0.053030173568953454,0.2331531420848267,0.24012003891441275
external_fixed_centers,20260727T124837Z-stats-ceb-full-no-refit-v1__stats-ce--3ad4fbb43134--_no_refit__stats_ceb_multiregion_count__query_id-87,1.5,1,0.19238258783575599,0.9949457561899593,0.9916994978922244,0.0015503938555187695,0.9949457561899593,0.003246258297734859,0.00025759165678713677
external_fixed_centers,20260727T124854Z-stats-ceb-full-no-refit-v1__stats-ce--3971c61af94f--_no_refit__stats_ceb_multiregion_count__query_id-88,1.5,2,0.7026507583494618,0.3767122820721266,0.012638427982190614,0.364073854089936,0.0663209295947614,0.3767122820721266,0.19289293424317597
external_fixed_centers,20260727T124911Z-stats-ceb-full-no-refit-v1__stats-ce--2b40205a1d4d--_no_refit__stats_ceb_multiregion_count__query_id-90,1.5,1,0.40494798810431754,0.9132417141277508,0.8606664097650214,0.02916366146734343,0.9132417141277508,0.05257530436272937,0.0050193200421765225
external_fixed_centers,20260727T124930Z-stats-ceb-full-no-refit-v1__stats-ce--057f0d8a3b25--_no_refit__stats_ceb_multiregion_count__query_id-91,1.5,1,0.15729559404020016,0.9977405839556518,0.9963249259144786,0.0007247162844883019,0.9977405839556518,0.001415658041173155,0.00011904171868667335
external_fixed_centers,20260727T124950Z-stats-ceb-full-no-refit-v1__stats-ce--689eb9dd8414--_no_refit__stats_ceb_multiregion_count__query_id-92,1.5,2,0.6821493138739119,0.44188714134420376,0.13030413569068644,0.3115830056535173,0.07384669720149012,0.44188714134420376,0.17268315580078883
external_fixed_centers,20260727T125006Z-stats-ceb-full-no-refit-v1__stats-ce--2ba6c6518311--_no_refit__stats_ceb_multiregion_count__query_id-93,1.5,1,0.7820509461463697,0.6916917310721963,0.5333993403964471,0.11323595370202387,0.6916917310721963,0.15829239067574918,0.036779924550030645
external_fixed_centers,20260727T125059Z-stats-ceb-full-no-refit-v1__stats-ce--987611190541--_no_refit__stats_ceb_multiregion_count__query_id-94,1.5,1,0.1885222137284035,0.996205806662747,0.9938823541357324,0.0012442521719092583,0.996205806662747,0.002323452527014564,0.00022648863832902156
external_fixed_centers,20260727T125118Z-stats-ceb-full-no-refit-v1__stats-ce--fd3faaa10393--_no_refit__stats_ceb_multiregion_count__query_id-95,1.5,1,0.4032870718067288,0.9129225639946897,0.8701489428342617,0.042773621160428016,0.9129225639946897,0.0387321319891579,0.0055716828557243765
external_fixed_centers,20260727T125142Z-stats-ceb-full-no-refit-v1__stats-ce--852f591d0b8d--_no_refit__stats_ceb_multiregion_count__query_id-96,1.5,0,0.6894243704893497,0.4035942500997545,0.07684569361642057,0.4035942500997545,0.06141891068781361,0.32674855648333395,0.208238282729098
external_fixed_centers,20260727T125158Z-stats-ceb-full-no-refit-v1__stats-ce--42450d7b2c45--_no_refit__stats_ceb_multiregion_count__query_id-97,1.5,3,0.770955252760182,0.37853542678797514,0.02109418708062394,0.3574412397073512,0.05920245984059737,0.2048208736640762,0.37853542678797514
external_fixed_centers,20260727T125243Z-stats-ceb-full-no-refit-v1__stats-ce--c7456aa7194e--_no_refit__stats_ceb_multiregion_count__query_id-98,1.5,1,0.5149977180064415,0.8540361616686428,0.783419129476893,0.06389653023668469,0.8540361616686428,0.07061703219174986,0.011450275902922559
external_fixed_centers,20260727T125315Z-stats-ceb-full-no-refit-v1__stats-ce--892b0264a82c--_no_refit__stats_ceb_multiregion_count__query_id-99,1.5,1,0.5893981541608638,0.81922332285287,0.7154298365152588,0.061060875338059394,0.81922332285287,0.10379348633761117,0.015922315471459437
external_fixed_centers,20260727T125449Z-stats-ceb-full-no-refit-v1__stats-ce--64b7a3f53030--no_refit__stats_ceb_multiregion_count__query_id-100,1.5,2,0.6765495210866138,0.4689154810681197,0.17939238112047157,0.28952309994764813,0.07742798031443238,0.4689154810681197,0.16413343866979965
external_fixed_centers,20260727T125505Z-stats-ceb-full-no-refit-v1__stats-ce--380f8e37fae8--no_refit__stats_ceb_multiregion_count__query_id-101,1.5,2,0.6748198844238739,0.5340094042924932,0.30012705475401746,0.23388234953847575,0.08967358131422706,0.5340094042924932,0.14243466485480394
external_fixed_centers,20260727T125521Z-stats-ceb-full-no-refit-v1__stats-ce--f24af4e7f9c9--no_refit__stats_ceb_multiregion_count__query_id-102,1.5,1,0.4201681887900747,0.9166160928814316,0.8746263743678884,0.03546148562230139,0.9166160928814316,0.04198971851354326,0.0059327029827237684
external_fixed_centers,20260727T125543Z-stats-ceb-full-no-refit-v1__stats-ce--ea7b4617c3ff--no_refit__stats_ceb_multiregion_count__query_id-103,1.5,3,0.7709552153303602,0.3785354551453137,0.021094213759016545,0.3574412413862972,0.059202452869254886,0.20482085059913427,0.3785354551453137
external_fixed_centers,20260727T130133Z-stats-ceb-full-no-refit-v1__stats-ce--84d00162b479--no_refit__stats_ceb_multiregion_count__query_id-107,1.5,3,0.7709553200905265,0.37853537577763363,0.021094139090453434,0.3574412366871802,0.05920247238094157,0.2048209151542445,0.37853537577763363
external_fixed_centers,20260727T130341Z-stats-ceb-full-no-refit-v1__stats-ce--d1b347af3b71--no_refit__stats_ceb_multiregion_count__query_id-109,1.5,0,0.6744848062129213,0.4444048164312925,0.17075799460550928,0.4444048164312925,0.056249478582227175,0.2736468218257832,0.22569888316069728
external_fixed_centers,20260727T130356Z-stats-ceb-full-no-refit-v1__stats-ce--1abc04aa22a1--no_refit__stats_ceb_multiregion_count__query_id-110,1.5,1,0.7532001218775642,0.6714218811581347,0.5221173787852544,0.1433042272005852,0.6714218811581347,0.14930450237288023,0.03596938926839969
external_fixed_centers,20260727T130424Z-stats-ceb-full-no-refit-v1__stats-ce--3b5e49bb29a5--no_refit__stats_ceb_multiregion_count__query_id-111,1.5,1,0.38967501092345264,0.9224447888056124,0.8849803501933873,0.03746443861222512,0.9224447888056124,0.03519332966810404,0.00489744291405857
external_fixed_centers,20260727T130446Z-stats-ceb-full-no-refit-v1__stats-ce--e64c0470e55f--no_refit__stats_ceb_multiregion_count__query_id-112,1.5,1,0.5571217195555587,0.7828353474841304,0.671423167391214,0.11141218009291642,0.7828353474841304,0.08916015629268344,0.016592316130269794
external_fixed_centers,20260727T130507Z-stats-ceb-full-no-refit-v1__stats-ce--3efb33ba5e98--no_refit__stats_ceb_multiregion_count__query_id-113,1.5,1,0.3796535605606258,0.9414171294098943,0.9137147839940397,0.02674834499309132,0.9414171294098943,0.02770234541585458,0.00413218018115978
external_fixed_centers,20260727T130916Z-stats-ceb-full-no-refit-v1__stats-ce--f9e8950598b1--no_refit__stats_ceb_multiregion_count__query_id-115,1.5,1,0.44424631522091174,0.8949732582104204,0.8437634640875762,0.05120979412284423,0.8949732582104204,0.04641814768878361,0.007398799977951791
external_fixed_centers,20260727T130948Z-stats-ceb-full-no-refit-v1__stats-ce--7067f463b57a--no_refit__stats_ceb_multiregion_count__query_id-116,1.5,3,0.7709551959014781,0.37853546986490294,0.021094227607108884,0.35744124225779406,0.0592024492506056,0.2048208386266975,0.37853546986490294
external_fixed_centers,20260727T131023Z-stats-ceb-full-no-refit-v1__stats-ce--bb01246ce148--no_refit__stats_ceb_multiregion_count__query_id-117,1.5,1,0.14612001253332862,0.9982536814641784,0.9971307016938181,0.0005379527743892693,0.9982536814641784,0.0011229797703602325,8.538599107216319e-05
external_fixed_centers,20260727T131047Z-stats-ceb-full-no-refit-v1__stats-ce--3e4025774092--no_refit__stats_ceb_multiregion_count__query_id-118,1.5,2,0.6748034160382282,0.5340364789864038,0.30016757596596116,0.23386890302044266,0.0896714142989508,0.5340364789864038,0.14242320369420272
external_fixed_centers,20260727T131103Z-stats-ceb-full-no-refit-v1__stats-ce--a308b1d82662--no_refit__stats_ceb_multiregion_count__query_id-119,1.5,3,0.7709552011764069,0.37853546586854364,0.02109422384736037,0.35744124202118327,0.059202450233066535,0.20482084187720653,0.37853546586854364
external_fixed_centers,20260727T131136Z-stats-ceb-full-no-refit-v1__stats-ce--127cd0e50e0b--no_refit__stats_ceb_multiregion_count__query_id-121,1.5,3,0.7709551964754103,0.3785354694300839,0.02109422719803411,0.3574412422320498,0.05920244935750106,0.20482083898036518,0.3785354694300839
external_fixed_centers,20260727T131207Z-stats-ceb-full-no-refit-v1__stats-ce--c931fe3227bd--no_refit__stats_ceb_multiregion_count__query_id-123,1.5,1,0.3744211208914583,0.9439263033660539,0.9171776199673088,0.025402815933812366,0.9439263033660539,0.026748683398745053,0.003922197301388582
external_fixed_centers,20260727T131327Z-stats-ceb-full-no-refit-v1__stats-ce--f8ea0a3d067d--no_refit__stats_ceb_multiregion_count__query_id-124,1.5,1,0.5633982219418613,0.801174112958886,0.7058164312670638,0.09535768169182215,0.801174112958886,0.08711017945577915,0.016358025893512693
external_fixed_centers,20260727T131357Z-stats-ceb-full-no-refit-v1__stats-ce--8c4afd677aa9--no_refit__stats_ceb_multiregion_count__query_id-125,1.5,3,0.7709551764358493,0.3785354846123359,0.02109424148139799,0.3574412431309379,0.059202445625112086,0.2048208266316142,0.3785354846123359
external_fixed_centers,20260727T131430Z-stats-ceb-full-no-refit-v1__stats-ce--25359a07acac--no_refit__stats_ceb_multiregion_count__query_id-127,1.5,0,0.6932790729020244,0.38641971407475256,0.03867579085879791,0.38641971407475256,0.06273080457708574,0.34774392321595465,0.20310555813220704
external_fixed_centers,20260727T131445Z-stats-ceb-full-no-refit-v1__stats-ce--8a66e3514ef9--no_refit__stats_ceb_multiregion_count__query_id-128,1.5,0,0.6931946754199851,0.3864638669425957,0.038820747223713314,0.3864638669425957,0.06271377633641083,0.3476431197188824,0.2031792370021111
external_fixed_centers,20260727T131500Z-stats-ceb-full-no-refit-v1__stats-ce--0b203d14eb3f--no_refit__stats_ceb_multiregion_count__query_id-129,1.5,1,0.2546715435009764,0.9857178669361994,0.9773512061207357,0.005100098631140452,0.9857178669361994,0.008366660815463809,0.0008153736171963097
external_fixed_centers,20260727T131521Z-stats-ceb-full-no-refit-v1__stats-ce--2315e0472c88--no_refit__stats_ceb_multiregion_count__query_id-130,1.5,3,0.770955248269745,0.3785354301899901,0.02109419028121634,0.35744123990877374,0.05920245900424894,0.20482087089698717,0.3785354301899901
external_fixed_centers,20260727T131605Z-stats-ceb-full-no-refit-v1__stats-ce--521a6a556a0f--no_refit__stats_ceb_multiregion_count__query_id-131,1.5,3,0.7709552794041242,0.3785354066021736,0.021094168089961562,0.35744123851221205,0.05920246480305852,0.20482089008255583,0.3785354066021736
external_fixed_centers,20260727T131659Z-stats-ceb-full-no-refit-v1__stats-ce--8a1a9579cea7--no_refit__stats_ceb_multiregion_count__query_id-133,1.5,1,0.8535947031153088,0.5821502040965066,0.37705107326328635,0.20509913083322032,0.5821502040965066,0.16273335977584416,0.05001730529442892
external_fixed_centers,20260727T131741Z-stats-ceb-full-no-refit-v1__stats-ce--90f8401b547e--no_refit__stats_ceb_multiregion_count__query_id-134,1.5,3,0.7709552561424216,0.37853542422554554,0.0210941846699077,0.35744123955563784,0.059202460470542916,0.20482087574827376,0.37853542422554554
external_fixed_centers,20260727T131825Z-stats-ceb-full-no-refit-v1__stats-ce--f9de1e665444--no_refit__stats_ceb_multiregion_count__query_id-136,1.5,3,0.7709553042127743,0.3785353878068203,0.021094150407425905,0.3574412373993944,0.05920246942369441,0.2048209053700909,0.3785353878068203
external_fixed_centers,20260727T131940Z-stats-ceb-full-no-refit-v1__stats-ce--c2c0f5e0d091--no_refit__stats_ceb_multiregion_count__query_id-137,1.5,3,0.770955188869228,0.37853547519263364,0.021094232619403186,0.35744124257323046,0.059202447940841764,0.20482083429329423,0.37853547519263364
external_fixed_centers,20260727T132012Z-stats-ceb-full-no-refit-v1__stats-ce--e848245a93b8--no_refit__stats_ceb_multiregion_count__query_id-138,1.5,1,0.22573129534692216,0.9926463813460379,0.9882384637912885,0.002487631223101937,0.9926463813460379,0.0044079175547493896,0.00045806987611075216
external_fixed_centers,20260727T132037Z-stats-ceb-full-no-refit-v1__stats-ce--df5c5c659377--no_refit__stats_ceb_multiregion_count__query_id-139,1.5,1,0.3228939638073641,0.9651634252599908,0.9461667027871563,0.013625083451650005,0.9651634252599908,0.018996722472834467,0.0022147688155248198
external_fixed_centers,20260727T132200Z-stats-ceb-full-no-refit-v1__stats-ce--15cc6ad9a739--no_refit__stats_ceb_multiregion_count__query_id-140,1.5,3,0.770955323318254,0.37853537333226667,0.021094136789869766,0.3574412365423969,0.059202472982109025,0.20482091714322745,0.37853537333226667
external_fixed_centers,20260727T132401Z-stats-ceb-full-no-refit-v1__stats-ce--a82d36999fed--no_refit__stats_ceb_multiregion_count__query_id-141,1.5,1,0.6939243380547766,0.699989002100804,0.564162921067757,0.13582608103304694,0.699989002100804,0.13128744819849492,0.032897468667654244
external_fixed_centers,20260727T132906Z-stats-ceb-full-no-refit-v1__stats-ce--f6c5964c7097--no_refit__stats_ceb_multiregion_count__query_id-142,1.5,3,0.7709553237936579,0.37853537297209466,0.021094136451022594,0.35744123652107207,0.059202473070653495,0.2048209174361798,0.37853537297209466
external_fixed_centers,20260727T133119Z-stats-ceb-full-no-refit-v1__stats-ce--7289a6252abd--no_refit__stats_ceb_multiregion_count__query_id-143,1.5,3,0.7709553114698722,0.3785353823087505,0.02109414523488118,0.3574412370738693,0.05920247077533612,0.20482090984204412,0.3785353823087505
external_fixed_centers,20260727T133249Z-stats-ceb-full-no-refit-v1__stats-ce--38b46bc207e5--no_refit__stats_ceb_multiregion_count__query_id-144,1.5,1,0.37622562611598487,0.9441562304815764,0.9168991295038361,0.024746904461880454,0.9441562304815764,0.027257100977740267,0.003839764078802975
external_fixed_centers,20260727T133321Z-stats-ceb-full-no-refit-v1__stats-ce--884fb2f9b52f--no_refit__stats_ceb_multiregion_count__query_id-145,1.5,0,0.6863837982880869,0.4047115805623196,0.08011375602609372,0.4047115805623196,0.0607708444390722,0.3245978245362259,0.20991975046238237
external_fixed_centers,20260727T133337Z-stats-ceb-full-no-refit-v1__stats-ce--5eec9cca207b--no_refit__stats_ceb_multiregion_count__query_id-146,1.5,1,0.3165741289851012,0.9676675453411121,0.950596270360793,0.013236384639782934,0.9676675453411121,0.017071274980319105,0.0020247950387858034
external_fixed_centers,20260727T115549Z-stats-ceb-full-no-refit-v1__stats-ce--6ad9e47ac3c4--l_no_refit__stats_ceb_multiregion_count__query_id-1,1.7,2,0.34017859185800753,0.7522118850936712,0.5970678270600454,0.15514405803362588,0.07653707075313464,0.7522118850936712,0.016106986119568352
external_fixed_centers,20260727T115605Z-stats-ceb-full-no-refit-v1__stats-ce--efd1bcfe46ec--l_no_refit__stats_ceb_multiregion_count__query_id-2,1.7,2,0.698545747668276,0.3511146301001584,0.016672497189106072,0.33444213291105235,0.10075981220054633,0.3511146301001584,0.21368342478824287
external_fixed_centers,20260727T115622Z-stats-ceb-full-no-refit-v1__stats-ce--bac3f3236be8--l_no_refit__stats_ceb_multiregion_count__query_id-3,1.7,3,0.770955172550222,0.34837318273515866,0.013979844205460279,0.3343933385296984,0.09257567532246071,0.22465780341268227,0.34837318273515866
external_fixed_centers,20260727T115653Z-stats-ceb-full-no-refit-v1__stats-ce--191e461955c5--l_no_refit__stats_ceb_multiregion_count__query_id-4,1.7,3,0.7709551796580545,0.34837317879207774,0.01397984086239612,0.3343933379296816,0.09257567669397898,0.22465780658426163,0.34837317879207774
external_fixed_centers,20260727T115724Z-stats-ceb-full-no-refit-v1__stats-ce--359439826350--l_no_refit__stats_ceb_multiregion_count__query_id-5,1.7,3,0.7709551333008591,0.3483732045088094,0.013979862665827958,0.3343933418429814,0.0925756677489535,0.2246577858992557,0.3483732045088094
external_fixed_centers,20260727T115756Z-stats-ceb-full-no-refit-v1__stats-ce--dd2302266d0c--l_no_refit__stats_ceb_multiregion_count__query_id-6,1.7,2,0.6969980875590067,0.3512294370148863,0.016897869441321378,0.3343315675735649,0.10043392286204356,0.3512294370148863,0.21400507254950524
external_fixed_centers,20260727T115811Z-stats-ceb-full-no-refit-v1__stats-ce--1a7eeba369e7--l_no_refit__stats_ceb_multiregion_count__query_id-7,1.7,3,0.7709551980897722,0.3483731685670561,0.013979832193311614,0.33439333637374447,0.09257568025053954,0.22465781480866,0.3483731685670561
external_fixed_centers,20260727T115842Z-stats-ceb-full-no-refit-v1__stats-ce--f8f54b110303--l_no_refit__stats_ceb_multiregion_count__query_id-8,1.7,3,0.7709550948790137,0.3483732258234043,0.01397988073699813,0.33439334508640617,0.09257566033512238,0.22465776875506713,0.3483732258234043
external_fixed_centers,20260727T115914Z-stats-ceb-full-no-refit-v1__stats-ce--12174756d103--l_no_refit__stats_ceb_multiregion_count__query_id-9,1.7,1,0.40274361347193194,0.8085744704902972,0.7225876568947273,0.08495989001058624,0.8085744704902972,0.08598681359556988,0.020478825903546584
external_fixed_centers,20260727T115933Z-stats-ceb-full-no-refit-v1__stats-ce--d73e9910fa0f--_no_refit__stats_ceb_multiregion_count__query_id-10,1.7,3,0.7709551817940207,0.3483731776071473,0.01397983985777601,0.3343933377493713,0.09257567710613225,0.22465780753734904,0.3483731776071473
external_fixed_centers,20260727T120003Z-stats-ceb-full-no-refit-v1__stats-ce--4c6ad677a93d--_no_refit__stats_ceb_multiregion_count__query_id-11,1.7,3,0.7709551353679739,0.3483732033620736,0.013979861693590168,0.33439334166848345,0.0925756681478214,0.22465778682162157,0.3483732033620736
external_fixed_centers,20260727T120036Z-stats-ceb-full-no-refit-v1__stats-ce--98dedb4548e0--_no_refit__stats_ceb_multiregion_count__query_id-12,1.7,1,0.5109477852787674,0.6622217117514129,0.491060095241207,0.17116161651020592,0.6622217117514129,0.13088748227505628,0.03572918946332477
external_fixed_centers,20260727T120054Z-stats-ceb-full-no-refit-v1__stats-ce--705b678c2f15--_no_refit__stats_ceb_multiregion_count__query_id-13,1.7,1,0.34785091875602336,0.8465155697249639,0.7611862470100001,0.05436469261783024,0.8465155697249639,0.08532932271496373,0.013790414942242143
external_fixed_centers,20260727T120111Z-stats-ceb-full-no-refit-v1__stats-ce--8634fbcdddb7--_no_refit__stats_ceb_multiregion_count__query_id-14,1.7,3,0.7709551909282791,0.3483731725399042,0.01397983556161303,0.33439333697829116,0.09257567886866704,0.22465781161313755,0.3483731725399042
external_fixed_centers,20260727T120143Z-stats-ceb-full-no-refit-v1__stats-ce--fa1db4e3efb6--_no_refit__stats_ceb_multiregion_count__query_id-15,1.7,2,0.7026507522004452,0.34661323300408114,0.00834644624433839,0.33826678675974275,0.1002344814999432,0.34661323300408114,0.21488549873623294
external_fixed_centers,20260727T120200Z-stats-ceb-full-no-refit-v1__stats-ce--eb48bb0b100d--_no_refit__stats_ceb_multiregion_count__query_id-16,1.7,0,0.6875181505193854,0.36523150340692107,0.05318689248972425,0.36523150340692107,0.09452461583655981,0.3120446109171968,0.22819926983932226
external_fixed_centers,20260727T120215Z-stats-ceb-full-no-refit-v1__stats-ce--e61d25524c7c--_no_refit__stats_ceb_multiregion_count__query_id-17,1.7,1,0.1790924722270059,0.9789531247215116,0.9673748586586376,0.0073306575042150265,0.9789531247215116,0.011578266062874008,0.0021379517113992354
external_fixed_centers,20260727T120234Z-stats-ceb-full-no-refit-v1__stats-ce--b1b6578c060b--_no_refit__stats_ceb_multiregion_count__query_id-18,1.7,1,0.3288031304751917,0.8873660562797945,0.8207571951374525,0.03495068666183187,0.8873660562797945,0.06660886114234198,0.011074395916031637
external_fixed_centers,20260727T120253Z-stats-ceb-full-no-refit-v1__stats-ce--6fb8a6573a07--_no_refit__stats_ceb_multiregion_count__query_id-19,1.7,2,0.33324858006697633,0.7676217151896579,0.6243429171874543,0.14327879800220364,0.07378877540785453,0.7676217151896579,0.015310711400283835
external_fixed_centers,20260727T120309Z-stats-ceb-full-no-refit-v1__stats-ce--f90b8fa6e1c6--_no_refit__stats_ceb_multiregion_count__query_id-20,1.7,2,0.6747403975999325,0.44983786154972577,0.2004395633245707,0.24939829822515508,0.12574378105497488,0.44983786154972577,0.17502005917014432
external_fixed_centers,20260727T120324Z-stats-ceb-full-no-refit-v1__stats-ce--06d3fdce2b76--_no_refit__stats_ceb_multiregion_count__query_id-21,1.7,2,0.7006004461975518,0.3490132981513703,0.012730644853548023,0.33628265329782225,0.10054190640476843,0.3490132981513703,0.21416214214603915
external_fixed_centers,20260727T120339Z-stats-ceb-full-no-refit-v1__stats-ce--9fd2158832f7--_no_refit__stats_ceb_multiregion_count__query_id-22,1.7,3,0.770955190542465,0.3483731727539352,0.013979835743074931,0.33439333701086027,0.09257567879422084,0.22465781144098382,0.3483731727539352
external_fixed_centers,20260727T120410Z-stats-ceb-full-no-refit-v1__stats-ce--5818fe568b14--_no_refit__stats_ceb_multiregion_count__query_id-23,1.7,2,0.39991615859356305,0.51151657952394,0.11078673806462341,0.4007298414593166,0.06895696494588006,0.51151657952394,0.01879661407086329
external_fixed_centers,20260727T120426Z-stats-ceb-full-no-refit-v1__stats-ce--d2a47dcf4b80--_no_refit__stats_ceb_multiregion_count__query_id-24,1.7,0,0.6804073283089458,0.36513278311119035,0.0534896681931355,0.36513278311119035,0.09292414508049573,0.31164311491805485,0.230299956890259
external_fixed_centers,20260727T120441Z-stats-ceb-full-no-refit-v1__stats-ce--b92de91365e3--_no_refit__stats_ceb_multiregion_count__query_id-25,1.7,1,0.32104400349018475,0.8917144312401665,0.8297180608644092,0.0356926451033451,0.8917144312401665,0.06199637037575724,0.010596553280731202
external_fixed_centers,20260727T120458Z-stats-ceb-full-no-refit-v1__stats-ce--009fabcba823--_no_refit__stats_ceb_multiregion_count__query_id-26,1.7,1,0.15303084928467117,0.9843791946986332,0.9754969729067209,0.005312648760856194,0.9843791946986332,0.00888222179191231,0.001425934748598243
external_fixed_centers,20260727T120517Z-stats-ceb-full-no-refit-v1__stats-ce--b78595f21206--_no_refit__stats_ceb_multiregion_count__query_id-27,1.7,3,0.7709552486157579,0.34837314053770607,0.013979808429180451,0.3343933321085256,0.09257568999996801,0.22465783735380032,0.34837314053770607
external_fixed_centers,20260727T120558Z-stats-ceb-full-no-refit-v1__stats-ce--a1744d5d9f76--_no_refit__stats_ceb_multiregion_count__query_id-28,1.7,1,0.22065806635489757,0.9644223988880714,0.9452983183262588,0.0126630463530907,0.9644223988880714,0.019124080561812556,0.00379047419702531
external_fixed_centers,20260727T120625Z-stats-ceb-full-no-refit-v1__stats-ce--3e12a9896a01--_no_refit__stats_ceb_multiregion_count__query_id-29,1.7,2,0.6994200410924432,0.35116808521643333,0.01671487725376042,0.3344532079626729,0.1009668634482108,0.35116808521643333,0.21341184337268299
external_fixed_centers,20260727T120640Z-stats-ceb-full-no-refit-v1__stats-ce--f42e44dd24b6--_no_refit__stats_ceb_multiregion_count__query_id-31,1.7,1,0.19883404645519365,0.9654369720863117,0.9469291393359146,0.012949923512705542,0.9654369720863117,0.018507832750397184,0.003105271650585537
external_fixed_centers,20260727T120704Z-stats-ceb-full-no-refit-v1__stats-ce--4123fef53a01--_no_refit__stats_ceb_multiregion_count__query_id-32,1.7,3,0.7709551942976546,0.3483731706707384,0.01397983397687741,0.334393336693861,0.09257567951881739,0.22465781311658317,0.3483731706707384
external_fixed_centers,20260727T120747Z-stats-ceb-full-no-refit-v1__stats-ce--4cfa0890dc63--_no_refit__stats_ceb_multiregion_count__query_id-33,1.7,1,0.720854550414443,0.5173027840975221,0.28775867434416325,0.22954410975335884,0.5173027840975221,0.18571308557317293,0.06744002057594621
external_fixed_centers,20260727T120823Z-stats-ceb-full-no-refit-v1__stats-ce--940213eb07bd--_no_refit__stats_ceb_multiregion_count__query_id-35,1.7,3,0.7709551840214992,0.34837317637145027,0.013979838810114331,0.33439333756133593,0.09257567753594366,0.22465780853127013,0.34837317637145027
external_fixed_centers,20260727T120856Z-stats-ceb-full-no-refit-v1__stats-ce--01b8759d412a--_no_refit__stats_ceb_multiregion_count__query_id-36,1.7,3,0.7709551897451445,0.3483731731962499,0.0139798361180829,0.334393337078167,0.09257567864037093,0.22465781108521227,0.3483731731962499
external_fixed_centers,20260727T120928Z-stats-ceb-full-no-refit-v1__stats-ce--baa21348fcba--_no_refit__stats_ceb_multiregion_count__query_id-37,1.7,1,0.36609393052999956,0.8486237992995246,0.7660829757839308,0.053290169231987816,0.8486237992995246,0.08254082351559375,0.015545207952893846
external_fixed_centers,20260727T120952Z-stats-ceb-full-no-refit-v1__stats-ce--3dea5d36442c--_no_refit__stats_ceb_multiregion_count__query_id-38,1.7,3,0.7709552697818179,0.34837312879581506,0.013979798474052063,0.334393330321763,0.09257569408414305,0.22465784679827888,0.34837312879581506
external_fixed_centers,20260727T121049Z-stats-ceb-full-no-refit-v1__stats-ce--9c378f93220d--_no_refit__stats_ceb_multiregion_count__query_id-39,1.7,3,0.7709552009329858,0.34837316698977944,0.013979830856048536,0.3343933361337309,0.09257568079916234,0.22465781607732732,0.34837316698977944
external_fixed_centers,20260727T121121Z-stats-ceb-full-no-refit-v1__stats-ce--a42d2ecd145a--_no_refit__stats_ceb_multiregion_count__query_id-40,1.7,3,0.770955185323541,0.3483731756491407,0.013979838197718308,0.3343933374514224,0.092575677787184,0.224657809112253,0.3483731756491407
external_fixed_centers,20260727T121153Z-stats-ceb-full-no-refit-v1__stats-ce--61f8bf4ebb18--_no_refit__stats_ceb_multiregion_count__query_id-41,1.7,3,0.7709551675584464,0.34837318550435403,0.013979846553268727,0.3343933389510853,0.09257567435925408,0.22465780118530662,0.34837318550435403
external_fixed_centers,20260727T121224Z-stats-ceb-full-no-refit-v1__stats-ce--2365ef160cc8--_no_refit__stats_ceb_multiregion_count__query_id-42,1.7,1,0.43050524327524503,0.8152692785012441,0.7260092990696576,0.07363567562714453,0.8152692785012441,0.08925997943158646,0.021835066440024926
external_fixed_centers,20260727T121246Z-stats-ceb-full-no-refit-v1__stats-ce--bef3f74020aa--_no_refit__stats_ceb_multiregion_count__query_id-43,1.7,3,0.7709552184072741,0.34837315729589574,0.013979822637279926,0.3343933346586158,0.09257568417097838,0.2246578238745101,0.34837315729589574
external_fixed_centers,20260727T121320Z-stats-ceb-full-no-refit-v1__stats-ce--06c758499697--_no_refit__stats_ceb_multiregion_count__query_id-44,1.7,3,0.770955187932594,0.3483731742017647,0.01397983697058891,0.3343933372311758,0.09257567829062346,0.22465781027643586,0.3483731742017647
external_fixed_centers,20260727T121351Z-stats-ceb-full-no-refit-v1__stats-ce--016037691c34--_no_refit__stats_ceb_multiregion_count__query_id-46,1.7,0,0.6931945457449347,0.35313707907930747,0.025718262027466743,0.35313707907930747,0.0963471442714944,0.3274188170518407,0.22309695959735729
external_fixed_centers,20260727T121406Z-stats-ceb-full-no-refit-v1__stats-ce--0990036f0917--_no_refit__stats_ceb_multiregion_count__query_id-47,1.7,3,0.7709553090786933,0.34837310699584656,0.013979779991386276,0.3343933270044603,0.09257570166681586,0.2246578643328772,0.34837310699584656
external_fixed_centers,20260727T121526Z-stats-ceb-full-no-refit-v1__stats-ce--ed7ed30f4959--_no_refit__stats_ceb_multiregion_count__query_id-48,1.7,1,0.3967282840136066,0.7948534602251753,0.6827283178538138,0.07409711473867482,0.7948534602251753,0.11212514237136152,0.018924282664788388
external_fixed_centers,20260727T121542Z-stats-ceb-full-no-refit-v1__stats-ce--c6f3d13743a0--_no_refit__stats_ceb_multiregion_count__query_id-49,1.7,3,0.7709553018618487,0.3483731109993952,0.013979783385714373,0.33439332761368085,0.09257570027426322,0.2246578611126607,0.3483731109993952
external_fixed_centers,20260727T121648Z-stats-ceb-full-no-refit-v1__stats-ce--816d4588344d--_no_refit__stats_ceb_multiregion_count__query_id-50,1.7,3,0.770955253470466,0.34837313784455204,0.013979806145843376,0.33439333169870866,0.09257569093672609,0.22465783952001317,0.34837313784455204
external_fixed_centers,20260727T121730Z-stats-ceb-full-no-refit-v1__stats-ce--4cbe11eb13e9--_no_refit__stats_ceb_multiregion_count__query_id-51,1.7,3,0.770955280119405,0.34837312306103047,0.01397979361192958,0.3343933294491009,0.09257569607887016,0.2246578514109985,0.34837312306103047
external_fixed_centers,20260727T121825Z-stats-ceb-full-no-refit-v1__stats-ce--20faaaceabc6--_no_refit__stats_ceb_multiregion_count__query_id-52,1.7,3,0.7709552979561768,0.34837311316606906,0.01397978522268517,0.3343933279433839,0.09257569952062995,0.22465785936991706,0.34837311316606906
external_fixed_centers,20260727T121931Z-stats-ceb-full-no-refit-v1__stats-ce--6bd8e852fe89--_no_refit__stats_ceb_multiregion_count__query_id-53,1.7,1,0.20214540524980643,0.9715483781315204,0.9559262161507981,0.009877743763837892,0.9715483781315204,0.015622161980722315,0.0029517161239194884
external_fixed_centers,20260727T121949Z-stats-ceb-full-no-refit-v1__stats-ce--65af180658cd--_no_refit__stats_ceb_multiregion_count__query_id-54,1.7,3,0.7709552567778506,0.3483731360097774,0.013979804590266154,0.3343933314195112,0.09257569157491467,0.22465784099579675,0.3483731360097774
external_fixed_centers,20260727T122034Z-stats-ceb-full-no-refit-v1__stats-ce--99eb8577f8f9--_no_refit__stats_ceb_multiregion_count__query_id-55,1.7,1,0.2970644530655616,0.9104474586959571,0.8677268483856598,0.03746739371579204,0.9104474586959571,0.04272061031029724,0.009364537277953621
external_fixed_centers,20260727T122053Z-stats-ceb-full-no-refit-v1__stats-ce--0f5ee8601132--_no_refit__stats_ceb_multiregion_count__query_id-56,1.7,1,0.19601217499151627,0.9727471007908478,0.9578872818883015,0.009608185392217408,0.9727471007908478,0.014859818902546307,0.002784894914388385
external_fixed_centers,20260727T122119Z-stats-ceb-full-no-refit-v1__stats-ce--56d71e5fa919--_no_refit__stats_ceb_multiregion_count__query_id-57,1.7,1,0.730509975707371,0.5983674505331985,0.40765175718389646,0.14708917948291195,0.5983674505331985,0.19071569334930202,0.0638276766345876
external_fixed_centers,20260727T122159Z-stats-ceb-full-no-refit-v1__stats-ce--9f26aa4328b9--_no_refit__stats_ceb_multiregion_count__query_id-59,1.7,3,0.7709553085530995,0.34837310728742,0.013979780238590866,0.3343933270488291,0.09257570156539799,0.22465786409835287,0.34837310728742
external_fixed_centers,20260727T122319Z-stats-ceb-full-no-refit-v1__stats-ce--27ab191ab1e8--_no_refit__stats_ceb_multiregion_count__query_id-60,1.7,1,0.2370732428435913,0.9528789118776062,0.9289749684507407,0.018298077378646856,0.9528789118776062,0.023903943426865526,0.004919067316881344
external_fixed_centers,20260727T122344Z-stats-ceb-full-no-refit-v1__stats-ce--012a0caf9bdf--_no_refit__stats_ceb_multiregion_count__query_id-61,1.7,3,0.7709551852254027,0.3483731757035831,0.01397983824387622,0.3343933374597069,0.09257567776824735,0.22465780906846272,0.3483731757035831
external_fixed_centers,20260727T122417Z-stats-ceb-full-no-refit-v1__stats-ce--97a6df2a45af--_no_refit__stats_ceb_multiregion_count__query_id-62,1.7,1,0.7103387903862746,0.5598893769839202,0.36822782266104137,0.1846018191915393,0.5598893769839202,0.19166155432287882,0.06384724950166183
external_fixed_centers,20260727T122500Z-stats-ceb-full-no-refit-v1__stats-ce--3ebe0da05cca--_no_refit__stats_ceb_multiregion_count__query_id-63,1.7,3,0.770955158811127,0.3483731903569437,0.01397985066744245,0.33439333968950125,0.09257567267138246,0.22465779728217275,0.3483731903569437
external_fixed_centers,20260727T122532Z-stats-ceb-full-no-refit-v1__stats-ce--9cf952e26959--_no_refit__stats_ceb_multiregion_count__query_id-64,1.7,3,0.7709551943545072,0.3483731706391994,0.013979833950137632,0.3343933366890618,0.09257567952978761,0.22465781314195124,0.3483731706391994
external_fixed_centers,20260727T122603Z-stats-ceb-full-no-refit-v1__stats-ce--e6562b44f063--_no_refit__stats_ceb_multiregion_count__query_id-65,1.7,3,0.7709551809826599,0.34837317805725093,0.013979840239387475,0.33439333781786346,0.09257567694957314,0.22465780717531258,0.34837317805725093
external_fixed_centers,20260727T122634Z-stats-ceb-full-no-refit-v1__stats-ce--3d80ab352f79--_no_refit__stats_ceb_multiregion_count__query_id-66,1.7,3,0.7709551792103219,0.34837317904045806,0.013979841072980503,0.33439333796747756,0.09257567660758505,0.22465780638447927,0.34837317904045806
external_fixed_centers,20260727T122705Z-stats-ceb-full-no-refit-v1__stats-ce--7d95b9ed334d--_no_refit__stats_ceb_multiregion_count__query_id-67,1.7,3,0.7709551511948295,0.3483731945820974,0.013979854249657142,0.3343933403324403,0.09257567120175136,0.22465779388371082,0.3483731945820974
external_fixed_centers,20260727T123251Z-stats-ceb-full-no-refit-v1__stats-ce--40fbf1047276--_no_refit__stats_ceb_multiregion_count__query_id-69,1.7,1,0.5986637829074215,0.695078291649609,0.5426670955408923,0.10973736902551257,0.695078291649609,0.1524111961087167,0.04277314321616173
external_fixed_centers,20260727T123639Z-stats-ceb-full-no-refit-v1__stats-ce--5d1f2f6ec31c--_no_refit__stats_ceb_multiregion_count__query_id-70,1.7,3,0.7709553028221562,0.348373110466664,0.01397978293404889,0.33439332753261514,0.09257570045956284,0.22465786154115802,0.348373110466664
external_fixed_centers,20260727T123753Z-stats-ceb-full-no-refit-v1__stats-ce--f5430f06326c--_no_refit__stats_ceb_multiregion_count__query_id-71,1.7,1,0.29399825343590713,0.9220256057718844,0.8821347220840993,0.029200154356710067,0.9220256057718844,0.03989088368778518,0.008883356183620298
external_fixed_centers,20260727T124046Z-stats-ceb-full-no-refit-v1__stats-ce--05356b09cf1c--_no_refit__stats_ceb_multiregion_count__query_id-72,1.7,1,0.5465523499463129,0.7066041745459534,0.5515321540410356,0.10287316570925165,0.7066041745459534,0.15507202050491772,0.03545063923987739
external_fixed_centers,20260727T124123Z-stats-ceb-full-no-refit-v1__stats-ce--ca588f50c6bf--_no_refit__stats_ceb_multiregion_count__query_id-73,1.7,1,0.5636116205535551,0.6980565754686691,0.5617625076438286,0.12541761297825546,0.6980565754686691,0.1362940678248405,0.04023174372823495
external_fixed_centers,20260727T124240Z-stats-ceb-full-no-refit-v1__stats-ce--390aaac352ae--_no_refit__stats_ceb_multiregion_count__query_id-74,1.7,1,0.37716536816976937,0.8447363859384324,0.7755253396550036,0.0692110462834288,0.8447363859384324,0.06830301379149524,0.017749553986643594
external_fixed_centers,20260727T124329Z-stats-ceb-full-no-refit-v1__stats-ce--72f3957fc57f--_no_refit__stats_ceb_multiregion_count__query_id-75,1.7,1,0.46130333614079533,0.7650963949323977,0.6601580382845739,0.10234529183560116,0.7650963949323977,0.10493835664782382,0.027619956584177516
external_fixed_centers,20260727T124408Z-stats-ceb-full-no-refit-v1__stats-ce--1cc84b23aa7c--_no_refit__stats_ceb_multiregion_count__query_id-76,1.7,2,0.6830199872132271,0.3870419078598444,0.08185887422037808,0.3051830336394663,0.10799264226250795,0.3870419078598444,0.19978241623818138
external_fixed_centers,20260727T124424Z-stats-ceb-full-no-refit-v1__stats-ce--eeb4621fdf19--_no_refit__stats_ceb_multiregion_count__query_id-77,1.7,0,0.6861867472053103,0.36519648326273724,0.05313477708976161,0.36519648326273724,0.09422156333922242,0.31206170617297563,0.22852024722506475
external_fixed_centers,20260727T124443Z-stats-ceb-full-no-refit-v1__stats-ce--447eaf57f536--_no_refit__stats_ceb_multiregion_count__query_id-78,1.7,1,0.48757009398237705,0.7108927992290377,0.5706070510716454,0.11714468645564649,0.7108927992290377,0.1402857481573923,0.03167676615792341
external_fixed_centers,20260727T124504Z-stats-ceb-full-no-refit-v1__stats-ce--13f9ab609c86--_no_refit__stats_ceb_multiregion_count__query_id-79,1.7,1,0.23813344485222995,0.9508500276625077,0.925941598570772,0.019173884157724516,0.9508500276625077,0.024908429091735722,0.005067659088032078
external_fixed_centers,20260727T124534Z-stats-ceb-full-no-refit-v1__stats-ce--32c1d4057729--_no_refit__stats_ceb_multiregion_count__query_id-80,1.7,3,0.7709551746482685,0.34837318157126407,0.013979843218675014,0.33439333835258905,0.09257567572729708,0.2246578043488497,0.34837318157126407
external_fixed_centers,20260727T124605Z-stats-ceb-full-no-refit-v1__stats-ce--ef81c83fd74c--_no_refit__stats_ceb_multiregion_count__query_id-81,1.7,3,0.7709551378347923,0.3483732019936015,0.01397986053335748,0.334393341460244,0.09257566862381553,0.22465778792233881,0.3483732019936015
external_fixed_centers,20260727T124637Z-stats-ceb-full-no-refit-v1__stats-ce--c4f2117cdeca--_no_refit__stats_ceb_multiregion_count__query_id-82,1.7,3,0.7709551781962096,0.3483731796030384,0.013979841549953242,0.33439333805308513,0.09257567641190328,0.2246578059319732,0.3483731796030384
external_fixed_centers,20260727T124708Z-stats-ceb-full-no-refit-v1__stats-ce--fd67457a2e36--_no_refit__stats_ceb_multiregion_count__query_id-83,1.7,1,0.5108080337684338,0.6602452274674309,0.48748409652941804,0.17276113093801282,0.6602452274674309,0.13113261442252463,0.0358610271720317
external_fixed_centers,20260727T124728Z-stats-ceb-full-no-refit-v1__stats-ce--348f5142df9f--_no_refit__stats_ceb_multiregion_count__query_id-84,1.7,3,0.7709551633888488,0.34837318781744486,0.01397984851437778,0.3343933393030671,0.09257567355469386,0.22465779932479416,0.34837318781744486
external_fixed_centers,20260727T124759Z-stats-ceb-full-no-refit-v1__stats-ce--fc3567017f16--_no_refit__stats_ceb_multiregion_count__query_id-85,1.7,1,0.35551600755608775,0.8410309673875416,0.7689504404283796,0.07208052695916203,0.8410309673875416,0.07096764087472585,0.015920864778570586
external_fixed_centers,20260727T124822Z-stats-ceb-full-no-refit-v1__stats-ce--984caf793334--_no_refit__stats_ceb_multiregion_count__query_id-86,1.7,0,0.6721272450682095,0.41194821595410996,0.15839041267712534,0.41194821595410996,0.08621307876292843,0.24828090200597697,0.25355780327698463
external_fixed_centers,20260727T124837Z-stats-ceb-full-no-refit-v1__stats-ce--3ad4fbb43134--_no_refit__stats_ceb_multiregion_count__query_id-87,1.7,1,0.19238258783575599,0.9714680130823493,0.9551969158515439,0.009597834223944295,0.9714680130823493,0.016271097230805477,0.002663055462900878
external_fixed_centers,20260727T124854Z-stats-ceb-full-no-refit-v1__stats-ce--3971c61af94f--_no_refit__stats_ceb_multiregion_count__query_id-88,1.7,2,0.7026507583494618,0.3466132965496203,0.00834655624418601,0.3382667403054343,0.10023450193373504,0.3466132965496203,0.21488546121121033
external_fixed_centers,20260727T124911Z-stats-ceb-full-no-refit-v1__stats-ce--2b40205a1d4d--_no_refit__stats_ceb_multiregion_count__query_id-90,1.7,1,0.40494798810431754,0.8065276257984745,0.7015625070737155,0.06890185212330747,0.8065276257984745,0.10496511872475894,0.019605403353459207
external_fixed_centers,20260727T124930Z-stats-ceb-full-no-refit-v1__stats-ce--057f0d8a3b25--_no_refit__stats_ceb_multiregion_count__query_id-91,1.7,1,0.15729559404020016,0.9837254827485057,0.9746358598474808,0.005634280707990149,0.9837254827485057,0.009089622901024849,0.001550613642479232
external_fixed_centers,20260727T124950Z-stats-ceb-full-no-refit-v1__stats-ce--689eb9dd8414--_no_refit__stats_ceb_multiregion_count__query_id-92,1.7,2,0.6821493138739119,0.3892735546293344,0.08597460962558856,0.3032989450037458,0.10845984538410684,0.3892735546293344,0.19896765498281282
external_fixed_centers,20260727T125006Z-stats-ceb-full-no-refit-v1__stats-ce--2ba6c6518311--_no_refit__stats_ceb_multiregion_count__query_id-93,1.7,1,0.7820509461463697,0.5726450591052259,0.3729260448410891,0.157220148590887,0.5726450591052259,0.1997190142641368,0.07041577803975027
external_fixed_centers,20260727T125059Z-stats-ceb-full-no-refit-v1__stats-ce--987611190541--_no_refit__stats_ceb_multiregion_count__query_id-94,1.7,1,0.1885222137284035,0.9764559499025552,0.9635883101108904,0.008236950752843109,0.9764559499025552,0.012867639791664817,0.002439459552936898
external_fixed_centers,20260727T125118Z-stats-ceb-full-no-refit-v1__stats-ce--fd3faaa10393--_no_refit__stats_ceb_multiregion_count__query_id-95,1.7,1,0.4032870718067288,0.8043846564263076,0.714020992212736,0.09036366421357167,0.8043846564263076,0.08417920541345586,0.0210724739466647
external_fixed_centers,20260727T125142Z-stats-ceb-full-no-refit-v1__stats-ce--852f591d0b8d--_no_refit__stats_ceb_multiregion_count__query_id-96,1.7,0,0.6894243704893497,0.3644452447659486,0.05103734720642217,0.3644452447659486,0.09497333163655064,0.3134078975595264,0.2271735260379744
external_fixed_centers,20260727T125158Z-stats-ceb-full-no-refit-v1__stats-ce--42450d7b2c45--_no_refit__stats_ceb_multiregion_count__query_id-97,1.7,3,0.770955252760182,0.3483731382385828,0.013979806479914536,0.33439333175866826,0.09257569079967061,0.2246578392030783,0.3483731382385828
external_fixed_centers,20260727T125243Z-stats-ceb-full-no-refit-v1__stats-ce--c7456aa7194e--_no_refit__stats_ceb_multiregion_count__query_id-98,1.7,1,0.5149977180064415,0.7291566388009393,0.6062546712996687,0.11442893218839932,0.7291566388009393,0.1229019675012706,0.03351246150939089
external_fixed_centers,20260727T125315Z-stats-ceb-full-no-refit-v1__stats-ce--892b0264a82c--_no_refit__stats_ceb_multiregion_count__query_id-99,1.7,1,0.5893981541608638,0.6920157770911063,0.5338050788429218,0.10830770810982254,0.6920157770911063,0.1582106982481844,0.041465816550886665
external_fixed_centers,20260727T125449Z-stats-ceb-full-no-refit-v1__stats-ce--64b7a3f53030--no_refit__stats_ceb_multiregion_count__query_id-100,1.7,2,0.6765495210866138,0.4069464381817102,0.11857136662187201,0.2883750715598382,0.11241528500658705,0.4069464381817102,0.19226320525186447
external_fixed_centers,20260727T125505Z-stats-ceb-full-no-refit-v1__stats-ce--380f8e37fae8--no_refit__stats_ceb_multiregion_count__query_id-101,1.7,2,0.6748198844238739,0.44981044162171985,0.20039614217721335,0.2494142994445065,0.12575946529150972,0.44981044162171985,0.1750157936422639
external_fixed_centers,20260727T125521Z-stats-ceb-full-no-refit-v1__stats-ce--f24af4e7f9c9--no_refit__stats_ceb_multiregion_count__query_id-102,1.7,1,0.4201681887900747,0.8091655266905794,0.7197162147021483,0.07927904434925347,0.8091655266905794,0.08944931198843113,0.022106116971735933
external_fixed_centers,20260727T125543Z-stats-ceb-full-no-refit-v1__stats-ce--ea7b4617c3ff--no_refit__stats_ceb_multiregion_count__query_id-103,1.7,3,0.7709552153303602,0.34837315900281746,0.013979824084459858,0.3343933349183576,0.09257568357726106,0.2246578225015639,0.34837315900281746
external_fixed_centers,20260727T130133Z-stats-ceb-full-no-refit-v1__stats-ce--84d00162b479--no_refit__stats_ceb_multiregion_count__query_id-107,1.7,3,0.7709553200905265,0.34837310088702655,0.013979774812146573,0.33439332607488,0.09257570379164445,0.22465786924644893,0.34837310088702655
external_fixed_centers,20260727T130341Z-stats-ceb-full-no-refit-v1__stats-ce--d1b347af3b71--no_refit__stats_ceb_multiregion_count__query_id-109,1.7,0,0.6744848062129213,0.3918395004262726,0.11470667782873784,0.3918395004262726,0.08952046240972163,0.27713282259753474,0.24150721456647095
external_fixed_centers,20260727T130356Z-stats-ceb-full-no-refit-v1__stats-ce--1abc04aa22a1--no_refit__stats_ceb_multiregion_count__query_id-110,1.7,1,0.7532001218775642,0.5564432957341834,0.36631461338999394,0.18463899263864939,0.5564432957341834,0.19012868234418948,0.06878902928297773
external_fixed_centers,20260727T130424Z-stats-ceb-full-no-refit-v1__stats-ce--3b5e49bb29a5--no_refit__stats_ceb_multiregion_count__query_id-111,1.7,1,0.38967501092345264,0.8182242584271286,0.7352255129690369,0.08299874545809173,0.8182242584271286,0.0793729156916466,0.019404080423132908
external_fixed_centers,20260727T130446Z-stats-ceb-full-no-refit-v1__stats-ce--e64c0470e55f--no_refit__stats_ceb_multiregion_count__query_id-112,1.7,1,0.5571217195555587,0.6561517092163521,0.49315021612808707,0.16300149308826506,0.6561517092163521,0.1390195807347039,0.041827216960678856
external_fixed_centers,20260727T130507Z-stats-ceb-full-no-refit-v1__stats-ce--3efb33ba5e98--no_refit__stats_ceb_multiregion_count__query_id-113,1.7,1,0.3796535605606258,0.8475484489728529,0.7792511667540316,0.06660890003571567,0.8475484489728529,0.06829728221882124,0.017545368772610256
external_fixed_centers,20260727T130916Z-stats-ceb-full-no-refit-v1__stats-ce--f9e8950598b1--no_refit__stats_ceb_multiregion_count__query_id-115,1.7,1,0.44424631522091174,0.7794761607364612,0.6784733333983992,0.10100282733806198,0.7794761607364612,0.09415824845581257,0.025362763469664262
external_fixed_centers,20260727T130948Z-stats-ceb-full-no-refit-v1__stats-ce--7067f463b57a--no_refit__stats_ceb_multiregion_count__query_id-116,1.7,3,0.7709551959014781,0.3483731697810152,0.013979833222542981,0.3343933365584722,0.09257567982828911,0.22465781383222355,0.3483731697810152
external_fixed_centers,20260727T131023Z-stats-ceb-full-no-refit-v1__stats-ce--bb01246ce148--no_refit__stats_ceb_multiregion_count__query_id-117,1.7,1,0.14612001253332862,0.9864864556819631,0.9787639873570686,0.004565102967477502,0.9864864556819631,0.007722468324894506,0.0012259730256647743
external_fixed_centers,20260727T131047Z-stats-ceb-full-no-refit-v1__stats-ce--3e4025774092--no_refit__stats_ceb_multiregion_count__query_id-118,1.7,2,0.6748034160382282,0.4498295125805062,0.20042391365777262,0.24940559892273356,0.12575807208521864,0.4498295125805062,0.1750068164115417
external_fixed_centers,20260727T131103Z-stats-ceb-full-no-refit-v1__stats-ce--a308b1d82662--no_refit__stats_ceb_multiregion_count__query_id-119,1.7,3,0.7709552011764069,0.34837316685474123,0.013979830741559063,0.33439333611318217,0.09257568084613257,0.22465781618594402,0.34837316685474123
external_fixed_centers,20260727T131136Z-stats-ceb-full-no-refit-v1__stats-ce--127cd0e50e0b--no_refit__stats_ceb_multiregion_count__query_id-121,1.7,3,0.7709551964754103,0.3483731694626255,0.013979832952602522,0.33439333651002295,0.09257567993903432,0.22465781408831728,0.3483731694626255
external_fixed_centers,20260727T131207Z-stats-ceb-full-no-refit-v1__stats-ce--c931fe3227bd--no_refit__stats_ceb_multiregion_count__query_id-123,1.7,1,0.3744211208914583,0.8518253190977592,0.7850068549450433,0.06439939851680511,0.8518253190977592,0.06681846415271586,0.01695681823271981
external_fixed_centers,20260727T131327Z-stats-ceb-full-no-refit-v1__stats-ce--f8ea0a3d067d--no_refit__stats_ceb_multiregion_count__query_id-124,1.7,1,0.5633982219418613,0.6730964037179336,0.5259288367210104,0.14716756699692307,0.6730964037179336,0.13795902851839564,0.04177700076674757
external_fixed_centers,20260727T131357Z-stats-ceb-full-no-refit-v1__stats-ce--8c4afd677aa9--no_refit__stats_ceb_multiregion_count__query_id-125,1.7,3,0.7709551764358493,0.34837318057960087,0.013979842377912666,0.3343933382016882,0.0925756760722264,0.22465780514648448,0.34837318057960087
external_fixed_centers,20260727T131430Z-stats-ceb-full-no-refit-v1__stats-ce--25359a07acac--no_refit__stats_ceb_multiregion_count__query_id-127,1.7,0,0.6932790729020244,0.35310822888821747,0.02562146701930179,0.35310822888821747,0.09636587184921108,0.3274867618689157,0.22303913739365572
external_fixed_centers,20260727T131445Z-stats-ceb-full-no-refit-v1__stats-ce--8a66e3514ef9--no_refit__stats_ceb_multiregion_count__query_id-128,1.7,0,0.6931946754199851,0.3531370078477155,0.025718093637845663,0.3531370078477155,0.09634717570434198,0.32741891420986985,0.2230969022380727
external_fixed_centers,20260727T131500Z-stats-ceb-full-no-refit-v1__stats-ce--0b203d14eb3f--no_refit__stats_ceb_multiregion_count__query_id-129,1.7,1,0.2546715435009764,0.940978666703788,0.9097789339849262,0.02190777695384581,0.940978666703788,0.031199732718861912,0.005913823623504179
external_fixed_centers,20260727T131521Z-stats-ceb-full-no-refit-v1__stats-ce--2315e0472c88--no_refit__stats_ceb_multiregion_count__query_id-130,1.7,3,0.770955248269745,0.348373140729657,0.013979808591922271,0.33439333213773476,0.0925756899332018,0.22465783719940635,0.348373140729657
external_fixed_centers,20260727T131605Z-stats-ceb-full-no-refit-v1__stats-ce--521a6a556a0f--no_refit__stats_ceb_multiregion_count__query_id-131,1.7,3,0.7709552794041242,0.34837312345783306,0.013979793948350694,0.33439332950948236,0.09257569594085058,0.22465785109183414,0.34837312345783306
external_fixed_centers,20260727T131659Z-stats-ceb-full-no-refit-v1__stats-ce--8a1a9579cea7--no_refit__stats_ceb_multiregion_count__query_id-133,1.7,1,0.8535947031153088,0.4877488289057554,0.2562366058510839,0.2315122230546715,0.4877488289057554,0.19624442731659875,0.08449452072297442
external_fixed_centers,20260727T131741Z-stats-ceb-full-no-refit-v1__stats-ce--90f8401b547e--no_refit__stats_ceb_multiregion_count__query_id-134,1.7,3,0.7709552561424216,0.3483731363622822,0.013979804889130365,0.3343933314731518,0.09257569145230311,0.22465784071226283,0.3483731363622822
external_fixed_centers,20260727T131825Z-stats-ceb-full-no-refit-v1__stats-ce--f9de1e665444--no_refit__stats_ceb_multiregion_count__query_id-136,1.7,3,0.7709553042127743,0.3483731096952179,0.013979782279993802,0.3343933274152241,0.09257570072789463,0.2246578621616634,0.3483731096952179
external_fixed_centers,20260727T131940Z-stats-ceb-full-no-refit-v1__stats-ce--c2c0f5e0d091--no_refit__stats_ceb_multiregion_count__query_id-137,1.7,3,0.770955188869228,0.3483731736821658,0.013979836530057188,0.3343933371521086,0.0925756784713552,0.2246578106943704,0.3483731736821658
external_fixed_centers,20260727T132012Z-stats-ceb-full-no-refit-v1__stats-ce--e848245a93b8--no_refit__stats_ceb_multiregion_count__query_id-138,1.7,1,0.22573129534692216,0.9625677540482959,0.9424754138707062,0.013352667922603603,0.9625677540482959,0.0200923401775896,0.003987237851510978
external_fixed_centers,20260727T132037Z-stats-ceb-full-no-refit-v1__stats-ce--df5c5c659377--no_refit__stats_ceb_multiregion_count__query_id-139,1.7,1,0.3228939638073641,0.8919227278138805,0.8379950910013181,0.04253160201350786,0.8919227278138805,0.053927636812562456,0.011618033360049138
external_fixed_centers,20260727T132200Z-stats-ceb-full-no-refit-v1__stats-ce--15cc6ad9a739--no_refit__stats_ceb_multiregion_count__query_id-140,1.7,3,0.770955323318254,0.34837309909644326,0.013979773294036768,0.3343933258024065,0.0925757044144624,0.22465787068668766,0.34837309909644326
external_fixed_centers,20260727T132401Z-stats-ceb-full-no-refit-v1__stats-ce--a82d36999fed--no_refit__stats_ceb_multiregion_count__query_id-141,1.7,1,0.6939243380547766,0.5796646716278794,0.39997288449375934,0.17969178713412,0.5796646716278794,0.17538215300673327,0.06526138823126723
external_fixed_centers,20260727T132906Z-stats-ceb-full-no-refit-v1__stats-ce--f6c5964c7097--no_refit__stats_ceb_multiregion_count__query_id-142,1.7,3,0.7709553237936579,0.3483730988327128,0.013979773070438184,0.3343933257622746,0.09257570450619573,0.22465787089881686,0.3483730988327128
external_fixed_centers,20260727T133119Z-stats-ceb-full-no-refit-v1__stats-ce--7289a6252abd--no_refit__stats_ceb_multiregion_count__query_id-143,1.7,3,0.7709553114698722,0.3483731056693388,0.01397977886673335,0.3343933268026055,0.09257570212821453,0.22465786539984123,0.3483731056693388
external_fixed_centers,20260727T133249Z-stats-ceb-full-no-refit-v1__stats-ce--38b46bc207e5--no_refit__stats_ceb_multiregion_count__query_id-144,1.7,1,0.37622562611598487,0.8523098130948389,0.7845598950447552,0.06323218891495044,0.8523098130948389,0.06774991805008364,0.01670807994012697
external_fixed_centers,20260727T133321Z-stats-ceb-full-no-refit-v1__stats-ce--884fb2f9b52f--no_refit__stats_ceb_multiregion_count__query_id-145,1.7,0,0.6863837982880869,0.3652250376833079,0.05324130343116151,0.3652250376833079,0.09427178136713764,0.31198373425214637,0.22851944669740792
external_fixed_centers,20260727T133337Z-stats-ceb-full-no-refit-v1__stats-ce--5eec9cca207b--no_refit__stats_ceb_multiregion_count__query_id-146,1.7,1,0.3165741289851012,0.8970756080110666,0.8469156153635982,0.041824555715430686,0.8970756080110666,0.05015999264746843,0.010939843626034323
external_fixed_centers,20260727T115549Z-stats-ceb-full-no-refit-v1__stats-ce--6ad9e47ac3c4--l_no_refit__stats_ceb_multiregion_count__query_id-1,2.0,2,0.34017859185800753,0.6246133620590735,0.4177480180561407,0.20686534400293274,0.12614888685703138,0.6246133620590735,0.04237240708096241
external_fixed_centers,20260727T115605Z-stats-ceb-full-no-refit-v1__stats-ce--efd1bcfe46ec--l_no_refit__stats_ceb_multiregion_count__query_id-2,2.0,2,0.698545747668276,0.3236020931679706,0.010834489154212312,0.3127676040137583,0.13505112882291304,0.3236020931679706,0.2285791739953581
external_fixed_centers,20260727T115622Z-stats-ceb-full-no-refit-v1__stats-ce--bac3f3236be8--l_no_refit__stats_ceb_multiregion_count__query_id-3,2.0,3,0.770955172550222,0.32228987004752496,0.009108668471460302,0.31318120157606466,0.12745684856809994,0.23707207980831038,0.32228987004752496
external_fixed_centers,20260727T115653Z-stats-ceb-full-no-refit-v1__stats-ce--191e461955c5--l_no_refit__stats_ceb_multiregion_count__query_id-4,2.0,3,0.7709551796580545,0.32228986726271264,0.009108666304792346,0.3131812009579203,0.1274568497984223,0.2370720819809448,0.32228986726271264
external_fixed_centers,20260727T115724Z-stats-ceb-full-no-refit-v1__stats-ce--359439826350--l_no_refit__stats_ceb_multiregion_count__query_id-5,2.0,3,0.7709551333008591,0.32228988542522885,0.00910868043577917,0.3131812049894497,0.1274568417742748,0.2370720678110467,0.32228988542522885
external_fixed_centers,20260727T115756Z-stats-ceb-full-no-refit-v1__stats-ce--dd2302266d0c--l_no_refit__stats_ceb_multiregion_count__query_id-6,2.0,2,0.6969980875590067,0.3236966900517656,0.010981633212274022,0.3127150568394916,0.13475376917260604,0.3236966900517656,0.2288344839361367
external_fixed_centers,20260727T115811Z-stats-ceb-full-no-refit-v1__stats-ce--1a7eeba369e7--l_no_refit__stats_ceb_multiregion_count__query_id-7,2.0,3,0.7709551980897722,0.3222898600412613,0.009108660686285963,0.31318119935497535,0.12745685298883985,0.23707208761492346,0.3222898600412613
external_fixed_centers,20260727T115842Z-stats-ceb-full-no-refit-v1__stats-ce--f8f54b110303--l_no_refit__stats_ceb_multiregion_count__query_id-8,2.0,3,0.7709550948790137,0.3222899004787231,0.009108692147855979,0.3131812083308671,0.12745683512368722,0.2370720560667226,0.3222899004787231
external_fixed_centers,20260727T115914Z-stats-ceb-full-no-refit-v1__stats-ce--12174756d103--l_no_refit__stats_ceb_multiregion_count__query_id-9,2.0,1,0.40274361347193194,0.6706181932002807,0.5309255250048419,0.13852273980454693,0.6706181932002807,0.13969266819543882,0.05116639879973345
external_fixed_centers,20260727T115933Z-stats-ceb-full-no-refit-v1__stats-ce--d73e9910fa0f--_no_refit__stats_ceb_multiregion_count__query_id-10,2.0,3,0.7709551817940207,0.3222898664258521,0.009108665653689674,0.31318120077216244,0.12745685016814498,0.23707208263384044,0.3222898664258521
external_fixed_centers,20260727T120003Z-stats-ceb-full-no-refit-v1__stats-ce--4c6ad677a93d--_no_refit__stats_ceb_multiregion_count__query_id-11,2.0,3,0.7709551353679739,0.3222898846153434,0.009108679805663766,0.31318120480967965,0.12745684213207978,0.2370720684428972,0.3222898846153434
external_fixed_centers,20260727T120036Z-stats-ceb-full-no-refit-v1__stats-ce--98dedb4548e0--_no_refit__stats_ceb_multiregion_count__query_id-12,2.0,1,0.5109477852787674,0.5438125860517337,0.33288599707216016,0.21092658897957353,0.5438125860517337,0.17481373163220534,0.07044709333648749
external_fixed_centers,20260727T120054Z-stats-ceb-full-no-refit-v1__stats-ce--705b678c2f15--_no_refit__stats_ceb_multiregion_count__query_id-13,2.0,1,0.34785091875602336,0.7127532329372032,0.5697441770391519,0.10430775215479689,0.7127532329372032,0.1430090558980512,0.03992995900994881
external_fixed_centers,20260727T120111Z-stats-ceb-full-no-refit-v1__stats-ce--8634fbcdddb7--_no_refit__stats_ceb_multiregion_count__query_id-14,2.0,3,0.7709551909282791,0.3222898628470969,0.009108662869310336,0.31318119997778654,0.12745685174922924,0.23707208542588737,0.3222898628470969
external_fixed_centers,20260727T120143Z-stats-ceb-full-no-refit-v1__stats-ce--fa1db4e3efb6--_no_refit__stats_ceb_multiregion_count__query_id-15,2.0,2,0.7026507522004452,0.3206937271430446,0.005425344879649796,0.3152683822633948,0.13455841765314852,0.3206937271430446,0.22947947294041196
external_fixed_centers,20260727T120200Z-stats-ceb-full-no-refit-v1__stats-ce--eb48bb0b100d--_no_refit__stats_ceb_multiregion_count__query_id-16,2.0,0,0.6875181505193854,0.33295674903161615,0.03473333242577625,0.33295674903161615,0.12926218877194065,0.2982234166058399,0.23955764559060327
external_fixed_centers,20260727T120215Z-stats-ceb-full-no-refit-v1__stats-ce--e61d25524c7c--_no_refit__stats_ceb_multiregion_count__query_id-17,2.0,1,0.1790924722270059,0.9165816041189472,0.8755434066919114,0.02980148183773547,0.9165816041189472,0.041038197427035746,0.012578716616281732
external_fixed_centers,20260727T120234Z-stats-ceb-full-no-refit-v1__stats-ce--b1b6578c060b--_no_refit__stats_ceb_multiregion_count__query_id-18,2.0,1,0.3288031304751917,0.761237290926031,0.6369803972332907,0.07911650346121454,0.761237290926031,0.12425689369274028,0.03538931192001415
external_fixed_centers,20260727T120253Z-stats-ceb-full-no-refit-v1__stats-ce--6fb8a6573a07--_no_refit__stats_ceb_multiregion_count__query_id-19,2.0,2,0.33324858006697633,0.6379718796162775,0.4409448496819822,0.19702702993429536,0.12382024872168103,0.6379718796162775,0.04118084172774601
external_fixed_centers,20260727T120309Z-stats-ceb-full-no-refit-v1__stats-ce--f90b8fa6e1c6--_no_refit__stats_ceb_multiregion_count__query_id-20,2.0,2,0.6747403975999325,0.3864115307011802,0.13070824220965221,0.25570328849152796,0.15832570625429948,0.3864115307011802,0.19955947455299233
external_fixed_centers,20260727T120324Z-stats-ceb-full-no-refit-v1__stats-ce--06d3fdce2b76--_no_refit__stats_ceb_multiregion_count__query_id-21,2.0,2,0.7006004461975518,0.32224493795292053,0.008273713081621337,0.3139712248712992,0.13484650742175996,0.32224493795292053,0.22893732975402037
external_fixed_centers,20260727T120339Z-stats-ceb-full-no-refit-v1__stats-ce--9fd2158832f7--_no_refit__stats_ceb_multiregion_count__query_id-22,2.0,3,0.770955190542465,0.32228986299825685,0.009108662986917315,0.31318120001133953,0.12745685168244716,0.23707208530795645,0.32228986299825685
external_fixed_centers,20260727T120410Z-stats-ceb-full-no-refit-v1__stats-ce--5818fe568b14--_no_refit__stats_ceb_multiregion_count__query_id-23,2.0,2,0.39991615859356305,0.4570666002981921,0.07178890652340292,0.3852776937747892,0.11240415967898408,0.4570666002981921,0.04525154624803455
external_fixed_centers,20260727T120426Z-stats-ceb-full-no-refit-v1__stats-ce--d2a47dcf4b80--_no_refit__stats_ceb_multiregion_count__query_id-24,2.0,0,0.6804073283089458,0.3330023307268957,0.0349503793308219,0.3330023307268957,0.1277678821044152,0.2980519513960738,0.2411778357726152
external_fixed_centers,20260727T120441Z-stats-ceb-full-no-refit-v1__stats-ce--b92de91365e3--_no_refit__stats_ceb_multiregion_count__query_id-25,2.0,1,0.32104400349018475,0.7664389332820185,0.6478686422006181,0.08056095664913256,0.7664389332820185,0.11857029108140038,0.03442981898744852
external_fixed_centers,20260727T120458Z-stats-ceb-full-no-refit-v1__stats-ce--009fabcba823--_no_refit__stats_ceb_multiregion_count__query_id-26,2.0,1,0.15303084928467117,0.931796973759532,0.897276819579874,0.024089366004006442,0.931796973759532,0.03452015417965793,0.009593506056803676
external_fixed_centers,20260727T120517Z-stats-ceb-full-no-refit-v1__stats-ce--b78595f21206--_no_refit__stats_ceb_multiregion_count__query_id-27,2.0,3,0.7709552486157579,0.32228984024545115,0.009108645284553185,0.31318119496089797,0.1274568617345781,0.2370721030590728,0.32228984024545115
external_fixed_centers,20260727T120558Z-stats-ceb-full-no-refit-v1__stats-ce--a1744d5d9f76--_no_refit__stats_ceb_multiregion_count__query_id-28,2.0,1,0.22065806635489757,0.8824848166785632,0.8257530203206732,0.042510565061225844,0.8824848166785632,0.05673179635788991,0.018272821902321185
external_fixed_centers,20260727T120625Z-stats-ceb-full-no-refit-v1__stats-ce--3e12a9896a01--_no_refit__stats_ceb_multiregion_count__query_id-29,2.0,2,0.6994200410924432,0.3236260483017087,0.010861371416750698,0.312764676884958,0.13524092983776095,0.3236260483017087,0.2283683449755723
external_fixed_centers,20260727T120640Z-stats-ceb-full-no-refit-v1__stats-ce--f42e44dd24b6--_no_refit__stats_ceb_multiregion_count__query_id-31,2.0,1,0.19883404645519365,0.8852101470223708,0.8296339876299558,0.043283929137727876,0.8852101470223708,0.055576159392414955,0.015929764447486353
external_fixed_centers,20260727T120704Z-stats-ceb-full-no-refit-v1__stats-ce--4123fef53a01--_no_refit__stats_ceb_multiregion_count__query_id-32,2.0,3,0.7709551942976546,0.3222898615269931,0.00910866184222997,0.31318119968476316,0.1274568523324475,0.23707208645579617,0.3222898615269931
external_fixed_centers,20260727T120747Z-stats-ceb-full-no-refit-v1__stats-ce--4cfa0890dc63--_no_refit__stats_ceb_multiregion_count__query_id-33,2.0,1,0.720854550414443,0.4358033044745067,0.18904291047678554,0.24676039399772118,0.4358033044745067,0.21274477465771952,0.10469152687005255
external_fixed_centers,20260727T120823Z-stats-ceb-full-no-refit-v1__stats-ce--940213eb07bd--_no_refit__stats_ceb_multiregion_count__query_id-35,2.0,3,0.7709551840214992,0.32228986555313743,0.009108664974691372,0.31318120057844606,0.12745685055370787,0.23707208331470853,0.32228986555313743
external_fixed_centers,20260727T120856Z-stats-ceb-full-no-refit-v1__stats-ce--01b8759d412a--_no_refit__stats_ceb_multiregion_count__query_id-36,2.0,3,0.7709551897451445,0.32228986331064285,0.009108663229963121,0.31318120008067973,0.1274568515444359,0.2370720850642414,0.32228986331064285
external_fixed_centers,20260727T120928Z-stats-ceb-full-no-refit-v1__stats-ce--baa21348fcba--_no_refit__stats_ceb_multiregion_count__query_id-37,2.0,1,0.36609393052999956,0.713995871154379,0.5742743794568362,0.10286035643596905,0.713995871154379,0.13972149169754278,0.04342228071210918
external_fixed_centers,20260727T120952Z-stats-ceb-full-no-refit-v1__stats-ce--3dea5d36442c--_no_refit__stats_ceb_multiregion_count__query_id-38,2.0,3,0.7709552697818179,0.3222898319527062,0.009108638832550864,0.31318119312015535,0.1274568653982929,0.23707210952884547,0.3222898319527062
external_fixed_centers,20260727T121049Z-stats-ceb-full-no-refit-v1__stats-ce--9c378f93220d--_no_refit__stats_ceb_multiregion_count__query_id-39,2.0,3,0.7709552009329858,0.3222898589273051,0.009108659819594522,0.3131811991077106,0.1274568534809827,0.2370720884840016,0.3222898589273051
external_fixed_centers,20260727T121121Z-stats-ceb-full-no-refit-v1__stats-ce--a42d2ecd145a--_no_refit__stats_ceb_multiregion_count__query_id-40,2.0,3,0.770955185323541,0.3222898650430042,0.009108664577792358,0.31318120046521186,0.12745685077908336,0.23707208371270055,0.3222898650430042
external_fixed_centers,20260727T121153Z-stats-ceb-full-no-refit-v1__stats-ce--61f8bf4ebb18--_no_refit__stats_ceb_multiregion_count__query_id-41,2.0,3,0.7709551675584464,0.3222898720032773,0.00910866999309462,0.3131812020101827,0.1274568477040541,0.23707207828248605,0.3222898720032773
external_fixed_centers,20260727T121224Z-stats-ceb-full-no-refit-v1__stats-ce--2365ef160cc8--_no_refit__stats_ceb_multiregion_count__query_id-42,2.0,1,0.43050524327524503,0.6767107466207335,0.5328467678991986,0.12573439965327413,0.6767107466207335,0.1438639787215349,0.053690875004457565
external_fixed_centers,20260727T121246Z-stats-ceb-full-no-refit-v1__stats-ce--bef3f74020aa--_no_refit__stats_ceb_multiregion_count__query_id-43,2.0,3,0.7709552184072741,0.32228985208097144,0.009108654492941626,0.3131811975880298,0.12745685650567493,0.23707209382532368,0.32228985208097144
external_fixed_centers,20260727T121320Z-stats-ceb-full-no-refit-v1__stats-ce--06c758499697--_no_refit__stats_ceb_multiregion_count__query_id-44,2.0,3,0.770955187932594,0.3222898640207908,0.009108663782479487,0.3131812002383113,0.12745685123069447,0.23707208451020348,0.3222898640207908
external_fixed_centers,20260727T121351Z-stats-ceb-full-no-refit-v1__stats-ce--016037691c34--_no_refit__stats_ceb_multiregion_count__query_id-46,2.0,0,0.6931945457449347,0.3250596246678628,0.016758400075047197,0.3250596246678628,0.13094529485343326,0.3083012245928156,0.2356938558858884
external_fixed_centers,20260727T121406Z-stats-ceb-full-no-refit-v1__stats-ce--0990036f0917--_no_refit__stats_ceb_multiregion_count__query_id-47,2.0,3,0.7709553090786933,0.3222898165564144,0.009108626853779778,0.31318118970263464,0.1274568722003399,0.23707212154061102,0.3222898165564144
external_fixed_centers,20260727T121526Z-stats-ceb-full-no-refit-v1__stats-ce--ed7ed30f4959--_no_refit__stats_ceb_multiregion_count__query_id-48,2.0,1,0.3967282840136066,0.6592467292295179,0.49189155641555793,0.1252298739639596,0.6592467292295179,0.16735517281395992,0.048168223992562605
external_fixed_centers,20260727T121542Z-stats-ceb-full-no-refit-v1__stats-ce--c6f3d13743a0--_no_refit__stats_ceb_multiregion_count__query_id-49,2.0,3,0.7709553018618487,0.3222898193839324,0.009108629053672324,0.3131811903302601,0.12745687095114863,0.2370721193346588,0.3222898193839324
external_fixed_centers,20260727T121648Z-stats-ceb-full-no-refit-v1__stats-ce--816d4588344d--_no_refit__stats_ceb_multiregion_count__query_id-50,2.0,3,0.770955253470466,0.3222898383434032,0.00910864380470322,0.31318119453869997,0.12745686257489822,0.2370721045429985,0.3222898383434032
external_fixed_centers,20260727T121730Z-stats-ceb-full-no-refit-v1__stats-ce--4cbe11eb13e9--_no_refit__stats_ceb_multiregion_count__query_id-51,2.0,3,0.770955280119405,0.32228982790249777,0.009108635681368382,0.3131811922211294,0.1274568671876656,0.23707211268870726,0.32228982790249777
external_fixed_centers,20260727T121825Z-stats-ceb-full-no-refit-v1__stats-ce--20faaaceabc6--_no_refit__stats_ceb_multiregion_count__query_id-52,2.0,3,0.7709552979561768,0.3222898209141522,0.009108630244228533,0.31318119066992367,0.12745687027510091,0.23707211814082327,0.3222898209141522
external_fixed_centers,20260727T121931Z-stats-ceb-full-no-refit-v1__stats-ce--6bd8e852fe89--_no_refit__stats_ceb_multiregion_count__query_id-53,2.0,1,0.20214540524980643,0.8984087233926916,0.84853547523337,0.03618339286855496,0.8984087233926916,0.049873248159321606,0.015534635579431907
external_fixed_centers,20260727T121949Z-stats-ceb-full-no-refit-v1__stats-ce--65af180658cd--_no_refit__stats_ceb_multiregion_count__query_id-54,2.0,3,0.7709552567778506,0.32228983704758823,0.009108642796520572,0.31318119425106766,0.12745686314738613,0.23707210555395788,0.32228983704758823
external_fixed_centers,20260727T122034Z-stats-ceb-full-no-refit-v1__stats-ce--99eb8577f8f9--_no_refit__stats_ceb_multiregion_count__query_id-55,2.0,1,0.2970644530655616,0.790353992890216,0.6975023817342992,0.08470336598790812,0.790353992890216,0.09285161115591674,0.032091029965959084
external_fixed_centers,20260727T122053Z-stats-ceb-full-no-refit-v1__stats-ce--0f5ee8601132--_no_refit__stats_ceb_multiregion_count__query_id-56,2.0,1,0.19601217499151627,0.9012163601223518,0.8529506647918442,0.03556952515357277,0.9012163601223518,0.04826569533050765,0.014948419393567681
external_fixed_centers,20260727T122119Z-stats-ceb-full-no-refit-v1__stats-ce--56d71e5fa919--_no_refit__stats_ceb_multiregion_count__query_id-57,2.0,1,0.730509975707371,0.4920332601884736,0.27103574536092967,0.18425674544625714,0.4920332601884736,0.2209975148275439,0.10271247953772536
external_fixed_centers,20260727T122159Z-stats-ceb-full-no-refit-v1__stats-ce--9f26aa4328b9--_no_refit__stats_ceb_multiregion_count__query_id-59,2.0,3,0.7709553085530995,0.322289816762339,0.009108627013995119,0.31318118974834386,0.12745687210936285,0.23707212137995423,0.322289816762339
external_fixed_centers,20260727T122319Z-stats-ceb-full-no-refit-v1__stats-ce--27ab191ab1e8--_no_refit__stats_ceb_multiregion_count__query_id-60,2.0,1,0.2370732428435913,0.8593232271447384,0.7941965626048484,0.054014949154689934,0.8593232271447384,0.06512666453988998,0.021535159160681685
external_fixed_centers,20260727T122344Z-stats-ceb-full-no-refit-v1__stats-ce--012a0caf9bdf--_no_refit__stats_ceb_multiregion_count__query_id-61,2.0,3,0.7709551852254027,0.32228986508145435,0.009108664607707706,0.31318120047374665,0.12745685076209623,0.2370720836827028,0.32228986508145435
external_fixed_centers,20260727T122417Z-stats-ceb-full-no-refit-v1__stats-ce--97a6df2a45af--_no_refit__stats_ceb_multiregion_count__query_id-62,2.0,1,0.7103387903862746,0.4649331532771334,0.24540336395635245,0.21383763378918308,0.4649331532771334,0.21952978932078096,0.10169942361290246
external_fixed_centers,20260727T122500Z-stats-ceb-full-no-refit-v1__stats-ce--3ebe0da05cca--_no_refit__stats_ceb_multiregion_count__query_id-63,2.0,3,0.770955158811127,0.3222898754304327,0.00910867265952503,0.31318120277090766,0.12745684618994652,0.23707207560871307,0.3222898754304327
external_fixed_centers,20260727T122532Z-stats-ceb-full-no-refit-v1__stats-ce--9cf952e26959--_no_refit__stats_ceb_multiregion_count__query_id-64,2.0,3,0.7709551943545072,0.32228986150471856,0.009108661824899666,0.3131811996798189,0.12745685234228835,0.23707208647317407,0.32228986150471856
external_fixed_centers,20260727T122603Z-stats-ceb-full-no-refit-v1__stats-ce--e6562b44f063--_no_refit__stats_ceb_multiregion_count__query_id-65,2.0,3,0.7709551809826599,0.32228986674373905,0.009108665901015223,0.31318120084272383,0.1274568500277034,0.23707208238583377,0.32228986674373905
external_fixed_centers,20260727T122634Z-stats-ceb-full-no-refit-v1__stats-ce--3d80ab352f79--_no_refit__stats_ceb_multiregion_count__query_id-66,2.0,3,0.7709551792103219,0.322289867438132,0.009108666441273894,0.3131812009968581,0.1274568497209225,0.2370720818440874,0.322289867438132
external_fixed_centers,20260727T122705Z-stats-ceb-full-no-refit-v1__stats-ce--7d95b9ed334d--_no_refit__stats_ceb_multiregion_count__query_id-67,2.0,3,0.7709551511948295,0.3222898784144599,0.009108674981188447,0.31318120343327144,0.1274568448716119,0.23707207328065677,0.3222898784144599
external_fixed_centers,20260727T123251Z-stats-ceb-full-no-refit-v1__stats-ce--40fbf1047276--_no_refit__stats_ceb_multiregion_count__query_id-69,2.0,1,0.5986637829074215,0.5674065293551929,0.37125914031332924,0.15585434063099696,0.5674065293551929,0.19614738904186363,0.08059174097194657
external_fixed_centers,20260727T123639Z-stats-ceb-full-no-refit-v1__stats-ce--5d1f2f6ec31c--_no_refit__stats_ceb_multiregion_count__query_id-70,2.0,3,0.7709553028221562,0.32228981900768944,0.009108628760944149,0.3131811902467453,0.1274568711173719,0.23707211962819327,0.32228981900768944
external_fixed_centers,20260727T123753Z-stats-ceb-full-no-refit-v1__stats-ce--f5430f06326c--_no_refit__stats_ceb_multiregion_count__query_id-71,2.0,1,0.29399825343590713,0.807105022735692,0.7175228642561627,0.07200780383238646,0.807105022735692,0.08958215847952919,0.03130501495239227
external_fixed_centers,20260727T124046Z-stats-ceb-full-no-refit-v1__stats-ce--05356b09cf1c--_no_refit__stats_ceb_multiregion_count__query_id-72,2.0,1,0.5465523499463129,0.5785210177722232,0.3784108231999399,0.15014375584789594,0.5785210177722232,0.20011019457228332,0.07122503180759768
external_fixed_centers,20260727T124123Z-stats-ceb-full-no-refit-v1__stats-ce--ca588f50c6bf--_no_refit__stats_ceb_multiregion_count__query_id-73,2.0,1,0.5636116205535551,0.5697733284406691,0.38817470690002653,0.17132851537632954,0.5697733284406691,0.18159862154064257,0.07729953464235881
external_fixed_centers,20260727T124240Z-stats-ceb-full-no-refit-v1__stats-ce--390aaac352ae--_no_refit__stats_ceb_multiregion_count__query_id-74,2.0,1,0.37716536816976937,0.7079926941145408,0.5851224487518292,0.12287024536271157,0.7079926941145408,0.12173959204220042,0.04739746848054717
external_fixed_centers,20260727T124329Z-stats-ceb-full-no-refit-v1__stats-ce--72f3957fc57f--_no_refit__stats_ceb_multiregion_count__query_id-75,2.0,1,0.46130333614079533,0.6284204871324008,0.4719966240037239,0.15370802212296822,0.6284204871324008,0.15642386312867698,0.061447627615953924
external_fixed_centers,20260727T124408Z-stats-ceb-full-no-refit-v1__stats-ce--1cc84b23aa7c--_no_refit__stats_ceb_multiregion_count__query_id-76,2.0,2,0.6830199872132271,0.3465700906831467,0.05310749419758676,0.29346259648555995,0.14181964788797,0.3465700906831467,0.21814766494332347
external_fixed_centers,20260727T124424Z-stats-ceb-full-no-refit-v1__stats-ce--eeb4621fdf19--_no_refit__stats_ceb_multiregion_count__query_id-77,2.0,0,0.6861867472053103,0.3329561528834047,0.034701814779728,0.3329561528834047,0.1289803788491452,0.2982543381036767,0.23980913016377345
external_fixed_centers,20260727T124443Z-stats-ceb-full-no-refit-v1__stats-ce--447eaf57f536--_no_refit__stats_ceb_multiregion_count__query_id-78,2.0,1,0.48757009398237705,0.5822591885624626,0.395293050675905,0.16480078884259827,0.5822591885624626,0.18696613788655764,0.06597388470838152
external_fixed_centers,20260727T124504Z-stats-ceb-full-no-refit-v1__stats-ce--13f9ab609c86--_no_refit__stats_ceb_multiregion_count__query_id-79,2.0,1,0.23813344485222995,0.8555839484725128,0.7887454555531923,0.05565206468215501,0.8555839484725128,0.06683849291932054,0.02192549392601145
external_fixed_centers,20260727T124534Z-stats-ceb-full-no-refit-v1__stats-ce--32c1d4057729--_no_refit__stats_ceb_multiregion_count__query_id-80,2.0,3,0.7709551746482685,0.3222898692255211,0.009108667831916495,0.3131812013936046,0.12745684893125897,0.23707208044961534,0.3222898692255211
external_fixed_centers,20260727T124605Z-stats-ceb-full-no-refit-v1__stats-ce--ef81c83fd74c--_no_refit__stats_ceb_multiregion_count__query_id-81,2.0,3,0.7709551378347923,0.32228988364885613,0.00910867905370738,0.31318120459514875,0.12745684255907097,0.2370720691969241,0.32228988364885613
external_fixed_centers,20260727T124637Z-stats-ceb-full-no-refit-v1__stats-ce--c4f2117cdeca--_no_refit__stats_ceb_multiregion_count__query_id-82,2.0,3,0.7709551781962096,0.322289867835456,0.009108666750403949,0.31318120108505204,0.12745684954538591,0.23707208153410614,0.322289867835456
external_fixed_centers,20260727T124708Z-stats-ceb-full-no-refit-v1__stats-ce--fd67457a2e36--_no_refit__stats_ceb_multiregion_count__query_id-83,2.0,1,0.5108080337684338,0.5423222365009699,0.33015615799199494,0.21216607850897498,0.5423222365009699,0.17492876354760345,0.07058292144245161
external_fixed_centers,20260727T124728Z-stats-ceb-full-no-refit-v1__stats-ce--348f5142df9f--_no_refit__stats_ceb_multiregion_count__query_id-84,2.0,3,0.7709551633888488,0.3222898736369044,0.009108671264105805,0.3131812023727986,0.12745684698232224,0.23707207700797486,0.3222898736369044
external_fixed_centers,20260727T124759Z-stats-ceb-full-no-refit-v1__stats-ce--fc3567017f16--_no_refit__stats_ceb_multiregion_count__query_id-85,2.0,1,0.35551600755608775,0.7049709836501067,0.5787081830555537,0.126262800594553,0.7049709836501067,0.12489501627574559,0.04387119947959463
external_fixed_centers,20260727T124822Z-stats-ceb-full-no-refit-v1__stats-ce--984caf793334--_no_refit__stats_ceb_multiregion_count__query_id-86,2.0,0,0.6721272450682095,0.3638835685985749,0.10480798023946958,0.3638835685985749,0.12175135824687885,0.255289484795441,0.2590755883591053
external_fixed_centers,20260727T124837Z-stats-ceb-full-no-refit-v1__stats-ce--3ad4fbb43134--_no_refit__stats_ceb_multiregion_count__query_id-87,2.0,1,0.19238258783575599,0.8987263236064492,0.847390646254638,0.035477154526148864,0.8987263236064492,0.051335677351811236,0.014460844515590694
external_fixed_centers,20260727T124854Z-stats-ceb-full-no-refit-v1__stats-ce--3971c61af94f--_no_refit__stats_ceb_multiregion_count__query_id-88,2.0,2,0.7026507583494618,0.3206937676576354,0.005425416331508115,0.3152683513261273,0.1345584365859566,0.3206937676576354,0.2294794444302807
external_fixed_centers,20260727T124911Z-stats-ceb-full-no-refit-v1__stats-ce--2b40205a1d4d--_no_refit__stats_ceb_multiregion_count__query_id-90,2.0,1,0.40494798810431754,0.6698933204423407,0.5091608296050113,0.11971092905771429,0.6698933204423407,0.16073249083732943,0.049663259662615485
external_fixed_centers,20260727T124930Z-stats-ceb-full-no-refit-v1__stats-ce--057f0d8a3b25--_no_refit__stats_ceb_multiregion_count__query_id-91,2.0,1,0.15729559404020016,0.9297639579225693,0.8947417866164418,0.025058086146836304,0.9297639579225693,0.03502217130612752,0.01015578462446695
external_fixed_centers,20260727T124950Z-stats-ceb-full-no-refit-v1__stats-ce--689eb9dd8414--_no_refit__stats_ceb_multiregion_count__query_id-92,2.0,2,0.6821493138739119,0.3479905608065283,0.055778146086638225,0.29221241471989007,0.14225820353255636,0.3479905608065283,0.21753882094102528
external_fixed_centers,20260727T125006Z-stats-ceb-full-no-refit-v1__stats-ce--2ba6c6518311--_no_refit__stats_ceb_multiregion_count__query_id-93,2.0,1,0.7820509461463697,0.4731298447487415,0.24679361818157425,0.19143274335321464,0.4731298447487415,0.22633622656716723,0.1091011853308766
external_fixed_centers,20260727T125059Z-stats-ceb-full-no-refit-v1__stats-ce--987611190541--_no_refit__stats_ceb_multiregion_count__query_id-94,2.0,1,0.1885222137284035,0.910155667729159,0.8662006919425757,0.032165873320414505,0.910155667729159,0.04395497578658334,0.013723483163843312
external_fixed_centers,20260727T125118Z-stats-ceb-full-no-refit-v1__stats-ce--fd3faaa10393--_no_refit__stats_ceb_multiregion_count__query_id-95,2.0,1,0.4032870718067288,0.6664195493093223,0.5221685710082198,0.1442509783011025,0.6664195493093223,0.13726710027848274,0.05206237211109233
external_fixed_centers,20260727T125142Z-stats-ceb-full-no-refit-v1__stats-ce--852f591d0b8d--_no_refit__stats_ceb_multiregion_count__query_id-96,2.0,0,0.6894243704893497,0.3324267560014022,0.033317174503935176,0.3324267560014022,0.12968045964805644,0.299109581497467,0.2387832028530744
external_fixed_centers,20260727T125158Z-stats-ceb-full-no-refit-v1__stats-ce--42450d7b2c45--_no_refit__stats_ceb_multiregion_count__query_id-97,2.0,3,0.770955252760182,0.32228983862168864,0.009108644021217582,0.31318119460047106,0.12745686245195242,0.23707210432588793,0.32228983862168864
external_fixed_centers,20260727T125243Z-stats-ceb-full-no-refit-v1__stats-ce--c7456aa7194e--_no_refit__stats_ceb_multiregion_count__query_id-98,2.0,1,0.5149977180064415,0.5963495032475632,0.4248679286745515,0.16311780529939657,0.5963495032475632,0.1714815745730117,0.06905111688002857
external_fixed_centers,20260727T125315Z-stats-ceb-full-no-refit-v1__stats-ce--892b0264a82c--_no_refit__stats_ceb_multiregion_count__query_id-99,2.0,1,0.5893981541608638,0.565492665690526,0.36420791570073274,0.15438579394739887,0.565492665690526,0.2012847499897933,0.07883679037228186
external_fixed_centers,20260727T125449Z-stats-ceb-full-no-refit-v1__stats-ce--64b7a3f53030--no_refit__stats_ceb_multiregion_count__query_id-100,2.0,2,0.6765495210866138,0.35922756441868414,0.07695804858983396,0.2822695158288502,0.14597259669634136,0.35922756441868414,0.21253032305612427
external_fixed_centers,20260727T125505Z-stats-ceb-full-no-refit-v1__stats-ce--380f8e37fae8--no_refit__stats_ceb_multiregion_count__query_id-101,2.0,2,0.6748198844238739,0.38639295055683875,0.13067956286919724,0.2557133876876415,0.15833867234094223,0.38639295055683875,0.19955498941457764
external_fixed_centers,20260727T125521Z-stats-ceb-full-no-refit-v1__stats-ce--f24af4e7f9c9--no_refit__stats_ceb_multiregion_count__query_id-102,2.0,1,0.4201681887900747,0.6706126241272822,0.5270803825487131,0.1319035392496656,0.6706126241272822,0.143532241578569,0.053951595044483255
external_fixed_centers,20260727T125543Z-stats-ceb-full-no-refit-v1__stats-ce--ea7b4617c3ff--no_refit__stats_ceb_multiregion_count__query_id-103,2.0,3,0.7709552153303602,0.32228985328648996,0.009108655430871138,0.3131811978556188,0.12745685597308,0.2370720928848112,0.32228985328648996
external_fixed_centers,20260727T130133Z-stats-ceb-full-no-refit-v1__stats-ce--84d00162b479--no_refit__stats_ceb_multiregion_count__query_id-107,2.0,3,0.7709553200905265,0.32228981224204234,0.009108623497071033,0.3131811887449713,0.12745687410642026,0.237072124906566,0.32228981224204234
external_fixed_centers,20260727T130341Z-stats-ceb-full-no-refit-v1__stats-ce--d1b347af3b71--no_refit__stats_ceb_multiregion_count__query_id-109,2.0,0,0.6744848062129213,0.3504931514632713,0.07545979932256142,0.3504931514632713,0.12469510588028829,0.2750333521407099,0.24977839051573056
external_fixed_centers,20260727T130356Z-stats-ceb-full-no-refit-v1__stats-ce--1abc04aa22a1--no_refit__stats_ceb_multiregion_count__query_id-110,2.0,1,0.7532001218775642,0.4618922264476692,0.24408145152317964,0.21338918695698658,0.4618922264476692,0.21781077492448955,0.10690781167085472
external_fixed_centers,20260727T130424Z-stats-ceb-full-no-refit-v1__stats-ce--3b5e49bb29a5--no_refit__stats_ceb_multiregion_count__query_id-111,2.0,1,0.38967501092345264,0.6804016679683584,0.5432804085817925,0.1371212593865659,0.6804016679683584,0.13290011525728354,0.04957695738779207
external_fixed_centers,20260727T130446Z-stats-ceb-full-no-refit-v1__stats-ce--e64c0470e55f--no_refit__stats_ceb_multiregion_count__query_id-112,2.0,1,0.5571217195555587,0.5375422573556862,0.33475356563030256,0.2027886917253836,0.5375422573556862,0.18141066181727497,0.0782583891016553
external_fixed_centers,20260727T130507Z-stats-ceb-full-no-refit-v1__stats-ce--3efb33ba5e98--no_refit__stats_ceb_multiregion_count__query_id-113,2.0,1,0.3796535605606258,0.7110586383743818,0.5890831294457253,0.1198568409202938,0.7110586383743818,0.12197550892865648,0.047109011776667924
external_fixed_centers,20260727T130916Z-stats-ceb-full-no-refit-v1__stats-ce--f9e8950598b1--no_refit__stats_ceb_multiregion_count__query_id-115,2.0,1,0.44424631522091174,0.641902564136838,0.48835582561668134,0.15354673852015666,0.641902564136838,0.14618674093477077,0.05836395640823448
external_fixed_centers,20260727T130948Z-stats-ceb-full-no-refit-v1__stats-ce--7067f463b57a--no_refit__stats_ceb_multiregion_count__query_id-116,2.0,3,0.7709551959014781,0.32228986089862355,0.009108661353339487,0.31318119954528406,0.12745685261005957,0.23707208694603302,0.32228986089862355
external_fixed_centers,20260727T131023Z-stats-ceb-full-no-refit-v1__stats-ce--bb01246ce148--no_refit__stats_ceb_multiregion_count__query_id-117,2.0,1,0.14612001253332862,0.9380838315785638,0.9066203225240564,0.021776760073011825,0.9380838315785638,0.031463509054507344,0.008675899293916989
external_fixed_centers,20260727T131047Z-stats-ceb-full-no-refit-v1__stats-ce--3e4025774092--no_refit__stats_ceb_multiregion_count__query_id-118,2.0,2,0.6748034160382282,0.38640564287219015,0.13069768884112437,0.2557079540310658,0.15833794635604773,0.38640564287219015,0.19954845674069627
external_fixed_centers,20260727T131103Z-stats-ceb-full-no-refit-v1__stats-ce--a308b1d82662--no_refit__stats_ceb_multiregion_count__query_id-119,2.0,3,0.7709552011764069,0.32228985883193406,0.009108659745392989,0.3131811990865411,0.12745685352311745,0.23707208855840753,0.32228985883193406
external_fixed_centers,20260727T131136Z-stats-ceb-full-no-refit-v1__stats-ce--127cd0e50e0b--no_refit__stats_ceb_multiregion_count__query_id-121,2.0,3,0.7709551964754103,0.32228986067375986,0.009108661178388822,0.31318119949537104,0.12745685270940368,0.23707208712146538,0.32228986067375986
external_fixed_centers,20260727T131207Z-stats-ceb-full-no-refit-v1__stats-ce--c931fe3227bd--no_refit__stats_ceb_multiregion_count__query_id-123,2.0,1,0.3744211208914583,0.7158979398464035,0.5953851130067459,0.11744188119402714,0.7158979398464035,0.12051282683965762,0.046147352119911854
external_fixed_centers,20260727T131327Z-stats-ceb-full-no-refit-v1__stats-ce--f8ea0a3d067d--no_refit__stats_ceb_multiregion_count__query_id-124,2.0,1,0.5633982219418613,0.5501682376151035,0.36036225287338763,0.18980598474171587,0.5501682376151035,0.18141221005395292,0.07861356758922776
external_fixed_centers,20260727T131357Z-stats-ceb-full-no-refit-v1__stats-ce--8c4afd677aa9--no_refit__stats_ceb_multiregion_count__query_id-125,2.0,3,0.7709551764358493,0.32228986852515606,0.009108667287011374,0.3131812012381447,0.1274568492406783,0.2370720809960209,0.32228986852515606
external_fixed_centers,20260727T131430Z-stats-ceb-full-no-refit-v1__stats-ce--25359a07acac--no_refit__stats_ceb_multiregion_count__query_id-127,2.0,0,0.6932790729020244,0.3250406296792288,0.01669500665675372,0.3250406296792288,0.1309629478682971,0.3083456230224751,0.23565079942999897
external_fixed_centers,20260727T131445Z-stats-ceb-full-no-refit-v1__stats-ce--8a66e3514ef9--no_refit__stats_ceb_multiregion_count__query_id-128,2.0,0,0.6931946754199851,0.3250595769409281,0.016758290043534074,0.3250595769409281,0.13094532402077394,0.308301286897394,0.23569381214090399
external_fixed_centers,20260727T131500Z-stats-ceb-full-no-refit-v1__stats-ce--0b203d14eb3f--no_refit__stats_ceb_multiregion_count__query_id-129,2.0,1,0.2546715435009764,0.838348701725142,0.7611118677315041,0.060302826581109026,0.838348701725142,0.07723683399363786,0.02411163770011124
external_fixed_centers,20260727T131521Z-stats-ceb-full-no-refit-v1__stats-ce--2315e0472c88--no_refit__stats_ceb_multiregion_count__query_id-130,2.0,3,0.770955248269745,0.3222898403810171,0.009108645390027537,0.31318119499098956,0.1274568616746854,0.23707210295330797,0.3222898403810171
external_fixed_centers,20260727T131605Z-stats-ceb-full-no-refit-v1__stats-ce--521a6a556a0f--no_refit__stats_ceb_multiregion_count__query_id-131,2.0,3,0.7709552794041242,0.32228982818274077,0.009108635899405748,0.313181192283335,0.12745686706385492,0.23707211247006935,0.32228982818274077
external_fixed_centers,20260727T131659Z-stats-ceb-full-no-refit-v1__stats-ce--8a1a9579cea7--no_refit__stats_ceb_multiregion_count__query_id-133,2.0,1,0.8535947031153088,0.4140115238545038,0.16827098138083868,0.2457405424736651,0.4140115238545038,0.21889366767791993,0.12135426599391116
external_fixed_centers,20260727T131741Z-stats-ceb-full-no-refit-v1__stats-ce--90f8401b547e--no_refit__stats_ceb_multiregion_count__query_id-134,2.0,3,0.7709552561424216,0.3222898372965458,0.009108642990216909,0.3131811943063289,0.1274568630373973,0.23707210535972809,0.3222898372965458
external_fixed_centers,20260727T131825Z-stats-ceb-full-no-refit-v1__stats-ce--f9de1e665444--no_refit__stats_ceb_multiregion_count__query_id-136,2.0,3,0.7709553042127743,0.3222898184628534,0.00910862833704551,0.31318119012580786,0.12745687135807932,0.2370721200532595,0.3222898184628534
external_fixed_centers,20260727T131940Z-stats-ceb-full-no-refit-v1__stats-ce--c2c0f5e0d091--no_refit__stats_ceb_multiregion_count__query_id-137,2.0,3,0.770955188869228,0.32228986365382245,0.009108663496967151,0.3131812001568553,0.1274568513928201,0.23707208479650213,0.32228986365382245
external_fixed_centers,20260727T132012Z-stats-ceb-full-no-refit-v1__stats-ce--e848245a93b8--no_refit__stats_ceb_multiregion_count__query_id-138,2.0,1,0.22573129534692216,0.8785957497947744,0.8200482238617482,0.043982996686733736,0.8785957497947744,0.05854752593302619,0.018873727585465617
external_fixed_centers,20260727T132037Z-stats-ceb-full-no-refit-v1__stats-ce--df5c5c659377--no_refit__stats_ceb_multiregion_count__query_id-139,2.0,1,0.3228939638073641,0.7651042220346874,0.6577647364733175,0.09090541545861654,0.7651042220346874,0.10733948556136998,0.0366508769453261
external_fixed_centers,20260727T132200Z-stats-ceb-full-no-refit-v1__stats-ce--15cc6ad9a739--no_refit__stats_ceb_multiregion_count__query_id-140,2.0,3,0.770955323318254,0.32228981097743764,0.009108622513171238,0.3131811884642664,0.12745687466511998,0.23707212589317603,0.32228981097743764
external_fixed_centers,20260727T132401Z-stats-ceb-full-no-refit-v1__stats-ce--a82d36999fed--no_refit__stats_ceb_multiregion_count__query_id-141,2.0,1,0.6939243380547766,0.4783850940728422,0.26765642905169174,0.21072866502115045,0.4783850940728422,0.20717799906948114,0.10370824183652616
external_fixed_centers,20260727T132906Z-stats-ceb-full-no-refit-v1__stats-ce--f6c5964c7097--no_refit__stats_ceb_multiregion_count__query_id-142,2.0,3,0.7709553237936579,0.32228981079117713,0.009108622368255104,0.31318118842292203,0.12745687474740947,0.23707212603849132,0.32228981079117713
external_fixed_centers,20260727T133119Z-stats-ceb-full-no-refit-v1__stats-ce--7289a6252abd--no_refit__stats_ceb_multiregion_count__query_id-143,2.0,3,0.7709553114698722,0.32228981561956443,0.00910862612488278,0.31318118949468166,0.1274568726142382,0.23707212227151575,0.32228981561956443
external_fixed_centers,20260727T133249Z-stats-ceb-full-no-refit-v1__stats-ce--38b46bc207e5--no_refit__stats_ceb_multiregion_count__query_id-144,2.0,1,0.37622562611598487,0.7165487140786788,0.5948002136315904,0.11600700914588014,0.7165487140786788,0.12174850044708839,0.04569577632835267
external_fixed_centers,20260727T133321Z-stats-ceb-full-no-refit-v1__stats-ce--884fb2f9b52f--no_refit__stats_ceb_multiregion_count__query_id-145,2.0,0,0.6863837982880869,0.33296985289889985,0.03477173306518899,0.33296985289889985,0.12902674282226806,0.29819811983371086,0.23980528444512134
external_fixed_centers,20260727T133337Z-stats-ceb-full-no-refit-v1__stats-ce--5eec9cca207b--no_refit__stats_ceb_multiregion_count__query_id-146,2.0,1,0.3165741289851012,0.771890219904996,0.6693662464419066,0.09027700446476178,0.771890219904996,0.10252397346308936,0.03530880216715289
