episode_id,episode_order,query_id,query_shape,query_order,query_occurrence,planned_query_occurrences,dataset_profile_id,topology_id,region_count,profile,baseline_query_run_id,baseline_elapsed_seconds,source_sql_file,normalized_sql_hash,applicable_actions_json,applicability_source,mitigation_action,action_query_run_id,action_elapsed_seconds,target_log2_gain,action_applicable,result_equal
q01_event_value_desc::run-1,1,q01_event_value_desc,event_value_desc,1,1,1,raw-small-balanced-v1,eu_us_gac,2,transport,20260805T121416Z-dba-local-memory-panel-v1__raw-small--a7762f037138--6-06-30-00-00-00-00__limit_k-25__include_apac-False,1.223234,master-regimes/generated/corpus/dba-local-memory-v1/groups/dba-local-memory-panel-v1__raw-small-balanced-v1__runtime-bundle-multi-edge__analytics_clients/queries/q01_event_value_desc__baseline__gac_fdw_dba_topk_raw__query_shape-event_value_desc__cutoff_ts-2026-06-30-00-00-00-00__limit_k-25__include_apac-False.sql,ad7f1beefcb86b44e6bcd60f1e092a838d67200996b3cf5a69df119b546d5ed5,"[""increase_gac_work_mem"",""regional_topk_candidates"",""mitigate_remote_path_bundle""]",explicit_panel_contract_and_result_equivalence,increase_gac_work_mem,20260805T120205Z-dba-local-memory-panel-v1__raw-small--1cca6d6eff87--6-06-30-00-00-00-00__limit_k-25__include_apac-False,1.190617,0.03899101345170951,True,True
q01_event_value_desc::run-1,1,q01_event_value_desc,event_value_desc,1,1,1,raw-small-balanced-v1,eu_us_gac,2,transport,20260805T121416Z-dba-local-memory-panel-v1__raw-small--a7762f037138--6-06-30-00-00-00-00__limit_k-25__include_apac-False,1.223234,master-regimes/generated/corpus/dba-local-memory-v1/groups/dba-local-memory-panel-v1__raw-small-balanced-v1__runtime-bundle-multi-edge__analytics_clients/queries/q01_event_value_desc__baseline__gac_fdw_dba_topk_raw__query_shape-event_value_desc__cutoff_ts-2026-06-30-00-00-00-00__limit_k-25__include_apac-False.sql,ad7f1beefcb86b44e6bcd60f1e092a838d67200996b3cf5a69df119b546d5ed5,"[""increase_gac_work_mem"",""regional_topk_candidates"",""mitigate_remote_path_bundle""]",explicit_panel_contract_and_result_equivalence,regional_topk_candidates,20260805T121344Z-dba-local-memory-panel-v1__raw-small--983f6846361b--6-06-30-00-00-00-00__limit_k-25__include_apac-False,1.103631,0.14844252594988105,True,True
q01_event_value_desc::run-1,1,q01_event_value_desc,event_value_desc,1,1,1,raw-small-balanced-v1,eu_us_gac,2,transport,20260805T121416Z-dba-local-memory-panel-v1__raw-small--a7762f037138--6-06-30-00-00-00-00__limit_k-25__include_apac-False,1.223234,master-regimes/generated/corpus/dba-local-memory-v1/groups/dba-local-memory-panel-v1__raw-small-balanced-v1__runtime-bundle-multi-edge__analytics_clients/queries/q01_event_value_desc__baseline__gac_fdw_dba_topk_raw__query_shape-event_value_desc__cutoff_ts-2026-06-30-00-00-00-00__limit_k-25__include_apac-False.sql,ad7f1beefcb86b44e6bcd60f1e092a838d67200996b3cf5a69df119b546d5ed5,"[""increase_gac_work_mem"",""regional_topk_candidates"",""mitigate_remote_path_bundle""]",explicit_panel_contract_and_result_equivalence,mitigate_remote_path_bundle,20260805T120606Z-dba-local-memory-panel-v1__raw-small--7e0871629c26--6-06-30-00-00-00-00__limit_k-25__include_apac-False,0.225584,2.4389637619025195,True,True
q02_event_value_asc::run-1,2,q02_event_value_asc,event_value_asc,2,1,2,raw-small-balanced-v1,eu_us_gac,2,memory,20260805T115731Z-dba-local-memory-panel-v1__raw-small--72cbe4c53ab8---06-29-00-00-00-00__limit_k-100__include_apac-False,0.384738,master-regimes/generated/corpus/dba-local-memory-v1/groups/dba-local-memory-panel-v1__raw-small-balanced-v1__runtime-bundle-multi-edge__analytics_clients/queries/q02_event_value_asc__baseline__gac_fdw_dba_topk_raw__query_shape-event_value_asc__cutoff_ts-2026-06-29-00-00-00-00__limit_k-100__include_apac-False.sql,5456d57953fe990f1580484e462a435d7cf573381f761e43b638485f128031d7,"[""increase_gac_work_mem"",""regional_topk_candidates"",""mitigate_remote_path_bundle""]",explicit_panel_contract_and_result_equivalence,increase_gac_work_mem,20260805T115142Z-dba-local-memory-panel-v1__raw-small--78d7cbc16c38---06-29-00-00-00-00__limit_k-100__include_apac-False,0.355246,0.1150579244177509,True,True
q02_event_value_asc::run-1,2,q02_event_value_asc,event_value_asc,2,1,2,raw-small-balanced-v1,eu_us_gac,2,memory,20260805T115731Z-dba-local-memory-panel-v1__raw-small--72cbe4c53ab8---06-29-00-00-00-00__limit_k-100__include_apac-False,0.384738,master-regimes/generated/corpus/dba-local-memory-v1/groups/dba-local-memory-panel-v1__raw-small-balanced-v1__runtime-bundle-multi-edge__analytics_clients/queries/q02_event_value_asc__baseline__gac_fdw_dba_topk_raw__query_shape-event_value_asc__cutoff_ts-2026-06-29-00-00-00-00__limit_k-100__include_apac-False.sql,5456d57953fe990f1580484e462a435d7cf573381f761e43b638485f128031d7,"[""increase_gac_work_mem"",""regional_topk_candidates"",""mitigate_remote_path_bundle""]",explicit_panel_contract_and_result_equivalence,regional_topk_candidates,20260805T115801Z-dba-local-memory-panel-v1__raw-small--da9fc9d3e88b---06-29-00-00-00-00__limit_k-100__include_apac-False,0.343482,0.1636418321928228,True,True
q02_event_value_asc::run-1,2,q02_event_value_asc,event_value_asc,2,1,2,raw-small-balanced-v1,eu_us_gac,2,memory,20260805T115731Z-dba-local-memory-panel-v1__raw-small--72cbe4c53ab8---06-29-00-00-00-00__limit_k-100__include_apac-False,0.384738,master-regimes/generated/corpus/dba-local-memory-v1/groups/dba-local-memory-panel-v1__raw-small-balanced-v1__runtime-bundle-multi-edge__analytics_clients/queries/q02_event_value_asc__baseline__gac_fdw_dba_topk_raw__query_shape-event_value_asc__cutoff_ts-2026-06-29-00-00-00-00__limit_k-100__include_apac-False.sql,5456d57953fe990f1580484e462a435d7cf573381f761e43b638485f128031d7,"[""increase_gac_work_mem"",""regional_topk_candidates"",""mitigate_remote_path_bundle""]",explicit_panel_contract_and_result_equivalence,mitigate_remote_path_bundle,20260805T115403Z-dba-local-memory-panel-v1__raw-small--7252063877c8---06-29-00-00-00-00__limit_k-100__include_apac-False,0.197496,0.9620528956614378,True,True
q02_event_value_asc::run-2,3,q02_event_value_asc,event_value_asc,2,2,2,raw-small-balanced-v1,eu_us_gac,2,memory,20260805T115658Z-dba-local-memory-panel-v1__raw-small--72cbe4c53ab8---06-29-00-00-00-00__limit_k-100__include_apac-False,0.359615,master-regimes/generated/corpus/dba-local-memory-v1/groups/dba-local-memory-panel-v1__raw-small-balanced-v1__runtime-bundle-multi-edge__analytics_clients/queries/q02_event_value_asc__baseline__gac_fdw_dba_topk_raw__query_shape-event_value_asc__cutoff_ts-2026-06-29-00-00-00-00__limit_k-100__include_apac-False.sql,5456d57953fe990f1580484e462a435d7cf573381f761e43b638485f128031d7,"[""increase_gac_work_mem"",""regional_topk_candidates"",""mitigate_remote_path_bundle""]",explicit_panel_contract_and_result_equivalence,increase_gac_work_mem,20260805T115109Z-dba-local-memory-panel-v1__raw-small--78d7cbc16c38---06-29-00-00-00-00__limit_k-100__include_apac-False,0.37654,-0.06634993237287812,True,True
q02_event_value_asc::run-2,3,q02_event_value_asc,event_value_asc,2,2,2,raw-small-balanced-v1,eu_us_gac,2,memory,20260805T115658Z-dba-local-memory-panel-v1__raw-small--72cbe4c53ab8---06-29-00-00-00-00__limit_k-100__include_apac-False,0.359615,master-regimes/generated/corpus/dba-local-memory-v1/groups/dba-local-memory-panel-v1__raw-small-balanced-v1__runtime-bundle-multi-edge__analytics_clients/queries/q02_event_value_asc__baseline__gac_fdw_dba_topk_raw__query_shape-event_value_asc__cutoff_ts-2026-06-29-00-00-00-00__limit_k-100__include_apac-False.sql,5456d57953fe990f1580484e462a435d7cf573381f761e43b638485f128031d7,"[""increase_gac_work_mem"",""regional_topk_candidates"",""mitigate_remote_path_bundle""]",explicit_panel_contract_and_result_equivalence,regional_topk_candidates,20260805T115831Z-dba-local-memory-panel-v1__raw-small--da9fc9d3e88b---06-29-00-00-00-00__limit_k-100__include_apac-False,0.356514,0.012494467573901876,True,True
q02_event_value_asc::run-2,3,q02_event_value_asc,event_value_asc,2,2,2,raw-small-balanced-v1,eu_us_gac,2,memory,20260805T115658Z-dba-local-memory-panel-v1__raw-small--72cbe4c53ab8---06-29-00-00-00-00__limit_k-100__include_apac-False,0.359615,master-regimes/generated/corpus/dba-local-memory-v1/groups/dba-local-memory-panel-v1__raw-small-balanced-v1__runtime-bundle-multi-edge__analytics_clients/queries/q02_event_value_asc__baseline__gac_fdw_dba_topk_raw__query_shape-event_value_asc__cutoff_ts-2026-06-29-00-00-00-00__limit_k-100__include_apac-False.sql,5456d57953fe990f1580484e462a435d7cf573381f761e43b638485f128031d7,"[""increase_gac_work_mem"",""regional_topk_candidates"",""mitigate_remote_path_bundle""]",explicit_panel_contract_and_result_equivalence,mitigate_remote_path_bundle,20260805T115436Z-dba-local-memory-panel-v1__raw-small--7252063877c8---06-29-00-00-00-00__limit_k-100__include_apac-False,0.203798,0.8193133052714852,True,True
q03_event_recent::run-1,4,q03_event_recent,event_recent,3,1,3,raw-small-balanced-v1,eu_us_gac,2,balanced,20260805T114612Z-dba-local-memory-panel-v1__raw-small--8549aa9c25ef---06-24-00-00-00-00__limit_k-250__include_apac-False,0.95238,master-regimes/generated/corpus/dba-local-memory-v1/groups/dba-local-memory-panel-v1__raw-small-balanced-v1__runtime-bundle-multi-edge__analytics_clients/queries/q03_event_recent__baseline__gac_fdw_dba_topk_raw__query_shape-event_recent__cutoff_ts-2026-06-24-00-00-00-00__limit_k-250__include_apac-False.sql,76893bdca8771bf15968c663228c2bb3475ab41d7df033a16ad555cc74a679a3,"[""increase_gac_work_mem"",""regional_topk_candidates"",""mitigate_remote_path_bundle""]",explicit_panel_contract_and_result_equivalence,increase_gac_work_mem,20260805T114020Z-dba-local-memory-panel-v1__raw-small--3144091d283a---06-24-00-00-00-00__limit_k-250__include_apac-False,0.947476,0.007447924678221887,True,True
q03_event_recent::run-1,4,q03_event_recent,event_recent,3,1,3,raw-small-balanced-v1,eu_us_gac,2,balanced,20260805T114612Z-dba-local-memory-panel-v1__raw-small--8549aa9c25ef---06-24-00-00-00-00__limit_k-250__include_apac-False,0.95238,master-regimes/generated/corpus/dba-local-memory-v1/groups/dba-local-memory-panel-v1__raw-small-balanced-v1__runtime-bundle-multi-edge__analytics_clients/queries/q03_event_recent__baseline__gac_fdw_dba_topk_raw__query_shape-event_recent__cutoff_ts-2026-06-24-00-00-00-00__limit_k-250__include_apac-False.sql,76893bdca8771bf15968c663228c2bb3475ab41d7df033a16ad555cc74a679a3,"[""increase_gac_work_mem"",""regional_topk_candidates"",""mitigate_remote_path_bundle""]",explicit_panel_contract_and_result_equivalence,regional_topk_candidates,20260805T114647Z-dba-local-memory-panel-v1__raw-small--7f59af5c39be---06-24-00-00-00-00__limit_k-250__include_apac-False,0.920818,0.04862128898718277,True,True
q03_event_recent::run-1,4,q03_event_recent,event_recent,3,1,3,raw-small-balanced-v1,eu_us_gac,2,balanced,20260805T114612Z-dba-local-memory-panel-v1__raw-small--8549aa9c25ef---06-24-00-00-00-00__limit_k-250__include_apac-False,0.95238,master-regimes/generated/corpus/dba-local-memory-v1/groups/dba-local-memory-panel-v1__raw-small-balanced-v1__runtime-bundle-multi-edge__analytics_clients/queries/q03_event_recent__baseline__gac_fdw_dba_topk_raw__query_shape-event_recent__cutoff_ts-2026-06-24-00-00-00-00__limit_k-250__include_apac-False.sql,76893bdca8771bf15968c663228c2bb3475ab41d7df033a16ad555cc74a679a3,"[""increase_gac_work_mem"",""regional_topk_candidates"",""mitigate_remote_path_bundle""]",explicit_panel_contract_and_result_equivalence,mitigate_remote_path_bundle,20260805T114348Z-dba-local-memory-panel-v1__raw-small--f3cc20852d58---06-24-00-00-00-00__limit_k-250__include_apac-False,0.226162,2.074180777894477,True,True
q03_event_recent::run-2,5,q03_event_recent,event_recent,3,2,3,raw-small-balanced-v1,eu_us_gac,2,balanced,20260805T114747Z-dba-local-memory-panel-v1__raw-small--8549aa9c25ef---06-24-00-00-00-00__limit_k-250__include_apac-False,0.914675,master-regimes/generated/corpus/dba-local-memory-v1/groups/dba-local-memory-panel-v1__raw-small-balanced-v1__runtime-bundle-multi-edge__analytics_clients/queries/q03_event_recent__baseline__gac_fdw_dba_topk_raw__query_shape-event_recent__cutoff_ts-2026-06-24-00-00-00-00__limit_k-250__include_apac-False.sql,76893bdca8771bf15968c663228c2bb3475ab41d7df033a16ad555cc74a679a3,"[""increase_gac_work_mem"",""regional_topk_candidates"",""mitigate_remote_path_bundle""]",explicit_panel_contract_and_result_equivalence,increase_gac_work_mem,20260805T113950Z-dba-local-memory-panel-v1__raw-small--3144091d283a---06-24-00-00-00-00__limit_k-250__include_apac-False,0.983622,-0.10484478336280638,True,True
q03_event_recent::run-2,5,q03_event_recent,event_recent,3,2,3,raw-small-balanced-v1,eu_us_gac,2,balanced,20260805T114747Z-dba-local-memory-panel-v1__raw-small--8549aa9c25ef---06-24-00-00-00-00__limit_k-250__include_apac-False,0.914675,master-regimes/generated/corpus/dba-local-memory-v1/groups/dba-local-memory-panel-v1__raw-small-balanced-v1__runtime-bundle-multi-edge__analytics_clients/queries/q03_event_recent__baseline__gac_fdw_dba_topk_raw__query_shape-event_recent__cutoff_ts-2026-06-24-00-00-00-00__limit_k-250__include_apac-False.sql,76893bdca8771bf15968c663228c2bb3475ab41d7df033a16ad555cc74a679a3,"[""increase_gac_work_mem"",""regional_topk_candidates"",""mitigate_remote_path_bundle""]",explicit_panel_contract_and_result_equivalence,regional_topk_candidates,20260805T114718Z-dba-local-memory-panel-v1__raw-small--7f59af5c39be---06-24-00-00-00-00__limit_k-250__include_apac-False,0.923702,-0.014168272126714739,True,True
q03_event_recent::run-2,5,q03_event_recent,event_recent,3,2,3,raw-small-balanced-v1,eu_us_gac,2,balanced,20260805T114747Z-dba-local-memory-panel-v1__raw-small--8549aa9c25ef---06-24-00-00-00-00__limit_k-250__include_apac-False,0.914675,master-regimes/generated/corpus/dba-local-memory-v1/groups/dba-local-memory-panel-v1__raw-small-balanced-v1__runtime-bundle-multi-edge__analytics_clients/queries/q03_event_recent__baseline__gac_fdw_dba_topk_raw__query_shape-event_recent__cutoff_ts-2026-06-24-00-00-00-00__limit_k-250__include_apac-False.sql,76893bdca8771bf15968c663228c2bb3475ab41d7df033a16ad555cc74a679a3,"[""increase_gac_work_mem"",""regional_topk_candidates"",""mitigate_remote_path_bundle""]",explicit_panel_contract_and_result_equivalence,mitigate_remote_path_bundle,20260805T114245Z-dba-local-memory-panel-v1__raw-small--f3cc20852d58---06-24-00-00-00-00__limit_k-250__include_apac-False,0.243094,1.9117449342238146,True,True
q03_event_recent::run-3,6,q03_event_recent,event_recent,3,3,3,raw-small-balanced-v1,eu_us_gac,2,balanced,20260805T114817Z-dba-local-memory-panel-v1__raw-small--8549aa9c25ef---06-24-00-00-00-00__limit_k-250__include_apac-False,0.909577,master-regimes/generated/corpus/dba-local-memory-v1/groups/dba-local-memory-panel-v1__raw-small-balanced-v1__runtime-bundle-multi-edge__analytics_clients/queries/q03_event_recent__baseline__gac_fdw_dba_topk_raw__query_shape-event_recent__cutoff_ts-2026-06-24-00-00-00-00__limit_k-250__include_apac-False.sql,76893bdca8771bf15968c663228c2bb3475ab41d7df033a16ad555cc74a679a3,"[""increase_gac_work_mem"",""regional_topk_candidates"",""mitigate_remote_path_bundle""]",explicit_panel_contract_and_result_equivalence,increase_gac_work_mem,20260805T113914Z-dba-local-memory-panel-v1__raw-small--3144091d283a---06-24-00-00-00-00__limit_k-250__include_apac-False,0.909753,-0.0002791294905142102,True,True
q03_event_recent::run-3,6,q03_event_recent,event_recent,3,3,3,raw-small-balanced-v1,eu_us_gac,2,balanced,20260805T114817Z-dba-local-memory-panel-v1__raw-small--8549aa9c25ef---06-24-00-00-00-00__limit_k-250__include_apac-False,0.909577,master-regimes/generated/corpus/dba-local-memory-v1/groups/dba-local-memory-panel-v1__raw-small-balanced-v1__runtime-bundle-multi-edge__analytics_clients/queries/q03_event_recent__baseline__gac_fdw_dba_topk_raw__query_shape-event_recent__cutoff_ts-2026-06-24-00-00-00-00__limit_k-250__include_apac-False.sql,76893bdca8771bf15968c663228c2bb3475ab41d7df033a16ad555cc74a679a3,"[""increase_gac_work_mem"",""regional_topk_candidates"",""mitigate_remote_path_bundle""]",explicit_panel_contract_and_result_equivalence,regional_topk_candidates,20260805T114846Z-dba-local-memory-panel-v1__raw-small--7f59af5c39be---06-24-00-00-00-00__limit_k-250__include_apac-False,0.947245,-0.05854184552509057,True,True
q03_event_recent::run-3,6,q03_event_recent,event_recent,3,3,3,raw-small-balanced-v1,eu_us_gac,2,balanced,20260805T114817Z-dba-local-memory-panel-v1__raw-small--8549aa9c25ef---06-24-00-00-00-00__limit_k-250__include_apac-False,0.909577,master-regimes/generated/corpus/dba-local-memory-v1/groups/dba-local-memory-panel-v1__raw-small-balanced-v1__runtime-bundle-multi-edge__analytics_clients/queries/q03_event_recent__baseline__gac_fdw_dba_topk_raw__query_shape-event_recent__cutoff_ts-2026-06-24-00-00-00-00__limit_k-250__include_apac-False.sql,76893bdca8771bf15968c663228c2bb3475ab41d7df033a16ad555cc74a679a3,"[""increase_gac_work_mem"",""regional_topk_candidates"",""mitigate_remote_path_bundle""]",explicit_panel_contract_and_result_equivalence,mitigate_remote_path_bundle,20260805T114318Z-dba-local-memory-panel-v1__raw-small--f3cc20852d58---06-24-00-00-00-00__limit_k-250__include_apac-False,0.232162,1.9700639210944435,True,True
q04_event_oldest::run-1,7,q04_event_oldest,event_oldest,4,1,4,raw-small-balanced-v1,eu_us_gac,2,transport,20260805T121135Z-dba-local-memory-panel-v1__raw-small--394aa6a70002---06-17-00-00-00-00__limit_k-500__include_apac-False,2.74348,master-regimes/generated/corpus/dba-local-memory-v1/groups/dba-local-memory-panel-v1__raw-small-balanced-v1__runtime-bundle-multi-edge__analytics_clients/queries/q04_event_oldest__baseline__gac_fdw_dba_topk_raw__query_shape-event_oldest__cutoff_ts-2026-06-17-00-00-00-00__limit_k-500__include_apac-False.sql,7ac514d1b6aff5b67e0ed359f81f5121c7bf970bcc0b492f338fd0abac46c36e,"[""increase_gac_work_mem"",""regional_topk_candidates"",""mitigate_remote_path_bundle""]",explicit_panel_contract_and_result_equivalence,increase_gac_work_mem,20260805T120054Z-dba-local-memory-panel-v1__raw-small--982ab5f190ee---06-17-00-00-00-00__limit_k-500__include_apac-False,2.725527,0.009471846389996236,True,True
q04_event_oldest::run-1,7,q04_event_oldest,event_oldest,4,1,4,raw-small-balanced-v1,eu_us_gac,2,transport,20260805T121135Z-dba-local-memory-panel-v1__raw-small--394aa6a70002---06-17-00-00-00-00__limit_k-500__include_apac-False,2.74348,master-regimes/generated/corpus/dba-local-memory-v1/groups/dba-local-memory-panel-v1__raw-small-balanced-v1__runtime-bundle-multi-edge__analytics_clients/queries/q04_event_oldest__baseline__gac_fdw_dba_topk_raw__query_shape-event_oldest__cutoff_ts-2026-06-17-00-00-00-00__limit_k-500__include_apac-False.sql,7ac514d1b6aff5b67e0ed359f81f5121c7bf970bcc0b492f338fd0abac46c36e,"[""increase_gac_work_mem"",""regional_topk_candidates"",""mitigate_remote_path_bundle""]",explicit_panel_contract_and_result_equivalence,regional_topk_candidates,20260805T121447Z-dba-local-memory-panel-v1__raw-small--568dea4aab14---06-17-00-00-00-00__limit_k-500__include_apac-False,2.77056,-0.014170552192466471,True,True
q04_event_oldest::run-1,7,q04_event_oldest,event_oldest,4,1,4,raw-small-balanced-v1,eu_us_gac,2,transport,20260805T121135Z-dba-local-memory-panel-v1__raw-small--394aa6a70002---06-17-00-00-00-00__limit_k-500__include_apac-False,2.74348,master-regimes/generated/corpus/dba-local-memory-v1/groups/dba-local-memory-panel-v1__raw-small-balanced-v1__runtime-bundle-multi-edge__analytics_clients/queries/q04_event_oldest__baseline__gac_fdw_dba_topk_raw__query_shape-event_oldest__cutoff_ts-2026-06-17-00-00-00-00__limit_k-500__include_apac-False.sql,7ac514d1b6aff5b67e0ed359f81f5121c7bf970bcc0b492f338fd0abac46c36e,"[""increase_gac_work_mem"",""regional_topk_candidates"",""mitigate_remote_path_bundle""]",explicit_panel_contract_and_result_equivalence,mitigate_remote_path_bundle,20260805T120705Z-dba-local-memory-panel-v1__raw-small--d34d361cf3fc---06-17-00-00-00-00__limit_k-500__include_apac-False,0.277005,3.3080231360042722,True,True
q04_event_oldest::run-2,8,q04_event_oldest,event_oldest,4,2,4,raw-small-balanced-v1,eu_us_gac,2,transport,20260805T121313Z-dba-local-memory-panel-v1__raw-small--394aa6a70002---06-17-00-00-00-00__limit_k-500__include_apac-False,2.744782,master-regimes/generated/corpus/dba-local-memory-v1/groups/dba-local-memory-panel-v1__raw-small-balanced-v1__runtime-bundle-multi-edge__analytics_clients/queries/q04_event_oldest__baseline__gac_fdw_dba_topk_raw__query_shape-event_oldest__cutoff_ts-2026-06-17-00-00-00-00__limit_k-500__include_apac-False.sql,7ac514d1b6aff5b67e0ed359f81f5121c7bf970bcc0b492f338fd0abac46c36e,"[""increase_gac_work_mem"",""regional_topk_candidates"",""mitigate_remote_path_bundle""]",explicit_panel_contract_and_result_equivalence,increase_gac_work_mem,20260805T120308Z-dba-local-memory-panel-v1__raw-small--982ab5f190ee---06-17-00-00-00-00__limit_k-500__include_apac-False,2.724693,0.010597884076713391,True,True
q04_event_oldest::run-2,8,q04_event_oldest,event_oldest,4,2,4,raw-small-balanced-v1,eu_us_gac,2,transport,20260805T121313Z-dba-local-memory-panel-v1__raw-small--394aa6a70002---06-17-00-00-00-00__limit_k-500__include_apac-False,2.744782,master-regimes/generated/corpus/dba-local-memory-v1/groups/dba-local-memory-panel-v1__raw-small-balanced-v1__runtime-bundle-multi-edge__analytics_clients/queries/q04_event_oldest__baseline__gac_fdw_dba_topk_raw__query_shape-event_oldest__cutoff_ts-2026-06-17-00-00-00-00__limit_k-500__include_apac-False.sql,7ac514d1b6aff5b67e0ed359f81f5121c7bf970bcc0b492f338fd0abac46c36e,"[""increase_gac_work_mem"",""regional_topk_candidates"",""mitigate_remote_path_bundle""]",explicit_panel_contract_and_result_equivalence,regional_topk_candidates,20260805T121032Z-dba-local-memory-panel-v1__raw-small--568dea4aab14---06-17-00-00-00-00__limit_k-500__include_apac-False,2.661814,0.04428180665136214,True,True
q04_event_oldest::run-2,8,q04_event_oldest,event_oldest,4,2,4,raw-small-balanced-v1,eu_us_gac,2,transport,20260805T121313Z-dba-local-memory-panel-v1__raw-small--394aa6a70002---06-17-00-00-00-00__limit_k-500__include_apac-False,2.744782,master-regimes/generated/corpus/dba-local-memory-v1/groups/dba-local-memory-panel-v1__raw-small-balanced-v1__runtime-bundle-multi-edge__analytics_clients/queries/q04_event_oldest__baseline__gac_fdw_dba_topk_raw__query_shape-event_oldest__cutoff_ts-2026-06-17-00-00-00-00__limit_k-500__include_apac-False.sql,7ac514d1b6aff5b67e0ed359f81f5121c7bf970bcc0b492f338fd0abac46c36e,"[""increase_gac_work_mem"",""regional_topk_candidates"",""mitigate_remote_path_bundle""]",explicit_panel_contract_and_result_equivalence,mitigate_remote_path_bundle,20260805T120734Z-dba-local-memory-panel-v1__raw-small--d34d361cf3fc---06-17-00-00-00-00__limit_k-500__include_apac-False,0.276074,3.3135646401821126,True,True
q04_event_oldest::run-3,9,q04_event_oldest,event_oldest,4,3,4,raw-small-balanced-v1,eu_us_gac,2,transport,20260805T120956Z-dba-local-memory-panel-v1__raw-small--394aa6a70002---06-17-00-00-00-00__limit_k-500__include_apac-False,2.74473,master-regimes/generated/corpus/dba-local-memory-v1/groups/dba-local-memory-panel-v1__raw-small-balanced-v1__runtime-bundle-multi-edge__analytics_clients/queries/q04_event_oldest__baseline__gac_fdw_dba_topk_raw__query_shape-event_oldest__cutoff_ts-2026-06-17-00-00-00-00__limit_k-500__include_apac-False.sql,7ac514d1b6aff5b67e0ed359f81f5121c7bf970bcc0b492f338fd0abac46c36e,"[""increase_gac_work_mem"",""regional_topk_candidates"",""mitigate_remote_path_bundle""]",explicit_panel_contract_and_result_equivalence,increase_gac_work_mem,20260805T120236Z-dba-local-memory-panel-v1__raw-small--982ab5f190ee---06-17-00-00-00-00__limit_k-500__include_apac-False,2.727225,0.00923050823376807,True,True
q04_event_oldest::run-3,9,q04_event_oldest,event_oldest,4,3,4,raw-small-balanced-v1,eu_us_gac,2,transport,20260805T120956Z-dba-local-memory-panel-v1__raw-small--394aa6a70002---06-17-00-00-00-00__limit_k-500__include_apac-False,2.74473,master-regimes/generated/corpus/dba-local-memory-v1/groups/dba-local-memory-panel-v1__raw-small-balanced-v1__runtime-bundle-multi-edge__analytics_clients/queries/q04_event_oldest__baseline__gac_fdw_dba_topk_raw__query_shape-event_oldest__cutoff_ts-2026-06-17-00-00-00-00__limit_k-500__include_apac-False.sql,7ac514d1b6aff5b67e0ed359f81f5121c7bf970bcc0b492f338fd0abac46c36e,"[""increase_gac_work_mem"",""regional_topk_candidates"",""mitigate_remote_path_bundle""]",explicit_panel_contract_and_result_equivalence,regional_topk_candidates,20260805T121241Z-dba-local-memory-panel-v1__raw-small--568dea4aab14---06-17-00-00-00-00__limit_k-500__include_apac-False,2.675907,0.036636261217529796,True,True
q04_event_oldest::run-3,9,q04_event_oldest,event_oldest,4,3,4,raw-small-balanced-v1,eu_us_gac,2,transport,20260805T120956Z-dba-local-memory-panel-v1__raw-small--394aa6a70002---06-17-00-00-00-00__limit_k-500__include_apac-False,2.74473,master-regimes/generated/corpus/dba-local-memory-v1/groups/dba-local-memory-panel-v1__raw-small-balanced-v1__runtime-bundle-multi-edge__analytics_clients/queries/q04_event_oldest__baseline__gac_fdw_dba_topk_raw__query_shape-event_oldest__cutoff_ts-2026-06-17-00-00-00-00__limit_k-500__include_apac-False.sql,7ac514d1b6aff5b67e0ed359f81f5121c7bf970bcc0b492f338fd0abac46c36e,"[""increase_gac_work_mem"",""regional_topk_candidates"",""mitigate_remote_path_bundle""]",explicit_panel_contract_and_result_equivalence,mitigate_remote_path_bundle,20260805T120636Z-dba-local-memory-panel-v1__raw-small--d34d361cf3fc---06-17-00-00-00-00__limit_k-500__include_apac-False,0.258479,3.408545258460241,True,True
q04_event_oldest::run-4,10,q04_event_oldest,event_oldest,4,4,4,raw-small-balanced-v1,eu_us_gac,2,transport,20260805T121210Z-dba-local-memory-panel-v1__raw-small--394aa6a70002---06-17-00-00-00-00__limit_k-500__include_apac-False,2.761324,master-regimes/generated/corpus/dba-local-memory-v1/groups/dba-local-memory-panel-v1__raw-small-balanced-v1__runtime-bundle-multi-edge__analytics_clients/queries/q04_event_oldest__baseline__gac_fdw_dba_topk_raw__query_shape-event_oldest__cutoff_ts-2026-06-17-00-00-00-00__limit_k-500__include_apac-False.sql,7ac514d1b6aff5b67e0ed359f81f5121c7bf970bcc0b492f338fd0abac46c36e,"[""increase_gac_work_mem"",""regional_topk_candidates"",""mitigate_remote_path_bundle""]",explicit_panel_contract_and_result_equivalence,increase_gac_work_mem,20260805T120133Z-dba-local-memory-panel-v1__raw-small--982ab5f190ee---06-17-00-00-00-00__limit_k-500__include_apac-False,2.735098,0.013767650039746233,True,True
q04_event_oldest::run-4,10,q04_event_oldest,event_oldest,4,4,4,raw-small-balanced-v1,eu_us_gac,2,transport,20260805T121210Z-dba-local-memory-panel-v1__raw-small--394aa6a70002---06-17-00-00-00-00__limit_k-500__include_apac-False,2.761324,master-regimes/generated/corpus/dba-local-memory-v1/groups/dba-local-memory-panel-v1__raw-small-balanced-v1__runtime-bundle-multi-edge__analytics_clients/queries/q04_event_oldest__baseline__gac_fdw_dba_topk_raw__query_shape-event_oldest__cutoff_ts-2026-06-17-00-00-00-00__limit_k-500__include_apac-False.sql,7ac514d1b6aff5b67e0ed359f81f5121c7bf970bcc0b492f338fd0abac46c36e,"[""increase_gac_work_mem"",""regional_topk_candidates"",""mitigate_remote_path_bundle""]",explicit_panel_contract_and_result_equivalence,regional_topk_candidates,20260805T121104Z-dba-local-memory-panel-v1__raw-small--568dea4aab14---06-17-00-00-00-00__limit_k-500__include_apac-False,2.66287,0.0523781778984862,True,True
q04_event_oldest::run-4,10,q04_event_oldest,event_oldest,4,4,4,raw-small-balanced-v1,eu_us_gac,2,transport,20260805T121210Z-dba-local-memory-panel-v1__raw-small--394aa6a70002---06-17-00-00-00-00__limit_k-500__include_apac-False,2.761324,master-regimes/generated/corpus/dba-local-memory-v1/groups/dba-local-memory-panel-v1__raw-small-balanced-v1__runtime-bundle-multi-edge__analytics_clients/queries/q04_event_oldest__baseline__gac_fdw_dba_topk_raw__query_shape-event_oldest__cutoff_ts-2026-06-17-00-00-00-00__limit_k-500__include_apac-False.sql,7ac514d1b6aff5b67e0ed359f81f5121c7bf970bcc0b492f338fd0abac46c36e,"[""increase_gac_work_mem"",""regional_topk_candidates"",""mitigate_remote_path_bundle""]",explicit_panel_contract_and_result_equivalence,mitigate_remote_path_bundle,20260805T120533Z-dba-local-memory-panel-v1__raw-small--d34d361cf3fc---06-17-00-00-00-00__limit_k-500__include_apac-False,0.282514,3.288965909245521,True,True
q05_event_deviation::run-1,11,q05_event_deviation,event_deviation,5,1,5,raw-large-balanced-v1,eu_us_gac,2,memory,20260805T111144Z-dba-local-memory-panel-v1__raw-large--ec30b88786a1--6-06-30-00-00-00-00__limit_k-50__include_apac-False,2.037918,master-regimes/generated/corpus/dba-local-memory-v1/groups/dba-local-memory-panel-v1__raw-large-balanced-v1__runtime-bundle-multi-edge__analytics_clients/queries/q05_event_deviation__baseline__gac_fdw_dba_topk_raw__query_shape-event_deviation__cutoff_ts-2026-06-30-00-00-00-00__limit_k-50__include_apac-False.sql,bd5d33dbf428b5dfe5fde653651a56bf4036327ea0a4ea3cb42a933b2a2200b1,"[""increase_gac_work_mem"",""regional_topk_candidates"",""mitigate_remote_path_bundle""]",explicit_panel_contract_and_result_equivalence,increase_gac_work_mem,20260805T105448Z-dba-local-memory-panel-v1__raw-large--1dbc6d5557aa--6-06-30-00-00-00-00__limit_k-50__include_apac-False,2.371985,-0.21899888382928331,True,True
q05_event_deviation::run-1,11,q05_event_deviation,event_deviation,5,1,5,raw-large-balanced-v1,eu_us_gac,2,memory,20260805T111144Z-dba-local-memory-panel-v1__raw-large--ec30b88786a1--6-06-30-00-00-00-00__limit_k-50__include_apac-False,2.037918,master-regimes/generated/corpus/dba-local-memory-v1/groups/dba-local-memory-panel-v1__raw-large-balanced-v1__runtime-bundle-multi-edge__analytics_clients/queries/q05_event_deviation__baseline__gac_fdw_dba_topk_raw__query_shape-event_deviation__cutoff_ts-2026-06-30-00-00-00-00__limit_k-50__include_apac-False.sql,bd5d33dbf428b5dfe5fde653651a56bf4036327ea0a4ea3cb42a933b2a2200b1,"[""increase_gac_work_mem"",""regional_topk_candidates"",""mitigate_remote_path_bundle""]",explicit_panel_contract_and_result_equivalence,regional_topk_candidates,20260805T110922Z-dba-local-memory-panel-v1__raw-large--e5b1a0bd0741--6-06-30-00-00-00-00__limit_k-50__include_apac-False,0.665047,1.6155677957074595,True,True
q05_event_deviation::run-1,11,q05_event_deviation,event_deviation,5,1,5,raw-large-balanced-v1,eu_us_gac,2,memory,20260805T111144Z-dba-local-memory-panel-v1__raw-large--ec30b88786a1--6-06-30-00-00-00-00__limit_k-50__include_apac-False,2.037918,master-regimes/generated/corpus/dba-local-memory-v1/groups/dba-local-memory-panel-v1__raw-large-balanced-v1__runtime-bundle-multi-edge__analytics_clients/queries/q05_event_deviation__baseline__gac_fdw_dba_topk_raw__query_shape-event_deviation__cutoff_ts-2026-06-30-00-00-00-00__limit_k-50__include_apac-False.sql,bd5d33dbf428b5dfe5fde653651a56bf4036327ea0a4ea3cb42a933b2a2200b1,"[""increase_gac_work_mem"",""regional_topk_candidates"",""mitigate_remote_path_bundle""]",explicit_panel_contract_and_result_equivalence,mitigate_remote_path_bundle,20260805T110415Z-dba-local-memory-panel-v1__raw-large--73dc4203754a--6-06-30-00-00-00-00__limit_k-50__include_apac-False,0.871554,1.2254340435854414,True,True
q05_event_deviation::run-2,12,q05_event_deviation,event_deviation,5,2,5,raw-large-balanced-v1,eu_us_gac,2,memory,20260805T111625Z-dba-local-memory-panel-v1__raw-large--ec30b88786a1--6-06-30-00-00-00-00__limit_k-50__include_apac-False,2.059002,master-regimes/generated/corpus/dba-local-memory-v1/groups/dba-local-memory-panel-v1__raw-large-balanced-v1__runtime-bundle-multi-edge__analytics_clients/queries/q05_event_deviation__baseline__gac_fdw_dba_topk_raw__query_shape-event_deviation__cutoff_ts-2026-06-30-00-00-00-00__limit_k-50__include_apac-False.sql,bd5d33dbf428b5dfe5fde653651a56bf4036327ea0a4ea3cb42a933b2a2200b1,"[""increase_gac_work_mem"",""regional_topk_candidates"",""mitigate_remote_path_bundle""]",explicit_panel_contract_and_result_equivalence,increase_gac_work_mem,20260805T105848Z-dba-local-memory-panel-v1__raw-large--1dbc6d5557aa--6-06-30-00-00-00-00__limit_k-50__include_apac-False,2.032953,0.018368369536265534,True,True
q05_event_deviation::run-2,12,q05_event_deviation,event_deviation,5,2,5,raw-large-balanced-v1,eu_us_gac,2,memory,20260805T111625Z-dba-local-memory-panel-v1__raw-large--ec30b88786a1--6-06-30-00-00-00-00__limit_k-50__include_apac-False,2.059002,master-regimes/generated/corpus/dba-local-memory-v1/groups/dba-local-memory-panel-v1__raw-large-balanced-v1__runtime-bundle-multi-edge__analytics_clients/queries/q05_event_deviation__baseline__gac_fdw_dba_topk_raw__query_shape-event_deviation__cutoff_ts-2026-06-30-00-00-00-00__limit_k-50__include_apac-False.sql,bd5d33dbf428b5dfe5fde653651a56bf4036327ea0a4ea3cb42a933b2a2200b1,"[""increase_gac_work_mem"",""regional_topk_candidates"",""mitigate_remote_path_bundle""]",explicit_panel_contract_and_result_equivalence,regional_topk_candidates,20260805T111045Z-dba-local-memory-panel-v1__raw-large--e5b1a0bd0741--6-06-30-00-00-00-00__limit_k-50__include_apac-False,0.7136,1.5287577109536976,True,True
q05_event_deviation::run-2,12,q05_event_deviation,event_deviation,5,2,5,raw-large-balanced-v1,eu_us_gac,2,memory,20260805T111625Z-dba-local-memory-panel-v1__raw-large--ec30b88786a1--6-06-30-00-00-00-00__limit_k-50__include_apac-False,2.059002,master-regimes/generated/corpus/dba-local-memory-v1/groups/dba-local-memory-panel-v1__raw-large-balanced-v1__runtime-bundle-multi-edge__analytics_clients/queries/q05_event_deviation__baseline__gac_fdw_dba_topk_raw__query_shape-event_deviation__cutoff_ts-2026-06-30-00-00-00-00__limit_k-50__include_apac-False.sql,bd5d33dbf428b5dfe5fde653651a56bf4036327ea0a4ea3cb42a933b2a2200b1,"[""increase_gac_work_mem"",""regional_topk_candidates"",""mitigate_remote_path_bundle""]",explicit_panel_contract_and_result_equivalence,mitigate_remote_path_bundle,20260805T110345Z-dba-local-memory-panel-v1__raw-large--73dc4203754a--6-06-30-00-00-00-00__limit_k-50__include_apac-False,0.902631,1.1897369988267434,True,True
q05_event_deviation::run-3,13,q05_event_deviation,event_deviation,5,3,5,raw-large-balanced-v1,eu_us_gac,2,memory,20260805T110747Z-dba-local-memory-panel-v1__raw-large--ec30b88786a1--6-06-30-00-00-00-00__limit_k-50__include_apac-False,2.038112,master-regimes/generated/corpus/dba-local-memory-v1/groups/dba-local-memory-panel-v1__raw-large-balanced-v1__runtime-bundle-multi-edge__analytics_clients/queries/q05_event_deviation__baseline__gac_fdw_dba_topk_raw__query_shape-event_deviation__cutoff_ts-2026-06-30-00-00-00-00__limit_k-50__include_apac-False.sql,bd5d33dbf428b5dfe5fde653651a56bf4036327ea0a4ea3cb42a933b2a2200b1,"[""increase_gac_work_mem"",""regional_topk_candidates"",""mitigate_remote_path_bundle""]",explicit_panel_contract_and_result_equivalence,increase_gac_work_mem,20260805T105521Z-dba-local-memory-panel-v1__raw-large--1dbc6d5557aa--6-06-30-00-00-00-00__limit_k-50__include_apac-False,2.083313,-0.03164627443954538,True,True
q05_event_deviation::run-3,13,q05_event_deviation,event_deviation,5,3,5,raw-large-balanced-v1,eu_us_gac,2,memory,20260805T110747Z-dba-local-memory-panel-v1__raw-large--ec30b88786a1--6-06-30-00-00-00-00__limit_k-50__include_apac-False,2.038112,master-regimes/generated/corpus/dba-local-memory-v1/groups/dba-local-memory-panel-v1__raw-large-balanced-v1__runtime-bundle-multi-edge__analytics_clients/queries/q05_event_deviation__baseline__gac_fdw_dba_topk_raw__query_shape-event_deviation__cutoff_ts-2026-06-30-00-00-00-00__limit_k-50__include_apac-False.sql,bd5d33dbf428b5dfe5fde653651a56bf4036327ea0a4ea3cb42a933b2a2200b1,"[""increase_gac_work_mem"",""regional_topk_candidates"",""mitigate_remote_path_bundle""]",explicit_panel_contract_and_result_equivalence,regional_topk_candidates,20260805T110853Z-dba-local-memory-panel-v1__raw-large--e5b1a0bd0741--6-06-30-00-00-00-00__limit_k-50__include_apac-False,0.709321,1.5227227683950888,True,True
q05_event_deviation::run-3,13,q05_event_deviation,event_deviation,5,3,5,raw-large-balanced-v1,eu_us_gac,2,memory,20260805T110747Z-dba-local-memory-panel-v1__raw-large--ec30b88786a1--6-06-30-00-00-00-00__limit_k-50__include_apac-False,2.038112,master-regimes/generated/corpus/dba-local-memory-v1/groups/dba-local-memory-panel-v1__raw-large-balanced-v1__runtime-bundle-multi-edge__analytics_clients/queries/q05_event_deviation__baseline__gac_fdw_dba_topk_raw__query_shape-event_deviation__cutoff_ts-2026-06-30-00-00-00-00__limit_k-50__include_apac-False.sql,bd5d33dbf428b5dfe5fde653651a56bf4036327ea0a4ea3cb42a933b2a2200b1,"[""increase_gac_work_mem"",""regional_topk_candidates"",""mitigate_remote_path_bundle""]",explicit_panel_contract_and_result_equivalence,mitigate_remote_path_bundle,20260805T110525Z-dba-local-memory-panel-v1__raw-large--73dc4203754a--6-06-30-00-00-00-00__limit_k-50__include_apac-False,0.986122,1.047395285262899,True,True
q05_event_deviation::run-4,14,q05_event_deviation,event_deviation,5,4,5,raw-large-balanced-v1,eu_us_gac,2,memory,20260805T111524Z-dba-local-memory-panel-v1__raw-large--ec30b88786a1--6-06-30-00-00-00-00__limit_k-50__include_apac-False,2.102356,master-regimes/generated/corpus/dba-local-memory-v1/groups/dba-local-memory-panel-v1__raw-large-balanced-v1__runtime-bundle-multi-edge__analytics_clients/queries/q05_event_deviation__baseline__gac_fdw_dba_topk_raw__query_shape-event_deviation__cutoff_ts-2026-06-30-00-00-00-00__limit_k-50__include_apac-False.sql,bd5d33dbf428b5dfe5fde653651a56bf4036327ea0a4ea3cb42a933b2a2200b1,"[""increase_gac_work_mem"",""regional_topk_candidates"",""mitigate_remote_path_bundle""]",explicit_panel_contract_and_result_equivalence,increase_gac_work_mem,20260805T105342Z-dba-local-memory-panel-v1__raw-large--1dbc6d5557aa--6-06-30-00-00-00-00__limit_k-50__include_apac-False,2.032705,0.048606130428050905,True,True
q05_event_deviation::run-4,14,q05_event_deviation,event_deviation,5,4,5,raw-large-balanced-v1,eu_us_gac,2,memory,20260805T111524Z-dba-local-memory-panel-v1__raw-large--ec30b88786a1--6-06-30-00-00-00-00__limit_k-50__include_apac-False,2.102356,master-regimes/generated/corpus/dba-local-memory-v1/groups/dba-local-memory-panel-v1__raw-large-balanced-v1__runtime-bundle-multi-edge__analytics_clients/queries/q05_event_deviation__baseline__gac_fdw_dba_topk_raw__query_shape-event_deviation__cutoff_ts-2026-06-30-00-00-00-00__limit_k-50__include_apac-False.sql,bd5d33dbf428b5dfe5fde653651a56bf4036327ea0a4ea3cb42a933b2a2200b1,"[""increase_gac_work_mem"",""regional_topk_candidates"",""mitigate_remote_path_bundle""]",explicit_panel_contract_and_result_equivalence,regional_topk_candidates,20260805T111309Z-dba-local-memory-panel-v1__raw-large--e5b1a0bd0741--6-06-30-00-00-00-00__limit_k-50__include_apac-False,0.679615,1.6292173868977764,True,True
q05_event_deviation::run-4,14,q05_event_deviation,event_deviation,5,4,5,raw-large-balanced-v1,eu_us_gac,2,memory,20260805T111524Z-dba-local-memory-panel-v1__raw-large--ec30b88786a1--6-06-30-00-00-00-00__limit_k-50__include_apac-False,2.102356,master-regimes/generated/corpus/dba-local-memory-v1/groups/dba-local-memory-panel-v1__raw-large-balanced-v1__runtime-bundle-multi-edge__analytics_clients/queries/q05_event_deviation__baseline__gac_fdw_dba_topk_raw__query_shape-event_deviation__cutoff_ts-2026-06-30-00-00-00-00__limit_k-50__include_apac-False.sql,bd5d33dbf428b5dfe5fde653651a56bf4036327ea0a4ea3cb42a933b2a2200b1,"[""increase_gac_work_mem"",""regional_topk_candidates"",""mitigate_remote_path_bundle""]",explicit_panel_contract_and_result_equivalence,mitigate_remote_path_bundle,20260805T110229Z-dba-local-memory-panel-v1__raw-large--73dc4203754a--6-06-30-00-00-00-00__limit_k-50__include_apac-False,0.931191,1.1748579673493134,True,True
q05_event_deviation::run-5,15,q05_event_deviation,event_deviation,5,5,5,raw-large-balanced-v1,eu_us_gac,2,memory,20260805T111453Z-dba-local-memory-panel-v1__raw-large--ec30b88786a1--6-06-30-00-00-00-00__limit_k-50__include_apac-False,2.128587,master-regimes/generated/corpus/dba-local-memory-v1/groups/dba-local-memory-panel-v1__raw-large-balanced-v1__runtime-bundle-multi-edge__analytics_clients/queries/q05_event_deviation__baseline__gac_fdw_dba_topk_raw__query_shape-event_deviation__cutoff_ts-2026-06-30-00-00-00-00__limit_k-50__include_apac-False.sql,bd5d33dbf428b5dfe5fde653651a56bf4036327ea0a4ea3cb42a933b2a2200b1,"[""increase_gac_work_mem"",""regional_topk_candidates"",""mitigate_remote_path_bundle""]",explicit_panel_contract_and_result_equivalence,increase_gac_work_mem,20260805T105417Z-dba-local-memory-panel-v1__raw-large--1dbc6d5557aa--6-06-30-00-00-00-00__limit_k-50__include_apac-False,1.977599,0.10614613858556232,True,True
q05_event_deviation::run-5,15,q05_event_deviation,event_deviation,5,5,5,raw-large-balanced-v1,eu_us_gac,2,memory,20260805T111453Z-dba-local-memory-panel-v1__raw-large--ec30b88786a1--6-06-30-00-00-00-00__limit_k-50__include_apac-False,2.128587,master-regimes/generated/corpus/dba-local-memory-v1/groups/dba-local-memory-panel-v1__raw-large-balanced-v1__runtime-bundle-multi-edge__analytics_clients/queries/q05_event_deviation__baseline__gac_fdw_dba_topk_raw__query_shape-event_deviation__cutoff_ts-2026-06-30-00-00-00-00__limit_k-50__include_apac-False.sql,bd5d33dbf428b5dfe5fde653651a56bf4036327ea0a4ea3cb42a933b2a2200b1,"[""increase_gac_work_mem"",""regional_topk_candidates"",""mitigate_remote_path_bundle""]",explicit_panel_contract_and_result_equivalence,regional_topk_candidates,20260805T111115Z-dba-local-memory-panel-v1__raw-large--e5b1a0bd0741--6-06-30-00-00-00-00__limit_k-50__include_apac-False,0.65428,1.7019159811692757,True,True
q05_event_deviation::run-5,15,q05_event_deviation,event_deviation,5,5,5,raw-large-balanced-v1,eu_us_gac,2,memory,20260805T111453Z-dba-local-memory-panel-v1__raw-large--ec30b88786a1--6-06-30-00-00-00-00__limit_k-50__include_apac-False,2.128587,master-regimes/generated/corpus/dba-local-memory-v1/groups/dba-local-memory-panel-v1__raw-large-balanced-v1__runtime-bundle-multi-edge__analytics_clients/queries/q05_event_deviation__baseline__gac_fdw_dba_topk_raw__query_shape-event_deviation__cutoff_ts-2026-06-30-00-00-00-00__limit_k-50__include_apac-False.sql,bd5d33dbf428b5dfe5fde653651a56bf4036327ea0a4ea3cb42a933b2a2200b1,"[""increase_gac_work_mem"",""regional_topk_candidates"",""mitigate_remote_path_bundle""]",explicit_panel_contract_and_result_equivalence,mitigate_remote_path_bundle,20260805T110116Z-dba-local-memory-panel-v1__raw-large--73dc4203754a--6-06-30-00-00-00-00__limit_k-50__include_apac-False,0.932763,1.1903135901596489,True,True
q06_tenant_sum::run-1,16,q06_tenant_sum,tenant_sum,6,1,1,raw-large-balanced-v1,eu_us_gac,2,balanced,20260805T105106Z-dba-local-memory-panel-v1__raw-large--34f7f58b8a04---06-29-00-00-00-00__limit_k-100__include_apac-False,8.598672,master-regimes/generated/corpus/dba-local-memory-v1/groups/dba-local-memory-panel-v1__raw-large-balanced-v1__runtime-bundle-multi-edge__analytics_clients/queries/q06_tenant_sum__baseline__gac_fdw_dba_topk_raw__query_shape-tenant_sum__cutoff_ts-2026-06-29-00-00-00-00__limit_k-100__include_apac-False.sql,82a4b1652b8883fb8dad714052530b1788280c0ae3dd3cb8823fe3b0d8dea3ac,"[""increase_gac_work_mem"",""regional_topk_candidates"",""mitigate_remote_path_bundle""]",explicit_panel_contract_and_result_equivalence,increase_gac_work_mem,20260805T104516Z-dba-local-memory-panel-v1__raw-large--3c1503e4af3c---06-29-00-00-00-00__limit_k-100__include_apac-False,8.666451,-0.011327452404822864,True,True
q06_tenant_sum::run-1,16,q06_tenant_sum,tenant_sum,6,1,1,raw-large-balanced-v1,eu_us_gac,2,balanced,20260805T105106Z-dba-local-memory-panel-v1__raw-large--34f7f58b8a04---06-29-00-00-00-00__limit_k-100__include_apac-False,8.598672,master-regimes/generated/corpus/dba-local-memory-v1/groups/dba-local-memory-panel-v1__raw-large-balanced-v1__runtime-bundle-multi-edge__analytics_clients/queries/q06_tenant_sum__baseline__gac_fdw_dba_topk_raw__query_shape-tenant_sum__cutoff_ts-2026-06-29-00-00-00-00__limit_k-100__include_apac-False.sql,82a4b1652b8883fb8dad714052530b1788280c0ae3dd3cb8823fe3b0d8dea3ac,"[""increase_gac_work_mem"",""regional_topk_candidates"",""mitigate_remote_path_bundle""]",explicit_panel_contract_and_result_equivalence,regional_topk_candidates,20260805T105031Z-dba-local-memory-panel-v1__raw-large--51a988851180---06-29-00-00-00-00__limit_k-100__include_apac-False,1.039914,3.047649640005925,True,True
q06_tenant_sum::run-1,16,q06_tenant_sum,tenant_sum,6,1,1,raw-large-balanced-v1,eu_us_gac,2,balanced,20260805T105106Z-dba-local-memory-panel-v1__raw-large--34f7f58b8a04---06-29-00-00-00-00__limit_k-100__include_apac-False,8.598672,master-regimes/generated/corpus/dba-local-memory-v1/groups/dba-local-memory-panel-v1__raw-large-balanced-v1__runtime-bundle-multi-edge__analytics_clients/queries/q06_tenant_sum__baseline__gac_fdw_dba_topk_raw__query_shape-tenant_sum__cutoff_ts-2026-06-29-00-00-00-00__limit_k-100__include_apac-False.sql,82a4b1652b8883fb8dad714052530b1788280c0ae3dd3cb8823fe3b0d8dea3ac,"[""increase_gac_work_mem"",""regional_topk_candidates"",""mitigate_remote_path_bundle""]",explicit_panel_contract_and_result_equivalence,mitigate_remote_path_bundle,20260805T104802Z-dba-local-memory-panel-v1__raw-large--2f2725158eff---06-29-00-00-00-00__limit_k-100__include_apac-False,1.273166,2.755693328342921,True,True
q07_tenant_count::run-1,17,q07_tenant_count,tenant_count,7,1,2,raw-large-balanced-v1,eu_us_gac,2,transport,20260805T113051Z-dba-local-memory-panel-v1__raw-large--f40c950e66e7---06-24-00-00-00-00__limit_k-250__include_apac-False,86.072879,master-regimes/generated/corpus/dba-local-memory-v1/groups/dba-local-memory-panel-v1__raw-large-balanced-v1__runtime-bundle-multi-edge__analytics_clients/queries/q07_tenant_count__baseline__gac_fdw_dba_topk_raw__query_shape-tenant_count__cutoff_ts-2026-06-24-00-00-00-00__limit_k-250__include_apac-False.sql,e2883a3d8a1df39316eb339275178d1251674b54de02a31a771e6d2aeced7e7b,"[""increase_gac_work_mem"",""regional_topk_candidates"",""mitigate_remote_path_bundle""]",explicit_panel_contract_and_result_equivalence,increase_gac_work_mem,20260805T112122Z-dba-local-memory-panel-v1__raw-large--3a4a71369ae5---06-24-00-00-00-00__limit_k-250__include_apac-False,85.507118,0.00951420400350632,True,True
q07_tenant_count::run-1,17,q07_tenant_count,tenant_count,7,1,2,raw-large-balanced-v1,eu_us_gac,2,transport,20260805T113051Z-dba-local-memory-panel-v1__raw-large--f40c950e66e7---06-24-00-00-00-00__limit_k-250__include_apac-False,86.072879,master-regimes/generated/corpus/dba-local-memory-v1/groups/dba-local-memory-panel-v1__raw-large-balanced-v1__runtime-bundle-multi-edge__analytics_clients/queries/q07_tenant_count__baseline__gac_fdw_dba_topk_raw__query_shape-tenant_count__cutoff_ts-2026-06-24-00-00-00-00__limit_k-250__include_apac-False.sql,e2883a3d8a1df39316eb339275178d1251674b54de02a31a771e6d2aeced7e7b,"[""increase_gac_work_mem"",""regional_topk_candidates"",""mitigate_remote_path_bundle""]",explicit_panel_contract_and_result_equivalence,regional_topk_candidates,20260805T112944Z-dba-local-memory-panel-v1__raw-large--f5d8f9221912---06-24-00-00-00-00__limit_k-250__include_apac-False,1.558422,5.78740087138428,True,True
q07_tenant_count::run-1,17,q07_tenant_count,tenant_count,7,1,2,raw-large-balanced-v1,eu_us_gac,2,transport,20260805T113051Z-dba-local-memory-panel-v1__raw-large--f40c950e66e7---06-24-00-00-00-00__limit_k-250__include_apac-False,86.072879,master-regimes/generated/corpus/dba-local-memory-v1/groups/dba-local-memory-panel-v1__raw-large-balanced-v1__runtime-bundle-multi-edge__analytics_clients/queries/q07_tenant_count__baseline__gac_fdw_dba_topk_raw__query_shape-tenant_count__cutoff_ts-2026-06-24-00-00-00-00__limit_k-250__include_apac-False.sql,e2883a3d8a1df39316eb339275178d1251674b54de02a31a771e6d2aeced7e7b,"[""increase_gac_work_mem"",""regional_topk_candidates"",""mitigate_remote_path_bundle""]",explicit_panel_contract_and_result_equivalence,mitigate_remote_path_bundle,20260805T112634Z-dba-local-memory-panel-v1__raw-large--7ba3875ce8d7---06-24-00-00-00-00__limit_k-250__include_apac-False,4.196972,4.358137982011629,True,True
q07_tenant_count::run-2,18,q07_tenant_count,tenant_count,7,2,2,raw-large-balanced-v1,eu_us_gac,2,transport,20260805T113413Z-dba-local-memory-panel-v1__raw-large--f40c950e66e7---06-24-00-00-00-00__limit_k-250__include_apac-False,86.34813,master-regimes/generated/corpus/dba-local-memory-v1/groups/dba-local-memory-panel-v1__raw-large-balanced-v1__runtime-bundle-multi-edge__analytics_clients/queries/q07_tenant_count__baseline__gac_fdw_dba_topk_raw__query_shape-tenant_count__cutoff_ts-2026-06-24-00-00-00-00__limit_k-250__include_apac-False.sql,e2883a3d8a1df39316eb339275178d1251674b54de02a31a771e6d2aeced7e7b,"[""increase_gac_work_mem"",""regional_topk_candidates"",""mitigate_remote_path_bundle""]",explicit_panel_contract_and_result_equivalence,increase_gac_work_mem,20260805T111922Z-dba-local-memory-panel-v1__raw-large--3a4a71369ae5---06-24-00-00-00-00__limit_k-250__include_apac-False,85.99612,0.005893365024248502,True,True
q07_tenant_count::run-2,18,q07_tenant_count,tenant_count,7,2,2,raw-large-balanced-v1,eu_us_gac,2,transport,20260805T113413Z-dba-local-memory-panel-v1__raw-large--f40c950e66e7---06-24-00-00-00-00__limit_k-250__include_apac-False,86.34813,master-regimes/generated/corpus/dba-local-memory-v1/groups/dba-local-memory-panel-v1__raw-large-balanced-v1__runtime-bundle-multi-edge__analytics_clients/queries/q07_tenant_count__baseline__gac_fdw_dba_topk_raw__query_shape-tenant_count__cutoff_ts-2026-06-24-00-00-00-00__limit_k-250__include_apac-False.sql,e2883a3d8a1df39316eb339275178d1251674b54de02a31a771e6d2aeced7e7b,"[""increase_gac_work_mem"",""regional_topk_candidates"",""mitigate_remote_path_bundle""]",explicit_panel_contract_and_result_equivalence,regional_topk_candidates,20260805T113020Z-dba-local-memory-panel-v1__raw-large--f5d8f9221912---06-24-00-00-00-00__limit_k-250__include_apac-False,1.401775,5.944838229402522,True,True
q07_tenant_count::run-2,18,q07_tenant_count,tenant_count,7,2,2,raw-large-balanced-v1,eu_us_gac,2,transport,20260805T113413Z-dba-local-memory-panel-v1__raw-large--f40c950e66e7---06-24-00-00-00-00__limit_k-250__include_apac-False,86.34813,master-regimes/generated/corpus/dba-local-memory-v1/groups/dba-local-memory-panel-v1__raw-large-balanced-v1__runtime-bundle-multi-edge__analytics_clients/queries/q07_tenant_count__baseline__gac_fdw_dba_topk_raw__query_shape-tenant_count__cutoff_ts-2026-06-24-00-00-00-00__limit_k-250__include_apac-False.sql,e2883a3d8a1df39316eb339275178d1251674b54de02a31a771e6d2aeced7e7b,"[""increase_gac_work_mem"",""regional_topk_candidates"",""mitigate_remote_path_bundle""]",explicit_panel_contract_and_result_equivalence,mitigate_remote_path_bundle,20260805T112716Z-dba-local-memory-panel-v1__raw-large--7ba3875ce8d7---06-24-00-00-00-00__limit_k-250__include_apac-False,4.314597,4.322867216809753,True,True
q08_tenant_avg::run-1,19,q08_tenant_avg,tenant_avg,8,1,3,raw-large-balanced-v1,eu_us_gac,2,memory,20260805T111339Z-dba-local-memory-panel-v1__raw-large--f1d220e3edcd---06-17-00-00-00-00__limit_k-500__include_apac-False,22.839779,master-regimes/generated/corpus/dba-local-memory-v1/groups/dba-local-memory-panel-v1__raw-large-balanced-v1__runtime-bundle-multi-edge__analytics_clients/queries/q08_tenant_avg__baseline__gac_fdw_dba_topk_raw__query_shape-tenant_avg__cutoff_ts-2026-06-17-00-00-00-00__limit_k-500__include_apac-False.sql,8e8d2f98539f4a009d76e2bafa2994da93c550be0df9a6a7019b81cb79140fb8,"[""increase_gac_work_mem"",""regional_topk_candidates"",""mitigate_remote_path_bundle""]",explicit_panel_contract_and_result_equivalence,increase_gac_work_mem,20260805T105644Z-dba-local-memory-panel-v1__raw-large--2e0c2fd49587---06-17-00-00-00-00__limit_k-500__include_apac-False,22.514973,0.020663943507838577,True,True
q08_tenant_avg::run-1,19,q08_tenant_avg,tenant_avg,8,1,3,raw-large-balanced-v1,eu_us_gac,2,memory,20260805T111339Z-dba-local-memory-panel-v1__raw-large--f1d220e3edcd---06-17-00-00-00-00__limit_k-500__include_apac-False,22.839779,master-regimes/generated/corpus/dba-local-memory-v1/groups/dba-local-memory-panel-v1__raw-large-balanced-v1__runtime-bundle-multi-edge__analytics_clients/queries/q08_tenant_avg__baseline__gac_fdw_dba_topk_raw__query_shape-tenant_avg__cutoff_ts-2026-06-17-00-00-00-00__limit_k-500__include_apac-False.sql,8e8d2f98539f4a009d76e2bafa2994da93c550be0df9a6a7019b81cb79140fb8,"[""increase_gac_work_mem"",""regional_topk_candidates"",""mitigate_remote_path_bundle""]",explicit_panel_contract_and_result_equivalence,regional_topk_candidates,20260805T110822Z-dba-local-memory-panel-v1__raw-large--7599633dfb49---06-17-00-00-00-00__limit_k-500__include_apac-False,1.012644,4.495349709290721,True,True
q08_tenant_avg::run-1,19,q08_tenant_avg,tenant_avg,8,1,3,raw-large-balanced-v1,eu_us_gac,2,memory,20260805T111339Z-dba-local-memory-panel-v1__raw-large--f1d220e3edcd---06-17-00-00-00-00__limit_k-500__include_apac-False,22.839779,master-regimes/generated/corpus/dba-local-memory-v1/groups/dba-local-memory-panel-v1__raw-large-balanced-v1__runtime-bundle-multi-edge__analytics_clients/queries/q08_tenant_avg__baseline__gac_fdw_dba_topk_raw__query_shape-tenant_avg__cutoff_ts-2026-06-17-00-00-00-00__limit_k-500__include_apac-False.sql,8e8d2f98539f4a009d76e2bafa2994da93c550be0df9a6a7019b81cb79140fb8,"[""increase_gac_work_mem"",""regional_topk_candidates"",""mitigate_remote_path_bundle""]",explicit_panel_contract_and_result_equivalence,mitigate_remote_path_bundle,20260805T110259Z-dba-local-memory-panel-v1__raw-large--7367b84c7fb0---06-17-00-00-00-00__limit_k-500__include_apac-False,8.675668,1.3965019409035597,True,True
q08_tenant_avg::run-2,20,q08_tenant_avg,tenant_avg,8,2,3,raw-large-balanced-v1,eu_us_gac,2,memory,20260805T110953Z-dba-local-memory-panel-v1__raw-large--f1d220e3edcd---06-17-00-00-00-00__limit_k-500__include_apac-False,23.704148,master-regimes/generated/corpus/dba-local-memory-v1/groups/dba-local-memory-panel-v1__raw-large-balanced-v1__runtime-bundle-multi-edge__analytics_clients/queries/q08_tenant_avg__baseline__gac_fdw_dba_topk_raw__query_shape-tenant_avg__cutoff_ts-2026-06-17-00-00-00-00__limit_k-500__include_apac-False.sql,8e8d2f98539f4a009d76e2bafa2994da93c550be0df9a6a7019b81cb79140fb8,"[""increase_gac_work_mem"",""regional_topk_candidates"",""mitigate_remote_path_bundle""]",explicit_panel_contract_and_result_equivalence,increase_gac_work_mem,20260805T105757Z-dba-local-memory-panel-v1__raw-large--2e0c2fd49587---06-17-00-00-00-00__limit_k-500__include_apac-False,22.525426,0.07358514860770565,True,True
q08_tenant_avg::run-2,20,q08_tenant_avg,tenant_avg,8,2,3,raw-large-balanced-v1,eu_us_gac,2,memory,20260805T110953Z-dba-local-memory-panel-v1__raw-large--f1d220e3edcd---06-17-00-00-00-00__limit_k-500__include_apac-False,23.704148,master-regimes/generated/corpus/dba-local-memory-v1/groups/dba-local-memory-panel-v1__raw-large-balanced-v1__runtime-bundle-multi-edge__analytics_clients/queries/q08_tenant_avg__baseline__gac_fdw_dba_topk_raw__query_shape-tenant_avg__cutoff_ts-2026-06-17-00-00-00-00__limit_k-500__include_apac-False.sql,8e8d2f98539f4a009d76e2bafa2994da93c550be0df9a6a7019b81cb79140fb8,"[""increase_gac_work_mem"",""regional_topk_candidates"",""mitigate_remote_path_bundle""]",explicit_panel_contract_and_result_equivalence,regional_topk_candidates,20260805T111656Z-dba-local-memory-panel-v1__raw-large--7599633dfb49---06-17-00-00-00-00__limit_k-500__include_apac-False,0.972121,4.607859831466466,True,True
q08_tenant_avg::run-2,20,q08_tenant_avg,tenant_avg,8,2,3,raw-large-balanced-v1,eu_us_gac,2,memory,20260805T110953Z-dba-local-memory-panel-v1__raw-large--f1d220e3edcd---06-17-00-00-00-00__limit_k-500__include_apac-False,23.704148,master-regimes/generated/corpus/dba-local-memory-v1/groups/dba-local-memory-panel-v1__raw-large-balanced-v1__runtime-bundle-multi-edge__analytics_clients/queries/q08_tenant_avg__baseline__gac_fdw_dba_topk_raw__query_shape-tenant_avg__cutoff_ts-2026-06-17-00-00-00-00__limit_k-500__include_apac-False.sql,8e8d2f98539f4a009d76e2bafa2994da93c550be0df9a6a7019b81cb79140fb8,"[""increase_gac_work_mem"",""regional_topk_candidates"",""mitigate_remote_path_bundle""]",explicit_panel_contract_and_result_equivalence,mitigate_remote_path_bundle,20260805T110445Z-dba-local-memory-panel-v1__raw-large--7367b84c7fb0---06-17-00-00-00-00__limit_k-500__include_apac-False,10.366999,1.1931412104635313,True,True
q08_tenant_avg::run-3,21,q08_tenant_avg,tenant_avg,8,3,3,raw-large-balanced-v1,eu_us_gac,2,memory,20260805T111217Z-dba-local-memory-panel-v1__raw-large--f1d220e3edcd---06-17-00-00-00-00__limit_k-500__include_apac-False,23.292111,master-regimes/generated/corpus/dba-local-memory-v1/groups/dba-local-memory-panel-v1__raw-large-balanced-v1__runtime-bundle-multi-edge__analytics_clients/queries/q08_tenant_avg__baseline__gac_fdw_dba_topk_raw__query_shape-tenant_avg__cutoff_ts-2026-06-17-00-00-00-00__limit_k-500__include_apac-False.sql,8e8d2f98539f4a009d76e2bafa2994da93c550be0df9a6a7019b81cb79140fb8,"[""increase_gac_work_mem"",""regional_topk_candidates"",""mitigate_remote_path_bundle""]",explicit_panel_contract_and_result_equivalence,increase_gac_work_mem,20260805T105552Z-dba-local-memory-panel-v1__raw-large--2e0c2fd49587---06-17-00-00-00-00__limit_k-500__include_apac-False,22.862201,0.02687709713621726,True,True
q08_tenant_avg::run-3,21,q08_tenant_avg,tenant_avg,8,3,3,raw-large-balanced-v1,eu_us_gac,2,memory,20260805T111217Z-dba-local-memory-panel-v1__raw-large--f1d220e3edcd---06-17-00-00-00-00__limit_k-500__include_apac-False,23.292111,master-regimes/generated/corpus/dba-local-memory-v1/groups/dba-local-memory-panel-v1__raw-large-balanced-v1__runtime-bundle-multi-edge__analytics_clients/queries/q08_tenant_avg__baseline__gac_fdw_dba_topk_raw__query_shape-tenant_avg__cutoff_ts-2026-06-17-00-00-00-00__limit_k-500__include_apac-False.sql,8e8d2f98539f4a009d76e2bafa2994da93c550be0df9a6a7019b81cb79140fb8,"[""increase_gac_work_mem"",""regional_topk_candidates"",""mitigate_remote_path_bundle""]",explicit_panel_contract_and_result_equivalence,regional_topk_candidates,20260805T111555Z-dba-local-memory-panel-v1__raw-large--7599633dfb49---06-17-00-00-00-00__limit_k-500__include_apac-False,1.239747,4.231723759789755,True,True
q08_tenant_avg::run-3,21,q08_tenant_avg,tenant_avg,8,3,3,raw-large-balanced-v1,eu_us_gac,2,memory,20260805T111217Z-dba-local-memory-panel-v1__raw-large--f1d220e3edcd---06-17-00-00-00-00__limit_k-500__include_apac-False,23.292111,master-regimes/generated/corpus/dba-local-memory-v1/groups/dba-local-memory-panel-v1__raw-large-balanced-v1__runtime-bundle-multi-edge__analytics_clients/queries/q08_tenant_avg__baseline__gac_fdw_dba_topk_raw__query_shape-tenant_avg__cutoff_ts-2026-06-17-00-00-00-00__limit_k-500__include_apac-False.sql,8e8d2f98539f4a009d76e2bafa2994da93c550be0df9a6a7019b81cb79140fb8,"[""increase_gac_work_mem"",""regional_topk_candidates"",""mitigate_remote_path_bundle""]",explicit_panel_contract_and_result_equivalence,mitigate_remote_path_bundle,20260805T110151Z-dba-local-memory-panel-v1__raw-large--7367b84c7fb0---06-17-00-00-00-00__limit_k-500__include_apac-False,8.76795,1.4095299228143046,True,True
q09_tenant_max::run-1,22,q09_tenant_max,tenant_max,9,1,4,n3-medium-balanced-wide-global-dim-v1,eu_us_apac_gac,3,balanced,20260805T100914Z-dba-local-memory-panel-v1__n3-medium--981e3f2a07e5--26-06-30-00-00-00-00__limit_k-50__include_apac-True,1.5832,master-regimes/generated/corpus/dba-local-memory-v1/groups/dba-local-memory-panel-v1__n3-medium-balanced-wide-global-dim-v1__runtime-bundle-multi-edge__analytics_clients/queries/q09_tenant_max__baseline__gac_fdw_dba_topk_raw__query_shape-tenant_max__cutoff_ts-2026-06-30-00-00-00-00__limit_k-50__include_apac-True.sql,0a1845d5eee8a966fc7841a83bbfa0c28f21ecba6942182b9a8b2e287f92f63b,"[""increase_gac_work_mem"",""regional_topk_candidates"",""mitigate_remote_path_bundle""]",explicit_panel_contract_and_result_equivalence,increase_gac_work_mem,20260805T095121Z-dba-local-memory-panel-v1__n3-medium--014a8b6a0404--26-06-30-00-00-00-00__limit_k-50__include_apac-True,1.594002,-0.009809921986075838,True,True
q09_tenant_max::run-1,22,q09_tenant_max,tenant_max,9,1,4,n3-medium-balanced-wide-global-dim-v1,eu_us_apac_gac,3,balanced,20260805T100914Z-dba-local-memory-panel-v1__n3-medium--981e3f2a07e5--26-06-30-00-00-00-00__limit_k-50__include_apac-True,1.5832,master-regimes/generated/corpus/dba-local-memory-v1/groups/dba-local-memory-panel-v1__n3-medium-balanced-wide-global-dim-v1__runtime-bundle-multi-edge__analytics_clients/queries/q09_tenant_max__baseline__gac_fdw_dba_topk_raw__query_shape-tenant_max__cutoff_ts-2026-06-30-00-00-00-00__limit_k-50__include_apac-True.sql,0a1845d5eee8a966fc7841a83bbfa0c28f21ecba6942182b9a8b2e287f92f63b,"[""increase_gac_work_mem"",""regional_topk_candidates"",""mitigate_remote_path_bundle""]",explicit_panel_contract_and_result_equivalence,regional_topk_candidates,20260805T100134Z-dba-local-memory-panel-v1__n3-medium--ecad0f6c4972--26-06-30-00-00-00-00__limit_k-50__include_apac-True,1.031702,0.6178171990686502,True,True
q09_tenant_max::run-1,22,q09_tenant_max,tenant_max,9,1,4,n3-medium-balanced-wide-global-dim-v1,eu_us_apac_gac,3,balanced,20260805T100914Z-dba-local-memory-panel-v1__n3-medium--981e3f2a07e5--26-06-30-00-00-00-00__limit_k-50__include_apac-True,1.5832,master-regimes/generated/corpus/dba-local-memory-v1/groups/dba-local-memory-panel-v1__n3-medium-balanced-wide-global-dim-v1__runtime-bundle-multi-edge__analytics_clients/queries/q09_tenant_max__baseline__gac_fdw_dba_topk_raw__query_shape-tenant_max__cutoff_ts-2026-06-30-00-00-00-00__limit_k-50__include_apac-True.sql,0a1845d5eee8a966fc7841a83bbfa0c28f21ecba6942182b9a8b2e287f92f63b,"[""increase_gac_work_mem"",""regional_topk_candidates"",""mitigate_remote_path_bundle""]",explicit_panel_contract_and_result_equivalence,mitigate_remote_path_bundle,20260805T095409Z-dba-local-memory-panel-v1__n3-medium--d3b174df4256--26-06-30-00-00-00-00__limit_k-50__include_apac-True,0.397608,1.9934248277080215,True,True
q09_tenant_max::run-2,23,q09_tenant_max,tenant_max,9,2,4,n3-medium-balanced-wide-global-dim-v1,eu_us_apac_gac,3,balanced,20260805T100042Z-dba-local-memory-panel-v1__n3-medium--981e3f2a07e5--26-06-30-00-00-00-00__limit_k-50__include_apac-True,1.626396,master-regimes/generated/corpus/dba-local-memory-v1/groups/dba-local-memory-panel-v1__n3-medium-balanced-wide-global-dim-v1__runtime-bundle-multi-edge__analytics_clients/queries/q09_tenant_max__baseline__gac_fdw_dba_topk_raw__query_shape-tenant_max__cutoff_ts-2026-06-30-00-00-00-00__limit_k-50__include_apac-True.sql,0a1845d5eee8a966fc7841a83bbfa0c28f21ecba6942182b9a8b2e287f92f63b,"[""increase_gac_work_mem"",""regional_topk_candidates"",""mitigate_remote_path_bundle""]",explicit_panel_contract_and_result_equivalence,increase_gac_work_mem,20260805T094803Z-dba-local-memory-panel-v1__n3-medium--014a8b6a0404--26-06-30-00-00-00-00__limit_k-50__include_apac-True,1.613124,0.011821230127477224,True,True
q09_tenant_max::run-2,23,q09_tenant_max,tenant_max,9,2,4,n3-medium-balanced-wide-global-dim-v1,eu_us_apac_gac,3,balanced,20260805T100042Z-dba-local-memory-panel-v1__n3-medium--981e3f2a07e5--26-06-30-00-00-00-00__limit_k-50__include_apac-True,1.626396,master-regimes/generated/corpus/dba-local-memory-v1/groups/dba-local-memory-panel-v1__n3-medium-balanced-wide-global-dim-v1__runtime-bundle-multi-edge__analytics_clients/queries/q09_tenant_max__baseline__gac_fdw_dba_topk_raw__query_shape-tenant_max__cutoff_ts-2026-06-30-00-00-00-00__limit_k-50__include_apac-True.sql,0a1845d5eee8a966fc7841a83bbfa0c28f21ecba6942182b9a8b2e287f92f63b,"[""increase_gac_work_mem"",""regional_topk_candidates"",""mitigate_remote_path_bundle""]",explicit_panel_contract_and_result_equivalence,regional_topk_candidates,20260805T100438Z-dba-local-memory-panel-v1__n3-medium--ecad0f6c4972--26-06-30-00-00-00-00__limit_k-50__include_apac-True,0.993219,0.711494806856934,True,True
q09_tenant_max::run-2,23,q09_tenant_max,tenant_max,9,2,4,n3-medium-balanced-wide-global-dim-v1,eu_us_apac_gac,3,balanced,20260805T100042Z-dba-local-memory-panel-v1__n3-medium--981e3f2a07e5--26-06-30-00-00-00-00__limit_k-50__include_apac-True,1.626396,master-regimes/generated/corpus/dba-local-memory-v1/groups/dba-local-memory-panel-v1__n3-medium-balanced-wide-global-dim-v1__runtime-bundle-multi-edge__analytics_clients/queries/q09_tenant_max__baseline__gac_fdw_dba_topk_raw__query_shape-tenant_max__cutoff_ts-2026-06-30-00-00-00-00__limit_k-50__include_apac-True.sql,0a1845d5eee8a966fc7841a83bbfa0c28f21ecba6942182b9a8b2e287f92f63b,"[""increase_gac_work_mem"",""regional_topk_candidates"",""mitigate_remote_path_bundle""]",explicit_panel_contract_and_result_equivalence,mitigate_remote_path_bundle,20260805T095755Z-dba-local-memory-panel-v1__n3-medium--d3b174df4256--26-06-30-00-00-00-00__limit_k-50__include_apac-True,0.396678,2.0356382800169626,True,True
q09_tenant_max::run-3,24,q09_tenant_max,tenant_max,9,3,4,n3-medium-balanced-wide-global-dim-v1,eu_us_apac_gac,3,balanced,20260805T100218Z-dba-local-memory-panel-v1__n3-medium--981e3f2a07e5--26-06-30-00-00-00-00__limit_k-50__include_apac-True,1.671267,master-regimes/generated/corpus/dba-local-memory-v1/groups/dba-local-memory-panel-v1__n3-medium-balanced-wide-global-dim-v1__runtime-bundle-multi-edge__analytics_clients/queries/q09_tenant_max__baseline__gac_fdw_dba_topk_raw__query_shape-tenant_max__cutoff_ts-2026-06-30-00-00-00-00__limit_k-50__include_apac-True.sql,0a1845d5eee8a966fc7841a83bbfa0c28f21ecba6942182b9a8b2e287f92f63b,"[""increase_gac_work_mem"",""regional_topk_candidates"",""mitigate_remote_path_bundle""]",explicit_panel_contract_and_result_equivalence,increase_gac_work_mem,20260805T095038Z-dba-local-memory-panel-v1__n3-medium--014a8b6a0404--26-06-30-00-00-00-00__limit_k-50__include_apac-True,1.644176,0.023577495519821103,True,True
q09_tenant_max::run-3,24,q09_tenant_max,tenant_max,9,3,4,n3-medium-balanced-wide-global-dim-v1,eu_us_apac_gac,3,balanced,20260805T100218Z-dba-local-memory-panel-v1__n3-medium--981e3f2a07e5--26-06-30-00-00-00-00__limit_k-50__include_apac-True,1.671267,master-regimes/generated/corpus/dba-local-memory-v1/groups/dba-local-memory-panel-v1__n3-medium-balanced-wide-global-dim-v1__runtime-bundle-multi-edge__analytics_clients/queries/q09_tenant_max__baseline__gac_fdw_dba_topk_raw__query_shape-tenant_max__cutoff_ts-2026-06-30-00-00-00-00__limit_k-50__include_apac-True.sql,0a1845d5eee8a966fc7841a83bbfa0c28f21ecba6942182b9a8b2e287f92f63b,"[""increase_gac_work_mem"",""regional_topk_candidates"",""mitigate_remote_path_bundle""]",explicit_panel_contract_and_result_equivalence,regional_topk_candidates,20260805T100831Z-dba-local-memory-panel-v1__n3-medium--ecad0f6c4972--26-06-30-00-00-00-00__limit_k-50__include_apac-True,0.99987,0.741129797923938,True,True
q09_tenant_max::run-3,24,q09_tenant_max,tenant_max,9,3,4,n3-medium-balanced-wide-global-dim-v1,eu_us_apac_gac,3,balanced,20260805T100218Z-dba-local-memory-panel-v1__n3-medium--981e3f2a07e5--26-06-30-00-00-00-00__limit_k-50__include_apac-True,1.671267,master-regimes/generated/corpus/dba-local-memory-v1/groups/dba-local-memory-panel-v1__n3-medium-balanced-wide-global-dim-v1__runtime-bundle-multi-edge__analytics_clients/queries/q09_tenant_max__baseline__gac_fdw_dba_topk_raw__query_shape-tenant_max__cutoff_ts-2026-06-30-00-00-00-00__limit_k-50__include_apac-True.sql,0a1845d5eee8a966fc7841a83bbfa0c28f21ecba6942182b9a8b2e287f92f63b,"[""increase_gac_work_mem"",""regional_topk_candidates"",""mitigate_remote_path_bundle""]",explicit_panel_contract_and_result_equivalence,mitigate_remote_path_bundle,20260805T095544Z-dba-local-memory-panel-v1__n3-medium--d3b174df4256--26-06-30-00-00-00-00__limit_k-50__include_apac-True,0.473302,1.8201093118769012,True,True
q09_tenant_max::run-4,25,q09_tenant_max,tenant_max,9,4,4,n3-medium-balanced-wide-global-dim-v1,eu_us_apac_gac,3,balanced,20260805T100706Z-dba-local-memory-panel-v1__n3-medium--981e3f2a07e5--26-06-30-00-00-00-00__limit_k-50__include_apac-True,1.585605,master-regimes/generated/corpus/dba-local-memory-v1/groups/dba-local-memory-panel-v1__n3-medium-balanced-wide-global-dim-v1__runtime-bundle-multi-edge__analytics_clients/queries/q09_tenant_max__baseline__gac_fdw_dba_topk_raw__query_shape-tenant_max__cutoff_ts-2026-06-30-00-00-00-00__limit_k-50__include_apac-True.sql,0a1845d5eee8a966fc7841a83bbfa0c28f21ecba6942182b9a8b2e287f92f63b,"[""increase_gac_work_mem"",""regional_topk_candidates"",""mitigate_remote_path_bundle""]",explicit_panel_contract_and_result_equivalence,increase_gac_work_mem,20260805T094710Z-dba-local-memory-panel-v1__n3-medium--014a8b6a0404--26-06-30-00-00-00-00__limit_k-50__include_apac-True,1.584223,0.0012579891860620372,True,True
q09_tenant_max::run-4,25,q09_tenant_max,tenant_max,9,4,4,n3-medium-balanced-wide-global-dim-v1,eu_us_apac_gac,3,balanced,20260805T100706Z-dba-local-memory-panel-v1__n3-medium--981e3f2a07e5--26-06-30-00-00-00-00__limit_k-50__include_apac-True,1.585605,master-regimes/generated/corpus/dba-local-memory-v1/groups/dba-local-memory-panel-v1__n3-medium-balanced-wide-global-dim-v1__runtime-bundle-multi-edge__analytics_clients/queries/q09_tenant_max__baseline__gac_fdw_dba_topk_raw__query_shape-tenant_max__cutoff_ts-2026-06-30-00-00-00-00__limit_k-50__include_apac-True.sql,0a1845d5eee8a966fc7841a83bbfa0c28f21ecba6942182b9a8b2e287f92f63b,"[""increase_gac_work_mem"",""regional_topk_candidates"",""mitigate_remote_path_bundle""]",explicit_panel_contract_and_result_equivalence,regional_topk_candidates,20260805T100749Z-dba-local-memory-panel-v1__n3-medium--ecad0f6c4972--26-06-30-00-00-00-00__limit_k-50__include_apac-True,1.02646,0.6273560086690125,True,True
q09_tenant_max::run-4,25,q09_tenant_max,tenant_max,9,4,4,n3-medium-balanced-wide-global-dim-v1,eu_us_apac_gac,3,balanced,20260805T100706Z-dba-local-memory-panel-v1__n3-medium--981e3f2a07e5--26-06-30-00-00-00-00__limit_k-50__include_apac-True,1.585605,master-regimes/generated/corpus/dba-local-memory-v1/groups/dba-local-memory-panel-v1__n3-medium-balanced-wide-global-dim-v1__runtime-bundle-multi-edge__analytics_clients/queries/q09_tenant_max__baseline__gac_fdw_dba_topk_raw__query_shape-tenant_max__cutoff_ts-2026-06-30-00-00-00-00__limit_k-50__include_apac-True.sql,0a1845d5eee8a966fc7841a83bbfa0c28f21ecba6942182b9a8b2e287f92f63b,"[""increase_gac_work_mem"",""regional_topk_candidates"",""mitigate_remote_path_bundle""]",explicit_panel_contract_and_result_equivalence,mitigate_remote_path_bundle,20260805T095502Z-dba-local-memory-panel-v1__n3-medium--d3b174df4256--26-06-30-00-00-00-00__limit_k-50__include_apac-True,0.412967,1.940935010719443,True,True
q10_tenant_min::run-1,26,q10_tenant_min,tenant_min,10,1,5,n3-medium-balanced-wide-global-dim-v1,eu_us_apac_gac,3,transport,20260805T103823Z-dba-local-memory-panel-v1__n3-medium--98951ece874b--6-06-29-00-00-00-00__limit_k-100__include_apac-True,5.171764,master-regimes/generated/corpus/dba-local-memory-v1/groups/dba-local-memory-panel-v1__n3-medium-balanced-wide-global-dim-v1__runtime-bundle-multi-edge__analytics_clients/queries/q10_tenant_min__baseline__gac_fdw_dba_topk_raw__query_shape-tenant_min__cutoff_ts-2026-06-29-00-00-00-00__limit_k-100__include_apac-True.sql,1ffceae8ec4dc807efe850ad847328743196a4fc73e3da8ce9c3268b0eb210fe,"[""increase_gac_work_mem"",""regional_topk_candidates"",""mitigate_remote_path_bundle""]",explicit_panel_contract_and_result_equivalence,increase_gac_work_mem,20260805T102503Z-dba-local-memory-panel-v1__n3-medium--c87a9485c8e7--6-06-29-00-00-00-00__limit_k-100__include_apac-True,5.226642,-0.015227901951948336,True,True
q10_tenant_min::run-1,26,q10_tenant_min,tenant_min,10,1,5,n3-medium-balanced-wide-global-dim-v1,eu_us_apac_gac,3,transport,20260805T103823Z-dba-local-memory-panel-v1__n3-medium--98951ece874b--6-06-29-00-00-00-00__limit_k-100__include_apac-True,5.171764,master-regimes/generated/corpus/dba-local-memory-v1/groups/dba-local-memory-panel-v1__n3-medium-balanced-wide-global-dim-v1__runtime-bundle-multi-edge__analytics_clients/queries/q10_tenant_min__baseline__gac_fdw_dba_topk_raw__query_shape-tenant_min__cutoff_ts-2026-06-29-00-00-00-00__limit_k-100__include_apac-True.sql,1ffceae8ec4dc807efe850ad847328743196a4fc73e3da8ce9c3268b0eb210fe,"[""increase_gac_work_mem"",""regional_topk_candidates"",""mitigate_remote_path_bundle""]",explicit_panel_contract_and_result_equivalence,regional_topk_candidates,20260805T103527Z-dba-local-memory-panel-v1__n3-medium--1578307d7624--6-06-29-00-00-00-00__limit_k-100__include_apac-True,1.71197,1.5949990223674915,True,True
q10_tenant_min::run-1,26,q10_tenant_min,tenant_min,10,1,5,n3-medium-balanced-wide-global-dim-v1,eu_us_apac_gac,3,transport,20260805T103823Z-dba-local-memory-panel-v1__n3-medium--98951ece874b--6-06-29-00-00-00-00__limit_k-100__include_apac-True,5.171764,master-regimes/generated/corpus/dba-local-memory-v1/groups/dba-local-memory-panel-v1__n3-medium-balanced-wide-global-dim-v1__runtime-bundle-multi-edge__analytics_clients/queries/q10_tenant_min__baseline__gac_fdw_dba_topk_raw__query_shape-tenant_min__cutoff_ts-2026-06-29-00-00-00-00__limit_k-100__include_apac-True.sql,1ffceae8ec4dc807efe850ad847328743196a4fc73e3da8ce9c3268b0eb210fe,"[""increase_gac_work_mem"",""regional_topk_candidates"",""mitigate_remote_path_bundle""]",explicit_panel_contract_and_result_equivalence,mitigate_remote_path_bundle,20260805T102800Z-dba-local-memory-panel-v1__n3-medium--9a6fcb05733e--6-06-29-00-00-00-00__limit_k-100__include_apac-True,0.513669,3.3317455284480997,True,True
q10_tenant_min::run-2,27,q10_tenant_min,tenant_min,10,2,5,n3-medium-balanced-wide-global-dim-v1,eu_us_apac_gac,3,transport,20260805T103915Z-dba-local-memory-panel-v1__n3-medium--98951ece874b--6-06-29-00-00-00-00__limit_k-100__include_apac-True,5.173816,master-regimes/generated/corpus/dba-local-memory-v1/groups/dba-local-memory-panel-v1__n3-medium-balanced-wide-global-dim-v1__runtime-bundle-multi-edge__analytics_clients/queries/q10_tenant_min__baseline__gac_fdw_dba_topk_raw__query_shape-tenant_min__cutoff_ts-2026-06-29-00-00-00-00__limit_k-100__include_apac-True.sql,1ffceae8ec4dc807efe850ad847328743196a4fc73e3da8ce9c3268b0eb210fe,"[""increase_gac_work_mem"",""regional_topk_candidates"",""mitigate_remote_path_bundle""]",explicit_panel_contract_and_result_equivalence,increase_gac_work_mem,20260805T102330Z-dba-local-memory-panel-v1__n3-medium--c87a9485c8e7--6-06-29-00-00-00-00__limit_k-100__include_apac-True,5.193723,-0.0055403245600634575,True,True
q10_tenant_min::run-2,27,q10_tenant_min,tenant_min,10,2,5,n3-medium-balanced-wide-global-dim-v1,eu_us_apac_gac,3,transport,20260805T103915Z-dba-local-memory-panel-v1__n3-medium--98951ece874b--6-06-29-00-00-00-00__limit_k-100__include_apac-True,5.173816,master-regimes/generated/corpus/dba-local-memory-v1/groups/dba-local-memory-panel-v1__n3-medium-balanced-wide-global-dim-v1__runtime-bundle-multi-edge__analytics_clients/queries/q10_tenant_min__baseline__gac_fdw_dba_topk_raw__query_shape-tenant_min__cutoff_ts-2026-06-29-00-00-00-00__limit_k-100__include_apac-True.sql,1ffceae8ec4dc807efe850ad847328743196a4fc73e3da8ce9c3268b0eb210fe,"[""increase_gac_work_mem"",""regional_topk_candidates"",""mitigate_remote_path_bundle""]",explicit_panel_contract_and_result_equivalence,regional_topk_candidates,20260805T103739Z-dba-local-memory-panel-v1__n3-medium--1578307d7624--6-06-29-00-00-00-00__limit_k-100__include_apac-True,1.629199,1.6670659134424273,True,True
q10_tenant_min::run-2,27,q10_tenant_min,tenant_min,10,2,5,n3-medium-balanced-wide-global-dim-v1,eu_us_apac_gac,3,transport,20260805T103915Z-dba-local-memory-panel-v1__n3-medium--98951ece874b--6-06-29-00-00-00-00__limit_k-100__include_apac-True,5.173816,master-regimes/generated/corpus/dba-local-memory-v1/groups/dba-local-memory-panel-v1__n3-medium-balanced-wide-global-dim-v1__runtime-bundle-multi-edge__analytics_clients/queries/q10_tenant_min__baseline__gac_fdw_dba_topk_raw__query_shape-tenant_min__cutoff_ts-2026-06-29-00-00-00-00__limit_k-100__include_apac-True.sql,1ffceae8ec4dc807efe850ad847328743196a4fc73e3da8ce9c3268b0eb210fe,"[""increase_gac_work_mem"",""regional_topk_candidates"",""mitigate_remote_path_bundle""]",explicit_panel_contract_and_result_equivalence,mitigate_remote_path_bundle,20260805T102935Z-dba-local-memory-panel-v1__n3-medium--9a6fcb05733e--6-06-29-00-00-00-00__limit_k-100__include_apac-True,0.468436,3.4653048889107207,True,True
q10_tenant_min::run-3,28,q10_tenant_min,tenant_min,10,3,5,n3-medium-balanced-wide-global-dim-v1,eu_us_apac_gac,3,transport,20260805T104049Z-dba-local-memory-panel-v1__n3-medium--98951ece874b--6-06-29-00-00-00-00__limit_k-100__include_apac-True,5.284548,master-regimes/generated/corpus/dba-local-memory-v1/groups/dba-local-memory-panel-v1__n3-medium-balanced-wide-global-dim-v1__runtime-bundle-multi-edge__analytics_clients/queries/q10_tenant_min__baseline__gac_fdw_dba_topk_raw__query_shape-tenant_min__cutoff_ts-2026-06-29-00-00-00-00__limit_k-100__include_apac-True.sql,1ffceae8ec4dc807efe850ad847328743196a4fc73e3da8ce9c3268b0eb210fe,"[""increase_gac_work_mem"",""regional_topk_candidates"",""mitigate_remote_path_bundle""]",explicit_panel_contract_and_result_equivalence,increase_gac_work_mem,20260805T102243Z-dba-local-memory-panel-v1__n3-medium--c87a9485c8e7--6-06-29-00-00-00-00__limit_k-100__include_apac-True,5.154266,0.03601308639171072,True,True
q10_tenant_min::run-3,28,q10_tenant_min,tenant_min,10,3,5,n3-medium-balanced-wide-global-dim-v1,eu_us_apac_gac,3,transport,20260805T104049Z-dba-local-memory-panel-v1__n3-medium--98951ece874b--6-06-29-00-00-00-00__limit_k-100__include_apac-True,5.284548,master-regimes/generated/corpus/dba-local-memory-v1/groups/dba-local-memory-panel-v1__n3-medium-balanced-wide-global-dim-v1__runtime-bundle-multi-edge__analytics_clients/queries/q10_tenant_min__baseline__gac_fdw_dba_topk_raw__query_shape-tenant_min__cutoff_ts-2026-06-29-00-00-00-00__limit_k-100__include_apac-True.sql,1ffceae8ec4dc807efe850ad847328743196a4fc73e3da8ce9c3268b0eb210fe,"[""increase_gac_work_mem"",""regional_topk_candidates"",""mitigate_remote_path_bundle""]",explicit_panel_contract_and_result_equivalence,regional_topk_candidates,20260805T103347Z-dba-local-memory-panel-v1__n3-medium--1578307d7624--6-06-29-00-00-00-00__limit_k-100__include_apac-True,1.657778,1.6725292573066506,True,True
q10_tenant_min::run-3,28,q10_tenant_min,tenant_min,10,3,5,n3-medium-balanced-wide-global-dim-v1,eu_us_apac_gac,3,transport,20260805T104049Z-dba-local-memory-panel-v1__n3-medium--98951ece874b--6-06-29-00-00-00-00__limit_k-100__include_apac-True,5.284548,master-regimes/generated/corpus/dba-local-memory-v1/groups/dba-local-memory-panel-v1__n3-medium-balanced-wide-global-dim-v1__runtime-bundle-multi-edge__analytics_clients/queries/q10_tenant_min__baseline__gac_fdw_dba_topk_raw__query_shape-tenant_min__cutoff_ts-2026-06-29-00-00-00-00__limit_k-100__include_apac-True.sql,1ffceae8ec4dc807efe850ad847328743196a4fc73e3da8ce9c3268b0eb210fe,"[""increase_gac_work_mem"",""regional_topk_candidates"",""mitigate_remote_path_bundle""]",explicit_panel_contract_and_result_equivalence,mitigate_remote_path_bundle,20260805T102853Z-dba-local-memory-panel-v1__n3-medium--9a6fcb05733e--6-06-29-00-00-00-00__limit_k-100__include_apac-True,0.466732,3.5011137901178766,True,True
q10_tenant_min::run-4,29,q10_tenant_min,tenant_min,10,4,5,n3-medium-balanced-wide-global-dim-v1,eu_us_apac_gac,3,transport,20260805T104002Z-dba-local-memory-panel-v1__n3-medium--98951ece874b--6-06-29-00-00-00-00__limit_k-100__include_apac-True,5.180567,master-regimes/generated/corpus/dba-local-memory-v1/groups/dba-local-memory-panel-v1__n3-medium-balanced-wide-global-dim-v1__runtime-bundle-multi-edge__analytics_clients/queries/q10_tenant_min__baseline__gac_fdw_dba_topk_raw__query_shape-tenant_min__cutoff_ts-2026-06-29-00-00-00-00__limit_k-100__include_apac-True.sql,1ffceae8ec4dc807efe850ad847328743196a4fc73e3da8ce9c3268b0eb210fe,"[""increase_gac_work_mem"",""regional_topk_candidates"",""mitigate_remote_path_bundle""]",explicit_panel_contract_and_result_equivalence,increase_gac_work_mem,20260805T102416Z-dba-local-memory-panel-v1__n3-medium--c87a9485c8e7--6-06-29-00-00-00-00__limit_k-100__include_apac-True,5.209954,-0.00816062875198141,True,True
q10_tenant_min::run-4,29,q10_tenant_min,tenant_min,10,4,5,n3-medium-balanced-wide-global-dim-v1,eu_us_apac_gac,3,transport,20260805T104002Z-dba-local-memory-panel-v1__n3-medium--98951ece874b--6-06-29-00-00-00-00__limit_k-100__include_apac-True,5.180567,master-regimes/generated/corpus/dba-local-memory-v1/groups/dba-local-memory-panel-v1__n3-medium-balanced-wide-global-dim-v1__runtime-bundle-multi-edge__analytics_clients/queries/q10_tenant_min__baseline__gac_fdw_dba_topk_raw__query_shape-tenant_min__cutoff_ts-2026-06-29-00-00-00-00__limit_k-100__include_apac-True.sql,1ffceae8ec4dc807efe850ad847328743196a4fc73e3da8ce9c3268b0eb210fe,"[""increase_gac_work_mem"",""regional_topk_candidates"",""mitigate_remote_path_bundle""]",explicit_panel_contract_and_result_equivalence,regional_topk_candidates,20260805T103612Z-dba-local-memory-panel-v1__n3-medium--1578307d7624--6-06-29-00-00-00-00__limit_k-100__include_apac-True,1.678692,1.62577245151283,True,True
q10_tenant_min::run-4,29,q10_tenant_min,tenant_min,10,4,5,n3-medium-balanced-wide-global-dim-v1,eu_us_apac_gac,3,transport,20260805T104002Z-dba-local-memory-panel-v1__n3-medium--98951ece874b--6-06-29-00-00-00-00__limit_k-100__include_apac-True,5.180567,master-regimes/generated/corpus/dba-local-memory-v1/groups/dba-local-memory-panel-v1__n3-medium-balanced-wide-global-dim-v1__runtime-bundle-multi-edge__analytics_clients/queries/q10_tenant_min__baseline__gac_fdw_dba_topk_raw__query_shape-tenant_min__cutoff_ts-2026-06-29-00-00-00-00__limit_k-100__include_apac-True.sql,1ffceae8ec4dc807efe850ad847328743196a4fc73e3da8ce9c3268b0eb210fe,"[""increase_gac_work_mem"",""regional_topk_candidates"",""mitigate_remote_path_bundle""]",explicit_panel_contract_and_result_equivalence,mitigate_remote_path_bundle,20260805T103018Z-dba-local-memory-panel-v1__n3-medium--9a6fcb05733e--6-06-29-00-00-00-00__limit_k-100__include_apac-True,0.471424,3.458012893313503,True,True
q10_tenant_min::run-5,30,q10_tenant_min,tenant_min,10,5,5,n3-medium-balanced-wide-global-dim-v1,eu_us_apac_gac,3,transport,20260805T103440Z-dba-local-memory-panel-v1__n3-medium--98951ece874b--6-06-29-00-00-00-00__limit_k-100__include_apac-True,5.44602,master-regimes/generated/corpus/dba-local-memory-v1/groups/dba-local-memory-panel-v1__n3-medium-balanced-wide-global-dim-v1__runtime-bundle-multi-edge__analytics_clients/queries/q10_tenant_min__baseline__gac_fdw_dba_topk_raw__query_shape-tenant_min__cutoff_ts-2026-06-29-00-00-00-00__limit_k-100__include_apac-True.sql,1ffceae8ec4dc807efe850ad847328743196a4fc73e3da8ce9c3268b0eb210fe,"[""increase_gac_work_mem"",""regional_topk_candidates"",""mitigate_remote_path_bundle""]",explicit_panel_contract_and_result_equivalence,increase_gac_work_mem,20260805T102147Z-dba-local-memory-panel-v1__n3-medium--c87a9485c8e7--6-06-29-00-00-00-00__limit_k-100__include_apac-True,5.224963,0.05978145961062149,True,True
q10_tenant_min::run-5,30,q10_tenant_min,tenant_min,10,5,5,n3-medium-balanced-wide-global-dim-v1,eu_us_apac_gac,3,transport,20260805T103440Z-dba-local-memory-panel-v1__n3-medium--98951ece874b--6-06-29-00-00-00-00__limit_k-100__include_apac-True,5.44602,master-regimes/generated/corpus/dba-local-memory-v1/groups/dba-local-memory-panel-v1__n3-medium-balanced-wide-global-dim-v1__runtime-bundle-multi-edge__analytics_clients/queries/q10_tenant_min__baseline__gac_fdw_dba_topk_raw__query_shape-tenant_min__cutoff_ts-2026-06-29-00-00-00-00__limit_k-100__include_apac-True.sql,1ffceae8ec4dc807efe850ad847328743196a4fc73e3da8ce9c3268b0eb210fe,"[""increase_gac_work_mem"",""regional_topk_candidates"",""mitigate_remote_path_bundle""]",explicit_panel_contract_and_result_equivalence,regional_topk_candidates,20260805T103656Z-dba-local-memory-panel-v1__n3-medium--1578307d7624--6-06-29-00-00-00-00__limit_k-100__include_apac-True,1.658786,1.7150745043587334,True,True
q10_tenant_min::run-5,30,q10_tenant_min,tenant_min,10,5,5,n3-medium-balanced-wide-global-dim-v1,eu_us_apac_gac,3,transport,20260805T103440Z-dba-local-memory-panel-v1__n3-medium--98951ece874b--6-06-29-00-00-00-00__limit_k-100__include_apac-True,5.44602,master-regimes/generated/corpus/dba-local-memory-v1/groups/dba-local-memory-panel-v1__n3-medium-balanced-wide-global-dim-v1__runtime-bundle-multi-edge__analytics_clients/queries/q10_tenant_min__baseline__gac_fdw_dba_topk_raw__query_shape-tenant_min__cutoff_ts-2026-06-29-00-00-00-00__limit_k-100__include_apac-True.sql,1ffceae8ec4dc807efe850ad847328743196a4fc73e3da8ce9c3268b0eb210fe,"[""increase_gac_work_mem"",""regional_topk_candidates"",""mitigate_remote_path_bundle""]",explicit_panel_contract_and_result_equivalence,mitigate_remote_path_bundle,20260805T103100Z-dba-local-memory-panel-v1__n3-medium--9a6fcb05733e--6-06-29-00-00-00-00__limit_k-100__include_apac-True,0.484181,3.4915839085451066,True,True
q11_tenant_high_count::run-1,31,q11_tenant_high_count,tenant_high_count,11,1,1,n3-medium-balanced-wide-global-dim-v1,eu_us_apac_gac,3,memory,20260805T101804Z-dba-local-memory-panel-v1__n3-medium--0bdfcd2a8e64--6-06-24-00-00-00-00__limit_k-250__include_apac-True,2.199413,master-regimes/generated/corpus/dba-local-memory-v1/groups/dba-local-memory-panel-v1__n3-medium-balanced-wide-global-dim-v1__runtime-bundle-multi-edge__analytics_clients/queries/q11_tenant_high_count__baseline__gac_fdw_dba_topk_raw__query_shape-tenant_high_count__cutoff_ts-2026-06-24-00-00-00-00__limit_k-250__include_apac-True.sql,5e5d10fdfa8932055d31658300e8657de100e5a9a6617c3c715332b89e01839c,"[""increase_gac_work_mem"",""regional_topk_candidates"",""mitigate_remote_path_bundle""]",explicit_panel_contract_and_result_equivalence,increase_gac_work_mem,20260805T101205Z-dba-local-memory-panel-v1__n3-medium--1e9ee8768c4c--6-06-24-00-00-00-00__limit_k-250__include_apac-True,2.060981,0.09378733025735811,True,True
q11_tenant_high_count::run-1,31,q11_tenant_high_count,tenant_high_count,11,1,1,n3-medium-balanced-wide-global-dim-v1,eu_us_apac_gac,3,memory,20260805T101804Z-dba-local-memory-panel-v1__n3-medium--0bdfcd2a8e64--6-06-24-00-00-00-00__limit_k-250__include_apac-True,2.199413,master-regimes/generated/corpus/dba-local-memory-v1/groups/dba-local-memory-panel-v1__n3-medium-balanced-wide-global-dim-v1__runtime-bundle-multi-edge__analytics_clients/queries/q11_tenant_high_count__baseline__gac_fdw_dba_topk_raw__query_shape-tenant_high_count__cutoff_ts-2026-06-24-00-00-00-00__limit_k-250__include_apac-True.sql,5e5d10fdfa8932055d31658300e8657de100e5a9a6617c3c715332b89e01839c,"[""increase_gac_work_mem"",""regional_topk_candidates"",""mitigate_remote_path_bundle""]",explicit_panel_contract_and_result_equivalence,regional_topk_candidates,20260805T101900Z-dba-local-memory-panel-v1__n3-medium--07e1d7ea38f8--6-06-24-00-00-00-00__limit_k-250__include_apac-True,0.68168,1.689951973975143,True,True
q11_tenant_high_count::run-1,31,q11_tenant_high_count,tenant_high_count,11,1,1,n3-medium-balanced-wide-global-dim-v1,eu_us_apac_gac,3,memory,20260805T101804Z-dba-local-memory-panel-v1__n3-medium--0bdfcd2a8e64--6-06-24-00-00-00-00__limit_k-250__include_apac-True,2.199413,master-regimes/generated/corpus/dba-local-memory-v1/groups/dba-local-memory-panel-v1__n3-medium-balanced-wide-global-dim-v1__runtime-bundle-multi-edge__analytics_clients/queries/q11_tenant_high_count__baseline__gac_fdw_dba_topk_raw__query_shape-tenant_high_count__cutoff_ts-2026-06-24-00-00-00-00__limit_k-250__include_apac-True.sql,5e5d10fdfa8932055d31658300e8657de100e5a9a6617c3c715332b89e01839c,"[""increase_gac_work_mem"",""regional_topk_candidates"",""mitigate_remote_path_bundle""]",explicit_panel_contract_and_result_equivalence,mitigate_remote_path_bundle,20260805T101508Z-dba-local-memory-panel-v1__n3-medium--71a6b742b68f--6-06-24-00-00-00-00__limit_k-250__include_apac-True,0.964645,1.1890485176438446,True,True
q12_tenant_user_sum::run-1,32,q12_tenant_user_sum,tenant_user_sum,12,1,2,n3-medium-balanced-wide-global-dim-v1,eu_us_apac_gac,3,balanced,20260805T100604Z-dba-local-memory-panel-v1__n3-medium--f42c854b8a2a--6-06-17-00-00-00-00__limit_k-500__include_apac-True,10.10244,master-regimes/generated/corpus/dba-local-memory-v1/groups/dba-local-memory-panel-v1__n3-medium-balanced-wide-global-dim-v1__runtime-bundle-multi-edge__analytics_clients/queries/q12_tenant_user_sum__baseline__gac_fdw_dba_topk_raw__query_shape-tenant_user_sum__cutoff_ts-2026-06-17-00-00-00-00__limit_k-500__include_apac-True.sql,78f49b835f2ec263b24cbefa86d9c89533b4c254bff2e0e54dc23ae3e08a65f4,"[""increase_gac_work_mem"",""regional_topk_candidates"",""mitigate_remote_path_bundle""]",explicit_panel_contract_and_result_equivalence,increase_gac_work_mem,20260805T094937Z-dba-local-memory-panel-v1__n3-medium--a58fe3276da9--6-06-17-00-00-00-00__limit_k-500__include_apac-True,9.677147,0.062050100748358566,True,True
q12_tenant_user_sum::run-1,32,q12_tenant_user_sum,tenant_user_sum,12,1,2,n3-medium-balanced-wide-global-dim-v1,eu_us_apac_gac,3,balanced,20260805T100604Z-dba-local-memory-panel-v1__n3-medium--f42c854b8a2a--6-06-17-00-00-00-00__limit_k-500__include_apac-True,10.10244,master-regimes/generated/corpus/dba-local-memory-v1/groups/dba-local-memory-panel-v1__n3-medium-balanced-wide-global-dim-v1__runtime-bundle-multi-edge__analytics_clients/queries/q12_tenant_user_sum__baseline__gac_fdw_dba_topk_raw__query_shape-tenant_user_sum__cutoff_ts-2026-06-17-00-00-00-00__limit_k-500__include_apac-True.sql,78f49b835f2ec263b24cbefa86d9c89533b4c254bff2e0e54dc23ae3e08a65f4,"[""increase_gac_work_mem"",""regional_topk_candidates"",""mitigate_remote_path_bundle""]",explicit_panel_contract_and_result_equivalence,regional_topk_candidates,20260805T100302Z-dba-local-memory-panel-v1__n3-medium--5db82a81269f--6-06-17-00-00-00-00__limit_k-500__include_apac-True,1.530969,2.722186807479819,True,True
q12_tenant_user_sum::run-1,32,q12_tenant_user_sum,tenant_user_sum,12,1,2,n3-medium-balanced-wide-global-dim-v1,eu_us_apac_gac,3,balanced,20260805T100604Z-dba-local-memory-panel-v1__n3-medium--f42c854b8a2a--6-06-17-00-00-00-00__limit_k-500__include_apac-True,10.10244,master-regimes/generated/corpus/dba-local-memory-v1/groups/dba-local-memory-panel-v1__n3-medium-balanced-wide-global-dim-v1__runtime-bundle-multi-edge__analytics_clients/queries/q12_tenant_user_sum__baseline__gac_fdw_dba_topk_raw__query_shape-tenant_user_sum__cutoff_ts-2026-06-17-00-00-00-00__limit_k-500__include_apac-True.sql,78f49b835f2ec263b24cbefa86d9c89533b4c254bff2e0e54dc23ae3e08a65f4,"[""increase_gac_work_mem"",""regional_topk_candidates"",""mitigate_remote_path_bundle""]",explicit_panel_contract_and_result_equivalence,mitigate_remote_path_bundle,20260805T095710Z-dba-local-memory-panel-v1__n3-medium--09b4f73bb937--6-06-17-00-00-00-00__limit_k-500__include_apac-True,1.662233,2.6035092550253798,True,True
q12_tenant_user_sum::run-2,33,q12_tenant_user_sum,tenant_user_sum,12,2,2,n3-medium-balanced-wide-global-dim-v1,eu_us_apac_gac,3,balanced,20260805T100346Z-dba-local-memory-panel-v1__n3-medium--f42c854b8a2a--6-06-17-00-00-00-00__limit_k-500__include_apac-True,9.618568,master-regimes/generated/corpus/dba-local-memory-v1/groups/dba-local-memory-panel-v1__n3-medium-balanced-wide-global-dim-v1__runtime-bundle-multi-edge__analytics_clients/queries/q12_tenant_user_sum__baseline__gac_fdw_dba_topk_raw__query_shape-tenant_user_sum__cutoff_ts-2026-06-17-00-00-00-00__limit_k-500__include_apac-True.sql,78f49b835f2ec263b24cbefa86d9c89533b4c254bff2e0e54dc23ae3e08a65f4,"[""increase_gac_work_mem"",""regional_topk_candidates"",""mitigate_remote_path_bundle""]",explicit_panel_contract_and_result_equivalence,increase_gac_work_mem,20260805T094846Z-dba-local-memory-panel-v1__n3-medium--a58fe3276da9--6-06-17-00-00-00-00__limit_k-500__include_apac-True,9.311298,0.046839829129599345,True,True
q12_tenant_user_sum::run-2,33,q12_tenant_user_sum,tenant_user_sum,12,2,2,n3-medium-balanced-wide-global-dim-v1,eu_us_apac_gac,3,balanced,20260805T100346Z-dba-local-memory-panel-v1__n3-medium--f42c854b8a2a--6-06-17-00-00-00-00__limit_k-500__include_apac-True,9.618568,master-regimes/generated/corpus/dba-local-memory-v1/groups/dba-local-memory-panel-v1__n3-medium-balanced-wide-global-dim-v1__runtime-bundle-multi-edge__analytics_clients/queries/q12_tenant_user_sum__baseline__gac_fdw_dba_topk_raw__query_shape-tenant_user_sum__cutoff_ts-2026-06-17-00-00-00-00__limit_k-500__include_apac-True.sql,78f49b835f2ec263b24cbefa86d9c89533b4c254bff2e0e54dc23ae3e08a65f4,"[""increase_gac_work_mem"",""regional_topk_candidates"",""mitigate_remote_path_bundle""]",explicit_panel_contract_and_result_equivalence,regional_topk_candidates,20260805T100521Z-dba-local-memory-panel-v1__n3-medium--5db82a81269f--6-06-17-00-00-00-00__limit_k-500__include_apac-True,1.540315,2.642596705948222,True,True
q12_tenant_user_sum::run-2,33,q12_tenant_user_sum,tenant_user_sum,12,2,2,n3-medium-balanced-wide-global-dim-v1,eu_us_apac_gac,3,balanced,20260805T100346Z-dba-local-memory-panel-v1__n3-medium--f42c854b8a2a--6-06-17-00-00-00-00__limit_k-500__include_apac-True,9.618568,master-regimes/generated/corpus/dba-local-memory-v1/groups/dba-local-memory-panel-v1__n3-medium-balanced-wide-global-dim-v1__runtime-bundle-multi-edge__analytics_clients/queries/q12_tenant_user_sum__baseline__gac_fdw_dba_topk_raw__query_shape-tenant_user_sum__cutoff_ts-2026-06-17-00-00-00-00__limit_k-500__include_apac-True.sql,78f49b835f2ec263b24cbefa86d9c89533b4c254bff2e0e54dc23ae3e08a65f4,"[""increase_gac_work_mem"",""regional_topk_candidates"",""mitigate_remote_path_bundle""]",explicit_panel_contract_and_result_equivalence,mitigate_remote_path_bundle,20260805T095626Z-dba-local-memory-panel-v1__n3-medium--09b4f73bb937--6-06-17-00-00-00-00__limit_k-500__include_apac-True,1.841464,2.3849689300931085,True,True
q13_tenant_user_count::run-1,34,q13_tenant_user_count,tenant_user_count,13,1,3,n3-large-balanced-wide-global-dim-v1,eu_us_apac_gac,3,transport,20260805T093947Z-dba-local-memory-panel-v1__n3-large---a6d799af91a2--26-06-30-00-00-00-00__limit_k-50__include_apac-True,11.057233,master-regimes/generated/corpus/dba-local-memory-v1/groups/dba-local-memory-panel-v1__n3-large-balanced-wide-global-dim-v1__runtime-bundle-multi-edge__analytics_clients/queries/q13_tenant_user_count__baseline__gac_fdw_dba_topk_raw__query_shape-tenant_user_count__cutoff_ts-2026-06-30-00-00-00-00__limit_k-50__include_apac-True.sql,8abd4dad5be8a8b072675fe97f3c25d8b29f0a4ad601501d7ca205a8f9a80277,"[""increase_gac_work_mem"",""regional_topk_candidates"",""mitigate_remote_path_bundle""]",explicit_panel_contract_and_result_equivalence,increase_gac_work_mem,20260805T092934Z-dba-local-memory-panel-v1__n3-large---36c018199644--26-06-30-00-00-00-00__limit_k-50__include_apac-True,11.187589,-0.016908753643356846,True,True
q13_tenant_user_count::run-1,34,q13_tenant_user_count,tenant_user_count,13,1,3,n3-large-balanced-wide-global-dim-v1,eu_us_apac_gac,3,transport,20260805T093947Z-dba-local-memory-panel-v1__n3-large---a6d799af91a2--26-06-30-00-00-00-00__limit_k-50__include_apac-True,11.057233,master-regimes/generated/corpus/dba-local-memory-v1/groups/dba-local-memory-panel-v1__n3-large-balanced-wide-global-dim-v1__runtime-bundle-multi-edge__analytics_clients/queries/q13_tenant_user_count__baseline__gac_fdw_dba_topk_raw__query_shape-tenant_user_count__cutoff_ts-2026-06-30-00-00-00-00__limit_k-50__include_apac-True.sql,8abd4dad5be8a8b072675fe97f3c25d8b29f0a4ad601501d7ca205a8f9a80277,"[""increase_gac_work_mem"",""regional_topk_candidates"",""mitigate_remote_path_bundle""]",explicit_panel_contract_and_result_equivalence,regional_topk_candidates,20260805T093800Z-dba-local-memory-panel-v1__n3-large---b0aa8e52ccff--26-06-30-00-00-00-00__limit_k-50__include_apac-True,1.910086,2.533280904815219,True,True
q13_tenant_user_count::run-1,34,q13_tenant_user_count,tenant_user_count,13,1,3,n3-large-balanced-wide-global-dim-v1,eu_us_apac_gac,3,transport,20260805T093947Z-dba-local-memory-panel-v1__n3-large---a6d799af91a2--26-06-30-00-00-00-00__limit_k-50__include_apac-True,11.057233,master-regimes/generated/corpus/dba-local-memory-v1/groups/dba-local-memory-panel-v1__n3-large-balanced-wide-global-dim-v1__runtime-bundle-multi-edge__analytics_clients/queries/q13_tenant_user_count__baseline__gac_fdw_dba_topk_raw__query_shape-tenant_user_count__cutoff_ts-2026-06-30-00-00-00-00__limit_k-50__include_apac-True.sql,8abd4dad5be8a8b072675fe97f3c25d8b29f0a4ad601501d7ca205a8f9a80277,"[""increase_gac_work_mem"",""regional_topk_candidates"",""mitigate_remote_path_bundle""]",explicit_panel_contract_and_result_equivalence,mitigate_remote_path_bundle,20260805T093428Z-dba-local-memory-panel-v1__n3-large---9449c60a7ac4--26-06-30-00-00-00-00__limit_k-50__include_apac-True,0.922933,3.582620675817098,True,True
q13_tenant_user_count::run-2,35,q13_tenant_user_count,tenant_user_count,13,2,3,n3-large-balanced-wide-global-dim-v1,eu_us_apac_gac,3,transport,20260805T094135Z-dba-local-memory-panel-v1__n3-large---a6d799af91a2--26-06-30-00-00-00-00__limit_k-50__include_apac-True,10.876636,master-regimes/generated/corpus/dba-local-memory-v1/groups/dba-local-memory-panel-v1__n3-large-balanced-wide-global-dim-v1__runtime-bundle-multi-edge__analytics_clients/queries/q13_tenant_user_count__baseline__gac_fdw_dba_topk_raw__query_shape-tenant_user_count__cutoff_ts-2026-06-30-00-00-00-00__limit_k-50__include_apac-True.sql,8abd4dad5be8a8b072675fe97f3c25d8b29f0a4ad601501d7ca205a8f9a80277,"[""increase_gac_work_mem"",""regional_topk_candidates"",""mitigate_remote_path_bundle""]",explicit_panel_contract_and_result_equivalence,increase_gac_work_mem,20260805T093038Z-dba-local-memory-panel-v1__n3-large---36c018199644--26-06-30-00-00-00-00__limit_k-50__include_apac-True,10.875011,0.00021555879844904565,True,True
q13_tenant_user_count::run-2,35,q13_tenant_user_count,tenant_user_count,13,2,3,n3-large-balanced-wide-global-dim-v1,eu_us_apac_gac,3,transport,20260805T094135Z-dba-local-memory-panel-v1__n3-large---a6d799af91a2--26-06-30-00-00-00-00__limit_k-50__include_apac-True,10.876636,master-regimes/generated/corpus/dba-local-memory-v1/groups/dba-local-memory-panel-v1__n3-large-balanced-wide-global-dim-v1__runtime-bundle-multi-edge__analytics_clients/queries/q13_tenant_user_count__baseline__gac_fdw_dba_topk_raw__query_shape-tenant_user_count__cutoff_ts-2026-06-30-00-00-00-00__limit_k-50__include_apac-True.sql,8abd4dad5be8a8b072675fe97f3c25d8b29f0a4ad601501d7ca205a8f9a80277,"[""increase_gac_work_mem"",""regional_topk_candidates"",""mitigate_remote_path_bundle""]",explicit_panel_contract_and_result_equivalence,regional_topk_candidates,20260805T094228Z-dba-local-memory-panel-v1__n3-large---b0aa8e52ccff--26-06-30-00-00-00-00__limit_k-50__include_apac-True,1.937362,2.489066964314711,True,True
q13_tenant_user_count::run-2,35,q13_tenant_user_count,tenant_user_count,13,2,3,n3-large-balanced-wide-global-dim-v1,eu_us_apac_gac,3,transport,20260805T094135Z-dba-local-memory-panel-v1__n3-large---a6d799af91a2--26-06-30-00-00-00-00__limit_k-50__include_apac-True,10.876636,master-regimes/generated/corpus/dba-local-memory-v1/groups/dba-local-memory-panel-v1__n3-large-balanced-wide-global-dim-v1__runtime-bundle-multi-edge__analytics_clients/queries/q13_tenant_user_count__baseline__gac_fdw_dba_topk_raw__query_shape-tenant_user_count__cutoff_ts-2026-06-30-00-00-00-00__limit_k-50__include_apac-True.sql,8abd4dad5be8a8b072675fe97f3c25d8b29f0a4ad601501d7ca205a8f9a80277,"[""increase_gac_work_mem"",""regional_topk_candidates"",""mitigate_remote_path_bundle""]",explicit_panel_contract_and_result_equivalence,mitigate_remote_path_bundle,20260805T093512Z-dba-local-memory-panel-v1__n3-large---9449c60a7ac4--26-06-30-00-00-00-00__limit_k-50__include_apac-True,1.011078,3.427266215127879,True,True
q13_tenant_user_count::run-3,36,q13_tenant_user_count,tenant_user_count,13,3,3,n3-large-balanced-wide-global-dim-v1,eu_us_apac_gac,3,transport,20260805T093855Z-dba-local-memory-panel-v1__n3-large---a6d799af91a2--26-06-30-00-00-00-00__limit_k-50__include_apac-True,10.89305,master-regimes/generated/corpus/dba-local-memory-v1/groups/dba-local-memory-panel-v1__n3-large-balanced-wide-global-dim-v1__runtime-bundle-multi-edge__analytics_clients/queries/q13_tenant_user_count__baseline__gac_fdw_dba_topk_raw__query_shape-tenant_user_count__cutoff_ts-2026-06-30-00-00-00-00__limit_k-50__include_apac-True.sql,8abd4dad5be8a8b072675fe97f3c25d8b29f0a4ad601501d7ca205a8f9a80277,"[""increase_gac_work_mem"",""regional_topk_candidates"",""mitigate_remote_path_bundle""]",explicit_panel_contract_and_result_equivalence,increase_gac_work_mem,20260805T092832Z-dba-local-memory-panel-v1__n3-large---36c018199644--26-06-30-00-00-00-00__limit_k-50__include_apac-True,10.876159,0.0022388104984377563,True,True
q13_tenant_user_count::run-3,36,q13_tenant_user_count,tenant_user_count,13,3,3,n3-large-balanced-wide-global-dim-v1,eu_us_apac_gac,3,transport,20260805T093855Z-dba-local-memory-panel-v1__n3-large---a6d799af91a2--26-06-30-00-00-00-00__limit_k-50__include_apac-True,10.89305,master-regimes/generated/corpus/dba-local-memory-v1/groups/dba-local-memory-panel-v1__n3-large-balanced-wide-global-dim-v1__runtime-bundle-multi-edge__analytics_clients/queries/q13_tenant_user_count__baseline__gac_fdw_dba_topk_raw__query_shape-tenant_user_count__cutoff_ts-2026-06-30-00-00-00-00__limit_k-50__include_apac-True.sql,8abd4dad5be8a8b072675fe97f3c25d8b29f0a4ad601501d7ca205a8f9a80277,"[""increase_gac_work_mem"",""regional_topk_candidates"",""mitigate_remote_path_bundle""]",explicit_panel_contract_and_result_equivalence,regional_topk_candidates,20260805T094052Z-dba-local-memory-panel-v1__n3-large---b0aa8e52ccff--26-06-30-00-00-00-00__limit_k-50__include_apac-True,1.936573,2.4918301675269805,True,True
q13_tenant_user_count::run-3,36,q13_tenant_user_count,tenant_user_count,13,3,3,n3-large-balanced-wide-global-dim-v1,eu_us_apac_gac,3,transport,20260805T093855Z-dba-local-memory-panel-v1__n3-large---a6d799af91a2--26-06-30-00-00-00-00__limit_k-50__include_apac-True,10.89305,master-regimes/generated/corpus/dba-local-memory-v1/groups/dba-local-memory-panel-v1__n3-large-balanced-wide-global-dim-v1__runtime-bundle-multi-edge__analytics_clients/queries/q13_tenant_user_count__baseline__gac_fdw_dba_topk_raw__query_shape-tenant_user_count__cutoff_ts-2026-06-30-00-00-00-00__limit_k-50__include_apac-True.sql,8abd4dad5be8a8b072675fe97f3c25d8b29f0a4ad601501d7ca205a8f9a80277,"[""increase_gac_work_mem"",""regional_topk_candidates"",""mitigate_remote_path_bundle""]",explicit_panel_contract_and_result_equivalence,mitigate_remote_path_bundle,20260805T093335Z-dba-local-memory-panel-v1__n3-large---9449c60a7ac4--26-06-30-00-00-00-00__limit_k-50__include_apac-True,1.014179,3.425023746163733,True,True
q14_tenant_day_sum::run-1,37,q14_tenant_day_sum,tenant_day_sum,14,1,4,n3-large-balanced-wide-global-dim-v1,eu_us_apac_gac,3,memory,20260805T091919Z-dba-local-memory-panel-v1__n3-large---d36b553bf85c--6-06-24-00-00-00-00__limit_k-100__include_apac-True,9.034733,master-regimes/generated/corpus/dba-local-memory-v1/groups/dba-local-memory-panel-v1__n3-large-balanced-wide-global-dim-v1__runtime-bundle-multi-edge__analytics_clients/queries/q14_tenant_day_sum__baseline__gac_fdw_dba_topk_raw__query_shape-tenant_day_sum__cutoff_ts-2026-06-24-00-00-00-00__limit_k-100__include_apac-True.sql,44073d33245743b2bdd8be67d3286ec8caaa2e4cceb2969efcfaa87d76883995,"[""increase_gac_work_mem"",""regional_topk_candidates"",""mitigate_remote_path_bundle""]",explicit_panel_contract_and_result_equivalence,increase_gac_work_mem,20260805T090910Z-dba-local-memory-panel-v1__n3-large---644977253482--6-06-24-00-00-00-00__limit_k-100__include_apac-True,8.645488,0.0635345663129016,True,True
q14_tenant_day_sum::run-1,37,q14_tenant_day_sum,tenant_day_sum,14,1,4,n3-large-balanced-wide-global-dim-v1,eu_us_apac_gac,3,memory,20260805T091919Z-dba-local-memory-panel-v1__n3-large---d36b553bf85c--6-06-24-00-00-00-00__limit_k-100__include_apac-True,9.034733,master-regimes/generated/corpus/dba-local-memory-v1/groups/dba-local-memory-panel-v1__n3-large-balanced-wide-global-dim-v1__runtime-bundle-multi-edge__analytics_clients/queries/q14_tenant_day_sum__baseline__gac_fdw_dba_topk_raw__query_shape-tenant_day_sum__cutoff_ts-2026-06-24-00-00-00-00__limit_k-100__include_apac-True.sql,44073d33245743b2bdd8be67d3286ec8caaa2e4cceb2969efcfaa87d76883995,"[""increase_gac_work_mem"",""regional_topk_candidates"",""mitigate_remote_path_bundle""]",explicit_panel_contract_and_result_equivalence,regional_topk_candidates,20260805T092530Z-dba-local-memory-panel-v1__n3-large---b1589c478484--6-06-24-00-00-00-00__limit_k-100__include_apac-True,7.413541,0.2853191710203477,True,True
q14_tenant_day_sum::run-1,37,q14_tenant_day_sum,tenant_day_sum,14,1,4,n3-large-balanced-wide-global-dim-v1,eu_us_apac_gac,3,memory,20260805T091919Z-dba-local-memory-panel-v1__n3-large---d36b553bf85c--6-06-24-00-00-00-00__limit_k-100__include_apac-True,9.034733,master-regimes/generated/corpus/dba-local-memory-v1/groups/dba-local-memory-panel-v1__n3-large-balanced-wide-global-dim-v1__runtime-bundle-multi-edge__analytics_clients/queries/q14_tenant_day_sum__baseline__gac_fdw_dba_topk_raw__query_shape-tenant_day_sum__cutoff_ts-2026-06-24-00-00-00-00__limit_k-100__include_apac-True.sql,44073d33245743b2bdd8be67d3286ec8caaa2e4cceb2969efcfaa87d76883995,"[""increase_gac_work_mem"",""regional_topk_candidates"",""mitigate_remote_path_bundle""]",explicit_panel_contract_and_result_equivalence,mitigate_remote_path_bundle,20260805T091625Z-dba-local-memory-panel-v1__n3-large---23a3ba2c7e62--6-06-24-00-00-00-00__limit_k-100__include_apac-True,3.84354,1.233046283532483,True,True
q14_tenant_day_sum::run-2,38,q14_tenant_day_sum,tenant_day_sum,14,2,4,n3-large-balanced-wide-global-dim-v1,eu_us_apac_gac,3,memory,20260805T092348Z-dba-local-memory-panel-v1__n3-large---d36b553bf85c--6-06-24-00-00-00-00__limit_k-100__include_apac-True,9.406107,master-regimes/generated/corpus/dba-local-memory-v1/groups/dba-local-memory-panel-v1__n3-large-balanced-wide-global-dim-v1__runtime-bundle-multi-edge__analytics_clients/queries/q14_tenant_day_sum__baseline__gac_fdw_dba_topk_raw__query_shape-tenant_day_sum__cutoff_ts-2026-06-24-00-00-00-00__limit_k-100__include_apac-True.sql,44073d33245743b2bdd8be67d3286ec8caaa2e4cceb2969efcfaa87d76883995,"[""increase_gac_work_mem"",""regional_topk_candidates"",""mitigate_remote_path_bundle""]",explicit_panel_contract_and_result_equivalence,increase_gac_work_mem,20260805T091101Z-dba-local-memory-panel-v1__n3-large---644977253482--6-06-24-00-00-00-00__limit_k-100__include_apac-True,8.741648,0.10569245751190004,True,True
q14_tenant_day_sum::run-2,38,q14_tenant_day_sum,tenant_day_sum,14,2,4,n3-large-balanced-wide-global-dim-v1,eu_us_apac_gac,3,memory,20260805T092348Z-dba-local-memory-panel-v1__n3-large---d36b553bf85c--6-06-24-00-00-00-00__limit_k-100__include_apac-True,9.406107,master-regimes/generated/corpus/dba-local-memory-v1/groups/dba-local-memory-panel-v1__n3-large-balanced-wide-global-dim-v1__runtime-bundle-multi-edge__analytics_clients/queries/q14_tenant_day_sum__baseline__gac_fdw_dba_topk_raw__query_shape-tenant_day_sum__cutoff_ts-2026-06-24-00-00-00-00__limit_k-100__include_apac-True.sql,44073d33245743b2bdd8be67d3286ec8caaa2e4cceb2969efcfaa87d76883995,"[""increase_gac_work_mem"",""regional_topk_candidates"",""mitigate_remote_path_bundle""]",explicit_panel_contract_and_result_equivalence,regional_topk_candidates,20260805T092259Z-dba-local-memory-panel-v1__n3-large---b1589c478484--6-06-24-00-00-00-00__limit_k-100__include_apac-True,7.383922,0.3492104306271075,True,True
q14_tenant_day_sum::run-2,38,q14_tenant_day_sum,tenant_day_sum,14,2,4,n3-large-balanced-wide-global-dim-v1,eu_us_apac_gac,3,memory,20260805T092348Z-dba-local-memory-panel-v1__n3-large---d36b553bf85c--6-06-24-00-00-00-00__limit_k-100__include_apac-True,9.406107,master-regimes/generated/corpus/dba-local-memory-v1/groups/dba-local-memory-panel-v1__n3-large-balanced-wide-global-dim-v1__runtime-bundle-multi-edge__analytics_clients/queries/q14_tenant_day_sum__baseline__gac_fdw_dba_topk_raw__query_shape-tenant_day_sum__cutoff_ts-2026-06-24-00-00-00-00__limit_k-100__include_apac-True.sql,44073d33245743b2bdd8be67d3286ec8caaa2e4cceb2969efcfaa87d76883995,"[""increase_gac_work_mem"",""regional_topk_candidates"",""mitigate_remote_path_bundle""]",explicit_panel_contract_and_result_equivalence,mitigate_remote_path_bundle,20260805T091539Z-dba-local-memory-panel-v1__n3-large---23a3ba2c7e62--6-06-24-00-00-00-00__limit_k-100__include_apac-True,3.766484,1.3203793430096975,True,True
q14_tenant_day_sum::run-3,39,q14_tenant_day_sum,tenant_day_sum,14,3,4,n3-large-balanced-wide-global-dim-v1,eu_us_apac_gac,3,memory,20260805T092029Z-dba-local-memory-panel-v1__n3-large---d36b553bf85c--6-06-24-00-00-00-00__limit_k-100__include_apac-True,9.193089,master-regimes/generated/corpus/dba-local-memory-v1/groups/dba-local-memory-panel-v1__n3-large-balanced-wide-global-dim-v1__runtime-bundle-multi-edge__analytics_clients/queries/q14_tenant_day_sum__baseline__gac_fdw_dba_topk_raw__query_shape-tenant_day_sum__cutoff_ts-2026-06-24-00-00-00-00__limit_k-100__include_apac-True.sql,44073d33245743b2bdd8be67d3286ec8caaa2e4cceb2969efcfaa87d76883995,"[""increase_gac_work_mem"",""regional_topk_candidates"",""mitigate_remote_path_bundle""]",explicit_panel_contract_and_result_equivalence,increase_gac_work_mem,20260805T091010Z-dba-local-memory-panel-v1__n3-large---644977253482--6-06-24-00-00-00-00__limit_k-100__include_apac-True,8.899374,0.04684585011524296,True,True
q14_tenant_day_sum::run-3,39,q14_tenant_day_sum,tenant_day_sum,14,3,4,n3-large-balanced-wide-global-dim-v1,eu_us_apac_gac,3,memory,20260805T092029Z-dba-local-memory-panel-v1__n3-large---d36b553bf85c--6-06-24-00-00-00-00__limit_k-100__include_apac-True,9.193089,master-regimes/generated/corpus/dba-local-memory-v1/groups/dba-local-memory-panel-v1__n3-large-balanced-wide-global-dim-v1__runtime-bundle-multi-edge__analytics_clients/queries/q14_tenant_day_sum__baseline__gac_fdw_dba_topk_raw__query_shape-tenant_day_sum__cutoff_ts-2026-06-24-00-00-00-00__limit_k-100__include_apac-True.sql,44073d33245743b2bdd8be67d3286ec8caaa2e4cceb2969efcfaa87d76883995,"[""increase_gac_work_mem"",""regional_topk_candidates"",""mitigate_remote_path_bundle""]",explicit_panel_contract_and_result_equivalence,regional_topk_candidates,20260805T092120Z-dba-local-memory-panel-v1__n3-large---b1589c478484--6-06-24-00-00-00-00__limit_k-100__include_apac-True,7.475886,0.29830513811806814,True,True
q14_tenant_day_sum::run-3,39,q14_tenant_day_sum,tenant_day_sum,14,3,4,n3-large-balanced-wide-global-dim-v1,eu_us_apac_gac,3,memory,20260805T092029Z-dba-local-memory-panel-v1__n3-large---d36b553bf85c--6-06-24-00-00-00-00__limit_k-100__include_apac-True,9.193089,master-regimes/generated/corpus/dba-local-memory-v1/groups/dba-local-memory-panel-v1__n3-large-balanced-wide-global-dim-v1__runtime-bundle-multi-edge__analytics_clients/queries/q14_tenant_day_sum__baseline__gac_fdw_dba_topk_raw__query_shape-tenant_day_sum__cutoff_ts-2026-06-24-00-00-00-00__limit_k-100__include_apac-True.sql,44073d33245743b2bdd8be67d3286ec8caaa2e4cceb2969efcfaa87d76883995,"[""increase_gac_work_mem"",""regional_topk_candidates"",""mitigate_remote_path_bundle""]",explicit_panel_contract_and_result_equivalence,mitigate_remote_path_bundle,20260805T091357Z-dba-local-memory-panel-v1__n3-large---23a3ba2c7e62--6-06-24-00-00-00-00__limit_k-100__include_apac-True,3.924223,1.2281426804223365,True,True
q14_tenant_day_sum::run-4,40,q14_tenant_day_sum,tenant_day_sum,14,4,4,n3-large-balanced-wide-global-dim-v1,eu_us_apac_gac,3,memory,20260805T092209Z-dba-local-memory-panel-v1__n3-large---d36b553bf85c--6-06-24-00-00-00-00__limit_k-100__include_apac-True,9.050832,master-regimes/generated/corpus/dba-local-memory-v1/groups/dba-local-memory-panel-v1__n3-large-balanced-wide-global-dim-v1__runtime-bundle-multi-edge__analytics_clients/queries/q14_tenant_day_sum__baseline__gac_fdw_dba_topk_raw__query_shape-tenant_day_sum__cutoff_ts-2026-06-24-00-00-00-00__limit_k-100__include_apac-True.sql,44073d33245743b2bdd8be67d3286ec8caaa2e4cceb2969efcfaa87d76883995,"[""increase_gac_work_mem"",""regional_topk_candidates"",""mitigate_remote_path_bundle""]",explicit_panel_contract_and_result_equivalence,increase_gac_work_mem,20260805T090809Z-dba-local-memory-panel-v1__n3-large---644977253482--6-06-24-00-00-00-00__limit_k-100__include_apac-True,8.698839,0.057227555446653755,True,True
q14_tenant_day_sum::run-4,40,q14_tenant_day_sum,tenant_day_sum,14,4,4,n3-large-balanced-wide-global-dim-v1,eu_us_apac_gac,3,memory,20260805T092209Z-dba-local-memory-panel-v1__n3-large---d36b553bf85c--6-06-24-00-00-00-00__limit_k-100__include_apac-True,9.050832,master-regimes/generated/corpus/dba-local-memory-v1/groups/dba-local-memory-panel-v1__n3-large-balanced-wide-global-dim-v1__runtime-bundle-multi-edge__analytics_clients/queries/q14_tenant_day_sum__baseline__gac_fdw_dba_topk_raw__query_shape-tenant_day_sum__cutoff_ts-2026-06-24-00-00-00-00__limit_k-100__include_apac-True.sql,44073d33245743b2bdd8be67d3286ec8caaa2e4cceb2969efcfaa87d76883995,"[""increase_gac_work_mem"",""regional_topk_candidates"",""mitigate_remote_path_bundle""]",explicit_panel_contract_and_result_equivalence,regional_topk_candidates,20260805T092440Z-dba-local-memory-panel-v1__n3-large---b1589c478484--6-06-24-00-00-00-00__limit_k-100__include_apac-True,8.325028,0.12059529391161472,True,True
q14_tenant_day_sum::run-4,40,q14_tenant_day_sum,tenant_day_sum,14,4,4,n3-large-balanced-wide-global-dim-v1,eu_us_apac_gac,3,memory,20260805T092209Z-dba-local-memory-panel-v1__n3-large---d36b553bf85c--6-06-24-00-00-00-00__limit_k-100__include_apac-True,9.050832,master-regimes/generated/corpus/dba-local-memory-v1/groups/dba-local-memory-panel-v1__n3-large-balanced-wide-global-dim-v1__runtime-bundle-multi-edge__analytics_clients/queries/q14_tenant_day_sum__baseline__gac_fdw_dba_topk_raw__query_shape-tenant_day_sum__cutoff_ts-2026-06-24-00-00-00-00__limit_k-100__include_apac-True.sql,44073d33245743b2bdd8be67d3286ec8caaa2e4cceb2969efcfaa87d76883995,"[""increase_gac_work_mem"",""regional_topk_candidates"",""mitigate_remote_path_bundle""]",explicit_panel_contract_and_result_equivalence,mitigate_remote_path_bundle,20260805T091452Z-dba-local-memory-panel-v1__n3-large---23a3ba2c7e62--6-06-24-00-00-00-00__limit_k-100__include_apac-True,3.987225,1.1826653991582703,True,True
q15_tenant_day_count::run-1,41,q15_tenant_day_count,tenant_day_count,15,1,5,n3-large-balanced-wide-global-dim-v1,eu_us_apac_gac,3,balanced,20260805T085706Z-dba-local-memory-panel-v1__n3-large---d0fd82b71b2b--6-06-17-00-00-00-00__limit_k-250__include_apac-True,43.305353,master-regimes/generated/corpus/dba-local-memory-v1/groups/dba-local-memory-panel-v1__n3-large-balanced-wide-global-dim-v1__runtime-bundle-multi-edge__analytics_clients/queries/q15_tenant_day_count__baseline__gac_fdw_dba_topk_raw__query_shape-tenant_day_count__cutoff_ts-2026-06-17-00-00-00-00__limit_k-250__include_apac-True.sql,0a85603a4adfceca9159f8d60d621bb9b8b84fb3eb21b6d02815abb8ca0c6ca9,"[""increase_gac_work_mem"",""regional_topk_candidates"",""mitigate_remote_path_bundle""]",explicit_panel_contract_and_result_equivalence,increase_gac_work_mem,20260805T083849Z-dba-local-memory-panel-v1__n3-large---772ce786e631--6-06-17-00-00-00-00__limit_k-250__include_apac-True,43.314536,-0.0003058943797565674,True,True
q15_tenant_day_count::run-1,41,q15_tenant_day_count,tenant_day_count,15,1,5,n3-large-balanced-wide-global-dim-v1,eu_us_apac_gac,3,balanced,20260805T085706Z-dba-local-memory-panel-v1__n3-large---d0fd82b71b2b--6-06-17-00-00-00-00__limit_k-250__include_apac-True,43.305353,master-regimes/generated/corpus/dba-local-memory-v1/groups/dba-local-memory-panel-v1__n3-large-balanced-wide-global-dim-v1__runtime-bundle-multi-edge__analytics_clients/queries/q15_tenant_day_count__baseline__gac_fdw_dba_topk_raw__query_shape-tenant_day_count__cutoff_ts-2026-06-17-00-00-00-00__limit_k-250__include_apac-True.sql,0a85603a4adfceca9159f8d60d621bb9b8b84fb3eb21b6d02815abb8ca0c6ca9,"[""increase_gac_work_mem"",""regional_topk_candidates"",""mitigate_remote_path_bundle""]",explicit_panel_contract_and_result_equivalence,regional_topk_candidates,20260805T085057Z-dba-local-memory-panel-v1__n3-large---ef20e92d5da7--6-06-17-00-00-00-00__limit_k-250__include_apac-True,34.827739,0.3143085514529989,True,True
q15_tenant_day_count::run-1,41,q15_tenant_day_count,tenant_day_count,15,1,5,n3-large-balanced-wide-global-dim-v1,eu_us_apac_gac,3,balanced,20260805T085706Z-dba-local-memory-panel-v1__n3-large---d0fd82b71b2b--6-06-17-00-00-00-00__limit_k-250__include_apac-True,43.305353,master-regimes/generated/corpus/dba-local-memory-v1/groups/dba-local-memory-panel-v1__n3-large-balanced-wide-global-dim-v1__runtime-bundle-multi-edge__analytics_clients/queries/q15_tenant_day_count__baseline__gac_fdw_dba_topk_raw__query_shape-tenant_day_count__cutoff_ts-2026-06-17-00-00-00-00__limit_k-250__include_apac-True.sql,0a85603a4adfceca9159f8d60d621bb9b8b84fb3eb21b6d02815abb8ca0c6ca9,"[""increase_gac_work_mem"",""regional_topk_candidates"",""mitigate_remote_path_bundle""]",explicit_panel_contract_and_result_equivalence,mitigate_remote_path_bundle,20260805T084528Z-dba-local-memory-panel-v1__n3-large---aa5379fe8218--6-06-17-00-00-00-00__limit_k-250__include_apac-True,6.954745,2.638475844802685,True,True
q15_tenant_day_count::run-2,42,q15_tenant_day_count,tenant_day_count,15,2,5,n3-large-balanced-wide-global-dim-v1,eu_us_apac_gac,3,balanced,20260805T085415Z-dba-local-memory-panel-v1__n3-large---d0fd82b71b2b--6-06-17-00-00-00-00__limit_k-250__include_apac-True,43.930507,master-regimes/generated/corpus/dba-local-memory-v1/groups/dba-local-memory-panel-v1__n3-large-balanced-wide-global-dim-v1__runtime-bundle-multi-edge__analytics_clients/queries/q15_tenant_day_count__baseline__gac_fdw_dba_topk_raw__query_shape-tenant_day_count__cutoff_ts-2026-06-17-00-00-00-00__limit_k-250__include_apac-True.sql,0a85603a4adfceca9159f8d60d621bb9b8b84fb3eb21b6d02815abb8ca0c6ca9,"[""increase_gac_work_mem"",""regional_topk_candidates"",""mitigate_remote_path_bundle""]",explicit_panel_contract_and_result_equivalence,increase_gac_work_mem,20260805T083725Z-dba-local-memory-panel-v1__n3-large---772ce786e631--6-06-17-00-00-00-00__limit_k-250__include_apac-True,42.721416,0.04026368370510164,True,True
q15_tenant_day_count::run-2,42,q15_tenant_day_count,tenant_day_count,15,2,5,n3-large-balanced-wide-global-dim-v1,eu_us_apac_gac,3,balanced,20260805T085415Z-dba-local-memory-panel-v1__n3-large---d0fd82b71b2b--6-06-17-00-00-00-00__limit_k-250__include_apac-True,43.930507,master-regimes/generated/corpus/dba-local-memory-v1/groups/dba-local-memory-panel-v1__n3-large-balanced-wide-global-dim-v1__runtime-bundle-multi-edge__analytics_clients/queries/q15_tenant_day_count__baseline__gac_fdw_dba_topk_raw__query_shape-tenant_day_count__cutoff_ts-2026-06-17-00-00-00-00__limit_k-250__include_apac-True.sql,0a85603a4adfceca9159f8d60d621bb9b8b84fb3eb21b6d02815abb8ca0c6ca9,"[""increase_gac_work_mem"",""regional_topk_candidates"",""mitigate_remote_path_bundle""]",explicit_panel_contract_and_result_equivalence,regional_topk_candidates,20260805T090159Z-dba-local-memory-panel-v1__n3-large---ef20e92d5da7--6-06-17-00-00-00-00__limit_k-250__include_apac-True,35.228221,0.3184915280019471,True,True
q15_tenant_day_count::run-2,42,q15_tenant_day_count,tenant_day_count,15,2,5,n3-large-balanced-wide-global-dim-v1,eu_us_apac_gac,3,balanced,20260805T085415Z-dba-local-memory-panel-v1__n3-large---d0fd82b71b2b--6-06-17-00-00-00-00__limit_k-250__include_apac-True,43.930507,master-regimes/generated/corpus/dba-local-memory-v1/groups/dba-local-memory-panel-v1__n3-large-balanced-wide-global-dim-v1__runtime-bundle-multi-edge__analytics_clients/queries/q15_tenant_day_count__baseline__gac_fdw_dba_topk_raw__query_shape-tenant_day_count__cutoff_ts-2026-06-17-00-00-00-00__limit_k-250__include_apac-True.sql,0a85603a4adfceca9159f8d60d621bb9b8b84fb3eb21b6d02815abb8ca0c6ca9,"[""increase_gac_work_mem"",""regional_topk_candidates"",""mitigate_remote_path_bundle""]",explicit_panel_contract_and_result_equivalence,mitigate_remote_path_bundle,20260805T084802Z-dba-local-memory-panel-v1__n3-large---aa5379fe8218--6-06-17-00-00-00-00__limit_k-250__include_apac-True,6.81469,2.688503214114253,True,True
q15_tenant_day_count::run-3,43,q15_tenant_day_count,tenant_day_count,15,3,5,n3-large-balanced-wide-global-dim-v1,eu_us_apac_gac,3,balanced,20260805T090033Z-dba-local-memory-panel-v1__n3-large---d0fd82b71b2b--6-06-17-00-00-00-00__limit_k-250__include_apac-True,43.790276,master-regimes/generated/corpus/dba-local-memory-v1/groups/dba-local-memory-panel-v1__n3-large-balanced-wide-global-dim-v1__runtime-bundle-multi-edge__analytics_clients/queries/q15_tenant_day_count__baseline__gac_fdw_dba_topk_raw__query_shape-tenant_day_count__cutoff_ts-2026-06-17-00-00-00-00__limit_k-250__include_apac-True.sql,0a85603a4adfceca9159f8d60d621bb9b8b84fb3eb21b6d02815abb8ca0c6ca9,"[""increase_gac_work_mem"",""regional_topk_candidates"",""mitigate_remote_path_bundle""]",explicit_panel_contract_and_result_equivalence,increase_gac_work_mem,20260805T083600Z-dba-local-memory-panel-v1__n3-large---772ce786e631--6-06-17-00-00-00-00__limit_k-250__include_apac-True,42.997402,0.026361051232885478,True,True
q15_tenant_day_count::run-3,43,q15_tenant_day_count,tenant_day_count,15,3,5,n3-large-balanced-wide-global-dim-v1,eu_us_apac_gac,3,balanced,20260805T090033Z-dba-local-memory-panel-v1__n3-large---d0fd82b71b2b--6-06-17-00-00-00-00__limit_k-250__include_apac-True,43.790276,master-regimes/generated/corpus/dba-local-memory-v1/groups/dba-local-memory-panel-v1__n3-large-balanced-wide-global-dim-v1__runtime-bundle-multi-edge__analytics_clients/queries/q15_tenant_day_count__baseline__gac_fdw_dba_topk_raw__query_shape-tenant_day_count__cutoff_ts-2026-06-17-00-00-00-00__limit_k-250__include_apac-True.sql,0a85603a4adfceca9159f8d60d621bb9b8b84fb3eb21b6d02815abb8ca0c6ca9,"[""increase_gac_work_mem"",""regional_topk_candidates"",""mitigate_remote_path_bundle""]",explicit_panel_contract_and_result_equivalence,regional_topk_candidates,20260805T085258Z-dba-local-memory-panel-v1__n3-large---ef20e92d5da7--6-06-17-00-00-00-00__limit_k-250__include_apac-True,34.973781,0.3243367692029089,True,True
q15_tenant_day_count::run-3,43,q15_tenant_day_count,tenant_day_count,15,3,5,n3-large-balanced-wide-global-dim-v1,eu_us_apac_gac,3,balanced,20260805T090033Z-dba-local-memory-panel-v1__n3-large---d0fd82b71b2b--6-06-17-00-00-00-00__limit_k-250__include_apac-True,43.790276,master-regimes/generated/corpus/dba-local-memory-v1/groups/dba-local-memory-panel-v1__n3-large-balanced-wide-global-dim-v1__runtime-bundle-multi-edge__analytics_clients/queries/q15_tenant_day_count__baseline__gac_fdw_dba_topk_raw__query_shape-tenant_day_count__cutoff_ts-2026-06-17-00-00-00-00__limit_k-250__include_apac-True.sql,0a85603a4adfceca9159f8d60d621bb9b8b84fb3eb21b6d02815abb8ca0c6ca9,"[""increase_gac_work_mem"",""regional_topk_candidates"",""mitigate_remote_path_bundle""]",explicit_panel_contract_and_result_equivalence,mitigate_remote_path_bundle,20260805T084713Z-dba-local-memory-panel-v1__n3-large---aa5379fe8218--6-06-17-00-00-00-00__limit_k-250__include_apac-True,7.069364,2.6309582098195086,True,True
q15_tenant_day_count::run-4,44,q15_tenant_day_count,tenant_day_count,15,4,5,n3-large-balanced-wide-global-dim-v1,eu_us_apac_gac,3,balanced,20260805T085541Z-dba-local-memory-panel-v1__n3-large---d0fd82b71b2b--6-06-17-00-00-00-00__limit_k-250__include_apac-True,43.438149,master-regimes/generated/corpus/dba-local-memory-v1/groups/dba-local-memory-panel-v1__n3-large-balanced-wide-global-dim-v1__runtime-bundle-multi-edge__analytics_clients/queries/q15_tenant_day_count__baseline__gac_fdw_dba_topk_raw__query_shape-tenant_day_count__cutoff_ts-2026-06-17-00-00-00-00__limit_k-250__include_apac-True.sql,0a85603a4adfceca9159f8d60d621bb9b8b84fb3eb21b6d02815abb8ca0c6ca9,"[""increase_gac_work_mem"",""regional_topk_candidates"",""mitigate_remote_path_bundle""]",explicit_panel_contract_and_result_equivalence,increase_gac_work_mem,20260805T083424Z-dba-local-memory-panel-v1__n3-large---772ce786e631--6-06-17-00-00-00-00__limit_k-250__include_apac-True,43.616161,-0.0059001647952440905,True,True
q15_tenant_day_count::run-4,44,q15_tenant_day_count,tenant_day_count,15,4,5,n3-large-balanced-wide-global-dim-v1,eu_us_apac_gac,3,balanced,20260805T085541Z-dba-local-memory-panel-v1__n3-large---d0fd82b71b2b--6-06-17-00-00-00-00__limit_k-250__include_apac-True,43.438149,master-regimes/generated/corpus/dba-local-memory-v1/groups/dba-local-memory-panel-v1__n3-large-balanced-wide-global-dim-v1__runtime-bundle-multi-edge__analytics_clients/queries/q15_tenant_day_count__baseline__gac_fdw_dba_topk_raw__query_shape-tenant_day_count__cutoff_ts-2026-06-17-00-00-00-00__limit_k-250__include_apac-True.sql,0a85603a4adfceca9159f8d60d621bb9b8b84fb3eb21b6d02815abb8ca0c6ca9,"[""increase_gac_work_mem"",""regional_topk_candidates"",""mitigate_remote_path_bundle""]",explicit_panel_contract_and_result_equivalence,regional_topk_candidates,20260805T085915Z-dba-local-memory-panel-v1__n3-large---ef20e92d5da7--6-06-17-00-00-00-00__limit_k-250__include_apac-True,35.558601,0.28876406327493676,True,True
q15_tenant_day_count::run-4,44,q15_tenant_day_count,tenant_day_count,15,4,5,n3-large-balanced-wide-global-dim-v1,eu_us_apac_gac,3,balanced,20260805T085541Z-dba-local-memory-panel-v1__n3-large---d0fd82b71b2b--6-06-17-00-00-00-00__limit_k-250__include_apac-True,43.438149,master-regimes/generated/corpus/dba-local-memory-v1/groups/dba-local-memory-panel-v1__n3-large-balanced-wide-global-dim-v1__runtime-bundle-multi-edge__analytics_clients/queries/q15_tenant_day_count__baseline__gac_fdw_dba_topk_raw__query_shape-tenant_day_count__cutoff_ts-2026-06-17-00-00-00-00__limit_k-250__include_apac-True.sql,0a85603a4adfceca9159f8d60d621bb9b8b84fb3eb21b6d02815abb8ca0c6ca9,"[""increase_gac_work_mem"",""regional_topk_candidates"",""mitigate_remote_path_bundle""]",explicit_panel_contract_and_result_equivalence,mitigate_remote_path_bundle,20260805T084624Z-dba-local-memory-panel-v1__n3-large---aa5379fe8218--6-06-17-00-00-00-00__limit_k-250__include_apac-True,6.974185,2.638866088643233,True,True
q15_tenant_day_count::run-5,45,q15_tenant_day_count,tenant_day_count,15,5,5,n3-large-balanced-wide-global-dim-v1,eu_us_apac_gac,3,balanced,20260805T090433Z-dba-local-memory-panel-v1__n3-large---d0fd82b71b2b--6-06-17-00-00-00-00__limit_k-250__include_apac-True,44.029313,master-regimes/generated/corpus/dba-local-memory-v1/groups/dba-local-memory-panel-v1__n3-large-balanced-wide-global-dim-v1__runtime-bundle-multi-edge__analytics_clients/queries/q15_tenant_day_count__baseline__gac_fdw_dba_topk_raw__query_shape-tenant_day_count__cutoff_ts-2026-06-17-00-00-00-00__limit_k-250__include_apac-True.sql,0a85603a4adfceca9159f8d60d621bb9b8b84fb3eb21b6d02815abb8ca0c6ca9,"[""increase_gac_work_mem"",""regional_topk_candidates"",""mitigate_remote_path_bundle""]",explicit_panel_contract_and_result_equivalence,increase_gac_work_mem,20260805T084058Z-dba-local-memory-panel-v1__n3-large---772ce786e631--6-06-17-00-00-00-00__limit_k-250__include_apac-True,42.858395,0.038886510056129996,True,True
q15_tenant_day_count::run-5,45,q15_tenant_day_count,tenant_day_count,15,5,5,n3-large-balanced-wide-global-dim-v1,eu_us_apac_gac,3,balanced,20260805T090433Z-dba-local-memory-panel-v1__n3-large---d0fd82b71b2b--6-06-17-00-00-00-00__limit_k-250__include_apac-True,44.029313,master-regimes/generated/corpus/dba-local-memory-v1/groups/dba-local-memory-panel-v1__n3-large-balanced-wide-global-dim-v1__runtime-bundle-multi-edge__analytics_clients/queries/q15_tenant_day_count__baseline__gac_fdw_dba_topk_raw__query_shape-tenant_day_count__cutoff_ts-2026-06-17-00-00-00-00__limit_k-250__include_apac-True.sql,0a85603a4adfceca9159f8d60d621bb9b8b84fb3eb21b6d02815abb8ca0c6ca9,"[""increase_gac_work_mem"",""regional_topk_candidates"",""mitigate_remote_path_bundle""]",explicit_panel_contract_and_result_equivalence,regional_topk_candidates,20260805T090316Z-dba-local-memory-panel-v1__n3-large---ef20e92d5da7--6-06-17-00-00-00-00__limit_k-250__include_apac-True,35.052909,0.32893015694985783,True,True
q15_tenant_day_count::run-5,45,q15_tenant_day_count,tenant_day_count,15,5,5,n3-large-balanced-wide-global-dim-v1,eu_us_apac_gac,3,balanced,20260805T090433Z-dba-local-memory-panel-v1__n3-large---d0fd82b71b2b--6-06-17-00-00-00-00__limit_k-250__include_apac-True,44.029313,master-regimes/generated/corpus/dba-local-memory-v1/groups/dba-local-memory-panel-v1__n3-large-balanced-wide-global-dim-v1__runtime-bundle-multi-edge__analytics_clients/queries/q15_tenant_day_count__baseline__gac_fdw_dba_topk_raw__query_shape-tenant_day_count__cutoff_ts-2026-06-17-00-00-00-00__limit_k-250__include_apac-True.sql,0a85603a4adfceca9159f8d60d621bb9b8b84fb3eb21b6d02815abb8ca0c6ca9,"[""increase_gac_work_mem"",""regional_topk_candidates"",""mitigate_remote_path_bundle""]",explicit_panel_contract_and_result_equivalence,mitigate_remote_path_bundle,20260805T084428Z-dba-local-memory-panel-v1__n3-large---aa5379fe8218--6-06-17-00-00-00-00__limit_k-250__include_apac-True,8.345753,2.3993502052314923,True,True
