database_sweep_id,dataset_id,runtime_config_id,corpus_id,corpus_cell_id,logical_question_id,execution_strategy,query_sweep_id,query_run_id,instance_id,template_id,execution_status,timed_out,collection_error_count,remote_error_count,fdw_remote_probe_status,warmup_run_flag,sql_normalized_hash,rendered_sql_hash,plan_fingerprint,remote_plan_fingerprint,remote_plan_fingerprints_json,param_json,expected_shape_tags,collection_dir,source_sql_file,query_sql_file,query_bindings_file,coordinator_node,created_at_utc,query_started_at_unix,query_finished_at_unix,repetition_index,run_order,cache_policy,same_instance_previous_execution_gap_seconds,psql_variables_json,pg_options_json,work_mem,fetch_size,fdw_server_options_json,network_profile_json,network_profile_id,configured_latency_ms,configured_jitter_ms,configured_loss_percent,dataset_profile_id,intervention_role,intervention_axis,expected_regime_targets,execution_class,runtime_sensitivity,elapsed_seconds,shared_blks_hit_sum,shared_blks_read_sum,shared_hit_ratio,temp_blks_read_sum,temp_blks_written_sum,hard_timeout_seconds,timeout_phase,remote_region_count,remote_region_observed_count,remote_region_missing_count,remote_region_evidence_completeness,remote_region_parse_success_count,remote_region_parse_partial_count,remote_region_rows_available_count,remote_region_time_available_count,remote_region_task_count_available_count,remote_region_actual_rows_min,remote_region_actual_rows_max,remote_region_actual_rows_mean,remote_region_actual_rows_imbalance_ratio,remote_region_tuple_bytes_min,remote_region_tuple_bytes_max,remote_region_tuple_bytes_mean,remote_region_tuple_bytes_imbalance_ratio,remote_region_task_count_min,remote_region_task_count_max,remote_region_task_count_mean,remote_region_task_count_imbalance_ratio,remote_region_plan_fingerprint_all_same,remote_region_actual_time_min,remote_region_actual_time_max,remote_region_actual_time_mean,legacy_fanin_to_result_bytes_proxy,configured_shard_count,configured_region_count,configured_worker_count_per_region,configured_worker_count_total,observed_region_count_for_task_scope,configured_region_shard_slots,observed_region_shard_slots,citus_tasks_shown_none,worker_task_actual_rows_min,worker_task_actual_rows_max,worker_task_scan_actual_rows_min,worker_task_scan_actual_rows_max,worker_task_actual_time_min,worker_task_actual_time_max,worker_task_has_join,worker_task_has_aggregate,worker_task_has_sort,worker_task_has_blocking_operator,worker_task_has_parallel_operator,worker_task_has_hash,worker_task_has_materialize,worker_task_shared_read_sum,worker_task_shared_hit_sum,worker_task_temp_read_sum,worker_task_temp_written_sum,worker_task_region_count,worker_task_node_type_counts_json,worker_task_scan_type_counts_json,worker_task_node_type_unknown_count,worker_task_node_type_unknown_set_json,fdw_foreign_scan_count,foreign_scan_filter_present_count,foreign_scan_filter_pushdown_match_count,fdw_local_filter_after_remote_count,fdw_local_filter_after_remote_flag,remote_sql_where_present_count,remote_sql_group_by_present_count,remote_sql_order_by_present_count,remote_sql_limit_present_count,remote_sql_pushdown_filter_ratio,aggregate_above_foreign_scan_count,sort_above_foreign_scan_count,limit_above_foreign_scan_count,aggregate_pushdown_missed_flag,sort_pushdown_missed_flag,limit_pushdown_missed_flag,async_remote_scan_present,async_remote_scan_count,serial_remote_region_scan_count,remote_to_foreign_scan_rows_ratio,foreign_scan_to_final_rows_ratio,post_fdw_filter_reduction_ratio,projection_width_expansion_ratio,main_spill_blocks_sum,remote_spill_blocks_sum,worker_task_tuple_bytes_sum,worker_task_tuple_bytes_cv,worker_task_tuple_bytes_max_share,fdw_pushdown_fidelity_contract,pushdown_fidelity_component_count,pushdown_fidelity_evidence_status,pushdown_miss_reason_codes,pushdown_fidelity_score,pushdown_miss_score,network_intervention_apply_status,network_intervention_reset_status
20260702T012956Z-clean-run-eu-us-gac-region-asymmetry-v1__pilot-balanced-v1__default__analytics_clients,pilot-balanced-v1,default,clean-run-eu-us-gac-region-asymmetry-v1,asymmetry_mr_global_user_join__dataset-pilot-balanced-v1__runtime-default,global_user_topk,multiregion_union,20260702T013121Z-clean-run-eu-us-gac-region-asymmetry-v1__pilot-balanced-v1__default__analytics_clients__pilot-balanced-v1__default,20260702T013121Z-clean-run-eu-us-gac-region-asymmetry--3bac889b763f--gion_global_user_join__lookback_days-30__limit_k-50,asymmetry_mr_global_user_join__dataset-pilot-balanced-v1__runtime-default__gac_fdw_multiregion_global_user_join__lookback_days-30__limit_k-50,gac_fdw_multiregion_global_user_join,completed,False,0,0,disabled,false,a77ebdf1bca778e3be6bccf75904bd282be19ff442406f429dbf9364d5c193c7,014fad75ec920f88cb2261047da4f6cc3aa62ddad2d010a7ec0310fd5f857a74,5f95d7d45ef0ac2b5b3fa855af821e6ac14bdcdcec6284b972d0e640c5aad5f1,8a03e9825460266c1c5ee6b8115fa4d46cc72fa4e44bea59b3694a1eb82ca698,"[{""fdw_region"":""eu"",""plan_fingerprint"":""b0d4753d68dc2d09c2ea6152fe3ab2532151574e17e3e8fd24914adb95487e18"",""remote_sql_id"":""auto_explain_eu_001""},{""fdw_region"":""eu"",""plan_fingerprint"":""b0d4753d68dc2d09c2ea6152fe3ab2532151574e17e3e8fd24914adb95487e18"",""remote_sql_id"":""auto_explain_eu_002""},{""fdw_region"":""us"",""plan_fingerprint"":""b0d4753d68dc2d09c2ea6152fe3ab2532151574e17e3e8fd24914adb95487e18"",""remote_sql_id"":""auto_explain_us_001""},{""fdw_region"":""us"",""plan_fingerprint"":""b0d4753d68dc2d09c2ea6152fe3ab2532151574e17e3e8fd24914adb95487e18"",""remote_sql_id"":""auto_explain_us_002""}]","{""limit_k"":50,""lookback_days"":30}","fdw_remote_join,non_colocated_join,fdw_union_all,topk",query-collections/20260702T013121Z-clean-run-eu-us-gac-region-asymmetry--3bac889b763f--gion_global_user_join__lookback_days-30__limit_k-50,master-regimes/generated/corpus/region-asymmetry-companion-v1/groups/clean-run-eu-us-gac-region-asymmetry-v1__pilot-balanced-v1__default__analytics_clients/queries/asymmetry_mr_global_user_join__dataset-pilot-balanced-v1__runtime-default__gac_fdw_multiregion_global_user_join__lookback_days-30__limit_k-50.sql,query-collections/20260702T013121Z-clean-run-eu-us-gac-region-asymmetry--3bac889b763f--gion_global_user_join__lookback_days-30__limit_k-50/input/query.sql,query-collections/20260702T013121Z-clean-run-eu-us-gac-region-asymmetry--3bac889b763f--gion_global_user_join__lookback_days-30__limit_k-50/input/query_bindings.json,eu-analytics-1,20260702T013121Z,1782955891.850341,1782955896.692523,0,1,mixed_cache_first_observed,,"{""limit_k"":""50"",""lookback_days"":""30""}",{},,,,{},,,,,pilot-balanced-v1,calibration,dataset_region_asymmetry,"join_movement,gac_finalization_heavy,skew_imbalance",pilot,"{""fetch_size"":""high"",""wan_latency"":""high"",""work_mem"":""high""}",4.842183,6.0,0.0,1.0,8952.0,6280.0,300,,2,2,0,1.0,4,0,2,2,2,300000.0,300000.0,300000.0,1.0,9563136.0,9563136.0,9563136.0,1.0,64.0,64.0,64.0,1.0,true,467.12399999999997,476.991,472.0575,10002.055555555555,32.0,2.0,2.0,4.0,2.0,64.0,64.0,false,0.0,9400.0,0.0,9400.0,,,false,false,false,false,false,false,false,,,,,2,"{""Seq Scan"":128}","{""seq_scan"":128}",0.0,[],4,2,0,2,1,0,0,0,0,0.0,4,4,4,1,1,1,0,0,4,1.0222544800302586,32607.666666666668,1.0222544800302586,0.9444444444444444,142197.0,6872.0,19132416.0,0.44978714084731547,0.01573538856775851,fdw_pushdown_fidelity_v1,5,available,"local_filter_after_remote,aggregate_not_pushdowned,sort_not_pushdowned,limit_not_pushdowned",0.2,0.8,,
20260702T012956Z-clean-run-eu-us-gac-region-asymmetry-v1__pilot-balanced-v1__default__analytics_clients,pilot-balanced-v1,default,clean-run-eu-us-gac-region-asymmetry-v1,asymmetry_mr_event_filter_summary__dataset-pilot-balanced-v1__runtime-default,event_filter_summary,multiregion_union,20260702T013121Z-clean-run-eu-us-gac-region-asymmetry-v1__pilot-balanced-v1__default__analytics_clients__pilot-balanced-v1__default,20260702T013142Z-clean-run-eu-us-gac-region-asymmetry--a9bb6af3e084--vent_filter_summary__lookback_days-1__min_value-900,asymmetry_mr_event_filter_summary__dataset-pilot-balanced-v1__runtime-default__gac_fdw_multiregion_event_filter_summary__lookback_days-1__min_value-900,gac_fdw_multiregion_event_filter_summary,completed,False,0,0,disabled,false,bbe7abed7ec3fa20d9b0211e15005ac4028b7410ffe8507f3df23c0161777d45,d8c14ba7d418d0bc628a62dd81fb49f3a9cec35e27846089dd182e70f35f9931,8b2261d3fb2d47cecc5dbf1f4d6cf256fa8eb686e3f77b3778f69660e9f872d2,42c6a0e3073486d2e7b84d8330d2948aa546ac17558b461e404c355ed38f683e,"[{""fdw_region"":""eu"",""plan_fingerprint"":""b0d4753d68dc2d09c2ea6152fe3ab2532151574e17e3e8fd24914adb95487e18"",""remote_sql_id"":""auto_explain_eu_001""},{""fdw_region"":""us"",""plan_fingerprint"":""b0d4753d68dc2d09c2ea6152fe3ab2532151574e17e3e8fd24914adb95487e18"",""remote_sql_id"":""auto_explain_us_001""}]","{""lookback_days"":1,""min_value"":900}","fdw_union_all,selective_filter,remote_pushdown_candidate",query-collections/20260702T013142Z-clean-run-eu-us-gac-region-asymmetry--a9bb6af3e084--vent_filter_summary__lookback_days-1__min_value-900,master-regimes/generated/corpus/region-asymmetry-companion-v1/groups/clean-run-eu-us-gac-region-asymmetry-v1__pilot-balanced-v1__default__analytics_clients/queries/asymmetry_mr_event_filter_summary__dataset-pilot-balanced-v1__runtime-default__gac_fdw_multiregion_event_filter_summary__lookback_days-1__min_value-900.sql,query-collections/20260702T013142Z-clean-run-eu-us-gac-region-asymmetry--a9bb6af3e084--vent_filter_summary__lookback_days-1__min_value-900/input/query.sql,query-collections/20260702T013142Z-clean-run-eu-us-gac-region-asymmetry--a9bb6af3e084--vent_filter_summary__lookback_days-1__min_value-900/input/query_bindings.json,eu-analytics-1,20260702T013142Z,1782955911.066471,1782955911.469299,0,2,mixed_cache_first_observed,,"{""lookback_days"":""1"",""min_value"":""900""}",{},,,,{},,,,,pilot-balanced-v1,calibration,dataset_region_asymmetry,well_reduced_localized,pilot,"{""fetch_size"":""low"",""wan_latency"":""low"",""work_mem"":""none""}",0.402829,0.0,0.0,,0.0,0.0,300,,2,2,0,1.0,2,0,2,2,2,19706.0,20229.0,19967.5,1.0130962814573683,315392.0,323584.0,319488.0,1.0128205128205128,32.0,32.0,32.0,1.0,true,66.521,73.498,70.0095,276.22222222222223,32.0,2.0,2.0,4.0,2.0,64.0,64.0,false,410.0,886.0,410.0,886.0,,,false,false,false,false,false,false,false,,,,,2,"{""Seq Scan"":64}","{""seq_scan"":64}",0.0,[],2,2,0,2,1,2,0,0,0,0.0,2,0,0,1,0,0,0,0,2,32.127916331456156,1243.0,32.127916331456156,1.0,0.0,0.0,636464.0,0.15554459447358526,0.02252444757283994,fdw_pushdown_fidelity_v1,3,available,"local_filter_after_remote,aggregate_not_pushdowned",0.3333333333333333,0.6666666666666667,,
20260702T012956Z-clean-run-eu-us-gac-region-asymmetry-v1__pilot-balanced-v1__default__analytics_clients,pilot-balanced-v1,default,clean-run-eu-us-gac-region-asymmetry-v1,asymmetry_mr_multi_dimension_rollup__dataset-pilot-balanced-v1__runtime-default,multi_dimension_rollup,multiregion_union,20260702T013121Z-clean-run-eu-us-gac-region-asymmetry-v1__pilot-balanced-v1__default__analytics_clients__pilot-balanced-v1__default,20260702T013156Z-clean-run-eu-us-gac-region-asymmetry--070dfdc21c67--lti_dimension_rollup__lookback_days-30__limit_k-100,asymmetry_mr_multi_dimension_rollup__dataset-pilot-balanced-v1__runtime-default__gac_fdw_multiregion_multi_dimension_rollup__lookback_days-30__limit_k-100,gac_fdw_multiregion_multi_dimension_rollup,completed,False,0,0,disabled,false,2fb2c4dc7294b06ccb2e90b11eec0562f4ca237d24d4811fcbffaf7ffe881530,8a20c1197adc9269f25ad6acab4c949d300e7792e0b62f92376ed65a43e4a606,6fa6a810e585d93cab6900cd3230b72c02ad8b63128e79a55454e9da2bc013d0,db9edd4b62cb130629216e9f1d52ea2fcf937094284eec209deb6239204134b4,"[{""fdw_region"":""eu"",""plan_fingerprint"":""b0d4753d68dc2d09c2ea6152fe3ab2532151574e17e3e8fd24914adb95487e18"",""remote_sql_id"":""auto_explain_eu_001""},{""fdw_region"":""eu"",""plan_fingerprint"":""b0d4753d68dc2d09c2ea6152fe3ab2532151574e17e3e8fd24914adb95487e18"",""remote_sql_id"":""auto_explain_eu_002""},{""fdw_region"":""eu"",""plan_fingerprint"":""b0d4753d68dc2d09c2ea6152fe3ab2532151574e17e3e8fd24914adb95487e18"",""remote_sql_id"":""auto_explain_eu_003""},{""fdw_region"":""us"",""plan_fingerprint"":""b0d4753d68dc2d09c2ea6152fe3ab2532151574e17e3e8fd24914adb95487e18"",""remote_sql_id"":""auto_explain_us_001""},{""fdw_region"":""us"",""plan_fingerprint"":""b0d4753d68dc2d09c2ea6152fe3ab2532151574e17e3e8fd24914adb95487e18"",""remote_sql_id"":""auto_explain_us_002""},{""fdw_region"":""us"",""plan_fingerprint"":""b0d4753d68dc2d09c2ea6152fe3ab2532151574e17e3e8fd24914adb95487e18"",""remote_sql_id"":""auto_explain_us_003""}]","{""limit_k"":100,""lookback_days"":30}","fdw_remote_join,multi_join,fdw_union_all,daily_group_by",query-collections/20260702T013156Z-clean-run-eu-us-gac-region-asymmetry--070dfdc21c67--lti_dimension_rollup__lookback_days-30__limit_k-100,master-regimes/generated/corpus/region-asymmetry-companion-v1/groups/clean-run-eu-us-gac-region-asymmetry-v1__pilot-balanced-v1__default__analytics_clients/queries/asymmetry_mr_multi_dimension_rollup__dataset-pilot-balanced-v1__runtime-default__gac_fdw_multiregion_multi_dimension_rollup__lookback_days-30__limit_k-100.sql,query-collections/20260702T013156Z-clean-run-eu-us-gac-region-asymmetry--070dfdc21c67--lti_dimension_rollup__lookback_days-30__limit_k-100/input/query.sql,query-collections/20260702T013156Z-clean-run-eu-us-gac-region-asymmetry--070dfdc21c67--lti_dimension_rollup__lookback_days-30__limit_k-100/input/query_bindings.json,eu-analytics-1,20260702T013156Z,1782955925.849141,1782955930.433152,0,3,mixed_cache_first_observed,,"{""limit_k"":""100"",""lookback_days"":""30""}",{},,,,{},,,,,pilot-balanced-v1,calibration,dataset_region_asymmetry,"join_movement,gac_finalization_heavy,skew_imbalance",pilot,"{""fetch_size"":""high"",""wan_latency"":""high"",""work_mem"":""high""}",4.584012,9.0,0.0,1.0,6420.0,6426.0,300,,2,2,0,1.0,6,0,2,2,2,301000.0,301000.0,301000.0,1.0,8765440.0,8765440.0,8765440.0,1.0,65.0,65.0,65.0,1.0,true,392.273,457.21099999999996,424.74199999999996,2293.116666666667,32.0,2.0,2.0,4.0,2.0,64.0,64.0,false,1000.0,9400.0,1000.0,9400.0,,,false,false,false,false,false,false,false,,,,,2,"{""Seq Scan"":130}","{""seq_scan"":130}",0.0,[],6,2,0,2,1,0,0,0,0,0.0,6,6,6,1,1,1,0,0,6,1.0221841119987773,5889.35,1.0221841119987773,1.2,113895.0,6376.0,17540096.0,0.5125999829456553,0.0171638741315897,fdw_pushdown_fidelity_v1,5,available,"local_filter_after_remote,aggregate_not_pushdowned,sort_not_pushdowned,limit_not_pushdowned,projection_width_expansion",0.16666666666666669,0.8333333333333333,,
20260702T012956Z-clean-run-eu-us-gac-region-asymmetry-v1__pilot-balanced-v1__default__analytics_clients,pilot-balanced-v1,default,clean-run-eu-us-gac-region-asymmetry-v1,asymmetry_mr_daily_tenant_rollup__dataset-pilot-balanced-v1__runtime-default,daily_tenant_rollup,multiregion_union,20260702T013121Z-clean-run-eu-us-gac-region-asymmetry-v1__pilot-balanced-v1__default__analytics_clients__pilot-balanced-v1__default,20260702T013216Z-clean-run-eu-us-gac-region-asymmetry--14a824853ab9--rollup__lookback_days-30__min_value-500__limit_k-50,asymmetry_mr_daily_tenant_rollup__dataset-pilot-balanced-v1__runtime-default__gac_fdw_multiregion_daily_tenant_rollup__lookback_days-30__min_value-500__limit_k-50,gac_fdw_multiregion_daily_tenant_rollup,completed,False,0,0,disabled,false,bd2869d4baf6a1b37f3bc14e1f26b15ced24803fb049e074025947925c37329f,6e7afecfa4e75b8076676a8d8eacd5f8c201e92852c8a644d3cd191ac3cfd6d7,0914b69a9ec4adcafd4187e94889f978fc7828e5e70ba0b441e3875f45330c49,42c6a0e3073486d2e7b84d8330d2948aa546ac17558b461e404c355ed38f683e,"[{""fdw_region"":""eu"",""plan_fingerprint"":""b0d4753d68dc2d09c2ea6152fe3ab2532151574e17e3e8fd24914adb95487e18"",""remote_sql_id"":""auto_explain_eu_001""},{""fdw_region"":""us"",""plan_fingerprint"":""b0d4753d68dc2d09c2ea6152fe3ab2532151574e17e3e8fd24914adb95487e18"",""remote_sql_id"":""auto_explain_us_001""}]","{""limit_k"":50,""lookback_days"":30,""min_value"":500}","fdw_union_all,remote_aggregate_candidate,coordinator_fanin,daily_group_by",query-collections/20260702T013216Z-clean-run-eu-us-gac-region-asymmetry--14a824853ab9--rollup__lookback_days-30__min_value-500__limit_k-50,master-regimes/generated/corpus/region-asymmetry-companion-v1/groups/clean-run-eu-us-gac-region-asymmetry-v1__pilot-balanced-v1__default__analytics_clients/queries/asymmetry_mr_daily_tenant_rollup__dataset-pilot-balanced-v1__runtime-default__gac_fdw_multiregion_daily_tenant_rollup__lookback_days-30__min_value-500__limit_k-50.sql,query-collections/20260702T013216Z-clean-run-eu-us-gac-region-asymmetry--14a824853ab9--rollup__lookback_days-30__min_value-500__limit_k-50/input/query.sql,query-collections/20260702T013216Z-clean-run-eu-us-gac-region-asymmetry--14a824853ab9--rollup__lookback_days-30__min_value-500__limit_k-50/input/query_bindings.json,eu-analytics-1,20260702T013216Z,1782955944.789768,1782955946.197378,0,4,mixed_cache_first_observed,,"{""limit_k"":""50"",""lookback_days"":""30"",""min_value"":""500""}",{},,,,{},,,,,pilot-balanced-v1,calibration,dataset_region_asymmetry,"gac_finalization_heavy,skew_imbalance",pilot,"{""fetch_size"":""high"",""wan_latency"":""high"",""work_mem"":""high""}",1.407611,12.0,0.0,1.0,282.0,357.0,300,,2,2,0,1.0,2,0,2,2,2,99632.0,100322.0,99977.0,1.003450793682547,2391040.0,2407424.0,2399232.0,1.0034144259496371,32.0,32.0,32.0,1.0,true,153.596,168.228,160.912,1289.2133333333334,32.0,2.0,2.0,4.0,2.0,64.0,64.0,false,2022.0,4672.0,2022.0,4672.0,,,false,false,false,false,false,false,false,,,,,2,"{""Seq Scan"":64}","{""seq_scan"":64}",0.0,[],2,2,0,2,1,2,0,0,0,0.0,2,2,2,1,1,1,0,0,2,1.0339845487170471,3867.64,1.0339845487170471,1.0,2556.0,1858.0,4801536.0,0.1650841231150115,0.02345915973555129,fdw_pushdown_fidelity_v1,5,available,"local_filter_after_remote,aggregate_not_pushdowned,sort_not_pushdowned,limit_not_pushdowned",0.2,0.8,,
20260702T012956Z-clean-run-eu-us-gac-region-asymmetry-v1__pilot-balanced-v1__default__analytics_clients,pilot-balanced-v1,default,clean-run-eu-us-gac-region-asymmetry-v1,asymmetry_mr_daily_tenant_rollup__dataset-pilot-balanced-v1__runtime-default,daily_tenant_rollup,multiregion_union,20260702T013121Z-clean-run-eu-us-gac-region-asymmetry-v1__pilot-balanced-v1__default__analytics_clients__pilot-balanced-v1__default,20260702T013232Z-clean-run-eu-us-gac-region-asymmetry--8feef1e53d5c--_rollup__lookback_days-1__min_value-500__limit_k-50,asymmetry_mr_daily_tenant_rollup__dataset-pilot-balanced-v1__runtime-default__gac_fdw_multiregion_daily_tenant_rollup__lookback_days-1__min_value-500__limit_k-50,gac_fdw_multiregion_daily_tenant_rollup,completed,False,0,0,disabled,false,bd2869d4baf6a1b37f3bc14e1f26b15ced24803fb049e074025947925c37329f,f795cb9005c0b962920e2fc1d9a48c9faf4dd03f8db46e147ac3a46bffe182c9,0914b69a9ec4adcafd4187e94889f978fc7828e5e70ba0b441e3875f45330c49,42c6a0e3073486d2e7b84d8330d2948aa546ac17558b461e404c355ed38f683e,"[{""fdw_region"":""eu"",""plan_fingerprint"":""b0d4753d68dc2d09c2ea6152fe3ab2532151574e17e3e8fd24914adb95487e18"",""remote_sql_id"":""auto_explain_eu_001""},{""fdw_region"":""us"",""plan_fingerprint"":""b0d4753d68dc2d09c2ea6152fe3ab2532151574e17e3e8fd24914adb95487e18"",""remote_sql_id"":""auto_explain_us_001""}]","{""limit_k"":50,""lookback_days"":1,""min_value"":500}","fdw_union_all,remote_aggregate_candidate,coordinator_fanin,daily_group_by",query-collections/20260702T013232Z-clean-run-eu-us-gac-region-asymmetry--8feef1e53d5c--_rollup__lookback_days-1__min_value-500__limit_k-50,master-regimes/generated/corpus/region-asymmetry-companion-v1/groups/clean-run-eu-us-gac-region-asymmetry-v1__pilot-balanced-v1__default__analytics_clients/queries/asymmetry_mr_daily_tenant_rollup__dataset-pilot-balanced-v1__runtime-default__gac_fdw_multiregion_daily_tenant_rollup__lookback_days-1__min_value-500__limit_k-50.sql,query-collections/20260702T013232Z-clean-run-eu-us-gac-region-asymmetry--8feef1e53d5c--_rollup__lookback_days-1__min_value-500__limit_k-50/input/query.sql,query-collections/20260702T013232Z-clean-run-eu-us-gac-region-asymmetry--8feef1e53d5c--_rollup__lookback_days-1__min_value-500__limit_k-50/input/query_bindings.json,eu-analytics-1,20260702T013232Z,1782955962.080163,1782955963.264087,0,5,mixed_cache_first_observed,,"{""limit_k"":""50"",""lookback_days"":""1"",""min_value"":""500""}",{},,,,{},,,,,pilot-balanced-v1,calibration,dataset_region_asymmetry,"gac_finalization_heavy,skew_imbalance",pilot,"{""fetch_size"":""high"",""wan_latency"":""high"",""work_mem"":""high""}",1.183925,12.0,0.0,1.0,0.0,0.0,300,,2,2,0,1.0,2,0,2,2,2,99632.0,100322.0,99977.0,1.003450793682547,2391040.0,2407424.0,2399232.0,1.0034144259496371,32.0,32.0,32.0,1.0,true,140.659,148.208,144.43349999999998,42.46666666666667,32.0,2.0,2.0,4.0,2.0,64.0,64.0,false,2022.0,4672.0,2022.0,4672.0,,,false,false,false,false,false,false,false,,,,,2,"{""Seq Scan"":64}","{""seq_scan"":64}",0.0,[],2,2,0,2,1,2,0,0,0,0.0,2,2,2,1,1,1,0,0,2,31.38995290423862,127.4,31.38995290423862,1.0,0.0,1858.0,4801536.0,0.1650841231150115,0.02345915973555129,fdw_pushdown_fidelity_v1,5,available,"local_filter_after_remote,aggregate_not_pushdowned,sort_not_pushdowned,limit_not_pushdowned",0.2,0.8,,
20260702T012956Z-clean-run-eu-us-gac-region-asymmetry-v1__pilot-balanced-v1__default__analytics_clients,pilot-balanced-v1,default,clean-run-eu-us-gac-region-asymmetry-v1,asymmetry_mr_top_tenants__dataset-pilot-balanced-v1__runtime-default,top_tenants,multiregion_union,20260702T013121Z-clean-run-eu-us-gac-region-asymmetry-v1__pilot-balanced-v1__default__analytics_clients__pilot-balanced-v1__default,20260702T013248Z-clean-run-eu-us-gac-region-asymmetry--8962701ce130--ltiregion_top_tenants__lookback_days-30__limit_k-50,asymmetry_mr_top_tenants__dataset-pilot-balanced-v1__runtime-default__gac_fdw_multiregion_top_tenants__lookback_days-30__limit_k-50,gac_fdw_multiregion_top_tenants,completed,False,0,0,disabled,false,70e6dab484eae0f8fbcd7f56f3e84645ebf75780bf99e758a424ce04fa47a7dd,6e7b6505f310938ff91ca4ed9f494fede9396ea8c29b075529276da8116600b2,db7b1445edd01dc5de99e55396ff6825c5a8f8f836694c3cd0ca60172fb40af8,42c6a0e3073486d2e7b84d8330d2948aa546ac17558b461e404c355ed38f683e,"[{""fdw_region"":""eu"",""plan_fingerprint"":""b0d4753d68dc2d09c2ea6152fe3ab2532151574e17e3e8fd24914adb95487e18"",""remote_sql_id"":""auto_explain_eu_001""},{""fdw_region"":""us"",""plan_fingerprint"":""b0d4753d68dc2d09c2ea6152fe3ab2532151574e17e3e8fd24914adb95487e18"",""remote_sql_id"":""auto_explain_us_001""}]","{""limit_k"":50,""lookback_days"":30}","fdw_union_all,topk,final_ordering,coordinator_fanin",query-collections/20260702T013248Z-clean-run-eu-us-gac-region-asymmetry--8962701ce130--ltiregion_top_tenants__lookback_days-30__limit_k-50,master-regimes/generated/corpus/region-asymmetry-companion-v1/groups/clean-run-eu-us-gac-region-asymmetry-v1__pilot-balanced-v1__default__analytics_clients/queries/asymmetry_mr_top_tenants__dataset-pilot-balanced-v1__runtime-default__gac_fdw_multiregion_top_tenants__lookback_days-30__limit_k-50.sql,query-collections/20260702T013248Z-clean-run-eu-us-gac-region-asymmetry--8962701ce130--ltiregion_top_tenants__lookback_days-30__limit_k-50/input/query.sql,query-collections/20260702T013248Z-clean-run-eu-us-gac-region-asymmetry--8962701ce130--ltiregion_top_tenants__lookback_days-30__limit_k-50/input/query_bindings.json,eu-analytics-1,20260702T013248Z,1782955977.168247,1782955979.579177,0,6,mixed_cache_first_observed,,"{""limit_k"":""50"",""lookback_days"":""30""}",{},,,,{},,,,,pilot-balanced-v1,calibration,dataset_region_asymmetry,"remote_fetch_heavy,gac_finalization_heavy,skew_imbalance",pilot,"{""fetch_size"":""high"",""wan_latency"":""high"",""work_mem"":""high""}",2.410931,9.0,0.0,1.0,0.0,0.0,300,,2,2,0,1.0,2,0,2,2,2,200000.0,200000.0,200000.0,1.0,4800512.0,4800512.0,4800512.0,1.0,32.0,32.0,32.0,1.0,true,291.865,310.169,301.017,2901.96,32.0,2.0,2.0,4.0,2.0,64.0,64.0,false,4000.0,9400.0,4000.0,9400.0,,,false,false,false,false,false,false,false,,,,,2,"{""Seq Scan"":64}","{""seq_scan"":64}",0.0,[],2,2,0,2,1,0,0,0,0,0.0,2,2,2,1,1,1,0,0,2,1.033784063184882,7738.56,1.033784063184882,1.0,0.0,3712.0,9602048.0,0.16482385613563982,0.023461661512210727,fdw_pushdown_fidelity_v1,5,available,"local_filter_after_remote,aggregate_not_pushdowned,sort_not_pushdowned,limit_not_pushdowned",0.2,0.8,,
20260702T012956Z-clean-run-eu-us-gac-region-asymmetry-v1__pilot-balanced-v1__default__analytics_clients,pilot-balanced-v1,default,clean-run-eu-us-gac-region-asymmetry-v1,asymmetry_mr_tenant_point_control__dataset-pilot-balanced-v1__runtime-default,tenant_point_rollup,multiregion_union,20260702T013121Z-clean-run-eu-us-gac-region-asymmetry-v1__pilot-balanced-v1__default__analytics_clients__pilot-balanced-v1__default,20260702T013304Z-clean-run-eu-us-gac-region-asymmetry--bbc75dad398d--u_tenant_id-1__us_tenant_id-10001__lookback_days-30,asymmetry_mr_tenant_point_control__dataset-pilot-balanced-v1__runtime-default__gac_fdw_multiregion_tenant_point_rollup__eu_tenant_id-1__us_tenant_id-10001__lookback_days-30,gac_fdw_multiregion_tenant_point_rollup,completed,False,0,0,disabled,false,dbb820ac5a219bc04131b840d40f5cd8ed6caf55f0f0469ccf8efd264b0d288c,a6ed89d7d5cb3120020d2489cd8a2e9472817a4f66142d42c90579d458572708,eed28bbbd899d9cd8c8865a70548bd848f07a275881b1a5032b45606899c3ad9,42c6a0e3073486d2e7b84d8330d2948aa546ac17558b461e404c355ed38f683e,"[{""fdw_region"":""eu"",""plan_fingerprint"":""b0d4753d68dc2d09c2ea6152fe3ab2532151574e17e3e8fd24914adb95487e18"",""remote_sql_id"":""auto_explain_eu_001""},{""fdw_region"":""us"",""plan_fingerprint"":""b0d4753d68dc2d09c2ea6152fe3ab2532151574e17e3e8fd24914adb95487e18"",""remote_sql_id"":""auto_explain_us_001""}]","{""eu_tenant_id"":1,""lookback_days"":30,""us_tenant_id"":10001}","fdw_union_all,tenant_filter,remote_pushdown_candidate",query-collections/20260702T013304Z-clean-run-eu-us-gac-region-asymmetry--bbc75dad398d--u_tenant_id-1__us_tenant_id-10001__lookback_days-30,master-regimes/generated/corpus/region-asymmetry-companion-v1/groups/clean-run-eu-us-gac-region-asymmetry-v1__pilot-balanced-v1__default__analytics_clients/queries/asymmetry_mr_tenant_point_control__dataset-pilot-balanced-v1__runtime-default__gac_fdw_multiregion_tenant_point_rollup__eu_tenant_id-1__us_tenant_id-10001__lookback_days-30.sql,query-collections/20260702T013304Z-clean-run-eu-us-gac-region-asymmetry--bbc75dad398d--u_tenant_id-1__us_tenant_id-10001__lookback_days-30/input/query.sql,query-collections/20260702T013304Z-clean-run-eu-us-gac-region-asymmetry--bbc75dad398d--u_tenant_id-1__us_tenant_id-10001__lookback_days-30/input/query_bindings.json,eu-analytics-1,20260702T013304Z,1782955994.370049,1782955994.486181,0,7,mixed_cache_first_observed,,"{""eu_tenant_id"":""1"",""lookback_days"":""30"",""us_tenant_id"":""10001""}",{},,,,{},,,,,pilot-balanced-v1,negative_control,dataset_region_asymmetry,well_reduced_localized,pilot,"{""fetch_size"":""low"",""wan_latency"":""low"",""work_mem"":""none""}",0.116132,6.0,0.0,1.0,0.0,0.0,300,,2,2,0,1.0,2,0,2,2,2,200.0,200.0,200.0,1.0,4800.0,4800.0,4800.0,1.0,1.0,1.0,1.0,1.0,true,14.597,14.813,14.705,48.25,32.0,2.0,2.0,4.0,2.0,64.0,64.0,false,200.0,200.0,400.0,400.0,,,false,false,false,false,false,false,false,,,,,2,"{""Bitmap Heap Scan"":2,""Bitmap Index Scan"":2}","{""bitmap_scan"":4}",0.0,[],2,2,0,2,1,2,0,0,0,0.0,2,2,0,1,1,0,0,0,2,1.0362694300518134,193.0,1.0362694300518134,,0.0,0.0,9600.0,0.0,0.5,fdw_pushdown_fidelity_v1,3,available,"local_filter_after_remote,aggregate_not_pushdowned,sort_not_pushdowned",0.0,1.0,,
20260702T012956Z-clean-run-eu-us-gac-region-asymmetry-v1__pilot-balanced-v1__default__analytics_clients,pilot-balanced-v1,default,clean-run-eu-us-gac-region-asymmetry-v1,asymmetry_mr_daily_tenant_rollup__dataset-pilot-balanced-v1__runtime-default,daily_tenant_rollup,multiregion_union,20260702T013121Z-clean-run-eu-us-gac-region-asymmetry-v1__pilot-balanced-v1__default__analytics_clients__pilot-balanced-v1__default,20260702T013319Z-clean-run-eu-us-gac-region-asymmetry--825cc13bd8b1--nt_rollup__lookback_days-1__min_value-0__limit_k-50,asymmetry_mr_daily_tenant_rollup__dataset-pilot-balanced-v1__runtime-default__gac_fdw_multiregion_daily_tenant_rollup__lookback_days-1__min_value-0__limit_k-50,gac_fdw_multiregion_daily_tenant_rollup,completed,False,0,0,disabled,false,bd2869d4baf6a1b37f3bc14e1f26b15ced24803fb049e074025947925c37329f,4dfc016553821f6e18e4d37b8465f35c09148b5d62983752a80a3b6c6fbccad6,0914b69a9ec4adcafd4187e94889f978fc7828e5e70ba0b441e3875f45330c49,42c6a0e3073486d2e7b84d8330d2948aa546ac17558b461e404c355ed38f683e,"[{""fdw_region"":""eu"",""plan_fingerprint"":""b0d4753d68dc2d09c2ea6152fe3ab2532151574e17e3e8fd24914adb95487e18"",""remote_sql_id"":""auto_explain_eu_001""},{""fdw_region"":""us"",""plan_fingerprint"":""b0d4753d68dc2d09c2ea6152fe3ab2532151574e17e3e8fd24914adb95487e18"",""remote_sql_id"":""auto_explain_us_001""}]","{""limit_k"":50,""lookback_days"":1,""min_value"":0}","fdw_union_all,remote_aggregate_candidate,coordinator_fanin,daily_group_by",query-collections/20260702T013319Z-clean-run-eu-us-gac-region-asymmetry--825cc13bd8b1--nt_rollup__lookback_days-1__min_value-0__limit_k-50,master-regimes/generated/corpus/region-asymmetry-companion-v1/groups/clean-run-eu-us-gac-region-asymmetry-v1__pilot-balanced-v1__default__analytics_clients/queries/asymmetry_mr_daily_tenant_rollup__dataset-pilot-balanced-v1__runtime-default__gac_fdw_multiregion_daily_tenant_rollup__lookback_days-1__min_value-0__limit_k-50.sql,query-collections/20260702T013319Z-clean-run-eu-us-gac-region-asymmetry--825cc13bd8b1--nt_rollup__lookback_days-1__min_value-0__limit_k-50/input/query.sql,query-collections/20260702T013319Z-clean-run-eu-us-gac-region-asymmetry--825cc13bd8b1--nt_rollup__lookback_days-1__min_value-0__limit_k-50/input/query_bindings.json,eu-analytics-1,20260702T013319Z,1782956008.775708,1782956011.095618,0,8,mixed_cache_first_observed,,"{""limit_k"":""50"",""lookback_days"":""1"",""min_value"":""0""}",{},,,,{},,,,,pilot-balanced-v1,calibration,dataset_region_asymmetry,"gac_finalization_heavy,skew_imbalance",pilot,"{""fetch_size"":""high"",""wan_latency"":""high"",""work_mem"":""high""}",2.319911,12.0,0.0,1.0,0.0,0.0,300,,2,2,0,1.0,2,0,2,2,2,200000.0,200000.0,200000.0,1.0,4800512.0,4800512.0,4800512.0,1.0,32.0,32.0,32.0,1.0,true,279.448,329.882,304.66499999999996,85.30666666666667,32.0,2.0,2.0,4.0,2.0,64.0,64.0,false,4000.0,9400.0,4000.0,9400.0,,,false,false,false,false,false,false,false,,,,,2,"{""Seq Scan"":64}","{""seq_scan"":64}",0.0,[],2,2,0,2,1,2,0,0,0,0.0,2,2,2,1,1,1,0,0,2,31.259768677711786,255.92,31.259768677711786,1.0,0.0,3712.0,9602048.0,0.16482385613563982,0.023461661512210727,fdw_pushdown_fidelity_v1,5,available,"local_filter_after_remote,aggregate_not_pushdowned,sort_not_pushdowned,limit_not_pushdowned",0.2,0.8,,
20260702T012956Z-clean-run-eu-us-gac-region-asymmetry-v1__pilot-balanced-v1__default__analytics_clients,pilot-balanced-v1,default,clean-run-eu-us-gac-region-asymmetry-v1,asymmetry_mr_raw_region_rollup__dataset-pilot-balanced-v1__runtime-default,event_full_scan_summary,multiregion_union,20260702T013121Z-clean-run-eu-us-gac-region-asymmetry-v1__pilot-balanced-v1__default__analytics_clients__pilot-balanced-v1__default,20260702T013337Z-clean-run-eu-us-gac-region-asymmetry--9a7d87573b27--fdw_multiregion_raw_region_rollup__lookback_days-30,asymmetry_mr_raw_region_rollup__dataset-pilot-balanced-v1__runtime-default__gac_fdw_multiregion_raw_region_rollup__lookback_days-30,gac_fdw_multiregion_raw_region_rollup,completed,False,0,0,disabled,false,6ea964648de3595bee23ace2b070299f662fb662ad951c686b0177387ba2c6d5,4bf35d91ba0ae69dcf4bf6e00989343896d0ab2a12ee656eec69ea3ce8829913,9f995e231cca461edd4d9c705c93b1b27701f5257549113cbe94b92f90c6ca85,42c6a0e3073486d2e7b84d8330d2948aa546ac17558b461e404c355ed38f683e,"[{""fdw_region"":""eu"",""plan_fingerprint"":""b0d4753d68dc2d09c2ea6152fe3ab2532151574e17e3e8fd24914adb95487e18"",""remote_sql_id"":""auto_explain_eu_001""},{""fdw_region"":""us"",""plan_fingerprint"":""b0d4753d68dc2d09c2ea6152fe3ab2532151574e17e3e8fd24914adb95487e18"",""remote_sql_id"":""auto_explain_us_001""}]","{""lookback_days"":30}","fdw_union_all,fdw_remote_scan,raw_row_fetch,gac_global_group_by,non_distribution_filter",query-collections/20260702T013337Z-clean-run-eu-us-gac-region-asymmetry--9a7d87573b27--fdw_multiregion_raw_region_rollup__lookback_days-30,master-regimes/generated/corpus/region-asymmetry-companion-v1/groups/clean-run-eu-us-gac-region-asymmetry-v1__pilot-balanced-v1__default__analytics_clients/queries/asymmetry_mr_raw_region_rollup__dataset-pilot-balanced-v1__runtime-default__gac_fdw_multiregion_raw_region_rollup__lookback_days-30.sql,query-collections/20260702T013337Z-clean-run-eu-us-gac-region-asymmetry--9a7d87573b27--fdw_multiregion_raw_region_rollup__lookback_days-30/input/query.sql,query-collections/20260702T013337Z-clean-run-eu-us-gac-region-asymmetry--9a7d87573b27--fdw_multiregion_raw_region_rollup__lookback_days-30/input/query_bindings.json,eu-analytics-1,20260702T013337Z,1782956026.078163,1782956028.297456,0,9,mixed_cache_first_observed,,"{""lookback_days"":""30""}",{},,,,{},,,,,pilot-balanced-v1,calibration,dataset_region_asymmetry,"remote_fetch_heavy,skew_imbalance",pilot,"{""fetch_size"":""high"",""wan_latency"":""high"",""work_mem"":""high""}",2.219293,3.0,0.0,1.0,0.0,0.0,300,,2,2,0,1.0,2,0,2,2,2,200000.0,200000.0,200000.0,1.0,3200000.0,3200000.0,3200000.0,1.0,32.0,32.0,32.0,1.0,true,205.242,248.937,227.0895,161217.08333333334,32.0,2.0,2.0,4.0,2.0,64.0,64.0,false,4000.0,9400.0,4000.0,9400.0,,,false,false,false,false,false,false,false,,,,,2,"{""Seq Scan"":64}","{""seq_scan"":64}",0.0,[],2,2,0,2,1,0,0,0,0,0.0,2,2,0,1,1,0,0,0,2,1.0338027659393003,193460.5,1.0338027659393003,2.5,0.0,2932.0,6402048.0,0.1648128002693886,0.023512476007677544,fdw_pushdown_fidelity_v1,4,available,"local_filter_after_remote,aggregate_not_pushdowned,sort_not_pushdowned,projection_width_expansion",0.1,0.9,,
20260702T012956Z-clean-run-eu-us-gac-region-asymmetry-v1__pilot-balanced-v1__default__analytics_clients,pilot-balanced-v1,default,clean-run-eu-us-gac-region-asymmetry-v1,asymmetry_mr_global_user_join__dataset-pilot-balanced-v1__runtime-default,global_user_topk,multiregion_union,20260702T013121Z-clean-run-eu-us-gac-region-asymmetry-v1__pilot-balanced-v1__default__analytics_clients__pilot-balanced-v1__default,20260702T013353Z-clean-run-eu-us-gac-region-asymmetry--a85d09d19f95--gion_global_user_join__lookback_days-30__limit_k-25,asymmetry_mr_global_user_join__dataset-pilot-balanced-v1__runtime-default__gac_fdw_multiregion_global_user_join__lookback_days-30__limit_k-25,gac_fdw_multiregion_global_user_join,completed,False,0,0,disabled,false,a77ebdf1bca778e3be6bccf75904bd282be19ff442406f429dbf9364d5c193c7,fbe5524098c387d4882eb33b7d43d53978779aac6319309925b1ea5523cbc0cc,5f95d7d45ef0ac2b5b3fa855af821e6ac14bdcdcec6284b972d0e640c5aad5f1,8a03e9825460266c1c5ee6b8115fa4d46cc72fa4e44bea59b3694a1eb82ca698,"[{""fdw_region"":""eu"",""plan_fingerprint"":""b0d4753d68dc2d09c2ea6152fe3ab2532151574e17e3e8fd24914adb95487e18"",""remote_sql_id"":""auto_explain_eu_001""},{""fdw_region"":""eu"",""plan_fingerprint"":""b0d4753d68dc2d09c2ea6152fe3ab2532151574e17e3e8fd24914adb95487e18"",""remote_sql_id"":""auto_explain_eu_002""},{""fdw_region"":""us"",""plan_fingerprint"":""b0d4753d68dc2d09c2ea6152fe3ab2532151574e17e3e8fd24914adb95487e18"",""remote_sql_id"":""auto_explain_us_001""},{""fdw_region"":""us"",""plan_fingerprint"":""b0d4753d68dc2d09c2ea6152fe3ab2532151574e17e3e8fd24914adb95487e18"",""remote_sql_id"":""auto_explain_us_002""}]","{""limit_k"":25,""lookback_days"":30}","fdw_remote_join,non_colocated_join,fdw_union_all,topk",query-collections/20260702T013353Z-clean-run-eu-us-gac-region-asymmetry--a85d09d19f95--gion_global_user_join__lookback_days-30__limit_k-25,master-regimes/generated/corpus/region-asymmetry-companion-v1/groups/clean-run-eu-us-gac-region-asymmetry-v1__pilot-balanced-v1__default__analytics_clients/queries/asymmetry_mr_global_user_join__dataset-pilot-balanced-v1__runtime-default__gac_fdw_multiregion_global_user_join__lookback_days-30__limit_k-25.sql,query-collections/20260702T013353Z-clean-run-eu-us-gac-region-asymmetry--a85d09d19f95--gion_global_user_join__lookback_days-30__limit_k-25/input/query.sql,query-collections/20260702T013353Z-clean-run-eu-us-gac-region-asymmetry--a85d09d19f95--gion_global_user_join__lookback_days-30__limit_k-25/input/query_bindings.json,eu-analytics-1,20260702T013353Z,1782956042.927558,1782956047.853435,0,10,mixed_cache_first_observed,,"{""limit_k"":""25"",""lookback_days"":""30""}",{},,,,{},,,,,pilot-balanced-v1,calibration,dataset_region_asymmetry,"join_movement,gac_finalization_heavy,skew_imbalance",pilot,"{""fetch_size"":""high"",""wan_latency"":""high"",""work_mem"":""high""}",4.925878,6.0,0.0,1.0,8951.0,6279.0,300,,2,2,0,1.0,4,0,2,2,2,300000.0,300000.0,300000.0,1.0,9563136.0,9563136.0,9563136.0,1.0,64.0,64.0,64.0,1.0,true,542.373,547.193,544.783,10001.896464646465,32.0,2.0,2.0,4.0,2.0,64.0,64.0,false,0.0,9400.0,0.0,9400.0,,,false,false,false,false,false,false,false,,,,,2,"{""Seq Scan"":128}","{""seq_scan"":128}",0.0,[],4,2,0,2,1,0,0,0,0,0.0,4,4,4,1,1,1,0,0,4,1.0222910564866923,32606.5,1.0222910564866923,0.9444444444444444,142177.0,6872.0,19132416.0,0.44978714084731547,0.01573538856775851,fdw_pushdown_fidelity_v1,5,available,"local_filter_after_remote,aggregate_not_pushdowned,sort_not_pushdowned,limit_not_pushdowned",0.2,0.8,,
20260702T012956Z-clean-run-eu-us-gac-region-asymmetry-v1__pilot-balanced-v1__default__analytics_clients,pilot-balanced-v1,default,clean-run-eu-us-gac-region-asymmetry-v1,asymmetry_mr_global_user_join__dataset-pilot-balanced-v1__runtime-default,global_user_topk,multiregion_union,20260702T013121Z-clean-run-eu-us-gac-region-asymmetry-v1__pilot-balanced-v1__default__analytics_clients__pilot-balanced-v1__default,20260702T013413Z-clean-run-eu-us-gac-region-asymmetry--bcb583497976--egion_global_user_join__lookback_days-7__limit_k-25,asymmetry_mr_global_user_join__dataset-pilot-balanced-v1__runtime-default__gac_fdw_multiregion_global_user_join__lookback_days-7__limit_k-25,gac_fdw_multiregion_global_user_join,completed,False,0,0,disabled,false,a77ebdf1bca778e3be6bccf75904bd282be19ff442406f429dbf9364d5c193c7,5af4590f9db97278048a2ae101dadd7dbbaa89cd04dfe9b74320fb93414f669c,5f95d7d45ef0ac2b5b3fa855af821e6ac14bdcdcec6284b972d0e640c5aad5f1,8a03e9825460266c1c5ee6b8115fa4d46cc72fa4e44bea59b3694a1eb82ca698,"[{""fdw_region"":""eu"",""plan_fingerprint"":""b0d4753d68dc2d09c2ea6152fe3ab2532151574e17e3e8fd24914adb95487e18"",""remote_sql_id"":""auto_explain_eu_001""},{""fdw_region"":""eu"",""plan_fingerprint"":""b0d4753d68dc2d09c2ea6152fe3ab2532151574e17e3e8fd24914adb95487e18"",""remote_sql_id"":""auto_explain_eu_002""},{""fdw_region"":""us"",""plan_fingerprint"":""b0d4753d68dc2d09c2ea6152fe3ab2532151574e17e3e8fd24914adb95487e18"",""remote_sql_id"":""auto_explain_us_001""},{""fdw_region"":""us"",""plan_fingerprint"":""b0d4753d68dc2d09c2ea6152fe3ab2532151574e17e3e8fd24914adb95487e18"",""remote_sql_id"":""auto_explain_us_002""}]","{""limit_k"":25,""lookback_days"":7}","fdw_remote_join,non_colocated_join,fdw_union_all,topk",query-collections/20260702T013413Z-clean-run-eu-us-gac-region-asymmetry--bcb583497976--egion_global_user_join__lookback_days-7__limit_k-25,master-regimes/generated/corpus/region-asymmetry-companion-v1/groups/clean-run-eu-us-gac-region-asymmetry-v1__pilot-balanced-v1__default__analytics_clients/queries/asymmetry_mr_global_user_join__dataset-pilot-balanced-v1__runtime-default__gac_fdw_multiregion_global_user_join__lookback_days-7__limit_k-25.sql,query-collections/20260702T013413Z-clean-run-eu-us-gac-region-asymmetry--bcb583497976--egion_global_user_join__lookback_days-7__limit_k-25/input/query.sql,query-collections/20260702T013413Z-clean-run-eu-us-gac-region-asymmetry--bcb583497976--egion_global_user_join__lookback_days-7__limit_k-25/input/query_bindings.json,eu-analytics-1,20260702T013413Z,1782956063.668031,1782956067.418406,0,11,mixed_cache_first_observed,,"{""limit_k"":""25"",""lookback_days"":""7""}",{},,,,{},,,,,pilot-balanced-v1,calibration,dataset_region_asymmetry,"join_movement,gac_finalization_heavy,skew_imbalance",pilot,"{""fetch_size"":""high"",""wan_latency"":""high"",""work_mem"":""high""}",3.750376,6.0,0.0,1.0,2638.0,2462.0,300,,2,2,0,1.0,4,0,2,2,2,300000.0,300000.0,300000.0,1.0,9563136.0,9563136.0,9563136.0,1.0,64.0,64.0,64.0,1.0,true,416.93600000000004,502.932,459.934,7750.10101010101,32.0,2.0,2.0,4.0,2.0,64.0,64.0,false,0.0,9400.0,0.0,9400.0,,,false,false,false,false,false,false,false,,,,,2,"{""Seq Scan"":128}","{""seq_scan"":128}",0.0,[],4,2,0,2,1,0,0,0,0,0.0,4,4,4,1,1,1,0,0,4,2.071251035625518,16093.333333333334,2.071251035625518,0.9444444444444444,50911.0,6872.0,19132416.0,0.44978714084731547,0.01573538856775851,fdw_pushdown_fidelity_v1,5,available,"local_filter_after_remote,aggregate_not_pushdowned,sort_not_pushdowned,limit_not_pushdowned",0.2,0.8,,
20260702T012956Z-clean-run-eu-us-gac-region-asymmetry-v1__pilot-balanced-v1__default__analytics_clients,pilot-balanced-v1,default,clean-run-eu-us-gac-region-asymmetry-v1,asymmetry_mr_top_tenants__dataset-pilot-balanced-v1__runtime-default,top_tenants,multiregion_union,20260702T013121Z-clean-run-eu-us-gac-region-asymmetry-v1__pilot-balanced-v1__default__analytics_clients__pilot-balanced-v1__default,20260702T013433Z-clean-run-eu-us-gac-region-asymmetry--c23090b2835e--ltiregion_top_tenants__lookback_days-30__limit_k-25,asymmetry_mr_top_tenants__dataset-pilot-balanced-v1__runtime-default__gac_fdw_multiregion_top_tenants__lookback_days-30__limit_k-25,gac_fdw_multiregion_top_tenants,completed,False,0,0,disabled,false,70e6dab484eae0f8fbcd7f56f3e84645ebf75780bf99e758a424ce04fa47a7dd,487d4e2018ab596d8745dff4a58ff8bec110605f221e7c366ce7d8932af32ef3,db7b1445edd01dc5de99e55396ff6825c5a8f8f836694c3cd0ca60172fb40af8,42c6a0e3073486d2e7b84d8330d2948aa546ac17558b461e404c355ed38f683e,"[{""fdw_region"":""eu"",""plan_fingerprint"":""b0d4753d68dc2d09c2ea6152fe3ab2532151574e17e3e8fd24914adb95487e18"",""remote_sql_id"":""auto_explain_eu_001""},{""fdw_region"":""us"",""plan_fingerprint"":""b0d4753d68dc2d09c2ea6152fe3ab2532151574e17e3e8fd24914adb95487e18"",""remote_sql_id"":""auto_explain_us_001""}]","{""limit_k"":25,""lookback_days"":30}","fdw_union_all,topk,final_ordering,coordinator_fanin",query-collections/20260702T013433Z-clean-run-eu-us-gac-region-asymmetry--c23090b2835e--ltiregion_top_tenants__lookback_days-30__limit_k-25,master-regimes/generated/corpus/region-asymmetry-companion-v1/groups/clean-run-eu-us-gac-region-asymmetry-v1__pilot-balanced-v1__default__analytics_clients/queries/asymmetry_mr_top_tenants__dataset-pilot-balanced-v1__runtime-default__gac_fdw_multiregion_top_tenants__lookback_days-30__limit_k-25.sql,query-collections/20260702T013433Z-clean-run-eu-us-gac-region-asymmetry--c23090b2835e--ltiregion_top_tenants__lookback_days-30__limit_k-25/input/query.sql,query-collections/20260702T013433Z-clean-run-eu-us-gac-region-asymmetry--c23090b2835e--ltiregion_top_tenants__lookback_days-30__limit_k-25/input/query_bindings.json,eu-analytics-1,20260702T013433Z,1782956083.778716,1782956086.161398,0,12,mixed_cache_first_observed,,"{""limit_k"":""25"",""lookback_days"":""30""}",{},,,,{},,,,,pilot-balanced-v1,calibration,dataset_region_asymmetry,"remote_fetch_heavy,gac_finalization_heavy,skew_imbalance",pilot,"{""fetch_size"":""high"",""wan_latency"":""high"",""work_mem"":""high""}",2.382683,9.0,0.0,1.0,0.0,0.0,300,,2,2,0,1.0,2,0,2,2,2,200000.0,200000.0,200000.0,1.0,4800512.0,4800512.0,4800512.0,1.0,32.0,32.0,32.0,1.0,true,269.404,327.602,298.503,5803.695,32.0,2.0,2.0,4.0,2.0,64.0,64.0,false,4000.0,9400.0,4000.0,9400.0,,,false,false,false,false,false,false,false,,,,,2,"{""Seq Scan"":64}","{""seq_scan"":64}",0.0,[],2,2,0,2,1,0,0,0,0,0.0,2,2,2,1,1,1,0,0,2,1.0338241413444367,15476.52,1.0338241413444367,1.0,0.0,3712.0,9602048.0,0.16482385613563982,0.023461661512210727,fdw_pushdown_fidelity_v1,5,available,"local_filter_after_remote,aggregate_not_pushdowned,sort_not_pushdowned,limit_not_pushdowned",0.2,0.8,,
20260702T012956Z-clean-run-eu-us-gac-region-asymmetry-v1__pilot-balanced-v1__default__analytics_clients,pilot-balanced-v1,default,clean-run-eu-us-gac-region-asymmetry-v1,asymmetry_mr_event_full_scan_summary__dataset-pilot-balanced-v1__runtime-default,event_full_scan_summary,multiregion_union,20260702T013121Z-clean-run-eu-us-gac-region-asymmetry-v1__pilot-balanced-v1__default__analytics_clients__pilot-balanced-v1__default,20260702T013451Z-clean-run-eu-us-gac-region-asymmetry--2c50cd617799--c_fdw_multiregion_event_full_scan_summary__case-001,asymmetry_mr_event_full_scan_summary__dataset-pilot-balanced-v1__runtime-default__gac_fdw_multiregion_event_full_scan_summary__case-001,gac_fdw_multiregion_event_full_scan_summary,completed,False,0,0,disabled,false,e76050ec650bed5b4c6e2c6ffc98e96b2eda7e5e660160c99ab49d7f41ebfd51,6b013779143d46aa36596960a02e18ba22fa5e83ce8b76bd14f1adf54a57a2b1,094f9b206593fc8f449ca13ae58a5a45b1938ea59ca04b5be8843c2d6e90c5ef,8f3601c919e156dd7134db6ca3d86563a4cacb15793b7c9cae88101a3ddd9e8e,"[{""fdw_region"":""eu"",""plan_fingerprint"":""8fe9588992228dccd3bfdbb6ea12c1ffc318b2c32a3534dd1f5d3fc3491cac67"",""remote_sql_id"":""auto_explain_eu_001""},{""fdw_region"":""us"",""plan_fingerprint"":""8fe9588992228dccd3bfdbb6ea12c1ffc318b2c32a3534dd1f5d3fc3491cac67"",""remote_sql_id"":""auto_explain_us_001""}]",{},"fdw_union_all,full_scan,aggregate",query-collections/20260702T013451Z-clean-run-eu-us-gac-region-asymmetry--2c50cd617799--c_fdw_multiregion_event_full_scan_summary__case-001,master-regimes/generated/corpus/region-asymmetry-companion-v1/groups/clean-run-eu-us-gac-region-asymmetry-v1__pilot-balanced-v1__default__analytics_clients/queries/asymmetry_mr_event_full_scan_summary__dataset-pilot-balanced-v1__runtime-default__gac_fdw_multiregion_event_full_scan_summary__case-001.sql,query-collections/20260702T013451Z-clean-run-eu-us-gac-region-asymmetry--2c50cd617799--c_fdw_multiregion_event_full_scan_summary__case-001/input/query.sql,query-collections/20260702T013451Z-clean-run-eu-us-gac-region-asymmetry--2c50cd617799--c_fdw_multiregion_event_full_scan_summary__case-001/input/query_bindings.json,eu-analytics-1,20260702T013451Z,1782956100.992698,1782956101.309406,0,13,mixed_cache_first_observed,,{},{},,,,{},,,,,pilot-balanced-v1,calibration,dataset_region_asymmetry,"well_reduced_localized,remote_fetch_heavy",pilot,"{""fetch_size"":""low"",""wan_latency"":""low"",""work_mem"":""none""}",0.316710,0.0,0.0,,0.0,0.0,300,,2,2,0,1.0,2,0,2,2,2,1.0,1.0,1.0,1.0,1280.0,1280.0,1280.0,1.0,32.0,32.0,32.0,1.0,true,105.308,131.055,118.1815,2.0,32.0,2.0,2.0,4.0,2.0,64.0,64.0,false,1.0,1.0,4000.0,9400.0,,,false,true,false,true,false,false,false,,,,,2,"{""Aggregate"":64,""Seq Scan"":64}","{""seq_scan"":64}",0.0,[],2,0,0,0,0,0,0,0,0,,2,0,0,0,0,0,0,0,2,1.0,2.0,1.0,1.0,0.0,0.0,2560.0,0.0,0.015625,fdw_pushdown_fidelity_v1,2,available,,1.0,0.0,,
20260702T012956Z-clean-run-eu-us-gac-region-asymmetry-v1__pilot-balanced-v1__default__analytics_clients,pilot-balanced-v1,default,clean-run-eu-us-gac-region-asymmetry-v1,asymmetry_mr_user_segment_join__dataset-pilot-balanced-v1__runtime-default,user_segment_topk,multiregion_union,20260702T013121Z-clean-run-eu-us-gac-region-asymmetry-v1__pilot-balanced-v1__default__analytics_clients__pilot-balanced-v1__default,20260702T013507Z-clean-run-eu-us-gac-region-asymmetry--705ca06ba078--gion_user_segment_join__lookback_days-7__limit_k-25,asymmetry_mr_user_segment_join__dataset-pilot-balanced-v1__runtime-default__gac_fdw_multiregion_user_segment_join__lookback_days-7__limit_k-25,gac_fdw_multiregion_user_segment_join,completed,False,0,0,disabled,false,550434b2ab468726c0e708e58c2f05929074d7faa4d94bd31899dea4317847a3,419707643e2eb62d5f19f7f2db9826ba312a19587e260c132cf4bbd1f12f5ed5,83c5de2ce3c33d694e70fc8d3757c26da784e6fc3264f730878794edec09f946,3ba814eaeb1f526792636368ee26ad169f3b9873b8ddf5751eae3f7ffadb15ce,"[{""fdw_region"":""eu"",""plan_fingerprint"":""b0d4753d68dc2d09c2ea6152fe3ab2532151574e17e3e8fd24914adb95487e18"",""remote_sql_id"":""auto_explain_eu_004""},{""fdw_region"":""eu"",""plan_fingerprint"":""b0d4753d68dc2d09c2ea6152fe3ab2532151574e17e3e8fd24914adb95487e18"",""remote_sql_id"":""auto_explain_eu_005""},{""fdw_region"":""us"",""plan_fingerprint"":""b0d4753d68dc2d09c2ea6152fe3ab2532151574e17e3e8fd24914adb95487e18"",""remote_sql_id"":""auto_explain_us_001""},{""fdw_region"":""us"",""plan_fingerprint"":""b0d4753d68dc2d09c2ea6152fe3ab2532151574e17e3e8fd24914adb95487e18"",""remote_sql_id"":""auto_explain_us_002""}]","{""limit_k"":25,""lookback_days"":7}","fdw_remote_join,colocated_join,fdw_union_all,topk",query-collections/20260702T013507Z-clean-run-eu-us-gac-region-asymmetry--705ca06ba078--gion_user_segment_join__lookback_days-7__limit_k-25,master-regimes/generated/corpus/region-asymmetry-companion-v1/groups/clean-run-eu-us-gac-region-asymmetry-v1__pilot-balanced-v1__default__analytics_clients/queries/asymmetry_mr_user_segment_join__dataset-pilot-balanced-v1__runtime-default__gac_fdw_multiregion_user_segment_join__lookback_days-7__limit_k-25.sql,query-collections/20260702T013507Z-clean-run-eu-us-gac-region-asymmetry--705ca06ba078--gion_user_segment_join__lookback_days-7__limit_k-25/input/query.sql,query-collections/20260702T013507Z-clean-run-eu-us-gac-region-asymmetry--705ca06ba078--gion_user_segment_join__lookback_days-7__limit_k-25/input/query_bindings.json,eu-analytics-1,20260702T013507Z,1782956117.282230,1782956121.094757,0,14,mixed_cache_first_observed,,"{""limit_k"":""25"",""lookback_days"":""7""}",{},,,,{},,,,,pilot-balanced-v1,calibration,dataset_region_asymmetry,gac_finalization_heavy,pilot,"{""fetch_size"":""high"",""wan_latency"":""high"",""work_mem"":""high""}",3.812529,6.0,0.0,1.0,2552.0,2366.0,300,,2,2,0,1.0,4,0,2,2,2,300000.0,300000.0,300000.0,1.0,9363456.0,9363456.0,9363456.0,1.0,64.0,64.0,64.0,1.0,true,443.716,558.2560000000001,500.98600000000005,14006.327160493827,32.0,2.0,2.0,4.0,2.0,64.0,64.0,false,2000.0,9400.0,2000.0,9400.0,,,false,false,false,false,false,false,false,,,,,2,"{""Seq Scan"":128}","{""seq_scan"":128}",0.0,[],4,2,0,2,1,0,0,0,0,0.0,4,4,4,1,1,1,0,0,4,2.071286786916372,32186.11111111111,2.071286786916372,0.9285714285714286,49086.0,6728.0,18728960.0,0.40762557769577046,0.016074357572443958,fdw_pushdown_fidelity_v1,5,available,"local_filter_after_remote,aggregate_not_pushdowned,sort_not_pushdowned,limit_not_pushdowned",0.2,0.8,,
20260702T012956Z-clean-run-eu-us-gac-region-asymmetry-v1__pilot-balanced-v1__default__analytics_clients,pilot-balanced-v1,default,clean-run-eu-us-gac-region-asymmetry-v1,asymmetry_mr_top_tenants__dataset-pilot-balanced-v1__runtime-default,top_tenants,multiregion_union,20260702T013121Z-clean-run-eu-us-gac-region-asymmetry-v1__pilot-balanced-v1__default__analytics_clients__pilot-balanced-v1__default,20260702T013527Z-clean-run-eu-us-gac-region-asymmetry--19ac42525edb--ultiregion_top_tenants__lookback_days-1__limit_k-25,asymmetry_mr_top_tenants__dataset-pilot-balanced-v1__runtime-default__gac_fdw_multiregion_top_tenants__lookback_days-1__limit_k-25,gac_fdw_multiregion_top_tenants,completed,False,0,0,disabled,false,70e6dab484eae0f8fbcd7f56f3e84645ebf75780bf99e758a424ce04fa47a7dd,ee0a099e2544cbc4ca02649c01204bd4943e76062b5d39309218d9eed6ae066c,db7b1445edd01dc5de99e55396ff6825c5a8f8f836694c3cd0ca60172fb40af8,61760961cb6a8ad5378a93a82ba102b5edabb89898cd7adb04c5b97572d95b78,"[{""fdw_region"":""eu"",""plan_fingerprint"":""b0d4753d68dc2d09c2ea6152fe3ab2532151574e17e3e8fd24914adb95487e18"",""remote_sql_id"":""auto_explain_eu_011""},{""fdw_region"":""us"",""plan_fingerprint"":""b0d4753d68dc2d09c2ea6152fe3ab2532151574e17e3e8fd24914adb95487e18"",""remote_sql_id"":""auto_explain_us_001""}]","{""limit_k"":25,""lookback_days"":1}","fdw_union_all,topk,final_ordering,coordinator_fanin",query-collections/20260702T013527Z-clean-run-eu-us-gac-region-asymmetry--19ac42525edb--ultiregion_top_tenants__lookback_days-1__limit_k-25,master-regimes/generated/corpus/region-asymmetry-companion-v1/groups/clean-run-eu-us-gac-region-asymmetry-v1__pilot-balanced-v1__default__analytics_clients/queries/asymmetry_mr_top_tenants__dataset-pilot-balanced-v1__runtime-default__gac_fdw_multiregion_top_tenants__lookback_days-1__limit_k-25.sql,query-collections/20260702T013527Z-clean-run-eu-us-gac-region-asymmetry--19ac42525edb--ultiregion_top_tenants__lookback_days-1__limit_k-25/input/query.sql,query-collections/20260702T013527Z-clean-run-eu-us-gac-region-asymmetry--19ac42525edb--ultiregion_top_tenants__lookback_days-1__limit_k-25/input/query_bindings.json,eu-analytics-1,20260702T013527Z,1782956136.230780,1782956138.603065,0,15,mixed_cache_first_observed,,"{""limit_k"":""25"",""lookback_days"":""1""}",{},,,,{},,,,,pilot-balanced-v1,calibration,dataset_region_asymmetry,"remote_fetch_heavy,gac_finalization_heavy,skew_imbalance",pilot,"{""fetch_size"":""high"",""wan_latency"":""high"",""work_mem"":""high""}",2.372287,9.0,0.0,1.0,0.0,0.0,300,,2,2,0,1.0,2,0,2,2,2,200000.0,200000.0,200000.0,1.0,4800512.0,4800512.0,4800512.0,1.0,32.0,32.0,32.0,1.0,true,336.764,337.574,337.169,191.565,32.0,2.0,2.0,4.0,2.0,64.0,64.0,false,4000.0,9400.0,4000.0,9400.0,,,false,false,false,false,false,false,false,,,,,2,"{""Seq Scan"":64}","{""seq_scan"":64}",0.0,[],2,2,0,2,1,0,0,0,0,0.0,2,2,2,1,1,1,0,0,2,31.320961553519695,510.84,31.320961553519695,1.0,0.0,3712.0,9602048.0,0.16482385613563982,0.023461661512210727,fdw_pushdown_fidelity_v1,5,available,"local_filter_after_remote,aggregate_not_pushdowned,sort_not_pushdowned,limit_not_pushdowned",0.2,0.8,,
20260702T012956Z-clean-run-eu-us-gac-region-asymmetry-v1__pilot-balanced-v1__default__analytics_clients,pilot-balanced-v1,default,clean-run-eu-us-gac-region-asymmetry-v1,asymmetry_mr_event_filter_summary__dataset-pilot-balanced-v1__runtime-default,event_filter_summary,multiregion_union,20260702T013121Z-clean-run-eu-us-gac-region-asymmetry-v1__pilot-balanced-v1__default__analytics_clients__pilot-balanced-v1__default,20260702T013544Z-clean-run-eu-us-gac-region-asymmetry--0b82b380da68--ent_filter_summary__lookback_days-30__min_value-900,asymmetry_mr_event_filter_summary__dataset-pilot-balanced-v1__runtime-default__gac_fdw_multiregion_event_filter_summary__lookback_days-30__min_value-900,gac_fdw_multiregion_event_filter_summary,completed,False,0,0,disabled,false,bbe7abed7ec3fa20d9b0211e15005ac4028b7410ffe8507f3df23c0161777d45,4d9a2a38185bde860d6ef3d1d9ae35ce2892d680e0f7b7d49c6d73b9d6852f01,8b2261d3fb2d47cecc5dbf1f4d6cf256fa8eb686e3f77b3778f69660e9f872d2,4b9e979d036487319f68f1c2218c96d32904481217941d09b2b7e8d6e9a03873,"[{""fdw_region"":""eu"",""plan_fingerprint"":""b0d4753d68dc2d09c2ea6152fe3ab2532151574e17e3e8fd24914adb95487e18"",""remote_sql_id"":""auto_explain_eu_009""},{""fdw_region"":""us"",""plan_fingerprint"":""b0d4753d68dc2d09c2ea6152fe3ab2532151574e17e3e8fd24914adb95487e18"",""remote_sql_id"":""auto_explain_us_001""}]","{""lookback_days"":30,""min_value"":900}","fdw_union_all,selective_filter,remote_pushdown_candidate",query-collections/20260702T013544Z-clean-run-eu-us-gac-region-asymmetry--0b82b380da68--ent_filter_summary__lookback_days-30__min_value-900,master-regimes/generated/corpus/region-asymmetry-companion-v1/groups/clean-run-eu-us-gac-region-asymmetry-v1__pilot-balanced-v1__default__analytics_clients/queries/asymmetry_mr_event_filter_summary__dataset-pilot-balanced-v1__runtime-default__gac_fdw_multiregion_event_filter_summary__lookback_days-30__min_value-900.sql,query-collections/20260702T013544Z-clean-run-eu-us-gac-region-asymmetry--0b82b380da68--ent_filter_summary__lookback_days-30__min_value-900/input/query.sql,query-collections/20260702T013544Z-clean-run-eu-us-gac-region-asymmetry--0b82b380da68--ent_filter_summary__lookback_days-30__min_value-900/input/query_bindings.json,eu-analytics-1,20260702T013544Z,1782956154.659123,1782956155.037705,0,16,mixed_cache_first_observed,,"{""lookback_days"":""30"",""min_value"":""900""}",{},,,,{},,,,,pilot-balanced-v1,calibration,dataset_region_asymmetry,well_reduced_localized,pilot,"{""fetch_size"":""low"",""wan_latency"":""low"",""work_mem"":""none""}",0.378583,0.0,0.0,,0.0,0.0,300,,2,2,0,1.0,2,0,2,2,2,19706.0,20229.0,19967.5,1.0130962814573683,315392.0,323584.0,319488.0,1.0128205128205128,32.0,32.0,32.0,1.0,true,72.123,76.341,74.232,8578.666666666666,32.0,2.0,2.0,4.0,2.0,64.0,64.0,false,410.0,886.0,410.0,886.0,,,false,false,false,false,false,false,false,,,,,2,"{""Seq Scan"":64}","{""seq_scan"":64}",0.0,[],2,2,0,2,1,2,0,0,0,0.0,2,0,0,1,0,0,0,0,2,1.034478292404932,38604.0,1.034478292404932,1.0,0.0,0.0,636464.0,0.15554459447358526,0.02252444757283994,fdw_pushdown_fidelity_v1,3,available,"local_filter_after_remote,aggregate_not_pushdowned",0.3333333333333333,0.6666666666666667,,
20260702T012956Z-clean-run-eu-us-gac-region-asymmetry-v1__pilot-balanced-v1__default__analytics_clients,pilot-balanced-v1,default,clean-run-eu-us-gac-region-asymmetry-v1,asymmetry_mr_user_segment_join__dataset-pilot-balanced-v1__runtime-default,user_segment_topk,multiregion_union,20260702T013121Z-clean-run-eu-us-gac-region-asymmetry-v1__pilot-balanced-v1__default__analytics_clients__pilot-balanced-v1__default,20260702T013600Z-clean-run-eu-us-gac-region-asymmetry--6e937252da52--ion_user_segment_join__lookback_days-30__limit_k-25,asymmetry_mr_user_segment_join__dataset-pilot-balanced-v1__runtime-default__gac_fdw_multiregion_user_segment_join__lookback_days-30__limit_k-25,gac_fdw_multiregion_user_segment_join,completed,False,0,0,disabled,false,550434b2ab468726c0e708e58c2f05929074d7faa4d94bd31899dea4317847a3,2ecf46bb3fed8703c2e8dddf8cafa565a114e439e9c241a5349b754e3fb55db8,83c5de2ce3c33d694e70fc8d3757c26da784e6fc3264f730878794edec09f946,a2f84006b10cee5d5df4d424e81364e19aed7884ea678089031e555947882f32,"[{""fdw_region"":""eu"",""plan_fingerprint"":""b0d4753d68dc2d09c2ea6152fe3ab2532151574e17e3e8fd24914adb95487e18"",""remote_sql_id"":""auto_explain_eu_011""},{""fdw_region"":""eu"",""plan_fingerprint"":""b0d4753d68dc2d09c2ea6152fe3ab2532151574e17e3e8fd24914adb95487e18"",""remote_sql_id"":""auto_explain_eu_012""},{""fdw_region"":""us"",""plan_fingerprint"":""b0d4753d68dc2d09c2ea6152fe3ab2532151574e17e3e8fd24914adb95487e18"",""remote_sql_id"":""auto_explain_us_001""},{""fdw_region"":""us"",""plan_fingerprint"":""b0d4753d68dc2d09c2ea6152fe3ab2532151574e17e3e8fd24914adb95487e18"",""remote_sql_id"":""auto_explain_us_002""}]","{""limit_k"":25,""lookback_days"":30}","fdw_remote_join,colocated_join,fdw_union_all,topk",query-collections/20260702T013600Z-clean-run-eu-us-gac-region-asymmetry--6e937252da52--ion_user_segment_join__lookback_days-30__limit_k-25,master-regimes/generated/corpus/region-asymmetry-companion-v1/groups/clean-run-eu-us-gac-region-asymmetry-v1__pilot-balanced-v1__default__analytics_clients/queries/asymmetry_mr_user_segment_join__dataset-pilot-balanced-v1__runtime-default__gac_fdw_multiregion_user_segment_join__lookback_days-30__limit_k-25.sql,query-collections/20260702T013600Z-clean-run-eu-us-gac-region-asymmetry--6e937252da52--ion_user_segment_join__lookback_days-30__limit_k-25/input/query.sql,query-collections/20260702T013600Z-clean-run-eu-us-gac-region-asymmetry--6e937252da52--ion_user_segment_join__lookback_days-30__limit_k-25/input/query_bindings.json,eu-analytics-1,20260702T013600Z,1782956169.282590,1782956173.822853,0,17,mixed_cache_first_observed,,"{""limit_k"":""25"",""lookback_days"":""30""}",{},,,,{},,,,,pilot-balanced-v1,calibration,dataset_region_asymmetry,gac_finalization_heavy,pilot,"{""fetch_size"":""high"",""wan_latency"":""high"",""work_mem"":""high""}",4.540264,6.0,0.0,1.0,8680.0,6086.0,300,,2,2,0,1.0,4,0,2,2,2,300000.0,300000.0,300000.0,1.0,9363456.0,9363456.0,9363456.0,1.0,64.0,64.0,64.0,1.0,true,457.021,479.412,468.2165,19510.41975308642,32.0,2.0,2.0,4.0,2.0,64.0,64.0,false,2000.0,9400.0,2000.0,9400.0,,,false,false,false,false,false,false,false,,,,,2,"{""Seq Scan"":128}","{""seq_scan"":128}",0.0,[],4,2,0,2,1,0,0,0,0,0.0,4,4,4,1,1,1,0,0,4,1.0223276355606445,65210.666666666664,1.0223276355606445,0.9285714285714286,137956.0,6728.0,18728960.0,0.40762557769577046,0.016074357572443958,fdw_pushdown_fidelity_v1,5,available,"local_filter_after_remote,aggregate_not_pushdowned,sort_not_pushdowned,limit_not_pushdowned",0.2,0.8,,
20260702T012956Z-clean-run-eu-us-gac-region-asymmetry-v1__pilot-balanced-v1__default__analytics_clients,pilot-balanced-v1,default,clean-run-eu-us-gac-region-asymmetry-v1,asymmetry_mr_daily_tenant_rollup__dataset-pilot-balanced-v1__runtime-default,daily_tenant_rollup,multiregion_union,20260702T013121Z-clean-run-eu-us-gac-region-asymmetry-v1__pilot-balanced-v1__default__analytics_clients__pilot-balanced-v1__default,20260702T013619Z-clean-run-eu-us-gac-region-asymmetry--17b1fd8e806e--nt_rollup__lookback_days-7__min_value-0__limit_k-50,asymmetry_mr_daily_tenant_rollup__dataset-pilot-balanced-v1__runtime-default__gac_fdw_multiregion_daily_tenant_rollup__lookback_days-7__min_value-0__limit_k-50,gac_fdw_multiregion_daily_tenant_rollup,completed,False,0,0,disabled,false,bd2869d4baf6a1b37f3bc14e1f26b15ced24803fb049e074025947925c37329f,f11829f32d131147f48697af6bbd9b12dd343a359d784e581f34821b03587c31,0914b69a9ec4adcafd4187e94889f978fc7828e5e70ba0b441e3875f45330c49,3b1c7ee2d34c684e0c10fe945f5137f29b06330e4a1c17e7d235ff97e56db88a,"[{""fdw_region"":""eu"",""plan_fingerprint"":""b0d4753d68dc2d09c2ea6152fe3ab2532151574e17e3e8fd24914adb95487e18"",""remote_sql_id"":""auto_explain_eu_012""},{""fdw_region"":""us"",""plan_fingerprint"":""b0d4753d68dc2d09c2ea6152fe3ab2532151574e17e3e8fd24914adb95487e18"",""remote_sql_id"":""auto_explain_us_001""}]","{""limit_k"":50,""lookback_days"":7,""min_value"":0}","fdw_union_all,remote_aggregate_candidate,coordinator_fanin,daily_group_by",query-collections/20260702T013619Z-clean-run-eu-us-gac-region-asymmetry--17b1fd8e806e--nt_rollup__lookback_days-7__min_value-0__limit_k-50,master-regimes/generated/corpus/region-asymmetry-companion-v1/groups/clean-run-eu-us-gac-region-asymmetry-v1__pilot-balanced-v1__default__analytics_clients/queries/asymmetry_mr_daily_tenant_rollup__dataset-pilot-balanced-v1__runtime-default__gac_fdw_multiregion_daily_tenant_rollup__lookback_days-7__min_value-0__limit_k-50.sql,query-collections/20260702T013619Z-clean-run-eu-us-gac-region-asymmetry--17b1fd8e806e--nt_rollup__lookback_days-7__min_value-0__limit_k-50/input/query.sql,query-collections/20260702T013619Z-clean-run-eu-us-gac-region-asymmetry--17b1fd8e806e--nt_rollup__lookback_days-7__min_value-0__limit_k-50/input/query_bindings.json,eu-analytics-1,20260702T013619Z,1782956188.148540,1782956190.467352,0,18,mixed_cache_first_observed,,"{""limit_k"":""50"",""lookback_days"":""7"",""min_value"":""0""}",{},,,,{},,,,,pilot-balanced-v1,calibration,dataset_region_asymmetry,"gac_finalization_heavy,skew_imbalance",pilot,"{""fetch_size"":""high"",""wan_latency"":""high"",""work_mem"":""high""}",2.318814,12.0,0.0,1.0,0.0,0.0,300,,2,2,0,1.0,2,0,2,2,2,200000.0,200000.0,200000.0,1.0,4800512.0,4800512.0,4800512.0,1.0,32.0,32.0,32.0,1.0,true,275.28,304.658,289.969,597.7533333333333,32.0,2.0,2.0,4.0,2.0,64.0,64.0,false,4000.0,9400.0,4000.0,9400.0,,,false,false,false,false,false,false,false,,,,,2,"{""Seq Scan"":64}","{""seq_scan"":64}",0.0,[],2,2,0,2,1,2,0,0,0,0.0,2,2,2,1,1,1,0,0,2,4.461148968916945,1793.26,4.461148968916945,1.0,0.0,3712.0,9602048.0,0.16482385613563982,0.023461661512210727,fdw_pushdown_fidelity_v1,5,available,"local_filter_after_remote,aggregate_not_pushdowned,sort_not_pushdowned,limit_not_pushdowned",0.2,0.8,,
20260702T012956Z-clean-run-eu-us-gac-region-asymmetry-v1__pilot-balanced-v1__default__analytics_clients,pilot-balanced-v1,default,clean-run-eu-us-gac-region-asymmetry-v1,asymmetry_mr_top_tenants__dataset-pilot-balanced-v1__runtime-default,top_tenants,multiregion_union,20260702T013121Z-clean-run-eu-us-gac-region-asymmetry-v1__pilot-balanced-v1__default__analytics_clients__pilot-balanced-v1__default,20260702T013638Z-clean-run-eu-us-gac-region-asymmetry--3a7f7940bd9f--ultiregion_top_tenants__lookback_days-1__limit_k-50,asymmetry_mr_top_tenants__dataset-pilot-balanced-v1__runtime-default__gac_fdw_multiregion_top_tenants__lookback_days-1__limit_k-50,gac_fdw_multiregion_top_tenants,completed,False,0,0,disabled,false,70e6dab484eae0f8fbcd7f56f3e84645ebf75780bf99e758a424ce04fa47a7dd,29818923005faafa0c52f6f0dd04f9b07f0e41a8dde50e92bfeb43cf04930532,db7b1445edd01dc5de99e55396ff6825c5a8f8f836694c3cd0ca60172fb40af8,8e1b4949c2c681aca033f89e4d484d98925b8a60407874e815e61e17e1e8e417,"[{""fdw_region"":""eu"",""plan_fingerprint"":""b0d4753d68dc2d09c2ea6152fe3ab2532151574e17e3e8fd24914adb95487e18"",""remote_sql_id"":""auto_explain_eu_010""},{""fdw_region"":""us"",""plan_fingerprint"":""b0d4753d68dc2d09c2ea6152fe3ab2532151574e17e3e8fd24914adb95487e18"",""remote_sql_id"":""auto_explain_us_001""}]","{""limit_k"":50,""lookback_days"":1}","fdw_union_all,topk,final_ordering,coordinator_fanin",query-collections/20260702T013638Z-clean-run-eu-us-gac-region-asymmetry--3a7f7940bd9f--ultiregion_top_tenants__lookback_days-1__limit_k-50,master-regimes/generated/corpus/region-asymmetry-companion-v1/groups/clean-run-eu-us-gac-region-asymmetry-v1__pilot-balanced-v1__default__analytics_clients/queries/asymmetry_mr_top_tenants__dataset-pilot-balanced-v1__runtime-default__gac_fdw_multiregion_top_tenants__lookback_days-1__limit_k-50.sql,query-collections/20260702T013638Z-clean-run-eu-us-gac-region-asymmetry--3a7f7940bd9f--ultiregion_top_tenants__lookback_days-1__limit_k-50/input/query.sql,query-collections/20260702T013638Z-clean-run-eu-us-gac-region-asymmetry--3a7f7940bd9f--ultiregion_top_tenants__lookback_days-1__limit_k-50/input/query_bindings.json,eu-analytics-1,20260702T013638Z,1782956207.787258,1782956209.971037,0,19,mixed_cache_first_observed,,"{""limit_k"":""50"",""lookback_days"":""1""}",{},,,,{},,,,,pilot-balanced-v1,calibration,dataset_region_asymmetry,"remote_fetch_heavy,gac_finalization_heavy,skew_imbalance",pilot,"{""fetch_size"":""high"",""wan_latency"":""high"",""work_mem"":""high""}",2.183779,9.0,0.0,1.0,0.0,0.0,300,,2,2,0,1.0,2,0,2,2,2,200000.0,200000.0,200000.0,1.0,4800512.0,4800512.0,4800512.0,1.0,32.0,32.0,32.0,1.0,true,262.043,298.582,280.3125,95.73,32.0,2.0,2.0,4.0,2.0,64.0,64.0,false,4000.0,9400.0,4000.0,9400.0,,,false,false,false,false,false,false,false,,,,,2,"{""Seq Scan"":64}","{""seq_scan"":64}",0.0,[],2,2,0,2,1,0,0,0,0,0.0,2,2,2,1,1,1,0,0,2,31.338138514572233,255.28,31.338138514572233,1.0,0.0,3712.0,9602048.0,0.16482385613563982,0.023461661512210727,fdw_pushdown_fidelity_v1,5,available,"local_filter_after_remote,aggregate_not_pushdowned,sort_not_pushdowned,limit_not_pushdowned",0.2,0.8,,
20260702T012956Z-clean-run-eu-us-gac-region-asymmetry-v1__pilot-balanced-v1__default__analytics_clients,pilot-balanced-v1,default,clean-run-eu-us-gac-region-asymmetry-v1,asymmetry_mr_event_filter_summary__dataset-pilot-balanced-v1__runtime-default,event_filter_summary,multiregion_union,20260702T013121Z-clean-run-eu-us-gac-region-asymmetry-v1__pilot-balanced-v1__default__analytics_clients__pilot-balanced-v1__default,20260702T013656Z-clean-run-eu-us-gac-region-asymmetry--a77f9178750a--vent_filter_summary__lookback_days-7__min_value-500,asymmetry_mr_event_filter_summary__dataset-pilot-balanced-v1__runtime-default__gac_fdw_multiregion_event_filter_summary__lookback_days-7__min_value-500,gac_fdw_multiregion_event_filter_summary,completed,False,0,0,disabled,false,bbe7abed7ec3fa20d9b0211e15005ac4028b7410ffe8507f3df23c0161777d45,fc005ba90fb9e8afc383cfdd6310297ad393df3102e7b5061458b43da84affa0,8b2261d3fb2d47cecc5dbf1f4d6cf256fa8eb686e3f77b3778f69660e9f872d2,4b9e979d036487319f68f1c2218c96d32904481217941d09b2b7e8d6e9a03873,"[{""fdw_region"":""eu"",""plan_fingerprint"":""b0d4753d68dc2d09c2ea6152fe3ab2532151574e17e3e8fd24914adb95487e18"",""remote_sql_id"":""auto_explain_eu_009""},{""fdw_region"":""us"",""plan_fingerprint"":""b0d4753d68dc2d09c2ea6152fe3ab2532151574e17e3e8fd24914adb95487e18"",""remote_sql_id"":""auto_explain_us_001""}]","{""lookback_days"":7,""min_value"":500}","fdw_union_all,selective_filter,remote_pushdown_candidate",query-collections/20260702T013656Z-clean-run-eu-us-gac-region-asymmetry--a77f9178750a--vent_filter_summary__lookback_days-7__min_value-500,master-regimes/generated/corpus/region-asymmetry-companion-v1/groups/clean-run-eu-us-gac-region-asymmetry-v1__pilot-balanced-v1__default__analytics_clients/queries/asymmetry_mr_event_filter_summary__dataset-pilot-balanced-v1__runtime-default__gac_fdw_multiregion_event_filter_summary__lookback_days-7__min_value-500.sql,query-collections/20260702T013656Z-clean-run-eu-us-gac-region-asymmetry--a77f9178750a--vent_filter_summary__lookback_days-7__min_value-500/input/query.sql,query-collections/20260702T013656Z-clean-run-eu-us-gac-region-asymmetry--a77f9178750a--vent_filter_summary__lookback_days-7__min_value-500/input/query_bindings.json,eu-analytics-1,20260702T013656Z,1782956225.747607,1782956226.955432,0,20,mixed_cache_first_observed,,"{""lookback_days"":""7"",""min_value"":""500""}",{},,,,{},,,,,pilot-balanced-v1,calibration,dataset_region_asymmetry,well_reduced_localized,pilot,"{""fetch_size"":""low"",""wan_latency"":""low"",""work_mem"":""none""}",1.207826,0.0,0.0,,0.0,0.0,300,,2,2,0,1.0,2,0,2,2,2,99632.0,100322.0,99977.0,1.003450793682547,1594368.0,1605632.0,1600000.0,1.00352,32.0,32.0,32.0,1.0,true,148.965,194.38,171.6725,9994.888888888889,32.0,2.0,2.0,4.0,2.0,64.0,64.0,false,2022.0,4672.0,2022.0,4672.0,,,false,false,false,false,false,false,false,,,,,2,"{""Seq Scan"":64}","{""seq_scan"":64}",0.0,[],2,2,0,2,1,2,0,0,0,0.0,2,0,0,1,0,0,0,0,2,4.445694466060431,44977.0,4.445694466060431,1.0,0.0,1466.0,3204096.0,0.16383485119054994,0.023330137424097154,fdw_pushdown_fidelity_v1,3,available,"local_filter_after_remote,aggregate_not_pushdowned",0.3333333333333333,0.6666666666666667,,
20260702T012956Z-clean-run-eu-us-gac-region-asymmetry-v1__pilot-balanced-v1__default__analytics_clients,pilot-balanced-v1,default,clean-run-eu-us-gac-region-asymmetry-v1,asymmetry_mr_raw_region_rollup__dataset-pilot-balanced-v1__runtime-default,event_full_scan_summary,multiregion_union,20260702T013121Z-clean-run-eu-us-gac-region-asymmetry-v1__pilot-balanced-v1__default__analytics_clients__pilot-balanced-v1__default,20260702T013713Z-clean-run-eu-us-gac-region-asymmetry--a3fe379e2a91--_fdw_multiregion_raw_region_rollup__lookback_days-7,asymmetry_mr_raw_region_rollup__dataset-pilot-balanced-v1__runtime-default__gac_fdw_multiregion_raw_region_rollup__lookback_days-7,gac_fdw_multiregion_raw_region_rollup,completed,False,0,0,disabled,false,6ea964648de3595bee23ace2b070299f662fb662ad951c686b0177387ba2c6d5,3e8add382901193a0779fecec66165d21a68b56b5b446f1edf2f29cf17c525d6,9f995e231cca461edd4d9c705c93b1b27701f5257549113cbe94b92f90c6ca85,17f6bc539e945dfaffcf0d34c6d7308bd4a1e20a2e544348f661bc180ae48f3c,"[{""fdw_region"":""eu"",""plan_fingerprint"":""b0d4753d68dc2d09c2ea6152fe3ab2532151574e17e3e8fd24914adb95487e18"",""remote_sql_id"":""auto_explain_eu_014""},{""fdw_region"":""us"",""plan_fingerprint"":""b0d4753d68dc2d09c2ea6152fe3ab2532151574e17e3e8fd24914adb95487e18"",""remote_sql_id"":""auto_explain_us_001""}]","{""lookback_days"":7}","fdw_union_all,fdw_remote_scan,raw_row_fetch,gac_global_group_by,non_distribution_filter",query-collections/20260702T013713Z-clean-run-eu-us-gac-region-asymmetry--a3fe379e2a91--_fdw_multiregion_raw_region_rollup__lookback_days-7,master-regimes/generated/corpus/region-asymmetry-companion-v1/groups/clean-run-eu-us-gac-region-asymmetry-v1__pilot-balanced-v1__default__analytics_clients/queries/asymmetry_mr_raw_region_rollup__dataset-pilot-balanced-v1__runtime-default__gac_fdw_multiregion_raw_region_rollup__lookback_days-7.sql,query-collections/20260702T013713Z-clean-run-eu-us-gac-region-asymmetry--a3fe379e2a91--_fdw_multiregion_raw_region_rollup__lookback_days-7/input/query.sql,query-collections/20260702T013713Z-clean-run-eu-us-gac-region-asymmetry--a3fe379e2a91--_fdw_multiregion_raw_region_rollup__lookback_days-7/input/query_bindings.json,eu-analytics-1,20260702T013713Z,1782956244.451244,1782956246.598732,0,21,mixed_cache_first_observed,,"{""lookback_days"":""7""}",{},,,,{},,,,,pilot-balanced-v1,calibration,dataset_region_asymmetry,"remote_fetch_heavy,skew_imbalance",pilot,"{""fetch_size"":""high"",""wan_latency"":""high"",""work_mem"":""high""}",2.147489,3.0,0.0,1.0,0.0,0.0,300,,2,2,0,1.0,2,0,2,2,2,200000.0,200000.0,200000.0,1.0,3200000.0,3200000.0,3200000.0,1.0,32.0,32.0,32.0,1.0,true,242.843,312.155,277.49899999999997,37356.666666666664,32.0,2.0,2.0,4.0,2.0,64.0,64.0,false,4000.0,9400.0,4000.0,9400.0,,,false,false,false,false,false,false,false,,,,,2,"{""Seq Scan"":64}","{""seq_scan"":64}",0.0,[],2,2,0,2,1,0,0,0,0,0.0,2,2,0,1,1,0,0,0,2,4.46149727848666,44828.0,4.46149727848666,2.5,0.0,2932.0,6402048.0,0.1648128002693886,0.023512476007677544,fdw_pushdown_fidelity_v1,4,available,"local_filter_after_remote,aggregate_not_pushdowned,sort_not_pushdowned,projection_width_expansion",0.1,0.9,,
20260702T012956Z-clean-run-eu-us-gac-region-asymmetry-v1__pilot-balanced-v1__default__analytics_clients,pilot-balanced-v1,default,clean-run-eu-us-gac-region-asymmetry-v1,asymmetry_mr_raw_wide_sample__dataset-pilot-balanced-v1__runtime-default,event_raw_wide_sample,multiregion_union,20260702T013121Z-clean-run-eu-us-gac-region-asymmetry-v1__pilot-balanced-v1__default__analytics_clients__pilot-balanced-v1__default,20260702T013734Z-clean-run-eu-us-gac-region-asymmetry--e59143778e2b--__limit_k-250__payload_repeat-16__payload_width-512,asymmetry_mr_raw_wide_sample__dataset-pilot-balanced-v1__runtime-default__gac_fdw_multiregion_event_raw_wide_sample__lookback_days-7__min_value-500__limit_k-250__payload_repeat-16__payload_width-512,gac_fdw_multiregion_event_raw_wide_sample,completed,False,0,0,disabled,false,f96797f2645ff7832b8b3c96a1487f7685a32e42a250253b6aa6311ae7e40e37,77ad9351cb9ea736adc2728d0880b5d7ea36ffb7dae76ef57b9e5bfde940bcde,db4ed3d9a591bd04a004580f3e91a0acb28c98c15abf9b58c3020a2a8c2ff009,61760961cb6a8ad5378a93a82ba102b5edabb89898cd7adb04c5b97572d95b78,"[{""fdw_region"":""eu"",""plan_fingerprint"":""b0d4753d68dc2d09c2ea6152fe3ab2532151574e17e3e8fd24914adb95487e18"",""remote_sql_id"":""auto_explain_eu_011""},{""fdw_region"":""us"",""plan_fingerprint"":""b0d4753d68dc2d09c2ea6152fe3ab2532151574e17e3e8fd24914adb95487e18"",""remote_sql_id"":""auto_explain_us_001""}]","{""limit_k"":250,""lookback_days"":7,""min_value"":500,""payload_repeat"":16,""payload_width"":512}","fdw_union_all,fdw_remote_scan,raw_row_fetch,wide_payload_expression",query-collections/20260702T013734Z-clean-run-eu-us-gac-region-asymmetry--e59143778e2b--__limit_k-250__payload_repeat-16__payload_width-512,master-regimes/generated/corpus/region-asymmetry-companion-v1/groups/clean-run-eu-us-gac-region-asymmetry-v1__pilot-balanced-v1__default__analytics_clients/queries/asymmetry_mr_raw_wide_sample__dataset-pilot-balanced-v1__runtime-default__gac_fdw_multiregion_event_raw_wide_sample__lookback_days-7__min_value-500__limit_k-250__payload_repeat-16__payload_width-512.sql,query-collections/20260702T013734Z-clean-run-eu-us-gac-region-asymmetry--e59143778e2b--__limit_k-250__payload_repeat-16__payload_width-512/input/query.sql,query-collections/20260702T013734Z-clean-run-eu-us-gac-region-asymmetry--e59143778e2b--__limit_k-250__payload_repeat-16__payload_width-512/input/query_bindings.json,eu-analytics-1,20260702T013734Z,1782956265.457084,1782956266.899636,0,22,mixed_cache_first_observed,,"{""limit_k"":""250"",""lookback_days"":""7"",""min_value"":""500"",""payload_repeat"":""16"",""payload_width"":""512""}",{},,,,{},,,,,pilot-balanced-v1,calibration,dataset_region_asymmetry,remote_fetch_heavy,pilot,"{""fetch_size"":""high"",""wan_latency"":""high"",""work_mem"":""none""}",1.442553,9.0,0.0,1.0,0.0,0.0,300,,2,2,0,1.0,2,0,2,2,2,99632.0,100322.0,99977.0,1.003450793682547,3985408.0,4013056.0,3999232.0,1.0034566636794264,32.0,32.0,32.0,1.0,true,179.555,193.414,186.4845,179.9,32.0,2.0,2.0,4.0,2.0,64.0,64.0,false,2022.0,4672.0,2022.0,4672.0,,,false,false,false,false,false,false,false,,,,,2,"{""Seq Scan"":64}","{""seq_scan"":64}",0.0,[],2,2,0,2,1,2,0,0,0,0.0,0,2,2,0,1,1,0,0,2,4.445892162312396,179.9,4.445892162312396,14.7,0.0,2638.0,7998464.0,0.1649524561231624,0.02342849827166816,fdw_pushdown_fidelity_v1,4,available,"local_filter_after_remote,sort_not_pushdowned,limit_not_pushdowned,projection_width_expansion",0.017006802721088437,0.9829931972789115,,
20260702T012956Z-clean-run-eu-us-gac-region-asymmetry-v1__pilot-balanced-v1__default__analytics_clients,pilot-balanced-v1,default,clean-run-eu-us-gac-region-asymmetry-v1,asymmetry_mr_multi_dimension_rollup__dataset-pilot-balanced-v1__runtime-default,multi_dimension_rollup,multiregion_union,20260702T013121Z-clean-run-eu-us-gac-region-asymmetry-v1__pilot-balanced-v1__default__analytics_clients__pilot-balanced-v1__default,20260702T013753Z-clean-run-eu-us-gac-region-asymmetry--529744ab08b0--ulti_dimension_rollup__lookback_days-7__limit_k-100,asymmetry_mr_multi_dimension_rollup__dataset-pilot-balanced-v1__runtime-default__gac_fdw_multiregion_multi_dimension_rollup__lookback_days-7__limit_k-100,gac_fdw_multiregion_multi_dimension_rollup,completed,False,0,0,disabled,false,2fb2c4dc7294b06ccb2e90b11eec0562f4ca237d24d4811fcbffaf7ffe881530,1685ea4b738f0b13ead25cae8764ae4384873eb1c6060411df0cff6fd8045314,6fa6a810e585d93cab6900cd3230b72c02ad8b63128e79a55454e9da2bc013d0,aed3b67f118302a7ed421a3ab9649c67e90f68eda4c0e36557fa541955d47529,"[{""fdw_region"":""eu"",""plan_fingerprint"":""b0d4753d68dc2d09c2ea6152fe3ab2532151574e17e3e8fd24914adb95487e18"",""remote_sql_id"":""auto_explain_eu_012""},{""fdw_region"":""eu"",""plan_fingerprint"":""b0d4753d68dc2d09c2ea6152fe3ab2532151574e17e3e8fd24914adb95487e18"",""remote_sql_id"":""auto_explain_eu_013""},{""fdw_region"":""eu"",""plan_fingerprint"":""b0d4753d68dc2d09c2ea6152fe3ab2532151574e17e3e8fd24914adb95487e18"",""remote_sql_id"":""auto_explain_eu_014""},{""fdw_region"":""us"",""plan_fingerprint"":""b0d4753d68dc2d09c2ea6152fe3ab2532151574e17e3e8fd24914adb95487e18"",""remote_sql_id"":""auto_explain_us_001""},{""fdw_region"":""us"",""plan_fingerprint"":""b0d4753d68dc2d09c2ea6152fe3ab2532151574e17e3e8fd24914adb95487e18"",""remote_sql_id"":""auto_explain_us_002""},{""fdw_region"":""us"",""plan_fingerprint"":""b0d4753d68dc2d09c2ea6152fe3ab2532151574e17e3e8fd24914adb95487e18"",""remote_sql_id"":""auto_explain_us_003""}]","{""limit_k"":100,""lookback_days"":7}","fdw_remote_join,multi_join,fdw_union_all,daily_group_by",query-collections/20260702T013753Z-clean-run-eu-us-gac-region-asymmetry--529744ab08b0--ulti_dimension_rollup__lookback_days-7__limit_k-100,master-regimes/generated/corpus/region-asymmetry-companion-v1/groups/clean-run-eu-us-gac-region-asymmetry-v1__pilot-balanced-v1__default__analytics_clients/queries/asymmetry_mr_multi_dimension_rollup__dataset-pilot-balanced-v1__runtime-default__gac_fdw_multiregion_multi_dimension_rollup__lookback_days-7__limit_k-100.sql,query-collections/20260702T013753Z-clean-run-eu-us-gac-region-asymmetry--529744ab08b0--ulti_dimension_rollup__lookback_days-7__limit_k-100/input/query.sql,query-collections/20260702T013753Z-clean-run-eu-us-gac-region-asymmetry--529744ab08b0--ulti_dimension_rollup__lookback_days-7__limit_k-100/input/query_bindings.json,eu-analytics-1,20260702T013753Z,1782956284.754507,1782956288.416995,0,23,mixed_cache_first_observed,,"{""limit_k"":""100"",""lookback_days"":""7""}",{},,,,{},,,,,pilot-balanced-v1,calibration,dataset_region_asymmetry,"join_movement,gac_finalization_heavy,skew_imbalance",pilot,"{""fetch_size"":""high"",""wan_latency"":""high"",""work_mem"":""high""}",3.662490,9.0,0.0,1.0,0.0,0.0,300,,2,2,0,1.0,6,0,2,2,2,301000.0,301000.0,301000.0,1.0,8765440.0,8765440.0,8765440.0,1.0,65.0,65.0,65.0,1.0,true,435.562,493.358,464.46000000000004,1356.4166666666667,32.0,2.0,2.0,4.0,2.0,64.0,64.0,false,1000.0,9400.0,1000.0,9400.0,,,false,false,false,false,false,false,false,,,,,2,"{""Seq Scan"":130}","{""seq_scan"":130}",0.0,[],6,2,0,2,1,0,0,0,0,0.0,6,6,6,1,1,1,0,0,6,2.064132104454685,3038.0,2.064132104454685,1.2,0.0,6376.0,17540096.0,0.5125999829456553,0.0171638741315897,fdw_pushdown_fidelity_v1,5,available,"local_filter_after_remote,aggregate_not_pushdowned,sort_not_pushdowned,limit_not_pushdowned,projection_width_expansion",0.16666666666666669,0.8333333333333333,,
20260702T012956Z-clean-run-eu-us-gac-region-asymmetry-v1__pilot-balanced-v1__default__analytics_clients,pilot-balanced-v1,default,clean-run-eu-us-gac-region-asymmetry-v1,asymmetry_mr_multi_dimension_rollup__dataset-pilot-balanced-v1__runtime-default,multi_dimension_rollup,multiregion_union,20260702T013121Z-clean-run-eu-us-gac-region-asymmetry-v1__pilot-balanced-v1__default__analytics_clients__pilot-balanced-v1__default,20260702T013815Z-clean-run-eu-us-gac-region-asymmetry--e12307bfd499--multi_dimension_rollup__lookback_days-7__limit_k-50,asymmetry_mr_multi_dimension_rollup__dataset-pilot-balanced-v1__runtime-default__gac_fdw_multiregion_multi_dimension_rollup__lookback_days-7__limit_k-50,gac_fdw_multiregion_multi_dimension_rollup,completed,False,0,0,disabled,false,2fb2c4dc7294b06ccb2e90b11eec0562f4ca237d24d4811fcbffaf7ffe881530,b2523dcb15129014fea35b2e06d71c8c1c9f06d6fee11a7a30b1397a8f37ea21,6fa6a810e585d93cab6900cd3230b72c02ad8b63128e79a55454e9da2bc013d0,b39c50f6e4bf63ce2ffdf9e4fa740d2da0048f7bac52bc409728a9c8d9b26610,"[{""fdw_region"":""eu"",""plan_fingerprint"":""b0d4753d68dc2d09c2ea6152fe3ab2532151574e17e3e8fd24914adb95487e18"",""remote_sql_id"":""auto_explain_eu_014""},{""fdw_region"":""eu"",""plan_fingerprint"":""b0d4753d68dc2d09c2ea6152fe3ab2532151574e17e3e8fd24914adb95487e18"",""remote_sql_id"":""auto_explain_eu_015""},{""fdw_region"":""eu"",""plan_fingerprint"":""b0d4753d68dc2d09c2ea6152fe3ab2532151574e17e3e8fd24914adb95487e18"",""remote_sql_id"":""auto_explain_eu_016""},{""fdw_region"":""us"",""plan_fingerprint"":""b0d4753d68dc2d09c2ea6152fe3ab2532151574e17e3e8fd24914adb95487e18"",""remote_sql_id"":""auto_explain_us_001""},{""fdw_region"":""us"",""plan_fingerprint"":""b0d4753d68dc2d09c2ea6152fe3ab2532151574e17e3e8fd24914adb95487e18"",""remote_sql_id"":""auto_explain_us_002""},{""fdw_region"":""us"",""plan_fingerprint"":""b0d4753d68dc2d09c2ea6152fe3ab2532151574e17e3e8fd24914adb95487e18"",""remote_sql_id"":""auto_explain_us_003""}]","{""limit_k"":50,""lookback_days"":7}","fdw_remote_join,multi_join,fdw_union_all,daily_group_by",query-collections/20260702T013815Z-clean-run-eu-us-gac-region-asymmetry--e12307bfd499--multi_dimension_rollup__lookback_days-7__limit_k-50,master-regimes/generated/corpus/region-asymmetry-companion-v1/groups/clean-run-eu-us-gac-region-asymmetry-v1__pilot-balanced-v1__default__analytics_clients/queries/asymmetry_mr_multi_dimension_rollup__dataset-pilot-balanced-v1__runtime-default__gac_fdw_multiregion_multi_dimension_rollup__lookback_days-7__limit_k-50.sql,query-collections/20260702T013815Z-clean-run-eu-us-gac-region-asymmetry--e12307bfd499--multi_dimension_rollup__lookback_days-7__limit_k-50/input/query.sql,query-collections/20260702T013815Z-clean-run-eu-us-gac-region-asymmetry--e12307bfd499--multi_dimension_rollup__lookback_days-7__limit_k-50/input/query_bindings.json,eu-analytics-1,20260702T013815Z,1782956305.429082,1782956308.965261,0,24,mixed_cache_first_observed,,"{""limit_k"":""50"",""lookback_days"":""7""}",{},,,,{},,,,,pilot-balanced-v1,calibration,dataset_region_asymmetry,"join_movement,gac_finalization_heavy,skew_imbalance",pilot,"{""fetch_size"":""high"",""wan_latency"":""high"",""work_mem"":""high""}",3.536181,9.0,0.0,1.0,0.0,0.0,300,,2,2,0,1.0,6,0,2,2,2,301000.0,301000.0,301000.0,1.0,8765440.0,8765440.0,8765440.0,1.0,65.0,65.0,65.0,1.0,true,403.072,488.359,445.7155,2604.3133333333335,32.0,2.0,2.0,4.0,2.0,64.0,64.0,false,1000.0,9400.0,1000.0,9400.0,,,false,false,false,false,false,false,false,,,,,2,"{""Seq Scan"":130}","{""seq_scan"":130}",0.0,[],6,2,0,2,1,0,0,0,0,0.0,6,6,6,1,1,1,0,0,6,2.064139181956269,5832.94,2.064139181956269,1.2,0.0,6376.0,17540096.0,0.5125999829456553,0.0171638741315897,fdw_pushdown_fidelity_v1,5,available,"local_filter_after_remote,aggregate_not_pushdowned,sort_not_pushdowned,limit_not_pushdowned,projection_width_expansion",0.16666666666666669,0.8333333333333333,,
20260702T012956Z-clean-run-eu-us-gac-region-asymmetry-v1__pilot-balanced-v1__default__analytics_clients,pilot-balanced-v1,default,clean-run-eu-us-gac-region-asymmetry-v1,asymmetry_mr_raw_wide_sample__dataset-pilot-balanced-v1__runtime-default,event_raw_wide_sample,multiregion_union,20260702T013121Z-clean-run-eu-us-gac-region-asymmetry-v1__pilot-balanced-v1__default__analytics_clients__pilot-balanced-v1__default,20260702T013837Z-clean-run-eu-us-gac-region-asymmetry--53fdb70a8bb1--__limit_k-100__payload_repeat-16__payload_width-512,asymmetry_mr_raw_wide_sample__dataset-pilot-balanced-v1__runtime-default__gac_fdw_multiregion_event_raw_wide_sample__lookback_days-1__min_value-500__limit_k-100__payload_repeat-16__payload_width-512,gac_fdw_multiregion_event_raw_wide_sample,completed,False,0,0,disabled,false,f96797f2645ff7832b8b3c96a1487f7685a32e42a250253b6aa6311ae7e40e37,c0240038f4d2e09882228ee26cc05983e0d5211b2f10314a0c65421fa2124632,db4ed3d9a591bd04a004580f3e91a0acb28c98c15abf9b58c3020a2a8c2ff009,61760961cb6a8ad5378a93a82ba102b5edabb89898cd7adb04c5b97572d95b78,"[{""fdw_region"":""eu"",""plan_fingerprint"":""b0d4753d68dc2d09c2ea6152fe3ab2532151574e17e3e8fd24914adb95487e18"",""remote_sql_id"":""auto_explain_eu_011""},{""fdw_region"":""us"",""plan_fingerprint"":""b0d4753d68dc2d09c2ea6152fe3ab2532151574e17e3e8fd24914adb95487e18"",""remote_sql_id"":""auto_explain_us_001""}]","{""limit_k"":100,""lookback_days"":1,""min_value"":500,""payload_repeat"":16,""payload_width"":512}","fdw_union_all,fdw_remote_scan,raw_row_fetch,wide_payload_expression",query-collections/20260702T013837Z-clean-run-eu-us-gac-region-asymmetry--53fdb70a8bb1--__limit_k-100__payload_repeat-16__payload_width-512,master-regimes/generated/corpus/region-asymmetry-companion-v1/groups/clean-run-eu-us-gac-region-asymmetry-v1__pilot-balanced-v1__default__analytics_clients/queries/asymmetry_mr_raw_wide_sample__dataset-pilot-balanced-v1__runtime-default__gac_fdw_multiregion_event_raw_wide_sample__lookback_days-1__min_value-500__limit_k-100__payload_repeat-16__payload_width-512.sql,query-collections/20260702T013837Z-clean-run-eu-us-gac-region-asymmetry--53fdb70a8bb1--__limit_k-100__payload_repeat-16__payload_width-512/input/query.sql,query-collections/20260702T013837Z-clean-run-eu-us-gac-region-asymmetry--53fdb70a8bb1--__limit_k-100__payload_repeat-16__payload_width-512/input/query_bindings.json,eu-analytics-1,20260702T013837Z,1782956327.902433,1782956329.205765,0,25,mixed_cache_first_observed,,"{""limit_k"":""100"",""lookback_days"":""1"",""min_value"":""500"",""payload_repeat"":""16"",""payload_width"":""512""}",{},,,,{},,,,,pilot-balanced-v1,calibration,dataset_region_asymmetry,remote_fetch_heavy,pilot,"{""fetch_size"":""high"",""wan_latency"":""high"",""work_mem"":""none""}",1.303333,9.0,0.0,1.0,0.0,0.0,300,,2,2,0,1.0,2,0,2,2,2,99632.0,100322.0,99977.0,1.003450793682547,3985408.0,4013056.0,3999232.0,1.0034566636794264,32.0,32.0,32.0,1.0,true,168.744,191.366,180.055,63.32,32.0,2.0,2.0,4.0,2.0,64.0,64.0,false,2022.0,4672.0,2022.0,4672.0,,,false,false,false,false,false,false,false,,,,,2,"{""Seq Scan"":64}","{""seq_scan"":64}",0.0,[],2,2,0,2,1,2,0,0,0,0.0,0,2,2,0,1,1,0,0,2,31.5783322804801,63.32,31.5783322804801,14.7,0.0,2638.0,7998464.0,0.1649524561231624,0.02342849827166816,fdw_pushdown_fidelity_v1,4,available,"local_filter_after_remote,sort_not_pushdowned,limit_not_pushdowned,projection_width_expansion",0.017006802721088437,0.9829931972789115,,
20260702T012956Z-clean-run-eu-us-gac-region-asymmetry-v1__pilot-balanced-v1__default__analytics_clients,pilot-balanced-v1,default,clean-run-eu-us-gac-region-asymmetry-v1,asymmetry_etl_top_tenants_control__dataset-pilot-balanced-v1__runtime-default,top_tenants,etl_materialized,20260702T013121Z-clean-run-eu-us-gac-region-asymmetry-v1__pilot-balanced-v1__default__analytics_clients__pilot-balanced-v1__default,20260702T013856Z-clean-run-eu-us-gac-region-asymmetry--9011fbd57338--t__gac_etl_top_tenants__lookback_days-7__limit_k-25,asymmetry_etl_top_tenants_control__dataset-pilot-balanced-v1__runtime-default__gac_etl_top_tenants__lookback_days-7__limit_k-25,gac_etl_top_tenants,completed,False,0,0,disabled,false,acd91e68fa5c14c5bf2e6d5ee2af6d3cb68661b404623f642e1fd27e78ee7853,dca2c2c5bdcd63f88bee6484ca3bc7254d30248ee6e9919a3fb8f3747f85d3c7,a49881c3e18e41cb64c5ce256d6072f48852108c5846f3de12ca1b0163e9c345,,,"{""limit_k"":25,""lookback_days"":7}","local_etl_read,topk,low_remote_pressure",query-collections/20260702T013856Z-clean-run-eu-us-gac-region-asymmetry--9011fbd57338--t__gac_etl_top_tenants__lookback_days-7__limit_k-25,master-regimes/generated/corpus/region-asymmetry-companion-v1/groups/clean-run-eu-us-gac-region-asymmetry-v1__pilot-balanced-v1__default__analytics_clients/queries/asymmetry_etl_top_tenants_control__dataset-pilot-balanced-v1__runtime-default__gac_etl_top_tenants__lookback_days-7__limit_k-25.sql,query-collections/20260702T013856Z-clean-run-eu-us-gac-region-asymmetry--9011fbd57338--t__gac_etl_top_tenants__lookback_days-7__limit_k-25/input/query.sql,query-collections/20260702T013856Z-clean-run-eu-us-gac-region-asymmetry--9011fbd57338--t__gac_etl_top_tenants__lookback_days-7__limit_k-25/input/query_bindings.json,eu-analytics-1,20260702T013856Z,1782956347.743385,1782956347.786153,0,26,mixed_cache_first_observed,,"{""limit_k"":""25"",""lookback_days"":""7""}",{},,,,{},,,,,pilot-balanced-v1,negative_control,dataset_region_asymmetry,well_reduced_localized,pilot,"{""fetch_size"":""none"",""wan_latency"":""none"",""work_mem"":""low""}",0.042769,22.0,0.0,1.0,0.0,0.0,300,,2,0,2,0.0,0,0,0,0,0,,,,,,,,,,,,,,,,,,32.0,2.0,2.0,4.0,1.0,,,false,,,,,,,,,,,,,,,,,,,,,,,,,,,,,,,,,,,,,,,,,,,,,,0.0,,,,,fdw_pushdown_fidelity_v1,0,not_applicable_no_fdw,,,,,
20260702T012956Z-clean-run-eu-us-gac-region-asymmetry-v1__pilot-balanced-v1__default__analytics_clients,pilot-balanced-v1,default,clean-run-eu-us-gac-region-asymmetry-v1,asymmetry_mr_event_filter_summary__dataset-pilot-balanced-v1__runtime-default,event_filter_summary,multiregion_union,20260702T013121Z-clean-run-eu-us-gac-region-asymmetry-v1__pilot-balanced-v1__default__analytics_clients__pilot-balanced-v1__default,20260702T013913Z-clean-run-eu-us-gac-region-asymmetry--c5792baccb15--event_filter_summary__lookback_days-30__min_value-0,asymmetry_mr_event_filter_summary__dataset-pilot-balanced-v1__runtime-default__gac_fdw_multiregion_event_filter_summary__lookback_days-30__min_value-0,gac_fdw_multiregion_event_filter_summary,completed,False,0,0,disabled,false,bbe7abed7ec3fa20d9b0211e15005ac4028b7410ffe8507f3df23c0161777d45,735e0a1cb9445f88174634ccc53224973a2ab94eb23d97aadc954690174ea147,8b2261d3fb2d47cecc5dbf1f4d6cf256fa8eb686e3f77b3778f69660e9f872d2,9da2754709f32cf4993bbdc76bb47f895def88313023586cdcda1c417a482672,"[{""fdw_region"":""eu"",""plan_fingerprint"":""b0d4753d68dc2d09c2ea6152fe3ab2532151574e17e3e8fd24914adb95487e18"",""remote_sql_id"":""auto_explain_eu_012""},{""fdw_region"":""us"",""plan_fingerprint"":""b0d4753d68dc2d09c2ea6152fe3ab2532151574e17e3e8fd24914adb95487e18"",""remote_sql_id"":""auto_explain_us_004""}]","{""lookback_days"":30,""min_value"":0}","fdw_union_all,selective_filter,remote_pushdown_candidate",query-collections/20260702T013913Z-clean-run-eu-us-gac-region-asymmetry--c5792baccb15--event_filter_summary__lookback_days-30__min_value-0,master-regimes/generated/corpus/region-asymmetry-companion-v1/groups/clean-run-eu-us-gac-region-asymmetry-v1__pilot-balanced-v1__default__analytics_clients/queries/asymmetry_mr_event_filter_summary__dataset-pilot-balanced-v1__runtime-default__gac_fdw_multiregion_event_filter_summary__lookback_days-30__min_value-0.sql,query-collections/20260702T013913Z-clean-run-eu-us-gac-region-asymmetry--c5792baccb15--event_filter_summary__lookback_days-30__min_value-0/input/query.sql,query-collections/20260702T013913Z-clean-run-eu-us-gac-region-asymmetry--c5792baccb15--event_filter_summary__lookback_days-30__min_value-0/input/query_bindings.json,eu-analytics-1,20260702T013913Z,1782956363.518335,1782956365.747318,0,27,mixed_cache_first_observed,,"{""lookback_days"":""30"",""min_value"":""0""}",{},,,,{},,,,,pilot-balanced-v1,calibration,dataset_region_asymmetry,well_reduced_localized,pilot,"{""fetch_size"":""low"",""wan_latency"":""low"",""work_mem"":""none""}",2.228983,0.0,0.0,,0.0,0.0,300,,2,2,0,1.0,2,0,2,2,2,200000.0,200000.0,200000.0,1.0,3200000.0,3200000.0,3200000.0,1.0,32.0,32.0,32.0,1.0,true,251.875,314.717,283.296,85971.55555555556,32.0,2.0,2.0,4.0,2.0,64.0,64.0,false,4000.0,9400.0,4000.0,9400.0,,,false,false,false,false,false,false,false,,,,,2,"{""Seq Scan"":64}","{""seq_scan"":64}",0.0,[],2,2,0,2,1,2,0,0,0,0.0,2,0,0,1,0,0,0,0,2,1.0339337041708885,386872.0,1.0339337041708885,1.0,0.0,2932.0,6402048.0,0.1648128002693886,0.023512476007677544,fdw_pushdown_fidelity_v1,3,available,"local_filter_after_remote,aggregate_not_pushdowned",0.3333333333333333,0.6666666666666667,,
20260702T012956Z-clean-run-eu-us-gac-region-asymmetry-v1__pilot-balanced-v1__default__analytics_clients,pilot-balanced-v1,default,clean-run-eu-us-gac-region-asymmetry-v1,asymmetry_mr_raw_wide_sample__dataset-pilot-balanced-v1__runtime-default,event_raw_wide_sample,multiregion_union,20260702T013121Z-clean-run-eu-us-gac-region-asymmetry-v1__pilot-balanced-v1__default__analytics_clients__pilot-balanced-v1__default,20260702T013931Z-clean-run-eu-us-gac-region-asymmetry--22d0b4db5ac4--__limit_k-100__payload_repeat-16__payload_width-512,asymmetry_mr_raw_wide_sample__dataset-pilot-balanced-v1__runtime-default__gac_fdw_multiregion_event_raw_wide_sample__lookback_days-7__min_value-500__limit_k-100__payload_repeat-16__payload_width-512,gac_fdw_multiregion_event_raw_wide_sample,completed,False,0,0,disabled,false,f96797f2645ff7832b8b3c96a1487f7685a32e42a250253b6aa6311ae7e40e37,8a72d370155d6b60989381459663f1443bee74a902542b9916bdb2cf011ace65,db4ed3d9a591bd04a004580f3e91a0acb28c98c15abf9b58c3020a2a8c2ff009,f1af9c88fced6446f3307d662193a5d29817224d911ac5038baa56156eedd0a9,"[{""fdw_region"":""eu"",""plan_fingerprint"":""b0d4753d68dc2d09c2ea6152fe3ab2532151574e17e3e8fd24914adb95487e18"",""remote_sql_id"":""auto_explain_eu_009""},{""fdw_region"":""us"",""plan_fingerprint"":""b0d4753d68dc2d09c2ea6152fe3ab2532151574e17e3e8fd24914adb95487e18"",""remote_sql_id"":""auto_explain_us_005""}]","{""limit_k"":100,""lookback_days"":7,""min_value"":500,""payload_repeat"":16,""payload_width"":512}","fdw_union_all,fdw_remote_scan,raw_row_fetch,wide_payload_expression",query-collections/20260702T013931Z-clean-run-eu-us-gac-region-asymmetry--22d0b4db5ac4--__limit_k-100__payload_repeat-16__payload_width-512,master-regimes/generated/corpus/region-asymmetry-companion-v1/groups/clean-run-eu-us-gac-region-asymmetry-v1__pilot-balanced-v1__default__analytics_clients/queries/asymmetry_mr_raw_wide_sample__dataset-pilot-balanced-v1__runtime-default__gac_fdw_multiregion_event_raw_wide_sample__lookback_days-7__min_value-500__limit_k-100__payload_repeat-16__payload_width-512.sql,query-collections/20260702T013931Z-clean-run-eu-us-gac-region-asymmetry--22d0b4db5ac4--__limit_k-100__payload_repeat-16__payload_width-512/input/query.sql,query-collections/20260702T013931Z-clean-run-eu-us-gac-region-asymmetry--22d0b4db5ac4--__limit_k-100__payload_repeat-16__payload_width-512/input/query_bindings.json,eu-analytics-1,20260702T013931Z,1782956380.529070,1782956381.968888,0,28,mixed_cache_first_observed,,"{""limit_k"":""100"",""lookback_days"":""7"",""min_value"":""500"",""payload_repeat"":""16"",""payload_width"":""512""}",{},,,,{},,,,,pilot-balanced-v1,calibration,dataset_region_asymmetry,remote_fetch_heavy,pilot,"{""fetch_size"":""high"",""wan_latency"":""high"",""work_mem"":""none""}",1.439819,9.0,0.0,1.0,0.0,0.0,300,,2,2,0,1.0,2,0,2,2,2,99632.0,100322.0,99977.0,1.003450793682547,3985408.0,4013056.0,3999232.0,1.0034566636794264,32.0,32.0,32.0,1.0,true,172.745,185.079,178.912,449.69,32.0,2.0,2.0,4.0,2.0,64.0,64.0,false,2022.0,4672.0,2022.0,4672.0,,,false,false,false,false,false,false,false,,,,,2,"{""Seq Scan"":64}","{""seq_scan"":64}",0.0,[],2,2,0,2,1,2,0,0,0,0.0,0,2,2,0,1,1,0,0,2,4.446485356578977,449.69,4.446485356578977,14.7,0.0,2638.0,7998464.0,0.1649524561231624,0.02342849827166816,fdw_pushdown_fidelity_v1,4,available,"local_filter_after_remote,sort_not_pushdowned,limit_not_pushdowned,projection_width_expansion",0.017006802721088437,0.9829931972789115,,
20260702T012956Z-clean-run-eu-us-gac-region-asymmetry-v1__pilot-balanced-v1__default__analytics_clients,pilot-balanced-v1,default,clean-run-eu-us-gac-region-asymmetry-v1,asymmetry_mr_tenant_point_control__dataset-pilot-balanced-v1__runtime-default,tenant_point_rollup,multiregion_union,20260702T013121Z-clean-run-eu-us-gac-region-asymmetry-v1__pilot-balanced-v1__default__analytics_clients__pilot-balanced-v1__default,20260702T013948Z-clean-run-eu-us-gac-region-asymmetry--9488ea0f8abc--eu_tenant_id-1__us_tenant_id-10001__lookback_days-7,asymmetry_mr_tenant_point_control__dataset-pilot-balanced-v1__runtime-default__gac_fdw_multiregion_tenant_point_rollup__eu_tenant_id-1__us_tenant_id-10001__lookback_days-7,gac_fdw_multiregion_tenant_point_rollup,completed,False,0,0,disabled,false,dbb820ac5a219bc04131b840d40f5cd8ed6caf55f0f0469ccf8efd264b0d288c,22c3949f74e3867922dd5984a4137f36290f57340a7de57c7f6efeed94f51173,eed28bbbd899d9cd8c8865a70548bd848f07a275881b1a5032b45606899c3ad9,c476064c81532709e14215373361d1f9ff06df0de573ff59571aa66b0c330869,"[{""fdw_region"":""eu"",""plan_fingerprint"":""b0d4753d68dc2d09c2ea6152fe3ab2532151574e17e3e8fd24914adb95487e18"",""remote_sql_id"":""auto_explain_eu_007""},{""fdw_region"":""us"",""plan_fingerprint"":""b0d4753d68dc2d09c2ea6152fe3ab2532151574e17e3e8fd24914adb95487e18"",""remote_sql_id"":""auto_explain_us_003""}]","{""eu_tenant_id"":1,""lookback_days"":7,""us_tenant_id"":10001}","fdw_union_all,tenant_filter,remote_pushdown_candidate",query-collections/20260702T013948Z-clean-run-eu-us-gac-region-asymmetry--9488ea0f8abc--eu_tenant_id-1__us_tenant_id-10001__lookback_days-7,master-regimes/generated/corpus/region-asymmetry-companion-v1/groups/clean-run-eu-us-gac-region-asymmetry-v1__pilot-balanced-v1__default__analytics_clients/queries/asymmetry_mr_tenant_point_control__dataset-pilot-balanced-v1__runtime-default__gac_fdw_multiregion_tenant_point_rollup__eu_tenant_id-1__us_tenant_id-10001__lookback_days-7.sql,query-collections/20260702T013948Z-clean-run-eu-us-gac-region-asymmetry--9488ea0f8abc--eu_tenant_id-1__us_tenant_id-10001__lookback_days-7/input/query.sql,query-collections/20260702T013948Z-clean-run-eu-us-gac-region-asymmetry--9488ea0f8abc--eu_tenant_id-1__us_tenant_id-10001__lookback_days-7/input/query_bindings.json,eu-analytics-1,20260702T013948Z,1782956397.862234,1782956397.969258,0,29,mixed_cache_first_observed,,"{""eu_tenant_id"":""1"",""lookback_days"":""7"",""us_tenant_id"":""10001""}",{},,,,{},,,,,pilot-balanced-v1,negative_control,dataset_region_asymmetry,well_reduced_localized,pilot,"{""fetch_size"":""low"",""wan_latency"":""low"",""work_mem"":""none""}",0.107025,6.0,0.0,1.0,0.0,0.0,300,,2,2,0,1.0,2,0,2,2,2,200.0,200.0,200.0,1.0,4800.0,4800.0,4800.0,1.0,1.0,1.0,1.0,1.0,true,12.796,14.492,13.644,9.75,32.0,2.0,2.0,4.0,2.0,64.0,64.0,false,200.0,200.0,400.0,400.0,,,false,false,false,false,false,false,false,,,,,2,"{""Bitmap Heap Scan"":2,""Bitmap Index Scan"":2}","{""bitmap_scan"":4}",0.0,[],2,2,0,2,1,2,0,0,0,0.0,2,2,0,1,1,0,0,0,2,5.128205128205129,39.0,5.128205128205129,,0.0,0.0,9600.0,0.0,0.5,fdw_pushdown_fidelity_v1,3,available,"local_filter_after_remote,aggregate_not_pushdowned,sort_not_pushdowned",0.0,1.0,,
20260702T012956Z-clean-run-eu-us-gac-region-asymmetry-v1__pilot-balanced-v1__default__analytics_clients,pilot-balanced-v1,default,clean-run-eu-us-gac-region-asymmetry-v1,asymmetry_mr_event_filter_summary__dataset-pilot-balanced-v1__runtime-default,event_filter_summary,multiregion_union,20260702T013121Z-clean-run-eu-us-gac-region-asymmetry-v1__pilot-balanced-v1__default__analytics_clients__pilot-balanced-v1__default,20260702T014004Z-clean-run-eu-us-gac-region-asymmetry--1385a7c503d4--vent_filter_summary__lookback_days-7__min_value-900,asymmetry_mr_event_filter_summary__dataset-pilot-balanced-v1__runtime-default__gac_fdw_multiregion_event_filter_summary__lookback_days-7__min_value-900,gac_fdw_multiregion_event_filter_summary,completed,False,0,0,disabled,false,bbe7abed7ec3fa20d9b0211e15005ac4028b7410ffe8507f3df23c0161777d45,f4a6faa9a44de6055a2102a6485f3ee56a1f8670f72823ad2fd041897258a974,8b2261d3fb2d47cecc5dbf1f4d6cf256fa8eb686e3f77b3778f69660e9f872d2,b2026fa25fe622864f1e80c87d7dbe536db0b970e064c68f1f8ba34ac7af9923,"[{""fdw_region"":""eu"",""plan_fingerprint"":""b0d4753d68dc2d09c2ea6152fe3ab2532151574e17e3e8fd24914adb95487e18"",""remote_sql_id"":""auto_explain_eu_008""},{""fdw_region"":""us"",""plan_fingerprint"":""b0d4753d68dc2d09c2ea6152fe3ab2532151574e17e3e8fd24914adb95487e18"",""remote_sql_id"":""auto_explain_us_004""}]","{""lookback_days"":7,""min_value"":900}","fdw_union_all,selective_filter,remote_pushdown_candidate",query-collections/20260702T014004Z-clean-run-eu-us-gac-region-asymmetry--1385a7c503d4--vent_filter_summary__lookback_days-7__min_value-900,master-regimes/generated/corpus/region-asymmetry-companion-v1/groups/clean-run-eu-us-gac-region-asymmetry-v1__pilot-balanced-v1__default__analytics_clients/queries/asymmetry_mr_event_filter_summary__dataset-pilot-balanced-v1__runtime-default__gac_fdw_multiregion_event_filter_summary__lookback_days-7__min_value-900.sql,query-collections/20260702T014004Z-clean-run-eu-us-gac-region-asymmetry--1385a7c503d4--vent_filter_summary__lookback_days-7__min_value-900/input/query.sql,query-collections/20260702T014004Z-clean-run-eu-us-gac-region-asymmetry--1385a7c503d4--vent_filter_summary__lookback_days-7__min_value-900/input/query_bindings.json,eu-analytics-1,20260702T014004Z,1782956413.624147,1782956414.135776,0,30,mixed_cache_first_observed,,"{""lookback_days"":""7"",""min_value"":""900""}",{},,,,{},,,,,pilot-balanced-v1,calibration,dataset_region_asymmetry,well_reduced_localized,pilot,"{""fetch_size"":""low"",""wan_latency"":""low"",""work_mem"":""none""}",0.511631,0.0,0.0,,0.0,0.0,300,,2,2,0,1.0,2,0,2,2,2,19706.0,20229.0,19967.5,1.0130962814573683,315392.0,323584.0,319488.0,1.0128205128205128,32.0,32.0,32.0,1.0,true,90.612,137.876,114.244,1996.888888888889,32.0,2.0,2.0,4.0,2.0,64.0,64.0,false,410.0,886.0,410.0,886.0,,,false,false,false,false,false,false,false,,,,,2,"{""Seq Scan"":64}","{""seq_scan"":64}",0.0,[],2,2,0,2,1,2,0,0,0,0.0,2,0,0,1,0,0,0,0,2,4.4441353216113955,8986.0,4.4441353216113955,1.0,0.0,0.0,636464.0,0.15554459447358526,0.02252444757283994,fdw_pushdown_fidelity_v1,3,available,"local_filter_after_remote,aggregate_not_pushdowned",0.3333333333333333,0.6666666666666667,,
20260702T012956Z-clean-run-eu-us-gac-region-asymmetry-v1__pilot-balanced-v1__default__analytics_clients,pilot-balanced-v1,default,clean-run-eu-us-gac-region-asymmetry-v1,asymmetry_mr_global_user_join__dataset-pilot-balanced-v1__runtime-default,global_user_topk,multiregion_union,20260702T013121Z-clean-run-eu-us-gac-region-asymmetry-v1__pilot-balanced-v1__default__analytics_clients__pilot-balanced-v1__default,20260702T014020Z-clean-run-eu-us-gac-region-asymmetry--17a718312dda--egion_global_user_join__lookback_days-7__limit_k-50,asymmetry_mr_global_user_join__dataset-pilot-balanced-v1__runtime-default__gac_fdw_multiregion_global_user_join__lookback_days-7__limit_k-50,gac_fdw_multiregion_global_user_join,completed,False,0,0,disabled,false,a77ebdf1bca778e3be6bccf75904bd282be19ff442406f429dbf9364d5c193c7,d56a632a12de1e0db520a3eac8f94ee698ede5321a3d899fd564cd0f5fe488ed,5f95d7d45ef0ac2b5b3fa855af821e6ac14bdcdcec6284b972d0e640c5aad5f1,59b204d4b25f19c77dc5c8b00848703b6ce261ef45f4163197de67e4b29bec7e,"[{""fdw_region"":""eu"",""plan_fingerprint"":""b0d4753d68dc2d09c2ea6152fe3ab2532151574e17e3e8fd24914adb95487e18"",""remote_sql_id"":""auto_explain_eu_013""},{""fdw_region"":""eu"",""plan_fingerprint"":""b0d4753d68dc2d09c2ea6152fe3ab2532151574e17e3e8fd24914adb95487e18"",""remote_sql_id"":""auto_explain_eu_014""},{""fdw_region"":""us"",""plan_fingerprint"":""b0d4753d68dc2d09c2ea6152fe3ab2532151574e17e3e8fd24914adb95487e18"",""remote_sql_id"":""auto_explain_us_006""},{""fdw_region"":""us"",""plan_fingerprint"":""b0d4753d68dc2d09c2ea6152fe3ab2532151574e17e3e8fd24914adb95487e18"",""remote_sql_id"":""auto_explain_us_007""}]","{""limit_k"":50,""lookback_days"":7}","fdw_remote_join,non_colocated_join,fdw_union_all,topk",query-collections/20260702T014020Z-clean-run-eu-us-gac-region-asymmetry--17a718312dda--egion_global_user_join__lookback_days-7__limit_k-50,master-regimes/generated/corpus/region-asymmetry-companion-v1/groups/clean-run-eu-us-gac-region-asymmetry-v1__pilot-balanced-v1__default__analytics_clients/queries/asymmetry_mr_global_user_join__dataset-pilot-balanced-v1__runtime-default__gac_fdw_multiregion_global_user_join__lookback_days-7__limit_k-50.sql,query-collections/20260702T014020Z-clean-run-eu-us-gac-region-asymmetry--17a718312dda--egion_global_user_join__lookback_days-7__limit_k-50/input/query.sql,query-collections/20260702T014020Z-clean-run-eu-us-gac-region-asymmetry--17a718312dda--egion_global_user_join__lookback_days-7__limit_k-50/input/query_bindings.json,eu-analytics-1,20260702T014020Z,1782956431.356934,1782956435.392977,0,31,mixed_cache_first_observed,,"{""limit_k"":""50"",""lookback_days"":""7""}",{},,,,{},,,,,pilot-balanced-v1,calibration,dataset_region_asymmetry,"join_movement,gac_finalization_heavy,skew_imbalance",pilot,"{""fetch_size"":""high"",""wan_latency"":""high"",""work_mem"":""high""}",4.036044,6.0,0.0,1.0,2638.0,2462.0,300,,2,2,0,1.0,4,0,2,2,2,300000.0,300000.0,300000.0,1.0,9563136.0,9563136.0,9563136.0,1.0,64.0,64.0,64.0,1.0,true,504.992,537.075,521.0335,7749.752525252526,32.0,2.0,2.0,4.0,2.0,64.0,64.0,false,0.0,9400.0,0.0,9400.0,,,false,false,false,false,false,false,false,,,,,2,"{""Seq Scan"":128}","{""seq_scan"":128}",0.0,[],4,2,0,2,1,0,0,0,0,0.0,4,4,4,1,1,1,0,0,4,2.0715799940614708,16090.777777777777,2.0715799940614708,0.9444444444444444,50911.0,6872.0,19132416.0,0.44978714084731547,0.01573538856775851,fdw_pushdown_fidelity_v1,5,available,"local_filter_after_remote,aggregate_not_pushdowned,sort_not_pushdowned,limit_not_pushdowned",0.2,0.8,,
20260702T012956Z-clean-run-eu-us-gac-region-asymmetry-v1__pilot-balanced-v1__default__analytics_clients,pilot-balanced-v1,default,clean-run-eu-us-gac-region-asymmetry-v1,asymmetry_mr_tenant_tier_join__dataset-pilot-balanced-v1__runtime-default,tenant_tier_daily_join,multiregion_union,20260702T013121Z-clean-run-eu-us-gac-region-asymmetry-v1__pilot-balanced-v1__default__analytics_clients__pilot-balanced-v1__default,20260702T014042Z-clean-run-eu-us-gac-region-asymmetry--db3d7f271830--egion_tenant_tier_join__lookback_days-7__limit_k-50,asymmetry_mr_tenant_tier_join__dataset-pilot-balanced-v1__runtime-default__gac_fdw_multiregion_tenant_tier_join__lookback_days-7__limit_k-50,gac_fdw_multiregion_tenant_tier_join,completed,False,0,0,disabled,false,e864c870f82e6d7be831a83dfcb882eed87b119ded75d3671dad3e2e08a7056a,6b3bc1b524e1862235d96a6c279b00627d6a8d4f37bc7fce86caf17878064024,892229cc781dec3847a4f793bb7caccc38bbe608441979c01101d8065e4858cf,23e2dd086daed4e08bb6254a4a3dfb8940fc49485d0911a37bfb9bb40577155a,"[{""fdw_region"":""eu"",""plan_fingerprint"":""b0d4753d68dc2d09c2ea6152fe3ab2532151574e17e3e8fd24914adb95487e18"",""remote_sql_id"":""auto_explain_eu_011""},{""fdw_region"":""eu"",""plan_fingerprint"":""b0d4753d68dc2d09c2ea6152fe3ab2532151574e17e3e8fd24914adb95487e18"",""remote_sql_id"":""auto_explain_eu_012""},{""fdw_region"":""us"",""plan_fingerprint"":""b0d4753d68dc2d09c2ea6152fe3ab2532151574e17e3e8fd24914adb95487e18"",""remote_sql_id"":""auto_explain_us_005""},{""fdw_region"":""us"",""plan_fingerprint"":""b0d4753d68dc2d09c2ea6152fe3ab2532151574e17e3e8fd24914adb95487e18"",""remote_sql_id"":""auto_explain_us_006""}]","{""limit_k"":50,""lookback_days"":7}","fdw_remote_join,reference_join,fdw_union_all,daily_group_by",query-collections/20260702T014042Z-clean-run-eu-us-gac-region-asymmetry--db3d7f271830--egion_tenant_tier_join__lookback_days-7__limit_k-50,master-regimes/generated/corpus/region-asymmetry-companion-v1/groups/clean-run-eu-us-gac-region-asymmetry-v1__pilot-balanced-v1__default__analytics_clients/queries/asymmetry_mr_tenant_tier_join__dataset-pilot-balanced-v1__runtime-default__gac_fdw_multiregion_tenant_tier_join__lookback_days-7__limit_k-50.sql,query-collections/20260702T014042Z-clean-run-eu-us-gac-region-asymmetry--db3d7f271830--egion_tenant_tier_join__lookback_days-7__limit_k-50/input/query.sql,query-collections/20260702T014042Z-clean-run-eu-us-gac-region-asymmetry--db3d7f271830--egion_tenant_tier_join__lookback_days-7__limit_k-50/input/query_bindings.json,eu-analytics-1,20260702T014042Z,1782956453.371934,1782956455.819865,0,32,mixed_cache_first_observed,,"{""limit_k"":""50"",""lookback_days"":""7""}",{},,,,{},,,,,pilot-balanced-v1,calibration,dataset_region_asymmetry,gac_finalization_heavy,pilot,"{""fetch_size"":""high"",""wan_latency"":""high"",""work_mem"":""high""}",2.447932,6.0,0.0,1.0,0.0,0.0,300,,2,2,0,1.0,4,0,2,2,2,201000.0,201000.0,201000.0,1.0,4815872.0,4815872.0,4815872.0,1.0,33.0,33.0,33.0,1.0,true,260.096,269.143,264.6195,947.5555555555555,32.0,2.0,2.0,4.0,2.0,64.0,64.0,false,1000.0,9400.0,1000.0,9400.0,,,false,false,false,false,false,false,false,,,,,2,"{""Seq Scan"":66}","{""seq_scan"":66}",0.0,[],4,2,0,2,1,0,0,0,0,0.0,4,4,4,1,1,1,0,0,4,4.387113672079622,3818.0,4.387113672079622,1.6666666666666667,0.0,3712.0,9632768.0,0.2299043869228169,0.023386839587541192,fdw_pushdown_fidelity_v1,5,available,"local_filter_after_remote,aggregate_not_pushdowned,sort_not_pushdowned,limit_not_pushdowned,projection_width_expansion",0.12,0.88,,
20260702T012956Z-clean-run-eu-us-gac-region-asymmetry-v1__pilot-balanced-v1__default__analytics_clients,pilot-balanced-v1,default,clean-run-eu-us-gac-region-asymmetry-v1,asymmetry_mr_daily_tenant_rollup__dataset-pilot-balanced-v1__runtime-default,daily_tenant_rollup,multiregion_union,20260702T013121Z-clean-run-eu-us-gac-region-asymmetry-v1__pilot-balanced-v1__default__analytics_clients__pilot-balanced-v1__default,20260702T014102Z-clean-run-eu-us-gac-region-asymmetry--8fff880f2007--t_rollup__lookback_days-14__min_value-0__limit_k-50,asymmetry_mr_daily_tenant_rollup__dataset-pilot-balanced-v1__runtime-default__gac_fdw_multiregion_daily_tenant_rollup__lookback_days-14__min_value-0__limit_k-50,gac_fdw_multiregion_daily_tenant_rollup,completed,False,0,0,disabled,false,bd2869d4baf6a1b37f3bc14e1f26b15ced24803fb049e074025947925c37329f,212c329f7e5881ef4344f2dd8b36e69c4e42d94ccc619e766c4c3b1bec0b6f57,0914b69a9ec4adcafd4187e94889f978fc7828e5e70ba0b441e3875f45330c49,a4c5e7ee7e6e2fe933439c306835d854ae825ba87f5fec11a87b41c4990d09c2,"[{""fdw_region"":""eu"",""plan_fingerprint"":""b0d4753d68dc2d09c2ea6152fe3ab2532151574e17e3e8fd24914adb95487e18"",""remote_sql_id"":""auto_explain_eu_010""},{""fdw_region"":""us"",""plan_fingerprint"":""b0d4753d68dc2d09c2ea6152fe3ab2532151574e17e3e8fd24914adb95487e18"",""remote_sql_id"":""auto_explain_us_005""}]","{""limit_k"":50,""lookback_days"":14,""min_value"":0}","fdw_union_all,remote_aggregate_candidate,coordinator_fanin,daily_group_by",query-collections/20260702T014102Z-clean-run-eu-us-gac-region-asymmetry--8fff880f2007--t_rollup__lookback_days-14__min_value-0__limit_k-50,master-regimes/generated/corpus/region-asymmetry-companion-v1/groups/clean-run-eu-us-gac-region-asymmetry-v1__pilot-balanced-v1__default__analytics_clients/queries/asymmetry_mr_daily_tenant_rollup__dataset-pilot-balanced-v1__runtime-default__gac_fdw_multiregion_daily_tenant_rollup__lookback_days-14__min_value-0__limit_k-50.sql,query-collections/20260702T014102Z-clean-run-eu-us-gac-region-asymmetry--8fff880f2007--t_rollup__lookback_days-14__min_value-0__limit_k-50/input/query.sql,query-collections/20260702T014102Z-clean-run-eu-us-gac-region-asymmetry--8fff880f2007--t_rollup__lookback_days-14__min_value-0__limit_k-50/input/query_bindings.json,eu-analytics-1,20260702T014102Z,1782956472.172217,1782956474.855277,0,33,mixed_cache_first_observed,,"{""limit_k"":""50"",""lookback_days"":""14"",""min_value"":""0""}",{},,,,{},,,,,pilot-balanced-v1,calibration,dataset_region_asymmetry,"gac_finalization_heavy,skew_imbalance",pilot,"{""fetch_size"":""high"",""wan_latency"":""high"",""work_mem"":""high""}",2.683061,12.0,0.0,1.0,0.0,0.0,300,,2,2,0,1.0,2,0,2,2,2,200000.0,200000.0,200000.0,1.0,4800512.0,4800512.0,4800512.0,1.0,32.0,32.0,32.0,1.0,true,289.043,396.341,342.692,1200.4733333333334,32.0,2.0,2.0,4.0,2.0,64.0,64.0,false,4000.0,9400.0,4000.0,9400.0,,,false,false,false,false,false,false,false,,,,,2,"{""Seq Scan"":64}","{""seq_scan"":64}",0.0,[],2,2,0,2,1,2,0,0,0,0.0,2,2,2,1,1,1,0,0,2,2.2213460246236205,3601.42,2.2213460246236205,1.0,0.0,3712.0,9602048.0,0.16482385613563982,0.023461661512210727,fdw_pushdown_fidelity_v1,5,available,"local_filter_after_remote,aggregate_not_pushdowned,sort_not_pushdowned,limit_not_pushdowned",0.2,0.8,,
20260702T012956Z-clean-run-eu-us-gac-region-asymmetry-v1__pilot-balanced-v1__default__analytics_clients,pilot-balanced-v1,default,clean-run-eu-us-gac-region-asymmetry-v1,asymmetry_mr_event_filter_summary__dataset-pilot-balanced-v1__runtime-default,event_filter_summary,multiregion_union,20260702T013121Z-clean-run-eu-us-gac-region-asymmetry-v1__pilot-balanced-v1__default__analytics_clients__pilot-balanced-v1__default,20260702T014122Z-clean-run-eu-us-gac-region-asymmetry--bbc458791215--ent_filter_summary__lookback_days-30__min_value-500,asymmetry_mr_event_filter_summary__dataset-pilot-balanced-v1__runtime-default__gac_fdw_multiregion_event_filter_summary__lookback_days-30__min_value-500,gac_fdw_multiregion_event_filter_summary,completed,False,0,0,disabled,false,bbe7abed7ec3fa20d9b0211e15005ac4028b7410ffe8507f3df23c0161777d45,5e365673b0ad17087de038d9a7724f5239439b205b9145f45157ef976b0a6d9f,8b2261d3fb2d47cecc5dbf1f4d6cf256fa8eb686e3f77b3778f69660e9f872d2,e2005245f7bc27a912570bf06c269071af2ddfdf0e2abdea370cb6038434ece3,"[{""fdw_region"":""eu"",""plan_fingerprint"":""b0d4753d68dc2d09c2ea6152fe3ab2532151574e17e3e8fd24914adb95487e18"",""remote_sql_id"":""auto_explain_eu_010""},{""fdw_region"":""us"",""plan_fingerprint"":""b0d4753d68dc2d09c2ea6152fe3ab2532151574e17e3e8fd24914adb95487e18"",""remote_sql_id"":""auto_explain_us_004""}]","{""lookback_days"":30,""min_value"":500}","fdw_union_all,selective_filter,remote_pushdown_candidate",query-collections/20260702T014122Z-clean-run-eu-us-gac-region-asymmetry--bbc458791215--ent_filter_summary__lookback_days-30__min_value-500,master-regimes/generated/corpus/region-asymmetry-companion-v1/groups/clean-run-eu-us-gac-region-asymmetry-v1__pilot-balanced-v1__default__analytics_clients/queries/asymmetry_mr_event_filter_summary__dataset-pilot-balanced-v1__runtime-default__gac_fdw_multiregion_event_filter_summary__lookback_days-30__min_value-500.sql,query-collections/20260702T014122Z-clean-run-eu-us-gac-region-asymmetry--bbc458791215--ent_filter_summary__lookback_days-30__min_value-500/input/query.sql,query-collections/20260702T014122Z-clean-run-eu-us-gac-region-asymmetry--bbc458791215--ent_filter_summary__lookback_days-30__min_value-500/input/query_bindings.json,eu-analytics-1,20260702T014122Z,1782956491.886206,1782956493.068925,0,34,mixed_cache_first_observed,,"{""lookback_days"":""30"",""min_value"":""500""}",{},,,,{},,,,,pilot-balanced-v1,calibration,dataset_region_asymmetry,well_reduced_localized,pilot,"{""fetch_size"":""low"",""wan_latency"":""low"",""work_mem"":""none""}",1.182720,0.0,0.0,,0.0,0.0,300,,2,2,0,1.0,2,0,2,2,2,99632.0,100322.0,99977.0,1.003450793682547,1594368.0,1605632.0,1600000.0,1.00352,32.0,32.0,32.0,1.0,true,139.966,179.976,159.971,42963.555555555555,32.0,2.0,2.0,4.0,2.0,64.0,64.0,false,2022.0,4672.0,2022.0,4672.0,,,false,false,false,false,false,false,false,,,,,2,"{""Seq Scan"":64}","{""seq_scan"":64}",0.0,[],2,2,0,2,1,2,0,0,0,0.0,2,0,0,1,0,0,0,0,2,1.0342305623370711,193336.0,1.0342305623370711,1.0,0.0,1466.0,3204096.0,0.16383485119054994,0.023330137424097154,fdw_pushdown_fidelity_v1,3,available,"local_filter_after_remote,aggregate_not_pushdowned",0.3333333333333333,0.6666666666666667,,
20260702T012956Z-clean-run-eu-us-gac-region-asymmetry-v1__pilot-balanced-v1__default__analytics_clients,pilot-balanced-v1,default,clean-run-eu-us-gac-region-asymmetry-v1,asymmetry_mr_user_segment_join__dataset-pilot-balanced-v1__runtime-default,user_segment_topk,multiregion_union,20260702T013121Z-clean-run-eu-us-gac-region-asymmetry-v1__pilot-balanced-v1__default__analytics_clients__pilot-balanced-v1__default,20260702T014140Z-clean-run-eu-us-gac-region-asymmetry--660e758ab774--ion_user_segment_join__lookback_days-30__limit_k-50,asymmetry_mr_user_segment_join__dataset-pilot-balanced-v1__runtime-default__gac_fdw_multiregion_user_segment_join__lookback_days-30__limit_k-50,gac_fdw_multiregion_user_segment_join,completed,False,0,0,disabled,false,550434b2ab468726c0e708e58c2f05929074d7faa4d94bd31899dea4317847a3,ea83120dadea53f8712c9b5b1d8ddd2bd2fd52c212710765493d8e25da95be01,83c5de2ce3c33d694e70fc8d3757c26da784e6fc3264f730878794edec09f946,59b204d4b25f19c77dc5c8b00848703b6ce261ef45f4163197de67e4b29bec7e,"[{""fdw_region"":""eu"",""plan_fingerprint"":""b0d4753d68dc2d09c2ea6152fe3ab2532151574e17e3e8fd24914adb95487e18"",""remote_sql_id"":""auto_explain_eu_013""},{""fdw_region"":""eu"",""plan_fingerprint"":""b0d4753d68dc2d09c2ea6152fe3ab2532151574e17e3e8fd24914adb95487e18"",""remote_sql_id"":""auto_explain_eu_014""},{""fdw_region"":""us"",""plan_fingerprint"":""b0d4753d68dc2d09c2ea6152fe3ab2532151574e17e3e8fd24914adb95487e18"",""remote_sql_id"":""auto_explain_us_006""},{""fdw_region"":""us"",""plan_fingerprint"":""b0d4753d68dc2d09c2ea6152fe3ab2532151574e17e3e8fd24914adb95487e18"",""remote_sql_id"":""auto_explain_us_007""}]","{""limit_k"":50,""lookback_days"":30}","fdw_remote_join,colocated_join,fdw_union_all,topk",query-collections/20260702T014140Z-clean-run-eu-us-gac-region-asymmetry--660e758ab774--ion_user_segment_join__lookback_days-30__limit_k-50,master-regimes/generated/corpus/region-asymmetry-companion-v1/groups/clean-run-eu-us-gac-region-asymmetry-v1__pilot-balanced-v1__default__analytics_clients/queries/asymmetry_mr_user_segment_join__dataset-pilot-balanced-v1__runtime-default__gac_fdw_multiregion_user_segment_join__lookback_days-30__limit_k-50.sql,query-collections/20260702T014140Z-clean-run-eu-us-gac-region-asymmetry--660e758ab774--ion_user_segment_join__lookback_days-30__limit_k-50/input/query.sql,query-collections/20260702T014140Z-clean-run-eu-us-gac-region-asymmetry--660e758ab774--ion_user_segment_join__lookback_days-30__limit_k-50/input/query_bindings.json,eu-analytics-1,20260702T014140Z,1782956510.234214,1782956515.000592,0,35,mixed_cache_first_observed,,"{""limit_k"":""50"",""lookback_days"":""30""}",{},,,,{},,,,,pilot-balanced-v1,calibration,dataset_region_asymmetry,gac_finalization_heavy,pilot,"{""fetch_size"":""high"",""wan_latency"":""high"",""work_mem"":""high""}",4.766369,6.0,0.0,1.0,8678.0,6086.0,300,,2,2,0,1.0,4,0,2,2,2,300000.0,300000.0,300000.0,1.0,9363456.0,9363456.0,9363456.0,1.0,64.0,64.0,64.0,1.0,true,507.952,591.331,549.6415,19509.475308641977,32.0,2.0,2.0,4.0,2.0,64.0,64.0,false,2000.0,9400.0,2000.0,9400.0,,,false,false,false,false,false,false,false,,,,,2,"{""Seq Scan"":128}","{""seq_scan"":128}",0.0,[],4,2,0,2,1,0,0,0,0,0.0,4,4,4,1,1,1,0,0,4,1.0224164813536794,65205.0,1.0224164813536794,0.9285714285714286,137937.0,6728.0,18728960.0,0.40762557769577046,0.016074357572443958,fdw_pushdown_fidelity_v1,5,available,"local_filter_after_remote,aggregate_not_pushdowned,sort_not_pushdowned,limit_not_pushdowned",0.2,0.8,,
20260702T012956Z-clean-run-eu-us-gac-region-asymmetry-v1__pilot-balanced-v1__default__analytics_clients,pilot-balanced-v1,default,clean-run-eu-us-gac-region-asymmetry-v1,asymmetry_mr_daily_tenant_rollup__dataset-pilot-balanced-v1__runtime-default,daily_tenant_rollup,multiregion_union,20260702T013121Z-clean-run-eu-us-gac-region-asymmetry-v1__pilot-balanced-v1__default__analytics_clients__pilot-balanced-v1__default,20260702T014202Z-clean-run-eu-us-gac-region-asymmetry--e00346e7e557--t_rollup__lookback_days-30__min_value-0__limit_k-50,asymmetry_mr_daily_tenant_rollup__dataset-pilot-balanced-v1__runtime-default__gac_fdw_multiregion_daily_tenant_rollup__lookback_days-30__min_value-0__limit_k-50,gac_fdw_multiregion_daily_tenant_rollup,completed,False,0,0,disabled,false,bd2869d4baf6a1b37f3bc14e1f26b15ced24803fb049e074025947925c37329f,02a97a4a04b8dda7fd07c4fc66690d9390f928ba77b92762ad9f9b282db5d899,0914b69a9ec4adcafd4187e94889f978fc7828e5e70ba0b441e3875f45330c49,a752517f07eff4e74f8b666c356edc7fea43e983189127c126f9bd8d829af114,"[{""fdw_region"":""eu"",""plan_fingerprint"":""b0d4753d68dc2d09c2ea6152fe3ab2532151574e17e3e8fd24914adb95487e18"",""remote_sql_id"":""auto_explain_eu_011""},{""fdw_region"":""us"",""plan_fingerprint"":""b0d4753d68dc2d09c2ea6152fe3ab2532151574e17e3e8fd24914adb95487e18"",""remote_sql_id"":""auto_explain_us_005""}]","{""limit_k"":50,""lookback_days"":30,""min_value"":0}","fdw_union_all,remote_aggregate_candidate,coordinator_fanin,daily_group_by",query-collections/20260702T014202Z-clean-run-eu-us-gac-region-asymmetry--e00346e7e557--t_rollup__lookback_days-30__min_value-0__limit_k-50,master-regimes/generated/corpus/region-asymmetry-companion-v1/groups/clean-run-eu-us-gac-region-asymmetry-v1__pilot-balanced-v1__default__analytics_clients/queries/asymmetry_mr_daily_tenant_rollup__dataset-pilot-balanced-v1__runtime-default__gac_fdw_multiregion_daily_tenant_rollup__lookback_days-30__min_value-0__limit_k-50.sql,query-collections/20260702T014202Z-clean-run-eu-us-gac-region-asymmetry--e00346e7e557--t_rollup__lookback_days-30__min_value-0__limit_k-50/input/query.sql,query-collections/20260702T014202Z-clean-run-eu-us-gac-region-asymmetry--e00346e7e557--t_rollup__lookback_days-30__min_value-0__limit_k-50/input/query_bindings.json,eu-analytics-1,20260702T014202Z,1782956531.933117,1782956534.639448,0,36,mixed_cache_first_observed,,"{""limit_k"":""50"",""lookback_days"":""30"",""min_value"":""0""}",{},,,,{},,,,,pilot-balanced-v1,calibration,dataset_region_asymmetry,"gac_finalization_heavy,skew_imbalance",pilot,"{""fetch_size"":""high"",""wan_latency"":""high"",""work_mem"":""high""}",2.706332,12.0,0.0,1.0,297.0,372.0,300,,2,2,0,1.0,2,0,2,2,2,200000.0,200000.0,200000.0,1.0,4800512.0,4800512.0,4800512.0,1.0,32.0,32.0,32.0,1.0,true,296.714,333.243,314.9785,2578.94,32.0,2.0,2.0,4.0,2.0,64.0,64.0,false,4000.0,9400.0,4000.0,9400.0,,,false,false,false,false,false,false,false,,,,,2,"{""Seq Scan"":64}","{""seq_scan"":64}",0.0,[],2,2,0,2,1,2,0,0,0,0.0,2,2,2,1,1,1,0,0,2,1.034016559775205,7736.82,1.034016559775205,1.0,2676.0,3712.0,9602048.0,0.16482385613563982,0.023461661512210727,fdw_pushdown_fidelity_v1,5,available,"local_filter_after_remote,aggregate_not_pushdowned,sort_not_pushdowned,limit_not_pushdowned",0.2,0.8,,
20260702T012956Z-clean-run-eu-us-gac-region-asymmetry-v1__pilot-balanced-v1__default__analytics_clients,pilot-balanced-v1,default,clean-run-eu-us-gac-region-asymmetry-v1,asymmetry_mr_user_segment_join__dataset-pilot-balanced-v1__runtime-default,user_segment_topk,multiregion_union,20260702T013121Z-clean-run-eu-us-gac-region-asymmetry-v1__pilot-balanced-v1__default__analytics_clients__pilot-balanced-v1__default,20260702T014221Z-clean-run-eu-us-gac-region-asymmetry--5463079614c7--gion_user_segment_join__lookback_days-7__limit_k-50,asymmetry_mr_user_segment_join__dataset-pilot-balanced-v1__runtime-default__gac_fdw_multiregion_user_segment_join__lookback_days-7__limit_k-50,gac_fdw_multiregion_user_segment_join,completed,False,0,0,disabled,false,550434b2ab468726c0e708e58c2f05929074d7faa4d94bd31899dea4317847a3,afe0a624682d043c0602df53fcb08fba781123a725ae850fce942c21760fefed,83c5de2ce3c33d694e70fc8d3757c26da784e6fc3264f730878794edec09f946,55bf3d42ba19cf0f6cb18ac6e30558f439ffd95dd3b4885e8fe59ec27b09a980,"[{""fdw_region"":""eu"",""plan_fingerprint"":""b0d4753d68dc2d09c2ea6152fe3ab2532151574e17e3e8fd24914adb95487e18"",""remote_sql_id"":""auto_explain_eu_014""},{""fdw_region"":""eu"",""plan_fingerprint"":""b0d4753d68dc2d09c2ea6152fe3ab2532151574e17e3e8fd24914adb95487e18"",""remote_sql_id"":""auto_explain_eu_015""},{""fdw_region"":""us"",""plan_fingerprint"":""b0d4753d68dc2d09c2ea6152fe3ab2532151574e17e3e8fd24914adb95487e18"",""remote_sql_id"":""auto_explain_us_006""},{""fdw_region"":""us"",""plan_fingerprint"":""b0d4753d68dc2d09c2ea6152fe3ab2532151574e17e3e8fd24914adb95487e18"",""remote_sql_id"":""auto_explain_us_007""}]","{""limit_k"":50,""lookback_days"":7}","fdw_remote_join,colocated_join,fdw_union_all,topk",query-collections/20260702T014221Z-clean-run-eu-us-gac-region-asymmetry--5463079614c7--gion_user_segment_join__lookback_days-7__limit_k-50,master-regimes/generated/corpus/region-asymmetry-companion-v1/groups/clean-run-eu-us-gac-region-asymmetry-v1__pilot-balanced-v1__default__analytics_clients/queries/asymmetry_mr_user_segment_join__dataset-pilot-balanced-v1__runtime-default__gac_fdw_multiregion_user_segment_join__lookback_days-7__limit_k-50.sql,query-collections/20260702T014221Z-clean-run-eu-us-gac-region-asymmetry--5463079614c7--gion_user_segment_join__lookback_days-7__limit_k-50/input/query.sql,query-collections/20260702T014221Z-clean-run-eu-us-gac-region-asymmetry--5463079614c7--gion_user_segment_join__lookback_days-7__limit_k-50/input/query_bindings.json,eu-analytics-1,20260702T014221Z,1782956552.586254,1782956557.648594,0,37,mixed_cache_first_observed,,"{""limit_k"":""50"",""lookback_days"":""7""}",{},,,,{},,,,,pilot-balanced-v1,calibration,dataset_region_asymmetry,gac_finalization_heavy,pilot,"{""fetch_size"":""high"",""wan_latency"":""high"",""work_mem"":""high""}",5.062341,6.0,0.0,1.0,2552.0,2366.0,300,,2,2,0,1.0,4,0,2,2,2,300000.0,300000.0,300000.0,1.0,9363456.0,9363456.0,9363456.0,1.0,64.0,64.0,64.0,1.0,true,466.73,599.85,533.29,14005.29012345679,32.0,2.0,2.0,4.0,2.0,64.0,64.0,false,2000.0,9400.0,2000.0,9400.0,,,false,false,false,false,false,false,false,,,,,2,"{""Seq Scan"":128}","{""seq_scan"":128}",0.0,[],4,2,0,2,1,0,0,0,0,0.0,4,4,4,1,1,1,0,0,4,2.0716872857098463,32179.88888888889,2.0716872857098463,0.9285714285714286,49086.0,6728.0,18728960.0,0.40762557769577046,0.016074357572443958,fdw_pushdown_fidelity_v1,5,available,"local_filter_after_remote,aggregate_not_pushdowned,sort_not_pushdowned,limit_not_pushdowned",0.2,0.8,,
20260702T012956Z-clean-run-eu-us-gac-region-asymmetry-v1__pilot-balanced-v1__default__analytics_clients,pilot-balanced-v1,default,clean-run-eu-us-gac-region-asymmetry-v1,asymmetry_mr_multi_dimension_rollup__dataset-pilot-balanced-v1__runtime-default,multi_dimension_rollup,multiregion_union,20260702T013121Z-clean-run-eu-us-gac-region-asymmetry-v1__pilot-balanced-v1__default__analytics_clients__pilot-balanced-v1__default,20260702T014245Z-clean-run-eu-us-gac-region-asymmetry--eca066caf657--ulti_dimension_rollup__lookback_days-30__limit_k-50,asymmetry_mr_multi_dimension_rollup__dataset-pilot-balanced-v1__runtime-default__gac_fdw_multiregion_multi_dimension_rollup__lookback_days-30__limit_k-50,gac_fdw_multiregion_multi_dimension_rollup,completed,False,0,0,disabled,false,2fb2c4dc7294b06ccb2e90b11eec0562f4ca237d24d4811fcbffaf7ffe881530,7fd50d248c402342ec209626e32b6f9d16d51c7a53e107c978813ed2b0a759bc,6fa6a810e585d93cab6900cd3230b72c02ad8b63128e79a55454e9da2bc013d0,f859dbf7f4fcb31cf78f95981b84e7499eaadb4966570cd07bcf28be520ee202,"[{""fdw_region"":""eu"",""plan_fingerprint"":""b0d4753d68dc2d09c2ea6152fe3ab2532151574e17e3e8fd24914adb95487e18"",""remote_sql_id"":""auto_explain_eu_013""},{""fdw_region"":""eu"",""plan_fingerprint"":""b0d4753d68dc2d09c2ea6152fe3ab2532151574e17e3e8fd24914adb95487e18"",""remote_sql_id"":""auto_explain_eu_014""},{""fdw_region"":""eu"",""plan_fingerprint"":""b0d4753d68dc2d09c2ea6152fe3ab2532151574e17e3e8fd24914adb95487e18"",""remote_sql_id"":""auto_explain_eu_015""},{""fdw_region"":""us"",""plan_fingerprint"":""b0d4753d68dc2d09c2ea6152fe3ab2532151574e17e3e8fd24914adb95487e18"",""remote_sql_id"":""auto_explain_us_006""},{""fdw_region"":""us"",""plan_fingerprint"":""b0d4753d68dc2d09c2ea6152fe3ab2532151574e17e3e8fd24914adb95487e18"",""remote_sql_id"":""auto_explain_us_007""},{""fdw_region"":""us"",""plan_fingerprint"":""b0d4753d68dc2d09c2ea6152fe3ab2532151574e17e3e8fd24914adb95487e18"",""remote_sql_id"":""auto_explain_us_008""}]","{""limit_k"":50,""lookback_days"":30}","fdw_remote_join,multi_join,fdw_union_all,daily_group_by",query-collections/20260702T014245Z-clean-run-eu-us-gac-region-asymmetry--eca066caf657--ulti_dimension_rollup__lookback_days-30__limit_k-50,master-regimes/generated/corpus/region-asymmetry-companion-v1/groups/clean-run-eu-us-gac-region-asymmetry-v1__pilot-balanced-v1__default__analytics_clients/queries/asymmetry_mr_multi_dimension_rollup__dataset-pilot-balanced-v1__runtime-default__gac_fdw_multiregion_multi_dimension_rollup__lookback_days-30__limit_k-50.sql,query-collections/20260702T014245Z-clean-run-eu-us-gac-region-asymmetry--eca066caf657--ulti_dimension_rollup__lookback_days-30__limit_k-50/input/query.sql,query-collections/20260702T014245Z-clean-run-eu-us-gac-region-asymmetry--eca066caf657--ulti_dimension_rollup__lookback_days-30__limit_k-50/input/query_bindings.json,eu-analytics-1,20260702T014245Z,1782956575.143587,1782956579.694088,0,38,mixed_cache_first_observed,,"{""limit_k"":""50"",""lookback_days"":""30""}",{},,,,{},,,,,pilot-balanced-v1,calibration,dataset_region_asymmetry,"join_movement,gac_finalization_heavy,skew_imbalance",pilot,"{""fetch_size"":""high"",""wan_latency"":""high"",""work_mem"":""high""}",4.550501,9.0,0.0,1.0,6415.0,6421.0,300,,2,2,0,1.0,6,0,2,2,2,301000.0,301000.0,301000.0,1.0,8765440.0,8765440.0,8765440.0,1.0,65.0,65.0,65.0,1.0,true,387.176,390.03000000000003,388.603,4585.566666666667,32.0,2.0,2.0,4.0,2.0,64.0,64.0,false,1000.0,9400.0,1000.0,9400.0,,,false,false,false,false,false,false,false,,,,,2,"{""Seq Scan"":130}","{""seq_scan"":130}",0.0,[],6,2,0,2,1,0,0,0,0,0.0,6,6,6,1,1,1,0,0,6,1.0223577063184084,11776.7,1.0223577063184084,1.2,113808.0,6376.0,17540096.0,0.5125999829456553,0.0171638741315897,fdw_pushdown_fidelity_v1,5,available,"local_filter_after_remote,aggregate_not_pushdowned,sort_not_pushdowned,limit_not_pushdowned,projection_width_expansion",0.16666666666666669,0.8333333333333333,,
20260702T012956Z-clean-run-eu-us-gac-region-asymmetry-v1__pilot-balanced-v1__default__analytics_clients,pilot-balanced-v1,default,clean-run-eu-us-gac-region-asymmetry-v1,asymmetry_mr_raw_region_rollup__dataset-pilot-balanced-v1__runtime-default,event_full_scan_summary,multiregion_union,20260702T013121Z-clean-run-eu-us-gac-region-asymmetry-v1__pilot-balanced-v1__default__analytics_clients__pilot-balanced-v1__default,20260702T014309Z-clean-run-eu-us-gac-region-asymmetry--b88dbb1240be--_fdw_multiregion_raw_region_rollup__lookback_days-1,asymmetry_mr_raw_region_rollup__dataset-pilot-balanced-v1__runtime-default__gac_fdw_multiregion_raw_region_rollup__lookback_days-1,gac_fdw_multiregion_raw_region_rollup,completed,False,0,0,disabled,false,6ea964648de3595bee23ace2b070299f662fb662ad951c686b0177387ba2c6d5,61ca3a57af402690201cddcb631abeeeb18e0593179037932c783ef4cb6fa8c8,9f995e231cca461edd4d9c705c93b1b27701f5257549113cbe94b92f90c6ca85,40a2ba7db9101acb35994c8c4b2b19a1ff8cc1c09f9543646c0ceb2f372ca398,"[{""fdw_region"":""eu"",""plan_fingerprint"":""b0d4753d68dc2d09c2ea6152fe3ab2532151574e17e3e8fd24914adb95487e18"",""remote_sql_id"":""auto_explain_eu_016""},{""fdw_region"":""us"",""plan_fingerprint"":""b0d4753d68dc2d09c2ea6152fe3ab2532151574e17e3e8fd24914adb95487e18"",""remote_sql_id"":""auto_explain_us_005""}]","{""lookback_days"":1}","fdw_union_all,fdw_remote_scan,raw_row_fetch,gac_global_group_by,non_distribution_filter",query-collections/20260702T014309Z-clean-run-eu-us-gac-region-asymmetry--b88dbb1240be--_fdw_multiregion_raw_region_rollup__lookback_days-1,master-regimes/generated/corpus/region-asymmetry-companion-v1/groups/clean-run-eu-us-gac-region-asymmetry-v1__pilot-balanced-v1__default__analytics_clients/queries/asymmetry_mr_raw_region_rollup__dataset-pilot-balanced-v1__runtime-default__gac_fdw_multiregion_raw_region_rollup__lookback_days-1.sql,query-collections/20260702T014309Z-clean-run-eu-us-gac-region-asymmetry--b88dbb1240be--_fdw_multiregion_raw_region_rollup__lookback_days-1/input/query.sql,query-collections/20260702T014309Z-clean-run-eu-us-gac-region-asymmetry--b88dbb1240be--_fdw_multiregion_raw_region_rollup__lookback_days-1/input/query_bindings.json,eu-analytics-1,20260702T014309Z,1782956601.155280,1782956603.192458,0,39,mixed_cache_first_observed,,"{""lookback_days"":""1""}",{},,,,{},,,,,pilot-balanced-v1,calibration,dataset_region_asymmetry,"remote_fetch_heavy,skew_imbalance",pilot,"{""fetch_size"":""high"",""wan_latency"":""high"",""work_mem"":""high""}",2.037180,3.0,0.0,1.0,0.0,0.0,300,,2,2,0,1.0,2,0,2,2,2,200000.0,200000.0,200000.0,1.0,3200000.0,3200000.0,3200000.0,1.0,32.0,32.0,32.0,1.0,true,228.727,238.958,233.8425,5290.416666666667,32.0,2.0,2.0,4.0,2.0,64.0,64.0,false,4000.0,9400.0,4000.0,9400.0,,,false,false,false,false,false,false,false,,,,,2,"{""Seq Scan"":64}","{""seq_scan"":64}",0.0,[],2,2,0,2,1,0,0,0,0,0.0,2,2,0,1,1,0,0,0,2,31.503504764905095,6348.5,31.503504764905095,2.5,0.0,2932.0,6402048.0,0.1648128002693886,0.023512476007677544,fdw_pushdown_fidelity_v1,4,available,"local_filter_after_remote,aggregate_not_pushdowned,sort_not_pushdowned,projection_width_expansion",0.1,0.9,,
20260702T012956Z-clean-run-eu-us-gac-region-asymmetry-v1__pilot-balanced-v1__default__analytics_clients,pilot-balanced-v1,default,clean-run-eu-us-gac-region-asymmetry-v1,asymmetry_mr_event_filter_summary__dataset-pilot-balanced-v1__runtime-default,event_filter_summary,multiregion_union,20260702T013121Z-clean-run-eu-us-gac-region-asymmetry-v1__pilot-balanced-v1__default__analytics_clients__pilot-balanced-v1__default,20260702T014332Z-clean-run-eu-us-gac-region-asymmetry--c1ae9260233e--_event_filter_summary__lookback_days-7__min_value-0,asymmetry_mr_event_filter_summary__dataset-pilot-balanced-v1__runtime-default__gac_fdw_multiregion_event_filter_summary__lookback_days-7__min_value-0,gac_fdw_multiregion_event_filter_summary,completed,False,0,0,disabled,false,bbe7abed7ec3fa20d9b0211e15005ac4028b7410ffe8507f3df23c0161777d45,486589f9994f1b4d69b7b2243d4a7a900817948ca37bf10a8f0f3fa68e51fd77,8b2261d3fb2d47cecc5dbf1f4d6cf256fa8eb686e3f77b3778f69660e9f872d2,e6069c03f8645551b316c2f3cc0a72bcd78a09ea144cc277434716ae8a9e1d1a,"[{""fdw_region"":""eu"",""plan_fingerprint"":""b0d4753d68dc2d09c2ea6152fe3ab2532151574e17e3e8fd24914adb95487e18"",""remote_sql_id"":""auto_explain_eu_013""},{""fdw_region"":""us"",""plan_fingerprint"":""b0d4753d68dc2d09c2ea6152fe3ab2532151574e17e3e8fd24914adb95487e18"",""remote_sql_id"":""auto_explain_us_005""}]","{""lookback_days"":7,""min_value"":0}","fdw_union_all,selective_filter,remote_pushdown_candidate",query-collections/20260702T014332Z-clean-run-eu-us-gac-region-asymmetry--c1ae9260233e--_event_filter_summary__lookback_days-7__min_value-0,master-regimes/generated/corpus/region-asymmetry-companion-v1/groups/clean-run-eu-us-gac-region-asymmetry-v1__pilot-balanced-v1__default__analytics_clients/queries/asymmetry_mr_event_filter_summary__dataset-pilot-balanced-v1__runtime-default__gac_fdw_multiregion_event_filter_summary__lookback_days-7__min_value-0.sql,query-collections/20260702T014332Z-clean-run-eu-us-gac-region-asymmetry--c1ae9260233e--_event_filter_summary__lookback_days-7__min_value-0/input/query.sql,query-collections/20260702T014332Z-clean-run-eu-us-gac-region-asymmetry--c1ae9260233e--_event_filter_summary__lookback_days-7__min_value-0/input/query_bindings.json,eu-analytics-1,20260702T014332Z,1782956625.813783,1782956627.755203,0,40,mixed_cache_first_observed,,"{""lookback_days"":""7"",""min_value"":""0""}",{},,,,{},,,,,pilot-balanced-v1,calibration,dataset_region_asymmetry,well_reduced_localized,pilot,"{""fetch_size"":""low"",""wan_latency"":""low"",""work_mem"":""none""}",1.941421,0.0,0.0,,0.0,0.0,300,,2,2,0,1.0,2,0,2,2,2,200000.0,200000.0,200000.0,1.0,3200000.0,3200000.0,3200000.0,1.0,32.0,32.0,32.0,1.0,true,233.75,236.098,234.924,19912.666666666668,32.0,2.0,2.0,4.0,2.0,64.0,64.0,false,4000.0,9400.0,4000.0,9400.0,,,false,false,false,false,false,false,false,,,,,2,"{""Seq Scan"":64}","{""seq_scan"":64}",0.0,[],2,2,0,2,1,2,0,0,0,0.0,2,0,0,1,0,0,0,0,2,4.463936969209994,89607.0,4.463936969209994,1.0,0.0,2932.0,6402048.0,0.1648128002693886,0.023512476007677544,fdw_pushdown_fidelity_v1,3,available,"local_filter_after_remote,aggregate_not_pushdowned",0.3333333333333333,0.6666666666666667,,
20260702T012956Z-clean-run-eu-us-gac-region-asymmetry-v1__pilot-balanced-v1__default__analytics_clients,pilot-balanced-v1,default,clean-run-eu-us-gac-region-asymmetry-v1,asymmetry_mr_event_filter_summary__dataset-pilot-balanced-v1__runtime-default,event_filter_summary,multiregion_union,20260702T013121Z-clean-run-eu-us-gac-region-asymmetry-v1__pilot-balanced-v1__default__analytics_clients__pilot-balanced-v1__default,20260702T014355Z-clean-run-eu-us-gac-region-asymmetry--39114deb76d4--vent_filter_summary__lookback_days-1__min_value-500,asymmetry_mr_event_filter_summary__dataset-pilot-balanced-v1__runtime-default__gac_fdw_multiregion_event_filter_summary__lookback_days-1__min_value-500,gac_fdw_multiregion_event_filter_summary,completed,False,0,0,disabled,false,bbe7abed7ec3fa20d9b0211e15005ac4028b7410ffe8507f3df23c0161777d45,69cc3220f842fdfa6fc4d442e09acc070c63cce2d631695d5a4c22b19fb13842,8b2261d3fb2d47cecc5dbf1f4d6cf256fa8eb686e3f77b3778f69660e9f872d2,71905da418ed61434000eb21f8ad3e5c10813fd3ef30b6a67abfc2604b74639a,"[{""fdw_region"":""eu"",""plan_fingerprint"":""b0d4753d68dc2d09c2ea6152fe3ab2532151574e17e3e8fd24914adb95487e18"",""remote_sql_id"":""auto_explain_eu_009""},{""fdw_region"":""us"",""plan_fingerprint"":""b0d4753d68dc2d09c2ea6152fe3ab2532151574e17e3e8fd24914adb95487e18"",""remote_sql_id"":""auto_explain_us_006""}]","{""lookback_days"":1,""min_value"":500}","fdw_union_all,selective_filter,remote_pushdown_candidate",query-collections/20260702T014355Z-clean-run-eu-us-gac-region-asymmetry--39114deb76d4--vent_filter_summary__lookback_days-1__min_value-500,master-regimes/generated/corpus/region-asymmetry-companion-v1/groups/clean-run-eu-us-gac-region-asymmetry-v1__pilot-balanced-v1__default__analytics_clients/queries/asymmetry_mr_event_filter_summary__dataset-pilot-balanced-v1__runtime-default__gac_fdw_multiregion_event_filter_summary__lookback_days-1__min_value-500.sql,query-collections/20260702T014355Z-clean-run-eu-us-gac-region-asymmetry--39114deb76d4--vent_filter_summary__lookback_days-1__min_value-500/input/query.sql,query-collections/20260702T014355Z-clean-run-eu-us-gac-region-asymmetry--39114deb76d4--vent_filter_summary__lookback_days-1__min_value-500/input/query_bindings.json,eu-analytics-1,20260702T014355Z,1782956645.916024,1782956647.138260,0,41,mixed_cache_first_observed,,"{""lookback_days"":""1"",""min_value"":""500""}",{},,,,{},,,,,pilot-balanced-v1,calibration,dataset_region_asymmetry,well_reduced_localized,pilot,"{""fetch_size"":""low"",""wan_latency"":""low"",""work_mem"":""none""}",1.222237,0.0,0.0,,0.0,0.0,300,,2,2,0,1.0,2,0,2,2,2,99632.0,100322.0,99977.0,1.003450793682547,1594368.0,1605632.0,1600000.0,1.00352,32.0,32.0,32.0,1.0,true,152.35,188.619,170.4845,1400.888888888889,32.0,2.0,2.0,4.0,2.0,64.0,64.0,false,2022.0,4672.0,2022.0,4672.0,,,false,false,false,false,false,false,false,,,,,2,"{""Seq Scan"":64}","{""seq_scan"":64}",0.0,[],2,2,0,2,1,2,0,0,0,0.0,2,0,0,1,0,0,0,0,2,31.718591370558375,6304.0,31.718591370558375,1.0,0.0,1466.0,3204096.0,0.16383485119054994,0.023330137424097154,fdw_pushdown_fidelity_v1,3,available,"local_filter_after_remote,aggregate_not_pushdowned",0.3333333333333333,0.6666666666666667,,
20260702T012956Z-clean-run-eu-us-gac-region-asymmetry-v1__pilot-balanced-v1__default__analytics_clients,pilot-balanced-v1,default,clean-run-eu-us-gac-region-asymmetry-v1,asymmetry_mr_top_tenants__dataset-pilot-balanced-v1__runtime-default,top_tenants,multiregion_union,20260702T013121Z-clean-run-eu-us-gac-region-asymmetry-v1__pilot-balanced-v1__default__analytics_clients__pilot-balanced-v1__default,20260702T014413Z-clean-run-eu-us-gac-region-asymmetry--470b16c5a833--ultiregion_top_tenants__lookback_days-7__limit_k-50,asymmetry_mr_top_tenants__dataset-pilot-balanced-v1__runtime-default__gac_fdw_multiregion_top_tenants__lookback_days-7__limit_k-50,gac_fdw_multiregion_top_tenants,completed,False,0,0,disabled,false,70e6dab484eae0f8fbcd7f56f3e84645ebf75780bf99e758a424ce04fa47a7dd,8d6c0320860e6efb9c49d46d5398f3b7e1318b4f4c0dd467225404921caab657,db7b1445edd01dc5de99e55396ff6825c5a8f8f836694c3cd0ca60172fb40af8,40a2ba7db9101acb35994c8c4b2b19a1ff8cc1c09f9543646c0ceb2f372ca398,"[{""fdw_region"":""eu"",""plan_fingerprint"":""b0d4753d68dc2d09c2ea6152fe3ab2532151574e17e3e8fd24914adb95487e18"",""remote_sql_id"":""auto_explain_eu_016""},{""fdw_region"":""us"",""plan_fingerprint"":""b0d4753d68dc2d09c2ea6152fe3ab2532151574e17e3e8fd24914adb95487e18"",""remote_sql_id"":""auto_explain_us_005""}]","{""limit_k"":50,""lookback_days"":7}","fdw_union_all,topk,final_ordering,coordinator_fanin",query-collections/20260702T014413Z-clean-run-eu-us-gac-region-asymmetry--470b16c5a833--ultiregion_top_tenants__lookback_days-7__limit_k-50,master-regimes/generated/corpus/region-asymmetry-companion-v1/groups/clean-run-eu-us-gac-region-asymmetry-v1__pilot-balanced-v1__default__analytics_clients/queries/asymmetry_mr_top_tenants__dataset-pilot-balanced-v1__runtime-default__gac_fdw_multiregion_top_tenants__lookback_days-7__limit_k-50.sql,query-collections/20260702T014413Z-clean-run-eu-us-gac-region-asymmetry--470b16c5a833--ultiregion_top_tenants__lookback_days-7__limit_k-50/input/query.sql,query-collections/20260702T014413Z-clean-run-eu-us-gac-region-asymmetry--470b16c5a833--ultiregion_top_tenants__lookback_days-7__limit_k-50/input/query_bindings.json,eu-analytics-1,20260702T014413Z,1782956663.269448,1782956665.548697,0,42,mixed_cache_first_observed,,"{""limit_k"":""50"",""lookback_days"":""7""}",{},,,,{},,,,,pilot-balanced-v1,calibration,dataset_region_asymmetry,"remote_fetch_heavy,gac_finalization_heavy,skew_imbalance",pilot,"{""fetch_size"":""high"",""wan_latency"":""high"",""work_mem"":""high""}",2.279250,9.0,0.0,1.0,0.0,0.0,300,,2,2,0,1.0,2,0,2,2,2,200000.0,200000.0,200000.0,1.0,4800512.0,4800512.0,4800512.0,1.0,32.0,32.0,32.0,1.0,true,307.482,320.587,314.0345,672.0225,32.0,2.0,2.0,4.0,2.0,64.0,64.0,false,4000.0,9400.0,4000.0,9400.0,,,false,false,false,false,false,false,false,,,,,2,"{""Seq Scan"":64}","{""seq_scan"":64}",0.0,[],2,2,0,2,1,0,0,0,0,0.0,2,2,2,1,1,1,0,0,2,4.464136245438211,1792.06,4.464136245438211,1.0,0.0,3712.0,9602048.0,0.16482385613563982,0.023461661512210727,fdw_pushdown_fidelity_v1,5,available,"local_filter_after_remote,aggregate_not_pushdowned,sort_not_pushdowned,limit_not_pushdowned",0.2,0.8,,
20260702T012956Z-clean-run-eu-us-gac-region-asymmetry-v1__pilot-balanced-v1__default__analytics_clients,pilot-balanced-v1,default,clean-run-eu-us-gac-region-asymmetry-v1,asymmetry_mr_top_tenants__dataset-pilot-balanced-v1__runtime-default,top_tenants,multiregion_union,20260702T013121Z-clean-run-eu-us-gac-region-asymmetry-v1__pilot-balanced-v1__default__analytics_clients__pilot-balanced-v1__default,20260702T014431Z-clean-run-eu-us-gac-region-asymmetry--0d5790d2e0f5--ultiregion_top_tenants__lookback_days-7__limit_k-25,asymmetry_mr_top_tenants__dataset-pilot-balanced-v1__runtime-default__gac_fdw_multiregion_top_tenants__lookback_days-7__limit_k-25,gac_fdw_multiregion_top_tenants,completed,False,0,0,disabled,false,70e6dab484eae0f8fbcd7f56f3e84645ebf75780bf99e758a424ce04fa47a7dd,55ed64244c9ab81cf141dd574284353d204441286f4bfed742ac9904ca21bdff,db7b1445edd01dc5de99e55396ff6825c5a8f8f836694c3cd0ca60172fb40af8,a4c5e7ee7e6e2fe933439c306835d854ae825ba87f5fec11a87b41c4990d09c2,"[{""fdw_region"":""eu"",""plan_fingerprint"":""b0d4753d68dc2d09c2ea6152fe3ab2532151574e17e3e8fd24914adb95487e18"",""remote_sql_id"":""auto_explain_eu_010""},{""fdw_region"":""us"",""plan_fingerprint"":""b0d4753d68dc2d09c2ea6152fe3ab2532151574e17e3e8fd24914adb95487e18"",""remote_sql_id"":""auto_explain_us_005""}]","{""limit_k"":25,""lookback_days"":7}","fdw_union_all,topk,final_ordering,coordinator_fanin",query-collections/20260702T014431Z-clean-run-eu-us-gac-region-asymmetry--0d5790d2e0f5--ultiregion_top_tenants__lookback_days-7__limit_k-25,master-regimes/generated/corpus/region-asymmetry-companion-v1/groups/clean-run-eu-us-gac-region-asymmetry-v1__pilot-balanced-v1__default__analytics_clients/queries/asymmetry_mr_top_tenants__dataset-pilot-balanced-v1__runtime-default__gac_fdw_multiregion_top_tenants__lookback_days-7__limit_k-25.sql,query-collections/20260702T014431Z-clean-run-eu-us-gac-region-asymmetry--0d5790d2e0f5--ultiregion_top_tenants__lookback_days-7__limit_k-25/input/query.sql,query-collections/20260702T014431Z-clean-run-eu-us-gac-region-asymmetry--0d5790d2e0f5--ultiregion_top_tenants__lookback_days-7__limit_k-25/input/query_bindings.json,eu-analytics-1,20260702T014431Z,1782956681.243264,1782956683.516796,0,43,mixed_cache_first_observed,,"{""limit_k"":""25"",""lookback_days"":""7""}",{},,,,{},,,,,pilot-balanced-v1,calibration,dataset_region_asymmetry,"remote_fetch_heavy,gac_finalization_heavy,skew_imbalance",pilot,"{""fetch_size"":""high"",""wan_latency"":""high"",""work_mem"":""high""}",2.273533,9.0,0.0,1.0,0.0,0.0,300,,2,2,0,1.0,2,0,2,2,2,200000.0,200000.0,200000.0,1.0,4800512.0,4800512.0,4800512.0,1.0,32.0,32.0,32.0,1.0,true,258.86,338.439,298.6495,1344.015,32.0,2.0,2.0,4.0,2.0,64.0,64.0,false,4000.0,9400.0,4000.0,9400.0,,,false,false,false,false,false,false,false,,,,,2,"{""Seq Scan"":64}","{""seq_scan"":64}",0.0,[],2,2,0,2,1,0,0,0,0,0.0,2,2,2,1,1,1,0,0,2,4.4642358902244395,3584.04,4.4642358902244395,1.0,0.0,3712.0,9602048.0,0.16482385613563982,0.023461661512210727,fdw_pushdown_fidelity_v1,5,available,"local_filter_after_remote,aggregate_not_pushdowned,sort_not_pushdowned,limit_not_pushdowned",0.2,0.8,,
20260702T012956Z-clean-run-eu-us-gac-region-asymmetry-v1__pilot-balanced-v1__default__analytics_clients,pilot-balanced-v1,default,clean-run-eu-us-gac-region-asymmetry-v1,asymmetry_etl_top_tenants_control__dataset-pilot-balanced-v1__runtime-default,top_tenants,etl_materialized,20260702T013121Z-clean-run-eu-us-gac-region-asymmetry-v1__pilot-balanced-v1__default__analytics_clients__pilot-balanced-v1__default,20260702T014450Z-clean-run-eu-us-gac-region-asymmetry--d99fdf35990b--__gac_etl_top_tenants__lookback_days-30__limit_k-25,asymmetry_etl_top_tenants_control__dataset-pilot-balanced-v1__runtime-default__gac_etl_top_tenants__lookback_days-30__limit_k-25,gac_etl_top_tenants,completed,False,0,0,disabled,false,acd91e68fa5c14c5bf2e6d5ee2af6d3cb68661b404623f642e1fd27e78ee7853,3ea12b1c6b267421331835a2e0eb09f49ced5e160229b86f26b925c2d7770b99,a49881c3e18e41cb64c5ce256d6072f48852108c5846f3de12ca1b0163e9c345,,,"{""limit_k"":25,""lookback_days"":30}","local_etl_read,topk,low_remote_pressure",query-collections/20260702T014450Z-clean-run-eu-us-gac-region-asymmetry--d99fdf35990b--__gac_etl_top_tenants__lookback_days-30__limit_k-25,master-regimes/generated/corpus/region-asymmetry-companion-v1/groups/clean-run-eu-us-gac-region-asymmetry-v1__pilot-balanced-v1__default__analytics_clients/queries/asymmetry_etl_top_tenants_control__dataset-pilot-balanced-v1__runtime-default__gac_etl_top_tenants__lookback_days-30__limit_k-25.sql,query-collections/20260702T014450Z-clean-run-eu-us-gac-region-asymmetry--d99fdf35990b--__gac_etl_top_tenants__lookback_days-30__limit_k-25/input/query.sql,query-collections/20260702T014450Z-clean-run-eu-us-gac-region-asymmetry--d99fdf35990b--__gac_etl_top_tenants__lookback_days-30__limit_k-25/input/query_bindings.json,eu-analytics-1,20260702T014450Z,1782956700.562326,1782956700.602841,0,44,mixed_cache_first_observed,,"{""limit_k"":""25"",""lookback_days"":""30""}",{},,,,{},,,,,pilot-balanced-v1,negative_control,dataset_region_asymmetry,well_reduced_localized,pilot,"{""fetch_size"":""none"",""wan_latency"":""none"",""work_mem"":""low""}",0.040516,22.0,0.0,1.0,0.0,0.0,300,,2,0,2,0.0,0,0,0,0,0,,,,,,,,,,,,,,,,,,32.0,2.0,2.0,4.0,1.0,,,false,,,,,,,,,,,,,,,,,,,,,,,,,,,,,,,,,,,,,,,,,,,,,,0.0,,,,,fdw_pushdown_fidelity_v1,0,not_applicable_no_fdw,,,,,
20260702T012956Z-clean-run-eu-us-gac-region-asymmetry-v1__pilot-balanced-v1__default__analytics_clients,pilot-balanced-v1,default,clean-run-eu-us-gac-region-asymmetry-v1,asymmetry_mr_daily_tenant_rollup__dataset-pilot-balanced-v1__runtime-default,daily_tenant_rollup,multiregion_union,20260702T013121Z-clean-run-eu-us-gac-region-asymmetry-v1__pilot-balanced-v1__default__analytics_clients__pilot-balanced-v1__default,20260702T014507Z-clean-run-eu-us-gac-region-asymmetry--301c8b68879c--rollup__lookback_days-14__min_value-500__limit_k-50,asymmetry_mr_daily_tenant_rollup__dataset-pilot-balanced-v1__runtime-default__gac_fdw_multiregion_daily_tenant_rollup__lookback_days-14__min_value-500__limit_k-50,gac_fdw_multiregion_daily_tenant_rollup,completed,False,0,0,disabled,false,bd2869d4baf6a1b37f3bc14e1f26b15ced24803fb049e074025947925c37329f,c04697e1d584afb77d89d6af4adb8e0be04bdbcb9d1d392bdc4c9e4880b76d89,0914b69a9ec4adcafd4187e94889f978fc7828e5e70ba0b441e3875f45330c49,8f035a25c569d78bd13dbc5c80df6b9d9b250bc9213c46fe2940d95853d1b5de,"[{""fdw_region"":""eu"",""plan_fingerprint"":""b0d4753d68dc2d09c2ea6152fe3ab2532151574e17e3e8fd24914adb95487e18"",""remote_sql_id"":""auto_explain_eu_015""},{""fdw_region"":""us"",""plan_fingerprint"":""b0d4753d68dc2d09c2ea6152fe3ab2532151574e17e3e8fd24914adb95487e18"",""remote_sql_id"":""auto_explain_us_004""}]","{""limit_k"":50,""lookback_days"":14,""min_value"":500}","fdw_union_all,remote_aggregate_candidate,coordinator_fanin,daily_group_by",query-collections/20260702T014507Z-clean-run-eu-us-gac-region-asymmetry--301c8b68879c--rollup__lookback_days-14__min_value-500__limit_k-50,master-regimes/generated/corpus/region-asymmetry-companion-v1/groups/clean-run-eu-us-gac-region-asymmetry-v1__pilot-balanced-v1__default__analytics_clients/queries/asymmetry_mr_daily_tenant_rollup__dataset-pilot-balanced-v1__runtime-default__gac_fdw_multiregion_daily_tenant_rollup__lookback_days-14__min_value-500__limit_k-50.sql,query-collections/20260702T014507Z-clean-run-eu-us-gac-region-asymmetry--301c8b68879c--rollup__lookback_days-14__min_value-500__limit_k-50/input/query.sql,query-collections/20260702T014507Z-clean-run-eu-us-gac-region-asymmetry--301c8b68879c--rollup__lookback_days-14__min_value-500__limit_k-50/input/query_bindings.json,eu-analytics-1,20260702T014507Z,1782956718.501314,1782956719.715133,0,45,mixed_cache_first_observed,,"{""limit_k"":""50"",""lookback_days"":""14"",""min_value"":""500""}",{},,,,{},,,,,pilot-balanced-v1,calibration,dataset_region_asymmetry,"gac_finalization_heavy,skew_imbalance",pilot,"{""fetch_size"":""high"",""wan_latency"":""high"",""work_mem"":""high""}",1.213820,12.0,0.0,1.0,0.0,0.0,300,,2,2,0,1.0,2,0,2,2,2,99632.0,100322.0,99977.0,1.003450793682547,2391040.0,2407424.0,2399232.0,1.0034144259496371,32.0,32.0,32.0,1.0,true,144.956,146.317,145.6365,600.2866666666666,32.0,2.0,2.0,4.0,2.0,64.0,64.0,false,2022.0,4672.0,2022.0,4672.0,,,false,false,false,false,false,false,false,,,,,2,"{""Seq Scan"":64}","{""seq_scan"":64}",0.0,[],2,2,0,2,1,2,0,0,0,0.0,2,2,2,1,1,1,0,0,2,2.2206501338249502,1800.86,2.2206501338249502,1.0,0.0,1858.0,4801536.0,0.1650841231150115,0.02345915973555129,fdw_pushdown_fidelity_v1,5,available,"local_filter_after_remote,aggregate_not_pushdowned,sort_not_pushdowned,limit_not_pushdowned",0.2,0.8,,
20260702T012956Z-clean-run-eu-us-gac-region-asymmetry-v1__pilot-balanced-v1__default__analytics_clients,pilot-balanced-v1,default,clean-run-eu-us-gac-region-asymmetry-v1,asymmetry_mr_raw_wide_sample__dataset-pilot-balanced-v1__runtime-default,event_raw_wide_sample,multiregion_union,20260702T013121Z-clean-run-eu-us-gac-region-asymmetry-v1__pilot-balanced-v1__default__analytics_clients__pilot-balanced-v1__default,20260702T014528Z-clean-run-eu-us-gac-region-asymmetry--6f634031aeff--__limit_k-250__payload_repeat-16__payload_width-512,asymmetry_mr_raw_wide_sample__dataset-pilot-balanced-v1__runtime-default__gac_fdw_multiregion_event_raw_wide_sample__lookback_days-1__min_value-500__limit_k-250__payload_repeat-16__payload_width-512,gac_fdw_multiregion_event_raw_wide_sample,completed,False,0,0,disabled,false,f96797f2645ff7832b8b3c96a1487f7685a32e42a250253b6aa6311ae7e40e37,b1fe074b881b044c60cc201ec92406f09b6891e72fc9891dff8f955e65c18324,db4ed3d9a591bd04a004580f3e91a0acb28c98c15abf9b58c3020a2a8c2ff009,e2005245f7bc27a912570bf06c269071af2ddfdf0e2abdea370cb6038434ece3,"[{""fdw_region"":""eu"",""plan_fingerprint"":""b0d4753d68dc2d09c2ea6152fe3ab2532151574e17e3e8fd24914adb95487e18"",""remote_sql_id"":""auto_explain_eu_010""},{""fdw_region"":""us"",""plan_fingerprint"":""b0d4753d68dc2d09c2ea6152fe3ab2532151574e17e3e8fd24914adb95487e18"",""remote_sql_id"":""auto_explain_us_004""}]","{""limit_k"":250,""lookback_days"":1,""min_value"":500,""payload_repeat"":16,""payload_width"":512}","fdw_union_all,fdw_remote_scan,raw_row_fetch,wide_payload_expression",query-collections/20260702T014528Z-clean-run-eu-us-gac-region-asymmetry--6f634031aeff--__limit_k-250__payload_repeat-16__payload_width-512,master-regimes/generated/corpus/region-asymmetry-companion-v1/groups/clean-run-eu-us-gac-region-asymmetry-v1__pilot-balanced-v1__default__analytics_clients/queries/asymmetry_mr_raw_wide_sample__dataset-pilot-balanced-v1__runtime-default__gac_fdw_multiregion_event_raw_wide_sample__lookback_days-1__min_value-500__limit_k-250__payload_repeat-16__payload_width-512.sql,query-collections/20260702T014528Z-clean-run-eu-us-gac-region-asymmetry--6f634031aeff--__limit_k-250__payload_repeat-16__payload_width-512/input/query.sql,query-collections/20260702T014528Z-clean-run-eu-us-gac-region-asymmetry--6f634031aeff--__limit_k-250__payload_repeat-16__payload_width-512/input/query_bindings.json,eu-analytics-1,20260702T014528Z,1782956738.820451,1782956740.248129,0,46,mixed_cache_first_observed,,"{""limit_k"":""250"",""lookback_days"":""1"",""min_value"":""500"",""payload_repeat"":""16"",""payload_width"":""512""}",{},,,,{},,,,,pilot-balanced-v1,calibration,dataset_region_asymmetry,remote_fetch_heavy,pilot,"{""fetch_size"":""high"",""wan_latency"":""high"",""work_mem"":""none""}",1.427679,9.0,0.0,1.0,0.0,0.0,300,,2,2,0,1.0,2,0,2,2,2,99632.0,100322.0,99977.0,1.003450793682547,3985408.0,4013056.0,3999232.0,1.0034566636794264,32.0,32.0,32.0,1.0,true,196.802,233.759,215.2805,25.188,32.0,2.0,2.0,4.0,2.0,64.0,64.0,false,2022.0,4672.0,2022.0,4672.0,,,false,false,false,false,false,false,false,,,,,2,"{""Seq Scan"":64}","{""seq_scan"":64}",0.0,[],2,2,0,2,1,2,0,0,0,0.0,0,2,2,0,1,1,0,0,2,31.753851040177864,25.188,31.753851040177864,14.7,0.0,2638.0,7998464.0,0.1649524561231624,0.02342849827166816,fdw_pushdown_fidelity_v1,4,available,"local_filter_after_remote,sort_not_pushdowned,limit_not_pushdowned,projection_width_expansion",0.017006802721088437,0.9829931972789115,,
20260702T012956Z-clean-run-eu-us-gac-region-asymmetry-v1__pilot-balanced-v1__default__analytics_clients,pilot-balanced-v1,default,clean-run-eu-us-gac-region-asymmetry-v1,asymmetry_mr_daily_tenant_rollup__dataset-pilot-balanced-v1__runtime-default,daily_tenant_rollup,multiregion_union,20260702T013121Z-clean-run-eu-us-gac-region-asymmetry-v1__pilot-balanced-v1__default__analytics_clients__pilot-balanced-v1__default,20260702T014548Z-clean-run-eu-us-gac-region-asymmetry--d29c00d8343b--_rollup__lookback_days-7__min_value-500__limit_k-50,asymmetry_mr_daily_tenant_rollup__dataset-pilot-balanced-v1__runtime-default__gac_fdw_multiregion_daily_tenant_rollup__lookback_days-7__min_value-500__limit_k-50,gac_fdw_multiregion_daily_tenant_rollup,completed,False,0,0,disabled,false,bd2869d4baf6a1b37f3bc14e1f26b15ced24803fb049e074025947925c37329f,27d48d38a1b41422acd6f9ade400e7d80ae94b22217d37719c39de4c25a26e39,0914b69a9ec4adcafd4187e94889f978fc7828e5e70ba0b441e3875f45330c49,83ff57672864e43ae2641d59bbb474c9d8d7695eb08dbcad713f8c73a19bcd4e,"[{""fdw_region"":""eu"",""plan_fingerprint"":""b0d4753d68dc2d09c2ea6152fe3ab2532151574e17e3e8fd24914adb95487e18"",""remote_sql_id"":""auto_explain_eu_010""},{""fdw_region"":""us"",""plan_fingerprint"":""b0d4753d68dc2d09c2ea6152fe3ab2532151574e17e3e8fd24914adb95487e18"",""remote_sql_id"":""auto_explain_us_007""}]","{""limit_k"":50,""lookback_days"":7,""min_value"":500}","fdw_union_all,remote_aggregate_candidate,coordinator_fanin,daily_group_by",query-collections/20260702T014548Z-clean-run-eu-us-gac-region-asymmetry--d29c00d8343b--_rollup__lookback_days-7__min_value-500__limit_k-50,master-regimes/generated/corpus/region-asymmetry-companion-v1/groups/clean-run-eu-us-gac-region-asymmetry-v1__pilot-balanced-v1__default__analytics_clients/queries/asymmetry_mr_daily_tenant_rollup__dataset-pilot-balanced-v1__runtime-default__gac_fdw_multiregion_daily_tenant_rollup__lookback_days-7__min_value-500__limit_k-50.sql,query-collections/20260702T014548Z-clean-run-eu-us-gac-region-asymmetry--d29c00d8343b--_rollup__lookback_days-7__min_value-500__limit_k-50/input/query.sql,query-collections/20260702T014548Z-clean-run-eu-us-gac-region-asymmetry--d29c00d8343b--_rollup__lookback_days-7__min_value-500__limit_k-50/input/query_bindings.json,eu-analytics-1,20260702T014548Z,1782956759.566952,1782956760.780070,0,47,mixed_cache_first_observed,,"{""limit_k"":""50"",""lookback_days"":""7"",""min_value"":""500""}",{},,,,{},,,,,pilot-balanced-v1,calibration,dataset_region_asymmetry,"gac_finalization_heavy,skew_imbalance",pilot,"{""fetch_size"":""high"",""wan_latency"":""high"",""work_mem"":""high""}",1.213118,12.0,0.0,1.0,0.0,0.0,300,,2,2,0,1.0,2,0,2,2,2,99632.0,100322.0,99977.0,1.003450793682547,2391040.0,2407424.0,2399232.0,1.0034144259496371,32.0,32.0,32.0,1.0,true,141.241,163.146,152.1935,299.6666666666667,32.0,2.0,2.0,4.0,2.0,64.0,64.0,false,2022.0,4672.0,2022.0,4672.0,,,false,false,false,false,false,false,false,,,,,2,"{""Seq Scan"":64}","{""seq_scan"":64}",0.0,[],2,2,0,2,1,2,0,0,0,0.0,2,2,2,1,1,1,0,0,2,4.448364849833148,899.0,4.448364849833148,1.0,0.0,1858.0,4801536.0,0.1650841231150115,0.02345915973555129,fdw_pushdown_fidelity_v1,5,available,"local_filter_after_remote,aggregate_not_pushdowned,sort_not_pushdowned,limit_not_pushdowned",0.2,0.8,,
20260702T012956Z-clean-run-eu-us-gac-region-asymmetry-v1__pilot-balanced-v1__default__analytics_clients,pilot-balanced-v1,default,clean-run-eu-us-gac-region-asymmetry-v1,asymmetry_mr_event_filter_summary__dataset-pilot-balanced-v1__runtime-default,event_filter_summary,multiregion_union,20260702T013121Z-clean-run-eu-us-gac-region-asymmetry-v1__pilot-balanced-v1__default__analytics_clients__pilot-balanced-v1__default,20260702T014610Z-clean-run-eu-us-gac-region-asymmetry--c06dbda276d7--_event_filter_summary__lookback_days-1__min_value-0,asymmetry_mr_event_filter_summary__dataset-pilot-balanced-v1__runtime-default__gac_fdw_multiregion_event_filter_summary__lookback_days-1__min_value-0,gac_fdw_multiregion_event_filter_summary,completed,False,0,0,disabled,false,bbe7abed7ec3fa20d9b0211e15005ac4028b7410ffe8507f3df23c0161777d45,04056f96bfe6f3028f26f3da559239778d8aa3fc3fb57aec810b37fe96acc866,8b2261d3fb2d47cecc5dbf1f4d6cf256fa8eb686e3f77b3778f69660e9f872d2,05a9fbbc03ca9d8925acaf0043da1849161f3f6b63e6a208df82bfca44b604ad,"[{""fdw_region"":""eu"",""plan_fingerprint"":""b0d4753d68dc2d09c2ea6152fe3ab2532151574e17e3e8fd24914adb95487e18"",""remote_sql_id"":""auto_explain_eu_019""},{""fdw_region"":""us"",""plan_fingerprint"":""b0d4753d68dc2d09c2ea6152fe3ab2532151574e17e3e8fd24914adb95487e18"",""remote_sql_id"":""auto_explain_us_005""}]","{""lookback_days"":1,""min_value"":0}","fdw_union_all,selective_filter,remote_pushdown_candidate",query-collections/20260702T014610Z-clean-run-eu-us-gac-region-asymmetry--c06dbda276d7--_event_filter_summary__lookback_days-1__min_value-0,master-regimes/generated/corpus/region-asymmetry-companion-v1/groups/clean-run-eu-us-gac-region-asymmetry-v1__pilot-balanced-v1__default__analytics_clients/queries/asymmetry_mr_event_filter_summary__dataset-pilot-balanced-v1__runtime-default__gac_fdw_multiregion_event_filter_summary__lookback_days-1__min_value-0.sql,query-collections/20260702T014610Z-clean-run-eu-us-gac-region-asymmetry--c06dbda276d7--_event_filter_summary__lookback_days-1__min_value-0/input/query.sql,query-collections/20260702T014610Z-clean-run-eu-us-gac-region-asymmetry--c06dbda276d7--_event_filter_summary__lookback_days-1__min_value-0/input/query_bindings.json,eu-analytics-1,20260702T014610Z,1782956784.339602,1782956786.460301,0,48,mixed_cache_first_observed,,"{""lookback_days"":""1"",""min_value"":""0""}",{},,,,{},,,,,pilot-balanced-v1,calibration,dataset_region_asymmetry,well_reduced_localized,pilot,"{""fetch_size"":""low"",""wan_latency"":""low"",""work_mem"":""none""}",2.120700,0.0,0.0,,0.0,0.0,300,,2,2,0,1.0,2,0,2,2,2,200000.0,200000.0,200000.0,1.0,3200000.0,3200000.0,3200000.0,1.0,32.0,32.0,32.0,1.0,true,250.376,271.79,261.083,2815.3333333333335,32.0,2.0,2.0,4.0,2.0,64.0,64.0,false,4000.0,9400.0,4000.0,9400.0,,,false,false,false,false,false,false,false,,,,,2,"{""Seq Scan"":64}","{""seq_scan"":64}",0.0,[],2,2,0,2,1,2,0,0,0,0.0,2,0,0,1,0,0,0,0,2,31.573131265293235,12669.0,31.573131265293235,1.0,0.0,2932.0,6402048.0,0.1648128002693886,0.023512476007677544,fdw_pushdown_fidelity_v1,3,available,"local_filter_after_remote,aggregate_not_pushdowned",0.3333333333333333,0.6666666666666667,,
20260702T014738Z-clean-run-eu-us-gac-region-asymmetry-v1__pilot-balanced-v1__default__coordinators,pilot-balanced-v1,default,clean-run-eu-us-gac-region-asymmetry-v1,asymmetry_single_region_top_tenants_control__dataset-pilot-balanced-v1__runtime-default,top_tenants,single_region_citus,20260702T014811Z-clean-run-eu-us-gac-region-asymmetry-v1__pilot-balanced-v1__default__coordinators__pilot-balanced-v1__default,20260702T014811Z-clean-run-eu-us-gac-region-asymmetry--1a6cf824c757--ault__q10_top_tenants__lookback_days-30__limit_k-25,asymmetry_single_region_top_tenants_control__dataset-pilot-balanced-v1__runtime-default__q10_top_tenants__lookback_days-30__limit_k-25,q10_top_tenants,completed,False,0,0,disabled,false,0d0e60b86d62863d6d89e5d918d7eac5d5ff2a88e25e193f6667b216e2fd2705,8429641a1c80cceb122d877fdfcef2b3edbe5619a9584417403320f2f350cfea,41fdf51cd70e75602bcd0511e2c6056f9294a6b4d491850b40ca7b3f9f5f1187,,,"{""limit_k"":25,""lookback_days"":30}","topk,final_ordering,high_group_cardinality",query-collections/20260702T014811Z-clean-run-eu-us-gac-region-asymmetry--1a6cf824c757--ault__q10_top_tenants__lookback_days-30__limit_k-25,master-regimes/generated/corpus/region-asymmetry-companion-v1/groups/clean-run-eu-us-gac-region-asymmetry-v1__pilot-balanced-v1__default__coordinators/queries/asymmetry_single_region_top_tenants_control__dataset-pilot-balanced-v1__runtime-default__q10_top_tenants__lookback_days-30__limit_k-25.sql,query-collections/20260702T014811Z-clean-run-eu-us-gac-region-asymmetry--1a6cf824c757--ault__q10_top_tenants__lookback_days-30__limit_k-25/input/query.sql,query-collections/20260702T014811Z-clean-run-eu-us-gac-region-asymmetry--1a6cf824c757--ault__q10_top_tenants__lookback_days-30__limit_k-25/input/query_bindings.json,eu-coord-1,20260702T014811Z,1782956902.053763,1782956902.243048,0,1,mixed_cache_first_observed,,"{""limit_k"":""25"",""lookback_days"":""30""}",{},,,,{},,,,,pilot-balanced-v1,negative_control,dataset_region_asymmetry,"well_reduced_localized,gac_finalization_heavy",pilot,"{""fetch_size"":""none"",""wan_latency"":""none"",""work_mem"":""high""}",0.189286,78.0,0.0,1.0,0.0,0.0,300,,2,0,2,0.0,0,0,0,0,0,,,,,,,,,,,,,,,,,,32.0,2.0,2.0,4.0,1.0,64.0,32.0,false,,,,,,,,,,,,,,,,,,,,,,,,,,,,,,,,,,,,,,,,,,,,,,0.0,0.0,,,,fdw_pushdown_fidelity_v1,0,not_applicable_no_fdw,,,,,
20260702T014738Z-clean-run-eu-us-gac-region-asymmetry-v1__pilot-balanced-v1__default__coordinators,pilot-balanced-v1,default,clean-run-eu-us-gac-region-asymmetry-v1,asymmetry_single_region_top_tenants_control__dataset-pilot-balanced-v1__runtime-default,top_tenants,single_region_citus,20260702T014811Z-clean-run-eu-us-gac-region-asymmetry-v1__pilot-balanced-v1__default__coordinators__pilot-balanced-v1__default,20260702T014828Z-clean-run-eu-us-gac-region-asymmetry--29416c2c41fc--fault__q10_top_tenants__lookback_days-7__limit_k-25,asymmetry_single_region_top_tenants_control__dataset-pilot-balanced-v1__runtime-default__q10_top_tenants__lookback_days-7__limit_k-25,q10_top_tenants,completed,False,0,0,disabled,false,0d0e60b86d62863d6d89e5d918d7eac5d5ff2a88e25e193f6667b216e2fd2705,05f3f59ad2d389e8f699bf1bd83fa06e07e6c3f759f69f74b72099bb28418088,41fdf51cd70e75602bcd0511e2c6056f9294a6b4d491850b40ca7b3f9f5f1187,,,"{""limit_k"":25,""lookback_days"":7}","topk,final_ordering,high_group_cardinality",query-collections/20260702T014828Z-clean-run-eu-us-gac-region-asymmetry--29416c2c41fc--fault__q10_top_tenants__lookback_days-7__limit_k-25,master-regimes/generated/corpus/region-asymmetry-companion-v1/groups/clean-run-eu-us-gac-region-asymmetry-v1__pilot-balanced-v1__default__coordinators/queries/asymmetry_single_region_top_tenants_control__dataset-pilot-balanced-v1__runtime-default__q10_top_tenants__lookback_days-7__limit_k-25.sql,query-collections/20260702T014828Z-clean-run-eu-us-gac-region-asymmetry--29416c2c41fc--fault__q10_top_tenants__lookback_days-7__limit_k-25/input/query.sql,query-collections/20260702T014828Z-clean-run-eu-us-gac-region-asymmetry--29416c2c41fc--fault__q10_top_tenants__lookback_days-7__limit_k-25/input/query_bindings.json,eu-coord-1,20260702T014828Z,1782956918.513990,1782956918.658126,0,2,mixed_cache_first_observed,,"{""limit_k"":""25"",""lookback_days"":""7""}",{},,,,{},,,,,pilot-balanced-v1,negative_control,dataset_region_asymmetry,"well_reduced_localized,gac_finalization_heavy",pilot,"{""fetch_size"":""none"",""wan_latency"":""none"",""work_mem"":""high""}",0.144136,78.0,0.0,1.0,0.0,0.0,300,,2,0,2,0.0,0,0,0,0,0,,,,,,,,,,,,,,,,,,32.0,2.0,2.0,4.0,1.0,64.0,32.0,false,,,,,,,,,,,,,,,,,,,,,,,,,,,,,,,,,,,,,,,,,,,,,,0.0,0.0,,,,fdw_pushdown_fidelity_v1,0,not_applicable_no_fdw,,,,,
20260702T014851Z-clean-run-eu-us-gac-region-asymmetry-v1__pilot-region-imbalanced-v1__default__analytics_clients,pilot-region-imbalanced-v1,default,clean-run-eu-us-gac-region-asymmetry-v1,asymmetry_mr_global_user_join__dataset-pilot-region-imbalanced-v1__runtime-default,global_user_topk,multiregion_union,20260702T015102Z-clean-run-eu-us-gac-region-asymmetry-v1__pilot-region-imbalanced-v1__default__analytics_clients__pilot-region-imbalanced-v1__default,20260702T015102Z-clean-run-eu-us-gac-region-asymmetry--c166f0aaa71d--egion_global_user_join__lookback_days-7__limit_k-50,asymmetry_mr_global_user_join__dataset-pilot-region-imbalanced-v1__runtime-default__gac_fdw_multiregion_global_user_join__lookback_days-7__limit_k-50,gac_fdw_multiregion_global_user_join,completed,False,0,0,disabled,false,a77ebdf1bca778e3be6bccf75904bd282be19ff442406f429dbf9364d5c193c7,d56a632a12de1e0db520a3eac8f94ee698ede5321a3d899fd564cd0f5fe488ed,5f95d7d45ef0ac2b5b3fa855af821e6ac14bdcdcec6284b972d0e640c5aad5f1,692c32de6d518b2bb2702f26b3521578ac2de48cfe56104ccdd1115958376b73,"[{""fdw_region"":""eu"",""plan_fingerprint"":""b0d4753d68dc2d09c2ea6152fe3ab2532151574e17e3e8fd24914adb95487e18"",""remote_sql_id"":""auto_explain_eu_015""},{""fdw_region"":""eu"",""plan_fingerprint"":""b0d4753d68dc2d09c2ea6152fe3ab2532151574e17e3e8fd24914adb95487e18"",""remote_sql_id"":""auto_explain_eu_016""},{""fdw_region"":""us"",""plan_fingerprint"":""b0d4753d68dc2d09c2ea6152fe3ab2532151574e17e3e8fd24914adb95487e18"",""remote_sql_id"":""auto_explain_us_001""},{""fdw_region"":""us"",""plan_fingerprint"":""b0d4753d68dc2d09c2ea6152fe3ab2532151574e17e3e8fd24914adb95487e18"",""remote_sql_id"":""auto_explain_us_002""}]","{""limit_k"":50,""lookback_days"":7}","fdw_remote_join,non_colocated_join,fdw_union_all,topk",query-collections/20260702T015102Z-clean-run-eu-us-gac-region-asymmetry--c166f0aaa71d--egion_global_user_join__lookback_days-7__limit_k-50,master-regimes/generated/corpus/region-asymmetry-companion-v1/groups/clean-run-eu-us-gac-region-asymmetry-v1__pilot-region-imbalanced-v1__default__analytics_clients/queries/asymmetry_mr_global_user_join__dataset-pilot-region-imbalanced-v1__runtime-default__gac_fdw_multiregion_global_user_join__lookback_days-7__limit_k-50.sql,query-collections/20260702T015102Z-clean-run-eu-us-gac-region-asymmetry--c166f0aaa71d--egion_global_user_join__lookback_days-7__limit_k-50/input/query.sql,query-collections/20260702T015102Z-clean-run-eu-us-gac-region-asymmetry--c166f0aaa71d--egion_global_user_join__lookback_days-7__limit_k-50/input/query_bindings.json,eu-analytics-1,20260702T015102Z,1782957074.745168,1782957078.813689,0,1,mixed_cache_first_observed,,"{""limit_k"":""50"",""lookback_days"":""7""}",{},,,,{},,,,,pilot-region-imbalanced-v1,calibration,dataset_region_asymmetry,"join_movement,gac_finalization_heavy,skew_imbalance",pilot,"{""fetch_size"":""high"",""wan_latency"":""high"",""work_mem"":""high""}",4.068523,6.0,0.0,1.0,3172.0,3015.0,300,,2,2,0,1.0,4,0,2,2,2,60000.0,540000.0,300000.0,1.8,1912832.0,17227776.0,9570304.0,1.8001283971752622,64.0,64.0,64.0,1.0,true,130.526,942.49,536.508,7751.237373737374,32.0,2.0,2.0,4.0,2.0,64.0,64.0,false,0.0,13400.0,0.0,13400.0,,,false,false,false,false,false,false,false,,,,,2,"{""Seq Scan"":128}","{""seq_scan"":128}",0.0,[],4,2,0,2,1,0,0,0,0,0.0,4,4,4,1,1,1,0,0,4,2.0701790704895973,16101.666666666666,2.0701790704895973,0.9444444444444444,59955.0,6182.0,19133384.0,0.9746008490981084,0.02242447023485234,fdw_pushdown_fidelity_v1,5,available,"local_filter_after_remote,aggregate_not_pushdowned,sort_not_pushdowned,limit_not_pushdowned",0.2,0.8,,
20260702T014851Z-clean-run-eu-us-gac-region-asymmetry-v1__pilot-region-imbalanced-v1__default__analytics_clients,pilot-region-imbalanced-v1,default,clean-run-eu-us-gac-region-asymmetry-v1,asymmetry_mr_raw_wide_sample__dataset-pilot-region-imbalanced-v1__runtime-default,event_raw_wide_sample,multiregion_union,20260702T015102Z-clean-run-eu-us-gac-region-asymmetry-v1__pilot-region-imbalanced-v1__default__analytics_clients__pilot-region-imbalanced-v1__default,20260702T015126Z-clean-run-eu-us-gac-region-asymmetry--d41c1c076221--__limit_k-100__payload_repeat-16__payload_width-512,asymmetry_mr_raw_wide_sample__dataset-pilot-region-imbalanced-v1__runtime-default__gac_fdw_multiregion_event_raw_wide_sample__lookback_days-1__min_value-500__limit_k-100__payload_repeat-16__payload_width-512,gac_fdw_multiregion_event_raw_wide_sample,completed,False,0,0,disabled,false,f96797f2645ff7832b8b3c96a1487f7685a32e42a250253b6aa6311ae7e40e37,c0240038f4d2e09882228ee26cc05983e0d5211b2f10314a0c65421fa2124632,db4ed3d9a591bd04a004580f3e91a0acb28c98c15abf9b58c3020a2a8c2ff009,61760961cb6a8ad5378a93a82ba102b5edabb89898cd7adb04c5b97572d95b78,"[{""fdw_region"":""eu"",""plan_fingerprint"":""b0d4753d68dc2d09c2ea6152fe3ab2532151574e17e3e8fd24914adb95487e18"",""remote_sql_id"":""auto_explain_eu_011""},{""fdw_region"":""us"",""plan_fingerprint"":""b0d4753d68dc2d09c2ea6152fe3ab2532151574e17e3e8fd24914adb95487e18"",""remote_sql_id"":""auto_explain_us_001""}]","{""limit_k"":100,""lookback_days"":1,""min_value"":500,""payload_repeat"":16,""payload_width"":512}","fdw_union_all,fdw_remote_scan,raw_row_fetch,wide_payload_expression",query-collections/20260702T015126Z-clean-run-eu-us-gac-region-asymmetry--d41c1c076221--__limit_k-100__payload_repeat-16__payload_width-512,master-regimes/generated/corpus/region-asymmetry-companion-v1/groups/clean-run-eu-us-gac-region-asymmetry-v1__pilot-region-imbalanced-v1__default__analytics_clients/queries/asymmetry_mr_raw_wide_sample__dataset-pilot-region-imbalanced-v1__runtime-default__gac_fdw_multiregion_event_raw_wide_sample__lookback_days-1__min_value-500__limit_k-100__payload_repeat-16__payload_width-512.sql,query-collections/20260702T015126Z-clean-run-eu-us-gac-region-asymmetry--d41c1c076221--__limit_k-100__payload_repeat-16__payload_width-512/input/query.sql,query-collections/20260702T015126Z-clean-run-eu-us-gac-region-asymmetry--d41c1c076221--__limit_k-100__payload_repeat-16__payload_width-512/input/query_bindings.json,eu-analytics-1,20260702T015126Z,1782957098.356301,1782957099.777085,0,2,mixed_cache_first_observed,,"{""limit_k"":""100"",""lookback_days"":""1"",""min_value"":""500"",""payload_repeat"":""16"",""payload_width"":""512""}",{},,,,{},,,,,pilot-region-imbalanced-v1,calibration,dataset_region_asymmetry,remote_fetch_heavy,pilot,"{""fetch_size"":""high"",""wan_latency"":""high"",""work_mem"":""none""}",1.420786,9.0,0.0,1.0,0.0,0.0,300,,2,2,0,1.0,2,0,2,2,2,19982.0,180623.0,100302.5,1.8007826325365768,799744.0,7225344.0,4012544.0,1.800689039173153,32.0,32.0,32.0,1.0,true,88.428,371.094,229.761,63.27,32.0,2.0,2.0,4.0,2.0,64.0,64.0,false,95.0,6673.0,95.0,6673.0,,,false,false,false,false,false,false,false,,,,,2,"{""Seq Scan"":64}","{""seq_scan"":64}",0.0,[],2,2,0,2,1,2,0,0,0,0.0,0,2,2,0,1,1,0,0,2,31.706179864074603,63.27,31.706179864074603,14.7,0.0,2382.0,8023544.0,0.8141042147784452,0.03330996876193363,fdw_pushdown_fidelity_v1,4,available,"local_filter_after_remote,sort_not_pushdowned,limit_not_pushdowned,projection_width_expansion",0.017006802721088437,0.9829931972789115,,
20260702T014851Z-clean-run-eu-us-gac-region-asymmetry-v1__pilot-region-imbalanced-v1__default__analytics_clients,pilot-region-imbalanced-v1,default,clean-run-eu-us-gac-region-asymmetry-v1,asymmetry_mr_event_filter_summary__dataset-pilot-region-imbalanced-v1__runtime-default,event_filter_summary,multiregion_union,20260702T015102Z-clean-run-eu-us-gac-region-asymmetry-v1__pilot-region-imbalanced-v1__default__analytics_clients__pilot-region-imbalanced-v1__default,20260702T015147Z-clean-run-eu-us-gac-region-asymmetry--73105330cf8c--ent_filter_summary__lookback_days-30__min_value-900,asymmetry_mr_event_filter_summary__dataset-pilot-region-imbalanced-v1__runtime-default__gac_fdw_multiregion_event_filter_summary__lookback_days-30__min_value-900,gac_fdw_multiregion_event_filter_summary,completed,False,0,0,disabled,false,bbe7abed7ec3fa20d9b0211e15005ac4028b7410ffe8507f3df23c0161777d45,4d9a2a38185bde860d6ef3d1d9ae35ce2892d680e0f7b7d49c6d73b9d6852f01,8b2261d3fb2d47cecc5dbf1f4d6cf256fa8eb686e3f77b3778f69660e9f872d2,bf8a958acff87fd723f7313d03732bf67e01005b5562aaf135a5eee37b8d9829,"[{""fdw_region"":""eu"",""plan_fingerprint"":""b0d4753d68dc2d09c2ea6152fe3ab2532151574e17e3e8fd24914adb95487e18"",""remote_sql_id"":""auto_explain_eu_009""},{""fdw_region"":""us"",""plan_fingerprint"":""b0d4753d68dc2d09c2ea6152fe3ab2532151574e17e3e8fd24914adb95487e18"",""remote_sql_id"":""auto_explain_us_003""}]","{""lookback_days"":30,""min_value"":900}","fdw_union_all,selective_filter,remote_pushdown_candidate",query-collections/20260702T015147Z-clean-run-eu-us-gac-region-asymmetry--73105330cf8c--ent_filter_summary__lookback_days-30__min_value-900,master-regimes/generated/corpus/region-asymmetry-companion-v1/groups/clean-run-eu-us-gac-region-asymmetry-v1__pilot-region-imbalanced-v1__default__analytics_clients/queries/asymmetry_mr_event_filter_summary__dataset-pilot-region-imbalanced-v1__runtime-default__gac_fdw_multiregion_event_filter_summary__lookback_days-30__min_value-900.sql,query-collections/20260702T015147Z-clean-run-eu-us-gac-region-asymmetry--73105330cf8c--ent_filter_summary__lookback_days-30__min_value-900/input/query.sql,query-collections/20260702T015147Z-clean-run-eu-us-gac-region-asymmetry--73105330cf8c--ent_filter_summary__lookback_days-30__min_value-900/input/query_bindings.json,eu-analytics-1,20260702T015147Z,1782957118.436149,1782957118.861862,0,3,mixed_cache_first_observed,,"{""lookback_days"":""30"",""min_value"":""900""}",{},,,,{},,,,,pilot-region-imbalanced-v1,calibration,dataset_region_asymmetry,well_reduced_localized,pilot,"{""fetch_size"":""low"",""wan_latency"":""low"",""work_mem"":""none""}",0.425715,0.0,0.0,,0.0,0.0,300,,2,2,0,1.0,2,0,2,2,2,3963.0,36346.0,20154.5,1.8033689746706691,63488.0,581632.0,322560.0,1.8031746031746032,32.0,32.0,32.0,1.0,true,54.76,107.861,81.3105,8647.111111111111,32.0,2.0,2.0,4.0,2.0,64.0,64.0,false,17.0,1347.0,17.0,1347.0,,,false,false,false,false,false,false,false,,,,,2,"{""Seq Scan"":64}","{""seq_scan"":64}",0.0,[],2,2,0,2,1,2,0,0,0,0.0,2,0,0,1,0,0,0,0,2,1.035901521381579,38912.0,1.035901521381579,1.0,0.0,0.0,646064.0,0.8163455253649858,0.03328462814829491,fdw_pushdown_fidelity_v1,3,available,"local_filter_after_remote,aggregate_not_pushdowned",0.3333333333333333,0.6666666666666667,,
20260702T014851Z-clean-run-eu-us-gac-region-asymmetry-v1__pilot-region-imbalanced-v1__default__analytics_clients,pilot-region-imbalanced-v1,default,clean-run-eu-us-gac-region-asymmetry-v1,asymmetry_mr_daily_tenant_rollup__dataset-pilot-region-imbalanced-v1__runtime-default,daily_tenant_rollup,multiregion_union,20260702T015102Z-clean-run-eu-us-gac-region-asymmetry-v1__pilot-region-imbalanced-v1__default__analytics_clients__pilot-region-imbalanced-v1__default,20260702T015210Z-clean-run-eu-us-gac-region-asymmetry--b0d2373bfa1b--t_rollup__lookback_days-30__min_value-0__limit_k-50,asymmetry_mr_daily_tenant_rollup__dataset-pilot-region-imbalanced-v1__runtime-default__gac_fdw_multiregion_daily_tenant_rollup__lookback_days-30__min_value-0__limit_k-50,gac_fdw_multiregion_daily_tenant_rollup,completed,False,0,0,disabled,false,bd2869d4baf6a1b37f3bc14e1f26b15ced24803fb049e074025947925c37329f,02a97a4a04b8dda7fd07c4fc66690d9390f928ba77b92762ad9f9b282db5d899,0914b69a9ec4adcafd4187e94889f978fc7828e5e70ba0b441e3875f45330c49,d52d9912274491e403e03321f2dd094245a533357038b776977c28405d6dc34f,"[{""fdw_region"":""eu"",""plan_fingerprint"":""b0d4753d68dc2d09c2ea6152fe3ab2532151574e17e3e8fd24914adb95487e18"",""remote_sql_id"":""auto_explain_eu_019""},{""fdw_region"":""us"",""plan_fingerprint"":""b0d4753d68dc2d09c2ea6152fe3ab2532151574e17e3e8fd24914adb95487e18"",""remote_sql_id"":""auto_explain_us_001""}]","{""limit_k"":50,""lookback_days"":30,""min_value"":0}","fdw_union_all,remote_aggregate_candidate,coordinator_fanin,daily_group_by",query-collections/20260702T015210Z-clean-run-eu-us-gac-region-asymmetry--b0d2373bfa1b--t_rollup__lookback_days-30__min_value-0__limit_k-50,master-regimes/generated/corpus/region-asymmetry-companion-v1/groups/clean-run-eu-us-gac-region-asymmetry-v1__pilot-region-imbalanced-v1__default__analytics_clients/queries/asymmetry_mr_daily_tenant_rollup__dataset-pilot-region-imbalanced-v1__runtime-default__gac_fdw_multiregion_daily_tenant_rollup__lookback_days-30__min_value-0__limit_k-50.sql,query-collections/20260702T015210Z-clean-run-eu-us-gac-region-asymmetry--b0d2373bfa1b--t_rollup__lookback_days-30__min_value-0__limit_k-50/input/query.sql,query-collections/20260702T015210Z-clean-run-eu-us-gac-region-asymmetry--b0d2373bfa1b--t_rollup__lookback_days-30__min_value-0__limit_k-50/input/query_bindings.json,eu-analytics-1,20260702T015210Z,1782957143.920424,1782957146.602763,0,4,mixed_cache_first_observed,,"{""limit_k"":""50"",""lookback_days"":""30"",""min_value"":""0""}",{},,,,{},,,,,pilot-region-imbalanced-v1,calibration,dataset_region_asymmetry,"gac_finalization_heavy,skew_imbalance",pilot,"{""fetch_size"":""high"",""wan_latency"":""high"",""work_mem"":""high""}",2.682340,12.0,0.0,1.0,298.0,373.0,300,,2,2,0,1.0,2,0,2,2,2,40000.0,360000.0,200000.0,1.8,960512.0,8640512.0,4800512.0,1.799914675767918,32.0,32.0,32.0,1.0,true,75.316,526.527,300.92150000000004,2578.4933333333333,32.0,2.0,2.0,4.0,2.0,64.0,64.0,false,200.0,13400.0,200.0,13400.0,,,false,false,false,false,false,false,false,,,,,2,"{""Seq Scan"":64}","{""seq_scan"":64}",0.0,[],2,2,0,2,1,2,0,0,0,0.0,2,2,2,1,1,1,0,0,2,1.034195680164644,7735.48,1.034195680164644,1.0,2684.0,3340.0,9600448.0,0.8125892939319331,0.03349177038404874,fdw_pushdown_fidelity_v1,5,available,"local_filter_after_remote,aggregate_not_pushdowned,sort_not_pushdowned,limit_not_pushdowned",0.2,0.8,,
20260702T014851Z-clean-run-eu-us-gac-region-asymmetry-v1__pilot-region-imbalanced-v1__default__analytics_clients,pilot-region-imbalanced-v1,default,clean-run-eu-us-gac-region-asymmetry-v1,asymmetry_mr_daily_tenant_rollup__dataset-pilot-region-imbalanced-v1__runtime-default,daily_tenant_rollup,multiregion_union,20260702T015102Z-clean-run-eu-us-gac-region-asymmetry-v1__pilot-region-imbalanced-v1__default__analytics_clients__pilot-region-imbalanced-v1__default,20260702T015236Z-clean-run-eu-us-gac-region-asymmetry--d82e1c951abf--nt_rollup__lookback_days-7__min_value-0__limit_k-50,asymmetry_mr_daily_tenant_rollup__dataset-pilot-region-imbalanced-v1__runtime-default__gac_fdw_multiregion_daily_tenant_rollup__lookback_days-7__min_value-0__limit_k-50,gac_fdw_multiregion_daily_tenant_rollup,completed,False,0,0,disabled,false,bd2869d4baf6a1b37f3bc14e1f26b15ced24803fb049e074025947925c37329f,f11829f32d131147f48697af6bbd9b12dd343a359d784e581f34821b03587c31,0914b69a9ec4adcafd4187e94889f978fc7828e5e70ba0b441e3875f45330c49,64303873f27bef0bfcdacc516c894d4f7cda5572fd118aeb406ecfe695b44318,"[{""fdw_region"":""eu"",""plan_fingerprint"":""b0d4753d68dc2d09c2ea6152fe3ab2532151574e17e3e8fd24914adb95487e18"",""remote_sql_id"":""auto_explain_eu_013""},{""fdw_region"":""us"",""plan_fingerprint"":""b0d4753d68dc2d09c2ea6152fe3ab2532151574e17e3e8fd24914adb95487e18"",""remote_sql_id"":""auto_explain_us_001""}]","{""limit_k"":50,""lookback_days"":7,""min_value"":0}","fdw_union_all,remote_aggregate_candidate,coordinator_fanin,daily_group_by",query-collections/20260702T015236Z-clean-run-eu-us-gac-region-asymmetry--d82e1c951abf--nt_rollup__lookback_days-7__min_value-0__limit_k-50,master-regimes/generated/corpus/region-asymmetry-companion-v1/groups/clean-run-eu-us-gac-region-asymmetry-v1__pilot-region-imbalanced-v1__default__analytics_clients/queries/asymmetry_mr_daily_tenant_rollup__dataset-pilot-region-imbalanced-v1__runtime-default__gac_fdw_multiregion_daily_tenant_rollup__lookback_days-7__min_value-0__limit_k-50.sql,query-collections/20260702T015236Z-clean-run-eu-us-gac-region-asymmetry--d82e1c951abf--nt_rollup__lookback_days-7__min_value-0__limit_k-50/input/query.sql,query-collections/20260702T015236Z-clean-run-eu-us-gac-region-asymmetry--d82e1c951abf--nt_rollup__lookback_days-7__min_value-0__limit_k-50/input/query_bindings.json,eu-analytics-1,20260702T015236Z,1782957168.896313,1782957171.262107,0,5,mixed_cache_first_observed,,"{""limit_k"":""50"",""lookback_days"":""7"",""min_value"":""0""}",{},,,,{},,,,,pilot-region-imbalanced-v1,calibration,dataset_region_asymmetry,"gac_finalization_heavy,skew_imbalance",pilot,"{""fetch_size"":""high"",""wan_latency"":""high"",""work_mem"":""high""}",2.365794,12.0,0.0,1.0,0.0,0.0,300,,2,2,0,1.0,2,0,2,2,2,40000.0,360000.0,200000.0,1.8,960512.0,8640512.0,4800512.0,1.799914675767918,32.0,32.0,32.0,1.0,true,98.331,428.857,263.594,598.7866666666666,32.0,2.0,2.0,4.0,2.0,64.0,64.0,false,200.0,13400.0,200.0,13400.0,,,false,false,false,false,false,false,false,,,,,2,"{""Seq Scan"":64}","{""seq_scan"":64}",0.0,[],2,2,0,2,1,2,0,0,0,0.0,2,2,2,1,1,1,0,0,2,4.453450310628159,1796.36,4.453450310628159,1.0,0.0,3340.0,9600448.0,0.8125892939319331,0.03349177038404874,fdw_pushdown_fidelity_v1,5,available,"local_filter_after_remote,aggregate_not_pushdowned,sort_not_pushdowned,limit_not_pushdowned",0.2,0.8,,
20260702T014851Z-clean-run-eu-us-gac-region-asymmetry-v1__pilot-region-imbalanced-v1__default__analytics_clients,pilot-region-imbalanced-v1,default,clean-run-eu-us-gac-region-asymmetry-v1,asymmetry_mr_event_filter_summary__dataset-pilot-region-imbalanced-v1__runtime-default,event_filter_summary,multiregion_union,20260702T015102Z-clean-run-eu-us-gac-region-asymmetry-v1__pilot-region-imbalanced-v1__default__analytics_clients__pilot-region-imbalanced-v1__default,20260702T015301Z-clean-run-eu-us-gac-region-asymmetry--df1e9707ff47--event_filter_summary__lookback_days-30__min_value-0,asymmetry_mr_event_filter_summary__dataset-pilot-region-imbalanced-v1__runtime-default__gac_fdw_multiregion_event_filter_summary__lookback_days-30__min_value-0,gac_fdw_multiregion_event_filter_summary,completed,False,0,0,disabled,false,bbe7abed7ec3fa20d9b0211e15005ac4028b7410ffe8507f3df23c0161777d45,735e0a1cb9445f88174634ccc53224973a2ab94eb23d97aadc954690174ea147,8b2261d3fb2d47cecc5dbf1f4d6cf256fa8eb686e3f77b3778f69660e9f872d2,61760961cb6a8ad5378a93a82ba102b5edabb89898cd7adb04c5b97572d95b78,"[{""fdw_region"":""eu"",""plan_fingerprint"":""b0d4753d68dc2d09c2ea6152fe3ab2532151574e17e3e8fd24914adb95487e18"",""remote_sql_id"":""auto_explain_eu_011""},{""fdw_region"":""us"",""plan_fingerprint"":""b0d4753d68dc2d09c2ea6152fe3ab2532151574e17e3e8fd24914adb95487e18"",""remote_sql_id"":""auto_explain_us_001""}]","{""lookback_days"":30,""min_value"":0}","fdw_union_all,selective_filter,remote_pushdown_candidate",query-collections/20260702T015301Z-clean-run-eu-us-gac-region-asymmetry--df1e9707ff47--event_filter_summary__lookback_days-30__min_value-0,master-regimes/generated/corpus/region-asymmetry-companion-v1/groups/clean-run-eu-us-gac-region-asymmetry-v1__pilot-region-imbalanced-v1__default__analytics_clients/queries/asymmetry_mr_event_filter_summary__dataset-pilot-region-imbalanced-v1__runtime-default__gac_fdw_multiregion_event_filter_summary__lookback_days-30__min_value-0.sql,query-collections/20260702T015301Z-clean-run-eu-us-gac-region-asymmetry--df1e9707ff47--event_filter_summary__lookback_days-30__min_value-0/input/query.sql,query-collections/20260702T015301Z-clean-run-eu-us-gac-region-asymmetry--df1e9707ff47--event_filter_summary__lookback_days-30__min_value-0/input/query_bindings.json,eu-analytics-1,20260702T015301Z,1782957191.698321,1782957193.987380,0,6,mixed_cache_first_observed,,"{""lookback_days"":""30"",""min_value"":""0""}",{},,,,{},,,,,pilot-region-imbalanced-v1,calibration,dataset_region_asymmetry,well_reduced_localized,pilot,"{""fetch_size"":""low"",""wan_latency"":""low"",""work_mem"":""none""}",2.289060,0.0,0.0,,0.0,0.0,300,,2,2,0,1.0,2,0,2,2,2,40000.0,360000.0,200000.0,1.8,640000.0,5760000.0,3200000.0,1.8,32.0,32.0,32.0,1.0,true,97.458,454.631,276.04449999999997,85948.22222222222,32.0,2.0,2.0,4.0,2.0,64.0,64.0,false,200.0,13400.0,200.0,13400.0,,,false,false,false,false,false,false,false,,,,,2,"{""Seq Scan"":64}","{""seq_scan"":64}",0.0,[],2,2,0,2,1,2,0,0,0,0.0,2,0,0,1,0,0,0,0,2,1.0342143978157392,386767.0,1.0342143978157392,1.0,0.0,2638.0,6407168.0,0.8112997746444989,0.03340258910020777,fdw_pushdown_fidelity_v1,3,available,"local_filter_after_remote,aggregate_not_pushdowned",0.3333333333333333,0.6666666666666667,,
20260702T014851Z-clean-run-eu-us-gac-region-asymmetry-v1__pilot-region-imbalanced-v1__default__analytics_clients,pilot-region-imbalanced-v1,default,clean-run-eu-us-gac-region-asymmetry-v1,asymmetry_mr_raw_wide_sample__dataset-pilot-region-imbalanced-v1__runtime-default,event_raw_wide_sample,multiregion_union,20260702T015102Z-clean-run-eu-us-gac-region-asymmetry-v1__pilot-region-imbalanced-v1__default__analytics_clients__pilot-region-imbalanced-v1__default,20260702T015321Z-clean-run-eu-us-gac-region-asymmetry--09341e7ee50e--__limit_k-250__payload_repeat-16__payload_width-512,asymmetry_mr_raw_wide_sample__dataset-pilot-region-imbalanced-v1__runtime-default__gac_fdw_multiregion_event_raw_wide_sample__lookback_days-1__min_value-500__limit_k-250__payload_repeat-16__payload_width-512,gac_fdw_multiregion_event_raw_wide_sample,completed,False,0,0,disabled,false,f96797f2645ff7832b8b3c96a1487f7685a32e42a250253b6aa6311ae7e40e37,b1fe074b881b044c60cc201ec92406f09b6891e72fc9891dff8f955e65c18324,db4ed3d9a591bd04a004580f3e91a0acb28c98c15abf9b58c3020a2a8c2ff009,64303873f27bef0bfcdacc516c894d4f7cda5572fd118aeb406ecfe695b44318,"[{""fdw_region"":""eu"",""plan_fingerprint"":""b0d4753d68dc2d09c2ea6152fe3ab2532151574e17e3e8fd24914adb95487e18"",""remote_sql_id"":""auto_explain_eu_013""},{""fdw_region"":""us"",""plan_fingerprint"":""b0d4753d68dc2d09c2ea6152fe3ab2532151574e17e3e8fd24914adb95487e18"",""remote_sql_id"":""auto_explain_us_001""}]","{""limit_k"":250,""lookback_days"":1,""min_value"":500,""payload_repeat"":16,""payload_width"":512}","fdw_union_all,fdw_remote_scan,raw_row_fetch,wide_payload_expression",query-collections/20260702T015321Z-clean-run-eu-us-gac-region-asymmetry--09341e7ee50e--__limit_k-250__payload_repeat-16__payload_width-512,master-regimes/generated/corpus/region-asymmetry-companion-v1/groups/clean-run-eu-us-gac-region-asymmetry-v1__pilot-region-imbalanced-v1__default__analytics_clients/queries/asymmetry_mr_raw_wide_sample__dataset-pilot-region-imbalanced-v1__runtime-default__gac_fdw_multiregion_event_raw_wide_sample__lookback_days-1__min_value-500__limit_k-250__payload_repeat-16__payload_width-512.sql,query-collections/20260702T015321Z-clean-run-eu-us-gac-region-asymmetry--09341e7ee50e--__limit_k-250__payload_repeat-16__payload_width-512/input/query.sql,query-collections/20260702T015321Z-clean-run-eu-us-gac-region-asymmetry--09341e7ee50e--__limit_k-250__payload_repeat-16__payload_width-512/input/query_bindings.json,eu-analytics-1,20260702T015321Z,1782957212.113431,1782957213.450345,0,7,mixed_cache_first_observed,,"{""limit_k"":""250"",""lookback_days"":""1"",""min_value"":""500"",""payload_repeat"":""16"",""payload_width"":""512""}",{},,,,{},,,,,pilot-region-imbalanced-v1,calibration,dataset_region_asymmetry,remote_fetch_heavy,pilot,"{""fetch_size"":""high"",""wan_latency"":""high"",""work_mem"":""none""}",1.336915,9.0,0.0,1.0,0.0,0.0,300,,2,2,0,1.0,2,0,2,2,2,19982.0,180623.0,100302.5,1.8007826325365768,799744.0,7225344.0,4012544.0,1.800689039173153,32.0,32.0,32.0,1.0,true,71.237,324.152,197.6945,25.26,32.0,2.0,2.0,4.0,2.0,64.0,64.0,false,95.0,6673.0,95.0,6673.0,,,false,false,false,false,false,false,false,,,,,2,"{""Seq Scan"":64}","{""seq_scan"":64}",0.0,[],2,2,0,2,1,2,0,0,0,0.0,0,2,2,0,1,1,0,0,2,31.766429136975454,25.26,31.766429136975454,14.7,0.0,2382.0,8023544.0,0.8141042147784452,0.03330996876193363,fdw_pushdown_fidelity_v1,4,available,"local_filter_after_remote,sort_not_pushdowned,limit_not_pushdowned,projection_width_expansion",0.017006802721088437,0.9829931972789115,,
20260702T014851Z-clean-run-eu-us-gac-region-asymmetry-v1__pilot-region-imbalanced-v1__default__analytics_clients,pilot-region-imbalanced-v1,default,clean-run-eu-us-gac-region-asymmetry-v1,asymmetry_mr_daily_tenant_rollup__dataset-pilot-region-imbalanced-v1__runtime-default,daily_tenant_rollup,multiregion_union,20260702T015102Z-clean-run-eu-us-gac-region-asymmetry-v1__pilot-region-imbalanced-v1__default__analytics_clients__pilot-region-imbalanced-v1__default,20260702T015339Z-clean-run-eu-us-gac-region-asymmetry--079a967ee66a--nt_rollup__lookback_days-1__min_value-0__limit_k-50,asymmetry_mr_daily_tenant_rollup__dataset-pilot-region-imbalanced-v1__runtime-default__gac_fdw_multiregion_daily_tenant_rollup__lookback_days-1__min_value-0__limit_k-50,gac_fdw_multiregion_daily_tenant_rollup,completed,False,0,0,disabled,false,bd2869d4baf6a1b37f3bc14e1f26b15ced24803fb049e074025947925c37329f,4dfc016553821f6e18e4d37b8465f35c09148b5d62983752a80a3b6c6fbccad6,0914b69a9ec4adcafd4187e94889f978fc7828e5e70ba0b441e3875f45330c49,4b9e979d036487319f68f1c2218c96d32904481217941d09b2b7e8d6e9a03873,"[{""fdw_region"":""eu"",""plan_fingerprint"":""b0d4753d68dc2d09c2ea6152fe3ab2532151574e17e3e8fd24914adb95487e18"",""remote_sql_id"":""auto_explain_eu_009""},{""fdw_region"":""us"",""plan_fingerprint"":""b0d4753d68dc2d09c2ea6152fe3ab2532151574e17e3e8fd24914adb95487e18"",""remote_sql_id"":""auto_explain_us_001""}]","{""limit_k"":50,""lookback_days"":1,""min_value"":0}","fdw_union_all,remote_aggregate_candidate,coordinator_fanin,daily_group_by",query-collections/20260702T015339Z-clean-run-eu-us-gac-region-asymmetry--079a967ee66a--nt_rollup__lookback_days-1__min_value-0__limit_k-50,master-regimes/generated/corpus/region-asymmetry-companion-v1/groups/clean-run-eu-us-gac-region-asymmetry-v1__pilot-region-imbalanced-v1__default__analytics_clients/queries/asymmetry_mr_daily_tenant_rollup__dataset-pilot-region-imbalanced-v1__runtime-default__gac_fdw_multiregion_daily_tenant_rollup__lookback_days-1__min_value-0__limit_k-50.sql,query-collections/20260702T015339Z-clean-run-eu-us-gac-region-asymmetry--079a967ee66a--nt_rollup__lookback_days-1__min_value-0__limit_k-50/input/query.sql,query-collections/20260702T015339Z-clean-run-eu-us-gac-region-asymmetry--079a967ee66a--nt_rollup__lookback_days-1__min_value-0__limit_k-50/input/query_bindings.json,eu-analytics-1,20260702T015339Z,1782957228.366304,1782957230.742674,0,8,mixed_cache_first_observed,,"{""limit_k"":""50"",""lookback_days"":""1"",""min_value"":""0""}",{},,,,{},,,,,pilot-region-imbalanced-v1,calibration,dataset_region_asymmetry,"gac_finalization_heavy,skew_imbalance",pilot,"{""fetch_size"":""high"",""wan_latency"":""high"",""work_mem"":""high""}",2.376371,12.0,0.0,1.0,0.0,0.0,300,,2,2,0,1.0,2,0,2,2,2,40000.0,360000.0,200000.0,1.8,960512.0,8640512.0,4800512.0,1.799914675767918,32.0,32.0,32.0,1.0,true,90.664,503.748,297.206,84.42666666666666,32.0,2.0,2.0,4.0,2.0,64.0,64.0,false,200.0,13400.0,200.0,13400.0,,,false,false,false,false,false,false,false,,,,,2,"{""Seq Scan"":64}","{""seq_scan"":64}",0.0,[],2,2,0,2,1,2,0,0,0,0.0,2,2,2,1,1,1,0,0,2,31.585596967782692,253.28,31.585596967782692,1.0,0.0,3340.0,9600448.0,0.8125892939319331,0.03349177038404874,fdw_pushdown_fidelity_v1,5,available,"local_filter_after_remote,aggregate_not_pushdowned,sort_not_pushdowned,limit_not_pushdowned",0.2,0.8,,
20260702T014851Z-clean-run-eu-us-gac-region-asymmetry-v1__pilot-region-imbalanced-v1__default__analytics_clients,pilot-region-imbalanced-v1,default,clean-run-eu-us-gac-region-asymmetry-v1,asymmetry_mr_raw_region_rollup__dataset-pilot-region-imbalanced-v1__runtime-default,event_full_scan_summary,multiregion_union,20260702T015102Z-clean-run-eu-us-gac-region-asymmetry-v1__pilot-region-imbalanced-v1__default__analytics_clients__pilot-region-imbalanced-v1__default,20260702T015358Z-clean-run-eu-us-gac-region-asymmetry--30a71d69b7f1--_fdw_multiregion_raw_region_rollup__lookback_days-1,asymmetry_mr_raw_region_rollup__dataset-pilot-region-imbalanced-v1__runtime-default__gac_fdw_multiregion_raw_region_rollup__lookback_days-1,gac_fdw_multiregion_raw_region_rollup,completed,False,0,0,disabled,false,6ea964648de3595bee23ace2b070299f662fb662ad951c686b0177387ba2c6d5,61ca3a57af402690201cddcb631abeeeb18e0593179037932c783ef4cb6fa8c8,9f995e231cca461edd4d9c705c93b1b27701f5257549113cbe94b92f90c6ca85,4b9e979d036487319f68f1c2218c96d32904481217941d09b2b7e8d6e9a03873,"[{""fdw_region"":""eu"",""plan_fingerprint"":""b0d4753d68dc2d09c2ea6152fe3ab2532151574e17e3e8fd24914adb95487e18"",""remote_sql_id"":""auto_explain_eu_009""},{""fdw_region"":""us"",""plan_fingerprint"":""b0d4753d68dc2d09c2ea6152fe3ab2532151574e17e3e8fd24914adb95487e18"",""remote_sql_id"":""auto_explain_us_001""}]","{""lookback_days"":1}","fdw_union_all,fdw_remote_scan,raw_row_fetch,gac_global_group_by,non_distribution_filter",query-collections/20260702T015358Z-clean-run-eu-us-gac-region-asymmetry--30a71d69b7f1--_fdw_multiregion_raw_region_rollup__lookback_days-1,master-regimes/generated/corpus/region-asymmetry-companion-v1/groups/clean-run-eu-us-gac-region-asymmetry-v1__pilot-region-imbalanced-v1__default__analytics_clients/queries/asymmetry_mr_raw_region_rollup__dataset-pilot-region-imbalanced-v1__runtime-default__gac_fdw_multiregion_raw_region_rollup__lookback_days-1.sql,query-collections/20260702T015358Z-clean-run-eu-us-gac-region-asymmetry--30a71d69b7f1--_fdw_multiregion_raw_region_rollup__lookback_days-1/input/query.sql,query-collections/20260702T015358Z-clean-run-eu-us-gac-region-asymmetry--30a71d69b7f1--_fdw_multiregion_raw_region_rollup__lookback_days-1/input/query_bindings.json,eu-analytics-1,20260702T015358Z,1782957248.447248,1782957250.782391,0,9,mixed_cache_first_observed,,"{""lookback_days"":""1""}",{},,,,{},,,,,pilot-region-imbalanced-v1,calibration,dataset_region_asymmetry,"remote_fetch_heavy,skew_imbalance",pilot,"{""fetch_size"":""high"",""wan_latency"":""high"",""work_mem"":""high""}",2.335145,3.0,0.0,1.0,0.0,0.0,300,,2,2,0,1.0,2,0,2,2,2,40000.0,360000.0,200000.0,1.8,640000.0,5760000.0,3200000.0,1.8,32.0,32.0,32.0,1.0,true,89.643,489.796,289.7195,5275.416666666667,32.0,2.0,2.0,4.0,2.0,64.0,64.0,false,200.0,13400.0,200.0,13400.0,,,false,false,false,false,false,false,false,,,,,2,"{""Seq Scan"":64}","{""seq_scan"":64}",0.0,[],2,2,0,2,1,0,0,0,0,0.0,2,2,0,1,1,0,0,0,2,31.593081115235762,6330.5,31.593081115235762,2.5,0.0,2638.0,6407168.0,0.8112997746444989,0.03340258910020777,fdw_pushdown_fidelity_v1,4,available,"local_filter_after_remote,aggregate_not_pushdowned,sort_not_pushdowned,projection_width_expansion",0.1,0.9,,
20260702T014851Z-clean-run-eu-us-gac-region-asymmetry-v1__pilot-region-imbalanced-v1__default__analytics_clients,pilot-region-imbalanced-v1,default,clean-run-eu-us-gac-region-asymmetry-v1,asymmetry_mr_event_filter_summary__dataset-pilot-region-imbalanced-v1__runtime-default,event_filter_summary,multiregion_union,20260702T015102Z-clean-run-eu-us-gac-region-asymmetry-v1__pilot-region-imbalanced-v1__default__analytics_clients__pilot-region-imbalanced-v1__default,20260702T015416Z-clean-run-eu-us-gac-region-asymmetry--fa349b98c441--_event_filter_summary__lookback_days-7__min_value-0,asymmetry_mr_event_filter_summary__dataset-pilot-region-imbalanced-v1__runtime-default__gac_fdw_multiregion_event_filter_summary__lookback_days-7__min_value-0,gac_fdw_multiregion_event_filter_summary,completed,False,0,0,disabled,false,bbe7abed7ec3fa20d9b0211e15005ac4028b7410ffe8507f3df23c0161777d45,486589f9994f1b4d69b7b2243d4a7a900817948ca37bf10a8f0f3fa68e51fd77,8b2261d3fb2d47cecc5dbf1f4d6cf256fa8eb686e3f77b3778f69660e9f872d2,61760961cb6a8ad5378a93a82ba102b5edabb89898cd7adb04c5b97572d95b78,"[{""fdw_region"":""eu"",""plan_fingerprint"":""b0d4753d68dc2d09c2ea6152fe3ab2532151574e17e3e8fd24914adb95487e18"",""remote_sql_id"":""auto_explain_eu_011""},{""fdw_region"":""us"",""plan_fingerprint"":""b0d4753d68dc2d09c2ea6152fe3ab2532151574e17e3e8fd24914adb95487e18"",""remote_sql_id"":""auto_explain_us_001""}]","{""lookback_days"":7,""min_value"":0}","fdw_union_all,selective_filter,remote_pushdown_candidate",query-collections/20260702T015416Z-clean-run-eu-us-gac-region-asymmetry--fa349b98c441--_event_filter_summary__lookback_days-7__min_value-0,master-regimes/generated/corpus/region-asymmetry-companion-v1/groups/clean-run-eu-us-gac-region-asymmetry-v1__pilot-region-imbalanced-v1__default__analytics_clients/queries/asymmetry_mr_event_filter_summary__dataset-pilot-region-imbalanced-v1__runtime-default__gac_fdw_multiregion_event_filter_summary__lookback_days-7__min_value-0.sql,query-collections/20260702T015416Z-clean-run-eu-us-gac-region-asymmetry--fa349b98c441--_event_filter_summary__lookback_days-7__min_value-0/input/query.sql,query-collections/20260702T015416Z-clean-run-eu-us-gac-region-asymmetry--fa349b98c441--_event_filter_summary__lookback_days-7__min_value-0/input/query_bindings.json,eu-analytics-1,20260702T015416Z,1782957266.512345,1782957268.785532,0,10,mixed_cache_first_observed,,"{""lookback_days"":""7"",""min_value"":""0""}",{},,,,{},,,,,pilot-region-imbalanced-v1,calibration,dataset_region_asymmetry,well_reduced_localized,pilot,"{""fetch_size"":""low"",""wan_latency"":""low"",""work_mem"":""none""}",2.273189,0.0,0.0,,0.0,0.0,300,,2,2,0,1.0,2,0,2,2,2,40000.0,360000.0,200000.0,1.8,640000.0,5760000.0,3200000.0,1.8,32.0,32.0,32.0,1.0,true,78.934,476.507,277.7205,19957.777777777777,32.0,2.0,2.0,4.0,2.0,64.0,64.0,false,200.0,13400.0,200.0,13400.0,,,false,false,false,false,false,false,false,,,,,2,"{""Seq Scan"":64}","{""seq_scan"":64}",0.0,[],2,2,0,2,1,2,0,0,0,0.0,2,0,0,1,0,0,0,0,2,4.453847010355195,89810.0,4.453847010355195,1.0,0.0,2638.0,6407168.0,0.8112997746444989,0.03340258910020777,fdw_pushdown_fidelity_v1,3,available,"local_filter_after_remote,aggregate_not_pushdowned",0.3333333333333333,0.6666666666666667,,
20260702T014851Z-clean-run-eu-us-gac-region-asymmetry-v1__pilot-region-imbalanced-v1__default__analytics_clients,pilot-region-imbalanced-v1,default,clean-run-eu-us-gac-region-asymmetry-v1,asymmetry_mr_top_tenants__dataset-pilot-region-imbalanced-v1__runtime-default,top_tenants,multiregion_union,20260702T015102Z-clean-run-eu-us-gac-region-asymmetry-v1__pilot-region-imbalanced-v1__default__analytics_clients__pilot-region-imbalanced-v1__default,20260702T015434Z-clean-run-eu-us-gac-region-asymmetry--6e2946b618af--ultiregion_top_tenants__lookback_days-1__limit_k-25,asymmetry_mr_top_tenants__dataset-pilot-region-imbalanced-v1__runtime-default__gac_fdw_multiregion_top_tenants__lookback_days-1__limit_k-25,gac_fdw_multiregion_top_tenants,completed,False,0,0,disabled,false,70e6dab484eae0f8fbcd7f56f3e84645ebf75780bf99e758a424ce04fa47a7dd,ee0a099e2544cbc4ca02649c01204bd4943e76062b5d39309218d9eed6ae066c,db7b1445edd01dc5de99e55396ff6825c5a8f8f836694c3cd0ca60172fb40af8,4b9e979d036487319f68f1c2218c96d32904481217941d09b2b7e8d6e9a03873,"[{""fdw_region"":""eu"",""plan_fingerprint"":""b0d4753d68dc2d09c2ea6152fe3ab2532151574e17e3e8fd24914adb95487e18"",""remote_sql_id"":""auto_explain_eu_009""},{""fdw_region"":""us"",""plan_fingerprint"":""b0d4753d68dc2d09c2ea6152fe3ab2532151574e17e3e8fd24914adb95487e18"",""remote_sql_id"":""auto_explain_us_001""}]","{""limit_k"":25,""lookback_days"":1}","fdw_union_all,topk,final_ordering,coordinator_fanin",query-collections/20260702T015434Z-clean-run-eu-us-gac-region-asymmetry--6e2946b618af--ultiregion_top_tenants__lookback_days-1__limit_k-25,master-regimes/generated/corpus/region-asymmetry-companion-v1/groups/clean-run-eu-us-gac-region-asymmetry-v1__pilot-region-imbalanced-v1__default__analytics_clients/queries/asymmetry_mr_top_tenants__dataset-pilot-region-imbalanced-v1__runtime-default__gac_fdw_multiregion_top_tenants__lookback_days-1__limit_k-25.sql,query-collections/20260702T015434Z-clean-run-eu-us-gac-region-asymmetry--6e2946b618af--ultiregion_top_tenants__lookback_days-1__limit_k-25/input/query.sql,query-collections/20260702T015434Z-clean-run-eu-us-gac-region-asymmetry--6e2946b618af--ultiregion_top_tenants__lookback_days-1__limit_k-25/input/query_bindings.json,eu-analytics-1,20260702T015434Z,1782957283.830785,1782957286.150282,0,11,mixed_cache_first_observed,,"{""limit_k"":""25"",""lookback_days"":""1""}",{},,,,{},,,,,pilot-region-imbalanced-v1,calibration,dataset_region_asymmetry,"remote_fetch_heavy,gac_finalization_heavy,skew_imbalance",pilot,"{""fetch_size"":""high"",""wan_latency"":""high"",""work_mem"":""high""}",2.319498,9.0,0.0,1.0,0.0,0.0,300,,2,2,0,1.0,2,0,2,2,2,40000.0,360000.0,200000.0,1.8,960512.0,8640512.0,4800512.0,1.799914675767918,32.0,32.0,32.0,1.0,true,91.219,514.447,302.83299999999997,189.84,32.0,2.0,2.0,4.0,2.0,64.0,64.0,false,200.0,13400.0,200.0,13400.0,,,false,false,false,false,false,false,false,,,,,2,"{""Seq Scan"":64}","{""seq_scan"":64}",0.0,[],2,2,0,2,1,0,0,0,0,0.0,2,2,2,1,1,1,0,0,2,31.605562579013906,506.24,31.605562579013906,1.0,0.0,3340.0,9600448.0,0.8125892939319331,0.03349177038404874,fdw_pushdown_fidelity_v1,5,available,"local_filter_after_remote,aggregate_not_pushdowned,sort_not_pushdowned,limit_not_pushdowned",0.2,0.8,,
20260702T014851Z-clean-run-eu-us-gac-region-asymmetry-v1__pilot-region-imbalanced-v1__default__analytics_clients,pilot-region-imbalanced-v1,default,clean-run-eu-us-gac-region-asymmetry-v1,asymmetry_mr_top_tenants__dataset-pilot-region-imbalanced-v1__runtime-default,top_tenants,multiregion_union,20260702T015102Z-clean-run-eu-us-gac-region-asymmetry-v1__pilot-region-imbalanced-v1__default__analytics_clients__pilot-region-imbalanced-v1__default,20260702T015451Z-clean-run-eu-us-gac-region-asymmetry--7671648e5c9b--ultiregion_top_tenants__lookback_days-1__limit_k-50,asymmetry_mr_top_tenants__dataset-pilot-region-imbalanced-v1__runtime-default__gac_fdw_multiregion_top_tenants__lookback_days-1__limit_k-50,gac_fdw_multiregion_top_tenants,completed,False,0,0,disabled,false,70e6dab484eae0f8fbcd7f56f3e84645ebf75780bf99e758a424ce04fa47a7dd,29818923005faafa0c52f6f0dd04f9b07f0e41a8dde50e92bfeb43cf04930532,db7b1445edd01dc5de99e55396ff6825c5a8f8f836694c3cd0ca60172fb40af8,89a9193672c6c2fc3f71ceae23d698f0b07700561e866302fb4cea3194b358dc,"[{""fdw_region"":""eu"",""plan_fingerprint"":""b0d4753d68dc2d09c2ea6152fe3ab2532151574e17e3e8fd24914adb95487e18"",""remote_sql_id"":""auto_explain_eu_011""},{""fdw_region"":""us"",""plan_fingerprint"":""b0d4753d68dc2d09c2ea6152fe3ab2532151574e17e3e8fd24914adb95487e18"",""remote_sql_id"":""auto_explain_us_003""}]","{""limit_k"":50,""lookback_days"":1}","fdw_union_all,topk,final_ordering,coordinator_fanin",query-collections/20260702T015451Z-clean-run-eu-us-gac-region-asymmetry--7671648e5c9b--ultiregion_top_tenants__lookback_days-1__limit_k-50,master-regimes/generated/corpus/region-asymmetry-companion-v1/groups/clean-run-eu-us-gac-region-asymmetry-v1__pilot-region-imbalanced-v1__default__analytics_clients/queries/asymmetry_mr_top_tenants__dataset-pilot-region-imbalanced-v1__runtime-default__gac_fdw_multiregion_top_tenants__lookback_days-1__limit_k-50.sql,query-collections/20260702T015451Z-clean-run-eu-us-gac-region-asymmetry--7671648e5c9b--ultiregion_top_tenants__lookback_days-1__limit_k-50/input/query.sql,query-collections/20260702T015451Z-clean-run-eu-us-gac-region-asymmetry--7671648e5c9b--ultiregion_top_tenants__lookback_days-1__limit_k-50/input/query_bindings.json,eu-analytics-1,20260702T015451Z,1782957300.420079,1782957303.646980,0,12,mixed_cache_first_observed,,"{""limit_k"":""50"",""lookback_days"":""1""}",{},,,,{},,,,,pilot-region-imbalanced-v1,calibration,dataset_region_asymmetry,"remote_fetch_heavy,gac_finalization_heavy,skew_imbalance",pilot,"{""fetch_size"":""high"",""wan_latency"":""high"",""work_mem"":""high""}",3.226902,9.0,0.0,1.0,0.0,0.0,300,,2,2,0,1.0,2,0,2,2,2,40000.0,360000.0,200000.0,1.8,960512.0,8640512.0,4800512.0,1.799914675767918,32.0,32.0,32.0,1.0,true,143.023,463.305,303.164,94.8975,32.0,2.0,2.0,4.0,2.0,64.0,64.0,false,200.0,13400.0,200.0,13400.0,,,false,false,false,false,false,false,false,,,,,2,"{""Seq Scan"":64}","{""seq_scan"":64}",0.0,[],2,2,0,2,1,0,0,0,0,0.0,2,2,2,1,1,1,0,0,2,31.61305619220738,253.06,31.61305619220738,1.0,0.0,3340.0,9600448.0,0.8125892939319331,0.03349177038404874,fdw_pushdown_fidelity_v1,5,available,"local_filter_after_remote,aggregate_not_pushdowned,sort_not_pushdowned,limit_not_pushdowned",0.2,0.8,,
20260702T014851Z-clean-run-eu-us-gac-region-asymmetry-v1__pilot-region-imbalanced-v1__default__analytics_clients,pilot-region-imbalanced-v1,default,clean-run-eu-us-gac-region-asymmetry-v1,asymmetry_mr_global_user_join__dataset-pilot-region-imbalanced-v1__runtime-default,global_user_topk,multiregion_union,20260702T015102Z-clean-run-eu-us-gac-region-asymmetry-v1__pilot-region-imbalanced-v1__default__analytics_clients__pilot-region-imbalanced-v1__default,20260702T015509Z-clean-run-eu-us-gac-region-asymmetry--2172348787f9--egion_global_user_join__lookback_days-7__limit_k-25,asymmetry_mr_global_user_join__dataset-pilot-region-imbalanced-v1__runtime-default__gac_fdw_multiregion_global_user_join__lookback_days-7__limit_k-25,gac_fdw_multiregion_global_user_join,completed,False,0,0,disabled,false,a77ebdf1bca778e3be6bccf75904bd282be19ff442406f429dbf9364d5c193c7,5af4590f9db97278048a2ae101dadd7dbbaa89cd04dfe9b74320fb93414f669c,5f95d7d45ef0ac2b5b3fa855af821e6ac14bdcdcec6284b972d0e640c5aad5f1,692c32de6d518b2bb2702f26b3521578ac2de48cfe56104ccdd1115958376b73,"[{""fdw_region"":""eu"",""plan_fingerprint"":""b0d4753d68dc2d09c2ea6152fe3ab2532151574e17e3e8fd24914adb95487e18"",""remote_sql_id"":""auto_explain_eu_015""},{""fdw_region"":""eu"",""plan_fingerprint"":""b0d4753d68dc2d09c2ea6152fe3ab2532151574e17e3e8fd24914adb95487e18"",""remote_sql_id"":""auto_explain_eu_016""},{""fdw_region"":""us"",""plan_fingerprint"":""b0d4753d68dc2d09c2ea6152fe3ab2532151574e17e3e8fd24914adb95487e18"",""remote_sql_id"":""auto_explain_us_001""},{""fdw_region"":""us"",""plan_fingerprint"":""b0d4753d68dc2d09c2ea6152fe3ab2532151574e17e3e8fd24914adb95487e18"",""remote_sql_id"":""auto_explain_us_002""}]","{""limit_k"":25,""lookback_days"":7}","fdw_remote_join,non_colocated_join,fdw_union_all,topk",query-collections/20260702T015509Z-clean-run-eu-us-gac-region-asymmetry--2172348787f9--egion_global_user_join__lookback_days-7__limit_k-25,master-regimes/generated/corpus/region-asymmetry-companion-v1/groups/clean-run-eu-us-gac-region-asymmetry-v1__pilot-region-imbalanced-v1__default__analytics_clients/queries/asymmetry_mr_global_user_join__dataset-pilot-region-imbalanced-v1__runtime-default__gac_fdw_multiregion_global_user_join__lookback_days-7__limit_k-25.sql,query-collections/20260702T015509Z-clean-run-eu-us-gac-region-asymmetry--2172348787f9--egion_global_user_join__lookback_days-7__limit_k-25/input/query.sql,query-collections/20260702T015509Z-clean-run-eu-us-gac-region-asymmetry--2172348787f9--egion_global_user_join__lookback_days-7__limit_k-25/input/query_bindings.json,eu-analytics-1,20260702T015509Z,1782957318.242195,1782957322.539377,0,13,mixed_cache_first_observed,,"{""limit_k"":""25"",""lookback_days"":""7""}",{},,,,{},,,,,pilot-region-imbalanced-v1,calibration,dataset_region_asymmetry,"join_movement,gac_finalization_heavy,skew_imbalance",pilot,"{""fetch_size"":""high"",""wan_latency"":""high"",""work_mem"":""high""}",4.297184,6.0,0.0,1.0,3172.0,3015.0,300,,2,2,0,1.0,4,0,2,2,2,60000.0,540000.0,300000.0,1.8,1912832.0,17227776.0,9570304.0,1.8001283971752622,64.0,64.0,64.0,1.0,true,119.16999999999999,1035.366,577.268,7751.025252525253,32.0,2.0,2.0,4.0,2.0,64.0,64.0,false,0.0,13400.0,0.0,13400.0,,,false,false,false,false,false,false,false,,,,,2,"{""Seq Scan"":128}","{""seq_scan"":128}",0.0,[],4,2,0,2,1,0,0,0,0,0.0,4,4,4,1,1,1,0,0,4,2.0703790864107217,16100.111111111111,2.0703790864107217,0.9444444444444444,59955.0,6182.0,19133384.0,0.9746008490981084,0.02242447023485234,fdw_pushdown_fidelity_v1,5,available,"local_filter_after_remote,aggregate_not_pushdowned,sort_not_pushdowned,limit_not_pushdowned",0.2,0.8,,
20260702T014851Z-clean-run-eu-us-gac-region-asymmetry-v1__pilot-region-imbalanced-v1__default__analytics_clients,pilot-region-imbalanced-v1,default,clean-run-eu-us-gac-region-asymmetry-v1,asymmetry_mr_event_filter_summary__dataset-pilot-region-imbalanced-v1__runtime-default,event_filter_summary,multiregion_union,20260702T015102Z-clean-run-eu-us-gac-region-asymmetry-v1__pilot-region-imbalanced-v1__default__analytics_clients__pilot-region-imbalanced-v1__default,20260702T015528Z-clean-run-eu-us-gac-region-asymmetry--47a7a207bfd3--vent_filter_summary__lookback_days-1__min_value-500,asymmetry_mr_event_filter_summary__dataset-pilot-region-imbalanced-v1__runtime-default__gac_fdw_multiregion_event_filter_summary__lookback_days-1__min_value-500,gac_fdw_multiregion_event_filter_summary,completed,False,0,0,disabled,false,bbe7abed7ec3fa20d9b0211e15005ac4028b7410ffe8507f3df23c0161777d45,69cc3220f842fdfa6fc4d442e09acc070c63cce2d631695d5a4c22b19fb13842,8b2261d3fb2d47cecc5dbf1f4d6cf256fa8eb686e3f77b3778f69660e9f872d2,4b9e979d036487319f68f1c2218c96d32904481217941d09b2b7e8d6e9a03873,"[{""fdw_region"":""eu"",""plan_fingerprint"":""b0d4753d68dc2d09c2ea6152fe3ab2532151574e17e3e8fd24914adb95487e18"",""remote_sql_id"":""auto_explain_eu_009""},{""fdw_region"":""us"",""plan_fingerprint"":""b0d4753d68dc2d09c2ea6152fe3ab2532151574e17e3e8fd24914adb95487e18"",""remote_sql_id"":""auto_explain_us_001""}]","{""lookback_days"":1,""min_value"":500}","fdw_union_all,selective_filter,remote_pushdown_candidate",query-collections/20260702T015528Z-clean-run-eu-us-gac-region-asymmetry--47a7a207bfd3--vent_filter_summary__lookback_days-1__min_value-500,master-regimes/generated/corpus/region-asymmetry-companion-v1/groups/clean-run-eu-us-gac-region-asymmetry-v1__pilot-region-imbalanced-v1__default__analytics_clients/queries/asymmetry_mr_event_filter_summary__dataset-pilot-region-imbalanced-v1__runtime-default__gac_fdw_multiregion_event_filter_summary__lookback_days-1__min_value-500.sql,query-collections/20260702T015528Z-clean-run-eu-us-gac-region-asymmetry--47a7a207bfd3--vent_filter_summary__lookback_days-1__min_value-500/input/query.sql,query-collections/20260702T015528Z-clean-run-eu-us-gac-region-asymmetry--47a7a207bfd3--vent_filter_summary__lookback_days-1__min_value-500/input/query_bindings.json,eu-analytics-1,20260702T015528Z,1782957337.501433,1782957338.706067,0,14,mixed_cache_first_observed,,"{""lookback_days"":""1"",""min_value"":""500""}",{},,,,{},,,,,pilot-region-imbalanced-v1,calibration,dataset_region_asymmetry,well_reduced_localized,pilot,"{""fetch_size"":""low"",""wan_latency"":""low"",""work_mem"":""none""}",1.204634,0.0,0.0,,0.0,0.0,300,,2,2,0,1.0,2,0,2,2,2,19982.0,180623.0,100302.5,1.8007826325365768,319488.0,2889728.0,1604608.0,1.8008934269304404,32.0,32.0,32.0,1.0,true,74.826,273.719,174.27249999999998,1400.888888888889,32.0,2.0,2.0,4.0,2.0,64.0,64.0,false,95.0,6673.0,95.0,6673.0,,,false,false,false,false,false,false,false,,,,,2,"{""Seq Scan"":64}","{""seq_scan"":64}",0.0,[],2,2,0,2,1,2,0,0,0,0.0,2,0,0,1,0,0,0,0,2,31.82185913705584,6304.0,31.82185913705584,1.0,0.0,1324.0,3208880.0,0.81305507771997,0.03318790356759991,fdw_pushdown_fidelity_v1,3,available,"local_filter_after_remote,aggregate_not_pushdowned",0.3333333333333333,0.6666666666666667,,
20260702T014851Z-clean-run-eu-us-gac-region-asymmetry-v1__pilot-region-imbalanced-v1__default__analytics_clients,pilot-region-imbalanced-v1,default,clean-run-eu-us-gac-region-asymmetry-v1,asymmetry_mr_top_tenants__dataset-pilot-region-imbalanced-v1__runtime-default,top_tenants,multiregion_union,20260702T015102Z-clean-run-eu-us-gac-region-asymmetry-v1__pilot-region-imbalanced-v1__default__analytics_clients__pilot-region-imbalanced-v1__default,20260702T015543Z-clean-run-eu-us-gac-region-asymmetry--f087fe22f99d--ultiregion_top_tenants__lookback_days-7__limit_k-50,asymmetry_mr_top_tenants__dataset-pilot-region-imbalanced-v1__runtime-default__gac_fdw_multiregion_top_tenants__lookback_days-7__limit_k-50,gac_fdw_multiregion_top_tenants,completed,False,0,0,disabled,false,70e6dab484eae0f8fbcd7f56f3e84645ebf75780bf99e758a424ce04fa47a7dd,8d6c0320860e6efb9c49d46d5398f3b7e1318b4f4c0dd467225404921caab657,db7b1445edd01dc5de99e55396ff6825c5a8f8f836694c3cd0ca60172fb40af8,4b9e979d036487319f68f1c2218c96d32904481217941d09b2b7e8d6e9a03873,"[{""fdw_region"":""eu"",""plan_fingerprint"":""b0d4753d68dc2d09c2ea6152fe3ab2532151574e17e3e8fd24914adb95487e18"",""remote_sql_id"":""auto_explain_eu_009""},{""fdw_region"":""us"",""plan_fingerprint"":""b0d4753d68dc2d09c2ea6152fe3ab2532151574e17e3e8fd24914adb95487e18"",""remote_sql_id"":""auto_explain_us_001""}]","{""limit_k"":50,""lookback_days"":7}","fdw_union_all,topk,final_ordering,coordinator_fanin",query-collections/20260702T015543Z-clean-run-eu-us-gac-region-asymmetry--f087fe22f99d--ultiregion_top_tenants__lookback_days-7__limit_k-50,master-regimes/generated/corpus/region-asymmetry-companion-v1/groups/clean-run-eu-us-gac-region-asymmetry-v1__pilot-region-imbalanced-v1__default__analytics_clients/queries/asymmetry_mr_top_tenants__dataset-pilot-region-imbalanced-v1__runtime-default__gac_fdw_multiregion_top_tenants__lookback_days-7__limit_k-50.sql,query-collections/20260702T015543Z-clean-run-eu-us-gac-region-asymmetry--f087fe22f99d--ultiregion_top_tenants__lookback_days-7__limit_k-50/input/query.sql,query-collections/20260702T015543Z-clean-run-eu-us-gac-region-asymmetry--f087fe22f99d--ultiregion_top_tenants__lookback_days-7__limit_k-50/input/query_bindings.json,eu-analytics-1,20260702T015543Z,1782957352.668411,1782957355.118418,0,15,mixed_cache_first_observed,,"{""limit_k"":""50"",""lookback_days"":""7""}",{},,,,{},,,,,pilot-region-imbalanced-v1,calibration,dataset_region_asymmetry,"remote_fetch_heavy,gac_finalization_heavy,skew_imbalance",pilot,"{""fetch_size"":""high"",""wan_latency"":""high"",""work_mem"":""high""}",2.450007,9.0,0.0,1.0,0.0,0.0,300,,2,2,0,1.0,2,0,2,2,2,40000.0,360000.0,200000.0,1.8,960512.0,8640512.0,4800512.0,1.799914675767918,32.0,32.0,32.0,1.0,true,93.91,511.985,302.9475,673.485,32.0,2.0,2.0,4.0,2.0,64.0,64.0,false,200.0,13400.0,200.0,13400.0,,,false,false,false,false,false,false,false,,,,,2,"{""Seq Scan"":64}","{""seq_scan"":64}",0.0,[],2,2,0,2,1,0,0,0,0,0.0,2,2,2,1,1,1,0,0,2,4.4544421924764475,1795.96,4.4544421924764475,1.0,0.0,3340.0,9600448.0,0.8125892939319331,0.03349177038404874,fdw_pushdown_fidelity_v1,5,available,"local_filter_after_remote,aggregate_not_pushdowned,sort_not_pushdowned,limit_not_pushdowned",0.2,0.8,,
20260702T014851Z-clean-run-eu-us-gac-region-asymmetry-v1__pilot-region-imbalanced-v1__default__analytics_clients,pilot-region-imbalanced-v1,default,clean-run-eu-us-gac-region-asymmetry-v1,asymmetry_mr_daily_tenant_rollup__dataset-pilot-region-imbalanced-v1__runtime-default,daily_tenant_rollup,multiregion_union,20260702T015102Z-clean-run-eu-us-gac-region-asymmetry-v1__pilot-region-imbalanced-v1__default__analytics_clients__pilot-region-imbalanced-v1__default,20260702T015600Z-clean-run-eu-us-gac-region-asymmetry--718f3eaa6f8f--t_rollup__lookback_days-14__min_value-0__limit_k-50,asymmetry_mr_daily_tenant_rollup__dataset-pilot-region-imbalanced-v1__runtime-default__gac_fdw_multiregion_daily_tenant_rollup__lookback_days-14__min_value-0__limit_k-50,gac_fdw_multiregion_daily_tenant_rollup,completed,False,0,0,disabled,false,bd2869d4baf6a1b37f3bc14e1f26b15ced24803fb049e074025947925c37329f,212c329f7e5881ef4344f2dd8b36e69c4e42d94ccc619e766c4c3b1bec0b6f57,0914b69a9ec4adcafd4187e94889f978fc7828e5e70ba0b441e3875f45330c49,61760961cb6a8ad5378a93a82ba102b5edabb89898cd7adb04c5b97572d95b78,"[{""fdw_region"":""eu"",""plan_fingerprint"":""b0d4753d68dc2d09c2ea6152fe3ab2532151574e17e3e8fd24914adb95487e18"",""remote_sql_id"":""auto_explain_eu_011""},{""fdw_region"":""us"",""plan_fingerprint"":""b0d4753d68dc2d09c2ea6152fe3ab2532151574e17e3e8fd24914adb95487e18"",""remote_sql_id"":""auto_explain_us_001""}]","{""limit_k"":50,""lookback_days"":14,""min_value"":0}","fdw_union_all,remote_aggregate_candidate,coordinator_fanin,daily_group_by",query-collections/20260702T015600Z-clean-run-eu-us-gac-region-asymmetry--718f3eaa6f8f--t_rollup__lookback_days-14__min_value-0__limit_k-50,master-regimes/generated/corpus/region-asymmetry-companion-v1/groups/clean-run-eu-us-gac-region-asymmetry-v1__pilot-region-imbalanced-v1__default__analytics_clients/queries/asymmetry_mr_daily_tenant_rollup__dataset-pilot-region-imbalanced-v1__runtime-default__gac_fdw_multiregion_daily_tenant_rollup__lookback_days-14__min_value-0__limit_k-50.sql,query-collections/20260702T015600Z-clean-run-eu-us-gac-region-asymmetry--718f3eaa6f8f--t_rollup__lookback_days-14__min_value-0__limit_k-50/input/query.sql,query-collections/20260702T015600Z-clean-run-eu-us-gac-region-asymmetry--718f3eaa6f8f--t_rollup__lookback_days-14__min_value-0__limit_k-50/input/query_bindings.json,eu-analytics-1,20260702T015600Z,1782957369.068969,1782957371.906801,0,16,mixed_cache_first_observed,,"{""limit_k"":""50"",""lookback_days"":""14"",""min_value"":""0""}",{},,,,{},,,,,pilot-region-imbalanced-v1,calibration,dataset_region_asymmetry,"gac_finalization_heavy,skew_imbalance",pilot,"{""fetch_size"":""high"",""wan_latency"":""high"",""work_mem"":""high""}",2.837833,12.0,0.0,1.0,0.0,0.0,300,,2,2,0,1.0,2,0,2,2,2,40000.0,360000.0,200000.0,1.8,960512.0,8640512.0,4800512.0,1.799914675767918,32.0,32.0,32.0,1.0,true,121.851,653.81,387.8305,1200.1,32.0,2.0,2.0,4.0,2.0,64.0,64.0,false,200.0,13400.0,200.0,13400.0,,,false,false,false,false,false,false,false,,,,,2,"{""Seq Scan"":64}","{""seq_scan"":64}",0.0,[],2,2,0,2,1,2,0,0,0,0.0,2,2,2,1,1,1,0,0,2,2.22203705246785,3600.3,2.22203705246785,1.0,0.0,3340.0,9600448.0,0.8125892939319331,0.03349177038404874,fdw_pushdown_fidelity_v1,5,available,"local_filter_after_remote,aggregate_not_pushdowned,sort_not_pushdowned,limit_not_pushdowned",0.2,0.8,,
20260702T014851Z-clean-run-eu-us-gac-region-asymmetry-v1__pilot-region-imbalanced-v1__default__analytics_clients,pilot-region-imbalanced-v1,default,clean-run-eu-us-gac-region-asymmetry-v1,asymmetry_mr_tenant_point_control__dataset-pilot-region-imbalanced-v1__runtime-default,tenant_point_rollup,multiregion_union,20260702T015102Z-clean-run-eu-us-gac-region-asymmetry-v1__pilot-region-imbalanced-v1__default__analytics_clients__pilot-region-imbalanced-v1__default,20260702T015617Z-clean-run-eu-us-gac-region-asymmetry--335454cf51b0--eu_tenant_id-1__us_tenant_id-10001__lookback_days-7,asymmetry_mr_tenant_point_control__dataset-pilot-region-imbalanced-v1__runtime-default__gac_fdw_multiregion_tenant_point_rollup__eu_tenant_id-1__us_tenant_id-10001__lookback_days-7,gac_fdw_multiregion_tenant_point_rollup,completed,False,0,0,disabled,false,dbb820ac5a219bc04131b840d40f5cd8ed6caf55f0f0469ccf8efd264b0d288c,22c3949f74e3867922dd5984a4137f36290f57340a7de57c7f6efeed94f51173,eed28bbbd899d9cd8c8865a70548bd848f07a275881b1a5032b45606899c3ad9,4b9e979d036487319f68f1c2218c96d32904481217941d09b2b7e8d6e9a03873,"[{""fdw_region"":""eu"",""plan_fingerprint"":""b0d4753d68dc2d09c2ea6152fe3ab2532151574e17e3e8fd24914adb95487e18"",""remote_sql_id"":""auto_explain_eu_009""},{""fdw_region"":""us"",""plan_fingerprint"":""b0d4753d68dc2d09c2ea6152fe3ab2532151574e17e3e8fd24914adb95487e18"",""remote_sql_id"":""auto_explain_us_001""}]","{""eu_tenant_id"":1,""lookback_days"":7,""us_tenant_id"":10001}","fdw_union_all,tenant_filter,remote_pushdown_candidate",query-collections/20260702T015617Z-clean-run-eu-us-gac-region-asymmetry--335454cf51b0--eu_tenant_id-1__us_tenant_id-10001__lookback_days-7,master-regimes/generated/corpus/region-asymmetry-companion-v1/groups/clean-run-eu-us-gac-region-asymmetry-v1__pilot-region-imbalanced-v1__default__analytics_clients/queries/asymmetry_mr_tenant_point_control__dataset-pilot-region-imbalanced-v1__runtime-default__gac_fdw_multiregion_tenant_point_rollup__eu_tenant_id-1__us_tenant_id-10001__lookback_days-7.sql,query-collections/20260702T015617Z-clean-run-eu-us-gac-region-asymmetry--335454cf51b0--eu_tenant_id-1__us_tenant_id-10001__lookback_days-7/input/query.sql,query-collections/20260702T015617Z-clean-run-eu-us-gac-region-asymmetry--335454cf51b0--eu_tenant_id-1__us_tenant_id-10001__lookback_days-7/input/query_bindings.json,eu-analytics-1,20260702T015617Z,1782957386.124926,1782957386.231145,0,17,mixed_cache_first_observed,,"{""eu_tenant_id"":""1"",""lookback_days"":""7"",""us_tenant_id"":""10001""}",{},,,,{},,,,,pilot-region-imbalanced-v1,negative_control,dataset_region_asymmetry,well_reduced_localized,pilot,"{""fetch_size"":""low"",""wan_latency"":""low"",""work_mem"":""none""}",0.106221,6.0,0.0,1.0,0.0,0.0,300,,2,2,0,1.0,2,0,2,2,2,200.0,200.0,200.0,1.0,4800.0,4800.0,4800.0,1.0,1.0,1.0,1.0,1.0,true,12.735,14.209,13.472,9.75,32.0,2.0,2.0,4.0,2.0,64.0,64.0,false,200.0,200.0,200.0,400.0,,,false,false,false,false,false,false,false,,,,,2,"{""Bitmap Heap Scan"":1,""Bitmap Index Scan"":1,""Seq Scan"":1}","{""bitmap_scan"":2,""seq_scan"":1}",0.0,[],2,2,0,2,1,2,0,0,0,0.0,2,2,0,1,1,0,0,0,2,5.128205128205129,39.0,5.128205128205129,,0.0,0.0,9600.0,0.0,0.5,fdw_pushdown_fidelity_v1,3,available,"local_filter_after_remote,aggregate_not_pushdowned,sort_not_pushdowned",0.0,1.0,,
20260702T014851Z-clean-run-eu-us-gac-region-asymmetry-v1__pilot-region-imbalanced-v1__default__analytics_clients,pilot-region-imbalanced-v1,default,clean-run-eu-us-gac-region-asymmetry-v1,asymmetry_mr_daily_tenant_rollup__dataset-pilot-region-imbalanced-v1__runtime-default,daily_tenant_rollup,multiregion_union,20260702T015102Z-clean-run-eu-us-gac-region-asymmetry-v1__pilot-region-imbalanced-v1__default__analytics_clients__pilot-region-imbalanced-v1__default,20260702T015632Z-clean-run-eu-us-gac-region-asymmetry--2ee951e037e4--_rollup__lookback_days-7__min_value-500__limit_k-50,asymmetry_mr_daily_tenant_rollup__dataset-pilot-region-imbalanced-v1__runtime-default__gac_fdw_multiregion_daily_tenant_rollup__lookback_days-7__min_value-500__limit_k-50,gac_fdw_multiregion_daily_tenant_rollup,completed,False,0,0,disabled,false,bd2869d4baf6a1b37f3bc14e1f26b15ced24803fb049e074025947925c37329f,27d48d38a1b41422acd6f9ade400e7d80ae94b22217d37719c39de4c25a26e39,0914b69a9ec4adcafd4187e94889f978fc7828e5e70ba0b441e3875f45330c49,4b9e979d036487319f68f1c2218c96d32904481217941d09b2b7e8d6e9a03873,"[{""fdw_region"":""eu"",""plan_fingerprint"":""b0d4753d68dc2d09c2ea6152fe3ab2532151574e17e3e8fd24914adb95487e18"",""remote_sql_id"":""auto_explain_eu_009""},{""fdw_region"":""us"",""plan_fingerprint"":""b0d4753d68dc2d09c2ea6152fe3ab2532151574e17e3e8fd24914adb95487e18"",""remote_sql_id"":""auto_explain_us_001""}]","{""limit_k"":50,""lookback_days"":7,""min_value"":500}","fdw_union_all,remote_aggregate_candidate,coordinator_fanin,daily_group_by",query-collections/20260702T015632Z-clean-run-eu-us-gac-region-asymmetry--2ee951e037e4--_rollup__lookback_days-7__min_value-500__limit_k-50,master-regimes/generated/corpus/region-asymmetry-companion-v1/groups/clean-run-eu-us-gac-region-asymmetry-v1__pilot-region-imbalanced-v1__default__analytics_clients/queries/asymmetry_mr_daily_tenant_rollup__dataset-pilot-region-imbalanced-v1__runtime-default__gac_fdw_multiregion_daily_tenant_rollup__lookback_days-7__min_value-500__limit_k-50.sql,query-collections/20260702T015632Z-clean-run-eu-us-gac-region-asymmetry--2ee951e037e4--_rollup__lookback_days-7__min_value-500__limit_k-50/input/query.sql,query-collections/20260702T015632Z-clean-run-eu-us-gac-region-asymmetry--2ee951e037e4--_rollup__lookback_days-7__min_value-500__limit_k-50/input/query_bindings.json,eu-analytics-1,20260702T015632Z,1782957401.227703,1782957402.470101,0,18,mixed_cache_first_observed,,"{""limit_k"":""50"",""lookback_days"":""7"",""min_value"":""500""}",{},,,,{},,,,,pilot-region-imbalanced-v1,calibration,dataset_region_asymmetry,"gac_finalization_heavy,skew_imbalance",pilot,"{""fetch_size"":""high"",""wan_latency"":""high"",""work_mem"":""high""}",1.242399,12.0,0.0,1.0,0.0,0.0,300,,2,2,0,1.0,2,0,2,2,2,19982.0,180623.0,100302.5,1.8007826325365768,479232.0,4334592.0,2406912.0,1.8008934269304404,32.0,32.0,32.0,1.0,true,76.215,233.637,154.926,301.23333333333335,32.0,2.0,2.0,4.0,2.0,64.0,64.0,false,95.0,6673.0,95.0,6673.0,,,false,false,false,false,false,false,false,,,,,2,"{""Seq Scan"":64}","{""seq_scan"":64}",0.0,[],2,2,0,2,1,2,0,0,0,0.0,2,2,2,1,1,1,0,0,2,4.439637047692818,903.7,4.439637047692818,1.0,0.0,1676.0,4815552.0,0.8130801482710849,0.033172521031856785,fdw_pushdown_fidelity_v1,5,available,"local_filter_after_remote,aggregate_not_pushdowned,sort_not_pushdowned,limit_not_pushdowned",0.2,0.8,,
20260702T014851Z-clean-run-eu-us-gac-region-asymmetry-v1__pilot-region-imbalanced-v1__default__analytics_clients,pilot-region-imbalanced-v1,default,clean-run-eu-us-gac-region-asymmetry-v1,asymmetry_mr_multi_dimension_rollup__dataset-pilot-region-imbalanced-v1__runtime-default,multi_dimension_rollup,multiregion_union,20260702T015102Z-clean-run-eu-us-gac-region-asymmetry-v1__pilot-region-imbalanced-v1__default__analytics_clients__pilot-region-imbalanced-v1__default,20260702T015647Z-clean-run-eu-us-gac-region-asymmetry--43736f2d47cb--ulti_dimension_rollup__lookback_days-7__limit_k-100,asymmetry_mr_multi_dimension_rollup__dataset-pilot-region-imbalanced-v1__runtime-default__gac_fdw_multiregion_multi_dimension_rollup__lookback_days-7__limit_k-100,gac_fdw_multiregion_multi_dimension_rollup,completed,False,0,0,disabled,false,2fb2c4dc7294b06ccb2e90b11eec0562f4ca237d24d4811fcbffaf7ffe881530,1685ea4b738f0b13ead25cae8764ae4384873eb1c6060411df0cff6fd8045314,6fa6a810e585d93cab6900cd3230b72c02ad8b63128e79a55454e9da2bc013d0,45d1e8917e3e17612f68858d48a114c18c969d51993c9f835a493d840075ffa0,"[{""fdw_region"":""eu"",""plan_fingerprint"":""b0d4753d68dc2d09c2ea6152fe3ab2532151574e17e3e8fd24914adb95487e18"",""remote_sql_id"":""auto_explain_eu_011""},{""fdw_region"":""eu"",""plan_fingerprint"":""b0d4753d68dc2d09c2ea6152fe3ab2532151574e17e3e8fd24914adb95487e18"",""remote_sql_id"":""auto_explain_eu_012""},{""fdw_region"":""eu"",""plan_fingerprint"":""b0d4753d68dc2d09c2ea6152fe3ab2532151574e17e3e8fd24914adb95487e18"",""remote_sql_id"":""auto_explain_eu_013""},{""fdw_region"":""us"",""plan_fingerprint"":""b0d4753d68dc2d09c2ea6152fe3ab2532151574e17e3e8fd24914adb95487e18"",""remote_sql_id"":""auto_explain_us_003""},{""fdw_region"":""us"",""plan_fingerprint"":""b0d4753d68dc2d09c2ea6152fe3ab2532151574e17e3e8fd24914adb95487e18"",""remote_sql_id"":""auto_explain_us_004""},{""fdw_region"":""us"",""plan_fingerprint"":""b0d4753d68dc2d09c2ea6152fe3ab2532151574e17e3e8fd24914adb95487e18"",""remote_sql_id"":""auto_explain_us_005""}]","{""limit_k"":100,""lookback_days"":7}","fdw_remote_join,multi_join,fdw_union_all,daily_group_by",query-collections/20260702T015647Z-clean-run-eu-us-gac-region-asymmetry--43736f2d47cb--ulti_dimension_rollup__lookback_days-7__limit_k-100,master-regimes/generated/corpus/region-asymmetry-companion-v1/groups/clean-run-eu-us-gac-region-asymmetry-v1__pilot-region-imbalanced-v1__default__analytics_clients/queries/asymmetry_mr_multi_dimension_rollup__dataset-pilot-region-imbalanced-v1__runtime-default__gac_fdw_multiregion_multi_dimension_rollup__lookback_days-7__limit_k-100.sql,query-collections/20260702T015647Z-clean-run-eu-us-gac-region-asymmetry--43736f2d47cb--ulti_dimension_rollup__lookback_days-7__limit_k-100/input/query.sql,query-collections/20260702T015647Z-clean-run-eu-us-gac-region-asymmetry--43736f2d47cb--ulti_dimension_rollup__lookback_days-7__limit_k-100/input/query_bindings.json,eu-analytics-1,20260702T015647Z,1782957416.373968,1782957419.893082,0,19,mixed_cache_first_observed,,"{""limit_k"":""100"",""lookback_days"":""7""}",{},,,,{},,,,,pilot-region-imbalanced-v1,calibration,dataset_region_asymmetry,"join_movement,gac_finalization_heavy,skew_imbalance",pilot,"{""fetch_size"":""high"",""wan_latency"":""high"",""work_mem"":""high""}",3.519115,9.0,0.0,1.0,455.0,456.0,300,,2,2,0,1.0,6,0,2,2,2,60200.0,541800.0,301000.0,1.8,1753086.0,15792128.0,8772607.0,1.800163622968634,65.0,65.0,65.0,1.0,true,148.238,736.327,442.2825,1356.9097222222222,32.0,2.0,2.0,4.0,2.0,64.0,64.0,false,100.0,13400.0,100.0,13400.0,,,false,false,false,false,false,false,false,,,,,2,"{""Seq Scan"":130}","{""seq_scan"":130}",0.0,[],6,2,0,2,1,0,0,0,0,0.0,6,6,6,1,1,1,0,0,6,2.063127591761198,3039.4791666666665,2.063127591761198,1.2,7288.0,5736.0,17536518.0,1.0205316553813444,0.024466430565064284,fdw_pushdown_fidelity_v1,5,available,"local_filter_after_remote,aggregate_not_pushdowned,sort_not_pushdowned,limit_not_pushdowned,projection_width_expansion",0.16666666666666669,0.8333333333333333,,
20260702T014851Z-clean-run-eu-us-gac-region-asymmetry-v1__pilot-region-imbalanced-v1__default__analytics_clients,pilot-region-imbalanced-v1,default,clean-run-eu-us-gac-region-asymmetry-v1,asymmetry_mr_multi_dimension_rollup__dataset-pilot-region-imbalanced-v1__runtime-default,multi_dimension_rollup,multiregion_union,20260702T015102Z-clean-run-eu-us-gac-region-asymmetry-v1__pilot-region-imbalanced-v1__default__analytics_clients__pilot-region-imbalanced-v1__default,20260702T015705Z-clean-run-eu-us-gac-region-asymmetry--b0e4c0e85729--multi_dimension_rollup__lookback_days-7__limit_k-50,asymmetry_mr_multi_dimension_rollup__dataset-pilot-region-imbalanced-v1__runtime-default__gac_fdw_multiregion_multi_dimension_rollup__lookback_days-7__limit_k-50,gac_fdw_multiregion_multi_dimension_rollup,completed,False,0,0,disabled,false,2fb2c4dc7294b06ccb2e90b11eec0562f4ca237d24d4811fcbffaf7ffe881530,b2523dcb15129014fea35b2e06d71c8c1c9f06d6fee11a7a30b1397a8f37ea21,6fa6a810e585d93cab6900cd3230b72c02ad8b63128e79a55454e9da2bc013d0,a577c6fb52f2de889bc5b68106c2cd5c0502b65f68bbafe035dd3b9e2c70515f,"[{""fdw_region"":""eu"",""plan_fingerprint"":""b0d4753d68dc2d09c2ea6152fe3ab2532151574e17e3e8fd24914adb95487e18"",""remote_sql_id"":""auto_explain_eu_013""},{""fdw_region"":""eu"",""plan_fingerprint"":""b0d4753d68dc2d09c2ea6152fe3ab2532151574e17e3e8fd24914adb95487e18"",""remote_sql_id"":""auto_explain_eu_014""},{""fdw_region"":""eu"",""plan_fingerprint"":""b0d4753d68dc2d09c2ea6152fe3ab2532151574e17e3e8fd24914adb95487e18"",""remote_sql_id"":""auto_explain_eu_015""},{""fdw_region"":""us"",""plan_fingerprint"":""b0d4753d68dc2d09c2ea6152fe3ab2532151574e17e3e8fd24914adb95487e18"",""remote_sql_id"":""auto_explain_us_001""},{""fdw_region"":""us"",""plan_fingerprint"":""b0d4753d68dc2d09c2ea6152fe3ab2532151574e17e3e8fd24914adb95487e18"",""remote_sql_id"":""auto_explain_us_002""},{""fdw_region"":""us"",""plan_fingerprint"":""b0d4753d68dc2d09c2ea6152fe3ab2532151574e17e3e8fd24914adb95487e18"",""remote_sql_id"":""auto_explain_us_003""}]","{""limit_k"":50,""lookback_days"":7}","fdw_remote_join,multi_join,fdw_union_all,daily_group_by",query-collections/20260702T015705Z-clean-run-eu-us-gac-region-asymmetry--b0e4c0e85729--multi_dimension_rollup__lookback_days-7__limit_k-50,master-regimes/generated/corpus/region-asymmetry-companion-v1/groups/clean-run-eu-us-gac-region-asymmetry-v1__pilot-region-imbalanced-v1__default__analytics_clients/queries/asymmetry_mr_multi_dimension_rollup__dataset-pilot-region-imbalanced-v1__runtime-default__gac_fdw_multiregion_multi_dimension_rollup__lookback_days-7__limit_k-50.sql,query-collections/20260702T015705Z-clean-run-eu-us-gac-region-asymmetry--b0e4c0e85729--multi_dimension_rollup__lookback_days-7__limit_k-50/input/query.sql,query-collections/20260702T015705Z-clean-run-eu-us-gac-region-asymmetry--b0e4c0e85729--multi_dimension_rollup__lookback_days-7__limit_k-50/input/query_bindings.json,eu-analytics-1,20260702T015705Z,1782957435.220164,1782957438.768888,0,20,mixed_cache_first_observed,,"{""limit_k"":""50"",""lookback_days"":""7""}",{},,,,{},,,,,pilot-region-imbalanced-v1,calibration,dataset_region_asymmetry,"join_movement,gac_finalization_heavy,skew_imbalance",pilot,"{""fetch_size"":""high"",""wan_latency"":""high"",""work_mem"":""high""}",3.548724,9.0,0.0,1.0,455.0,456.0,300,,2,2,0,1.0,6,0,2,2,2,60200.0,541800.0,301000.0,1.8,1753086.0,15792128.0,8772607.0,1.800163622968634,65.0,65.0,65.0,1.0,true,148.83599999999998,766.49,457.663,2605.2533333333336,32.0,2.0,2.0,4.0,2.0,64.0,64.0,false,100.0,13400.0,100.0,13400.0,,,false,false,false,false,false,false,false,,,,,2,"{""Seq Scan"":130}","{""seq_scan"":130}",0.0,[],6,2,0,2,1,0,0,0,0,0.0,6,6,6,1,1,1,0,0,6,2.0631417330390556,5835.76,2.0631417330390556,1.2,7288.0,5736.0,17536518.0,1.0205316553813444,0.024466430565064284,fdw_pushdown_fidelity_v1,5,available,"local_filter_after_remote,aggregate_not_pushdowned,sort_not_pushdowned,limit_not_pushdowned,projection_width_expansion",0.16666666666666669,0.8333333333333333,,
20260702T014851Z-clean-run-eu-us-gac-region-asymmetry-v1__pilot-region-imbalanced-v1__default__analytics_clients,pilot-region-imbalanced-v1,default,clean-run-eu-us-gac-region-asymmetry-v1,asymmetry_mr_event_filter_summary__dataset-pilot-region-imbalanced-v1__runtime-default,event_filter_summary,multiregion_union,20260702T015102Z-clean-run-eu-us-gac-region-asymmetry-v1__pilot-region-imbalanced-v1__default__analytics_clients__pilot-region-imbalanced-v1__default,20260702T015725Z-clean-run-eu-us-gac-region-asymmetry--3332e590ebe4--ent_filter_summary__lookback_days-30__min_value-500,asymmetry_mr_event_filter_summary__dataset-pilot-region-imbalanced-v1__runtime-default__gac_fdw_multiregion_event_filter_summary__lookback_days-30__min_value-500,gac_fdw_multiregion_event_filter_summary,completed,False,0,0,disabled,false,bbe7abed7ec3fa20d9b0211e15005ac4028b7410ffe8507f3df23c0161777d45,5e365673b0ad17087de038d9a7724f5239439b205b9145f45157ef976b0a6d9f,8b2261d3fb2d47cecc5dbf1f4d6cf256fa8eb686e3f77b3778f69660e9f872d2,4b9e979d036487319f68f1c2218c96d32904481217941d09b2b7e8d6e9a03873,"[{""fdw_region"":""eu"",""plan_fingerprint"":""b0d4753d68dc2d09c2ea6152fe3ab2532151574e17e3e8fd24914adb95487e18"",""remote_sql_id"":""auto_explain_eu_009""},{""fdw_region"":""us"",""plan_fingerprint"":""b0d4753d68dc2d09c2ea6152fe3ab2532151574e17e3e8fd24914adb95487e18"",""remote_sql_id"":""auto_explain_us_001""}]","{""lookback_days"":30,""min_value"":500}","fdw_union_all,selective_filter,remote_pushdown_candidate",query-collections/20260702T015725Z-clean-run-eu-us-gac-region-asymmetry--3332e590ebe4--ent_filter_summary__lookback_days-30__min_value-500,master-regimes/generated/corpus/region-asymmetry-companion-v1/groups/clean-run-eu-us-gac-region-asymmetry-v1__pilot-region-imbalanced-v1__default__analytics_clients/queries/asymmetry_mr_event_filter_summary__dataset-pilot-region-imbalanced-v1__runtime-default__gac_fdw_multiregion_event_filter_summary__lookback_days-30__min_value-500.sql,query-collections/20260702T015725Z-clean-run-eu-us-gac-region-asymmetry--3332e590ebe4--ent_filter_summary__lookback_days-30__min_value-500/input/query.sql,query-collections/20260702T015725Z-clean-run-eu-us-gac-region-asymmetry--3332e590ebe4--ent_filter_summary__lookback_days-30__min_value-500/input/query_bindings.json,eu-analytics-1,20260702T015725Z,1782957455.500145,1782957456.590466,0,21,mixed_cache_first_observed,,"{""lookback_days"":""30"",""min_value"":""500""}",{},,,,{},,,,,pilot-region-imbalanced-v1,calibration,dataset_region_asymmetry,well_reduced_localized,pilot,"{""fetch_size"":""low"",""wan_latency"":""low"",""work_mem"":""none""}",1.090322,0.0,0.0,,0.0,0.0,300,,2,2,0,1.0,2,0,2,2,2,19982.0,180623.0,100302.5,1.8007826325365768,319488.0,2889728.0,1604608.0,1.8008934269304404,32.0,32.0,32.0,1.0,true,57.824,190.274,124.049,43088.444444444445,32.0,2.0,2.0,4.0,2.0,64.0,64.0,false,95.0,6673.0,95.0,6673.0,,,false,false,false,false,false,false,false,,,,,2,"{""Seq Scan"":64}","{""seq_scan"":64}",0.0,[],2,2,0,2,1,2,0,0,0,0.0,2,0,0,1,0,0,0,0,2,1.0345903516281756,193898.0,1.0345903516281756,1.0,0.0,1324.0,3208880.0,0.81305507771997,0.03318790356759991,fdw_pushdown_fidelity_v1,3,available,"local_filter_after_remote,aggregate_not_pushdowned",0.3333333333333333,0.6666666666666667,,
20260702T014851Z-clean-run-eu-us-gac-region-asymmetry-v1__pilot-region-imbalanced-v1__default__analytics_clients,pilot-region-imbalanced-v1,default,clean-run-eu-us-gac-region-asymmetry-v1,asymmetry_mr_multi_dimension_rollup__dataset-pilot-region-imbalanced-v1__runtime-default,multi_dimension_rollup,multiregion_union,20260702T015102Z-clean-run-eu-us-gac-region-asymmetry-v1__pilot-region-imbalanced-v1__default__analytics_clients__pilot-region-imbalanced-v1__default,20260702T015743Z-clean-run-eu-us-gac-region-asymmetry--d307fb9fc759--ulti_dimension_rollup__lookback_days-30__limit_k-50,asymmetry_mr_multi_dimension_rollup__dataset-pilot-region-imbalanced-v1__runtime-default__gac_fdw_multiregion_multi_dimension_rollup__lookback_days-30__limit_k-50,gac_fdw_multiregion_multi_dimension_rollup,completed,False,0,0,disabled,false,2fb2c4dc7294b06ccb2e90b11eec0562f4ca237d24d4811fcbffaf7ffe881530,7fd50d248c402342ec209626e32b6f9d16d51c7a53e107c978813ed2b0a759bc,6fa6a810e585d93cab6900cd3230b72c02ad8b63128e79a55454e9da2bc013d0,41e56aff339fdec925e891570c542d8e64aa80557d1e9c255775adcd961cf2bc,"[{""fdw_region"":""eu"",""plan_fingerprint"":""b0d4753d68dc2d09c2ea6152fe3ab2532151574e17e3e8fd24914adb95487e18"",""remote_sql_id"":""auto_explain_eu_011""},{""fdw_region"":""eu"",""plan_fingerprint"":""b0d4753d68dc2d09c2ea6152fe3ab2532151574e17e3e8fd24914adb95487e18"",""remote_sql_id"":""auto_explain_eu_012""},{""fdw_region"":""eu"",""plan_fingerprint"":""b0d4753d68dc2d09c2ea6152fe3ab2532151574e17e3e8fd24914adb95487e18"",""remote_sql_id"":""auto_explain_eu_013""},{""fdw_region"":""us"",""plan_fingerprint"":""b0d4753d68dc2d09c2ea6152fe3ab2532151574e17e3e8fd24914adb95487e18"",""remote_sql_id"":""auto_explain_us_001""},{""fdw_region"":""us"",""plan_fingerprint"":""b0d4753d68dc2d09c2ea6152fe3ab2532151574e17e3e8fd24914adb95487e18"",""remote_sql_id"":""auto_explain_us_002""},{""fdw_region"":""us"",""plan_fingerprint"":""b0d4753d68dc2d09c2ea6152fe3ab2532151574e17e3e8fd24914adb95487e18"",""remote_sql_id"":""auto_explain_us_003""}]","{""limit_k"":50,""lookback_days"":30}","fdw_remote_join,multi_join,fdw_union_all,daily_group_by",query-collections/20260702T015743Z-clean-run-eu-us-gac-region-asymmetry--d307fb9fc759--ulti_dimension_rollup__lookback_days-30__limit_k-50,master-regimes/generated/corpus/region-asymmetry-companion-v1/groups/clean-run-eu-us-gac-region-asymmetry-v1__pilot-region-imbalanced-v1__default__analytics_clients/queries/asymmetry_mr_multi_dimension_rollup__dataset-pilot-region-imbalanced-v1__runtime-default__gac_fdw_multiregion_multi_dimension_rollup__lookback_days-30__limit_k-50.sql,query-collections/20260702T015743Z-clean-run-eu-us-gac-region-asymmetry--d307fb9fc759--ulti_dimension_rollup__lookback_days-30__limit_k-50/input/query.sql,query-collections/20260702T015743Z-clean-run-eu-us-gac-region-asymmetry--d307fb9fc759--ulti_dimension_rollup__lookback_days-30__limit_k-50/input/query_bindings.json,eu-analytics-1,20260702T015743Z,1782957472.846557,1782957477.250551,0,22,mixed_cache_first_observed,,"{""limit_k"":""50"",""lookback_days"":""30""}",{},,,,{},,,,,pilot-region-imbalanced-v1,calibration,dataset_region_asymmetry,"join_movement,gac_finalization_heavy,skew_imbalance",pilot,"{""fetch_size"":""high"",""wan_latency"":""high"",""work_mem"":""high""}",4.403994,9.0,0.0,1.0,6950.0,6956.0,300,,2,2,0,1.0,6,0,2,2,2,60200.0,541800.0,301000.0,1.8,1753086.0,15792128.0,8772607.0,1.800163622968634,65.0,65.0,65.0,1.0,true,119.657,617.388,368.52250000000004,4584.846666666666,32.0,2.0,2.0,4.0,2.0,64.0,64.0,false,100.0,13400.0,100.0,13400.0,,,false,false,false,false,false,false,false,,,,,2,"{""Seq Scan"":130}","{""seq_scan"":130}",0.0,[],6,2,0,2,1,0,0,0,0,0.0,6,6,6,1,1,1,0,0,6,1.0225452544218288,11774.54,1.0225452544218288,1.2,124009.0,5736.0,17536518.0,1.0205316553813444,0.024466430565064284,fdw_pushdown_fidelity_v1,5,available,"local_filter_after_remote,aggregate_not_pushdowned,sort_not_pushdowned,limit_not_pushdowned,projection_width_expansion",0.16666666666666669,0.8333333333333333,,
20260702T014851Z-clean-run-eu-us-gac-region-asymmetry-v1__pilot-region-imbalanced-v1__default__analytics_clients,pilot-region-imbalanced-v1,default,clean-run-eu-us-gac-region-asymmetry-v1,asymmetry_etl_top_tenants_control__dataset-pilot-region-imbalanced-v1__runtime-default,top_tenants,etl_materialized,20260702T015102Z-clean-run-eu-us-gac-region-asymmetry-v1__pilot-region-imbalanced-v1__default__analytics_clients__pilot-region-imbalanced-v1__default,20260702T015802Z-clean-run-eu-us-gac-region-asymmetry--8712b57d3901--__gac_etl_top_tenants__lookback_days-30__limit_k-25,asymmetry_etl_top_tenants_control__dataset-pilot-region-imbalanced-v1__runtime-default__gac_etl_top_tenants__lookback_days-30__limit_k-25,gac_etl_top_tenants,completed,False,0,0,disabled,false,acd91e68fa5c14c5bf2e6d5ee2af6d3cb68661b404623f642e1fd27e78ee7853,3ea12b1c6b267421331835a2e0eb09f49ced5e160229b86f26b925c2d7770b99,a49881c3e18e41cb64c5ce256d6072f48852108c5846f3de12ca1b0163e9c345,,,"{""limit_k"":25,""lookback_days"":30}","local_etl_read,topk,low_remote_pressure",query-collections/20260702T015802Z-clean-run-eu-us-gac-region-asymmetry--8712b57d3901--__gac_etl_top_tenants__lookback_days-30__limit_k-25,master-regimes/generated/corpus/region-asymmetry-companion-v1/groups/clean-run-eu-us-gac-region-asymmetry-v1__pilot-region-imbalanced-v1__default__analytics_clients/queries/asymmetry_etl_top_tenants_control__dataset-pilot-region-imbalanced-v1__runtime-default__gac_etl_top_tenants__lookback_days-30__limit_k-25.sql,query-collections/20260702T015802Z-clean-run-eu-us-gac-region-asymmetry--8712b57d3901--__gac_etl_top_tenants__lookback_days-30__limit_k-25/input/query.sql,query-collections/20260702T015802Z-clean-run-eu-us-gac-region-asymmetry--8712b57d3901--__gac_etl_top_tenants__lookback_days-30__limit_k-25/input/query_bindings.json,eu-analytics-1,20260702T015802Z,1782957491.727268,1782957491.771448,0,23,mixed_cache_first_observed,,"{""limit_k"":""25"",""lookback_days"":""30""}",{},,,,{},,,,,pilot-region-imbalanced-v1,negative_control,dataset_region_asymmetry,well_reduced_localized,pilot,"{""fetch_size"":""none"",""wan_latency"":""none"",""work_mem"":""low""}",0.044181,35.0,0.0,1.0,0.0,0.0,300,,2,0,2,0.0,0,0,0,0,0,,,,,,,,,,,,,,,,,,32.0,2.0,2.0,4.0,1.0,,,false,,,,,,,,,,,,,,,,,,,,,,,,,,,,,,,,,,,,,,,,,,,,,,0.0,,,,,fdw_pushdown_fidelity_v1,0,not_applicable_no_fdw,,,,,
20260702T014851Z-clean-run-eu-us-gac-region-asymmetry-v1__pilot-region-imbalanced-v1__default__analytics_clients,pilot-region-imbalanced-v1,default,clean-run-eu-us-gac-region-asymmetry-v1,asymmetry_mr_daily_tenant_rollup__dataset-pilot-region-imbalanced-v1__runtime-default,daily_tenant_rollup,multiregion_union,20260702T015102Z-clean-run-eu-us-gac-region-asymmetry-v1__pilot-region-imbalanced-v1__default__analytics_clients__pilot-region-imbalanced-v1__default,20260702T015817Z-clean-run-eu-us-gac-region-asymmetry--3efaacbb38d0--_rollup__lookback_days-1__min_value-500__limit_k-50,asymmetry_mr_daily_tenant_rollup__dataset-pilot-region-imbalanced-v1__runtime-default__gac_fdw_multiregion_daily_tenant_rollup__lookback_days-1__min_value-500__limit_k-50,gac_fdw_multiregion_daily_tenant_rollup,completed,False,0,0,disabled,false,bd2869d4baf6a1b37f3bc14e1f26b15ced24803fb049e074025947925c37329f,f795cb9005c0b962920e2fc1d9a48c9faf4dd03f8db46e147ac3a46bffe182c9,0914b69a9ec4adcafd4187e94889f978fc7828e5e70ba0b441e3875f45330c49,4b9e979d036487319f68f1c2218c96d32904481217941d09b2b7e8d6e9a03873,"[{""fdw_region"":""eu"",""plan_fingerprint"":""b0d4753d68dc2d09c2ea6152fe3ab2532151574e17e3e8fd24914adb95487e18"",""remote_sql_id"":""auto_explain_eu_009""},{""fdw_region"":""us"",""plan_fingerprint"":""b0d4753d68dc2d09c2ea6152fe3ab2532151574e17e3e8fd24914adb95487e18"",""remote_sql_id"":""auto_explain_us_001""}]","{""limit_k"":50,""lookback_days"":1,""min_value"":500}","fdw_union_all,remote_aggregate_candidate,coordinator_fanin,daily_group_by",query-collections/20260702T015817Z-clean-run-eu-us-gac-region-asymmetry--3efaacbb38d0--_rollup__lookback_days-1__min_value-500__limit_k-50,master-regimes/generated/corpus/region-asymmetry-companion-v1/groups/clean-run-eu-us-gac-region-asymmetry-v1__pilot-region-imbalanced-v1__default__analytics_clients/queries/asymmetry_mr_daily_tenant_rollup__dataset-pilot-region-imbalanced-v1__runtime-default__gac_fdw_multiregion_daily_tenant_rollup__lookback_days-1__min_value-500__limit_k-50.sql,query-collections/20260702T015817Z-clean-run-eu-us-gac-region-asymmetry--3efaacbb38d0--_rollup__lookback_days-1__min_value-500__limit_k-50/input/query.sql,query-collections/20260702T015817Z-clean-run-eu-us-gac-region-asymmetry--3efaacbb38d0--_rollup__lookback_days-1__min_value-500__limit_k-50/input/query_bindings.json,eu-analytics-1,20260702T015817Z,1782957506.156051,1782957507.340829,0,24,mixed_cache_first_observed,,"{""limit_k"":""50"",""lookback_days"":""1"",""min_value"":""500""}",{},,,,{},,,,,pilot-region-imbalanced-v1,calibration,dataset_region_asymmetry,"gac_finalization_heavy,skew_imbalance",pilot,"{""fetch_size"":""high"",""wan_latency"":""high"",""work_mem"":""high""}",1.184780,12.0,0.0,1.0,0.0,0.0,300,,2,2,0,1.0,2,0,2,2,2,19982.0,180623.0,100302.5,1.8007826325365768,479232.0,4334592.0,2406912.0,1.8008934269304404,32.0,32.0,32.0,1.0,true,100.588,243.876,172.232,41.95333333333333,32.0,2.0,2.0,4.0,2.0,64.0,64.0,false,95.0,6673.0,95.0,6673.0,,,false,false,false,false,false,false,false,,,,,2,"{""Seq Scan"":64}","{""seq_scan"":64}",0.0,[],2,2,0,2,1,2,0,0,0,0.0,2,2,2,1,1,1,0,0,2,31.877482917527413,125.86,31.877482917527413,1.0,0.0,1676.0,4815552.0,0.8130801482710849,0.033172521031856785,fdw_pushdown_fidelity_v1,5,available,"local_filter_after_remote,aggregate_not_pushdowned,sort_not_pushdowned,limit_not_pushdowned",0.2,0.8,,
20260702T014851Z-clean-run-eu-us-gac-region-asymmetry-v1__pilot-region-imbalanced-v1__default__analytics_clients,pilot-region-imbalanced-v1,default,clean-run-eu-us-gac-region-asymmetry-v1,asymmetry_mr_top_tenants__dataset-pilot-region-imbalanced-v1__runtime-default,top_tenants,multiregion_union,20260702T015102Z-clean-run-eu-us-gac-region-asymmetry-v1__pilot-region-imbalanced-v1__default__analytics_clients__pilot-region-imbalanced-v1__default,20260702T015832Z-clean-run-eu-us-gac-region-asymmetry--ab2fecb10b69--ltiregion_top_tenants__lookback_days-30__limit_k-50,asymmetry_mr_top_tenants__dataset-pilot-region-imbalanced-v1__runtime-default__gac_fdw_multiregion_top_tenants__lookback_days-30__limit_k-50,gac_fdw_multiregion_top_tenants,completed,False,0,0,disabled,false,70e6dab484eae0f8fbcd7f56f3e84645ebf75780bf99e758a424ce04fa47a7dd,6e7b6505f310938ff91ca4ed9f494fede9396ea8c29b075529276da8116600b2,db7b1445edd01dc5de99e55396ff6825c5a8f8f836694c3cd0ca60172fb40af8,61760961cb6a8ad5378a93a82ba102b5edabb89898cd7adb04c5b97572d95b78,"[{""fdw_region"":""eu"",""plan_fingerprint"":""b0d4753d68dc2d09c2ea6152fe3ab2532151574e17e3e8fd24914adb95487e18"",""remote_sql_id"":""auto_explain_eu_011""},{""fdw_region"":""us"",""plan_fingerprint"":""b0d4753d68dc2d09c2ea6152fe3ab2532151574e17e3e8fd24914adb95487e18"",""remote_sql_id"":""auto_explain_us_001""}]","{""limit_k"":50,""lookback_days"":30}","fdw_union_all,topk,final_ordering,coordinator_fanin",query-collections/20260702T015832Z-clean-run-eu-us-gac-region-asymmetry--ab2fecb10b69--ltiregion_top_tenants__lookback_days-30__limit_k-50,master-regimes/generated/corpus/region-asymmetry-companion-v1/groups/clean-run-eu-us-gac-region-asymmetry-v1__pilot-region-imbalanced-v1__default__analytics_clients/queries/asymmetry_mr_top_tenants__dataset-pilot-region-imbalanced-v1__runtime-default__gac_fdw_multiregion_top_tenants__lookback_days-30__limit_k-50.sql,query-collections/20260702T015832Z-clean-run-eu-us-gac-region-asymmetry--ab2fecb10b69--ltiregion_top_tenants__lookback_days-30__limit_k-50/input/query.sql,query-collections/20260702T015832Z-clean-run-eu-us-gac-region-asymmetry--ab2fecb10b69--ltiregion_top_tenants__lookback_days-30__limit_k-50/input/query_bindings.json,eu-analytics-1,20260702T015832Z,1782957521.429116,1782957523.951730,0,25,mixed_cache_first_observed,,"{""limit_k"":""50"",""lookback_days"":""30""}",{},,,,{},,,,,pilot-region-imbalanced-v1,calibration,dataset_region_asymmetry,"remote_fetch_heavy,gac_finalization_heavy,skew_imbalance",pilot,"{""fetch_size"":""high"",""wan_latency"":""high"",""work_mem"":""high""}",2.522615,9.0,0.0,1.0,0.0,0.0,300,,2,2,0,1.0,2,0,2,2,2,40000.0,360000.0,200000.0,1.8,960512.0,8640512.0,4800512.0,1.799914675767918,32.0,32.0,32.0,1.0,true,125.092,577.74,351.416,2900.3775,32.0,2.0,2.0,4.0,2.0,64.0,64.0,false,200.0,13400.0,200.0,13400.0,,,false,false,false,false,false,false,false,,,,,2,"{""Seq Scan"":64}","{""seq_scan"":64}",0.0,[],2,2,0,2,1,0,0,0,0,0.0,2,2,2,1,1,1,0,0,2,1.034348115029854,7734.34,1.034348115029854,1.0,0.0,3340.0,9600448.0,0.8125892939319331,0.03349177038404874,fdw_pushdown_fidelity_v1,5,available,"local_filter_after_remote,aggregate_not_pushdowned,sort_not_pushdowned,limit_not_pushdowned",0.2,0.8,,
20260702T014851Z-clean-run-eu-us-gac-region-asymmetry-v1__pilot-region-imbalanced-v1__default__analytics_clients,pilot-region-imbalanced-v1,default,clean-run-eu-us-gac-region-asymmetry-v1,asymmetry_mr_user_segment_join__dataset-pilot-region-imbalanced-v1__runtime-default,user_segment_topk,multiregion_union,20260702T015102Z-clean-run-eu-us-gac-region-asymmetry-v1__pilot-region-imbalanced-v1__default__analytics_clients__pilot-region-imbalanced-v1__default,20260702T015849Z-clean-run-eu-us-gac-region-asymmetry--9da4ca628521--gion_user_segment_join__lookback_days-7__limit_k-50,asymmetry_mr_user_segment_join__dataset-pilot-region-imbalanced-v1__runtime-default__gac_fdw_multiregion_user_segment_join__lookback_days-7__limit_k-50,gac_fdw_multiregion_user_segment_join,completed,False,0,0,disabled,false,550434b2ab468726c0e708e58c2f05929074d7faa4d94bd31899dea4317847a3,afe0a624682d043c0602df53fcb08fba781123a725ae850fce942c21760fefed,83c5de2ce3c33d694e70fc8d3757c26da784e6fc3264f730878794edec09f946,b4e9a83a962e53bd03aba772ce6cf290f1393464d2df06742d4199ad62b3eea7,"[{""fdw_region"":""eu"",""plan_fingerprint"":""b0d4753d68dc2d09c2ea6152fe3ab2532151574e17e3e8fd24914adb95487e18"",""remote_sql_id"":""auto_explain_eu_011""},{""fdw_region"":""eu"",""plan_fingerprint"":""b0d4753d68dc2d09c2ea6152fe3ab2532151574e17e3e8fd24914adb95487e18"",""remote_sql_id"":""auto_explain_eu_012""},{""fdw_region"":""us"",""plan_fingerprint"":""b0d4753d68dc2d09c2ea6152fe3ab2532151574e17e3e8fd24914adb95487e18"",""remote_sql_id"":""auto_explain_us_003""},{""fdw_region"":""us"",""plan_fingerprint"":""b0d4753d68dc2d09c2ea6152fe3ab2532151574e17e3e8fd24914adb95487e18"",""remote_sql_id"":""auto_explain_us_004""}]","{""limit_k"":50,""lookback_days"":7}","fdw_remote_join,colocated_join,fdw_union_all,topk",query-collections/20260702T015849Z-clean-run-eu-us-gac-region-asymmetry--9da4ca628521--gion_user_segment_join__lookback_days-7__limit_k-50,master-regimes/generated/corpus/region-asymmetry-companion-v1/groups/clean-run-eu-us-gac-region-asymmetry-v1__pilot-region-imbalanced-v1__default__analytics_clients/queries/asymmetry_mr_user_segment_join__dataset-pilot-region-imbalanced-v1__runtime-default__gac_fdw_multiregion_user_segment_join__lookback_days-7__limit_k-50.sql,query-collections/20260702T015849Z-clean-run-eu-us-gac-region-asymmetry--9da4ca628521--gion_user_segment_join__lookback_days-7__limit_k-50/input/query.sql,query-collections/20260702T015849Z-clean-run-eu-us-gac-region-asymmetry--9da4ca628521--gion_user_segment_join__lookback_days-7__limit_k-50/input/query_bindings.json,eu-analytics-1,20260702T015849Z,1782957539.245446,1782957543.362416,0,26,mixed_cache_first_observed,,"{""limit_k"":""50"",""lookback_days"":""7""}",{},,,,{},,,,,pilot-region-imbalanced-v1,calibration,dataset_region_asymmetry,gac_finalization_heavy,pilot,"{""fetch_size"":""high"",""wan_latency"":""high"",""work_mem"":""high""}",4.116972,6.0,0.0,1.0,3071.0,2906.0,300,,2,2,0,1.0,4,0,2,2,2,60000.0,540000.0,300000.0,1.8,1872896.0,16867328.0,9370112.0,1.8001202120102726,64.0,64.0,64.0,1.0,true,134.84799999999998,853.74,494.294,14008.086419753086,32.0,2.0,2.0,4.0,2.0,64.0,64.0,false,100.0,13400.0,100.0,13400.0,,,false,false,false,false,false,false,false,,,,,2,"{""Seq Scan"":128}","{""seq_scan"":128}",0.0,[],4,2,0,2,1,0,0,0,0,0.0,4,4,4,1,1,1,0,0,4,2.070607723366808,32196.666666666668,2.070607723366808,0.9285714285714286,57931.0,6050.0,18730392.0,0.9407066340009835,0.02290694183015497,fdw_pushdown_fidelity_v1,5,available,"local_filter_after_remote,aggregate_not_pushdowned,sort_not_pushdowned,limit_not_pushdowned",0.2,0.8,,
20260702T014851Z-clean-run-eu-us-gac-region-asymmetry-v1__pilot-region-imbalanced-v1__default__analytics_clients,pilot-region-imbalanced-v1,default,clean-run-eu-us-gac-region-asymmetry-v1,asymmetry_mr_top_tenants__dataset-pilot-region-imbalanced-v1__runtime-default,top_tenants,multiregion_union,20260702T015102Z-clean-run-eu-us-gac-region-asymmetry-v1__pilot-region-imbalanced-v1__default__analytics_clients__pilot-region-imbalanced-v1__default,20260702T015908Z-clean-run-eu-us-gac-region-asymmetry--bdeac4bbe9e6--ltiregion_top_tenants__lookback_days-30__limit_k-25,asymmetry_mr_top_tenants__dataset-pilot-region-imbalanced-v1__runtime-default__gac_fdw_multiregion_top_tenants__lookback_days-30__limit_k-25,gac_fdw_multiregion_top_tenants,completed,False,0,0,disabled,false,70e6dab484eae0f8fbcd7f56f3e84645ebf75780bf99e758a424ce04fa47a7dd,487d4e2018ab596d8745dff4a58ff8bec110605f221e7c366ce7d8932af32ef3,db7b1445edd01dc5de99e55396ff6825c5a8f8f836694c3cd0ca60172fb40af8,8f035a25c569d78bd13dbc5c80df6b9d9b250bc9213c46fe2940d95853d1b5de,"[{""fdw_region"":""eu"",""plan_fingerprint"":""b0d4753d68dc2d09c2ea6152fe3ab2532151574e17e3e8fd24914adb95487e18"",""remote_sql_id"":""auto_explain_eu_015""},{""fdw_region"":""us"",""plan_fingerprint"":""b0d4753d68dc2d09c2ea6152fe3ab2532151574e17e3e8fd24914adb95487e18"",""remote_sql_id"":""auto_explain_us_004""}]","{""limit_k"":25,""lookback_days"":30}","fdw_union_all,topk,final_ordering,coordinator_fanin",query-collections/20260702T015908Z-clean-run-eu-us-gac-region-asymmetry--bdeac4bbe9e6--ltiregion_top_tenants__lookback_days-30__limit_k-25,master-regimes/generated/corpus/region-asymmetry-companion-v1/groups/clean-run-eu-us-gac-region-asymmetry-v1__pilot-region-imbalanced-v1__default__analytics_clients/queries/asymmetry_mr_top_tenants__dataset-pilot-region-imbalanced-v1__runtime-default__gac_fdw_multiregion_top_tenants__lookback_days-30__limit_k-25.sql,query-collections/20260702T015908Z-clean-run-eu-us-gac-region-asymmetry--bdeac4bbe9e6--ltiregion_top_tenants__lookback_days-30__limit_k-25/input/query.sql,query-collections/20260702T015908Z-clean-run-eu-us-gac-region-asymmetry--bdeac4bbe9e6--ltiregion_top_tenants__lookback_days-30__limit_k-25/input/query_bindings.json,eu-analytics-1,20260702T015908Z,1782957557.697672,1782957560.026620,0,27,mixed_cache_first_observed,,"{""limit_k"":""25"",""lookback_days"":""30""}",{},,,,{},,,,,pilot-region-imbalanced-v1,calibration,dataset_region_asymmetry,"remote_fetch_heavy,gac_finalization_heavy,skew_imbalance",pilot,"{""fetch_size"":""high"",""wan_latency"":""high"",""work_mem"":""high""}",2.328950,9.0,0.0,1.0,0.0,0.0,300,,2,2,0,1.0,2,0,2,2,2,40000.0,360000.0,200000.0,1.8,960512.0,8640512.0,4800512.0,1.799914675767918,32.0,32.0,32.0,1.0,true,92.536,450.288,271.41200000000003,5800.635,32.0,2.0,2.0,4.0,2.0,64.0,64.0,false,200.0,13400.0,200.0,13400.0,,,false,false,false,false,false,false,false,,,,,2,"{""Seq Scan"":64}","{""seq_scan"":64}",0.0,[],2,2,0,2,1,0,0,0,0,0.0,2,2,2,1,1,1,0,0,2,1.034369512992974,15468.36,1.034369512992974,1.0,0.0,3340.0,9600448.0,0.8125892939319331,0.03349177038404874,fdw_pushdown_fidelity_v1,5,available,"local_filter_after_remote,aggregate_not_pushdowned,sort_not_pushdowned,limit_not_pushdowned",0.2,0.8,,
20260702T014851Z-clean-run-eu-us-gac-region-asymmetry-v1__pilot-region-imbalanced-v1__default__analytics_clients,pilot-region-imbalanced-v1,default,clean-run-eu-us-gac-region-asymmetry-v1,asymmetry_mr_daily_tenant_rollup__dataset-pilot-region-imbalanced-v1__runtime-default,daily_tenant_rollup,multiregion_union,20260702T015102Z-clean-run-eu-us-gac-region-asymmetry-v1__pilot-region-imbalanced-v1__default__analytics_clients__pilot-region-imbalanced-v1__default,20260702T015925Z-clean-run-eu-us-gac-region-asymmetry--fecf31322963--rollup__lookback_days-30__min_value-500__limit_k-50,asymmetry_mr_daily_tenant_rollup__dataset-pilot-region-imbalanced-v1__runtime-default__gac_fdw_multiregion_daily_tenant_rollup__lookback_days-30__min_value-500__limit_k-50,gac_fdw_multiregion_daily_tenant_rollup,completed,False,0,0,disabled,false,bd2869d4baf6a1b37f3bc14e1f26b15ced24803fb049e074025947925c37329f,6e7afecfa4e75b8076676a8d8eacd5f8c201e92852c8a644d3cd191ac3cfd6d7,0914b69a9ec4adcafd4187e94889f978fc7828e5e70ba0b441e3875f45330c49,f1af9c88fced6446f3307d662193a5d29817224d911ac5038baa56156eedd0a9,"[{""fdw_region"":""eu"",""plan_fingerprint"":""b0d4753d68dc2d09c2ea6152fe3ab2532151574e17e3e8fd24914adb95487e18"",""remote_sql_id"":""auto_explain_eu_009""},{""fdw_region"":""us"",""plan_fingerprint"":""b0d4753d68dc2d09c2ea6152fe3ab2532151574e17e3e8fd24914adb95487e18"",""remote_sql_id"":""auto_explain_us_005""}]","{""limit_k"":50,""lookback_days"":30,""min_value"":500}","fdw_union_all,remote_aggregate_candidate,coordinator_fanin,daily_group_by",query-collections/20260702T015925Z-clean-run-eu-us-gac-region-asymmetry--fecf31322963--rollup__lookback_days-30__min_value-500__limit_k-50,master-regimes/generated/corpus/region-asymmetry-companion-v1/groups/clean-run-eu-us-gac-region-asymmetry-v1__pilot-region-imbalanced-v1__default__analytics_clients/queries/asymmetry_mr_daily_tenant_rollup__dataset-pilot-region-imbalanced-v1__runtime-default__gac_fdw_multiregion_daily_tenant_rollup__lookback_days-30__min_value-500__limit_k-50.sql,query-collections/20260702T015925Z-clean-run-eu-us-gac-region-asymmetry--fecf31322963--rollup__lookback_days-30__min_value-500__limit_k-50/input/query.sql,query-collections/20260702T015925Z-clean-run-eu-us-gac-region-asymmetry--fecf31322963--rollup__lookback_days-30__min_value-500__limit_k-50/input/query_bindings.json,eu-analytics-1,20260702T015925Z,1782957575.159814,1782957576.729662,0,28,mixed_cache_first_observed,,"{""limit_k"":""50"",""lookback_days"":""30"",""min_value"":""500""}",{},,,,{},,,,,pilot-region-imbalanced-v1,calibration,dataset_region_asymmetry,"gac_finalization_heavy,skew_imbalance",pilot,"{""fetch_size"":""high"",""wan_latency"":""high"",""work_mem"":""high""}",1.569850,12.0,0.0,1.0,282.0,357.0,300,,2,2,0,1.0,2,0,2,2,2,19982.0,180623.0,100302.5,1.8007826325365768,479232.0,4334592.0,2406912.0,1.8008934269304404,32.0,32.0,32.0,1.0,true,64.344,330.362,197.353,1292.56,32.0,2.0,2.0,4.0,2.0,64.0,64.0,false,95.0,6673.0,95.0,6673.0,,,false,false,false,false,false,false,false,,,,,2,"{""Seq Scan"":64}","{""seq_scan"":64}",0.0,[],2,2,0,2,1,2,0,0,0,0.0,2,2,2,1,1,1,0,0,2,1.0346650574570362,3877.68,1.0346650574570362,1.0,2556.0,1676.0,4815552.0,0.8130801482710849,0.033172521031856785,fdw_pushdown_fidelity_v1,5,available,"local_filter_after_remote,aggregate_not_pushdowned,sort_not_pushdowned,limit_not_pushdowned",0.2,0.8,,
20260702T014851Z-clean-run-eu-us-gac-region-asymmetry-v1__pilot-region-imbalanced-v1__default__analytics_clients,pilot-region-imbalanced-v1,default,clean-run-eu-us-gac-region-asymmetry-v1,asymmetry_mr_user_segment_join__dataset-pilot-region-imbalanced-v1__runtime-default,user_segment_topk,multiregion_union,20260702T015102Z-clean-run-eu-us-gac-region-asymmetry-v1__pilot-region-imbalanced-v1__default__analytics_clients__pilot-region-imbalanced-v1__default,20260702T015943Z-clean-run-eu-us-gac-region-asymmetry--92aeca902928--gion_user_segment_join__lookback_days-7__limit_k-25,asymmetry_mr_user_segment_join__dataset-pilot-region-imbalanced-v1__runtime-default__gac_fdw_multiregion_user_segment_join__lookback_days-7__limit_k-25,gac_fdw_multiregion_user_segment_join,completed,False,0,0,disabled,false,550434b2ab468726c0e708e58c2f05929074d7faa4d94bd31899dea4317847a3,419707643e2eb62d5f19f7f2db9826ba312a19587e260c132cf4bbd1f12f5ed5,83c5de2ce3c33d694e70fc8d3757c26da784e6fc3264f730878794edec09f946,6903889e04f9b79c803ba76709afdeb5d4ad2669f6d3def69f9afcab5e06460b,"[{""fdw_region"":""eu"",""plan_fingerprint"":""b0d4753d68dc2d09c2ea6152fe3ab2532151574e17e3e8fd24914adb95487e18"",""remote_sql_id"":""auto_explain_eu_011""},{""fdw_region"":""eu"",""plan_fingerprint"":""b0d4753d68dc2d09c2ea6152fe3ab2532151574e17e3e8fd24914adb95487e18"",""remote_sql_id"":""auto_explain_eu_012""},{""fdw_region"":""us"",""plan_fingerprint"":""b0d4753d68dc2d09c2ea6152fe3ab2532151574e17e3e8fd24914adb95487e18"",""remote_sql_id"":""auto_explain_us_006""},{""fdw_region"":""us"",""plan_fingerprint"":""b0d4753d68dc2d09c2ea6152fe3ab2532151574e17e3e8fd24914adb95487e18"",""remote_sql_id"":""auto_explain_us_007""}]","{""limit_k"":25,""lookback_days"":7}","fdw_remote_join,colocated_join,fdw_union_all,topk",query-collections/20260702T015943Z-clean-run-eu-us-gac-region-asymmetry--92aeca902928--gion_user_segment_join__lookback_days-7__limit_k-25,master-regimes/generated/corpus/region-asymmetry-companion-v1/groups/clean-run-eu-us-gac-region-asymmetry-v1__pilot-region-imbalanced-v1__default__analytics_clients/queries/asymmetry_mr_user_segment_join__dataset-pilot-region-imbalanced-v1__runtime-default__gac_fdw_multiregion_user_segment_join__lookback_days-7__limit_k-25.sql,query-collections/20260702T015943Z-clean-run-eu-us-gac-region-asymmetry--92aeca902928--gion_user_segment_join__lookback_days-7__limit_k-25/input/query.sql,query-collections/20260702T015943Z-clean-run-eu-us-gac-region-asymmetry--92aeca902928--gion_user_segment_join__lookback_days-7__limit_k-25/input/query_bindings.json,eu-analytics-1,20260702T015943Z,1782957592.946290,1782957596.861510,0,29,mixed_cache_first_observed,,"{""limit_k"":""25"",""lookback_days"":""7""}",{},,,,{},,,,,pilot-region-imbalanced-v1,calibration,dataset_region_asymmetry,gac_finalization_heavy,pilot,"{""fetch_size"":""high"",""wan_latency"":""high"",""work_mem"":""high""}",3.915221,6.0,0.0,1.0,3071.0,2906.0,300,,2,2,0,1.0,4,0,2,2,2,60000.0,540000.0,300000.0,1.8,1872896.0,16867328.0,9370112.0,1.8001202120102726,64.0,64.0,64.0,1.0,true,148.998,882.489,515.7435,14008.030864197532,32.0,2.0,2.0,4.0,2.0,64.0,64.0,false,100.0,13400.0,100.0,13400.0,,,false,false,false,false,false,false,false,,,,,2,"{""Seq Scan"":128}","{""seq_scan"":128}",0.0,[],4,2,0,2,1,0,0,0,0,0.0,4,4,4,1,1,1,0,0,4,2.0706291606704696,32196.333333333332,2.0706291606704696,0.9285714285714286,57931.0,6050.0,18730392.0,0.9407066340009835,0.02290694183015497,fdw_pushdown_fidelity_v1,5,available,"local_filter_after_remote,aggregate_not_pushdowned,sort_not_pushdowned,limit_not_pushdowned",0.2,0.8,,
20260702T014851Z-clean-run-eu-us-gac-region-asymmetry-v1__pilot-region-imbalanced-v1__default__analytics_clients,pilot-region-imbalanced-v1,default,clean-run-eu-us-gac-region-asymmetry-v1,asymmetry_mr_user_segment_join__dataset-pilot-region-imbalanced-v1__runtime-default,user_segment_topk,multiregion_union,20260702T015102Z-clean-run-eu-us-gac-region-asymmetry-v1__pilot-region-imbalanced-v1__default__analytics_clients__pilot-region-imbalanced-v1__default,20260702T020003Z-clean-run-eu-us-gac-region-asymmetry--714c774c5016--ion_user_segment_join__lookback_days-30__limit_k-25,asymmetry_mr_user_segment_join__dataset-pilot-region-imbalanced-v1__runtime-default__gac_fdw_multiregion_user_segment_join__lookback_days-30__limit_k-25,gac_fdw_multiregion_user_segment_join,completed,False,0,0,disabled,false,550434b2ab468726c0e708e58c2f05929074d7faa4d94bd31899dea4317847a3,2ecf46bb3fed8703c2e8dddf8cafa565a114e439e9c241a5349b754e3fb55db8,83c5de2ce3c33d694e70fc8d3757c26da784e6fc3264f730878794edec09f946,5858d155b94904a54353b848a8cba1cad60db04129ee345862851d7cb5356cca,"[{""fdw_region"":""eu"",""plan_fingerprint"":""b0d4753d68dc2d09c2ea6152fe3ab2532151574e17e3e8fd24914adb95487e18"",""remote_sql_id"":""auto_explain_eu_015""},{""fdw_region"":""eu"",""plan_fingerprint"":""b0d4753d68dc2d09c2ea6152fe3ab2532151574e17e3e8fd24914adb95487e18"",""remote_sql_id"":""auto_explain_eu_016""},{""fdw_region"":""us"",""plan_fingerprint"":""b0d4753d68dc2d09c2ea6152fe3ab2532151574e17e3e8fd24914adb95487e18"",""remote_sql_id"":""auto_explain_us_006""},{""fdw_region"":""us"",""plan_fingerprint"":""b0d4753d68dc2d09c2ea6152fe3ab2532151574e17e3e8fd24914adb95487e18"",""remote_sql_id"":""auto_explain_us_007""}]","{""limit_k"":25,""lookback_days"":30}","fdw_remote_join,colocated_join,fdw_union_all,topk",query-collections/20260702T020003Z-clean-run-eu-us-gac-region-asymmetry--714c774c5016--ion_user_segment_join__lookback_days-30__limit_k-25,master-regimes/generated/corpus/region-asymmetry-companion-v1/groups/clean-run-eu-us-gac-region-asymmetry-v1__pilot-region-imbalanced-v1__default__analytics_clients/queries/asymmetry_mr_user_segment_join__dataset-pilot-region-imbalanced-v1__runtime-default__gac_fdw_multiregion_user_segment_join__lookback_days-30__limit_k-25.sql,query-collections/20260702T020003Z-clean-run-eu-us-gac-region-asymmetry--714c774c5016--ion_user_segment_join__lookback_days-30__limit_k-25/input/query.sql,query-collections/20260702T020003Z-clean-run-eu-us-gac-region-asymmetry--714c774c5016--ion_user_segment_join__lookback_days-30__limit_k-25/input/query_bindings.json,eu-analytics-1,20260702T020003Z,1782957613.297977,1782957619.070401,0,30,mixed_cache_first_observed,,"{""limit_k"":""25"",""lookback_days"":""30""}",{},,,,{},,,,,pilot-region-imbalanced-v1,calibration,dataset_region_asymmetry,gac_finalization_heavy,pilot,"{""fetch_size"":""high"",""wan_latency"":""high"",""work_mem"":""high""}",5.772425,6.0,0.0,1.0,7732.0,5476.0,300,,2,2,0,1.0,4,0,2,2,2,60000.0,540000.0,300000.0,1.8,1872896.0,16867328.0,9370112.0,1.8001202120102726,64.0,64.0,64.0,1.0,true,186.075,1175.41,680.7425000000001,19506.882716049382,32.0,2.0,2.0,4.0,2.0,64.0,64.0,false,100.0,13400.0,100.0,13400.0,,,false,false,false,false,false,false,false,,,,,2,"{""Seq Scan"":128}","{""seq_scan"":128}",0.0,[],4,2,0,2,1,0,0,0,0,0.0,4,4,4,1,1,1,0,0,4,1.0226604511637023,65189.444444444445,1.0226604511637023,0.9285714285714286,123385.0,6050.0,18730392.0,0.9407066340009835,0.02290694183015497,fdw_pushdown_fidelity_v1,5,available,"local_filter_after_remote,aggregate_not_pushdowned,sort_not_pushdowned,limit_not_pushdowned",0.2,0.8,,
20260702T014851Z-clean-run-eu-us-gac-region-asymmetry-v1__pilot-region-imbalanced-v1__default__analytics_clients,pilot-region-imbalanced-v1,default,clean-run-eu-us-gac-region-asymmetry-v1,asymmetry_mr_top_tenants__dataset-pilot-region-imbalanced-v1__runtime-default,top_tenants,multiregion_union,20260702T015102Z-clean-run-eu-us-gac-region-asymmetry-v1__pilot-region-imbalanced-v1__default__analytics_clients__pilot-region-imbalanced-v1__default,20260702T020025Z-clean-run-eu-us-gac-region-asymmetry--b14e1737d4f6--ultiregion_top_tenants__lookback_days-7__limit_k-25,asymmetry_mr_top_tenants__dataset-pilot-region-imbalanced-v1__runtime-default__gac_fdw_multiregion_top_tenants__lookback_days-7__limit_k-25,gac_fdw_multiregion_top_tenants,completed,False,0,0,disabled,false,70e6dab484eae0f8fbcd7f56f3e84645ebf75780bf99e758a424ce04fa47a7dd,55ed64244c9ab81cf141dd574284353d204441286f4bfed742ac9904ca21bdff,db7b1445edd01dc5de99e55396ff6825c5a8f8f836694c3cd0ca60172fb40af8,040dea5a2bd512b950738248faa361de4d80d1c6f9c65a70e7bdec857766cbcb,"[{""fdw_region"":""eu"",""plan_fingerprint"":""b0d4753d68dc2d09c2ea6152fe3ab2532151574e17e3e8fd24914adb95487e18"",""remote_sql_id"":""auto_explain_eu_009""},{""fdw_region"":""us"",""plan_fingerprint"":""b0d4753d68dc2d09c2ea6152fe3ab2532151574e17e3e8fd24914adb95487e18"",""remote_sql_id"":""auto_explain_us_004""}]","{""limit_k"":25,""lookback_days"":7}","fdw_union_all,topk,final_ordering,coordinator_fanin",query-collections/20260702T020025Z-clean-run-eu-us-gac-region-asymmetry--b14e1737d4f6--ultiregion_top_tenants__lookback_days-7__limit_k-25,master-regimes/generated/corpus/region-asymmetry-companion-v1/groups/clean-run-eu-us-gac-region-asymmetry-v1__pilot-region-imbalanced-v1__default__analytics_clients/queries/asymmetry_mr_top_tenants__dataset-pilot-region-imbalanced-v1__runtime-default__gac_fdw_multiregion_top_tenants__lookback_days-7__limit_k-25.sql,query-collections/20260702T020025Z-clean-run-eu-us-gac-region-asymmetry--b14e1737d4f6--ultiregion_top_tenants__lookback_days-7__limit_k-25/input/query.sql,query-collections/20260702T020025Z-clean-run-eu-us-gac-region-asymmetry--b14e1737d4f6--ultiregion_top_tenants__lookback_days-7__limit_k-25/input/query_bindings.json,eu-analytics-1,20260702T020025Z,1782957635.041018,1782957637.430420,0,31,mixed_cache_first_observed,,"{""limit_k"":""25"",""lookback_days"":""7""}",{},,,,{},,,,,pilot-region-imbalanced-v1,calibration,dataset_region_asymmetry,"remote_fetch_heavy,gac_finalization_heavy,skew_imbalance",pilot,"{""fetch_size"":""high"",""wan_latency"":""high"",""work_mem"":""high""}",2.389403,9.0,0.0,1.0,0.0,0.0,300,,2,2,0,1.0,2,0,2,2,2,40000.0,360000.0,200000.0,1.8,960512.0,8640512.0,4800512.0,1.799914675767918,32.0,32.0,32.0,1.0,true,83.481,551.371,317.426,1346.445,32.0,2.0,2.0,4.0,2.0,64.0,64.0,false,200.0,13400.0,200.0,13400.0,,,false,false,false,false,false,false,false,,,,,2,"{""Seq Scan"":64}","{""seq_scan"":64}",0.0,[],2,2,0,2,1,0,0,0,0,0.0,2,2,2,1,1,1,0,0,2,4.4561790492741995,3590.52,4.4561790492741995,1.0,0.0,3340.0,9600448.0,0.8125892939319331,0.03349177038404874,fdw_pushdown_fidelity_v1,5,available,"local_filter_after_remote,aggregate_not_pushdowned,sort_not_pushdowned,limit_not_pushdowned",0.2,0.8,,
20260702T014851Z-clean-run-eu-us-gac-region-asymmetry-v1__pilot-region-imbalanced-v1__default__analytics_clients,pilot-region-imbalanced-v1,default,clean-run-eu-us-gac-region-asymmetry-v1,asymmetry_mr_event_filter_summary__dataset-pilot-region-imbalanced-v1__runtime-default,event_filter_summary,multiregion_union,20260702T015102Z-clean-run-eu-us-gac-region-asymmetry-v1__pilot-region-imbalanced-v1__default__analytics_clients__pilot-region-imbalanced-v1__default,20260702T020045Z-clean-run-eu-us-gac-region-asymmetry--787ab853f103--vent_filter_summary__lookback_days-1__min_value-900,asymmetry_mr_event_filter_summary__dataset-pilot-region-imbalanced-v1__runtime-default__gac_fdw_multiregion_event_filter_summary__lookback_days-1__min_value-900,gac_fdw_multiregion_event_filter_summary,completed,False,0,0,disabled,false,bbe7abed7ec3fa20d9b0211e15005ac4028b7410ffe8507f3df23c0161777d45,d8c14ba7d418d0bc628a62dd81fb49f3a9cec35e27846089dd182e70f35f9931,8b2261d3fb2d47cecc5dbf1f4d6cf256fa8eb686e3f77b3778f69660e9f872d2,040dea5a2bd512b950738248faa361de4d80d1c6f9c65a70e7bdec857766cbcb,"[{""fdw_region"":""eu"",""plan_fingerprint"":""b0d4753d68dc2d09c2ea6152fe3ab2532151574e17e3e8fd24914adb95487e18"",""remote_sql_id"":""auto_explain_eu_009""},{""fdw_region"":""us"",""plan_fingerprint"":""b0d4753d68dc2d09c2ea6152fe3ab2532151574e17e3e8fd24914adb95487e18"",""remote_sql_id"":""auto_explain_us_004""}]","{""lookback_days"":1,""min_value"":900}","fdw_union_all,selective_filter,remote_pushdown_candidate",query-collections/20260702T020045Z-clean-run-eu-us-gac-region-asymmetry--787ab853f103--vent_filter_summary__lookback_days-1__min_value-900,master-regimes/generated/corpus/region-asymmetry-companion-v1/groups/clean-run-eu-us-gac-region-asymmetry-v1__pilot-region-imbalanced-v1__default__analytics_clients/queries/asymmetry_mr_event_filter_summary__dataset-pilot-region-imbalanced-v1__runtime-default__gac_fdw_multiregion_event_filter_summary__lookback_days-1__min_value-900.sql,query-collections/20260702T020045Z-clean-run-eu-us-gac-region-asymmetry--787ab853f103--vent_filter_summary__lookback_days-1__min_value-900/input/query.sql,query-collections/20260702T020045Z-clean-run-eu-us-gac-region-asymmetry--787ab853f103--vent_filter_summary__lookback_days-1__min_value-900/input/query_bindings.json,eu-analytics-1,20260702T020045Z,1782957656.226749,1782957656.636744,0,32,mixed_cache_first_observed,,"{""lookback_days"":""1"",""min_value"":""900""}",{},,,,{},,,,,pilot-region-imbalanced-v1,calibration,dataset_region_asymmetry,well_reduced_localized,pilot,"{""fetch_size"":""low"",""wan_latency"":""low"",""work_mem"":""none""}",0.409996,0.0,0.0,,0.0,0.0,300,,2,2,0,1.0,2,0,2,2,2,3963.0,36346.0,20154.5,1.8033689746706691,63488.0,581632.0,322560.0,1.8031746031746032,32.0,32.0,32.0,1.0,true,65.513,107.821,86.667,274.22222222222223,32.0,2.0,2.0,4.0,2.0,64.0,64.0,false,17.0,1347.0,17.0,1347.0,,,false,false,false,false,false,false,false,,,,,2,"{""Seq Scan"":64}","{""seq_scan"":64}",0.0,[],2,2,0,2,1,2,0,0,0,0.0,2,0,0,1,0,0,0,0,2,32.66531604538088,1234.0,32.66531604538088,1.0,0.0,0.0,646064.0,0.8163455253649858,0.03328462814829491,fdw_pushdown_fidelity_v1,3,available,"local_filter_after_remote,aggregate_not_pushdowned",0.3333333333333333,0.6666666666666667,,
20260702T014851Z-clean-run-eu-us-gac-region-asymmetry-v1__pilot-region-imbalanced-v1__default__analytics_clients,pilot-region-imbalanced-v1,default,clean-run-eu-us-gac-region-asymmetry-v1,asymmetry_mr_user_segment_join__dataset-pilot-region-imbalanced-v1__runtime-default,user_segment_topk,multiregion_union,20260702T015102Z-clean-run-eu-us-gac-region-asymmetry-v1__pilot-region-imbalanced-v1__default__analytics_clients__pilot-region-imbalanced-v1__default,20260702T020102Z-clean-run-eu-us-gac-region-asymmetry--d4bb1667bfa8--ion_user_segment_join__lookback_days-30__limit_k-50,asymmetry_mr_user_segment_join__dataset-pilot-region-imbalanced-v1__runtime-default__gac_fdw_multiregion_user_segment_join__lookback_days-30__limit_k-50,gac_fdw_multiregion_user_segment_join,completed,False,0,0,disabled,false,550434b2ab468726c0e708e58c2f05929074d7faa4d94bd31899dea4317847a3,ea83120dadea53f8712c9b5b1d8ddd2bd2fd52c212710765493d8e25da95be01,83c5de2ce3c33d694e70fc8d3757c26da784e6fc3264f730878794edec09f946,59b204d4b25f19c77dc5c8b00848703b6ce261ef45f4163197de67e4b29bec7e,"[{""fdw_region"":""eu"",""plan_fingerprint"":""b0d4753d68dc2d09c2ea6152fe3ab2532151574e17e3e8fd24914adb95487e18"",""remote_sql_id"":""auto_explain_eu_013""},{""fdw_region"":""eu"",""plan_fingerprint"":""b0d4753d68dc2d09c2ea6152fe3ab2532151574e17e3e8fd24914adb95487e18"",""remote_sql_id"":""auto_explain_eu_014""},{""fdw_region"":""us"",""plan_fingerprint"":""b0d4753d68dc2d09c2ea6152fe3ab2532151574e17e3e8fd24914adb95487e18"",""remote_sql_id"":""auto_explain_us_006""},{""fdw_region"":""us"",""plan_fingerprint"":""b0d4753d68dc2d09c2ea6152fe3ab2532151574e17e3e8fd24914adb95487e18"",""remote_sql_id"":""auto_explain_us_007""}]","{""limit_k"":50,""lookback_days"":30}","fdw_remote_join,colocated_join,fdw_union_all,topk",query-collections/20260702T020102Z-clean-run-eu-us-gac-region-asymmetry--d4bb1667bfa8--ion_user_segment_join__lookback_days-30__limit_k-50,master-regimes/generated/corpus/region-asymmetry-companion-v1/groups/clean-run-eu-us-gac-region-asymmetry-v1__pilot-region-imbalanced-v1__default__analytics_clients/queries/asymmetry_mr_user_segment_join__dataset-pilot-region-imbalanced-v1__runtime-default__gac_fdw_multiregion_user_segment_join__lookback_days-30__limit_k-50.sql,query-collections/20260702T020102Z-clean-run-eu-us-gac-region-asymmetry--d4bb1667bfa8--ion_user_segment_join__lookback_days-30__limit_k-50/input/query.sql,query-collections/20260702T020102Z-clean-run-eu-us-gac-region-asymmetry--d4bb1667bfa8--ion_user_segment_join__lookback_days-30__limit_k-50/input/query_bindings.json,eu-analytics-1,20260702T020102Z,1782957672.106041,1782957677.081557,0,33,mixed_cache_first_observed,,"{""limit_k"":""50"",""lookback_days"":""30""}",{},,,,{},,,,,pilot-region-imbalanced-v1,calibration,dataset_region_asymmetry,gac_finalization_heavy,pilot,"{""fetch_size"":""high"",""wan_latency"":""high"",""work_mem"":""high""}",4.975516,6.0,0.0,1.0,7732.0,5476.0,300,,2,2,0,1.0,4,0,2,2,2,60000.0,540000.0,300000.0,1.8,1872896.0,16867328.0,9370112.0,1.8001202120102726,64.0,64.0,64.0,1.0,true,124.215,1011.494,567.8545,19506.697530864196,32.0,2.0,2.0,4.0,2.0,64.0,64.0,false,100.0,13400.0,100.0,13400.0,,,false,false,false,false,false,false,false,,,,,2,"{""Seq Scan"":128}","{""seq_scan"":128}",0.0,[],4,2,0,2,1,0,0,0,0,0.0,4,4,4,1,1,1,0,0,4,1.0226778820341063,65188.333333333336,1.0226778820341063,0.9285714285714286,123385.0,6050.0,18730392.0,0.9407066340009835,0.02290694183015497,fdw_pushdown_fidelity_v1,5,available,"local_filter_after_remote,aggregate_not_pushdowned,sort_not_pushdowned,limit_not_pushdowned",0.2,0.8,,
20260702T014851Z-clean-run-eu-us-gac-region-asymmetry-v1__pilot-region-imbalanced-v1__default__analytics_clients,pilot-region-imbalanced-v1,default,clean-run-eu-us-gac-region-asymmetry-v1,asymmetry_mr_raw_wide_sample__dataset-pilot-region-imbalanced-v1__runtime-default,event_raw_wide_sample,multiregion_union,20260702T015102Z-clean-run-eu-us-gac-region-asymmetry-v1__pilot-region-imbalanced-v1__default__analytics_clients__pilot-region-imbalanced-v1__default,20260702T020125Z-clean-run-eu-us-gac-region-asymmetry--debf69e18bda--__limit_k-100__payload_repeat-16__payload_width-512,asymmetry_mr_raw_wide_sample__dataset-pilot-region-imbalanced-v1__runtime-default__gac_fdw_multiregion_event_raw_wide_sample__lookback_days-7__min_value-500__limit_k-100__payload_repeat-16__payload_width-512,gac_fdw_multiregion_event_raw_wide_sample,completed,False,0,0,disabled,false,f96797f2645ff7832b8b3c96a1487f7685a32e42a250253b6aa6311ae7e40e37,8a72d370155d6b60989381459663f1443bee74a902542b9916bdb2cf011ace65,db4ed3d9a591bd04a004580f3e91a0acb28c98c15abf9b58c3020a2a8c2ff009,f1af9c88fced6446f3307d662193a5d29817224d911ac5038baa56156eedd0a9,"[{""fdw_region"":""eu"",""plan_fingerprint"":""b0d4753d68dc2d09c2ea6152fe3ab2532151574e17e3e8fd24914adb95487e18"",""remote_sql_id"":""auto_explain_eu_009""},{""fdw_region"":""us"",""plan_fingerprint"":""b0d4753d68dc2d09c2ea6152fe3ab2532151574e17e3e8fd24914adb95487e18"",""remote_sql_id"":""auto_explain_us_005""}]","{""limit_k"":100,""lookback_days"":7,""min_value"":500,""payload_repeat"":16,""payload_width"":512}","fdw_union_all,fdw_remote_scan,raw_row_fetch,wide_payload_expression",query-collections/20260702T020125Z-clean-run-eu-us-gac-region-asymmetry--debf69e18bda--__limit_k-100__payload_repeat-16__payload_width-512,master-regimes/generated/corpus/region-asymmetry-companion-v1/groups/clean-run-eu-us-gac-region-asymmetry-v1__pilot-region-imbalanced-v1__default__analytics_clients/queries/asymmetry_mr_raw_wide_sample__dataset-pilot-region-imbalanced-v1__runtime-default__gac_fdw_multiregion_event_raw_wide_sample__lookback_days-7__min_value-500__limit_k-100__payload_repeat-16__payload_width-512.sql,query-collections/20260702T020125Z-clean-run-eu-us-gac-region-asymmetry--debf69e18bda--__limit_k-100__payload_repeat-16__payload_width-512/input/query.sql,query-collections/20260702T020125Z-clean-run-eu-us-gac-region-asymmetry--debf69e18bda--__limit_k-100__payload_repeat-16__payload_width-512/input/query_bindings.json,eu-analytics-1,20260702T020125Z,1782957695.970159,1782957697.457011,0,34,mixed_cache_first_observed,,"{""limit_k"":""100"",""lookback_days"":""7"",""min_value"":""500"",""payload_repeat"":""16"",""payload_width"":""512""}",{},,,,{},,,,,pilot-region-imbalanced-v1,calibration,dataset_region_asymmetry,remote_fetch_heavy,pilot,"{""fetch_size"":""high"",""wan_latency"":""high"",""work_mem"":""none""}",1.486852,9.0,0.0,1.0,0.0,0.0,300,,2,2,0,1.0,2,0,2,2,2,19982.0,180623.0,100302.5,1.8007826325365768,799744.0,7225344.0,4012544.0,1.800689039173153,32.0,32.0,32.0,1.0,true,74.801,312.782,193.79149999999998,451.66,32.0,2.0,2.0,4.0,2.0,64.0,64.0,false,95.0,6673.0,95.0,6673.0,,,false,false,false,false,false,false,false,,,,,2,"{""Seq Scan"":64}","{""seq_scan"":64}",0.0,[],2,2,0,2,1,2,0,0,0,0.0,0,2,2,0,1,1,0,0,2,4.44150467165567,451.66,4.44150467165567,14.7,0.0,2382.0,8023544.0,0.8141042147784452,0.03330996876193363,fdw_pushdown_fidelity_v1,4,available,"local_filter_after_remote,sort_not_pushdowned,limit_not_pushdowned,projection_width_expansion",0.017006802721088437,0.9829931972789115,,
20260702T014851Z-clean-run-eu-us-gac-region-asymmetry-v1__pilot-region-imbalanced-v1__default__analytics_clients,pilot-region-imbalanced-v1,default,clean-run-eu-us-gac-region-asymmetry-v1,asymmetry_etl_top_tenants_control__dataset-pilot-region-imbalanced-v1__runtime-default,top_tenants,etl_materialized,20260702T015102Z-clean-run-eu-us-gac-region-asymmetry-v1__pilot-region-imbalanced-v1__default__analytics_clients__pilot-region-imbalanced-v1__default,20260702T020146Z-clean-run-eu-us-gac-region-asymmetry--a22ae174afd1--t__gac_etl_top_tenants__lookback_days-7__limit_k-25,asymmetry_etl_top_tenants_control__dataset-pilot-region-imbalanced-v1__runtime-default__gac_etl_top_tenants__lookback_days-7__limit_k-25,gac_etl_top_tenants,completed,False,0,0,disabled,false,acd91e68fa5c14c5bf2e6d5ee2af6d3cb68661b404623f642e1fd27e78ee7853,dca2c2c5bdcd63f88bee6484ca3bc7254d30248ee6e9919a3fb8f3747f85d3c7,a49881c3e18e41cb64c5ce256d6072f48852108c5846f3de12ca1b0163e9c345,,,"{""limit_k"":25,""lookback_days"":7}","local_etl_read,topk,low_remote_pressure",query-collections/20260702T020146Z-clean-run-eu-us-gac-region-asymmetry--a22ae174afd1--t__gac_etl_top_tenants__lookback_days-7__limit_k-25,master-regimes/generated/corpus/region-asymmetry-companion-v1/groups/clean-run-eu-us-gac-region-asymmetry-v1__pilot-region-imbalanced-v1__default__analytics_clients/queries/asymmetry_etl_top_tenants_control__dataset-pilot-region-imbalanced-v1__runtime-default__gac_etl_top_tenants__lookback_days-7__limit_k-25.sql,query-collections/20260702T020146Z-clean-run-eu-us-gac-region-asymmetry--a22ae174afd1--t__gac_etl_top_tenants__lookback_days-7__limit_k-25/input/query.sql,query-collections/20260702T020146Z-clean-run-eu-us-gac-region-asymmetry--a22ae174afd1--t__gac_etl_top_tenants__lookback_days-7__limit_k-25/input/query_bindings.json,eu-analytics-1,20260702T020146Z,1782957717.610088,1782957717.654650,0,35,mixed_cache_first_observed,,"{""limit_k"":""25"",""lookback_days"":""7""}",{},,,,{},,,,,pilot-region-imbalanced-v1,negative_control,dataset_region_asymmetry,well_reduced_localized,pilot,"{""fetch_size"":""none"",""wan_latency"":""none"",""work_mem"":""low""}",0.044563,35.0,0.0,1.0,0.0,0.0,300,,2,0,2,0.0,0,0,0,0,0,,,,,,,,,,,,,,,,,,32.0,2.0,2.0,4.0,1.0,,,false,,,,,,,,,,,,,,,,,,,,,,,,,,,,,,,,,,,,,,,,,,,,,,0.0,,,,,fdw_pushdown_fidelity_v1,0,not_applicable_no_fdw,,,,,
20260702T014851Z-clean-run-eu-us-gac-region-asymmetry-v1__pilot-region-imbalanced-v1__default__analytics_clients,pilot-region-imbalanced-v1,default,clean-run-eu-us-gac-region-asymmetry-v1,asymmetry_mr_event_filter_summary__dataset-pilot-region-imbalanced-v1__runtime-default,event_filter_summary,multiregion_union,20260702T015102Z-clean-run-eu-us-gac-region-asymmetry-v1__pilot-region-imbalanced-v1__default__analytics_clients__pilot-region-imbalanced-v1__default,20260702T020203Z-clean-run-eu-us-gac-region-asymmetry--a4346e08af2f--_event_filter_summary__lookback_days-1__min_value-0,asymmetry_mr_event_filter_summary__dataset-pilot-region-imbalanced-v1__runtime-default__gac_fdw_multiregion_event_filter_summary__lookback_days-1__min_value-0,gac_fdw_multiregion_event_filter_summary,completed,False,0,0,disabled,false,bbe7abed7ec3fa20d9b0211e15005ac4028b7410ffe8507f3df23c0161777d45,04056f96bfe6f3028f26f3da559239778d8aa3fc3fb57aec810b37fe96acc866,8b2261d3fb2d47cecc5dbf1f4d6cf256fa8eb686e3f77b3778f69660e9f872d2,f1af9c88fced6446f3307d662193a5d29817224d911ac5038baa56156eedd0a9,"[{""fdw_region"":""eu"",""plan_fingerprint"":""b0d4753d68dc2d09c2ea6152fe3ab2532151574e17e3e8fd24914adb95487e18"",""remote_sql_id"":""auto_explain_eu_009""},{""fdw_region"":""us"",""plan_fingerprint"":""b0d4753d68dc2d09c2ea6152fe3ab2532151574e17e3e8fd24914adb95487e18"",""remote_sql_id"":""auto_explain_us_005""}]","{""lookback_days"":1,""min_value"":0}","fdw_union_all,selective_filter,remote_pushdown_candidate",query-collections/20260702T020203Z-clean-run-eu-us-gac-region-asymmetry--a4346e08af2f--_event_filter_summary__lookback_days-1__min_value-0,master-regimes/generated/corpus/region-asymmetry-companion-v1/groups/clean-run-eu-us-gac-region-asymmetry-v1__pilot-region-imbalanced-v1__default__analytics_clients/queries/asymmetry_mr_event_filter_summary__dataset-pilot-region-imbalanced-v1__runtime-default__gac_fdw_multiregion_event_filter_summary__lookback_days-1__min_value-0.sql,query-collections/20260702T020203Z-clean-run-eu-us-gac-region-asymmetry--a4346e08af2f--_event_filter_summary__lookback_days-1__min_value-0/input/query.sql,query-collections/20260702T020203Z-clean-run-eu-us-gac-region-asymmetry--a4346e08af2f--_event_filter_summary__lookback_days-1__min_value-0/input/query_bindings.json,eu-analytics-1,20260702T020203Z,1782957732.810047,1782957734.899077,0,36,mixed_cache_first_observed,,"{""lookback_days"":""1"",""min_value"":""0""}",{},,,,{},,,,,pilot-region-imbalanced-v1,calibration,dataset_region_asymmetry,well_reduced_localized,pilot,"{""fetch_size"":""low"",""wan_latency"":""low"",""work_mem"":""none""}",2.089031,0.0,0.0,,0.0,0.0,300,,2,2,0,1.0,2,0,2,2,2,40000.0,360000.0,200000.0,1.8,640000.0,5760000.0,3200000.0,1.8,32.0,32.0,32.0,1.0,true,71.31,409.555,240.4325,2797.3333333333335,32.0,2.0,2.0,4.0,2.0,64.0,64.0,false,200.0,13400.0,200.0,13400.0,,,false,false,false,false,false,false,false,,,,,2,"{""Seq Scan"":64}","{""seq_scan"":64}",0.0,[],2,2,0,2,1,2,0,0,0,0.0,2,0,0,1,0,0,0,0,2,31.776294884016522,12588.0,31.776294884016522,1.0,0.0,2638.0,6407168.0,0.8112997746444989,0.03340258910020777,fdw_pushdown_fidelity_v1,3,available,"local_filter_after_remote,aggregate_not_pushdowned",0.3333333333333333,0.6666666666666667,,
20260702T014851Z-clean-run-eu-us-gac-region-asymmetry-v1__pilot-region-imbalanced-v1__default__analytics_clients,pilot-region-imbalanced-v1,default,clean-run-eu-us-gac-region-asymmetry-v1,asymmetry_mr_raw_region_rollup__dataset-pilot-region-imbalanced-v1__runtime-default,event_full_scan_summary,multiregion_union,20260702T015102Z-clean-run-eu-us-gac-region-asymmetry-v1__pilot-region-imbalanced-v1__default__analytics_clients__pilot-region-imbalanced-v1__default,20260702T020220Z-clean-run-eu-us-gac-region-asymmetry--f98ea0a8c22d--fdw_multiregion_raw_region_rollup__lookback_days-30,asymmetry_mr_raw_region_rollup__dataset-pilot-region-imbalanced-v1__runtime-default__gac_fdw_multiregion_raw_region_rollup__lookback_days-30,gac_fdw_multiregion_raw_region_rollup,completed,False,0,0,disabled,false,6ea964648de3595bee23ace2b070299f662fb662ad951c686b0177387ba2c6d5,4bf35d91ba0ae69dcf4bf6e00989343896d0ab2a12ee656eec69ea3ce8829913,9f995e231cca461edd4d9c705c93b1b27701f5257549113cbe94b92f90c6ca85,c76061dc79ede200ad7386cdfac15212ff214af0fce8fcc3a1f465375005f598,"[{""fdw_region"":""eu"",""plan_fingerprint"":""b0d4753d68dc2d09c2ea6152fe3ab2532151574e17e3e8fd24914adb95487e18"",""remote_sql_id"":""auto_explain_eu_011""},{""fdw_region"":""us"",""plan_fingerprint"":""b0d4753d68dc2d09c2ea6152fe3ab2532151574e17e3e8fd24914adb95487e18"",""remote_sql_id"":""auto_explain_us_004""}]","{""lookback_days"":30}","fdw_union_all,fdw_remote_scan,raw_row_fetch,gac_global_group_by,non_distribution_filter",query-collections/20260702T020220Z-clean-run-eu-us-gac-region-asymmetry--f98ea0a8c22d--fdw_multiregion_raw_region_rollup__lookback_days-30,master-regimes/generated/corpus/region-asymmetry-companion-v1/groups/clean-run-eu-us-gac-region-asymmetry-v1__pilot-region-imbalanced-v1__default__analytics_clients/queries/asymmetry_mr_raw_region_rollup__dataset-pilot-region-imbalanced-v1__runtime-default__gac_fdw_multiregion_raw_region_rollup__lookback_days-30.sql,query-collections/20260702T020220Z-clean-run-eu-us-gac-region-asymmetry--f98ea0a8c22d--fdw_multiregion_raw_region_rollup__lookback_days-30/input/query.sql,query-collections/20260702T020220Z-clean-run-eu-us-gac-region-asymmetry--f98ea0a8c22d--fdw_multiregion_raw_region_rollup__lookback_days-30/input/query_bindings.json,eu-analytics-1,20260702T020220Z,1782957749.122248,1782957751.426825,0,37,mixed_cache_first_observed,,"{""lookback_days"":""30""}",{},,,,{},,,,,pilot-region-imbalanced-v1,calibration,dataset_region_asymmetry,"remote_fetch_heavy,skew_imbalance",pilot,"{""fetch_size"":""high"",""wan_latency"":""high"",""work_mem"":""high""}",2.304578,3.0,0.0,1.0,0.0,0.0,300,,2,2,0,1.0,2,0,2,2,2,40000.0,360000.0,200000.0,1.8,640000.0,5760000.0,3200000.0,1.8,32.0,32.0,32.0,1.0,true,77.09,420.338,248.714,161118.75,32.0,2.0,2.0,4.0,2.0,64.0,64.0,false,200.0,13400.0,200.0,13400.0,,,false,false,false,false,false,false,false,,,,,2,"{""Seq Scan"":64}","{""seq_scan"":64}",0.0,[],2,2,0,2,1,0,0,0,0,0.0,2,2,0,1,1,0,0,0,2,1.0344337121946805,193342.5,1.0344337121946805,2.5,0.0,2638.0,6407168.0,0.8112997746444989,0.03340258910020777,fdw_pushdown_fidelity_v1,4,available,"local_filter_after_remote,aggregate_not_pushdowned,sort_not_pushdowned,projection_width_expansion",0.1,0.9,,
20260702T014851Z-clean-run-eu-us-gac-region-asymmetry-v1__pilot-region-imbalanced-v1__default__analytics_clients,pilot-region-imbalanced-v1,default,clean-run-eu-us-gac-region-asymmetry-v1,asymmetry_mr_multi_dimension_rollup__dataset-pilot-region-imbalanced-v1__runtime-default,multi_dimension_rollup,multiregion_union,20260702T015102Z-clean-run-eu-us-gac-region-asymmetry-v1__pilot-region-imbalanced-v1__default__analytics_clients__pilot-region-imbalanced-v1__default,20260702T020237Z-clean-run-eu-us-gac-region-asymmetry--f3b4dba3e0b9--lti_dimension_rollup__lookback_days-30__limit_k-100,asymmetry_mr_multi_dimension_rollup__dataset-pilot-region-imbalanced-v1__runtime-default__gac_fdw_multiregion_multi_dimension_rollup__lookback_days-30__limit_k-100,gac_fdw_multiregion_multi_dimension_rollup,completed,False,0,0,disabled,false,2fb2c4dc7294b06ccb2e90b11eec0562f4ca237d24d4811fcbffaf7ffe881530,8a20c1197adc9269f25ad6acab4c949d300e7792e0b62f92376ed65a43e4a606,6fa6a810e585d93cab6900cd3230b72c02ad8b63128e79a55454e9da2bc013d0,1692c31a0c77b653c16ef8fe12a14418198ef763ec19916656f373c67a091c47,"[{""fdw_region"":""eu"",""plan_fingerprint"":""b0d4753d68dc2d09c2ea6152fe3ab2532151574e17e3e8fd24914adb95487e18"",""remote_sql_id"":""auto_explain_eu_013""},{""fdw_region"":""eu"",""plan_fingerprint"":""b0d4753d68dc2d09c2ea6152fe3ab2532151574e17e3e8fd24914adb95487e18"",""remote_sql_id"":""auto_explain_eu_014""},{""fdw_region"":""eu"",""plan_fingerprint"":""b0d4753d68dc2d09c2ea6152fe3ab2532151574e17e3e8fd24914adb95487e18"",""remote_sql_id"":""auto_explain_eu_015""},{""fdw_region"":""us"",""plan_fingerprint"":""b0d4753d68dc2d09c2ea6152fe3ab2532151574e17e3e8fd24914adb95487e18"",""remote_sql_id"":""auto_explain_us_007""},{""fdw_region"":""us"",""plan_fingerprint"":""b0d4753d68dc2d09c2ea6152fe3ab2532151574e17e3e8fd24914adb95487e18"",""remote_sql_id"":""auto_explain_us_008""},{""fdw_region"":""us"",""plan_fingerprint"":""b0d4753d68dc2d09c2ea6152fe3ab2532151574e17e3e8fd24914adb95487e18"",""remote_sql_id"":""auto_explain_us_009""}]","{""limit_k"":100,""lookback_days"":30}","fdw_remote_join,multi_join,fdw_union_all,daily_group_by",query-collections/20260702T020237Z-clean-run-eu-us-gac-region-asymmetry--f3b4dba3e0b9--lti_dimension_rollup__lookback_days-30__limit_k-100,master-regimes/generated/corpus/region-asymmetry-companion-v1/groups/clean-run-eu-us-gac-region-asymmetry-v1__pilot-region-imbalanced-v1__default__analytics_clients/queries/asymmetry_mr_multi_dimension_rollup__dataset-pilot-region-imbalanced-v1__runtime-default__gac_fdw_multiregion_multi_dimension_rollup__lookback_days-30__limit_k-100.sql,query-collections/20260702T020237Z-clean-run-eu-us-gac-region-asymmetry--f3b4dba3e0b9--lti_dimension_rollup__lookback_days-30__limit_k-100/input/query.sql,query-collections/20260702T020237Z-clean-run-eu-us-gac-region-asymmetry--f3b4dba3e0b9--lti_dimension_rollup__lookback_days-30__limit_k-100/input/query_bindings.json,eu-analytics-1,20260702T020237Z,1782957767.040567,1782957772.922313,0,38,mixed_cache_first_observed,,"{""limit_k"":""100"",""lookback_days"":""30""}",{},,,,{},,,,,pilot-region-imbalanced-v1,calibration,dataset_region_asymmetry,"join_movement,gac_finalization_heavy,skew_imbalance",pilot,"{""fetch_size"":""high"",""wan_latency"":""high"",""work_mem"":""high""}",5.881748,9.0,0.0,1.0,6949.0,6955.0,300,,2,2,0,1.0,6,0,2,2,2,60200.0,541800.0,301000.0,1.8,1753086.0,15792128.0,8772607.0,1.800163622968634,65.0,65.0,65.0,1.0,true,132.189,788.808,460.4985,2292.2766666666666,32.0,2.0,2.0,4.0,2.0,64.0,64.0,false,100.0,13400.0,100.0,13400.0,,,false,false,false,false,false,false,false,,,,,2,"{""Seq Scan"":130}","{""seq_scan"":130}",0.0,[],6,2,0,2,1,0,0,0,0,0.0,6,6,6,1,1,1,0,0,6,1.0226216826373447,5886.83,1.0226216826373447,1.2,123992.0,5736.0,17536518.0,1.0205316553813444,0.024466430565064284,fdw_pushdown_fidelity_v1,5,available,"local_filter_after_remote,aggregate_not_pushdowned,sort_not_pushdowned,limit_not_pushdowned,projection_width_expansion",0.16666666666666669,0.8333333333333333,,
20260702T014851Z-clean-run-eu-us-gac-region-asymmetry-v1__pilot-region-imbalanced-v1__default__analytics_clients,pilot-region-imbalanced-v1,default,clean-run-eu-us-gac-region-asymmetry-v1,asymmetry_mr_event_filter_summary__dataset-pilot-region-imbalanced-v1__runtime-default,event_filter_summary,multiregion_union,20260702T015102Z-clean-run-eu-us-gac-region-asymmetry-v1__pilot-region-imbalanced-v1__default__analytics_clients__pilot-region-imbalanced-v1__default,20260702T020258Z-clean-run-eu-us-gac-region-asymmetry--5e9920259f2f--vent_filter_summary__lookback_days-7__min_value-500,asymmetry_mr_event_filter_summary__dataset-pilot-region-imbalanced-v1__runtime-default__gac_fdw_multiregion_event_filter_summary__lookback_days-7__min_value-500,gac_fdw_multiregion_event_filter_summary,completed,False,0,0,disabled,false,bbe7abed7ec3fa20d9b0211e15005ac4028b7410ffe8507f3df23c0161777d45,fc005ba90fb9e8afc383cfdd6310297ad393df3102e7b5061458b43da84affa0,8b2261d3fb2d47cecc5dbf1f4d6cf256fa8eb686e3f77b3778f69660e9f872d2,5cc70ca599d60eb5a76b6db6904a5814dfaa008ebed5bb1bf02f9f235133b74b,"[{""fdw_region"":""eu"",""plan_fingerprint"":""b0d4753d68dc2d09c2ea6152fe3ab2532151574e17e3e8fd24914adb95487e18"",""remote_sql_id"":""auto_explain_eu_008""},{""fdw_region"":""us"",""plan_fingerprint"":""b0d4753d68dc2d09c2ea6152fe3ab2532151574e17e3e8fd24914adb95487e18"",""remote_sql_id"":""auto_explain_us_006""}]","{""lookback_days"":7,""min_value"":500}","fdw_union_all,selective_filter,remote_pushdown_candidate",query-collections/20260702T020258Z-clean-run-eu-us-gac-region-asymmetry--5e9920259f2f--vent_filter_summary__lookback_days-7__min_value-500,master-regimes/generated/corpus/region-asymmetry-companion-v1/groups/clean-run-eu-us-gac-region-asymmetry-v1__pilot-region-imbalanced-v1__default__analytics_clients/queries/asymmetry_mr_event_filter_summary__dataset-pilot-region-imbalanced-v1__runtime-default__gac_fdw_multiregion_event_filter_summary__lookback_days-7__min_value-500.sql,query-collections/20260702T020258Z-clean-run-eu-us-gac-region-asymmetry--5e9920259f2f--vent_filter_summary__lookback_days-7__min_value-500/input/query.sql,query-collections/20260702T020258Z-clean-run-eu-us-gac-region-asymmetry--5e9920259f2f--vent_filter_summary__lookback_days-7__min_value-500/input/query_bindings.json,eu-analytics-1,20260702T020258Z,1782957788.426725,1782957789.596604,0,39,mixed_cache_first_observed,,"{""lookback_days"":""7"",""min_value"":""500""}",{},,,,{},,,,,pilot-region-imbalanced-v1,calibration,dataset_region_asymmetry,well_reduced_localized,pilot,"{""fetch_size"":""low"",""wan_latency"":""low"",""work_mem"":""none""}",1.169880,0.0,0.0,,0.0,0.0,300,,2,2,0,1.0,2,0,2,2,2,19982.0,180623.0,100302.5,1.8007826325365768,319488.0,2889728.0,1604608.0,1.8008934269304404,32.0,32.0,32.0,1.0,true,71.062,252.176,161.619,10036.444444444445,32.0,2.0,2.0,4.0,2.0,64.0,64.0,false,95.0,6673.0,95.0,6673.0,,,false,false,false,false,false,false,false,,,,,2,"{""Seq Scan"":64}","{""seq_scan"":64}",0.0,[],2,2,0,2,1,2,0,0,0,0.0,2,0,0,1,0,0,0,0,2,4.441701355061554,45164.0,4.441701355061554,1.0,0.0,1324.0,3208880.0,0.81305507771997,0.03318790356759991,fdw_pushdown_fidelity_v1,3,available,"local_filter_after_remote,aggregate_not_pushdowned",0.3333333333333333,0.6666666666666667,,
20260702T014851Z-clean-run-eu-us-gac-region-asymmetry-v1__pilot-region-imbalanced-v1__default__analytics_clients,pilot-region-imbalanced-v1,default,clean-run-eu-us-gac-region-asymmetry-v1,asymmetry_mr_event_full_scan_summary__dataset-pilot-region-imbalanced-v1__runtime-default,event_full_scan_summary,multiregion_union,20260702T015102Z-clean-run-eu-us-gac-region-asymmetry-v1__pilot-region-imbalanced-v1__default__analytics_clients__pilot-region-imbalanced-v1__default,20260702T020318Z-clean-run-eu-us-gac-region-asymmetry--a7b1ee5e3740--c_fdw_multiregion_event_full_scan_summary__case-001,asymmetry_mr_event_full_scan_summary__dataset-pilot-region-imbalanced-v1__runtime-default__gac_fdw_multiregion_event_full_scan_summary__case-001,gac_fdw_multiregion_event_full_scan_summary,completed,False,0,0,disabled,false,e76050ec650bed5b4c6e2c6ffc98e96b2eda7e5e660160c99ab49d7f41ebfd51,6b013779143d46aa36596960a02e18ba22fa5e83ce8b76bd14f1adf54a57a2b1,094f9b206593fc8f449ca13ae58a5a45b1938ea59ca04b5be8843c2d6e90c5ef,dec466d6e6dd2a5f204345ca5a93356f254993b45a13800dacc784756cb0b6e3,"[{""fdw_region"":""eu"",""plan_fingerprint"":""8fe9588992228dccd3bfdbb6ea12c1ffc318b2c32a3534dd1f5d3fc3491cac67"",""remote_sql_id"":""auto_explain_eu_013""},{""fdw_region"":""us"",""plan_fingerprint"":""8fe9588992228dccd3bfdbb6ea12c1ffc318b2c32a3534dd1f5d3fc3491cac67"",""remote_sql_id"":""auto_explain_us_004""}]",{},"fdw_union_all,full_scan,aggregate",query-collections/20260702T020318Z-clean-run-eu-us-gac-region-asymmetry--a7b1ee5e3740--c_fdw_multiregion_event_full_scan_summary__case-001,master-regimes/generated/corpus/region-asymmetry-companion-v1/groups/clean-run-eu-us-gac-region-asymmetry-v1__pilot-region-imbalanced-v1__default__analytics_clients/queries/asymmetry_mr_event_full_scan_summary__dataset-pilot-region-imbalanced-v1__runtime-default__gac_fdw_multiregion_event_full_scan_summary__case-001.sql,query-collections/20260702T020318Z-clean-run-eu-us-gac-region-asymmetry--a7b1ee5e3740--c_fdw_multiregion_event_full_scan_summary__case-001/input/query.sql,query-collections/20260702T020318Z-clean-run-eu-us-gac-region-asymmetry--a7b1ee5e3740--c_fdw_multiregion_event_full_scan_summary__case-001/input/query_bindings.json,eu-analytics-1,20260702T020318Z,1782957810.285398,1782957810.518091,0,40,mixed_cache_first_observed,,{},{},,,,{},,,,,pilot-region-imbalanced-v1,calibration,dataset_region_asymmetry,"well_reduced_localized,remote_fetch_heavy",pilot,"{""fetch_size"":""low"",""wan_latency"":""low"",""work_mem"":""none""}",0.232695,0.0,0.0,,0.0,0.0,300,,2,2,0,1.0,2,0,2,2,2,1.0,1.0,1.0,1.0,1280.0,1280.0,1280.0,1.0,32.0,32.0,32.0,1.0,true,54.749,91.668,73.2085,2.0,32.0,2.0,2.0,4.0,2.0,64.0,64.0,false,1.0,1.0,200.0,13400.0,,,false,true,false,true,false,false,false,,,,,2,"{""Aggregate"":64,""Seq Scan"":64}","{""seq_scan"":64}",0.0,[],2,0,0,0,0,0,0,0,0,,2,0,0,0,0,0,0,0,2,1.0,2.0,1.0,1.0,0.0,0.0,2560.0,0.0,0.015625,fdw_pushdown_fidelity_v1,2,available,,1.0,0.0,,
20260702T014851Z-clean-run-eu-us-gac-region-asymmetry-v1__pilot-region-imbalanced-v1__default__analytics_clients,pilot-region-imbalanced-v1,default,clean-run-eu-us-gac-region-asymmetry-v1,asymmetry_mr_global_user_join__dataset-pilot-region-imbalanced-v1__runtime-default,global_user_topk,multiregion_union,20260702T015102Z-clean-run-eu-us-gac-region-asymmetry-v1__pilot-region-imbalanced-v1__default__analytics_clients__pilot-region-imbalanced-v1__default,20260702T020338Z-clean-run-eu-us-gac-region-asymmetry--ec81021196ed--gion_global_user_join__lookback_days-30__limit_k-25,asymmetry_mr_global_user_join__dataset-pilot-region-imbalanced-v1__runtime-default__gac_fdw_multiregion_global_user_join__lookback_days-30__limit_k-25,gac_fdw_multiregion_global_user_join,completed,False,0,0,disabled,false,a77ebdf1bca778e3be6bccf75904bd282be19ff442406f429dbf9364d5c193c7,fbe5524098c387d4882eb33b7d43d53978779aac6319309925b1ea5523cbc0cc,5f95d7d45ef0ac2b5b3fa855af821e6ac14bdcdcec6284b972d0e640c5aad5f1,c1d5bafb52c0253087091bba970cd4a4b60f0b2b7ec6f370a073e3a547f7a0e3,"[{""fdw_region"":""eu"",""plan_fingerprint"":""b0d4753d68dc2d09c2ea6152fe3ab2532151574e17e3e8fd24914adb95487e18"",""remote_sql_id"":""auto_explain_eu_017""},{""fdw_region"":""eu"",""plan_fingerprint"":""b0d4753d68dc2d09c2ea6152fe3ab2532151574e17e3e8fd24914adb95487e18"",""remote_sql_id"":""auto_explain_eu_018""},{""fdw_region"":""us"",""plan_fingerprint"":""b0d4753d68dc2d09c2ea6152fe3ab2532151574e17e3e8fd24914adb95487e18"",""remote_sql_id"":""auto_explain_us_008""},{""fdw_region"":""us"",""plan_fingerprint"":""b0d4753d68dc2d09c2ea6152fe3ab2532151574e17e3e8fd24914adb95487e18"",""remote_sql_id"":""auto_explain_us_009""}]","{""limit_k"":25,""lookback_days"":30}","fdw_remote_join,non_colocated_join,fdw_union_all,topk",query-collections/20260702T020338Z-clean-run-eu-us-gac-region-asymmetry--ec81021196ed--gion_global_user_join__lookback_days-30__limit_k-25,master-regimes/generated/corpus/region-asymmetry-companion-v1/groups/clean-run-eu-us-gac-region-asymmetry-v1__pilot-region-imbalanced-v1__default__analytics_clients/queries/asymmetry_mr_global_user_join__dataset-pilot-region-imbalanced-v1__runtime-default__gac_fdw_multiregion_global_user_join__lookback_days-30__limit_k-25.sql,query-collections/20260702T020338Z-clean-run-eu-us-gac-region-asymmetry--ec81021196ed--gion_global_user_join__lookback_days-30__limit_k-25/input/query.sql,query-collections/20260702T020338Z-clean-run-eu-us-gac-region-asymmetry--ec81021196ed--gion_global_user_join__lookback_days-30__limit_k-25/input/query_bindings.json,eu-analytics-1,20260702T020338Z,1782957831.456580,1782957837.175277,0,41,mixed_cache_first_observed,,"{""limit_k"":""25"",""lookback_days"":""30""}",{},,,,{},,,,,pilot-region-imbalanced-v1,calibration,dataset_region_asymmetry,"join_movement,gac_finalization_heavy,skew_imbalance",pilot,"{""fetch_size"":""high"",""wan_latency"":""high"",""work_mem"":""high""}",5.718698,6.0,0.0,1.0,8052.0,5648.0,300,,2,2,0,1.0,4,0,2,2,2,60000.0,540000.0,300000.0,1.8,1912832.0,17227776.0,9570304.0,1.8001283971752622,64.0,64.0,64.0,1.0,true,130.417,825.577,477.997,10000.070707070707,32.0,2.0,2.0,4.0,2.0,64.0,64.0,false,0.0,13400.0,0.0,13400.0,,,false,false,false,false,false,false,false,,,,,2,"{""Seq Scan"":128}","{""seq_scan"":128}",0.0,[],4,2,0,2,1,0,0,0,0,0.0,4,4,4,1,1,1,0,0,4,1.022711002324963,32593.11111111111,1.022711002324963,0.9444444444444444,127899.0,6182.0,19133384.0,0.9746008490981084,0.02242447023485234,fdw_pushdown_fidelity_v1,5,available,"local_filter_after_remote,aggregate_not_pushdowned,sort_not_pushdowned,limit_not_pushdowned",0.2,0.8,,
20260702T014851Z-clean-run-eu-us-gac-region-asymmetry-v1__pilot-region-imbalanced-v1__default__analytics_clients,pilot-region-imbalanced-v1,default,clean-run-eu-us-gac-region-asymmetry-v1,asymmetry_mr_tenant_tier_join__dataset-pilot-region-imbalanced-v1__runtime-default,tenant_tier_daily_join,multiregion_union,20260702T015102Z-clean-run-eu-us-gac-region-asymmetry-v1__pilot-region-imbalanced-v1__default__analytics_clients__pilot-region-imbalanced-v1__default,20260702T020405Z-clean-run-eu-us-gac-region-asymmetry--16330cf3da59--egion_tenant_tier_join__lookback_days-7__limit_k-50,asymmetry_mr_tenant_tier_join__dataset-pilot-region-imbalanced-v1__runtime-default__gac_fdw_multiregion_tenant_tier_join__lookback_days-7__limit_k-50,gac_fdw_multiregion_tenant_tier_join,completed,False,0,0,disabled,false,e864c870f82e6d7be831a83dfcb882eed87b119ded75d3671dad3e2e08a7056a,6b3bc1b524e1862235d96a6c279b00627d6a8d4f37bc7fce86caf17878064024,892229cc781dec3847a4f793bb7caccc38bbe608441979c01101d8065e4858cf,8b4ff721c9a18222ed8766e61c2b2baead3c6ee1ab008e767f83295dabb14bbc,"[{""fdw_region"":""eu"",""plan_fingerprint"":""b0d4753d68dc2d09c2ea6152fe3ab2532151574e17e3e8fd24914adb95487e18"",""remote_sql_id"":""auto_explain_eu_009""},{""fdw_region"":""eu"",""plan_fingerprint"":""b0d4753d68dc2d09c2ea6152fe3ab2532151574e17e3e8fd24914adb95487e18"",""remote_sql_id"":""auto_explain_eu_010""},{""fdw_region"":""us"",""plan_fingerprint"":""b0d4753d68dc2d09c2ea6152fe3ab2532151574e17e3e8fd24914adb95487e18"",""remote_sql_id"":""auto_explain_us_005""},{""fdw_region"":""us"",""plan_fingerprint"":""b0d4753d68dc2d09c2ea6152fe3ab2532151574e17e3e8fd24914adb95487e18"",""remote_sql_id"":""auto_explain_us_006""}]","{""limit_k"":50,""lookback_days"":7}","fdw_remote_join,reference_join,fdw_union_all,daily_group_by",query-collections/20260702T020405Z-clean-run-eu-us-gac-region-asymmetry--16330cf3da59--egion_tenant_tier_join__lookback_days-7__limit_k-50,master-regimes/generated/corpus/region-asymmetry-companion-v1/groups/clean-run-eu-us-gac-region-asymmetry-v1__pilot-region-imbalanced-v1__default__analytics_clients/queries/asymmetry_mr_tenant_tier_join__dataset-pilot-region-imbalanced-v1__runtime-default__gac_fdw_multiregion_tenant_tier_join__lookback_days-7__limit_k-50.sql,query-collections/20260702T020405Z-clean-run-eu-us-gac-region-asymmetry--16330cf3da59--egion_tenant_tier_join__lookback_days-7__limit_k-50/input/query.sql,query-collections/20260702T020405Z-clean-run-eu-us-gac-region-asymmetry--16330cf3da59--egion_tenant_tier_join__lookback_days-7__limit_k-50/input/query_bindings.json,eu-analytics-1,20260702T020405Z,1782957854.720106,1782957857.277863,0,42,mixed_cache_first_observed,,"{""limit_k"":""50"",""lookback_days"":""7""}",{},,,,{},,,,,pilot-region-imbalanced-v1,calibration,dataset_region_asymmetry,gac_finalization_heavy,pilot,"{""fetch_size"":""high"",""wan_latency"":""high"",""work_mem"":""high""}",2.557758,6.0,0.0,1.0,483.0,484.0,300,,2,2,0,1.0,4,0,2,2,2,40200.0,361800.0,201000.0,1.8,963582.0,8668160.0,4815871.0,1.7999153216520958,33.0,33.0,33.0,1.0,true,95.351,550.89,323.1205,948.5972222222222,32.0,2.0,2.0,4.0,2.0,64.0,64.0,false,200.0,13400.0,200.0,13400.0,,,false,false,false,false,false,false,false,,,,,2,"{""Seq Scan"":66}","{""seq_scan"":66}",0.0,[],4,2,0,2,1,0,0,0,0,0.0,4,4,4,1,1,1,0,0,4,4.38233113853399,3822.1666666666665,4.38233113853399,1.6666666666666667,7736.0,3340.0,9631166.0,0.8377541263540513,0.03338495048263108,fdw_pushdown_fidelity_v1,5,available,"local_filter_after_remote,aggregate_not_pushdowned,sort_not_pushdowned,limit_not_pushdowned,projection_width_expansion",0.12,0.88,,
20260702T014851Z-clean-run-eu-us-gac-region-asymmetry-v1__pilot-region-imbalanced-v1__default__analytics_clients,pilot-region-imbalanced-v1,default,clean-run-eu-us-gac-region-asymmetry-v1,asymmetry_mr_raw_wide_sample__dataset-pilot-region-imbalanced-v1__runtime-default,event_raw_wide_sample,multiregion_union,20260702T015102Z-clean-run-eu-us-gac-region-asymmetry-v1__pilot-region-imbalanced-v1__default__analytics_clients__pilot-region-imbalanced-v1__default,20260702T020423Z-clean-run-eu-us-gac-region-asymmetry--e94254ff941c--__limit_k-250__payload_repeat-16__payload_width-512,asymmetry_mr_raw_wide_sample__dataset-pilot-region-imbalanced-v1__runtime-default__gac_fdw_multiregion_event_raw_wide_sample__lookback_days-7__min_value-500__limit_k-250__payload_repeat-16__payload_width-512,gac_fdw_multiregion_event_raw_wide_sample,completed,False,0,0,disabled,false,f96797f2645ff7832b8b3c96a1487f7685a32e42a250253b6aa6311ae7e40e37,77ad9351cb9ea736adc2728d0880b5d7ea36ffb7dae76ef57b9e5bfde940bcde,db4ed3d9a591bd04a004580f3e91a0acb28c98c15abf9b58c3020a2a8c2ff009,a752517f07eff4e74f8b666c356edc7fea43e983189127c126f9bd8d829af114,"[{""fdw_region"":""eu"",""plan_fingerprint"":""b0d4753d68dc2d09c2ea6152fe3ab2532151574e17e3e8fd24914adb95487e18"",""remote_sql_id"":""auto_explain_eu_011""},{""fdw_region"":""us"",""plan_fingerprint"":""b0d4753d68dc2d09c2ea6152fe3ab2532151574e17e3e8fd24914adb95487e18"",""remote_sql_id"":""auto_explain_us_005""}]","{""limit_k"":250,""lookback_days"":7,""min_value"":500,""payload_repeat"":16,""payload_width"":512}","fdw_union_all,fdw_remote_scan,raw_row_fetch,wide_payload_expression",query-collections/20260702T020423Z-clean-run-eu-us-gac-region-asymmetry--e94254ff941c--__limit_k-250__payload_repeat-16__payload_width-512,master-regimes/generated/corpus/region-asymmetry-companion-v1/groups/clean-run-eu-us-gac-region-asymmetry-v1__pilot-region-imbalanced-v1__default__analytics_clients/queries/asymmetry_mr_raw_wide_sample__dataset-pilot-region-imbalanced-v1__runtime-default__gac_fdw_multiregion_event_raw_wide_sample__lookback_days-7__min_value-500__limit_k-250__payload_repeat-16__payload_width-512.sql,query-collections/20260702T020423Z-clean-run-eu-us-gac-region-asymmetry--e94254ff941c--__limit_k-250__payload_repeat-16__payload_width-512/input/query.sql,query-collections/20260702T020423Z-clean-run-eu-us-gac-region-asymmetry--e94254ff941c--__limit_k-250__payload_repeat-16__payload_width-512/input/query_bindings.json,eu-analytics-1,20260702T020423Z,1782957873.122185,1782957874.835457,0,43,mixed_cache_first_observed,,"{""limit_k"":""250"",""lookback_days"":""7"",""min_value"":""500"",""payload_repeat"":""16"",""payload_width"":""512""}",{},,,,{},,,,,pilot-region-imbalanced-v1,calibration,dataset_region_asymmetry,remote_fetch_heavy,pilot,"{""fetch_size"":""high"",""wan_latency"":""high"",""work_mem"":""none""}",1.713273,9.0,0.0,1.0,0.0,0.0,300,,2,2,0,1.0,2,0,2,2,2,19982.0,180623.0,100302.5,1.8007826325365768,799744.0,7225344.0,4012544.0,1.800689039173153,32.0,32.0,32.0,1.0,true,83.535,438.858,261.1965,180.624,32.0,2.0,2.0,4.0,2.0,64.0,64.0,false,95.0,6673.0,95.0,6673.0,,,false,false,false,false,false,false,false,,,,,2,"{""Seq Scan"":64}","{""seq_scan"":64}",0.0,[],2,2,0,2,1,2,0,0,0,0.0,0,2,2,0,1,1,0,0,2,4.442488262910798,180.624,4.442488262910798,14.7,0.0,2382.0,8023544.0,0.8141042147784452,0.03330996876193363,fdw_pushdown_fidelity_v1,4,available,"local_filter_after_remote,sort_not_pushdowned,limit_not_pushdowned,projection_width_expansion",0.017006802721088437,0.9829931972789115,,
20260702T014851Z-clean-run-eu-us-gac-region-asymmetry-v1__pilot-region-imbalanced-v1__default__analytics_clients,pilot-region-imbalanced-v1,default,clean-run-eu-us-gac-region-asymmetry-v1,asymmetry_mr_raw_region_rollup__dataset-pilot-region-imbalanced-v1__runtime-default,event_full_scan_summary,multiregion_union,20260702T015102Z-clean-run-eu-us-gac-region-asymmetry-v1__pilot-region-imbalanced-v1__default__analytics_clients__pilot-region-imbalanced-v1__default,20260702T020440Z-clean-run-eu-us-gac-region-asymmetry--fe7d15492a90--_fdw_multiregion_raw_region_rollup__lookback_days-7,asymmetry_mr_raw_region_rollup__dataset-pilot-region-imbalanced-v1__runtime-default__gac_fdw_multiregion_raw_region_rollup__lookback_days-7,gac_fdw_multiregion_raw_region_rollup,completed,False,0,0,disabled,false,6ea964648de3595bee23ace2b070299f662fb662ad951c686b0177387ba2c6d5,3e8add382901193a0779fecec66165d21a68b56b5b446f1edf2f29cf17c525d6,9f995e231cca461edd4d9c705c93b1b27701f5257549113cbe94b92f90c6ca85,040dea5a2bd512b950738248faa361de4d80d1c6f9c65a70e7bdec857766cbcb,"[{""fdw_region"":""eu"",""plan_fingerprint"":""b0d4753d68dc2d09c2ea6152fe3ab2532151574e17e3e8fd24914adb95487e18"",""remote_sql_id"":""auto_explain_eu_009""},{""fdw_region"":""us"",""plan_fingerprint"":""b0d4753d68dc2d09c2ea6152fe3ab2532151574e17e3e8fd24914adb95487e18"",""remote_sql_id"":""auto_explain_us_004""}]","{""lookback_days"":7}","fdw_union_all,fdw_remote_scan,raw_row_fetch,gac_global_group_by,non_distribution_filter",query-collections/20260702T020440Z-clean-run-eu-us-gac-region-asymmetry--fe7d15492a90--_fdw_multiregion_raw_region_rollup__lookback_days-7,master-regimes/generated/corpus/region-asymmetry-companion-v1/groups/clean-run-eu-us-gac-region-asymmetry-v1__pilot-region-imbalanced-v1__default__analytics_clients/queries/asymmetry_mr_raw_region_rollup__dataset-pilot-region-imbalanced-v1__runtime-default__gac_fdw_multiregion_raw_region_rollup__lookback_days-7.sql,query-collections/20260702T020440Z-clean-run-eu-us-gac-region-asymmetry--fe7d15492a90--_fdw_multiregion_raw_region_rollup__lookback_days-7/input/query.sql,query-collections/20260702T020440Z-clean-run-eu-us-gac-region-asymmetry--fe7d15492a90--_fdw_multiregion_raw_region_rollup__lookback_days-7/input/query_bindings.json,eu-analytics-1,20260702T020440Z,1782957889.891265,1782957892.027042,0,44,mixed_cache_first_observed,,"{""lookback_days"":""7""}",{},,,,{},,,,,pilot-region-imbalanced-v1,calibration,dataset_region_asymmetry,"remote_fetch_heavy,skew_imbalance",pilot,"{""fetch_size"":""high"",""wan_latency"":""high"",""work_mem"":""high""}",2.135779,3.0,0.0,1.0,0.0,0.0,300,,2,2,0,1.0,2,0,2,2,2,40000.0,360000.0,200000.0,1.8,640000.0,5760000.0,3200000.0,1.8,32.0,32.0,32.0,1.0,true,77.981,409.487,243.734,37387.083333333336,32.0,2.0,2.0,4.0,2.0,64.0,64.0,false,200.0,13400.0,200.0,13400.0,,,false,false,false,false,false,false,false,,,,,2,"{""Seq Scan"":64}","{""seq_scan"":64}",0.0,[],2,2,0,2,1,0,0,0,0,0.0,2,2,0,1,1,0,0,0,2,4.4578675790435645,44864.5,4.4578675790435645,2.5,0.0,2638.0,6407168.0,0.8112997746444989,0.03340258910020777,fdw_pushdown_fidelity_v1,4,available,"local_filter_after_remote,aggregate_not_pushdowned,sort_not_pushdowned,projection_width_expansion",0.1,0.9,,
20260702T014851Z-clean-run-eu-us-gac-region-asymmetry-v1__pilot-region-imbalanced-v1__default__analytics_clients,pilot-region-imbalanced-v1,default,clean-run-eu-us-gac-region-asymmetry-v1,asymmetry_mr_global_user_join__dataset-pilot-region-imbalanced-v1__runtime-default,global_user_topk,multiregion_union,20260702T015102Z-clean-run-eu-us-gac-region-asymmetry-v1__pilot-region-imbalanced-v1__default__analytics_clients__pilot-region-imbalanced-v1__default,20260702T020457Z-clean-run-eu-us-gac-region-asymmetry--accc76ae5dc6--gion_global_user_join__lookback_days-30__limit_k-50,asymmetry_mr_global_user_join__dataset-pilot-region-imbalanced-v1__runtime-default__gac_fdw_multiregion_global_user_join__lookback_days-30__limit_k-50,gac_fdw_multiregion_global_user_join,completed,False,0,0,disabled,false,a77ebdf1bca778e3be6bccf75904bd282be19ff442406f429dbf9364d5c193c7,014fad75ec920f88cb2261047da4f6cc3aa62ddad2d010a7ec0310fd5f857a74,5f95d7d45ef0ac2b5b3fa855af821e6ac14bdcdcec6284b972d0e640c5aad5f1,cdc2ef4f4ee979f689f91ea7f9de85963a3433d0b9160b7ea2c4d14749dac445,"[{""fdw_region"":""eu"",""plan_fingerprint"":""b0d4753d68dc2d09c2ea6152fe3ab2532151574e17e3e8fd24914adb95487e18"",""remote_sql_id"":""auto_explain_eu_012""},{""fdw_region"":""eu"",""plan_fingerprint"":""b0d4753d68dc2d09c2ea6152fe3ab2532151574e17e3e8fd24914adb95487e18"",""remote_sql_id"":""auto_explain_eu_013""},{""fdw_region"":""us"",""plan_fingerprint"":""b0d4753d68dc2d09c2ea6152fe3ab2532151574e17e3e8fd24914adb95487e18"",""remote_sql_id"":""auto_explain_us_008""},{""fdw_region"":""us"",""plan_fingerprint"":""b0d4753d68dc2d09c2ea6152fe3ab2532151574e17e3e8fd24914adb95487e18"",""remote_sql_id"":""auto_explain_us_009""}]","{""limit_k"":50,""lookback_days"":30}","fdw_remote_join,non_colocated_join,fdw_union_all,topk",query-collections/20260702T020457Z-clean-run-eu-us-gac-region-asymmetry--accc76ae5dc6--gion_global_user_join__lookback_days-30__limit_k-50,master-regimes/generated/corpus/region-asymmetry-companion-v1/groups/clean-run-eu-us-gac-region-asymmetry-v1__pilot-region-imbalanced-v1__default__analytics_clients/queries/asymmetry_mr_global_user_join__dataset-pilot-region-imbalanced-v1__runtime-default__gac_fdw_multiregion_global_user_join__lookback_days-30__limit_k-50.sql,query-collections/20260702T020457Z-clean-run-eu-us-gac-region-asymmetry--accc76ae5dc6--gion_global_user_join__lookback_days-30__limit_k-50/input/query.sql,query-collections/20260702T020457Z-clean-run-eu-us-gac-region-asymmetry--accc76ae5dc6--gion_global_user_join__lookback_days-30__limit_k-50/input/query_bindings.json,eu-analytics-1,20260702T020457Z,1782957906.422666,1782957911.361959,0,45,mixed_cache_first_observed,,"{""limit_k"":""50"",""lookback_days"":""30""}",{},,,,{},,,,,pilot-region-imbalanced-v1,calibration,dataset_region_asymmetry,"join_movement,gac_finalization_heavy,skew_imbalance",pilot,"{""fetch_size"":""high"",""wan_latency"":""high"",""work_mem"":""high""}",4.939295,6.0,0.0,1.0,8050.0,5648.0,300,,2,2,0,1.0,4,0,2,2,2,60000.0,540000.0,300000.0,1.8,1912832.0,17227776.0,9570304.0,1.8001283971752622,64.0,64.0,64.0,1.0,true,134.74200000000002,811.232,472.98699999999997,9999.979797979799,32.0,2.0,2.0,4.0,2.0,64.0,64.0,false,0.0,13400.0,0.0,13400.0,,,false,false,false,false,false,false,false,,,,,2,"{""Seq Scan"":128}","{""seq_scan"":128}",0.0,[],4,2,0,2,1,0,0,0,0,0.0,4,4,4,1,1,1,0,0,4,1.022731921508734,32592.444444444445,1.022731921508734,0.9444444444444444,127880.0,6182.0,19133384.0,0.9746008490981084,0.02242447023485234,fdw_pushdown_fidelity_v1,5,available,"local_filter_after_remote,aggregate_not_pushdowned,sort_not_pushdowned,limit_not_pushdowned",0.2,0.8,,
20260702T014851Z-clean-run-eu-us-gac-region-asymmetry-v1__pilot-region-imbalanced-v1__default__analytics_clients,pilot-region-imbalanced-v1,default,clean-run-eu-us-gac-region-asymmetry-v1,asymmetry_mr_tenant_point_control__dataset-pilot-region-imbalanced-v1__runtime-default,tenant_point_rollup,multiregion_union,20260702T015102Z-clean-run-eu-us-gac-region-asymmetry-v1__pilot-region-imbalanced-v1__default__analytics_clients__pilot-region-imbalanced-v1__default,20260702T020517Z-clean-run-eu-us-gac-region-asymmetry--2996e5870893--u_tenant_id-1__us_tenant_id-10001__lookback_days-30,asymmetry_mr_tenant_point_control__dataset-pilot-region-imbalanced-v1__runtime-default__gac_fdw_multiregion_tenant_point_rollup__eu_tenant_id-1__us_tenant_id-10001__lookback_days-30,gac_fdw_multiregion_tenant_point_rollup,completed,False,0,0,disabled,false,dbb820ac5a219bc04131b840d40f5cd8ed6caf55f0f0469ccf8efd264b0d288c,a6ed89d7d5cb3120020d2489cd8a2e9472817a4f66142d42c90579d458572708,eed28bbbd899d9cd8c8865a70548bd848f07a275881b1a5032b45606899c3ad9,c476064c81532709e14215373361d1f9ff06df0de573ff59571aa66b0c330869,"[{""fdw_region"":""eu"",""plan_fingerprint"":""b0d4753d68dc2d09c2ea6152fe3ab2532151574e17e3e8fd24914adb95487e18"",""remote_sql_id"":""auto_explain_eu_007""},{""fdw_region"":""us"",""plan_fingerprint"":""b0d4753d68dc2d09c2ea6152fe3ab2532151574e17e3e8fd24914adb95487e18"",""remote_sql_id"":""auto_explain_us_003""}]","{""eu_tenant_id"":1,""lookback_days"":30,""us_tenant_id"":10001}","fdw_union_all,tenant_filter,remote_pushdown_candidate",query-collections/20260702T020517Z-clean-run-eu-us-gac-region-asymmetry--2996e5870893--u_tenant_id-1__us_tenant_id-10001__lookback_days-30,master-regimes/generated/corpus/region-asymmetry-companion-v1/groups/clean-run-eu-us-gac-region-asymmetry-v1__pilot-region-imbalanced-v1__default__analytics_clients/queries/asymmetry_mr_tenant_point_control__dataset-pilot-region-imbalanced-v1__runtime-default__gac_fdw_multiregion_tenant_point_rollup__eu_tenant_id-1__us_tenant_id-10001__lookback_days-30.sql,query-collections/20260702T020517Z-clean-run-eu-us-gac-region-asymmetry--2996e5870893--u_tenant_id-1__us_tenant_id-10001__lookback_days-30/input/query.sql,query-collections/20260702T020517Z-clean-run-eu-us-gac-region-asymmetry--2996e5870893--u_tenant_id-1__us_tenant_id-10001__lookback_days-30/input/query_bindings.json,eu-analytics-1,20260702T020517Z,1782957926.186062,1782957926.289306,0,46,mixed_cache_first_observed,,"{""eu_tenant_id"":""1"",""lookback_days"":""30"",""us_tenant_id"":""10001""}",{},,,,{},,,,,pilot-region-imbalanced-v1,negative_control,dataset_region_asymmetry,well_reduced_localized,pilot,"{""fetch_size"":""low"",""wan_latency"":""low"",""work_mem"":""none""}",0.103244,6.0,0.0,1.0,0.0,0.0,300,,2,2,0,1.0,2,0,2,2,2,200.0,200.0,200.0,1.0,4800.0,4800.0,4800.0,1.0,1.0,1.0,1.0,1.0,true,13.001,13.247,13.123999999999999,48.25,32.0,2.0,2.0,4.0,2.0,64.0,64.0,false,200.0,200.0,200.0,400.0,,,false,false,false,false,false,false,false,,,,,2,"{""Bitmap Heap Scan"":1,""Bitmap Index Scan"":1,""Seq Scan"":1}","{""bitmap_scan"":2,""seq_scan"":1}",0.0,[],2,2,0,2,1,2,0,0,0,0.0,2,2,0,1,1,0,0,0,2,1.0362694300518134,193.0,1.0362694300518134,,0.0,0.0,9600.0,0.0,0.5,fdw_pushdown_fidelity_v1,3,available,"local_filter_after_remote,aggregate_not_pushdowned,sort_not_pushdowned",0.0,1.0,,
20260702T014851Z-clean-run-eu-us-gac-region-asymmetry-v1__pilot-region-imbalanced-v1__default__analytics_clients,pilot-region-imbalanced-v1,default,clean-run-eu-us-gac-region-asymmetry-v1,asymmetry_mr_daily_tenant_rollup__dataset-pilot-region-imbalanced-v1__runtime-default,daily_tenant_rollup,multiregion_union,20260702T015102Z-clean-run-eu-us-gac-region-asymmetry-v1__pilot-region-imbalanced-v1__default__analytics_clients__pilot-region-imbalanced-v1__default,20260702T020532Z-clean-run-eu-us-gac-region-asymmetry--38166dafd700--rollup__lookback_days-14__min_value-500__limit_k-50,asymmetry_mr_daily_tenant_rollup__dataset-pilot-region-imbalanced-v1__runtime-default__gac_fdw_multiregion_daily_tenant_rollup__lookback_days-14__min_value-500__limit_k-50,gac_fdw_multiregion_daily_tenant_rollup,completed,False,0,0,disabled,false,bd2869d4baf6a1b37f3bc14e1f26b15ced24803fb049e074025947925c37329f,c04697e1d584afb77d89d6af4adb8e0be04bdbcb9d1d392bdc4c9e4880b76d89,0914b69a9ec4adcafd4187e94889f978fc7828e5e70ba0b441e3875f45330c49,bf6b16c9ddecb2a77593b78a5f3253bdbd76d8418462e8656726dc70b7d23f57,"[{""fdw_region"":""eu"",""plan_fingerprint"":""b0d4753d68dc2d09c2ea6152fe3ab2532151574e17e3e8fd24914adb95487e18"",""remote_sql_id"":""auto_explain_eu_005""},{""fdw_region"":""us"",""plan_fingerprint"":""b0d4753d68dc2d09c2ea6152fe3ab2532151574e17e3e8fd24914adb95487e18"",""remote_sql_id"":""auto_explain_us_004""}]","{""limit_k"":50,""lookback_days"":14,""min_value"":500}","fdw_union_all,remote_aggregate_candidate,coordinator_fanin,daily_group_by",query-collections/20260702T020532Z-clean-run-eu-us-gac-region-asymmetry--38166dafd700--rollup__lookback_days-14__min_value-500__limit_k-50,master-regimes/generated/corpus/region-asymmetry-companion-v1/groups/clean-run-eu-us-gac-region-asymmetry-v1__pilot-region-imbalanced-v1__default__analytics_clients/queries/asymmetry_mr_daily_tenant_rollup__dataset-pilot-region-imbalanced-v1__runtime-default__gac_fdw_multiregion_daily_tenant_rollup__lookback_days-14__min_value-500__limit_k-50.sql,query-collections/20260702T020532Z-clean-run-eu-us-gac-region-asymmetry--38166dafd700--rollup__lookback_days-14__min_value-500__limit_k-50/input/query.sql,query-collections/20260702T020532Z-clean-run-eu-us-gac-region-asymmetry--38166dafd700--rollup__lookback_days-14__min_value-500__limit_k-50/input/query_bindings.json,eu-analytics-1,20260702T020532Z,1782957941.947644,1782957943.182290,0,47,mixed_cache_first_observed,,"{""limit_k"":""50"",""lookback_days"":""14"",""min_value"":""500""}",{},,,,{},,,,,pilot-region-imbalanced-v1,calibration,dataset_region_asymmetry,"gac_finalization_heavy,skew_imbalance",pilot,"{""fetch_size"":""high"",""wan_latency"":""high"",""work_mem"":""high""}",1.234647,12.0,0.0,1.0,0.0,0.0,300,,2,2,0,1.0,2,0,2,2,2,19982.0,180623.0,100302.5,1.8007826325365768,479232.0,4334592.0,2406912.0,1.8008934269304404,32.0,32.0,32.0,1.0,true,86.564,242.479,164.5215,602.4066666666666,32.0,2.0,2.0,4.0,2.0,64.0,64.0,false,95.0,6673.0,95.0,6673.0,,,false,false,false,false,false,false,false,,,,,2,"{""Seq Scan"":64}","{""seq_scan"":64}",0.0,[],2,2,0,2,1,2,0,0,0,0.0,2,2,2,1,1,1,0,0,2,2.2200396188621196,1807.22,2.2200396188621196,1.0,0.0,1676.0,4815552.0,0.8130801482710849,0.033172521031856785,fdw_pushdown_fidelity_v1,5,available,"local_filter_after_remote,aggregate_not_pushdowned,sort_not_pushdowned,limit_not_pushdowned",0.2,0.8,,
20260702T014851Z-clean-run-eu-us-gac-region-asymmetry-v1__pilot-region-imbalanced-v1__default__analytics_clients,pilot-region-imbalanced-v1,default,clean-run-eu-us-gac-region-asymmetry-v1,asymmetry_mr_event_filter_summary__dataset-pilot-region-imbalanced-v1__runtime-default,event_filter_summary,multiregion_union,20260702T015102Z-clean-run-eu-us-gac-region-asymmetry-v1__pilot-region-imbalanced-v1__default__analytics_clients__pilot-region-imbalanced-v1__default,20260702T020549Z-clean-run-eu-us-gac-region-asymmetry--0e2a3e3038b0--vent_filter_summary__lookback_days-7__min_value-900,asymmetry_mr_event_filter_summary__dataset-pilot-region-imbalanced-v1__runtime-default__gac_fdw_multiregion_event_filter_summary__lookback_days-7__min_value-900,gac_fdw_multiregion_event_filter_summary,completed,False,0,0,disabled,false,bbe7abed7ec3fa20d9b0211e15005ac4028b7410ffe8507f3df23c0161777d45,f4a6faa9a44de6055a2102a6485f3ee56a1f8670f72823ad2fd041897258a974,8b2261d3fb2d47cecc5dbf1f4d6cf256fa8eb686e3f77b3778f69660e9f872d2,e0b310a4ab19bf2441a01bc801797aacacb5d9286dcecaab735213dbabf76753,"[{""fdw_region"":""eu"",""plan_fingerprint"":""b0d4753d68dc2d09c2ea6152fe3ab2532151574e17e3e8fd24914adb95487e18"",""remote_sql_id"":""auto_explain_eu_004""},{""fdw_region"":""us"",""plan_fingerprint"":""b0d4753d68dc2d09c2ea6152fe3ab2532151574e17e3e8fd24914adb95487e18"",""remote_sql_id"":""auto_explain_us_004""}]","{""lookback_days"":7,""min_value"":900}","fdw_union_all,selective_filter,remote_pushdown_candidate",query-collections/20260702T020549Z-clean-run-eu-us-gac-region-asymmetry--0e2a3e3038b0--vent_filter_summary__lookback_days-7__min_value-900,master-regimes/generated/corpus/region-asymmetry-companion-v1/groups/clean-run-eu-us-gac-region-asymmetry-v1__pilot-region-imbalanced-v1__default__analytics_clients/queries/asymmetry_mr_event_filter_summary__dataset-pilot-region-imbalanced-v1__runtime-default__gac_fdw_multiregion_event_filter_summary__lookback_days-7__min_value-900.sql,query-collections/20260702T020549Z-clean-run-eu-us-gac-region-asymmetry--0e2a3e3038b0--vent_filter_summary__lookback_days-7__min_value-900/input/query.sql,query-collections/20260702T020549Z-clean-run-eu-us-gac-region-asymmetry--0e2a3e3038b0--vent_filter_summary__lookback_days-7__min_value-900/input/query_bindings.json,eu-analytics-1,20260702T020549Z,1782957958.952609,1782957959.345195,0,48,mixed_cache_first_observed,,"{""lookback_days"":""7"",""min_value"":""900""}",{},,,,{},,,,,pilot-region-imbalanced-v1,calibration,dataset_region_asymmetry,well_reduced_localized,pilot,"{""fetch_size"":""low"",""wan_latency"":""low"",""work_mem"":""none""}",0.392587,0.0,0.0,,0.0,0.0,300,,2,2,0,1.0,2,0,2,2,2,3963.0,36346.0,20154.5,1.8033689746706691,63488.0,581632.0,322560.0,1.8031746031746032,32.0,32.0,32.0,1.0,true,78.308,89.417,83.86250000000001,2027.3333333333333,32.0,2.0,2.0,4.0,2.0,64.0,64.0,false,17.0,1347.0,17.0,1347.0,,,false,false,false,false,false,false,false,,,,,2,"{""Seq Scan"":64}","{""seq_scan"":64}",0.0,[],2,2,0,2,1,2,0,0,0,0.0,2,0,0,1,0,0,0,0,2,4.418393072454236,9123.0,4.418393072454236,1.0,0.0,0.0,646064.0,0.8163455253649858,0.03328462814829491,fdw_pushdown_fidelity_v1,3,available,"local_filter_after_remote,aggregate_not_pushdowned",0.3333333333333333,0.6666666666666667,,
20260702T020622Z-clean-run-eu-us-gac-region-asymmetry-v1__pilot-region-imbalanced-v1__default__coordinators,pilot-region-imbalanced-v1,default,clean-run-eu-us-gac-region-asymmetry-v1,asymmetry_single_region_top_tenants_control__dataset-pilot-region-imbalanced-v1__runtime-default,top_tenants,single_region_citus,20260702T020654Z-clean-run-eu-us-gac-region-asymmetry-v1__pilot-region-imbalanced-v1__default__coordinators__pilot-region-imbalanced-v1__default,20260702T020654Z-clean-run-eu-us-gac-region-asymmetry--d4ed604de8be--fault__q10_top_tenants__lookback_days-7__limit_k-25,asymmetry_single_region_top_tenants_control__dataset-pilot-region-imbalanced-v1__runtime-default__q10_top_tenants__lookback_days-7__limit_k-25,q10_top_tenants,completed,False,0,0,disabled,false,0d0e60b86d62863d6d89e5d918d7eac5d5ff2a88e25e193f6667b216e2fd2705,05f3f59ad2d389e8f699bf1bd83fa06e07e6c3f759f69f74b72099bb28418088,41fdf51cd70e75602bcd0511e2c6056f9294a6b4d491850b40ca7b3f9f5f1187,,,"{""limit_k"":25,""lookback_days"":7}","topk,final_ordering,high_group_cardinality",query-collections/20260702T020654Z-clean-run-eu-us-gac-region-asymmetry--d4ed604de8be--fault__q10_top_tenants__lookback_days-7__limit_k-25,master-regimes/generated/corpus/region-asymmetry-companion-v1/groups/clean-run-eu-us-gac-region-asymmetry-v1__pilot-region-imbalanced-v1__default__coordinators/queries/asymmetry_single_region_top_tenants_control__dataset-pilot-region-imbalanced-v1__runtime-default__q10_top_tenants__lookback_days-7__limit_k-25.sql,query-collections/20260702T020654Z-clean-run-eu-us-gac-region-asymmetry--d4ed604de8be--fault__q10_top_tenants__lookback_days-7__limit_k-25/input/query.sql,query-collections/20260702T020654Z-clean-run-eu-us-gac-region-asymmetry--d4ed604de8be--fault__q10_top_tenants__lookback_days-7__limit_k-25/input/query_bindings.json,eu-coord-1,20260702T020654Z,1782958024.610859,1782958024.818487,0,1,mixed_cache_first_observed,,"{""limit_k"":""25"",""lookback_days"":""7""}",{},,,,{},,,,,pilot-region-imbalanced-v1,negative_control,dataset_region_asymmetry,"well_reduced_localized,gac_finalization_heavy",pilot,"{""fetch_size"":""none"",""wan_latency"":""none"",""work_mem"":""high""}",0.207629,78.0,0.0,1.0,0.0,0.0,300,,2,0,2,0.0,0,0,0,0,0,,,,,,,,,,,,,,,,,,32.0,2.0,2.0,4.0,1.0,64.0,32.0,false,,,,,,,,,,,,,,,,,,,,,,,,,,,,,,,,,,,,,,,,,,,,,,0.0,0.0,,,,fdw_pushdown_fidelity_v1,0,not_applicable_no_fdw,,,,,
20260702T020622Z-clean-run-eu-us-gac-region-asymmetry-v1__pilot-region-imbalanced-v1__default__coordinators,pilot-region-imbalanced-v1,default,clean-run-eu-us-gac-region-asymmetry-v1,asymmetry_single_region_top_tenants_control__dataset-pilot-region-imbalanced-v1__runtime-default,top_tenants,single_region_citus,20260702T020654Z-clean-run-eu-us-gac-region-asymmetry-v1__pilot-region-imbalanced-v1__default__coordinators__pilot-region-imbalanced-v1__default,20260702T020709Z-clean-run-eu-us-gac-region-asymmetry--571cf0da746a--ault__q10_top_tenants__lookback_days-30__limit_k-25,asymmetry_single_region_top_tenants_control__dataset-pilot-region-imbalanced-v1__runtime-default__q10_top_tenants__lookback_days-30__limit_k-25,q10_top_tenants,completed,False,0,0,disabled,false,0d0e60b86d62863d6d89e5d918d7eac5d5ff2a88e25e193f6667b216e2fd2705,8429641a1c80cceb122d877fdfcef2b3edbe5619a9584417403320f2f350cfea,41fdf51cd70e75602bcd0511e2c6056f9294a6b4d491850b40ca7b3f9f5f1187,,,"{""limit_k"":25,""lookback_days"":30}","topk,final_ordering,high_group_cardinality",query-collections/20260702T020709Z-clean-run-eu-us-gac-region-asymmetry--571cf0da746a--ault__q10_top_tenants__lookback_days-30__limit_k-25,master-regimes/generated/corpus/region-asymmetry-companion-v1/groups/clean-run-eu-us-gac-region-asymmetry-v1__pilot-region-imbalanced-v1__default__coordinators/queries/asymmetry_single_region_top_tenants_control__dataset-pilot-region-imbalanced-v1__runtime-default__q10_top_tenants__lookback_days-30__limit_k-25.sql,query-collections/20260702T020709Z-clean-run-eu-us-gac-region-asymmetry--571cf0da746a--ault__q10_top_tenants__lookback_days-30__limit_k-25/input/query.sql,query-collections/20260702T020709Z-clean-run-eu-us-gac-region-asymmetry--571cf0da746a--ault__q10_top_tenants__lookback_days-30__limit_k-25/input/query_bindings.json,eu-coord-1,20260702T020709Z,1782958038.619853,1782958038.852191,0,2,mixed_cache_first_observed,,"{""limit_k"":""25"",""lookback_days"":""30""}",{},,,,{},,,,,pilot-region-imbalanced-v1,negative_control,dataset_region_asymmetry,"well_reduced_localized,gac_finalization_heavy",pilot,"{""fetch_size"":""none"",""wan_latency"":""none"",""work_mem"":""high""}",0.232340,78.0,0.0,1.0,0.0,0.0,300,,2,0,2,0.0,0,0,0,0,0,,,,,,,,,,,,,,,,,,32.0,2.0,2.0,4.0,1.0,64.0,32.0,false,,,,,,,,,,,,,,,,,,,,,,,,,,,,,,,,,,,,,,,,,,,,,,0.0,0.0,,,,fdw_pushdown_fidelity_v1,0,not_applicable_no_fdw,,,,,
20260702T020726Z-clean-run-eu-us-gac-region-asymmetry-v1__pilot-region-local-skew-asymmetric-medium-v1__default__analytics_clients,pilot-region-local-skew-asymmetric-medium-v1,default,clean-run-eu-us-gac-region-asymmetry-v1,asymmetry_mr_daily_tenant_rollup__dataset-pilot-region-local-skew-asymmetric-medium-v1__runtime-default,daily_tenant_rollup,multiregion_union,20260702T020858Z-clean-run-eu-us-gac-region-asymmetry-v1__pilot-region-local-skew-asymmetric-medium-v1__default__analytics_clients__pilot-region-local-skew-asymmetric-medium-v1__default,20260702T020858Z-clean-run-eu-us-gac-region-asymmetry--bb2d5144689f--t_rollup__lookback_days-14__min_value-0__limit_k-50,asymmetry_mr_daily_tenant_rollup__dataset-pilot-region-local-skew-asymmetric-medium-v1__runtime-default__gac_fdw_multiregion_daily_tenant_rollup__lookback_days-14__min_value-0__limit_k-50,gac_fdw_multiregion_daily_tenant_rollup,completed,False,0,0,disabled,false,bd2869d4baf6a1b37f3bc14e1f26b15ced24803fb049e074025947925c37329f,212c329f7e5881ef4344f2dd8b36e69c4e42d94ccc619e766c4c3b1bec0b6f57,0914b69a9ec4adcafd4187e94889f978fc7828e5e70ba0b441e3875f45330c49,c7a32bfa0046d8ffa6f4075988254652c3fdbf3199a76505831349ed5da89deb,"[{""fdw_region"":""eu"",""plan_fingerprint"":""b0d4753d68dc2d09c2ea6152fe3ab2532151574e17e3e8fd24914adb95487e18"",""remote_sql_id"":""auto_explain_eu_006""},{""fdw_region"":""us"",""plan_fingerprint"":""b0d4753d68dc2d09c2ea6152fe3ab2532151574e17e3e8fd24914adb95487e18"",""remote_sql_id"":""auto_explain_us_009""}]","{""limit_k"":50,""lookback_days"":14,""min_value"":0}","fdw_union_all,remote_aggregate_candidate,coordinator_fanin,daily_group_by",query-collections/20260702T020858Z-clean-run-eu-us-gac-region-asymmetry--bb2d5144689f--t_rollup__lookback_days-14__min_value-0__limit_k-50,master-regimes/generated/corpus/region-asymmetry-companion-v1/groups/clean-run-eu-us-gac-region-asymmetry-v1__pilot-region-local-skew-asymmetric-medium-v1__default__analytics_clients/queries/asymmetry_mr_daily_tenant_rollup__dataset-pilot-region-local-skew-asymmetric-medium-v1__runtime-default__gac_fdw_multiregion_daily_tenant_rollup__lookback_days-14__min_value-0__limit_k-50.sql,query-collections/20260702T020858Z-clean-run-eu-us-gac-region-asymmetry--bb2d5144689f--t_rollup__lookback_days-14__min_value-0__limit_k-50/input/query.sql,query-collections/20260702T020858Z-clean-run-eu-us-gac-region-asymmetry--bb2d5144689f--t_rollup__lookback_days-14__min_value-0__limit_k-50/input/query_bindings.json,eu-analytics-1,20260702T020858Z,1782958149.295617,1782958152.011800,0,1,mixed_cache_first_observed,,"{""limit_k"":""50"",""lookback_days"":""14"",""min_value"":""0""}",{},,,,{},,,,,pilot-region-local-skew-asymmetric-medium-v1,calibration,dataset_region_asymmetry,"gac_finalization_heavy,skew_imbalance",pilot,"{""fetch_size"":""high"",""wan_latency"":""high"",""work_mem"":""high""}",2.716184,12.0,0.0,1.0,0.0,0.0,300,,2,2,0,1.0,2,0,2,2,2,200000.0,200000.0,200000.0,1.0,4800512.0,4800512.0,4800512.0,1.0,32.0,32.0,32.0,1.0,true,305.864,380.969,343.4165,1202.9866666666667,32.0,2.0,2.0,4.0,2.0,64.0,64.0,false,1381.0,12329.0,1381.0,12329.0,,,false,false,false,false,false,false,false,,,,,2,"{""Seq Scan"":64}","{""seq_scan"":64}",0.0,[],2,2,0,2,1,2,0,0,0,0.0,2,2,2,1,1,1,0,0,2,2.2167050895548854,3608.96,2.2167050895548854,1.0,0.0,3712.0,9597952.0,0.40075240100021664,0.030833244425477434,fdw_pushdown_fidelity_v1,5,available,"local_filter_after_remote,aggregate_not_pushdowned,sort_not_pushdowned,limit_not_pushdowned",0.2,0.8,,
20260702T020726Z-clean-run-eu-us-gac-region-asymmetry-v1__pilot-region-local-skew-asymmetric-medium-v1__default__analytics_clients,pilot-region-local-skew-asymmetric-medium-v1,default,clean-run-eu-us-gac-region-asymmetry-v1,asymmetry_mr_daily_tenant_rollup__dataset-pilot-region-local-skew-asymmetric-medium-v1__runtime-default,daily_tenant_rollup,multiregion_union,20260702T020858Z-clean-run-eu-us-gac-region-asymmetry-v1__pilot-region-local-skew-asymmetric-medium-v1__default__analytics_clients__pilot-region-local-skew-asymmetric-medium-v1__default,20260702T020917Z-clean-run-eu-us-gac-region-asymmetry--a2d3b5d90741--t_rollup__lookback_days-30__min_value-0__limit_k-50,asymmetry_mr_daily_tenant_rollup__dataset-pilot-region-local-skew-asymmetric-medium-v1__runtime-default__gac_fdw_multiregion_daily_tenant_rollup__lookback_days-30__min_value-0__limit_k-50,gac_fdw_multiregion_daily_tenant_rollup,completed,False,0,0,disabled,false,bd2869d4baf6a1b37f3bc14e1f26b15ced24803fb049e074025947925c37329f,02a97a4a04b8dda7fd07c4fc66690d9390f928ba77b92762ad9f9b282db5d899,0914b69a9ec4adcafd4187e94889f978fc7828e5e70ba0b441e3875f45330c49,3c1e82ebbb5fc62fa8a9359c7440b0b941285f912f5965e51c53e56333899df2,"[{""fdw_region"":""eu"",""plan_fingerprint"":""b0d4753d68dc2d09c2ea6152fe3ab2532151574e17e3e8fd24914adb95487e18"",""remote_sql_id"":""auto_explain_eu_005""},{""fdw_region"":""us"",""plan_fingerprint"":""b0d4753d68dc2d09c2ea6152fe3ab2532151574e17e3e8fd24914adb95487e18"",""remote_sql_id"":""auto_explain_us_009""}]","{""limit_k"":50,""lookback_days"":30,""min_value"":0}","fdw_union_all,remote_aggregate_candidate,coordinator_fanin,daily_group_by",query-collections/20260702T020917Z-clean-run-eu-us-gac-region-asymmetry--a2d3b5d90741--t_rollup__lookback_days-30__min_value-0__limit_k-50,master-regimes/generated/corpus/region-asymmetry-companion-v1/groups/clean-run-eu-us-gac-region-asymmetry-v1__pilot-region-local-skew-asymmetric-medium-v1__default__analytics_clients/queries/asymmetry_mr_daily_tenant_rollup__dataset-pilot-region-local-skew-asymmetric-medium-v1__runtime-default__gac_fdw_multiregion_daily_tenant_rollup__lookback_days-30__min_value-0__limit_k-50.sql,query-collections/20260702T020917Z-clean-run-eu-us-gac-region-asymmetry--a2d3b5d90741--t_rollup__lookback_days-30__min_value-0__limit_k-50/input/query.sql,query-collections/20260702T020917Z-clean-run-eu-us-gac-region-asymmetry--a2d3b5d90741--t_rollup__lookback_days-30__min_value-0__limit_k-50/input/query_bindings.json,eu-analytics-1,20260702T020917Z,1782958166.280100,1782958168.952635,0,2,mixed_cache_first_observed,,"{""limit_k"":""50"",""lookback_days"":""30"",""min_value"":""0""}",{},,,,{},,,,,pilot-region-local-skew-asymmetric-medium-v1,calibration,dataset_region_asymmetry,"gac_finalization_heavy,skew_imbalance",pilot,"{""fetch_size"":""high"",""wan_latency"":""high"",""work_mem"":""high""}",2.672536,12.0,0.0,1.0,0.0,0.0,300,,2,2,0,1.0,2,0,2,2,2,200000.0,200000.0,200000.0,1.0,4800512.0,4800512.0,4800512.0,1.0,32.0,32.0,32.0,1.0,true,285.491,342.867,314.179,2579.5266666666666,32.0,2.0,2.0,4.0,2.0,64.0,64.0,false,1381.0,12329.0,1381.0,12329.0,,,false,false,false,false,false,false,false,,,,,2,"{""Seq Scan"":64}","{""seq_scan"":64}",0.0,[],2,2,0,2,1,2,0,0,0,0.0,2,2,2,1,1,1,0,0,2,1.0337813914180638,7738.58,1.0337813914180638,1.0,0.0,3712.0,9597952.0,0.40075240100021664,0.030833244425477434,fdw_pushdown_fidelity_v1,5,available,"local_filter_after_remote,aggregate_not_pushdowned,sort_not_pushdowned,limit_not_pushdowned",0.2,0.8,,
20260702T020726Z-clean-run-eu-us-gac-region-asymmetry-v1__pilot-region-local-skew-asymmetric-medium-v1__default__analytics_clients,pilot-region-local-skew-asymmetric-medium-v1,default,clean-run-eu-us-gac-region-asymmetry-v1,asymmetry_mr_top_tenants__dataset-pilot-region-local-skew-asymmetric-medium-v1__runtime-default,top_tenants,multiregion_union,20260702T020858Z-clean-run-eu-us-gac-region-asymmetry-v1__pilot-region-local-skew-asymmetric-medium-v1__default__analytics_clients__pilot-region-local-skew-asymmetric-medium-v1__default,20260702T020934Z-clean-run-eu-us-gac-region-asymmetry--2f9ad7c3032c--ltiregion_top_tenants__lookback_days-30__limit_k-25,asymmetry_mr_top_tenants__dataset-pilot-region-local-skew-asymmetric-medium-v1__runtime-default__gac_fdw_multiregion_top_tenants__lookback_days-30__limit_k-25,gac_fdw_multiregion_top_tenants,completed,False,0,0,disabled,false,70e6dab484eae0f8fbcd7f56f3e84645ebf75780bf99e758a424ce04fa47a7dd,487d4e2018ab596d8745dff4a58ff8bec110605f221e7c366ce7d8932af32ef3,db7b1445edd01dc5de99e55396ff6825c5a8f8f836694c3cd0ca60172fb40af8,7fe720cdf6b84654ddb08c3a7feca3ea429684a9465493085649660a4b7b8905,"[{""fdw_region"":""eu"",""plan_fingerprint"":""b0d4753d68dc2d09c2ea6152fe3ab2532151574e17e3e8fd24914adb95487e18"",""remote_sql_id"":""auto_explain_eu_005""},{""fdw_region"":""us"",""plan_fingerprint"":""b0d4753d68dc2d09c2ea6152fe3ab2532151574e17e3e8fd24914adb95487e18"",""remote_sql_id"":""auto_explain_us_007""}]","{""limit_k"":25,""lookback_days"":30}","fdw_union_all,topk,final_ordering,coordinator_fanin",query-collections/20260702T020934Z-clean-run-eu-us-gac-region-asymmetry--2f9ad7c3032c--ltiregion_top_tenants__lookback_days-30__limit_k-25,master-regimes/generated/corpus/region-asymmetry-companion-v1/groups/clean-run-eu-us-gac-region-asymmetry-v1__pilot-region-local-skew-asymmetric-medium-v1__default__analytics_clients/queries/asymmetry_mr_top_tenants__dataset-pilot-region-local-skew-asymmetric-medium-v1__runtime-default__gac_fdw_multiregion_top_tenants__lookback_days-30__limit_k-25.sql,query-collections/20260702T020934Z-clean-run-eu-us-gac-region-asymmetry--2f9ad7c3032c--ltiregion_top_tenants__lookback_days-30__limit_k-25/input/query.sql,query-collections/20260702T020934Z-clean-run-eu-us-gac-region-asymmetry--2f9ad7c3032c--ltiregion_top_tenants__lookback_days-30__limit_k-25/input/query_bindings.json,eu-analytics-1,20260702T020934Z,1782958182.974119,1782958185.590996,0,3,mixed_cache_first_observed,,"{""limit_k"":""25"",""lookback_days"":""30""}",{},,,,{},,,,,pilot-region-local-skew-asymmetric-medium-v1,calibration,dataset_region_asymmetry,"remote_fetch_heavy,gac_finalization_heavy,skew_imbalance",pilot,"{""fetch_size"":""high"",""wan_latency"":""high"",""work_mem"":""high""}",2.616878,9.0,0.0,1.0,0.0,0.0,300,,2,2,0,1.0,2,0,2,2,2,200000.0,200000.0,200000.0,1.0,4800512.0,4800512.0,4800512.0,1.0,32.0,32.0,32.0,1.0,true,281.389,390.633,336.01099999999997,5803.905,32.0,2.0,2.0,4.0,2.0,64.0,64.0,false,1381.0,12329.0,1381.0,12329.0,,,false,false,false,false,false,false,false,,,,,2,"{""Seq Scan"":64}","{""seq_scan"":64}",0.0,[],2,2,0,2,1,0,0,0,0,0.0,2,2,2,1,1,1,0,0,2,1.0337867349655103,15477.08,1.0337867349655103,1.0,0.0,3712.0,9597952.0,0.40075240100021664,0.030833244425477434,fdw_pushdown_fidelity_v1,5,available,"local_filter_after_remote,aggregate_not_pushdowned,sort_not_pushdowned,limit_not_pushdowned",0.2,0.8,,
20260702T020726Z-clean-run-eu-us-gac-region-asymmetry-v1__pilot-region-local-skew-asymmetric-medium-v1__default__analytics_clients,pilot-region-local-skew-asymmetric-medium-v1,default,clean-run-eu-us-gac-region-asymmetry-v1,asymmetry_mr_top_tenants__dataset-pilot-region-local-skew-asymmetric-medium-v1__runtime-default,top_tenants,multiregion_union,20260702T020858Z-clean-run-eu-us-gac-region-asymmetry-v1__pilot-region-local-skew-asymmetric-medium-v1__default__analytics_clients__pilot-region-local-skew-asymmetric-medium-v1__default,20260702T020950Z-clean-run-eu-us-gac-region-asymmetry--2bb3dbcc5fa5--ultiregion_top_tenants__lookback_days-7__limit_k-50,asymmetry_mr_top_tenants__dataset-pilot-region-local-skew-asymmetric-medium-v1__runtime-default__gac_fdw_multiregion_top_tenants__lookback_days-7__limit_k-50,gac_fdw_multiregion_top_tenants,completed,False,0,0,disabled,false,70e6dab484eae0f8fbcd7f56f3e84645ebf75780bf99e758a424ce04fa47a7dd,8d6c0320860e6efb9c49d46d5398f3b7e1318b4f4c0dd467225404921caab657,db7b1445edd01dc5de99e55396ff6825c5a8f8f836694c3cd0ca60172fb40af8,7fe720cdf6b84654ddb08c3a7feca3ea429684a9465493085649660a4b7b8905,"[{""fdw_region"":""eu"",""plan_fingerprint"":""b0d4753d68dc2d09c2ea6152fe3ab2532151574e17e3e8fd24914adb95487e18"",""remote_sql_id"":""auto_explain_eu_005""},{""fdw_region"":""us"",""plan_fingerprint"":""b0d4753d68dc2d09c2ea6152fe3ab2532151574e17e3e8fd24914adb95487e18"",""remote_sql_id"":""auto_explain_us_007""}]","{""limit_k"":50,""lookback_days"":7}","fdw_union_all,topk,final_ordering,coordinator_fanin",query-collections/20260702T020950Z-clean-run-eu-us-gac-region-asymmetry--2bb3dbcc5fa5--ultiregion_top_tenants__lookback_days-7__limit_k-50,master-regimes/generated/corpus/region-asymmetry-companion-v1/groups/clean-run-eu-us-gac-region-asymmetry-v1__pilot-region-local-skew-asymmetric-medium-v1__default__analytics_clients/queries/asymmetry_mr_top_tenants__dataset-pilot-region-local-skew-asymmetric-medium-v1__runtime-default__gac_fdw_multiregion_top_tenants__lookback_days-7__limit_k-50.sql,query-collections/20260702T020950Z-clean-run-eu-us-gac-region-asymmetry--2bb3dbcc5fa5--ultiregion_top_tenants__lookback_days-7__limit_k-50/input/query.sql,query-collections/20260702T020950Z-clean-run-eu-us-gac-region-asymmetry--2bb3dbcc5fa5--ultiregion_top_tenants__lookback_days-7__limit_k-50/input/query_bindings.json,eu-analytics-1,20260702T020950Z,1782958199.349278,1782958201.926385,0,4,mixed_cache_first_observed,,"{""limit_k"":""50"",""lookback_days"":""7""}",{},,,,{},,,,,pilot-region-local-skew-asymmetric-medium-v1,calibration,dataset_region_asymmetry,"remote_fetch_heavy,gac_finalization_heavy,skew_imbalance",pilot,"{""fetch_size"":""high"",""wan_latency"":""high"",""work_mem"":""high""}",2.577108,9.0,0.0,1.0,0.0,0.0,300,,2,2,0,1.0,2,0,2,2,2,200000.0,200000.0,200000.0,1.0,4800512.0,4800512.0,4800512.0,1.0,32.0,32.0,32.0,1.0,true,303.492,313.181,308.3365,673.4175,32.0,2.0,2.0,4.0,2.0,64.0,64.0,false,1381.0,12329.0,1381.0,12329.0,,,false,false,false,false,false,false,false,,,,,2,"{""Seq Scan"":64}","{""seq_scan"":64}",0.0,[],2,2,0,2,1,0,0,0,0,0.0,2,2,2,1,1,1,0,0,2,4.454888683469022,1795.78,4.454888683469022,1.0,0.0,3712.0,9597952.0,0.40075240100021664,0.030833244425477434,fdw_pushdown_fidelity_v1,5,available,"local_filter_after_remote,aggregate_not_pushdowned,sort_not_pushdowned,limit_not_pushdowned",0.2,0.8,,
20260702T020726Z-clean-run-eu-us-gac-region-asymmetry-v1__pilot-region-local-skew-asymmetric-medium-v1__default__analytics_clients,pilot-region-local-skew-asymmetric-medium-v1,default,clean-run-eu-us-gac-region-asymmetry-v1,asymmetry_mr_raw_wide_sample__dataset-pilot-region-local-skew-asymmetric-medium-v1__runtime-default,event_raw_wide_sample,multiregion_union,20260702T020858Z-clean-run-eu-us-gac-region-asymmetry-v1__pilot-region-local-skew-asymmetric-medium-v1__default__analytics_clients__pilot-region-local-skew-asymmetric-medium-v1__default,20260702T021008Z-clean-run-eu-us-gac-region-asymmetry--11400cb5dd0d--__limit_k-250__payload_repeat-16__payload_width-512,asymmetry_mr_raw_wide_sample__dataset-pilot-region-local-skew-asymmetric-medium-v1__runtime-default__gac_fdw_multiregion_event_raw_wide_sample__lookback_days-7__min_value-500__limit_k-250__payload_repeat-16__payload_width-512,gac_fdw_multiregion_event_raw_wide_sample,completed,False,0,0,disabled,false,f96797f2645ff7832b8b3c96a1487f7685a32e42a250253b6aa6311ae7e40e37,77ad9351cb9ea736adc2728d0880b5d7ea36ffb7dae76ef57b9e5bfde940bcde,db4ed3d9a591bd04a004580f3e91a0acb28c98c15abf9b58c3020a2a8c2ff009,7fe720cdf6b84654ddb08c3a7feca3ea429684a9465493085649660a4b7b8905,"[{""fdw_region"":""eu"",""plan_fingerprint"":""b0d4753d68dc2d09c2ea6152fe3ab2532151574e17e3e8fd24914adb95487e18"",""remote_sql_id"":""auto_explain_eu_005""},{""fdw_region"":""us"",""plan_fingerprint"":""b0d4753d68dc2d09c2ea6152fe3ab2532151574e17e3e8fd24914adb95487e18"",""remote_sql_id"":""auto_explain_us_007""}]","{""limit_k"":250,""lookback_days"":7,""min_value"":500,""payload_repeat"":16,""payload_width"":512}","fdw_union_all,fdw_remote_scan,raw_row_fetch,wide_payload_expression",query-collections/20260702T021008Z-clean-run-eu-us-gac-region-asymmetry--11400cb5dd0d--__limit_k-250__payload_repeat-16__payload_width-512,master-regimes/generated/corpus/region-asymmetry-companion-v1/groups/clean-run-eu-us-gac-region-asymmetry-v1__pilot-region-local-skew-asymmetric-medium-v1__default__analytics_clients/queries/asymmetry_mr_raw_wide_sample__dataset-pilot-region-local-skew-asymmetric-medium-v1__runtime-default__gac_fdw_multiregion_event_raw_wide_sample__lookback_days-7__min_value-500__limit_k-250__payload_repeat-16__payload_width-512.sql,query-collections/20260702T021008Z-clean-run-eu-us-gac-region-asymmetry--11400cb5dd0d--__limit_k-250__payload_repeat-16__payload_width-512/input/query.sql,query-collections/20260702T021008Z-clean-run-eu-us-gac-region-asymmetry--11400cb5dd0d--__limit_k-250__payload_repeat-16__payload_width-512/input/query_bindings.json,eu-analytics-1,20260702T021008Z,1782958217.062523,1782958218.692876,0,5,mixed_cache_first_observed,,"{""limit_k"":""250"",""lookback_days"":""7"",""min_value"":""500"",""payload_repeat"":""16"",""payload_width"":""512""}",{},,,,{},,,,,pilot-region-local-skew-asymmetric-medium-v1,calibration,dataset_region_asymmetry,remote_fetch_heavy,pilot,"{""fetch_size"":""high"",""wan_latency"":""high"",""work_mem"":""none""}",1.630354,9.0,0.0,1.0,0.0,0.0,300,,2,2,0,1.0,2,0,2,2,2,99657.0,99994.0,99825.5,1.0016879454648362,3986432.0,3999744.0,3993088.0,1.001666880369278,32.0,32.0,32.0,1.0,true,204.734,264.35,234.54200000000003,179.828,32.0,2.0,2.0,4.0,2.0,64.0,64.0,false,699.0,6179.0,699.0,6179.0,,,false,false,false,false,false,false,false,,,,,2,"{""Seq Scan"":64}","{""seq_scan"":64}",0.0,[],2,2,0,2,1,2,0,0,0,0.0,0,2,2,0,1,1,0,0,2,4.440932446560046,179.828,4.440932446560046,14.7,0.0,2634.0,7986176.0,0.4022934649364892,0.030901397615078856,fdw_pushdown_fidelity_v1,4,available,"local_filter_after_remote,sort_not_pushdowned,limit_not_pushdowned,projection_width_expansion",0.017006802721088437,0.9829931972789115,,
20260702T020726Z-clean-run-eu-us-gac-region-asymmetry-v1__pilot-region-local-skew-asymmetric-medium-v1__default__analytics_clients,pilot-region-local-skew-asymmetric-medium-v1,default,clean-run-eu-us-gac-region-asymmetry-v1,asymmetry_mr_multi_dimension_rollup__dataset-pilot-region-local-skew-asymmetric-medium-v1__runtime-default,multi_dimension_rollup,multiregion_union,20260702T020858Z-clean-run-eu-us-gac-region-asymmetry-v1__pilot-region-local-skew-asymmetric-medium-v1__default__analytics_clients__pilot-region-local-skew-asymmetric-medium-v1__default,20260702T021024Z-clean-run-eu-us-gac-region-asymmetry--d4f1466f9afd--multi_dimension_rollup__lookback_days-7__limit_k-50,asymmetry_mr_multi_dimension_rollup__dataset-pilot-region-local-skew-asymmetric-medium-v1__runtime-default__gac_fdw_multiregion_multi_dimension_rollup__lookback_days-7__limit_k-50,gac_fdw_multiregion_multi_dimension_rollup,completed,False,0,0,disabled,false,2fb2c4dc7294b06ccb2e90b11eec0562f4ca237d24d4811fcbffaf7ffe881530,b2523dcb15129014fea35b2e06d71c8c1c9f06d6fee11a7a30b1397a8f37ea21,6fa6a810e585d93cab6900cd3230b72c02ad8b63128e79a55454e9da2bc013d0,608ab8a89645d2ef857eb8c94e02f8bc5cb9c13c4389efd046fee8bb2a8e5efb,"[{""fdw_region"":""eu"",""plan_fingerprint"":""b0d4753d68dc2d09c2ea6152fe3ab2532151574e17e3e8fd24914adb95487e18"",""remote_sql_id"":""auto_explain_eu_008""},{""fdw_region"":""eu"",""plan_fingerprint"":""b0d4753d68dc2d09c2ea6152fe3ab2532151574e17e3e8fd24914adb95487e18"",""remote_sql_id"":""auto_explain_eu_009""},{""fdw_region"":""eu"",""plan_fingerprint"":""b0d4753d68dc2d09c2ea6152fe3ab2532151574e17e3e8fd24914adb95487e18"",""remote_sql_id"":""auto_explain_eu_010""},{""fdw_region"":""us"",""plan_fingerprint"":""b0d4753d68dc2d09c2ea6152fe3ab2532151574e17e3e8fd24914adb95487e18"",""remote_sql_id"":""auto_explain_us_009""},{""fdw_region"":""us"",""plan_fingerprint"":""b0d4753d68dc2d09c2ea6152fe3ab2532151574e17e3e8fd24914adb95487e18"",""remote_sql_id"":""auto_explain_us_010""},{""fdw_region"":""us"",""plan_fingerprint"":""b0d4753d68dc2d09c2ea6152fe3ab2532151574e17e3e8fd24914adb95487e18"",""remote_sql_id"":""auto_explain_us_011""}]","{""limit_k"":50,""lookback_days"":7}","fdw_remote_join,multi_join,fdw_union_all,daily_group_by",query-collections/20260702T021024Z-clean-run-eu-us-gac-region-asymmetry--d4f1466f9afd--multi_dimension_rollup__lookback_days-7__limit_k-50,master-regimes/generated/corpus/region-asymmetry-companion-v1/groups/clean-run-eu-us-gac-region-asymmetry-v1__pilot-region-local-skew-asymmetric-medium-v1__default__analytics_clients/queries/asymmetry_mr_multi_dimension_rollup__dataset-pilot-region-local-skew-asymmetric-medium-v1__runtime-default__gac_fdw_multiregion_multi_dimension_rollup__lookback_days-7__limit_k-50.sql,query-collections/20260702T021024Z-clean-run-eu-us-gac-region-asymmetry--d4f1466f9afd--multi_dimension_rollup__lookback_days-7__limit_k-50/input/query.sql,query-collections/20260702T021024Z-clean-run-eu-us-gac-region-asymmetry--d4f1466f9afd--multi_dimension_rollup__lookback_days-7__limit_k-50/input/query_bindings.json,eu-analytics-1,20260702T021024Z,1782958234.029818,1782958237.381786,0,6,mixed_cache_first_observed,,"{""limit_k"":""50"",""lookback_days"":""7""}",{},,,,{},,,,,pilot-region-local-skew-asymmetric-medium-v1,calibration,dataset_region_asymmetry,"join_movement,gac_finalization_heavy,skew_imbalance",pilot,"{""fetch_size"":""high"",""wan_latency"":""high"",""work_mem"":""high""}",3.351968,9.0,0.0,1.0,0.0,0.0,300,,2,2,0,1.0,6,0,2,2,2,280800.0,280800.0,280800.0,1.0,8292352.0,8292352.0,8292352.0,1.0,65.0,65.0,65.0,1.0,true,389.842,474.695,432.2685,2203.92,32.0,2.0,2.0,4.0,2.0,64.0,64.0,false,800.0,12329.0,800.0,12329.0,,,false,false,false,false,false,false,false,,,,,2,"{""Seq Scan"":130}","{""seq_scan"":130}",0.0,[],6,2,0,2,1,0,0,0,0,0.0,6,6,6,1,1,1,0,0,6,2.2339968494916227,5027.76,2.2339968494916227,1.2,0.0,6000.0,16581632.0,0.7163793659520576,0.023775705551781635,fdw_pushdown_fidelity_v1,5,available,"local_filter_after_remote,aggregate_not_pushdowned,sort_not_pushdowned,limit_not_pushdowned,projection_width_expansion",0.16666666666666669,0.8333333333333333,,
20260702T020726Z-clean-run-eu-us-gac-region-asymmetry-v1__pilot-region-local-skew-asymmetric-medium-v1__default__analytics_clients,pilot-region-local-skew-asymmetric-medium-v1,default,clean-run-eu-us-gac-region-asymmetry-v1,asymmetry_mr_global_user_join__dataset-pilot-region-local-skew-asymmetric-medium-v1__runtime-default,global_user_topk,multiregion_union,20260702T020858Z-clean-run-eu-us-gac-region-asymmetry-v1__pilot-region-local-skew-asymmetric-medium-v1__default__analytics_clients__pilot-region-local-skew-asymmetric-medium-v1__default,20260702T021043Z-clean-run-eu-us-gac-region-asymmetry--0761e2bca224--egion_global_user_join__lookback_days-7__limit_k-50,asymmetry_mr_global_user_join__dataset-pilot-region-local-skew-asymmetric-medium-v1__runtime-default__gac_fdw_multiregion_global_user_join__lookback_days-7__limit_k-50,gac_fdw_multiregion_global_user_join,completed,False,0,0,disabled,false,a77ebdf1bca778e3be6bccf75904bd282be19ff442406f429dbf9364d5c193c7,d56a632a12de1e0db520a3eac8f94ee698ede5321a3d899fd564cd0f5fe488ed,5f95d7d45ef0ac2b5b3fa855af821e6ac14bdcdcec6284b972d0e640c5aad5f1,bd5e96d53d0fd1b23d2fccac5a270d7f82f790258583db1ba5afed0d8b3ab0bb,"[{""fdw_region"":""eu"",""plan_fingerprint"":""b0d4753d68dc2d09c2ea6152fe3ab2532151574e17e3e8fd24914adb95487e18"",""remote_sql_id"":""auto_explain_eu_005""},{""fdw_region"":""eu"",""plan_fingerprint"":""b0d4753d68dc2d09c2ea6152fe3ab2532151574e17e3e8fd24914adb95487e18"",""remote_sql_id"":""auto_explain_eu_006""},{""fdw_region"":""us"",""plan_fingerprint"":""b0d4753d68dc2d09c2ea6152fe3ab2532151574e17e3e8fd24914adb95487e18"",""remote_sql_id"":""auto_explain_us_009""},{""fdw_region"":""us"",""plan_fingerprint"":""b0d4753d68dc2d09c2ea6152fe3ab2532151574e17e3e8fd24914adb95487e18"",""remote_sql_id"":""auto_explain_us_010""}]","{""limit_k"":50,""lookback_days"":7}","fdw_remote_join,non_colocated_join,fdw_union_all,topk",query-collections/20260702T021043Z-clean-run-eu-us-gac-region-asymmetry--0761e2bca224--egion_global_user_join__lookback_days-7__limit_k-50,master-regimes/generated/corpus/region-asymmetry-companion-v1/groups/clean-run-eu-us-gac-region-asymmetry-v1__pilot-region-local-skew-asymmetric-medium-v1__default__analytics_clients/queries/asymmetry_mr_global_user_join__dataset-pilot-region-local-skew-asymmetric-medium-v1__runtime-default__gac_fdw_multiregion_global_user_join__lookback_days-7__limit_k-50.sql,query-collections/20260702T021043Z-clean-run-eu-us-gac-region-asymmetry--0761e2bca224--egion_global_user_join__lookback_days-7__limit_k-50/input/query.sql,query-collections/20260702T021043Z-clean-run-eu-us-gac-region-asymmetry--0761e2bca224--egion_global_user_join__lookback_days-7__limit_k-50/input/query_bindings.json,eu-analytics-1,20260702T021043Z,1782958252.379324,1782958255.980074,0,7,mixed_cache_first_observed,,"{""limit_k"":""50"",""lookback_days"":""7""}",{},,,,{},,,,,pilot-region-local-skew-asymmetric-medium-v1,calibration,dataset_region_asymmetry,"join_movement,gac_finalization_heavy,skew_imbalance",pilot,"{""fetch_size"":""high"",""wan_latency"":""high"",""work_mem"":""high""}",3.600752,6.0,0.0,1.0,2375.0,1971.0,300,,2,2,0,1.0,4,0,2,2,2,280000.0,280000.0,280000.0,1.0,8930304.0,8930304.0,8930304.0,1.0,64.0,64.0,64.0,1.0,true,390.585,484.963,437.774,6336.762626262626,32.0,2.0,2.0,4.0,2.0,64.0,64.0,false,0.0,12329.0,0.0,12329.0,,,false,false,false,false,false,false,false,,,,,2,"{""Seq Scan"":128}","{""seq_scan"":128}",0.0,[],4,2,0,2,1,0,0,0,0,0.0,4,4,4,1,1,1,0,0,4,2.241919082734821,13877.0,2.241919082734821,0.9444444444444444,43257.0,6396.0,17852416.0,0.6322539447900944,0.022083285534013997,fdw_pushdown_fidelity_v1,5,available,"local_filter_after_remote,aggregate_not_pushdowned,sort_not_pushdowned,limit_not_pushdowned",0.2,0.8,,
20260702T020726Z-clean-run-eu-us-gac-region-asymmetry-v1__pilot-region-local-skew-asymmetric-medium-v1__default__analytics_clients,pilot-region-local-skew-asymmetric-medium-v1,default,clean-run-eu-us-gac-region-asymmetry-v1,asymmetry_mr_global_user_join__dataset-pilot-region-local-skew-asymmetric-medium-v1__runtime-default,global_user_topk,multiregion_union,20260702T020858Z-clean-run-eu-us-gac-region-asymmetry-v1__pilot-region-local-skew-asymmetric-medium-v1__default__analytics_clients__pilot-region-local-skew-asymmetric-medium-v1__default,20260702T021101Z-clean-run-eu-us-gac-region-asymmetry--5dbe60075f81--gion_global_user_join__lookback_days-30__limit_k-50,asymmetry_mr_global_user_join__dataset-pilot-region-local-skew-asymmetric-medium-v1__runtime-default__gac_fdw_multiregion_global_user_join__lookback_days-30__limit_k-50,gac_fdw_multiregion_global_user_join,completed,False,0,0,disabled,false,a77ebdf1bca778e3be6bccf75904bd282be19ff442406f429dbf9364d5c193c7,014fad75ec920f88cb2261047da4f6cc3aa62ddad2d010a7ec0310fd5f857a74,5f95d7d45ef0ac2b5b3fa855af821e6ac14bdcdcec6284b972d0e640c5aad5f1,04ec53f0e4de076f3d45fe6f2d5b307ef90c70e7c2adaf715ae71b8c9004b6af,"[{""fdw_region"":""eu"",""plan_fingerprint"":""b0d4753d68dc2d09c2ea6152fe3ab2532151574e17e3e8fd24914adb95487e18"",""remote_sql_id"":""auto_explain_eu_007""},{""fdw_region"":""eu"",""plan_fingerprint"":""b0d4753d68dc2d09c2ea6152fe3ab2532151574e17e3e8fd24914adb95487e18"",""remote_sql_id"":""auto_explain_eu_008""},{""fdw_region"":""us"",""plan_fingerprint"":""b0d4753d68dc2d09c2ea6152fe3ab2532151574e17e3e8fd24914adb95487e18"",""remote_sql_id"":""auto_explain_us_015""},{""fdw_region"":""us"",""plan_fingerprint"":""b0d4753d68dc2d09c2ea6152fe3ab2532151574e17e3e8fd24914adb95487e18"",""remote_sql_id"":""auto_explain_us_016""}]","{""limit_k"":50,""lookback_days"":30}","fdw_remote_join,non_colocated_join,fdw_union_all,topk",query-collections/20260702T021101Z-clean-run-eu-us-gac-region-asymmetry--5dbe60075f81--gion_global_user_join__lookback_days-30__limit_k-50,master-regimes/generated/corpus/region-asymmetry-companion-v1/groups/clean-run-eu-us-gac-region-asymmetry-v1__pilot-region-local-skew-asymmetric-medium-v1__default__analytics_clients/queries/asymmetry_mr_global_user_join__dataset-pilot-region-local-skew-asymmetric-medium-v1__runtime-default__gac_fdw_multiregion_global_user_join__lookback_days-30__limit_k-50.sql,query-collections/20260702T021101Z-clean-run-eu-us-gac-region-asymmetry--5dbe60075f81--gion_global_user_join__lookback_days-30__limit_k-50/input/query.sql,query-collections/20260702T021101Z-clean-run-eu-us-gac-region-asymmetry--5dbe60075f81--gion_global_user_join__lookback_days-30__limit_k-50/input/query_bindings.json,eu-analytics-1,20260702T021101Z,1782958270.922295,1782958275.770781,0,8,mixed_cache_first_observed,,"{""limit_k"":""50"",""lookback_days"":""30""}",{},,,,{},,,,,pilot-region-local-skew-asymmetric-medium-v1,calibration,dataset_region_asymmetry,"join_movement,gac_finalization_heavy,skew_imbalance",pilot,"{""fetch_size"":""high"",""wan_latency"":""high"",""work_mem"":""high""}",4.848488,6.0,0.0,1.0,8966.0,5788.0,300,,2,2,0,1.0,4,0,2,2,2,280000.0,280000.0,280000.0,1.0,8930304.0,8930304.0,8930304.0,1.0,64.0,64.0,64.0,1.0,true,400.92999999999995,566.9490000000001,483.9395,8587.709595959595,32.0,2.0,2.0,4.0,2.0,64.0,64.0,false,0.0,12329.0,0.0,12329.0,,,false,false,false,false,false,false,false,,,,,2,"{""Seq Scan"":128}","{""seq_scan"":128}",0.0,[],4,2,0,2,1,0,0,0,0,0.0,4,4,4,1,1,1,0,0,4,1.0239325959799674,30383.944444444445,1.0239325959799674,0.9444444444444444,137160.0,6396.0,17852416.0,0.6322539447900944,0.022083285534013997,fdw_pushdown_fidelity_v1,5,available,"local_filter_after_remote,aggregate_not_pushdowned,sort_not_pushdowned,limit_not_pushdowned",0.2,0.8,,
20260702T020726Z-clean-run-eu-us-gac-region-asymmetry-v1__pilot-region-local-skew-asymmetric-medium-v1__default__analytics_clients,pilot-region-local-skew-asymmetric-medium-v1,default,clean-run-eu-us-gac-region-asymmetry-v1,asymmetry_mr_top_tenants__dataset-pilot-region-local-skew-asymmetric-medium-v1__runtime-default,top_tenants,multiregion_union,20260702T020858Z-clean-run-eu-us-gac-region-asymmetry-v1__pilot-region-local-skew-asymmetric-medium-v1__default__analytics_clients__pilot-region-local-skew-asymmetric-medium-v1__default,20260702T021123Z-clean-run-eu-us-gac-region-asymmetry--59c005cf99e2--ultiregion_top_tenants__lookback_days-1__limit_k-50,asymmetry_mr_top_tenants__dataset-pilot-region-local-skew-asymmetric-medium-v1__runtime-default__gac_fdw_multiregion_top_tenants__lookback_days-1__limit_k-50,gac_fdw_multiregion_top_tenants,completed,False,0,0,disabled,false,70e6dab484eae0f8fbcd7f56f3e84645ebf75780bf99e758a424ce04fa47a7dd,29818923005faafa0c52f6f0dd04f9b07f0e41a8dde50e92bfeb43cf04930532,db7b1445edd01dc5de99e55396ff6825c5a8f8f836694c3cd0ca60172fb40af8,5080a4c23978a021052a9cc999836f8a9b92a431b0ef277a94dc8e4d770ded6d,"[{""fdw_region"":""eu"",""plan_fingerprint"":""b0d4753d68dc2d09c2ea6152fe3ab2532151574e17e3e8fd24914adb95487e18"",""remote_sql_id"":""auto_explain_eu_008""},{""fdw_region"":""us"",""plan_fingerprint"":""b0d4753d68dc2d09c2ea6152fe3ab2532151574e17e3e8fd24914adb95487e18"",""remote_sql_id"":""auto_explain_us_009""}]","{""limit_k"":50,""lookback_days"":1}","fdw_union_all,topk,final_ordering,coordinator_fanin",query-collections/20260702T021123Z-clean-run-eu-us-gac-region-asymmetry--59c005cf99e2--ultiregion_top_tenants__lookback_days-1__limit_k-50,master-regimes/generated/corpus/region-asymmetry-companion-v1/groups/clean-run-eu-us-gac-region-asymmetry-v1__pilot-region-local-skew-asymmetric-medium-v1__default__analytics_clients/queries/asymmetry_mr_top_tenants__dataset-pilot-region-local-skew-asymmetric-medium-v1__runtime-default__gac_fdw_multiregion_top_tenants__lookback_days-1__limit_k-50.sql,query-collections/20260702T021123Z-clean-run-eu-us-gac-region-asymmetry--59c005cf99e2--ultiregion_top_tenants__lookback_days-1__limit_k-50/input/query.sql,query-collections/20260702T021123Z-clean-run-eu-us-gac-region-asymmetry--59c005cf99e2--ultiregion_top_tenants__lookback_days-1__limit_k-50/input/query_bindings.json,eu-analytics-1,20260702T021123Z,1782958292.157357,1782958294.507756,0,9,mixed_cache_first_observed,,"{""limit_k"":""50"",""lookback_days"":""1""}",{},,,,{},,,,,pilot-region-local-skew-asymmetric-medium-v1,calibration,dataset_region_asymmetry,"remote_fetch_heavy,gac_finalization_heavy,skew_imbalance",pilot,"{""fetch_size"":""high"",""wan_latency"":""high"",""work_mem"":""high""}",2.350400,9.0,0.0,1.0,0.0,0.0,300,,2,2,0,1.0,2,0,2,2,2,200000.0,200000.0,200000.0,1.0,4800512.0,4800512.0,4800512.0,1.0,32.0,32.0,32.0,1.0,true,261.266,312.645,286.95550000000003,95.895,32.0,2.0,2.0,4.0,2.0,64.0,64.0,false,1381.0,12329.0,1381.0,12329.0,,,false,false,false,false,false,false,false,,,,,2,"{""Seq Scan"":64}","{""seq_scan"":64}",0.0,[],2,2,0,2,1,0,0,0,0,0.0,2,2,2,1,1,1,0,0,2,31.28421711246676,255.72,31.28421711246676,1.0,0.0,3712.0,9597952.0,0.40075240100021664,0.030833244425477434,fdw_pushdown_fidelity_v1,5,available,"local_filter_after_remote,aggregate_not_pushdowned,sort_not_pushdowned,limit_not_pushdowned",0.2,0.8,,
20260702T020726Z-clean-run-eu-us-gac-region-asymmetry-v1__pilot-region-local-skew-asymmetric-medium-v1__default__analytics_clients,pilot-region-local-skew-asymmetric-medium-v1,default,clean-run-eu-us-gac-region-asymmetry-v1,asymmetry_mr_event_filter_summary__dataset-pilot-region-local-skew-asymmetric-medium-v1__runtime-default,event_filter_summary,multiregion_union,20260702T020858Z-clean-run-eu-us-gac-region-asymmetry-v1__pilot-region-local-skew-asymmetric-medium-v1__default__analytics_clients__pilot-region-local-skew-asymmetric-medium-v1__default,20260702T021139Z-clean-run-eu-us-gac-region-asymmetry--7acb6ab2fff1--ent_filter_summary__lookback_days-30__min_value-500,asymmetry_mr_event_filter_summary__dataset-pilot-region-local-skew-asymmetric-medium-v1__runtime-default__gac_fdw_multiregion_event_filter_summary__lookback_days-30__min_value-500,gac_fdw_multiregion_event_filter_summary,completed,False,0,0,disabled,false,bbe7abed7ec3fa20d9b0211e15005ac4028b7410ffe8507f3df23c0161777d45,5e365673b0ad17087de038d9a7724f5239439b205b9145f45157ef976b0a6d9f,8b2261d3fb2d47cecc5dbf1f4d6cf256fa8eb686e3f77b3778f69660e9f872d2,7fe720cdf6b84654ddb08c3a7feca3ea429684a9465493085649660a4b7b8905,"[{""fdw_region"":""eu"",""plan_fingerprint"":""b0d4753d68dc2d09c2ea6152fe3ab2532151574e17e3e8fd24914adb95487e18"",""remote_sql_id"":""auto_explain_eu_005""},{""fdw_region"":""us"",""plan_fingerprint"":""b0d4753d68dc2d09c2ea6152fe3ab2532151574e17e3e8fd24914adb95487e18"",""remote_sql_id"":""auto_explain_us_007""}]","{""lookback_days"":30,""min_value"":500}","fdw_union_all,selective_filter,remote_pushdown_candidate",query-collections/20260702T021139Z-clean-run-eu-us-gac-region-asymmetry--7acb6ab2fff1--ent_filter_summary__lookback_days-30__min_value-500,master-regimes/generated/corpus/region-asymmetry-companion-v1/groups/clean-run-eu-us-gac-region-asymmetry-v1__pilot-region-local-skew-asymmetric-medium-v1__default__analytics_clients/queries/asymmetry_mr_event_filter_summary__dataset-pilot-region-local-skew-asymmetric-medium-v1__runtime-default__gac_fdw_multiregion_event_filter_summary__lookback_days-30__min_value-500.sql,query-collections/20260702T021139Z-clean-run-eu-us-gac-region-asymmetry--7acb6ab2fff1--ent_filter_summary__lookback_days-30__min_value-500/input/query.sql,query-collections/20260702T021139Z-clean-run-eu-us-gac-region-asymmetry--7acb6ab2fff1--ent_filter_summary__lookback_days-30__min_value-500/input/query_bindings.json,eu-analytics-1,20260702T021139Z,1782958309.945538,1782958311.131266,0,10,mixed_cache_first_observed,,"{""lookback_days"":""30"",""min_value"":""500""}",{},,,,{},,,,,pilot-region-local-skew-asymmetric-medium-v1,calibration,dataset_region_asymmetry,well_reduced_localized,pilot,"{""fetch_size"":""low"",""wan_latency"":""low"",""work_mem"":""none""}",1.185729,0.0,0.0,,0.0,0.0,300,,2,2,0,1.0,2,0,2,2,2,99657.0,99994.0,99825.5,1.0016879454648362,1594368.0,1599488.0,1596928.0,1.0016030779095864,32.0,32.0,32.0,1.0,true,138.112,145.652,141.882,42905.77777777778,32.0,2.0,2.0,4.0,2.0,64.0,64.0,false,699.0,6179.0,699.0,6179.0,,,false,false,false,false,false,false,false,,,,,2,"{""Seq Scan"":64}","{""seq_scan"":64}",0.0,[],2,2,0,2,1,2,0,0,0,0.0,2,0,0,1,0,0,0,0,2,1.0340539476682757,193076.0,1.0340539476682757,1.0,0.0,1464.0,3195904.0,0.4029774843862963,0.031079782121115028,fdw_pushdown_fidelity_v1,3,available,"local_filter_after_remote,aggregate_not_pushdowned",0.3333333333333333,0.6666666666666667,,
20260702T020726Z-clean-run-eu-us-gac-region-asymmetry-v1__pilot-region-local-skew-asymmetric-medium-v1__default__analytics_clients,pilot-region-local-skew-asymmetric-medium-v1,default,clean-run-eu-us-gac-region-asymmetry-v1,asymmetry_mr_top_tenants__dataset-pilot-region-local-skew-asymmetric-medium-v1__runtime-default,top_tenants,multiregion_union,20260702T020858Z-clean-run-eu-us-gac-region-asymmetry-v1__pilot-region-local-skew-asymmetric-medium-v1__default__analytics_clients__pilot-region-local-skew-asymmetric-medium-v1__default,20260702T021156Z-clean-run-eu-us-gac-region-asymmetry--6b638dfbdb3a--ultiregion_top_tenants__lookback_days-1__limit_k-25,asymmetry_mr_top_tenants__dataset-pilot-region-local-skew-asymmetric-medium-v1__runtime-default__gac_fdw_multiregion_top_tenants__lookback_days-1__limit_k-25,gac_fdw_multiregion_top_tenants,completed,False,0,0,disabled,false,70e6dab484eae0f8fbcd7f56f3e84645ebf75780bf99e758a424ce04fa47a7dd,ee0a099e2544cbc4ca02649c01204bd4943e76062b5d39309218d9eed6ae066c,db7b1445edd01dc5de99e55396ff6825c5a8f8f836694c3cd0ca60172fb40af8,044a6ec2458a4647f0301b95d04de4c38ea3d93071b7696f7480455a0b2f12b4,"[{""fdw_region"":""eu"",""plan_fingerprint"":""b0d4753d68dc2d09c2ea6152fe3ab2532151574e17e3e8fd24914adb95487e18"",""remote_sql_id"":""auto_explain_eu_005""},{""fdw_region"":""us"",""plan_fingerprint"":""b0d4753d68dc2d09c2ea6152fe3ab2532151574e17e3e8fd24914adb95487e18"",""remote_sql_id"":""auto_explain_us_010""}]","{""limit_k"":25,""lookback_days"":1}","fdw_union_all,topk,final_ordering,coordinator_fanin",query-collections/20260702T021156Z-clean-run-eu-us-gac-region-asymmetry--6b638dfbdb3a--ultiregion_top_tenants__lookback_days-1__limit_k-25,master-regimes/generated/corpus/region-asymmetry-companion-v1/groups/clean-run-eu-us-gac-region-asymmetry-v1__pilot-region-local-skew-asymmetric-medium-v1__default__analytics_clients/queries/asymmetry_mr_top_tenants__dataset-pilot-region-local-skew-asymmetric-medium-v1__runtime-default__gac_fdw_multiregion_top_tenants__lookback_days-1__limit_k-25.sql,query-collections/20260702T021156Z-clean-run-eu-us-gac-region-asymmetry--6b638dfbdb3a--ultiregion_top_tenants__lookback_days-1__limit_k-25/input/query.sql,query-collections/20260702T021156Z-clean-run-eu-us-gac-region-asymmetry--6b638dfbdb3a--ultiregion_top_tenants__lookback_days-1__limit_k-25/input/query_bindings.json,eu-analytics-1,20260702T021156Z,1782958325.842373,1782958328.330606,0,11,mixed_cache_first_observed,,"{""limit_k"":""25"",""lookback_days"":""1""}",{},,,,{},,,,,pilot-region-local-skew-asymmetric-medium-v1,calibration,dataset_region_asymmetry,"remote_fetch_heavy,gac_finalization_heavy,skew_imbalance",pilot,"{""fetch_size"":""high"",""wan_latency"":""high"",""work_mem"":""high""}",2.488234,9.0,0.0,1.0,0.0,0.0,300,,2,2,0,1.0,2,0,2,2,2,200000.0,200000.0,200000.0,1.0,4800512.0,4800512.0,4800512.0,1.0,32.0,32.0,32.0,1.0,true,309.758,368.133,338.9455,191.67,32.0,2.0,2.0,4.0,2.0,64.0,64.0,false,1381.0,12329.0,1381.0,12329.0,,,false,false,false,false,false,false,false,,,,,2,"{""Seq Scan"":64}","{""seq_scan"":64}",0.0,[],2,2,0,2,1,0,0,0,0,0.0,2,2,2,1,1,1,0,0,2,31.303803412114572,511.12,31.303803412114572,1.0,0.0,3712.0,9597952.0,0.40075240100021664,0.030833244425477434,fdw_pushdown_fidelity_v1,5,available,"local_filter_after_remote,aggregate_not_pushdowned,sort_not_pushdowned,limit_not_pushdowned",0.2,0.8,,
20260702T020726Z-clean-run-eu-us-gac-region-asymmetry-v1__pilot-region-local-skew-asymmetric-medium-v1__default__analytics_clients,pilot-region-local-skew-asymmetric-medium-v1,default,clean-run-eu-us-gac-region-asymmetry-v1,asymmetry_mr_user_segment_join__dataset-pilot-region-local-skew-asymmetric-medium-v1__runtime-default,user_segment_topk,multiregion_union,20260702T020858Z-clean-run-eu-us-gac-region-asymmetry-v1__pilot-region-local-skew-asymmetric-medium-v1__default__analytics_clients__pilot-region-local-skew-asymmetric-medium-v1__default,20260702T021213Z-clean-run-eu-us-gac-region-asymmetry--b9be797e4727--gion_user_segment_join__lookback_days-7__limit_k-50,asymmetry_mr_user_segment_join__dataset-pilot-region-local-skew-asymmetric-medium-v1__runtime-default__gac_fdw_multiregion_user_segment_join__lookback_days-7__limit_k-50,gac_fdw_multiregion_user_segment_join,completed,False,0,0,disabled,false,550434b2ab468726c0e708e58c2f05929074d7faa4d94bd31899dea4317847a3,afe0a624682d043c0602df53fcb08fba781123a725ae850fce942c21760fefed,83c5de2ce3c33d694e70fc8d3757c26da784e6fc3264f730878794edec09f946,bd5e96d53d0fd1b23d2fccac5a270d7f82f790258583db1ba5afed0d8b3ab0bb,"[{""fdw_region"":""eu"",""plan_fingerprint"":""b0d4753d68dc2d09c2ea6152fe3ab2532151574e17e3e8fd24914adb95487e18"",""remote_sql_id"":""auto_explain_eu_005""},{""fdw_region"":""eu"",""plan_fingerprint"":""b0d4753d68dc2d09c2ea6152fe3ab2532151574e17e3e8fd24914adb95487e18"",""remote_sql_id"":""auto_explain_eu_006""},{""fdw_region"":""us"",""plan_fingerprint"":""b0d4753d68dc2d09c2ea6152fe3ab2532151574e17e3e8fd24914adb95487e18"",""remote_sql_id"":""auto_explain_us_009""},{""fdw_region"":""us"",""plan_fingerprint"":""b0d4753d68dc2d09c2ea6152fe3ab2532151574e17e3e8fd24914adb95487e18"",""remote_sql_id"":""auto_explain_us_010""}]","{""limit_k"":50,""lookback_days"":7}","fdw_remote_join,colocated_join,fdw_union_all,topk",query-collections/20260702T021213Z-clean-run-eu-us-gac-region-asymmetry--b9be797e4727--gion_user_segment_join__lookback_days-7__limit_k-50,master-regimes/generated/corpus/region-asymmetry-companion-v1/groups/clean-run-eu-us-gac-region-asymmetry-v1__pilot-region-local-skew-asymmetric-medium-v1__default__analytics_clients/queries/asymmetry_mr_user_segment_join__dataset-pilot-region-local-skew-asymmetric-medium-v1__runtime-default__gac_fdw_multiregion_user_segment_join__lookback_days-7__limit_k-50.sql,query-collections/20260702T021213Z-clean-run-eu-us-gac-region-asymmetry--b9be797e4727--gion_user_segment_join__lookback_days-7__limit_k-50/input/query.sql,query-collections/20260702T021213Z-clean-run-eu-us-gac-region-asymmetry--b9be797e4727--gion_user_segment_join__lookback_days-7__limit_k-50/input/query_bindings.json,eu-analytics-1,20260702T021213Z,1782958342.716207,1782958346.313954,0,12,mixed_cache_first_observed,,"{""limit_k"":""50"",""lookback_days"":""7""}",{},,,,{},,,,,pilot-region-local-skew-asymmetric-medium-v1,calibration,dataset_region_asymmetry,gac_finalization_heavy,pilot,"{""fetch_size"":""high"",""wan_latency"":""high"",""work_mem"":""high""}",3.597748,6.0,0.0,1.0,2288.0,1894.0,300,,2,2,0,1.0,4,0,2,2,2,280000.0,280000.0,280000.0,1.0,8770560.0,8770560.0,8770560.0,1.0,64.0,64.0,64.0,1.0,true,408.303,503.048,455.6755,11539.024691358025,32.0,2.0,2.0,4.0,2.0,64.0,64.0,false,1381.0,12329.0,1381.0,12329.0,,,false,false,false,false,false,false,false,,,,,2,"{""Seq Scan"":128}","{""seq_scan"":128}",0.0,[],4,2,0,2,1,0,0,0,0,0.0,4,4,4,1,1,1,0,0,4,2.242026792220167,27752.666666666668,2.242026792220167,0.9285714285714286,41622.0,6280.0,17538048.0,0.6228302693066307,0.0224791265253693,fdw_pushdown_fidelity_v1,5,available,"local_filter_after_remote,aggregate_not_pushdowned,sort_not_pushdowned,limit_not_pushdowned",0.2,0.8,,
20260702T020726Z-clean-run-eu-us-gac-region-asymmetry-v1__pilot-region-local-skew-asymmetric-medium-v1__default__analytics_clients,pilot-region-local-skew-asymmetric-medium-v1,default,clean-run-eu-us-gac-region-asymmetry-v1,asymmetry_mr_top_tenants__dataset-pilot-region-local-skew-asymmetric-medium-v1__runtime-default,top_tenants,multiregion_union,20260702T020858Z-clean-run-eu-us-gac-region-asymmetry-v1__pilot-region-local-skew-asymmetric-medium-v1__default__analytics_clients__pilot-region-local-skew-asymmetric-medium-v1__default,20260702T021232Z-clean-run-eu-us-gac-region-asymmetry--ec261603c92f--ltiregion_top_tenants__lookback_days-30__limit_k-50,asymmetry_mr_top_tenants__dataset-pilot-region-local-skew-asymmetric-medium-v1__runtime-default__gac_fdw_multiregion_top_tenants__lookback_days-30__limit_k-50,gac_fdw_multiregion_top_tenants,completed,False,0,0,disabled,false,70e6dab484eae0f8fbcd7f56f3e84645ebf75780bf99e758a424ce04fa47a7dd,6e7b6505f310938ff91ca4ed9f494fede9396ea8c29b075529276da8116600b2,db7b1445edd01dc5de99e55396ff6825c5a8f8f836694c3cd0ca60172fb40af8,c7a32bfa0046d8ffa6f4075988254652c3fdbf3199a76505831349ed5da89deb,"[{""fdw_region"":""eu"",""plan_fingerprint"":""b0d4753d68dc2d09c2ea6152fe3ab2532151574e17e3e8fd24914adb95487e18"",""remote_sql_id"":""auto_explain_eu_006""},{""fdw_region"":""us"",""plan_fingerprint"":""b0d4753d68dc2d09c2ea6152fe3ab2532151574e17e3e8fd24914adb95487e18"",""remote_sql_id"":""auto_explain_us_009""}]","{""limit_k"":50,""lookback_days"":30}","fdw_union_all,topk,final_ordering,coordinator_fanin",query-collections/20260702T021232Z-clean-run-eu-us-gac-region-asymmetry--ec261603c92f--ltiregion_top_tenants__lookback_days-30__limit_k-50,master-regimes/generated/corpus/region-asymmetry-companion-v1/groups/clean-run-eu-us-gac-region-asymmetry-v1__pilot-region-local-skew-asymmetric-medium-v1__default__analytics_clients/queries/asymmetry_mr_top_tenants__dataset-pilot-region-local-skew-asymmetric-medium-v1__runtime-default__gac_fdw_multiregion_top_tenants__lookback_days-30__limit_k-50.sql,query-collections/20260702T021232Z-clean-run-eu-us-gac-region-asymmetry--ec261603c92f--ltiregion_top_tenants__lookback_days-30__limit_k-50/input/query.sql,query-collections/20260702T021232Z-clean-run-eu-us-gac-region-asymmetry--ec261603c92f--ltiregion_top_tenants__lookback_days-30__limit_k-50/input/query_bindings.json,eu-analytics-1,20260702T021232Z,1782958362.020586,1782958364.542668,0,13,mixed_cache_first_observed,,"{""limit_k"":""50"",""lookback_days"":""30""}",{},,,,{},,,,,pilot-region-local-skew-asymmetric-medium-v1,calibration,dataset_region_asymmetry,"remote_fetch_heavy,gac_finalization_heavy,skew_imbalance",pilot,"{""fetch_size"":""high"",""wan_latency"":""high"",""work_mem"":""high""}",2.522082,9.0,0.0,1.0,0.0,0.0,300,,2,2,0,1.0,2,0,2,2,2,200000.0,200000.0,200000.0,1.0,4800512.0,4800512.0,4800512.0,1.0,32.0,32.0,32.0,1.0,true,290.195,340.273,315.23400000000004,2901.7275,32.0,2.0,2.0,4.0,2.0,64.0,64.0,false,1381.0,12329.0,1381.0,12329.0,,,false,false,false,false,false,false,false,,,,,2,"{""Seq Scan"":64}","{""seq_scan"":64}",0.0,[],2,2,0,2,1,0,0,0,0,0.0,2,2,2,1,1,1,0,0,2,1.033866894806628,7737.94,1.033866894806628,1.0,0.0,3712.0,9597952.0,0.40075240100021664,0.030833244425477434,fdw_pushdown_fidelity_v1,5,available,"local_filter_after_remote,aggregate_not_pushdowned,sort_not_pushdowned,limit_not_pushdowned",0.2,0.8,,
20260702T020726Z-clean-run-eu-us-gac-region-asymmetry-v1__pilot-region-local-skew-asymmetric-medium-v1__default__analytics_clients,pilot-region-local-skew-asymmetric-medium-v1,default,clean-run-eu-us-gac-region-asymmetry-v1,asymmetry_mr_event_filter_summary__dataset-pilot-region-local-skew-asymmetric-medium-v1__runtime-default,event_filter_summary,multiregion_union,20260702T020858Z-clean-run-eu-us-gac-region-asymmetry-v1__pilot-region-local-skew-asymmetric-medium-v1__default__analytics_clients__pilot-region-local-skew-asymmetric-medium-v1__default,20260702T021251Z-clean-run-eu-us-gac-region-asymmetry--c3f1b34d4591--ent_filter_summary__lookback_days-30__min_value-900,asymmetry_mr_event_filter_summary__dataset-pilot-region-local-skew-asymmetric-medium-v1__runtime-default__gac_fdw_multiregion_event_filter_summary__lookback_days-30__min_value-900,gac_fdw_multiregion_event_filter_summary,completed,False,0,0,disabled,false,bbe7abed7ec3fa20d9b0211e15005ac4028b7410ffe8507f3df23c0161777d45,4d9a2a38185bde860d6ef3d1d9ae35ce2892d680e0f7b7d49c6d73b9d6852f01,8b2261d3fb2d47cecc5dbf1f4d6cf256fa8eb686e3f77b3778f69660e9f872d2,7fe720cdf6b84654ddb08c3a7feca3ea429684a9465493085649660a4b7b8905,"[{""fdw_region"":""eu"",""plan_fingerprint"":""b0d4753d68dc2d09c2ea6152fe3ab2532151574e17e3e8fd24914adb95487e18"",""remote_sql_id"":""auto_explain_eu_005""},{""fdw_region"":""us"",""plan_fingerprint"":""b0d4753d68dc2d09c2ea6152fe3ab2532151574e17e3e8fd24914adb95487e18"",""remote_sql_id"":""auto_explain_us_007""}]","{""lookback_days"":30,""min_value"":900}","fdw_union_all,selective_filter,remote_pushdown_candidate",query-collections/20260702T021251Z-clean-run-eu-us-gac-region-asymmetry--c3f1b34d4591--ent_filter_summary__lookback_days-30__min_value-900,master-regimes/generated/corpus/region-asymmetry-companion-v1/groups/clean-run-eu-us-gac-region-asymmetry-v1__pilot-region-local-skew-asymmetric-medium-v1__default__analytics_clients/queries/asymmetry_mr_event_filter_summary__dataset-pilot-region-local-skew-asymmetric-medium-v1__runtime-default__gac_fdw_multiregion_event_filter_summary__lookback_days-30__min_value-900.sql,query-collections/20260702T021251Z-clean-run-eu-us-gac-region-asymmetry--c3f1b34d4591--ent_filter_summary__lookback_days-30__min_value-900/input/query.sql,query-collections/20260702T021251Z-clean-run-eu-us-gac-region-asymmetry--c3f1b34d4591--ent_filter_summary__lookback_days-30__min_value-900/input/query_bindings.json,eu-analytics-1,20260702T021251Z,1782958381.393222,1782958381.976660,0,14,mixed_cache_first_observed,,"{""lookback_days"":""30"",""min_value"":""900""}",{},,,,{},,,,,pilot-region-local-skew-asymmetric-medium-v1,calibration,dataset_region_asymmetry,well_reduced_localized,pilot,"{""fetch_size"":""low"",""wan_latency"":""low"",""work_mem"":""none""}",0.583440,0.0,0.0,,0.0,0.0,300,,2,2,0,1.0,2,0,2,2,2,19678.0,20269.0,19973.5,1.0147946028487747,314368.0,324608.0,319488.0,1.016025641025641,32.0,32.0,32.0,1.0,true,120.171,120.705,120.438,8585.777777777777,32.0,2.0,2.0,4.0,2.0,64.0,64.0,false,132.0,1270.0,132.0,1270.0,,,false,false,false,false,false,false,false,,,,,2,"{""Seq Scan"":64}","{""seq_scan"":64}",0.0,[],2,2,0,2,1,2,0,0,0,0.0,2,0,0,1,0,0,0,0,2,1.0339320840666735,38636.0,1.0339320840666735,1.0,0.0,0.0,638192.0,0.4052457712638473,0.03209065610349236,fdw_pushdown_fidelity_v1,3,available,"local_filter_after_remote,aggregate_not_pushdowned",0.3333333333333333,0.6666666666666667,,
20260702T020726Z-clean-run-eu-us-gac-region-asymmetry-v1__pilot-region-local-skew-asymmetric-medium-v1__default__analytics_clients,pilot-region-local-skew-asymmetric-medium-v1,default,clean-run-eu-us-gac-region-asymmetry-v1,asymmetry_mr_user_segment_join__dataset-pilot-region-local-skew-asymmetric-medium-v1__runtime-default,user_segment_topk,multiregion_union,20260702T020858Z-clean-run-eu-us-gac-region-asymmetry-v1__pilot-region-local-skew-asymmetric-medium-v1__default__analytics_clients__pilot-region-local-skew-asymmetric-medium-v1__default,20260702T021308Z-clean-run-eu-us-gac-region-asymmetry--595f56bcdec0--ion_user_segment_join__lookback_days-30__limit_k-50,asymmetry_mr_user_segment_join__dataset-pilot-region-local-skew-asymmetric-medium-v1__runtime-default__gac_fdw_multiregion_user_segment_join__lookback_days-30__limit_k-50,gac_fdw_multiregion_user_segment_join,completed,False,0,0,disabled,false,550434b2ab468726c0e708e58c2f05929074d7faa4d94bd31899dea4317847a3,ea83120dadea53f8712c9b5b1d8ddd2bd2fd52c212710765493d8e25da95be01,83c5de2ce3c33d694e70fc8d3757c26da784e6fc3264f730878794edec09f946,b570ed5dce248f7100deed803985c0b61ea982e53279bf557acd1e78035a5a5d,"[{""fdw_region"":""eu"",""plan_fingerprint"":""b0d4753d68dc2d09c2ea6152fe3ab2532151574e17e3e8fd24914adb95487e18"",""remote_sql_id"":""auto_explain_eu_006""},{""fdw_region"":""eu"",""plan_fingerprint"":""b0d4753d68dc2d09c2ea6152fe3ab2532151574e17e3e8fd24914adb95487e18"",""remote_sql_id"":""auto_explain_eu_007""},{""fdw_region"":""us"",""plan_fingerprint"":""b0d4753d68dc2d09c2ea6152fe3ab2532151574e17e3e8fd24914adb95487e18"",""remote_sql_id"":""auto_explain_us_009""},{""fdw_region"":""us"",""plan_fingerprint"":""b0d4753d68dc2d09c2ea6152fe3ab2532151574e17e3e8fd24914adb95487e18"",""remote_sql_id"":""auto_explain_us_010""}]","{""limit_k"":50,""lookback_days"":30}","fdw_remote_join,colocated_join,fdw_union_all,topk",query-collections/20260702T021308Z-clean-run-eu-us-gac-region-asymmetry--595f56bcdec0--ion_user_segment_join__lookback_days-30__limit_k-50,master-regimes/generated/corpus/region-asymmetry-companion-v1/groups/clean-run-eu-us-gac-region-asymmetry-v1__pilot-region-local-skew-asymmetric-medium-v1__default__analytics_clients/queries/asymmetry_mr_user_segment_join__dataset-pilot-region-local-skew-asymmetric-medium-v1__runtime-default__gac_fdw_multiregion_user_segment_join__lookback_days-30__limit_k-50.sql,query-collections/20260702T021308Z-clean-run-eu-us-gac-region-asymmetry--595f56bcdec0--ion_user_segment_join__lookback_days-30__limit_k-50/input/query.sql,query-collections/20260702T021308Z-clean-run-eu-us-gac-region-asymmetry--595f56bcdec0--ion_user_segment_join__lookback_days-30__limit_k-50/input/query_bindings.json,eu-analytics-1,20260702T021308Z,1782958397.242313,1782958401.671201,0,15,mixed_cache_first_observed,,"{""limit_k"":""50"",""lookback_days"":""30""}",{},,,,{},,,,,pilot-region-local-skew-asymmetric-medium-v1,calibration,dataset_region_asymmetry,gac_finalization_heavy,pilot,"{""fetch_size"":""high"",""wan_latency"":""high"",""work_mem"":""high""}",4.428889,6.0,0.0,1.0,8681.0,5615.0,300,,2,2,0,1.0,4,0,2,2,2,280000.0,280000.0,280000.0,1.0,8770560.0,8770560.0,8770560.0,1.0,64.0,64.0,64.0,1.0,true,503.399,538.4540000000001,520.9265,17041.228395061727,32.0,2.0,2.0,4.0,2.0,64.0,64.0,false,1381.0,12329.0,1381.0,12329.0,,,false,false,false,false,false,false,false,,,,,2,"{""Seq Scan"":128}","{""seq_scan"":128}",0.0,[],4,2,0,2,1,0,0,0,0,0.0,4,4,4,1,1,1,0,0,4,1.0239662968807426,60765.88888888889,1.0239662968807426,0.9285714285714286,133020.0,6280.0,17538048.0,0.6228302693066307,0.0224791265253693,fdw_pushdown_fidelity_v1,5,available,"local_filter_after_remote,aggregate_not_pushdowned,sort_not_pushdowned,limit_not_pushdowned",0.2,0.8,,
20260702T020726Z-clean-run-eu-us-gac-region-asymmetry-v1__pilot-region-local-skew-asymmetric-medium-v1__default__analytics_clients,pilot-region-local-skew-asymmetric-medium-v1,default,clean-run-eu-us-gac-region-asymmetry-v1,asymmetry_mr_multi_dimension_rollup__dataset-pilot-region-local-skew-asymmetric-medium-v1__runtime-default,multi_dimension_rollup,multiregion_union,20260702T020858Z-clean-run-eu-us-gac-region-asymmetry-v1__pilot-region-local-skew-asymmetric-medium-v1__default__analytics_clients__pilot-region-local-skew-asymmetric-medium-v1__default,20260702T021327Z-clean-run-eu-us-gac-region-asymmetry--f8a0bbcb6aaa--lti_dimension_rollup__lookback_days-30__limit_k-100,asymmetry_mr_multi_dimension_rollup__dataset-pilot-region-local-skew-asymmetric-medium-v1__runtime-default__gac_fdw_multiregion_multi_dimension_rollup__lookback_days-30__limit_k-100,gac_fdw_multiregion_multi_dimension_rollup,completed,False,0,0,disabled,false,2fb2c4dc7294b06ccb2e90b11eec0562f4ca237d24d4811fcbffaf7ffe881530,8a20c1197adc9269f25ad6acab4c949d300e7792e0b62f92376ed65a43e4a606,6fa6a810e585d93cab6900cd3230b72c02ad8b63128e79a55454e9da2bc013d0,150a05106bed446f25f4c5258ea66a3a5ff35ca906db79c4ff3d41344a7718c8,"[{""fdw_region"":""eu"",""plan_fingerprint"":""b0d4753d68dc2d09c2ea6152fe3ab2532151574e17e3e8fd24914adb95487e18"",""remote_sql_id"":""auto_explain_eu_009""},{""fdw_region"":""eu"",""plan_fingerprint"":""b0d4753d68dc2d09c2ea6152fe3ab2532151574e17e3e8fd24914adb95487e18"",""remote_sql_id"":""auto_explain_eu_010""},{""fdw_region"":""eu"",""plan_fingerprint"":""b0d4753d68dc2d09c2ea6152fe3ab2532151574e17e3e8fd24914adb95487e18"",""remote_sql_id"":""auto_explain_eu_011""},{""fdw_region"":""us"",""plan_fingerprint"":""b0d4753d68dc2d09c2ea6152fe3ab2532151574e17e3e8fd24914adb95487e18"",""remote_sql_id"":""auto_explain_us_011""},{""fdw_region"":""us"",""plan_fingerprint"":""b0d4753d68dc2d09c2ea6152fe3ab2532151574e17e3e8fd24914adb95487e18"",""remote_sql_id"":""auto_explain_us_012""},{""fdw_region"":""us"",""plan_fingerprint"":""b0d4753d68dc2d09c2ea6152fe3ab2532151574e17e3e8fd24914adb95487e18"",""remote_sql_id"":""auto_explain_us_013""}]","{""limit_k"":100,""lookback_days"":30}","fdw_remote_join,multi_join,fdw_union_all,daily_group_by",query-collections/20260702T021327Z-clean-run-eu-us-gac-region-asymmetry--f8a0bbcb6aaa--lti_dimension_rollup__lookback_days-30__limit_k-100,master-regimes/generated/corpus/region-asymmetry-companion-v1/groups/clean-run-eu-us-gac-region-asymmetry-v1__pilot-region-local-skew-asymmetric-medium-v1__default__analytics_clients/queries/asymmetry_mr_multi_dimension_rollup__dataset-pilot-region-local-skew-asymmetric-medium-v1__runtime-default__gac_fdw_multiregion_multi_dimension_rollup__lookback_days-30__limit_k-100.sql,query-collections/20260702T021327Z-clean-run-eu-us-gac-region-asymmetry--f8a0bbcb6aaa--lti_dimension_rollup__lookback_days-30__limit_k-100/input/query.sql,query-collections/20260702T021327Z-clean-run-eu-us-gac-region-asymmetry--f8a0bbcb6aaa--lti_dimension_rollup__lookback_days-30__limit_k-100/input/query_bindings.json,eu-analytics-1,20260702T021327Z,1782958417.122129,1782958421.403047,0,16,mixed_cache_first_observed,,"{""limit_k"":""100"",""lookback_days"":""30""}",{},,,,{},,,,,pilot-region-local-skew-asymmetric-medium-v1,calibration,dataset_region_asymmetry,"join_movement,gac_finalization_heavy,skew_imbalance",pilot,"{""fetch_size"":""high"",""wan_latency"":""high"",""work_mem"":""high""}",4.280918,9.0,0.0,1.0,6253.0,6259.0,300,,2,2,0,1.0,6,0,2,2,2,280800.0,280800.0,280800.0,1.0,8292352.0,8292352.0,8292352.0,1.0,65.0,65.0,65.0,1.0,true,356.514,421.825,389.16949999999997,2092.2966666666666,32.0,2.0,2.0,4.0,2.0,64.0,64.0,false,800.0,12329.0,800.0,12329.0,,,false,false,false,false,false,false,false,,,,,2,"{""Seq Scan"":130}","{""seq_scan"":130}",0.0,[],6,2,0,2,1,0,0,0,0,0.0,6,6,6,1,1,1,0,0,6,1.023903852219461,5484.89,1.023903852219461,1.2,110893.0,6000.0,16581632.0,0.7163793659520576,0.023775705551781635,fdw_pushdown_fidelity_v1,5,available,"local_filter_after_remote,aggregate_not_pushdowned,sort_not_pushdowned,limit_not_pushdowned,projection_width_expansion",0.16666666666666669,0.8333333333333333,,
20260702T020726Z-clean-run-eu-us-gac-region-asymmetry-v1__pilot-region-local-skew-asymmetric-medium-v1__default__analytics_clients,pilot-region-local-skew-asymmetric-medium-v1,default,clean-run-eu-us-gac-region-asymmetry-v1,asymmetry_mr_tenant_tier_join__dataset-pilot-region-local-skew-asymmetric-medium-v1__runtime-default,tenant_tier_daily_join,multiregion_union,20260702T020858Z-clean-run-eu-us-gac-region-asymmetry-v1__pilot-region-local-skew-asymmetric-medium-v1__default__analytics_clients__pilot-region-local-skew-asymmetric-medium-v1__default,20260702T021347Z-clean-run-eu-us-gac-region-asymmetry--bb73180c9c8f--egion_tenant_tier_join__lookback_days-7__limit_k-50,asymmetry_mr_tenant_tier_join__dataset-pilot-region-local-skew-asymmetric-medium-v1__runtime-default__gac_fdw_multiregion_tenant_tier_join__lookback_days-7__limit_k-50,gac_fdw_multiregion_tenant_tier_join,completed,False,0,0,disabled,false,e864c870f82e6d7be831a83dfcb882eed87b119ded75d3671dad3e2e08a7056a,6b3bc1b524e1862235d96a6c279b00627d6a8d4f37bc7fce86caf17878064024,892229cc781dec3847a4f793bb7caccc38bbe608441979c01101d8065e4858cf,b570ed5dce248f7100deed803985c0b61ea982e53279bf557acd1e78035a5a5d,"[{""fdw_region"":""eu"",""plan_fingerprint"":""b0d4753d68dc2d09c2ea6152fe3ab2532151574e17e3e8fd24914adb95487e18"",""remote_sql_id"":""auto_explain_eu_006""},{""fdw_region"":""eu"",""plan_fingerprint"":""b0d4753d68dc2d09c2ea6152fe3ab2532151574e17e3e8fd24914adb95487e18"",""remote_sql_id"":""auto_explain_eu_007""},{""fdw_region"":""us"",""plan_fingerprint"":""b0d4753d68dc2d09c2ea6152fe3ab2532151574e17e3e8fd24914adb95487e18"",""remote_sql_id"":""auto_explain_us_009""},{""fdw_region"":""us"",""plan_fingerprint"":""b0d4753d68dc2d09c2ea6152fe3ab2532151574e17e3e8fd24914adb95487e18"",""remote_sql_id"":""auto_explain_us_010""}]","{""limit_k"":50,""lookback_days"":7}","fdw_remote_join,reference_join,fdw_union_all,daily_group_by",query-collections/20260702T021347Z-clean-run-eu-us-gac-region-asymmetry--bb73180c9c8f--egion_tenant_tier_join__lookback_days-7__limit_k-50,master-regimes/generated/corpus/region-asymmetry-companion-v1/groups/clean-run-eu-us-gac-region-asymmetry-v1__pilot-region-local-skew-asymmetric-medium-v1__default__analytics_clients/queries/asymmetry_mr_tenant_tier_join__dataset-pilot-region-local-skew-asymmetric-medium-v1__runtime-default__gac_fdw_multiregion_tenant_tier_join__lookback_days-7__limit_k-50.sql,query-collections/20260702T021347Z-clean-run-eu-us-gac-region-asymmetry--bb73180c9c8f--egion_tenant_tier_join__lookback_days-7__limit_k-50/input/query.sql,query-collections/20260702T021347Z-clean-run-eu-us-gac-region-asymmetry--bb73180c9c8f--egion_tenant_tier_join__lookback_days-7__limit_k-50/input/query_bindings.json,eu-analytics-1,20260702T021347Z,1782958437.265185,1782958439.813735,0,17,mixed_cache_first_observed,,"{""limit_k"":""50"",""lookback_days"":""7""}",{},,,,{},,,,,pilot-region-local-skew-asymmetric-medium-v1,calibration,dataset_region_asymmetry,gac_finalization_heavy,pilot,"{""fetch_size"":""high"",""wan_latency"":""high"",""work_mem"":""high""}",2.548551,6.0,0.0,1.0,0.0,0.0,300,,2,2,0,1.0,4,0,2,2,2,200800.0,200800.0,200800.0,1.0,4812800.0,4812800.0,4812800.0,1.0,33.0,33.0,33.0,1.0,true,326.01800000000003,327.383,326.70050000000003,946.1319444444445,32.0,2.0,2.0,4.0,2.0,64.0,64.0,false,800.0,12329.0,800.0,12329.0,,,false,false,false,false,false,false,false,,,,,2,"{""Seq Scan"":66}","{""seq_scan"":66}",0.0,[],4,2,0,2,1,0,0,0,0,0.0,4,4,4,1,1,1,0,0,4,4.395700619513583,3806.75,4.395700619513583,1.6666666666666667,0.0,3712.0,9622528.0,0.4370134375808034,0.030754496115781634,fdw_pushdown_fidelity_v1,5,available,"local_filter_after_remote,aggregate_not_pushdowned,sort_not_pushdowned,limit_not_pushdowned,projection_width_expansion",0.12,0.88,,
20260702T020726Z-clean-run-eu-us-gac-region-asymmetry-v1__pilot-region-local-skew-asymmetric-medium-v1__default__analytics_clients,pilot-region-local-skew-asymmetric-medium-v1,default,clean-run-eu-us-gac-region-asymmetry-v1,asymmetry_mr_tenant_point_control__dataset-pilot-region-local-skew-asymmetric-medium-v1__runtime-default,tenant_point_rollup,multiregion_union,20260702T020858Z-clean-run-eu-us-gac-region-asymmetry-v1__pilot-region-local-skew-asymmetric-medium-v1__default__analytics_clients__pilot-region-local-skew-asymmetric-medium-v1__default,20260702T021405Z-clean-run-eu-us-gac-region-asymmetry--6cf9c5dd045e--u_tenant_id-1__us_tenant_id-10001__lookback_days-30,asymmetry_mr_tenant_point_control__dataset-pilot-region-local-skew-asymmetric-medium-v1__runtime-default__gac_fdw_multiregion_tenant_point_rollup__eu_tenant_id-1__us_tenant_id-10001__lookback_days-30,gac_fdw_multiregion_tenant_point_rollup,completed,False,0,0,disabled,false,dbb820ac5a219bc04131b840d40f5cd8ed6caf55f0f0469ccf8efd264b0d288c,a6ed89d7d5cb3120020d2489cd8a2e9472817a4f66142d42c90579d458572708,eed28bbbd899d9cd8c8865a70548bd848f07a275881b1a5032b45606899c3ad9,3c1e82ebbb5fc62fa8a9359c7440b0b941285f912f5965e51c53e56333899df2,"[{""fdw_region"":""eu"",""plan_fingerprint"":""b0d4753d68dc2d09c2ea6152fe3ab2532151574e17e3e8fd24914adb95487e18"",""remote_sql_id"":""auto_explain_eu_005""},{""fdw_region"":""us"",""plan_fingerprint"":""b0d4753d68dc2d09c2ea6152fe3ab2532151574e17e3e8fd24914adb95487e18"",""remote_sql_id"":""auto_explain_us_009""}]","{""eu_tenant_id"":1,""lookback_days"":30,""us_tenant_id"":10001}","fdw_union_all,tenant_filter,remote_pushdown_candidate",query-collections/20260702T021405Z-clean-run-eu-us-gac-region-asymmetry--6cf9c5dd045e--u_tenant_id-1__us_tenant_id-10001__lookback_days-30,master-regimes/generated/corpus/region-asymmetry-companion-v1/groups/clean-run-eu-us-gac-region-asymmetry-v1__pilot-region-local-skew-asymmetric-medium-v1__default__analytics_clients/queries/asymmetry_mr_tenant_point_control__dataset-pilot-region-local-skew-asymmetric-medium-v1__runtime-default__gac_fdw_multiregion_tenant_point_rollup__eu_tenant_id-1__us_tenant_id-10001__lookback_days-30.sql,query-collections/20260702T021405Z-clean-run-eu-us-gac-region-asymmetry--6cf9c5dd045e--u_tenant_id-1__us_tenant_id-10001__lookback_days-30/input/query.sql,query-collections/20260702T021405Z-clean-run-eu-us-gac-region-asymmetry--6cf9c5dd045e--u_tenant_id-1__us_tenant_id-10001__lookback_days-30/input/query_bindings.json,eu-analytics-1,20260702T021405Z,1782958455.221937,1782958455.348057,0,18,mixed_cache_first_observed,,"{""eu_tenant_id"":""1"",""lookback_days"":""30"",""us_tenant_id"":""10001""}",{},,,,{},,,,,pilot-region-local-skew-asymmetric-medium-v1,negative_control,dataset_region_asymmetry,well_reduced_localized,pilot,"{""fetch_size"":""low"",""wan_latency"":""low"",""work_mem"":""none""}",0.126121,6.0,0.0,1.0,0.0,0.0,300,,2,2,0,1.0,2,0,2,2,2,250.0,3250.0,1750.0,1.8571428571428572,6000.0,77824.0,41912.0,1.8568429089520901,1.0,1.0,1.0,1.0,true,13.799,18.771,16.285,423.0,32.0,2.0,2.0,4.0,2.0,64.0,64.0,false,250.0,3250.0,500.0,6500.0,,,false,false,false,false,false,false,false,,,,,2,"{""Bitmap Heap Scan"":2,""Bitmap Index Scan"":2}","{""bitmap_scan"":4}",0.0,[],2,2,0,2,1,2,0,0,0,0.0,2,2,0,1,1,0,0,0,2,1.0342789598108748,1692.0,1.0342789598108748,,0.0,0.0,83824.0,0.8568429089520901,0.9284214544760451,fdw_pushdown_fidelity_v1,3,available,"local_filter_after_remote,aggregate_not_pushdowned,sort_not_pushdowned",0.0,1.0,,
20260702T020726Z-clean-run-eu-us-gac-region-asymmetry-v1__pilot-region-local-skew-asymmetric-medium-v1__default__analytics_clients,pilot-region-local-skew-asymmetric-medium-v1,default,clean-run-eu-us-gac-region-asymmetry-v1,asymmetry_mr_raw_region_rollup__dataset-pilot-region-local-skew-asymmetric-medium-v1__runtime-default,event_full_scan_summary,multiregion_union,20260702T020858Z-clean-run-eu-us-gac-region-asymmetry-v1__pilot-region-local-skew-asymmetric-medium-v1__default__analytics_clients__pilot-region-local-skew-asymmetric-medium-v1__default,20260702T021422Z-clean-run-eu-us-gac-region-asymmetry--245f7145952e--_fdw_multiregion_raw_region_rollup__lookback_days-7,asymmetry_mr_raw_region_rollup__dataset-pilot-region-local-skew-asymmetric-medium-v1__runtime-default__gac_fdw_multiregion_raw_region_rollup__lookback_days-7,gac_fdw_multiregion_raw_region_rollup,completed,False,0,0,disabled,false,6ea964648de3595bee23ace2b070299f662fb662ad951c686b0177387ba2c6d5,3e8add382901193a0779fecec66165d21a68b56b5b446f1edf2f29cf17c525d6,9f995e231cca461edd4d9c705c93b1b27701f5257549113cbe94b92f90c6ca85,a707cf0c8dd6bbf1fafe44dd35a6a0fcba97f6cd4aa3359bd90f42426a5bf697,"[{""fdw_region"":""eu"",""plan_fingerprint"":""b0d4753d68dc2d09c2ea6152fe3ab2532151574e17e3e8fd24914adb95487e18"",""remote_sql_id"":""auto_explain_eu_007""},{""fdw_region"":""us"",""plan_fingerprint"":""b0d4753d68dc2d09c2ea6152fe3ab2532151574e17e3e8fd24914adb95487e18"",""remote_sql_id"":""auto_explain_us_007""}]","{""lookback_days"":7}","fdw_union_all,fdw_remote_scan,raw_row_fetch,gac_global_group_by,non_distribution_filter",query-collections/20260702T021422Z-clean-run-eu-us-gac-region-asymmetry--245f7145952e--_fdw_multiregion_raw_region_rollup__lookback_days-7,master-regimes/generated/corpus/region-asymmetry-companion-v1/groups/clean-run-eu-us-gac-region-asymmetry-v1__pilot-region-local-skew-asymmetric-medium-v1__default__analytics_clients/queries/asymmetry_mr_raw_region_rollup__dataset-pilot-region-local-skew-asymmetric-medium-v1__runtime-default__gac_fdw_multiregion_raw_region_rollup__lookback_days-7.sql,query-collections/20260702T021422Z-clean-run-eu-us-gac-region-asymmetry--245f7145952e--_fdw_multiregion_raw_region_rollup__lookback_days-7/input/query.sql,query-collections/20260702T021422Z-clean-run-eu-us-gac-region-asymmetry--245f7145952e--_fdw_multiregion_raw_region_rollup__lookback_days-7/input/query_bindings.json,eu-analytics-1,20260702T021422Z,1782958471.897110,1782958474.138581,0,19,mixed_cache_first_observed,,"{""lookback_days"":""7""}",{},,,,{},,,,,pilot-region-local-skew-asymmetric-medium-v1,calibration,dataset_region_asymmetry,"remote_fetch_heavy,skew_imbalance",pilot,"{""fetch_size"":""high"",""wan_latency"":""high"",""work_mem"":""high""}",2.241472,3.0,0.0,1.0,0.0,0.0,300,,2,2,0,1.0,2,0,2,2,2,200000.0,200000.0,200000.0,1.0,3200000.0,3200000.0,3200000.0,1.0,32.0,32.0,32.0,1.0,true,295.759,297.249,296.504,37399.583333333336,32.0,2.0,2.0,4.0,2.0,64.0,64.0,false,1381.0,12329.0,1381.0,12329.0,,,false,false,false,false,false,false,false,,,,,2,"{""Seq Scan"":64}","{""seq_scan"":64}",0.0,[],2,2,0,2,1,0,0,0,0,0.0,2,2,0,1,1,0,0,0,2,4.456377633440658,44879.5,4.456377633440658,2.5,0.0,2932.0,6397952.0,0.4000230335963842,0.0308898847631242,fdw_pushdown_fidelity_v1,4,available,"local_filter_after_remote,aggregate_not_pushdowned,sort_not_pushdowned,projection_width_expansion",0.1,0.9,,
20260702T020726Z-clean-run-eu-us-gac-region-asymmetry-v1__pilot-region-local-skew-asymmetric-medium-v1__default__analytics_clients,pilot-region-local-skew-asymmetric-medium-v1,default,clean-run-eu-us-gac-region-asymmetry-v1,asymmetry_mr_daily_tenant_rollup__dataset-pilot-region-local-skew-asymmetric-medium-v1__runtime-default,daily_tenant_rollup,multiregion_union,20260702T020858Z-clean-run-eu-us-gac-region-asymmetry-v1__pilot-region-local-skew-asymmetric-medium-v1__default__analytics_clients__pilot-region-local-skew-asymmetric-medium-v1__default,20260702T021440Z-clean-run-eu-us-gac-region-asymmetry--65a4dcb6875b--nt_rollup__lookback_days-1__min_value-0__limit_k-50,asymmetry_mr_daily_tenant_rollup__dataset-pilot-region-local-skew-asymmetric-medium-v1__runtime-default__gac_fdw_multiregion_daily_tenant_rollup__lookback_days-1__min_value-0__limit_k-50,gac_fdw_multiregion_daily_tenant_rollup,completed,False,0,0,disabled,false,bd2869d4baf6a1b37f3bc14e1f26b15ced24803fb049e074025947925c37329f,4dfc016553821f6e18e4d37b8465f35c09148b5d62983752a80a3b6c6fbccad6,0914b69a9ec4adcafd4187e94889f978fc7828e5e70ba0b441e3875f45330c49,c7a32bfa0046d8ffa6f4075988254652c3fdbf3199a76505831349ed5da89deb,"[{""fdw_region"":""eu"",""plan_fingerprint"":""b0d4753d68dc2d09c2ea6152fe3ab2532151574e17e3e8fd24914adb95487e18"",""remote_sql_id"":""auto_explain_eu_006""},{""fdw_region"":""us"",""plan_fingerprint"":""b0d4753d68dc2d09c2ea6152fe3ab2532151574e17e3e8fd24914adb95487e18"",""remote_sql_id"":""auto_explain_us_009""}]","{""limit_k"":50,""lookback_days"":1,""min_value"":0}","fdw_union_all,remote_aggregate_candidate,coordinator_fanin,daily_group_by",query-collections/20260702T021440Z-clean-run-eu-us-gac-region-asymmetry--65a4dcb6875b--nt_rollup__lookback_days-1__min_value-0__limit_k-50,master-regimes/generated/corpus/region-asymmetry-companion-v1/groups/clean-run-eu-us-gac-region-asymmetry-v1__pilot-region-local-skew-asymmetric-medium-v1__default__analytics_clients/queries/asymmetry_mr_daily_tenant_rollup__dataset-pilot-region-local-skew-asymmetric-medium-v1__runtime-default__gac_fdw_multiregion_daily_tenant_rollup__lookback_days-1__min_value-0__limit_k-50.sql,query-collections/20260702T021440Z-clean-run-eu-us-gac-region-asymmetry--65a4dcb6875b--nt_rollup__lookback_days-1__min_value-0__limit_k-50/input/query.sql,query-collections/20260702T021440Z-clean-run-eu-us-gac-region-asymmetry--65a4dcb6875b--nt_rollup__lookback_days-1__min_value-0__limit_k-50/input/query_bindings.json,eu-analytics-1,20260702T021440Z,1782958490.389119,1782958492.781139,0,20,mixed_cache_first_observed,,"{""limit_k"":""50"",""lookback_days"":""1"",""min_value"":""0""}",{},,,,{},,,,,pilot-region-local-skew-asymmetric-medium-v1,calibration,dataset_region_asymmetry,"gac_finalization_heavy,skew_imbalance",pilot,"{""fetch_size"":""high"",""wan_latency"":""high"",""work_mem"":""high""}",2.392022,12.0,0.0,1.0,0.0,0.0,300,,2,2,0,1.0,2,0,2,2,2,200000.0,200000.0,200000.0,1.0,4800512.0,4800512.0,4800512.0,1.0,32.0,32.0,32.0,1.0,true,304.564,306.542,305.553,84.98666666666666,32.0,2.0,2.0,4.0,2.0,64.0,64.0,false,1381.0,12329.0,1381.0,12329.0,,,false,false,false,false,false,false,false,,,,,2,"{""Seq Scan"":64}","{""seq_scan"":64}",0.0,[],2,2,0,2,1,2,0,0,0,0.0,2,2,2,1,1,1,0,0,2,31.377470975839348,254.96,31.377470975839348,1.0,0.0,3712.0,9597952.0,0.40075240100021664,0.030833244425477434,fdw_pushdown_fidelity_v1,5,available,"local_filter_after_remote,aggregate_not_pushdowned,sort_not_pushdowned,limit_not_pushdowned",0.2,0.8,,
20260702T020726Z-clean-run-eu-us-gac-region-asymmetry-v1__pilot-region-local-skew-asymmetric-medium-v1__default__analytics_clients,pilot-region-local-skew-asymmetric-medium-v1,default,clean-run-eu-us-gac-region-asymmetry-v1,asymmetry_mr_event_filter_summary__dataset-pilot-region-local-skew-asymmetric-medium-v1__runtime-default,event_filter_summary,multiregion_union,20260702T020858Z-clean-run-eu-us-gac-region-asymmetry-v1__pilot-region-local-skew-asymmetric-medium-v1__default__analytics_clients__pilot-region-local-skew-asymmetric-medium-v1__default,20260702T021458Z-clean-run-eu-us-gac-region-asymmetry--0855986bb2b0--vent_filter_summary__lookback_days-7__min_value-500,asymmetry_mr_event_filter_summary__dataset-pilot-region-local-skew-asymmetric-medium-v1__runtime-default__gac_fdw_multiregion_event_filter_summary__lookback_days-7__min_value-500,gac_fdw_multiregion_event_filter_summary,completed,False,0,0,disabled,false,bbe7abed7ec3fa20d9b0211e15005ac4028b7410ffe8507f3df23c0161777d45,fc005ba90fb9e8afc383cfdd6310297ad393df3102e7b5061458b43da84affa0,8b2261d3fb2d47cecc5dbf1f4d6cf256fa8eb686e3f77b3778f69660e9f872d2,241d3ce103db786b0c98bb8e41c237bd1c3d94578b79d75a12e4d2baa1f17b5f,"[{""fdw_region"":""eu"",""plan_fingerprint"":""b0d4753d68dc2d09c2ea6152fe3ab2532151574e17e3e8fd24914adb95487e18"",""remote_sql_id"":""auto_explain_eu_004""},{""fdw_region"":""us"",""plan_fingerprint"":""b0d4753d68dc2d09c2ea6152fe3ab2532151574e17e3e8fd24914adb95487e18"",""remote_sql_id"":""auto_explain_us_009""}]","{""lookback_days"":7,""min_value"":500}","fdw_union_all,selective_filter,remote_pushdown_candidate",query-collections/20260702T021458Z-clean-run-eu-us-gac-region-asymmetry--0855986bb2b0--vent_filter_summary__lookback_days-7__min_value-500,master-regimes/generated/corpus/region-asymmetry-companion-v1/groups/clean-run-eu-us-gac-region-asymmetry-v1__pilot-region-local-skew-asymmetric-medium-v1__default__analytics_clients/queries/asymmetry_mr_event_filter_summary__dataset-pilot-region-local-skew-asymmetric-medium-v1__runtime-default__gac_fdw_multiregion_event_filter_summary__lookback_days-7__min_value-500.sql,query-collections/20260702T021458Z-clean-run-eu-us-gac-region-asymmetry--0855986bb2b0--vent_filter_summary__lookback_days-7__min_value-500/input/query.sql,query-collections/20260702T021458Z-clean-run-eu-us-gac-region-asymmetry--0855986bb2b0--vent_filter_summary__lookback_days-7__min_value-500/input/query_bindings.json,eu-analytics-1,20260702T021458Z,1782958507.478507,1782958508.782359,0,21,mixed_cache_first_observed,,"{""lookback_days"":""7"",""min_value"":""500""}",{},,,,{},,,,,pilot-region-local-skew-asymmetric-medium-v1,calibration,dataset_region_asymmetry,well_reduced_localized,pilot,"{""fetch_size"":""low"",""wan_latency"":""low"",""work_mem"":""none""}",1.303853,0.0,0.0,,0.0,0.0,300,,2,2,0,1.0,2,0,2,2,2,99657.0,99994.0,99825.5,1.0016879454648362,1594368.0,1599488.0,1596928.0,1.0016030779095864,32.0,32.0,32.0,1.0,true,163.421,197.212,180.3165,9985.777777777777,32.0,2.0,2.0,4.0,2.0,64.0,64.0,false,699.0,6179.0,699.0,6179.0,,,false,false,false,false,false,false,false,,,,,2,"{""Seq Scan"":64}","{""seq_scan"":64}",0.0,[],2,2,0,2,1,2,0,0,0,0.0,2,0,0,1,0,0,0,0,2,4.443007833363005,44936.0,4.443007833363005,1.0,0.0,1464.0,3195904.0,0.4029774843862963,0.031079782121115028,fdw_pushdown_fidelity_v1,3,available,"local_filter_after_remote,aggregate_not_pushdowned",0.3333333333333333,0.6666666666666667,,
20260702T020726Z-clean-run-eu-us-gac-region-asymmetry-v1__pilot-region-local-skew-asymmetric-medium-v1__default__analytics_clients,pilot-region-local-skew-asymmetric-medium-v1,default,clean-run-eu-us-gac-region-asymmetry-v1,asymmetry_mr_multi_dimension_rollup__dataset-pilot-region-local-skew-asymmetric-medium-v1__runtime-default,multi_dimension_rollup,multiregion_union,20260702T020858Z-clean-run-eu-us-gac-region-asymmetry-v1__pilot-region-local-skew-asymmetric-medium-v1__default__analytics_clients__pilot-region-local-skew-asymmetric-medium-v1__default,20260702T021514Z-clean-run-eu-us-gac-region-asymmetry--68a20690cf21--ulti_dimension_rollup__lookback_days-7__limit_k-100,asymmetry_mr_multi_dimension_rollup__dataset-pilot-region-local-skew-asymmetric-medium-v1__runtime-default__gac_fdw_multiregion_multi_dimension_rollup__lookback_days-7__limit_k-100,gac_fdw_multiregion_multi_dimension_rollup,completed,False,0,0,disabled,false,2fb2c4dc7294b06ccb2e90b11eec0562f4ca237d24d4811fcbffaf7ffe881530,1685ea4b738f0b13ead25cae8764ae4384873eb1c6060411df0cff6fd8045314,6fa6a810e585d93cab6900cd3230b72c02ad8b63128e79a55454e9da2bc013d0,e93272b9287839f82f1e5f960c5116a1291c25debb3d9e20cd590f3c57dd2a54,"[{""fdw_region"":""eu"",""plan_fingerprint"":""b0d4753d68dc2d09c2ea6152fe3ab2532151574e17e3e8fd24914adb95487e18"",""remote_sql_id"":""auto_explain_eu_011""},{""fdw_region"":""eu"",""plan_fingerprint"":""b0d4753d68dc2d09c2ea6152fe3ab2532151574e17e3e8fd24914adb95487e18"",""remote_sql_id"":""auto_explain_eu_012""},{""fdw_region"":""eu"",""plan_fingerprint"":""b0d4753d68dc2d09c2ea6152fe3ab2532151574e17e3e8fd24914adb95487e18"",""remote_sql_id"":""auto_explain_eu_013""},{""fdw_region"":""us"",""plan_fingerprint"":""b0d4753d68dc2d09c2ea6152fe3ab2532151574e17e3e8fd24914adb95487e18"",""remote_sql_id"":""auto_explain_us_009""},{""fdw_region"":""us"",""plan_fingerprint"":""b0d4753d68dc2d09c2ea6152fe3ab2532151574e17e3e8fd24914adb95487e18"",""remote_sql_id"":""auto_explain_us_010""},{""fdw_region"":""us"",""plan_fingerprint"":""b0d4753d68dc2d09c2ea6152fe3ab2532151574e17e3e8fd24914adb95487e18"",""remote_sql_id"":""auto_explain_us_011""}]","{""limit_k"":100,""lookback_days"":7}","fdw_remote_join,multi_join,fdw_union_all,daily_group_by",query-collections/20260702T021514Z-clean-run-eu-us-gac-region-asymmetry--68a20690cf21--ulti_dimension_rollup__lookback_days-7__limit_k-100,master-regimes/generated/corpus/region-asymmetry-companion-v1/groups/clean-run-eu-us-gac-region-asymmetry-v1__pilot-region-local-skew-asymmetric-medium-v1__default__analytics_clients/queries/asymmetry_mr_multi_dimension_rollup__dataset-pilot-region-local-skew-asymmetric-medium-v1__runtime-default__gac_fdw_multiregion_multi_dimension_rollup__lookback_days-7__limit_k-100.sql,query-collections/20260702T021514Z-clean-run-eu-us-gac-region-asymmetry--68a20690cf21--ulti_dimension_rollup__lookback_days-7__limit_k-100/input/query.sql,query-collections/20260702T021514Z-clean-run-eu-us-gac-region-asymmetry--68a20690cf21--ulti_dimension_rollup__lookback_days-7__limit_k-100/input/query_bindings.json,eu-analytics-1,20260702T021514Z,1782958523.045542,1782958526.546849,0,22,mixed_cache_first_observed,,"{""limit_k"":""100"",""lookback_days"":""7""}",{},,,,{},,,,,pilot-region-local-skew-asymmetric-medium-v1,calibration,dataset_region_asymmetry,"join_movement,gac_finalization_heavy,skew_imbalance",pilot,"{""fetch_size"":""high"",""wan_latency"":""high"",""work_mem"":""high""}",3.501308,9.0,0.0,1.0,0.0,0.0,300,,2,2,0,1.0,6,0,2,2,2,280800.0,280800.0,280800.0,1.0,8292352.0,8292352.0,8292352.0,1.0,65.0,65.0,65.0,1.0,true,375.84900000000005,478.925,427.38700000000006,1147.7465277777778,32.0,2.0,2.0,4.0,2.0,64.0,64.0,false,800.0,12329.0,800.0,12329.0,,,false,false,false,false,false,false,false,,,,,2,"{""Seq Scan"":130}","{""seq_scan"":130}",0.0,[],6,2,0,2,1,0,0,0,0,0.0,6,6,6,1,1,1,0,0,6,2.234325703896145,2618.2395833333335,2.234325703896145,1.2,0.0,6000.0,16581632.0,0.7163793659520576,0.023775705551781635,fdw_pushdown_fidelity_v1,5,available,"local_filter_after_remote,aggregate_not_pushdowned,sort_not_pushdowned,limit_not_pushdowned,projection_width_expansion",0.16666666666666669,0.8333333333333333,,
20260702T020726Z-clean-run-eu-us-gac-region-asymmetry-v1__pilot-region-local-skew-asymmetric-medium-v1__default__analytics_clients,pilot-region-local-skew-asymmetric-medium-v1,default,clean-run-eu-us-gac-region-asymmetry-v1,asymmetry_mr_daily_tenant_rollup__dataset-pilot-region-local-skew-asymmetric-medium-v1__runtime-default,daily_tenant_rollup,multiregion_union,20260702T020858Z-clean-run-eu-us-gac-region-asymmetry-v1__pilot-region-local-skew-asymmetric-medium-v1__default__analytics_clients__pilot-region-local-skew-asymmetric-medium-v1__default,20260702T021531Z-clean-run-eu-us-gac-region-asymmetry--d091e40c6f3a--rollup__lookback_days-14__min_value-500__limit_k-50,asymmetry_mr_daily_tenant_rollup__dataset-pilot-region-local-skew-asymmetric-medium-v1__runtime-default__gac_fdw_multiregion_daily_tenant_rollup__lookback_days-14__min_value-500__limit_k-50,gac_fdw_multiregion_daily_tenant_rollup,completed,False,0,0,disabled,false,bd2869d4baf6a1b37f3bc14e1f26b15ced24803fb049e074025947925c37329f,c04697e1d584afb77d89d6af4adb8e0be04bdbcb9d1d392bdc4c9e4880b76d89,0914b69a9ec4adcafd4187e94889f978fc7828e5e70ba0b441e3875f45330c49,09e55823ed34e1b6cfa4806e765546a43b1fa02dab2ff83635d6b41a2516891a,"[{""fdw_region"":""eu"",""plan_fingerprint"":""b0d4753d68dc2d09c2ea6152fe3ab2532151574e17e3e8fd24914adb95487e18"",""remote_sql_id"":""auto_explain_eu_009""},{""fdw_region"":""us"",""plan_fingerprint"":""b0d4753d68dc2d09c2ea6152fe3ab2532151574e17e3e8fd24914adb95487e18"",""remote_sql_id"":""auto_explain_us_007""}]","{""limit_k"":50,""lookback_days"":14,""min_value"":500}","fdw_union_all,remote_aggregate_candidate,coordinator_fanin,daily_group_by",query-collections/20260702T021531Z-clean-run-eu-us-gac-region-asymmetry--d091e40c6f3a--rollup__lookback_days-14__min_value-500__limit_k-50,master-regimes/generated/corpus/region-asymmetry-companion-v1/groups/clean-run-eu-us-gac-region-asymmetry-v1__pilot-region-local-skew-asymmetric-medium-v1__default__analytics_clients/queries/asymmetry_mr_daily_tenant_rollup__dataset-pilot-region-local-skew-asymmetric-medium-v1__runtime-default__gac_fdw_multiregion_daily_tenant_rollup__lookback_days-14__min_value-500__limit_k-50.sql,query-collections/20260702T021531Z-clean-run-eu-us-gac-region-asymmetry--d091e40c6f3a--rollup__lookback_days-14__min_value-500__limit_k-50/input/query.sql,query-collections/20260702T021531Z-clean-run-eu-us-gac-region-asymmetry--d091e40c6f3a--rollup__lookback_days-14__min_value-500__limit_k-50/input/query_bindings.json,eu-analytics-1,20260702T021531Z,1782958540.816855,1782958542.231519,0,23,mixed_cache_first_observed,,"{""limit_k"":""50"",""lookback_days"":""14"",""min_value"":""500""}",{},,,,{},,,,,pilot-region-local-skew-asymmetric-medium-v1,calibration,dataset_region_asymmetry,"gac_finalization_heavy,skew_imbalance",pilot,"{""fetch_size"":""high"",""wan_latency"":""high"",""work_mem"":""high""}",1.414665,12.0,0.0,1.0,0.0,0.0,300,,2,2,0,1.0,2,0,2,2,2,99657.0,99994.0,99825.5,1.0016879454648362,2392064.0,2400256.0,2396160.0,1.0017094017094017,32.0,32.0,32.0,1.0,true,185.998,186.817,186.4075,600.84,32.0,2.0,2.0,4.0,2.0,64.0,64.0,false,699.0,6179.0,699.0,6179.0,,,false,false,false,false,false,false,false,,,,,2,"{""Seq Scan"":64}","{""seq_scan"":64}",0.0,[],2,2,0,2,1,2,0,0,0,0.0,2,2,2,1,1,1,0,0,2,2.215243104098706,1802.52,2.215243104098706,1.0,0.0,1854.0,4790272.0,0.40269695152699714,0.030996152201795638,fdw_pushdown_fidelity_v1,5,available,"local_filter_after_remote,aggregate_not_pushdowned,sort_not_pushdowned,limit_not_pushdowned",0.2,0.8,,
20260702T020726Z-clean-run-eu-us-gac-region-asymmetry-v1__pilot-region-local-skew-asymmetric-medium-v1__default__analytics_clients,pilot-region-local-skew-asymmetric-medium-v1,default,clean-run-eu-us-gac-region-asymmetry-v1,asymmetry_mr_raw_region_rollup__dataset-pilot-region-local-skew-asymmetric-medium-v1__runtime-default,event_full_scan_summary,multiregion_union,20260702T020858Z-clean-run-eu-us-gac-region-asymmetry-v1__pilot-region-local-skew-asymmetric-medium-v1__default__analytics_clients__pilot-region-local-skew-asymmetric-medium-v1__default,20260702T021548Z-clean-run-eu-us-gac-region-asymmetry--f0c2832b7994--_fdw_multiregion_raw_region_rollup__lookback_days-1,asymmetry_mr_raw_region_rollup__dataset-pilot-region-local-skew-asymmetric-medium-v1__runtime-default__gac_fdw_multiregion_raw_region_rollup__lookback_days-1,gac_fdw_multiregion_raw_region_rollup,completed,False,0,0,disabled,false,6ea964648de3595bee23ace2b070299f662fb662ad951c686b0177387ba2c6d5,61ca3a57af402690201cddcb631abeeeb18e0593179037932c783ef4cb6fa8c8,9f995e231cca461edd4d9c705c93b1b27701f5257549113cbe94b92f90c6ca85,8adc848edae69407e697385a6250e5b0fb90b2d221a965a568611d035626a63c,"[{""fdw_region"":""eu"",""plan_fingerprint"":""b0d4753d68dc2d09c2ea6152fe3ab2532151574e17e3e8fd24914adb95487e18"",""remote_sql_id"":""auto_explain_eu_011""},{""fdw_region"":""us"",""plan_fingerprint"":""b0d4753d68dc2d09c2ea6152fe3ab2532151574e17e3e8fd24914adb95487e18"",""remote_sql_id"":""auto_explain_us_009""}]","{""lookback_days"":1}","fdw_union_all,fdw_remote_scan,raw_row_fetch,gac_global_group_by,non_distribution_filter",query-collections/20260702T021548Z-clean-run-eu-us-gac-region-asymmetry--f0c2832b7994--_fdw_multiregion_raw_region_rollup__lookback_days-1,master-regimes/generated/corpus/region-asymmetry-companion-v1/groups/clean-run-eu-us-gac-region-asymmetry-v1__pilot-region-local-skew-asymmetric-medium-v1__default__analytics_clients/queries/asymmetry_mr_raw_region_rollup__dataset-pilot-region-local-skew-asymmetric-medium-v1__runtime-default__gac_fdw_multiregion_raw_region_rollup__lookback_days-1.sql,query-collections/20260702T021548Z-clean-run-eu-us-gac-region-asymmetry--f0c2832b7994--_fdw_multiregion_raw_region_rollup__lookback_days-1/input/query.sql,query-collections/20260702T021548Z-clean-run-eu-us-gac-region-asymmetry--f0c2832b7994--_fdw_multiregion_raw_region_rollup__lookback_days-1/input/query_bindings.json,eu-analytics-1,20260702T021548Z,1782958556.884565,1782958559.025564,0,24,mixed_cache_first_observed,,"{""lookback_days"":""1""}",{},,,,{},,,,,pilot-region-local-skew-asymmetric-medium-v1,calibration,dataset_region_asymmetry,"remote_fetch_heavy,skew_imbalance",pilot,"{""fetch_size"":""high"",""wan_latency"":""high"",""work_mem"":""high""}",2.141001,3.0,0.0,1.0,0.0,0.0,300,,2,2,0,1.0,2,0,2,2,2,200000.0,200000.0,200000.0,1.0,3200000.0,3200000.0,3200000.0,1.0,32.0,32.0,32.0,1.0,true,242.711,260.952,251.8315,5309.583333333333,32.0,2.0,2.0,4.0,2.0,64.0,64.0,false,1381.0,12329.0,1381.0,12329.0,,,false,false,false,false,false,false,false,,,,,2,"{""Seq Scan"":64}","{""seq_scan"":64}",0.0,[],2,2,0,2,1,0,0,0,0,0.0,2,2,0,1,1,0,0,0,2,31.389782625755316,6371.5,31.389782625755316,2.5,0.0,2932.0,6397952.0,0.4000230335963842,0.0308898847631242,fdw_pushdown_fidelity_v1,4,available,"local_filter_after_remote,aggregate_not_pushdowned,sort_not_pushdowned,projection_width_expansion",0.1,0.9,,
20260702T020726Z-clean-run-eu-us-gac-region-asymmetry-v1__pilot-region-local-skew-asymmetric-medium-v1__default__analytics_clients,pilot-region-local-skew-asymmetric-medium-v1,default,clean-run-eu-us-gac-region-asymmetry-v1,asymmetry_mr_top_tenants__dataset-pilot-region-local-skew-asymmetric-medium-v1__runtime-default,top_tenants,multiregion_union,20260702T020858Z-clean-run-eu-us-gac-region-asymmetry-v1__pilot-region-local-skew-asymmetric-medium-v1__default__analytics_clients__pilot-region-local-skew-asymmetric-medium-v1__default,20260702T021604Z-clean-run-eu-us-gac-region-asymmetry--4b9a7d2dab70--ultiregion_top_tenants__lookback_days-7__limit_k-25,asymmetry_mr_top_tenants__dataset-pilot-region-local-skew-asymmetric-medium-v1__runtime-default__gac_fdw_multiregion_top_tenants__lookback_days-7__limit_k-25,gac_fdw_multiregion_top_tenants,completed,False,0,0,disabled,false,70e6dab484eae0f8fbcd7f56f3e84645ebf75780bf99e758a424ce04fa47a7dd,55ed64244c9ab81cf141dd574284353d204441286f4bfed742ac9904ca21bdff,db7b1445edd01dc5de99e55396ff6825c5a8f8f836694c3cd0ca60172fb40af8,5084b969d1b8e22a6dfb0ad09903505ed45504778ea04bcc41e271f2d5da08bf,"[{""fdw_region"":""eu"",""plan_fingerprint"":""b0d4753d68dc2d09c2ea6152fe3ab2532151574e17e3e8fd24914adb95487e18"",""remote_sql_id"":""auto_explain_eu_009""},{""fdw_region"":""us"",""plan_fingerprint"":""b0d4753d68dc2d09c2ea6152fe3ab2532151574e17e3e8fd24914adb95487e18"",""remote_sql_id"":""auto_explain_us_009""}]","{""limit_k"":25,""lookback_days"":7}","fdw_union_all,topk,final_ordering,coordinator_fanin",query-collections/20260702T021604Z-clean-run-eu-us-gac-region-asymmetry--4b9a7d2dab70--ultiregion_top_tenants__lookback_days-7__limit_k-25,master-regimes/generated/corpus/region-asymmetry-companion-v1/groups/clean-run-eu-us-gac-region-asymmetry-v1__pilot-region-local-skew-asymmetric-medium-v1__default__analytics_clients/queries/asymmetry_mr_top_tenants__dataset-pilot-region-local-skew-asymmetric-medium-v1__runtime-default__gac_fdw_multiregion_top_tenants__lookback_days-7__limit_k-25.sql,query-collections/20260702T021604Z-clean-run-eu-us-gac-region-asymmetry--4b9a7d2dab70--ultiregion_top_tenants__lookback_days-7__limit_k-25/input/query.sql,query-collections/20260702T021604Z-clean-run-eu-us-gac-region-asymmetry--4b9a7d2dab70--ultiregion_top_tenants__lookback_days-7__limit_k-25/input/query_bindings.json,eu-analytics-1,20260702T021604Z,1782958574.457816,1782958576.766263,0,25,mixed_cache_first_observed,,"{""limit_k"":""25"",""lookback_days"":""7""}",{},,,,{},,,,,pilot-region-local-skew-asymmetric-medium-v1,calibration,dataset_region_asymmetry,"remote_fetch_heavy,gac_finalization_heavy,skew_imbalance",pilot,"{""fetch_size"":""high"",""wan_latency"":""high"",""work_mem"":""high""}",2.308447,9.0,0.0,1.0,0.0,0.0,300,,2,2,0,1.0,2,0,2,2,2,200000.0,200000.0,200000.0,1.0,4800512.0,4800512.0,4800512.0,1.0,32.0,32.0,32.0,1.0,true,285.832,301.413,293.6225,1346.13,32.0,2.0,2.0,4.0,2.0,64.0,64.0,false,1381.0,12329.0,1381.0,12329.0,,,false,false,false,false,false,false,false,,,,,2,"{""Seq Scan"":64}","{""seq_scan"":64}",0.0,[],2,2,0,2,1,0,0,0,0,0.0,2,2,2,1,1,1,0,0,2,4.457221813643556,3589.68,4.457221813643556,1.0,0.0,3712.0,9597952.0,0.40075240100021664,0.030833244425477434,fdw_pushdown_fidelity_v1,5,available,"local_filter_after_remote,aggregate_not_pushdowned,sort_not_pushdowned,limit_not_pushdowned",0.2,0.8,,
20260702T020726Z-clean-run-eu-us-gac-region-asymmetry-v1__pilot-region-local-skew-asymmetric-medium-v1__default__analytics_clients,pilot-region-local-skew-asymmetric-medium-v1,default,clean-run-eu-us-gac-region-asymmetry-v1,asymmetry_mr_event_filter_summary__dataset-pilot-region-local-skew-asymmetric-medium-v1__runtime-default,event_filter_summary,multiregion_union,20260702T020858Z-clean-run-eu-us-gac-region-asymmetry-v1__pilot-region-local-skew-asymmetric-medium-v1__default__analytics_clients__pilot-region-local-skew-asymmetric-medium-v1__default,20260702T021623Z-clean-run-eu-us-gac-region-asymmetry--def012c76f2e--vent_filter_summary__lookback_days-1__min_value-500,asymmetry_mr_event_filter_summary__dataset-pilot-region-local-skew-asymmetric-medium-v1__runtime-default__gac_fdw_multiregion_event_filter_summary__lookback_days-1__min_value-500,gac_fdw_multiregion_event_filter_summary,completed,False,0,0,disabled,false,bbe7abed7ec3fa20d9b0211e15005ac4028b7410ffe8507f3df23c0161777d45,69cc3220f842fdfa6fc4d442e09acc070c63cce2d631695d5a4c22b19fb13842,8b2261d3fb2d47cecc5dbf1f4d6cf256fa8eb686e3f77b3778f69660e9f872d2,a735e00c454cf2aa90016713cfad6c601c55f276b4717e1f7dac75bde13d56d3,"[{""fdw_region"":""eu"",""plan_fingerprint"":""b0d4753d68dc2d09c2ea6152fe3ab2532151574e17e3e8fd24914adb95487e18"",""remote_sql_id"":""auto_explain_eu_011""},{""fdw_region"":""us"",""plan_fingerprint"":""b0d4753d68dc2d09c2ea6152fe3ab2532151574e17e3e8fd24914adb95487e18"",""remote_sql_id"":""auto_explain_us_007""}]","{""lookback_days"":1,""min_value"":500}","fdw_union_all,selective_filter,remote_pushdown_candidate",query-collections/20260702T021623Z-clean-run-eu-us-gac-region-asymmetry--def012c76f2e--vent_filter_summary__lookback_days-1__min_value-500,master-regimes/generated/corpus/region-asymmetry-companion-v1/groups/clean-run-eu-us-gac-region-asymmetry-v1__pilot-region-local-skew-asymmetric-medium-v1__default__analytics_clients/queries/asymmetry_mr_event_filter_summary__dataset-pilot-region-local-skew-asymmetric-medium-v1__runtime-default__gac_fdw_multiregion_event_filter_summary__lookback_days-1__min_value-500.sql,query-collections/20260702T021623Z-clean-run-eu-us-gac-region-asymmetry--def012c76f2e--vent_filter_summary__lookback_days-1__min_value-500/input/query.sql,query-collections/20260702T021623Z-clean-run-eu-us-gac-region-asymmetry--def012c76f2e--vent_filter_summary__lookback_days-1__min_value-500/input/query_bindings.json,eu-analytics-1,20260702T021623Z,1782958591.917667,1782958593.008316,0,26,mixed_cache_first_observed,,"{""lookback_days"":""1"",""min_value"":""500""}",{},,,,{},,,,,pilot-region-local-skew-asymmetric-medium-v1,calibration,dataset_region_asymmetry,well_reduced_localized,pilot,"{""fetch_size"":""low"",""wan_latency"":""low"",""work_mem"":""none""}",1.090650,0.0,0.0,,0.0,0.0,300,,2,2,0,1.0,2,0,2,2,2,99657.0,99994.0,99825.5,1.0016879454648362,1594368.0,1599488.0,1596928.0,1.0016030779095864,32.0,32.0,32.0,1.0,true,132.711,142.785,137.748,1412.4444444444443,32.0,2.0,2.0,4.0,2.0,64.0,64.0,false,699.0,6179.0,699.0,6179.0,,,false,false,false,false,false,false,false,,,,,2,"{""Seq Scan"":64}","{""seq_scan"":64}",0.0,[],2,2,0,2,1,2,0,0,0,0.0,2,0,0,1,0,0,0,0,2,31.411422278162366,6356.0,31.411422278162366,1.0,0.0,1464.0,3195904.0,0.4029774843862963,0.031079782121115028,fdw_pushdown_fidelity_v1,3,available,"local_filter_after_remote,aggregate_not_pushdowned",0.3333333333333333,0.6666666666666667,,
20260702T020726Z-clean-run-eu-us-gac-region-asymmetry-v1__pilot-region-local-skew-asymmetric-medium-v1__default__analytics_clients,pilot-region-local-skew-asymmetric-medium-v1,default,clean-run-eu-us-gac-region-asymmetry-v1,asymmetry_mr_event_filter_summary__dataset-pilot-region-local-skew-asymmetric-medium-v1__runtime-default,event_filter_summary,multiregion_union,20260702T020858Z-clean-run-eu-us-gac-region-asymmetry-v1__pilot-region-local-skew-asymmetric-medium-v1__default__analytics_clients__pilot-region-local-skew-asymmetric-medium-v1__default,20260702T021638Z-clean-run-eu-us-gac-region-asymmetry--e6819ba9d1e4--_event_filter_summary__lookback_days-1__min_value-0,asymmetry_mr_event_filter_summary__dataset-pilot-region-local-skew-asymmetric-medium-v1__runtime-default__gac_fdw_multiregion_event_filter_summary__lookback_days-1__min_value-0,gac_fdw_multiregion_event_filter_summary,completed,False,0,0,disabled,false,bbe7abed7ec3fa20d9b0211e15005ac4028b7410ffe8507f3df23c0161777d45,04056f96bfe6f3028f26f3da559239778d8aa3fc3fb57aec810b37fe96acc866,8b2261d3fb2d47cecc5dbf1f4d6cf256fa8eb686e3f77b3778f69660e9f872d2,8fb304020dae085253fd2d1fdc2f4f8a503fd3f24ca086c63ac2bd286bda9808,"[{""fdw_region"":""eu"",""plan_fingerprint"":""b0d4753d68dc2d09c2ea6152fe3ab2532151574e17e3e8fd24914adb95487e18"",""remote_sql_id"":""auto_explain_eu_010""},{""fdw_region"":""us"",""plan_fingerprint"":""b0d4753d68dc2d09c2ea6152fe3ab2532151574e17e3e8fd24914adb95487e18"",""remote_sql_id"":""auto_explain_us_009""}]","{""lookback_days"":1,""min_value"":0}","fdw_union_all,selective_filter,remote_pushdown_candidate",query-collections/20260702T021638Z-clean-run-eu-us-gac-region-asymmetry--e6819ba9d1e4--_event_filter_summary__lookback_days-1__min_value-0,master-regimes/generated/corpus/region-asymmetry-companion-v1/groups/clean-run-eu-us-gac-region-asymmetry-v1__pilot-region-local-skew-asymmetric-medium-v1__default__analytics_clients/queries/asymmetry_mr_event_filter_summary__dataset-pilot-region-local-skew-asymmetric-medium-v1__runtime-default__gac_fdw_multiregion_event_filter_summary__lookback_days-1__min_value-0.sql,query-collections/20260702T021638Z-clean-run-eu-us-gac-region-asymmetry--e6819ba9d1e4--_event_filter_summary__lookback_days-1__min_value-0/input/query.sql,query-collections/20260702T021638Z-clean-run-eu-us-gac-region-asymmetry--e6819ba9d1e4--_event_filter_summary__lookback_days-1__min_value-0/input/query_bindings.json,eu-analytics-1,20260702T021638Z,1782958607.055227,1782958609.033048,0,27,mixed_cache_first_observed,,"{""lookback_days"":""1"",""min_value"":""0""}",{},,,,{},,,,,pilot-region-local-skew-asymmetric-medium-v1,calibration,dataset_region_asymmetry,well_reduced_localized,pilot,"{""fetch_size"":""low"",""wan_latency"":""low"",""work_mem"":""none""}",1.977822,0.0,0.0,,0.0,0.0,300,,2,2,0,1.0,2,0,2,2,2,200000.0,200000.0,200000.0,1.0,3200000.0,3200000.0,3200000.0,1.0,32.0,32.0,32.0,1.0,true,226.492,226.936,226.714,2830.0,32.0,2.0,2.0,4.0,2.0,64.0,64.0,false,1381.0,12329.0,1381.0,12329.0,,,false,false,false,false,false,false,false,,,,,2,"{""Seq Scan"":64}","{""seq_scan"":64}",0.0,[],2,2,0,2,1,2,0,0,0,0.0,2,0,0,1,0,0,0,0,2,31.409501374165686,12735.0,31.409501374165686,1.0,0.0,2932.0,6397952.0,0.4000230335963842,0.0308898847631242,fdw_pushdown_fidelity_v1,3,available,"local_filter_after_remote,aggregate_not_pushdowned",0.3333333333333333,0.6666666666666667,,
20260702T020726Z-clean-run-eu-us-gac-region-asymmetry-v1__pilot-region-local-skew-asymmetric-medium-v1__default__analytics_clients,pilot-region-local-skew-asymmetric-medium-v1,default,clean-run-eu-us-gac-region-asymmetry-v1,asymmetry_mr_raw_wide_sample__dataset-pilot-region-local-skew-asymmetric-medium-v1__runtime-default,event_raw_wide_sample,multiregion_union,20260702T020858Z-clean-run-eu-us-gac-region-asymmetry-v1__pilot-region-local-skew-asymmetric-medium-v1__default__analytics_clients__pilot-region-local-skew-asymmetric-medium-v1__default,20260702T021655Z-clean-run-eu-us-gac-region-asymmetry--c67deb14689b--__limit_k-100__payload_repeat-16__payload_width-512,asymmetry_mr_raw_wide_sample__dataset-pilot-region-local-skew-asymmetric-medium-v1__runtime-default__gac_fdw_multiregion_event_raw_wide_sample__lookback_days-1__min_value-500__limit_k-100__payload_repeat-16__payload_width-512,gac_fdw_multiregion_event_raw_wide_sample,completed,False,0,0,disabled,false,f96797f2645ff7832b8b3c96a1487f7685a32e42a250253b6aa6311ae7e40e37,c0240038f4d2e09882228ee26cc05983e0d5211b2f10314a0c65421fa2124632,db4ed3d9a591bd04a004580f3e91a0acb28c98c15abf9b58c3020a2a8c2ff009,09e55823ed34e1b6cfa4806e765546a43b1fa02dab2ff83635d6b41a2516891a,"[{""fdw_region"":""eu"",""plan_fingerprint"":""b0d4753d68dc2d09c2ea6152fe3ab2532151574e17e3e8fd24914adb95487e18"",""remote_sql_id"":""auto_explain_eu_009""},{""fdw_region"":""us"",""plan_fingerprint"":""b0d4753d68dc2d09c2ea6152fe3ab2532151574e17e3e8fd24914adb95487e18"",""remote_sql_id"":""auto_explain_us_007""}]","{""limit_k"":100,""lookback_days"":1,""min_value"":500,""payload_repeat"":16,""payload_width"":512}","fdw_union_all,fdw_remote_scan,raw_row_fetch,wide_payload_expression",query-collections/20260702T021655Z-clean-run-eu-us-gac-region-asymmetry--c67deb14689b--__limit_k-100__payload_repeat-16__payload_width-512,master-regimes/generated/corpus/region-asymmetry-companion-v1/groups/clean-run-eu-us-gac-region-asymmetry-v1__pilot-region-local-skew-asymmetric-medium-v1__default__analytics_clients/queries/asymmetry_mr_raw_wide_sample__dataset-pilot-region-local-skew-asymmetric-medium-v1__runtime-default__gac_fdw_multiregion_event_raw_wide_sample__lookback_days-1__min_value-500__limit_k-100__payload_repeat-16__payload_width-512.sql,query-collections/20260702T021655Z-clean-run-eu-us-gac-region-asymmetry--c67deb14689b--__limit_k-100__payload_repeat-16__payload_width-512/input/query.sql,query-collections/20260702T021655Z-clean-run-eu-us-gac-region-asymmetry--c67deb14689b--__limit_k-100__payload_repeat-16__payload_width-512/input/query_bindings.json,eu-analytics-1,20260702T021655Z,1782958624.072555,1782958625.671465,0,28,mixed_cache_first_observed,,"{""limit_k"":""100"",""lookback_days"":""1"",""min_value"":""500"",""payload_repeat"":""16"",""payload_width"":""512""}",{},,,,{},,,,,pilot-region-local-skew-asymmetric-medium-v1,calibration,dataset_region_asymmetry,remote_fetch_heavy,pilot,"{""fetch_size"":""high"",""wan_latency"":""high"",""work_mem"":""none""}",1.598911,9.0,0.0,1.0,0.0,0.0,300,,2,2,0,1.0,2,0,2,2,2,99657.0,99994.0,99825.5,1.0016879454648362,3986432.0,3999744.0,3993088.0,1.001666880369278,32.0,32.0,32.0,1.0,true,249.554,304.793,277.1735,63.53,32.0,2.0,2.0,4.0,2.0,64.0,64.0,false,699.0,6179.0,699.0,6179.0,,,false,false,false,false,false,false,false,,,,,2,"{""Seq Scan"":64}","{""seq_scan"":64}",0.0,[],2,2,0,2,1,2,0,0,0,0.0,0,2,2,0,1,1,0,0,2,31.42625531245081,63.53,31.42625531245081,14.7,0.0,2634.0,7986176.0,0.4022934649364892,0.030901397615078856,fdw_pushdown_fidelity_v1,4,available,"local_filter_after_remote,sort_not_pushdowned,limit_not_pushdowned,projection_width_expansion",0.017006802721088437,0.9829931972789115,,
20260702T020726Z-clean-run-eu-us-gac-region-asymmetry-v1__pilot-region-local-skew-asymmetric-medium-v1__default__analytics_clients,pilot-region-local-skew-asymmetric-medium-v1,default,clean-run-eu-us-gac-region-asymmetry-v1,asymmetry_mr_daily_tenant_rollup__dataset-pilot-region-local-skew-asymmetric-medium-v1__runtime-default,daily_tenant_rollup,multiregion_union,20260702T020858Z-clean-run-eu-us-gac-region-asymmetry-v1__pilot-region-local-skew-asymmetric-medium-v1__default__analytics_clients__pilot-region-local-skew-asymmetric-medium-v1__default,20260702T021710Z-clean-run-eu-us-gac-region-asymmetry--e2e8f5795e3e--_rollup__lookback_days-7__min_value-500__limit_k-50,asymmetry_mr_daily_tenant_rollup__dataset-pilot-region-local-skew-asymmetric-medium-v1__runtime-default__gac_fdw_multiregion_daily_tenant_rollup__lookback_days-7__min_value-500__limit_k-50,gac_fdw_multiregion_daily_tenant_rollup,completed,False,0,0,disabled,false,bd2869d4baf6a1b37f3bc14e1f26b15ced24803fb049e074025947925c37329f,27d48d38a1b41422acd6f9ade400e7d80ae94b22217d37719c39de4c25a26e39,0914b69a9ec4adcafd4187e94889f978fc7828e5e70ba0b441e3875f45330c49,a735e00c454cf2aa90016713cfad6c601c55f276b4717e1f7dac75bde13d56d3,"[{""fdw_region"":""eu"",""plan_fingerprint"":""b0d4753d68dc2d09c2ea6152fe3ab2532151574e17e3e8fd24914adb95487e18"",""remote_sql_id"":""auto_explain_eu_011""},{""fdw_region"":""us"",""plan_fingerprint"":""b0d4753d68dc2d09c2ea6152fe3ab2532151574e17e3e8fd24914adb95487e18"",""remote_sql_id"":""auto_explain_us_007""}]","{""limit_k"":50,""lookback_days"":7,""min_value"":500}","fdw_union_all,remote_aggregate_candidate,coordinator_fanin,daily_group_by",query-collections/20260702T021710Z-clean-run-eu-us-gac-region-asymmetry--e2e8f5795e3e--_rollup__lookback_days-7__min_value-500__limit_k-50,master-regimes/generated/corpus/region-asymmetry-companion-v1/groups/clean-run-eu-us-gac-region-asymmetry-v1__pilot-region-local-skew-asymmetric-medium-v1__default__analytics_clients/queries/asymmetry_mr_daily_tenant_rollup__dataset-pilot-region-local-skew-asymmetric-medium-v1__runtime-default__gac_fdw_multiregion_daily_tenant_rollup__lookback_days-7__min_value-500__limit_k-50.sql,query-collections/20260702T021710Z-clean-run-eu-us-gac-region-asymmetry--e2e8f5795e3e--_rollup__lookback_days-7__min_value-500__limit_k-50/input/query.sql,query-collections/20260702T021710Z-clean-run-eu-us-gac-region-asymmetry--e2e8f5795e3e--_rollup__lookback_days-7__min_value-500__limit_k-50/input/query_bindings.json,eu-analytics-1,20260702T021710Z,1782958640.090330,1782958641.330299,0,29,mixed_cache_first_observed,,"{""limit_k"":""50"",""lookback_days"":""7"",""min_value"":""500""}",{},,,,{},,,,,pilot-region-local-skew-asymmetric-medium-v1,calibration,dataset_region_asymmetry,"gac_finalization_heavy,skew_imbalance",pilot,"{""fetch_size"":""high"",""wan_latency"":""high"",""work_mem"":""high""}",1.239969,12.0,0.0,1.0,0.0,0.0,300,,2,2,0,1.0,2,0,2,2,2,99657.0,99994.0,99825.5,1.0016879454648362,2392064.0,2400256.0,2396160.0,1.0017094017094017,32.0,32.0,32.0,1.0,true,139.513,172.306,155.9095,299.5,32.0,2.0,2.0,4.0,2.0,64.0,64.0,false,699.0,6179.0,699.0,6179.0,,,false,false,false,false,false,false,false,,,,,2,"{""Seq Scan"":64}","{""seq_scan"":64}",0.0,[],2,2,0,2,1,2,0,0,0,0.0,2,2,2,1,1,1,0,0,2,4.44409571508069,898.5,4.44409571508069,1.0,0.0,1854.0,4790272.0,0.40269695152699714,0.030996152201795638,fdw_pushdown_fidelity_v1,5,available,"local_filter_after_remote,aggregate_not_pushdowned,sort_not_pushdowned,limit_not_pushdowned",0.2,0.8,,
20260702T020726Z-clean-run-eu-us-gac-region-asymmetry-v1__pilot-region-local-skew-asymmetric-medium-v1__default__analytics_clients,pilot-region-local-skew-asymmetric-medium-v1,default,clean-run-eu-us-gac-region-asymmetry-v1,asymmetry_mr_tenant_point_control__dataset-pilot-region-local-skew-asymmetric-medium-v1__runtime-default,tenant_point_rollup,multiregion_union,20260702T020858Z-clean-run-eu-us-gac-region-asymmetry-v1__pilot-region-local-skew-asymmetric-medium-v1__default__analytics_clients__pilot-region-local-skew-asymmetric-medium-v1__default,20260702T021726Z-clean-run-eu-us-gac-region-asymmetry--2af47e67705e--eu_tenant_id-1__us_tenant_id-10001__lookback_days-7,asymmetry_mr_tenant_point_control__dataset-pilot-region-local-skew-asymmetric-medium-v1__runtime-default__gac_fdw_multiregion_tenant_point_rollup__eu_tenant_id-1__us_tenant_id-10001__lookback_days-7,gac_fdw_multiregion_tenant_point_rollup,completed,False,0,0,disabled,false,dbb820ac5a219bc04131b840d40f5cd8ed6caf55f0f0469ccf8efd264b0d288c,22c3949f74e3867922dd5984a4137f36290f57340a7de57c7f6efeed94f51173,eed28bbbd899d9cd8c8865a70548bd848f07a275881b1a5032b45606899c3ad9,f1af9c88fced6446f3307d662193a5d29817224d911ac5038baa56156eedd0a9,"[{""fdw_region"":""eu"",""plan_fingerprint"":""b0d4753d68dc2d09c2ea6152fe3ab2532151574e17e3e8fd24914adb95487e18"",""remote_sql_id"":""auto_explain_eu_009""},{""fdw_region"":""us"",""plan_fingerprint"":""b0d4753d68dc2d09c2ea6152fe3ab2532151574e17e3e8fd24914adb95487e18"",""remote_sql_id"":""auto_explain_us_005""}]","{""eu_tenant_id"":1,""lookback_days"":7,""us_tenant_id"":10001}","fdw_union_all,tenant_filter,remote_pushdown_candidate",query-collections/20260702T021726Z-clean-run-eu-us-gac-region-asymmetry--2af47e67705e--eu_tenant_id-1__us_tenant_id-10001__lookback_days-7,master-regimes/generated/corpus/region-asymmetry-companion-v1/groups/clean-run-eu-us-gac-region-asymmetry-v1__pilot-region-local-skew-asymmetric-medium-v1__default__analytics_clients/queries/asymmetry_mr_tenant_point_control__dataset-pilot-region-local-skew-asymmetric-medium-v1__runtime-default__gac_fdw_multiregion_tenant_point_rollup__eu_tenant_id-1__us_tenant_id-10001__lookback_days-7.sql,query-collections/20260702T021726Z-clean-run-eu-us-gac-region-asymmetry--2af47e67705e--eu_tenant_id-1__us_tenant_id-10001__lookback_days-7/input/query.sql,query-collections/20260702T021726Z-clean-run-eu-us-gac-region-asymmetry--2af47e67705e--eu_tenant_id-1__us_tenant_id-10001__lookback_days-7/input/query_bindings.json,eu-analytics-1,20260702T021726Z,1782958655.486287,1782958655.603251,0,30,mixed_cache_first_observed,,"{""eu_tenant_id"":""1"",""lookback_days"":""7"",""us_tenant_id"":""10001""}",{},,,,{},,,,,pilot-region-local-skew-asymmetric-medium-v1,negative_control,dataset_region_asymmetry,well_reduced_localized,pilot,"{""fetch_size"":""low"",""wan_latency"":""low"",""work_mem"":""none""}",0.116966,6.0,0.0,1.0,0.0,0.0,300,,2,2,0,1.0,2,0,2,2,2,250.0,3250.0,1750.0,1.8571428571428572,6000.0,77824.0,41912.0,1.8568429089520901,1.0,1.0,1.0,1.0,true,13.396,15.93,14.663,96.875,32.0,2.0,2.0,4.0,2.0,64.0,64.0,false,250.0,3250.0,500.0,6500.0,,,false,false,false,false,false,false,false,,,,,2,"{""Bitmap Heap Scan"":2,""Bitmap Index Scan"":2}","{""bitmap_scan"":4}",0.0,[],2,2,0,2,1,2,0,0,0,0.0,2,2,0,1,1,0,0,0,2,4.516129032258065,387.5,4.516129032258065,,0.0,0.0,83824.0,0.8568429089520901,0.9284214544760451,fdw_pushdown_fidelity_v1,3,available,"local_filter_after_remote,aggregate_not_pushdowned,sort_not_pushdowned",0.0,1.0,,
20260702T020726Z-clean-run-eu-us-gac-region-asymmetry-v1__pilot-region-local-skew-asymmetric-medium-v1__default__analytics_clients,pilot-region-local-skew-asymmetric-medium-v1,default,clean-run-eu-us-gac-region-asymmetry-v1,asymmetry_mr_daily_tenant_rollup__dataset-pilot-region-local-skew-asymmetric-medium-v1__runtime-default,daily_tenant_rollup,multiregion_union,20260702T020858Z-clean-run-eu-us-gac-region-asymmetry-v1__pilot-region-local-skew-asymmetric-medium-v1__default__analytics_clients__pilot-region-local-skew-asymmetric-medium-v1__default,20260702T021740Z-clean-run-eu-us-gac-region-asymmetry--a08e7d21867d--nt_rollup__lookback_days-7__min_value-0__limit_k-50,asymmetry_mr_daily_tenant_rollup__dataset-pilot-region-local-skew-asymmetric-medium-v1__runtime-default__gac_fdw_multiregion_daily_tenant_rollup__lookback_days-7__min_value-0__limit_k-50,gac_fdw_multiregion_daily_tenant_rollup,completed,False,0,0,disabled,false,bd2869d4baf6a1b37f3bc14e1f26b15ced24803fb049e074025947925c37329f,f11829f32d131147f48697af6bbd9b12dd343a359d784e581f34821b03587c31,0914b69a9ec4adcafd4187e94889f978fc7828e5e70ba0b441e3875f45330c49,2b5b1c7d7d7437fec734495349275f7b35168b16a4e28c75e613cd5545958f39,"[{""fdw_region"":""eu"",""plan_fingerprint"":""b0d4753d68dc2d09c2ea6152fe3ab2532151574e17e3e8fd24914adb95487e18"",""remote_sql_id"":""auto_explain_eu_009""},{""fdw_region"":""us"",""plan_fingerprint"":""b0d4753d68dc2d09c2ea6152fe3ab2532151574e17e3e8fd24914adb95487e18"",""remote_sql_id"":""auto_explain_us_008""}]","{""limit_k"":50,""lookback_days"":7,""min_value"":0}","fdw_union_all,remote_aggregate_candidate,coordinator_fanin,daily_group_by",query-collections/20260702T021740Z-clean-run-eu-us-gac-region-asymmetry--a08e7d21867d--nt_rollup__lookback_days-7__min_value-0__limit_k-50,master-regimes/generated/corpus/region-asymmetry-companion-v1/groups/clean-run-eu-us-gac-region-asymmetry-v1__pilot-region-local-skew-asymmetric-medium-v1__default__analytics_clients/queries/asymmetry_mr_daily_tenant_rollup__dataset-pilot-region-local-skew-asymmetric-medium-v1__runtime-default__gac_fdw_multiregion_daily_tenant_rollup__lookback_days-7__min_value-0__limit_k-50.sql,query-collections/20260702T021740Z-clean-run-eu-us-gac-region-asymmetry--a08e7d21867d--nt_rollup__lookback_days-7__min_value-0__limit_k-50/input/query.sql,query-collections/20260702T021740Z-clean-run-eu-us-gac-region-asymmetry--a08e7d21867d--nt_rollup__lookback_days-7__min_value-0__limit_k-50/input/query_bindings.json,eu-analytics-1,20260702T021740Z,1782958669.301192,1782958671.698852,0,31,mixed_cache_first_observed,,"{""limit_k"":""50"",""lookback_days"":""7"",""min_value"":""0""}",{},,,,{},,,,,pilot-region-local-skew-asymmetric-medium-v1,calibration,dataset_region_asymmetry,"gac_finalization_heavy,skew_imbalance",pilot,"{""fetch_size"":""high"",""wan_latency"":""high"",""work_mem"":""high""}",2.397661,12.0,0.0,1.0,0.0,0.0,300,,2,2,0,1.0,2,0,2,2,2,200000.0,200000.0,200000.0,1.0,4800512.0,4800512.0,4800512.0,1.0,32.0,32.0,32.0,1.0,true,271.999,338.887,305.443,598.1933333333334,32.0,2.0,2.0,4.0,2.0,64.0,64.0,false,1381.0,12329.0,1381.0,12329.0,,,false,false,false,false,false,false,false,,,,,2,"{""Seq Scan"":64}","{""seq_scan"":64}",0.0,[],2,2,0,2,1,2,0,0,0,0.0,2,2,2,1,1,1,0,0,2,4.4578675790435645,1794.58,4.4578675790435645,1.0,0.0,3712.0,9597952.0,0.40075240100021664,0.030833244425477434,fdw_pushdown_fidelity_v1,5,available,"local_filter_after_remote,aggregate_not_pushdowned,sort_not_pushdowned,limit_not_pushdowned",0.2,0.8,,
20260702T020726Z-clean-run-eu-us-gac-region-asymmetry-v1__pilot-region-local-skew-asymmetric-medium-v1__default__analytics_clients,pilot-region-local-skew-asymmetric-medium-v1,default,clean-run-eu-us-gac-region-asymmetry-v1,asymmetry_mr_user_segment_join__dataset-pilot-region-local-skew-asymmetric-medium-v1__runtime-default,user_segment_topk,multiregion_union,20260702T020858Z-clean-run-eu-us-gac-region-asymmetry-v1__pilot-region-local-skew-asymmetric-medium-v1__default__analytics_clients__pilot-region-local-skew-asymmetric-medium-v1__default,20260702T021757Z-clean-run-eu-us-gac-region-asymmetry--1f1a18528140--ion_user_segment_join__lookback_days-30__limit_k-25,asymmetry_mr_user_segment_join__dataset-pilot-region-local-skew-asymmetric-medium-v1__runtime-default__gac_fdw_multiregion_user_segment_join__lookback_days-30__limit_k-25,gac_fdw_multiregion_user_segment_join,completed,False,0,0,disabled,false,550434b2ab468726c0e708e58c2f05929074d7faa4d94bd31899dea4317847a3,2ecf46bb3fed8703c2e8dddf8cafa565a114e439e9c241a5349b754e3fb55db8,83c5de2ce3c33d694e70fc8d3757c26da784e6fc3264f730878794edec09f946,7208d7d551b0bd274ec0924b9dbd4ad7d0fd212b273ab7eb3468ef9651c35d62,"[{""fdw_region"":""eu"",""plan_fingerprint"":""b0d4753d68dc2d09c2ea6152fe3ab2532151574e17e3e8fd24914adb95487e18"",""remote_sql_id"":""auto_explain_eu_011""},{""fdw_region"":""eu"",""plan_fingerprint"":""b0d4753d68dc2d09c2ea6152fe3ab2532151574e17e3e8fd24914adb95487e18"",""remote_sql_id"":""auto_explain_eu_012""},{""fdw_region"":""us"",""plan_fingerprint"":""b0d4753d68dc2d09c2ea6152fe3ab2532151574e17e3e8fd24914adb95487e18"",""remote_sql_id"":""auto_explain_us_011""},{""fdw_region"":""us"",""plan_fingerprint"":""b0d4753d68dc2d09c2ea6152fe3ab2532151574e17e3e8fd24914adb95487e18"",""remote_sql_id"":""auto_explain_us_012""}]","{""limit_k"":25,""lookback_days"":30}","fdw_remote_join,colocated_join,fdw_union_all,topk",query-collections/20260702T021757Z-clean-run-eu-us-gac-region-asymmetry--1f1a18528140--ion_user_segment_join__lookback_days-30__limit_k-25,master-regimes/generated/corpus/region-asymmetry-companion-v1/groups/clean-run-eu-us-gac-region-asymmetry-v1__pilot-region-local-skew-asymmetric-medium-v1__default__analytics_clients/queries/asymmetry_mr_user_segment_join__dataset-pilot-region-local-skew-asymmetric-medium-v1__runtime-default__gac_fdw_multiregion_user_segment_join__lookback_days-30__limit_k-25.sql,query-collections/20260702T021757Z-clean-run-eu-us-gac-region-asymmetry--1f1a18528140--ion_user_segment_join__lookback_days-30__limit_k-25/input/query.sql,query-collections/20260702T021757Z-clean-run-eu-us-gac-region-asymmetry--1f1a18528140--ion_user_segment_join__lookback_days-30__limit_k-25/input/query_bindings.json,eu-analytics-1,20260702T021757Z,1782958686.287170,1782958690.707869,0,32,mixed_cache_first_observed,,"{""limit_k"":""25"",""lookback_days"":""30""}",{},,,,{},,,,,pilot-region-local-skew-asymmetric-medium-v1,calibration,dataset_region_asymmetry,gac_finalization_heavy,pilot,"{""fetch_size"":""high"",""wan_latency"":""high"",""work_mem"":""high""}",4.420700,6.0,0.0,1.0,8679.0,5615.0,300,,2,2,0,1.0,4,0,2,2,2,280000.0,280000.0,280000.0,1.0,8770560.0,8770560.0,8770560.0,1.0,64.0,64.0,64.0,1.0,true,461.64300000000003,505.187,483.415,17040.487654320987,32.0,2.0,2.0,4.0,2.0,64.0,64.0,false,1381.0,12329.0,1381.0,12329.0,,,false,false,false,false,false,false,false,,,,,2,"{""Seq Scan"":128}","{""seq_scan"":128}",0.0,[],4,2,0,2,1,0,0,0,0,0.0,4,4,4,1,1,1,0,0,4,1.0240411957143876,60761.444444444445,1.0240411957143876,0.9285714285714286,133001.0,6280.0,17538048.0,0.6228302693066307,0.0224791265253693,fdw_pushdown_fidelity_v1,5,available,"local_filter_after_remote,aggregate_not_pushdowned,sort_not_pushdowned,limit_not_pushdowned",0.2,0.8,,
20260702T020726Z-clean-run-eu-us-gac-region-asymmetry-v1__pilot-region-local-skew-asymmetric-medium-v1__default__analytics_clients,pilot-region-local-skew-asymmetric-medium-v1,default,clean-run-eu-us-gac-region-asymmetry-v1,asymmetry_mr_raw_wide_sample__dataset-pilot-region-local-skew-asymmetric-medium-v1__runtime-default,event_raw_wide_sample,multiregion_union,20260702T020858Z-clean-run-eu-us-gac-region-asymmetry-v1__pilot-region-local-skew-asymmetric-medium-v1__default__analytics_clients__pilot-region-local-skew-asymmetric-medium-v1__default,20260702T021816Z-clean-run-eu-us-gac-region-asymmetry--f532e0a8ea1d--__limit_k-250__payload_repeat-16__payload_width-512,asymmetry_mr_raw_wide_sample__dataset-pilot-region-local-skew-asymmetric-medium-v1__runtime-default__gac_fdw_multiregion_event_raw_wide_sample__lookback_days-1__min_value-500__limit_k-250__payload_repeat-16__payload_width-512,gac_fdw_multiregion_event_raw_wide_sample,completed,False,0,0,disabled,false,f96797f2645ff7832b8b3c96a1487f7685a32e42a250253b6aa6311ae7e40e37,b1fe074b881b044c60cc201ec92406f09b6891e72fc9891dff8f955e65c18324,db4ed3d9a591bd04a004580f3e91a0acb28c98c15abf9b58c3020a2a8c2ff009,941ad13475fa920da8ae864e8678e449552428bf29a8e06d4dc99ddc8ab1639d,"[{""fdw_region"":""eu"",""plan_fingerprint"":""b0d4753d68dc2d09c2ea6152fe3ab2532151574e17e3e8fd24914adb95487e18"",""remote_sql_id"":""auto_explain_eu_013""},{""fdw_region"":""us"",""plan_fingerprint"":""b0d4753d68dc2d09c2ea6152fe3ab2532151574e17e3e8fd24914adb95487e18"",""remote_sql_id"":""auto_explain_us_007""}]","{""limit_k"":250,""lookback_days"":1,""min_value"":500,""payload_repeat"":16,""payload_width"":512}","fdw_union_all,fdw_remote_scan,raw_row_fetch,wide_payload_expression",query-collections/20260702T021816Z-clean-run-eu-us-gac-region-asymmetry--f532e0a8ea1d--__limit_k-250__payload_repeat-16__payload_width-512,master-regimes/generated/corpus/region-asymmetry-companion-v1/groups/clean-run-eu-us-gac-region-asymmetry-v1__pilot-region-local-skew-asymmetric-medium-v1__default__analytics_clients/queries/asymmetry_mr_raw_wide_sample__dataset-pilot-region-local-skew-asymmetric-medium-v1__runtime-default__gac_fdw_multiregion_event_raw_wide_sample__lookback_days-1__min_value-500__limit_k-250__payload_repeat-16__payload_width-512.sql,query-collections/20260702T021816Z-clean-run-eu-us-gac-region-asymmetry--f532e0a8ea1d--__limit_k-250__payload_repeat-16__payload_width-512/input/query.sql,query-collections/20260702T021816Z-clean-run-eu-us-gac-region-asymmetry--f532e0a8ea1d--__limit_k-250__payload_repeat-16__payload_width-512/input/query_bindings.json,eu-analytics-1,20260702T021816Z,1782958705.356603,1782958706.829166,0,33,mixed_cache_first_observed,,"{""limit_k"":""250"",""lookback_days"":""1"",""min_value"":""500"",""payload_repeat"":""16"",""payload_width"":""512""}",{},,,,{},,,,,pilot-region-local-skew-asymmetric-medium-v1,calibration,dataset_region_asymmetry,remote_fetch_heavy,pilot,"{""fetch_size"":""high"",""wan_latency"":""high"",""work_mem"":""none""}",1.472564,9.0,0.0,1.0,0.0,0.0,300,,2,2,0,1.0,2,0,2,2,2,99657.0,99994.0,99825.5,1.0016879454648362,3986432.0,3999744.0,3993088.0,1.001666880369278,32.0,32.0,32.0,1.0,true,189.475,271.104,230.28949999999998,25.388,32.0,2.0,2.0,4.0,2.0,64.0,64.0,false,699.0,6179.0,699.0,6179.0,,,false,false,false,false,false,false,false,,,,,2,"{""Seq Scan"":64}","{""seq_scan"":64}",0.0,[],2,2,0,2,1,2,0,0,0,0.0,0,2,2,0,1,1,0,0,2,31.455963447297936,25.388,31.455963447297936,14.7,0.0,2634.0,7986176.0,0.4022934649364892,0.030901397615078856,fdw_pushdown_fidelity_v1,4,available,"local_filter_after_remote,sort_not_pushdowned,limit_not_pushdowned,projection_width_expansion",0.017006802721088437,0.9829931972789115,,
20260702T020726Z-clean-run-eu-us-gac-region-asymmetry-v1__pilot-region-local-skew-asymmetric-medium-v1__default__analytics_clients,pilot-region-local-skew-asymmetric-medium-v1,default,clean-run-eu-us-gac-region-asymmetry-v1,asymmetry_mr_event_filter_summary__dataset-pilot-region-local-skew-asymmetric-medium-v1__runtime-default,event_filter_summary,multiregion_union,20260702T020858Z-clean-run-eu-us-gac-region-asymmetry-v1__pilot-region-local-skew-asymmetric-medium-v1__default__analytics_clients__pilot-region-local-skew-asymmetric-medium-v1__default,20260702T021832Z-clean-run-eu-us-gac-region-asymmetry--1f2d29ab6b0a--_event_filter_summary__lookback_days-7__min_value-0,asymmetry_mr_event_filter_summary__dataset-pilot-region-local-skew-asymmetric-medium-v1__runtime-default__gac_fdw_multiregion_event_filter_summary__lookback_days-7__min_value-0,gac_fdw_multiregion_event_filter_summary,completed,False,0,0,disabled,false,bbe7abed7ec3fa20d9b0211e15005ac4028b7410ffe8507f3df23c0161777d45,486589f9994f1b4d69b7b2243d4a7a900817948ca37bf10a8f0f3fa68e51fd77,8b2261d3fb2d47cecc5dbf1f4d6cf256fa8eb686e3f77b3778f69660e9f872d2,09e55823ed34e1b6cfa4806e765546a43b1fa02dab2ff83635d6b41a2516891a,"[{""fdw_region"":""eu"",""plan_fingerprint"":""b0d4753d68dc2d09c2ea6152fe3ab2532151574e17e3e8fd24914adb95487e18"",""remote_sql_id"":""auto_explain_eu_009""},{""fdw_region"":""us"",""plan_fingerprint"":""b0d4753d68dc2d09c2ea6152fe3ab2532151574e17e3e8fd24914adb95487e18"",""remote_sql_id"":""auto_explain_us_007""}]","{""lookback_days"":7,""min_value"":0}","fdw_union_all,selective_filter,remote_pushdown_candidate",query-collections/20260702T021832Z-clean-run-eu-us-gac-region-asymmetry--1f2d29ab6b0a--_event_filter_summary__lookback_days-7__min_value-0,master-regimes/generated/corpus/region-asymmetry-companion-v1/groups/clean-run-eu-us-gac-region-asymmetry-v1__pilot-region-local-skew-asymmetric-medium-v1__default__analytics_clients/queries/asymmetry_mr_event_filter_summary__dataset-pilot-region-local-skew-asymmetric-medium-v1__runtime-default__gac_fdw_multiregion_event_filter_summary__lookback_days-7__min_value-0.sql,query-collections/20260702T021832Z-clean-run-eu-us-gac-region-asymmetry--1f2d29ab6b0a--_event_filter_summary__lookback_days-7__min_value-0/input/query.sql,query-collections/20260702T021832Z-clean-run-eu-us-gac-region-asymmetry--1f2d29ab6b0a--_event_filter_summary__lookback_days-7__min_value-0/input/query_bindings.json,eu-analytics-1,20260702T021832Z,1782958722.218466,1782958724.233089,0,34,mixed_cache_first_observed,,"{""lookback_days"":""7"",""min_value"":""0""}",{},,,,{},,,,,pilot-region-local-skew-asymmetric-medium-v1,calibration,dataset_region_asymmetry,well_reduced_localized,pilot,"{""fetch_size"":""low"",""wan_latency"":""low"",""work_mem"":""none""}",2.014624,0.0,0.0,,0.0,0.0,300,,2,2,0,1.0,2,0,2,2,2,200000.0,200000.0,200000.0,1.0,3200000.0,3200000.0,3200000.0,1.0,32.0,32.0,32.0,1.0,true,214.036,245.713,229.8745,19938.444444444445,32.0,2.0,2.0,4.0,2.0,64.0,64.0,false,1381.0,12329.0,1381.0,12329.0,,,false,false,false,false,false,false,false,,,,,2,"{""Seq Scan"":64}","{""seq_scan"":64}",0.0,[],2,2,0,2,1,2,0,0,0,0.0,2,0,0,1,0,0,0,0,2,4.458165687727784,89723.0,4.458165687727784,1.0,0.0,2932.0,6397952.0,0.4000230335963842,0.0308898847631242,fdw_pushdown_fidelity_v1,3,available,"local_filter_after_remote,aggregate_not_pushdowned",0.3333333333333333,0.6666666666666667,,
20260702T020726Z-clean-run-eu-us-gac-region-asymmetry-v1__pilot-region-local-skew-asymmetric-medium-v1__default__analytics_clients,pilot-region-local-skew-asymmetric-medium-v1,default,clean-run-eu-us-gac-region-asymmetry-v1,asymmetry_mr_raw_wide_sample__dataset-pilot-region-local-skew-asymmetric-medium-v1__runtime-default,event_raw_wide_sample,multiregion_union,20260702T020858Z-clean-run-eu-us-gac-region-asymmetry-v1__pilot-region-local-skew-asymmetric-medium-v1__default__analytics_clients__pilot-region-local-skew-asymmetric-medium-v1__default,20260702T021850Z-clean-run-eu-us-gac-region-asymmetry--b24e3582d974--__limit_k-100__payload_repeat-16__payload_width-512,asymmetry_mr_raw_wide_sample__dataset-pilot-region-local-skew-asymmetric-medium-v1__runtime-default__gac_fdw_multiregion_event_raw_wide_sample__lookback_days-7__min_value-500__limit_k-100__payload_repeat-16__payload_width-512,gac_fdw_multiregion_event_raw_wide_sample,completed,False,0,0,disabled,false,f96797f2645ff7832b8b3c96a1487f7685a32e42a250253b6aa6311ae7e40e37,8a72d370155d6b60989381459663f1443bee74a902542b9916bdb2cf011ace65,db4ed3d9a591bd04a004580f3e91a0acb28c98c15abf9b58c3020a2a8c2ff009,5084b969d1b8e22a6dfb0ad09903505ed45504778ea04bcc41e271f2d5da08bf,"[{""fdw_region"":""eu"",""plan_fingerprint"":""b0d4753d68dc2d09c2ea6152fe3ab2532151574e17e3e8fd24914adb95487e18"",""remote_sql_id"":""auto_explain_eu_009""},{""fdw_region"":""us"",""plan_fingerprint"":""b0d4753d68dc2d09c2ea6152fe3ab2532151574e17e3e8fd24914adb95487e18"",""remote_sql_id"":""auto_explain_us_009""}]","{""limit_k"":100,""lookback_days"":7,""min_value"":500,""payload_repeat"":16,""payload_width"":512}","fdw_union_all,fdw_remote_scan,raw_row_fetch,wide_payload_expression",query-collections/20260702T021850Z-clean-run-eu-us-gac-region-asymmetry--b24e3582d974--__limit_k-100__payload_repeat-16__payload_width-512,master-regimes/generated/corpus/region-asymmetry-companion-v1/groups/clean-run-eu-us-gac-region-asymmetry-v1__pilot-region-local-skew-asymmetric-medium-v1__default__analytics_clients/queries/asymmetry_mr_raw_wide_sample__dataset-pilot-region-local-skew-asymmetric-medium-v1__runtime-default__gac_fdw_multiregion_event_raw_wide_sample__lookback_days-7__min_value-500__limit_k-100__payload_repeat-16__payload_width-512.sql,query-collections/20260702T021850Z-clean-run-eu-us-gac-region-asymmetry--b24e3582d974--__limit_k-100__payload_repeat-16__payload_width-512/input/query.sql,query-collections/20260702T021850Z-clean-run-eu-us-gac-region-asymmetry--b24e3582d974--__limit_k-100__payload_repeat-16__payload_width-512/input/query_bindings.json,eu-analytics-1,20260702T021850Z,1782958740.431270,1782958742.128622,0,35,mixed_cache_first_observed,,"{""limit_k"":""100"",""lookback_days"":""7"",""min_value"":""500"",""payload_repeat"":""16"",""payload_width"":""512""}",{},,,,{},,,,,pilot-region-local-skew-asymmetric-medium-v1,calibration,dataset_region_asymmetry,remote_fetch_heavy,pilot,"{""fetch_size"":""high"",""wan_latency"":""high"",""work_mem"":""none""}",1.697353,9.0,0.0,1.0,0.0,0.0,300,,2,2,0,1.0,2,0,2,2,2,99657.0,99994.0,99825.5,1.0016879454648362,3986432.0,3999744.0,3993088.0,1.001666880369278,32.0,32.0,32.0,1.0,true,189.265,245.595,217.43,449.21,32.0,2.0,2.0,4.0,2.0,64.0,64.0,false,699.0,6179.0,699.0,6179.0,,,false,false,false,false,false,false,false,,,,,2,"{""Seq Scan"":64}","{""seq_scan"":64}",0.0,[],2,2,0,2,1,2,0,0,0,0.0,0,2,2,0,1,1,0,0,2,4.444491440528928,449.21,4.444491440528928,14.7,0.0,2634.0,7986176.0,0.4022934649364892,0.030901397615078856,fdw_pushdown_fidelity_v1,4,available,"local_filter_after_remote,sort_not_pushdowned,limit_not_pushdowned,projection_width_expansion",0.017006802721088437,0.9829931972789115,,
20260702T020726Z-clean-run-eu-us-gac-region-asymmetry-v1__pilot-region-local-skew-asymmetric-medium-v1__default__analytics_clients,pilot-region-local-skew-asymmetric-medium-v1,default,clean-run-eu-us-gac-region-asymmetry-v1,asymmetry_mr_raw_region_rollup__dataset-pilot-region-local-skew-asymmetric-medium-v1__runtime-default,event_full_scan_summary,multiregion_union,20260702T020858Z-clean-run-eu-us-gac-region-asymmetry-v1__pilot-region-local-skew-asymmetric-medium-v1__default__analytics_clients__pilot-region-local-skew-asymmetric-medium-v1__default,20260702T021908Z-clean-run-eu-us-gac-region-asymmetry--3f8dfc1d42cd--fdw_multiregion_raw_region_rollup__lookback_days-30,asymmetry_mr_raw_region_rollup__dataset-pilot-region-local-skew-asymmetric-medium-v1__runtime-default__gac_fdw_multiregion_raw_region_rollup__lookback_days-30,gac_fdw_multiregion_raw_region_rollup,completed,False,0,0,disabled,false,6ea964648de3595bee23ace2b070299f662fb662ad951c686b0177387ba2c6d5,4bf35d91ba0ae69dcf4bf6e00989343896d0ab2a12ee656eec69ea3ce8829913,9f995e231cca461edd4d9c705c93b1b27701f5257549113cbe94b92f90c6ca85,09e55823ed34e1b6cfa4806e765546a43b1fa02dab2ff83635d6b41a2516891a,"[{""fdw_region"":""eu"",""plan_fingerprint"":""b0d4753d68dc2d09c2ea6152fe3ab2532151574e17e3e8fd24914adb95487e18"",""remote_sql_id"":""auto_explain_eu_009""},{""fdw_region"":""us"",""plan_fingerprint"":""b0d4753d68dc2d09c2ea6152fe3ab2532151574e17e3e8fd24914adb95487e18"",""remote_sql_id"":""auto_explain_us_007""}]","{""lookback_days"":30}","fdw_union_all,fdw_remote_scan,raw_row_fetch,gac_global_group_by,non_distribution_filter",query-collections/20260702T021908Z-clean-run-eu-us-gac-region-asymmetry--3f8dfc1d42cd--fdw_multiregion_raw_region_rollup__lookback_days-30,master-regimes/generated/corpus/region-asymmetry-companion-v1/groups/clean-run-eu-us-gac-region-asymmetry-v1__pilot-region-local-skew-asymmetric-medium-v1__default__analytics_clients/queries/asymmetry_mr_raw_region_rollup__dataset-pilot-region-local-skew-asymmetric-medium-v1__runtime-default__gac_fdw_multiregion_raw_region_rollup__lookback_days-30.sql,query-collections/20260702T021908Z-clean-run-eu-us-gac-region-asymmetry--3f8dfc1d42cd--fdw_multiregion_raw_region_rollup__lookback_days-30/input/query.sql,query-collections/20260702T021908Z-clean-run-eu-us-gac-region-asymmetry--3f8dfc1d42cd--fdw_multiregion_raw_region_rollup__lookback_days-30/input/query_bindings.json,eu-analytics-1,20260702T021908Z,1782958757.682132,1782958759.974770,0,36,mixed_cache_first_observed,,"{""lookback_days"":""30""}",{},,,,{},,,,,pilot-region-local-skew-asymmetric-medium-v1,calibration,dataset_region_asymmetry,"remote_fetch_heavy,skew_imbalance",pilot,"{""fetch_size"":""high"",""wan_latency"":""high"",""work_mem"":""high""}",2.292639,3.0,0.0,1.0,0.0,0.0,300,,2,2,0,1.0,2,0,2,2,2,200000.0,200000.0,200000.0,1.0,3200000.0,3200000.0,3200000.0,1.0,32.0,32.0,32.0,1.0,true,229.275,279.146,254.21050000000002,161185.0,32.0,2.0,2.0,4.0,2.0,64.0,64.0,false,1381.0,12329.0,1381.0,12329.0,,,false,false,false,false,false,false,false,,,,,2,"{""Seq Scan"":64}","{""seq_scan"":64}",0.0,[],2,2,0,2,1,0,0,0,0,0.0,2,2,0,1,1,0,0,0,2,1.034008540910548,193422.0,1.034008540910548,2.5,0.0,2932.0,6397952.0,0.4000230335963842,0.0308898847631242,fdw_pushdown_fidelity_v1,4,available,"local_filter_after_remote,aggregate_not_pushdowned,sort_not_pushdowned,projection_width_expansion",0.1,0.9,,
20260702T020726Z-clean-run-eu-us-gac-region-asymmetry-v1__pilot-region-local-skew-asymmetric-medium-v1__default__analytics_clients,pilot-region-local-skew-asymmetric-medium-v1,default,clean-run-eu-us-gac-region-asymmetry-v1,asymmetry_etl_top_tenants_control__dataset-pilot-region-local-skew-asymmetric-medium-v1__runtime-default,top_tenants,etl_materialized,20260702T020858Z-clean-run-eu-us-gac-region-asymmetry-v1__pilot-region-local-skew-asymmetric-medium-v1__default__analytics_clients__pilot-region-local-skew-asymmetric-medium-v1__default,20260702T021925Z-clean-run-eu-us-gac-region-asymmetry--9ea3a1b123c1--t__gac_etl_top_tenants__lookback_days-7__limit_k-25,asymmetry_etl_top_tenants_control__dataset-pilot-region-local-skew-asymmetric-medium-v1__runtime-default__gac_etl_top_tenants__lookback_days-7__limit_k-25,gac_etl_top_tenants,completed,False,0,0,disabled,false,acd91e68fa5c14c5bf2e6d5ee2af6d3cb68661b404623f642e1fd27e78ee7853,dca2c2c5bdcd63f88bee6484ca3bc7254d30248ee6e9919a3fb8f3747f85d3c7,a49881c3e18e41cb64c5ce256d6072f48852108c5846f3de12ca1b0163e9c345,,,"{""limit_k"":25,""lookback_days"":7}","local_etl_read,topk,low_remote_pressure",query-collections/20260702T021925Z-clean-run-eu-us-gac-region-asymmetry--9ea3a1b123c1--t__gac_etl_top_tenants__lookback_days-7__limit_k-25,master-regimes/generated/corpus/region-asymmetry-companion-v1/groups/clean-run-eu-us-gac-region-asymmetry-v1__pilot-region-local-skew-asymmetric-medium-v1__default__analytics_clients/queries/asymmetry_etl_top_tenants_control__dataset-pilot-region-local-skew-asymmetric-medium-v1__runtime-default__gac_etl_top_tenants__lookback_days-7__limit_k-25.sql,query-collections/20260702T021925Z-clean-run-eu-us-gac-region-asymmetry--9ea3a1b123c1--t__gac_etl_top_tenants__lookback_days-7__limit_k-25/input/query.sql,query-collections/20260702T021925Z-clean-run-eu-us-gac-region-asymmetry--9ea3a1b123c1--t__gac_etl_top_tenants__lookback_days-7__limit_k-25/input/query_bindings.json,eu-analytics-1,20260702T021925Z,1782958774.511248,1782958774.561922,0,37,mixed_cache_first_observed,,"{""limit_k"":""25"",""lookback_days"":""7""}",{},,,,{},,,,,pilot-region-local-skew-asymmetric-medium-v1,negative_control,dataset_region_asymmetry,well_reduced_localized,pilot,"{""fetch_size"":""none"",""wan_latency"":""none"",""work_mem"":""low""}",0.050675,22.0,0.0,1.0,0.0,0.0,300,,2,0,2,0.0,0,0,0,0,0,,,,,,,,,,,,,,,,,,32.0,2.0,2.0,4.0,1.0,,,false,,,,,,,,,,,,,,,,,,,,,,,,,,,,,,,,,,,,,,,,,,,,,,0.0,,,,,fdw_pushdown_fidelity_v1,0,not_applicable_no_fdw,,,,,
20260702T020726Z-clean-run-eu-us-gac-region-asymmetry-v1__pilot-region-local-skew-asymmetric-medium-v1__default__analytics_clients,pilot-region-local-skew-asymmetric-medium-v1,default,clean-run-eu-us-gac-region-asymmetry-v1,asymmetry_mr_event_filter_summary__dataset-pilot-region-local-skew-asymmetric-medium-v1__runtime-default,event_filter_summary,multiregion_union,20260702T020858Z-clean-run-eu-us-gac-region-asymmetry-v1__pilot-region-local-skew-asymmetric-medium-v1__default__analytics_clients__pilot-region-local-skew-asymmetric-medium-v1__default,20260702T021939Z-clean-run-eu-us-gac-region-asymmetry--81948fe9da24--event_filter_summary__lookback_days-30__min_value-0,asymmetry_mr_event_filter_summary__dataset-pilot-region-local-skew-asymmetric-medium-v1__runtime-default__gac_fdw_multiregion_event_filter_summary__lookback_days-30__min_value-0,gac_fdw_multiregion_event_filter_summary,completed,False,0,0,disabled,false,bbe7abed7ec3fa20d9b0211e15005ac4028b7410ffe8507f3df23c0161777d45,735e0a1cb9445f88174634ccc53224973a2ab94eb23d97aadc954690174ea147,8b2261d3fb2d47cecc5dbf1f4d6cf256fa8eb686e3f77b3778f69660e9f872d2,040dea5a2bd512b950738248faa361de4d80d1c6f9c65a70e7bdec857766cbcb,"[{""fdw_region"":""eu"",""plan_fingerprint"":""b0d4753d68dc2d09c2ea6152fe3ab2532151574e17e3e8fd24914adb95487e18"",""remote_sql_id"":""auto_explain_eu_009""},{""fdw_region"":""us"",""plan_fingerprint"":""b0d4753d68dc2d09c2ea6152fe3ab2532151574e17e3e8fd24914adb95487e18"",""remote_sql_id"":""auto_explain_us_004""}]","{""lookback_days"":30,""min_value"":0}","fdw_union_all,selective_filter,remote_pushdown_candidate",query-collections/20260702T021939Z-clean-run-eu-us-gac-region-asymmetry--81948fe9da24--event_filter_summary__lookback_days-30__min_value-0,master-regimes/generated/corpus/region-asymmetry-companion-v1/groups/clean-run-eu-us-gac-region-asymmetry-v1__pilot-region-local-skew-asymmetric-medium-v1__default__analytics_clients/queries/asymmetry_mr_event_filter_summary__dataset-pilot-region-local-skew-asymmetric-medium-v1__runtime-default__gac_fdw_multiregion_event_filter_summary__lookback_days-30__min_value-0.sql,query-collections/20260702T021939Z-clean-run-eu-us-gac-region-asymmetry--81948fe9da24--event_filter_summary__lookback_days-30__min_value-0/input/query.sql,query-collections/20260702T021939Z-clean-run-eu-us-gac-region-asymmetry--81948fe9da24--event_filter_summary__lookback_days-30__min_value-0/input/query_bindings.json,eu-analytics-1,20260702T021939Z,1782958788.885591,1782958791.007175,0,38,mixed_cache_first_observed,,"{""lookback_days"":""30"",""min_value"":""0""}",{},,,,{},,,,,pilot-region-local-skew-asymmetric-medium-v1,calibration,dataset_region_asymmetry,well_reduced_localized,pilot,"{""fetch_size"":""low"",""wan_latency"":""low"",""work_mem"":""none""}",2.121585,0.0,0.0,,0.0,0.0,300,,2,2,0,1.0,2,0,2,2,2,200000.0,200000.0,200000.0,1.0,3200000.0,3200000.0,3200000.0,1.0,32.0,32.0,32.0,1.0,true,224.323,261.559,242.94100000000003,85964.66666666667,32.0,2.0,2.0,4.0,2.0,64.0,64.0,false,1381.0,12329.0,1381.0,12329.0,,,false,false,false,false,false,false,false,,,,,2,"{""Seq Scan"":64}","{""seq_scan"":64}",0.0,[],2,2,0,2,1,2,0,0,0,0.0,2,0,0,1,0,0,0,0,2,1.034016559775205,386841.0,1.034016559775205,1.0,0.0,2932.0,6397952.0,0.4000230335963842,0.0308898847631242,fdw_pushdown_fidelity_v1,3,available,"local_filter_after_remote,aggregate_not_pushdowned",0.3333333333333333,0.6666666666666667,,
20260702T020726Z-clean-run-eu-us-gac-region-asymmetry-v1__pilot-region-local-skew-asymmetric-medium-v1__default__analytics_clients,pilot-region-local-skew-asymmetric-medium-v1,default,clean-run-eu-us-gac-region-asymmetry-v1,asymmetry_mr_user_segment_join__dataset-pilot-region-local-skew-asymmetric-medium-v1__runtime-default,user_segment_topk,multiregion_union,20260702T020858Z-clean-run-eu-us-gac-region-asymmetry-v1__pilot-region-local-skew-asymmetric-medium-v1__default__analytics_clients__pilot-region-local-skew-asymmetric-medium-v1__default,20260702T021956Z-clean-run-eu-us-gac-region-asymmetry--aab06bd89788--gion_user_segment_join__lookback_days-7__limit_k-25,asymmetry_mr_user_segment_join__dataset-pilot-region-local-skew-asymmetric-medium-v1__runtime-default__gac_fdw_multiregion_user_segment_join__lookback_days-7__limit_k-25,gac_fdw_multiregion_user_segment_join,completed,False,0,0,disabled,false,550434b2ab468726c0e708e58c2f05929074d7faa4d94bd31899dea4317847a3,419707643e2eb62d5f19f7f2db9826ba312a19587e260c132cf4bbd1f12f5ed5,83c5de2ce3c33d694e70fc8d3757c26da784e6fc3264f730878794edec09f946,f9dd65c56ffcf266814334d8d9ccf510a8e0eeb0ce745af3a633f7df7a8c2f9e,"[{""fdw_region"":""eu"",""plan_fingerprint"":""b0d4753d68dc2d09c2ea6152fe3ab2532151574e17e3e8fd24914adb95487e18"",""remote_sql_id"":""auto_explain_eu_013""},{""fdw_region"":""eu"",""plan_fingerprint"":""b0d4753d68dc2d09c2ea6152fe3ab2532151574e17e3e8fd24914adb95487e18"",""remote_sql_id"":""auto_explain_eu_014""},{""fdw_region"":""us"",""plan_fingerprint"":""b0d4753d68dc2d09c2ea6152fe3ab2532151574e17e3e8fd24914adb95487e18"",""remote_sql_id"":""auto_explain_us_010""},{""fdw_region"":""us"",""plan_fingerprint"":""b0d4753d68dc2d09c2ea6152fe3ab2532151574e17e3e8fd24914adb95487e18"",""remote_sql_id"":""auto_explain_us_011""}]","{""limit_k"":25,""lookback_days"":7}","fdw_remote_join,colocated_join,fdw_union_all,topk",query-collections/20260702T021956Z-clean-run-eu-us-gac-region-asymmetry--aab06bd89788--gion_user_segment_join__lookback_days-7__limit_k-25,master-regimes/generated/corpus/region-asymmetry-companion-v1/groups/clean-run-eu-us-gac-region-asymmetry-v1__pilot-region-local-skew-asymmetric-medium-v1__default__analytics_clients/queries/asymmetry_mr_user_segment_join__dataset-pilot-region-local-skew-asymmetric-medium-v1__runtime-default__gac_fdw_multiregion_user_segment_join__lookback_days-7__limit_k-25.sql,query-collections/20260702T021956Z-clean-run-eu-us-gac-region-asymmetry--aab06bd89788--gion_user_segment_join__lookback_days-7__limit_k-25/input/query.sql,query-collections/20260702T021956Z-clean-run-eu-us-gac-region-asymmetry--aab06bd89788--gion_user_segment_join__lookback_days-7__limit_k-25/input/query_bindings.json,eu-analytics-1,20260702T021956Z,1782958806.102379,1782958810.351303,0,39,mixed_cache_first_observed,,"{""limit_k"":""25"",""lookback_days"":""7""}",{},,,,{},,,,,pilot-region-local-skew-asymmetric-medium-v1,calibration,dataset_region_asymmetry,gac_finalization_heavy,pilot,"{""fetch_size"":""high"",""wan_latency"":""high"",""work_mem"":""high""}",4.248925,6.0,0.0,1.0,2288.0,1894.0,300,,2,2,0,1.0,4,0,2,2,2,280000.0,280000.0,280000.0,1.0,8770560.0,8770560.0,8770560.0,1.0,64.0,64.0,64.0,1.0,true,516.429,539.335,527.8820000000001,11537.913580246914,32.0,2.0,2.0,4.0,2.0,64.0,64.0,false,1381.0,12329.0,1381.0,12329.0,,,false,false,false,false,false,false,false,,,,,2,"{""Seq Scan"":128}","{""seq_scan"":128}",0.0,[],4,2,0,2,1,0,0,0,0,0.0,4,4,4,1,1,1,0,0,4,2.2425654949261955,27746.0,2.2425654949261955,0.9285714285714286,41622.0,6280.0,17538048.0,0.6228302693066307,0.0224791265253693,fdw_pushdown_fidelity_v1,5,available,"local_filter_after_remote,aggregate_not_pushdowned,sort_not_pushdowned,limit_not_pushdowned",0.2,0.8,,
20260702T020726Z-clean-run-eu-us-gac-region-asymmetry-v1__pilot-region-local-skew-asymmetric-medium-v1__default__analytics_clients,pilot-region-local-skew-asymmetric-medium-v1,default,clean-run-eu-us-gac-region-asymmetry-v1,asymmetry_mr_global_user_join__dataset-pilot-region-local-skew-asymmetric-medium-v1__runtime-default,global_user_topk,multiregion_union,20260702T020858Z-clean-run-eu-us-gac-region-asymmetry-v1__pilot-region-local-skew-asymmetric-medium-v1__default__analytics_clients__pilot-region-local-skew-asymmetric-medium-v1__default,20260702T022016Z-clean-run-eu-us-gac-region-asymmetry--39526b3c49c1--egion_global_user_join__lookback_days-7__limit_k-25,asymmetry_mr_global_user_join__dataset-pilot-region-local-skew-asymmetric-medium-v1__runtime-default__gac_fdw_multiregion_global_user_join__lookback_days-7__limit_k-25,gac_fdw_multiregion_global_user_join,completed,False,0,0,disabled,false,a77ebdf1bca778e3be6bccf75904bd282be19ff442406f429dbf9364d5c193c7,5af4590f9db97278048a2ae101dadd7dbbaa89cd04dfe9b74320fb93414f669c,5f95d7d45ef0ac2b5b3fa855af821e6ac14bdcdcec6284b972d0e640c5aad5f1,d773447988a865cb921eba772b0467c471b5372a5a2978bf5ea9b6e8a9f9a507,"[{""fdw_region"":""eu"",""plan_fingerprint"":""b0d4753d68dc2d09c2ea6152fe3ab2532151574e17e3e8fd24914adb95487e18"",""remote_sql_id"":""auto_explain_eu_015""},{""fdw_region"":""eu"",""plan_fingerprint"":""b0d4753d68dc2d09c2ea6152fe3ab2532151574e17e3e8fd24914adb95487e18"",""remote_sql_id"":""auto_explain_eu_016""},{""fdw_region"":""us"",""plan_fingerprint"":""b0d4753d68dc2d09c2ea6152fe3ab2532151574e17e3e8fd24914adb95487e18"",""remote_sql_id"":""auto_explain_us_005""},{""fdw_region"":""us"",""plan_fingerprint"":""b0d4753d68dc2d09c2ea6152fe3ab2532151574e17e3e8fd24914adb95487e18"",""remote_sql_id"":""auto_explain_us_006""}]","{""limit_k"":25,""lookback_days"":7}","fdw_remote_join,non_colocated_join,fdw_union_all,topk",query-collections/20260702T022016Z-clean-run-eu-us-gac-region-asymmetry--39526b3c49c1--egion_global_user_join__lookback_days-7__limit_k-25,master-regimes/generated/corpus/region-asymmetry-companion-v1/groups/clean-run-eu-us-gac-region-asymmetry-v1__pilot-region-local-skew-asymmetric-medium-v1__default__analytics_clients/queries/asymmetry_mr_global_user_join__dataset-pilot-region-local-skew-asymmetric-medium-v1__runtime-default__gac_fdw_multiregion_global_user_join__lookback_days-7__limit_k-25.sql,query-collections/20260702T022016Z-clean-run-eu-us-gac-region-asymmetry--39526b3c49c1--egion_global_user_join__lookback_days-7__limit_k-25/input/query.sql,query-collections/20260702T022016Z-clean-run-eu-us-gac-region-asymmetry--39526b3c49c1--egion_global_user_join__lookback_days-7__limit_k-25/input/query_bindings.json,eu-analytics-1,20260702T022016Z,1782958826.558359,1782958830.373829,0,40,mixed_cache_first_observed,,"{""limit_k"":""25"",""lookback_days"":""7""}",{},,,,{},,,,,pilot-region-local-skew-asymmetric-medium-v1,calibration,dataset_region_asymmetry,"join_movement,gac_finalization_heavy,skew_imbalance",pilot,"{""fetch_size"":""high"",""wan_latency"":""high"",""work_mem"":""high""}",3.815471,6.0,0.0,1.0,2376.0,1972.0,300,,2,2,0,1.0,4,0,2,2,2,280000.0,280000.0,280000.0,1.0,8930304.0,8930304.0,8930304.0,1.0,64.0,64.0,64.0,1.0,true,437.807,535.299,486.553,6336.20202020202,32.0,2.0,2.0,4.0,2.0,64.0,64.0,false,0.0,12329.0,0.0,12329.0,,,false,false,false,false,false,false,false,,,,,2,"{""Seq Scan"":128}","{""seq_scan"":128}",0.0,[],4,2,0,2,1,0,0,0,0,0.0,4,4,4,1,1,1,0,0,4,2.242583456141475,13872.888888888889,2.242583456141475,0.9444444444444444,43277.0,6396.0,17852416.0,0.6322539447900944,0.022083285534013997,fdw_pushdown_fidelity_v1,5,available,"local_filter_after_remote,aggregate_not_pushdowned,sort_not_pushdowned,limit_not_pushdowned",0.2,0.8,,
20260702T020726Z-clean-run-eu-us-gac-region-asymmetry-v1__pilot-region-local-skew-asymmetric-medium-v1__default__analytics_clients,pilot-region-local-skew-asymmetric-medium-v1,default,clean-run-eu-us-gac-region-asymmetry-v1,asymmetry_mr_event_filter_summary__dataset-pilot-region-local-skew-asymmetric-medium-v1__runtime-default,event_filter_summary,multiregion_union,20260702T020858Z-clean-run-eu-us-gac-region-asymmetry-v1__pilot-region-local-skew-asymmetric-medium-v1__default__analytics_clients__pilot-region-local-skew-asymmetric-medium-v1__default,20260702T022036Z-clean-run-eu-us-gac-region-asymmetry--418d247523be--vent_filter_summary__lookback_days-1__min_value-900,asymmetry_mr_event_filter_summary__dataset-pilot-region-local-skew-asymmetric-medium-v1__runtime-default__gac_fdw_multiregion_event_filter_summary__lookback_days-1__min_value-900,gac_fdw_multiregion_event_filter_summary,completed,False,0,0,disabled,false,bbe7abed7ec3fa20d9b0211e15005ac4028b7410ffe8507f3df23c0161777d45,d8c14ba7d418d0bc628a62dd81fb49f3a9cec35e27846089dd182e70f35f9931,8b2261d3fb2d47cecc5dbf1f4d6cf256fa8eb686e3f77b3778f69660e9f872d2,e5332aeadb625bfb7d733c55eab22a25566c3b0e43c16468333975148fddc416,"[{""fdw_region"":""eu"",""plan_fingerprint"":""b0d4753d68dc2d09c2ea6152fe3ab2532151574e17e3e8fd24914adb95487e18"",""remote_sql_id"":""auto_explain_eu_007""},{""fdw_region"":""us"",""plan_fingerprint"":""b0d4753d68dc2d09c2ea6152fe3ab2532151574e17e3e8fd24914adb95487e18"",""remote_sql_id"":""auto_explain_us_004""}]","{""lookback_days"":1,""min_value"":900}","fdw_union_all,selective_filter,remote_pushdown_candidate",query-collections/20260702T022036Z-clean-run-eu-us-gac-region-asymmetry--418d247523be--vent_filter_summary__lookback_days-1__min_value-900,master-regimes/generated/corpus/region-asymmetry-companion-v1/groups/clean-run-eu-us-gac-region-asymmetry-v1__pilot-region-local-skew-asymmetric-medium-v1__default__analytics_clients/queries/asymmetry_mr_event_filter_summary__dataset-pilot-region-local-skew-asymmetric-medium-v1__runtime-default__gac_fdw_multiregion_event_filter_summary__lookback_days-1__min_value-900.sql,query-collections/20260702T022036Z-clean-run-eu-us-gac-region-asymmetry--418d247523be--vent_filter_summary__lookback_days-1__min_value-900/input/query.sql,query-collections/20260702T022036Z-clean-run-eu-us-gac-region-asymmetry--418d247523be--vent_filter_summary__lookback_days-1__min_value-900/input/query_bindings.json,eu-analytics-1,20260702T022036Z,1782958844.975061,1782958845.367506,0,41,mixed_cache_first_observed,,"{""lookback_days"":""1"",""min_value"":""900""}",{},,,,{},,,,,pilot-region-local-skew-asymmetric-medium-v1,calibration,dataset_region_asymmetry,well_reduced_localized,pilot,"{""fetch_size"":""low"",""wan_latency"":""low"",""work_mem"":""none""}",0.392446,0.0,0.0,,0.0,0.0,300,,2,2,0,1.0,2,0,2,2,2,19678.0,20269.0,19973.5,1.0147946028487747,314368.0,324608.0,319488.0,1.016025641025641,32.0,32.0,32.0,1.0,true,75.821,83.32,79.5705,271.55555555555554,32.0,2.0,2.0,4.0,2.0,64.0,64.0,false,132.0,1270.0,132.0,1270.0,,,false,false,false,false,false,false,false,,,,,2,"{""Seq Scan"":64}","{""seq_scan"":64}",0.0,[],2,2,0,2,1,2,0,0,0,0.0,2,0,0,1,0,0,0,0,2,32.689852700490995,1222.0,32.689852700490995,1.0,0.0,0.0,638192.0,0.4052457712638473,0.03209065610349236,fdw_pushdown_fidelity_v1,3,available,"local_filter_after_remote,aggregate_not_pushdowned",0.3333333333333333,0.6666666666666667,,
20260702T020726Z-clean-run-eu-us-gac-region-asymmetry-v1__pilot-region-local-skew-asymmetric-medium-v1__default__analytics_clients,pilot-region-local-skew-asymmetric-medium-v1,default,clean-run-eu-us-gac-region-asymmetry-v1,asymmetry_etl_top_tenants_control__dataset-pilot-region-local-skew-asymmetric-medium-v1__runtime-default,top_tenants,etl_materialized,20260702T020858Z-clean-run-eu-us-gac-region-asymmetry-v1__pilot-region-local-skew-asymmetric-medium-v1__default__analytics_clients__pilot-region-local-skew-asymmetric-medium-v1__default,20260702T022050Z-clean-run-eu-us-gac-region-asymmetry--561c4ac82de3--__gac_etl_top_tenants__lookback_days-30__limit_k-25,asymmetry_etl_top_tenants_control__dataset-pilot-region-local-skew-asymmetric-medium-v1__runtime-default__gac_etl_top_tenants__lookback_days-30__limit_k-25,gac_etl_top_tenants,completed,False,0,0,disabled,false,acd91e68fa5c14c5bf2e6d5ee2af6d3cb68661b404623f642e1fd27e78ee7853,3ea12b1c6b267421331835a2e0eb09f49ced5e160229b86f26b925c2d7770b99,a49881c3e18e41cb64c5ce256d6072f48852108c5846f3de12ca1b0163e9c345,,,"{""limit_k"":25,""lookback_days"":30}","local_etl_read,topk,low_remote_pressure",query-collections/20260702T022050Z-clean-run-eu-us-gac-region-asymmetry--561c4ac82de3--__gac_etl_top_tenants__lookback_days-30__limit_k-25,master-regimes/generated/corpus/region-asymmetry-companion-v1/groups/clean-run-eu-us-gac-region-asymmetry-v1__pilot-region-local-skew-asymmetric-medium-v1__default__analytics_clients/queries/asymmetry_etl_top_tenants_control__dataset-pilot-region-local-skew-asymmetric-medium-v1__runtime-default__gac_etl_top_tenants__lookback_days-30__limit_k-25.sql,query-collections/20260702T022050Z-clean-run-eu-us-gac-region-asymmetry--561c4ac82de3--__gac_etl_top_tenants__lookback_days-30__limit_k-25/input/query.sql,query-collections/20260702T022050Z-clean-run-eu-us-gac-region-asymmetry--561c4ac82de3--__gac_etl_top_tenants__lookback_days-30__limit_k-25/input/query_bindings.json,eu-analytics-1,20260702T022050Z,1782958860.138362,1782958860.183448,0,42,mixed_cache_first_observed,,"{""limit_k"":""25"",""lookback_days"":""30""}",{},,,,{},,,,,pilot-region-local-skew-asymmetric-medium-v1,negative_control,dataset_region_asymmetry,well_reduced_localized,pilot,"{""fetch_size"":""none"",""wan_latency"":""none"",""work_mem"":""low""}",0.045086,22.0,0.0,1.0,0.0,0.0,300,,2,0,2,0.0,0,0,0,0,0,,,,,,,,,,,,,,,,,,32.0,2.0,2.0,4.0,1.0,,,false,,,,,,,,,,,,,,,,,,,,,,,,,,,,,,,,,,,,,,,,,,,,,,0.0,,,,,fdw_pushdown_fidelity_v1,0,not_applicable_no_fdw,,,,,
20260702T020726Z-clean-run-eu-us-gac-region-asymmetry-v1__pilot-region-local-skew-asymmetric-medium-v1__default__analytics_clients,pilot-region-local-skew-asymmetric-medium-v1,default,clean-run-eu-us-gac-region-asymmetry-v1,asymmetry_mr_event_full_scan_summary__dataset-pilot-region-local-skew-asymmetric-medium-v1__runtime-default,event_full_scan_summary,multiregion_union,20260702T020858Z-clean-run-eu-us-gac-region-asymmetry-v1__pilot-region-local-skew-asymmetric-medium-v1__default__analytics_clients__pilot-region-local-skew-asymmetric-medium-v1__default,20260702T022106Z-clean-run-eu-us-gac-region-asymmetry--dd0059a16e0d--c_fdw_multiregion_event_full_scan_summary__case-001,asymmetry_mr_event_full_scan_summary__dataset-pilot-region-local-skew-asymmetric-medium-v1__runtime-default__gac_fdw_multiregion_event_full_scan_summary__case-001,gac_fdw_multiregion_event_full_scan_summary,completed,False,0,0,disabled,false,e76050ec650bed5b4c6e2c6ffc98e96b2eda7e5e660160c99ab49d7f41ebfd51,6b013779143d46aa36596960a02e18ba22fa5e83ce8b76bd14f1adf54a57a2b1,094f9b206593fc8f449ca13ae58a5a45b1938ea59ca04b5be8843c2d6e90c5ef,976449e1f46b6766eedabd3463136a6a723ffa9a39eaa7ed35381bb4080a9fbf,"[{""fdw_region"":""eu"",""plan_fingerprint"":""8fe9588992228dccd3bfdbb6ea12c1ffc318b2c32a3534dd1f5d3fc3491cac67"",""remote_sql_id"":""auto_explain_eu_009""},{""fdw_region"":""us"",""plan_fingerprint"":""8fe9588992228dccd3bfdbb6ea12c1ffc318b2c32a3534dd1f5d3fc3491cac67"",""remote_sql_id"":""auto_explain_us_003""}]",{},"fdw_union_all,full_scan,aggregate",query-collections/20260702T022106Z-clean-run-eu-us-gac-region-asymmetry--dd0059a16e0d--c_fdw_multiregion_event_full_scan_summary__case-001,master-regimes/generated/corpus/region-asymmetry-companion-v1/groups/clean-run-eu-us-gac-region-asymmetry-v1__pilot-region-local-skew-asymmetric-medium-v1__default__analytics_clients/queries/asymmetry_mr_event_full_scan_summary__dataset-pilot-region-local-skew-asymmetric-medium-v1__runtime-default__gac_fdw_multiregion_event_full_scan_summary__case-001.sql,query-collections/20260702T022106Z-clean-run-eu-us-gac-region-asymmetry--dd0059a16e0d--c_fdw_multiregion_event_full_scan_summary__case-001/input/query.sql,query-collections/20260702T022106Z-clean-run-eu-us-gac-region-asymmetry--dd0059a16e0d--c_fdw_multiregion_event_full_scan_summary__case-001/input/query_bindings.json,eu-analytics-1,20260702T022106Z,1782958876.149675,1782958876.438822,0,43,mixed_cache_first_observed,,{},{},,,,{},,,,,pilot-region-local-skew-asymmetric-medium-v1,calibration,dataset_region_asymmetry,"well_reduced_localized,remote_fetch_heavy",pilot,"{""fetch_size"":""low"",""wan_latency"":""low"",""work_mem"":""none""}",0.289149,0.0,0.0,,0.0,0.0,300,,2,2,0,1.0,2,0,2,2,2,1.0,1.0,1.0,1.0,1280.0,1280.0,1280.0,1.0,32.0,32.0,32.0,1.0,true,99.347,105.225,102.286,2.0,32.0,2.0,2.0,4.0,2.0,64.0,64.0,false,1.0,1.0,1381.0,12329.0,,,false,true,false,true,false,false,false,,,,,2,"{""Aggregate"":64,""Seq Scan"":64}","{""seq_scan"":64}",0.0,[],2,0,0,0,0,0,0,0,0,,2,0,0,0,0,0,0,0,2,1.0,2.0,1.0,1.0,0.0,0.0,2560.0,0.0,0.015625,fdw_pushdown_fidelity_v1,2,available,,1.0,0.0,,
20260702T020726Z-clean-run-eu-us-gac-region-asymmetry-v1__pilot-region-local-skew-asymmetric-medium-v1__default__analytics_clients,pilot-region-local-skew-asymmetric-medium-v1,default,clean-run-eu-us-gac-region-asymmetry-v1,asymmetry_mr_multi_dimension_rollup__dataset-pilot-region-local-skew-asymmetric-medium-v1__runtime-default,multi_dimension_rollup,multiregion_union,20260702T020858Z-clean-run-eu-us-gac-region-asymmetry-v1__pilot-region-local-skew-asymmetric-medium-v1__default__analytics_clients__pilot-region-local-skew-asymmetric-medium-v1__default,20260702T022122Z-clean-run-eu-us-gac-region-asymmetry--dead5bee65c2--ulti_dimension_rollup__lookback_days-30__limit_k-50,asymmetry_mr_multi_dimension_rollup__dataset-pilot-region-local-skew-asymmetric-medium-v1__runtime-default__gac_fdw_multiregion_multi_dimension_rollup__lookback_days-30__limit_k-50,gac_fdw_multiregion_multi_dimension_rollup,completed,False,0,0,disabled,false,2fb2c4dc7294b06ccb2e90b11eec0562f4ca237d24d4811fcbffaf7ffe881530,7fd50d248c402342ec209626e32b6f9d16d51c7a53e107c978813ed2b0a759bc,6fa6a810e585d93cab6900cd3230b72c02ad8b63128e79a55454e9da2bc013d0,ec2cf7a5e2cd7aaaf8d205b9fde7144098c2290f147ee32f638e38e2db703779,"[{""fdw_region"":""eu"",""plan_fingerprint"":""b0d4753d68dc2d09c2ea6152fe3ab2532151574e17e3e8fd24914adb95487e18"",""remote_sql_id"":""auto_explain_eu_013""},{""fdw_region"":""eu"",""plan_fingerprint"":""b0d4753d68dc2d09c2ea6152fe3ab2532151574e17e3e8fd24914adb95487e18"",""remote_sql_id"":""auto_explain_eu_014""},{""fdw_region"":""eu"",""plan_fingerprint"":""b0d4753d68dc2d09c2ea6152fe3ab2532151574e17e3e8fd24914adb95487e18"",""remote_sql_id"":""auto_explain_eu_015""},{""fdw_region"":""us"",""plan_fingerprint"":""b0d4753d68dc2d09c2ea6152fe3ab2532151574e17e3e8fd24914adb95487e18"",""remote_sql_id"":""auto_explain_us_005""},{""fdw_region"":""us"",""plan_fingerprint"":""b0d4753d68dc2d09c2ea6152fe3ab2532151574e17e3e8fd24914adb95487e18"",""remote_sql_id"":""auto_explain_us_006""},{""fdw_region"":""us"",""plan_fingerprint"":""b0d4753d68dc2d09c2ea6152fe3ab2532151574e17e3e8fd24914adb95487e18"",""remote_sql_id"":""auto_explain_us_007""}]","{""limit_k"":50,""lookback_days"":30}","fdw_remote_join,multi_join,fdw_union_all,daily_group_by",query-collections/20260702T022122Z-clean-run-eu-us-gac-region-asymmetry--dead5bee65c2--ulti_dimension_rollup__lookback_days-30__limit_k-50,master-regimes/generated/corpus/region-asymmetry-companion-v1/groups/clean-run-eu-us-gac-region-asymmetry-v1__pilot-region-local-skew-asymmetric-medium-v1__default__analytics_clients/queries/asymmetry_mr_multi_dimension_rollup__dataset-pilot-region-local-skew-asymmetric-medium-v1__runtime-default__gac_fdw_multiregion_multi_dimension_rollup__lookback_days-30__limit_k-50.sql,query-collections/20260702T022122Z-clean-run-eu-us-gac-region-asymmetry--dead5bee65c2--ulti_dimension_rollup__lookback_days-30__limit_k-50/input/query.sql,query-collections/20260702T022122Z-clean-run-eu-us-gac-region-asymmetry--dead5bee65c2--ulti_dimension_rollup__lookback_days-30__limit_k-50/input/query_bindings.json,eu-analytics-1,20260702T022122Z,1782958892.060687,1782958896.265890,0,44,mixed_cache_first_observed,,"{""limit_k"":""50"",""lookback_days"":""30""}",{},,,,{},,,,,pilot-region-local-skew-asymmetric-medium-v1,calibration,dataset_region_asymmetry,"join_movement,gac_finalization_heavy,skew_imbalance",pilot,"{""fetch_size"":""high"",""wan_latency"":""high"",""work_mem"":""high""}",4.205204,9.0,0.0,1.0,6258.0,6264.0,300,,2,2,0,1.0,6,0,2,2,2,280800.0,280800.0,280800.0,1.0,8292352.0,8292352.0,8292352.0,1.0,65.0,65.0,65.0,1.0,true,364.832,395.46000000000004,380.146,4184.126666666667,32.0,2.0,2.0,4.0,2.0,64.0,64.0,false,800.0,12329.0,800.0,12329.0,,,false,false,false,false,false,false,false,,,,,2,"{""Seq Scan"":130}","{""seq_scan"":130}",0.0,[],6,2,0,2,1,0,0,0,0,0.0,6,6,6,1,1,1,0,0,6,1.0240345429315907,10968.38,1.0240345429315907,1.2,110985.0,6000.0,16581632.0,0.7163793659520576,0.023775705551781635,fdw_pushdown_fidelity_v1,5,available,"local_filter_after_remote,aggregate_not_pushdowned,sort_not_pushdowned,limit_not_pushdowned,projection_width_expansion",0.16666666666666669,0.8333333333333333,,
20260702T020726Z-clean-run-eu-us-gac-region-asymmetry-v1__pilot-region-local-skew-asymmetric-medium-v1__default__analytics_clients,pilot-region-local-skew-asymmetric-medium-v1,default,clean-run-eu-us-gac-region-asymmetry-v1,asymmetry_mr_daily_tenant_rollup__dataset-pilot-region-local-skew-asymmetric-medium-v1__runtime-default,daily_tenant_rollup,multiregion_union,20260702T020858Z-clean-run-eu-us-gac-region-asymmetry-v1__pilot-region-local-skew-asymmetric-medium-v1__default__analytics_clients__pilot-region-local-skew-asymmetric-medium-v1__default,20260702T022142Z-clean-run-eu-us-gac-region-asymmetry--fc00468f9816--rollup__lookback_days-30__min_value-500__limit_k-50,asymmetry_mr_daily_tenant_rollup__dataset-pilot-region-local-skew-asymmetric-medium-v1__runtime-default__gac_fdw_multiregion_daily_tenant_rollup__lookback_days-30__min_value-500__limit_k-50,gac_fdw_multiregion_daily_tenant_rollup,completed,False,0,0,disabled,false,bd2869d4baf6a1b37f3bc14e1f26b15ced24803fb049e074025947925c37329f,6e7afecfa4e75b8076676a8d8eacd5f8c201e92852c8a644d3cd191ac3cfd6d7,0914b69a9ec4adcafd4187e94889f978fc7828e5e70ba0b441e3875f45330c49,e5332aeadb625bfb7d733c55eab22a25566c3b0e43c16468333975148fddc416,"[{""fdw_region"":""eu"",""plan_fingerprint"":""b0d4753d68dc2d09c2ea6152fe3ab2532151574e17e3e8fd24914adb95487e18"",""remote_sql_id"":""auto_explain_eu_007""},{""fdw_region"":""us"",""plan_fingerprint"":""b0d4753d68dc2d09c2ea6152fe3ab2532151574e17e3e8fd24914adb95487e18"",""remote_sql_id"":""auto_explain_us_004""}]","{""limit_k"":50,""lookback_days"":30,""min_value"":500}","fdw_union_all,remote_aggregate_candidate,coordinator_fanin,daily_group_by",query-collections/20260702T022142Z-clean-run-eu-us-gac-region-asymmetry--fc00468f9816--rollup__lookback_days-30__min_value-500__limit_k-50,master-regimes/generated/corpus/region-asymmetry-companion-v1/groups/clean-run-eu-us-gac-region-asymmetry-v1__pilot-region-local-skew-asymmetric-medium-v1__default__analytics_clients/queries/asymmetry_mr_daily_tenant_rollup__dataset-pilot-region-local-skew-asymmetric-medium-v1__runtime-default__gac_fdw_multiregion_daily_tenant_rollup__lookback_days-30__min_value-500__limit_k-50.sql,query-collections/20260702T022142Z-clean-run-eu-us-gac-region-asymmetry--fc00468f9816--rollup__lookback_days-30__min_value-500__limit_k-50/input/query.sql,query-collections/20260702T022142Z-clean-run-eu-us-gac-region-asymmetry--fc00468f9816--rollup__lookback_days-30__min_value-500__limit_k-50/input/query_bindings.json,eu-analytics-1,20260702T022142Z,1782958912.139926,1782958913.492485,0,45,mixed_cache_first_observed,,"{""limit_k"":""50"",""lookback_days"":""30"",""min_value"":""500""}",{},,,,{},,,,,pilot-region-local-skew-asymmetric-medium-v1,calibration,dataset_region_asymmetry,"gac_finalization_heavy,skew_imbalance",pilot,"{""fetch_size"":""high"",""wan_latency"":""high"",""work_mem"":""high""}",1.352560,12.0,0.0,1.0,0.0,0.0,300,,2,2,0,1.0,2,0,2,2,2,99657.0,99994.0,99825.5,1.0016879454648362,2392064.0,2400256.0,2396160.0,1.0017094017094017,32.0,32.0,32.0,1.0,true,150.182,157.092,153.637,1286.84,32.0,2.0,2.0,4.0,2.0,64.0,64.0,false,699.0,6179.0,699.0,6179.0,,,false,false,false,false,false,false,false,,,,,2,"{""Seq Scan"":64}","{""seq_scan"":64}",0.0,[],2,2,0,2,1,2,0,0,0,0.0,2,2,2,1,1,1,0,0,2,1.0343218012081274,3860.52,1.0343218012081274,1.0,0.0,1854.0,4790272.0,0.40269695152699714,0.030996152201795638,fdw_pushdown_fidelity_v1,5,available,"local_filter_after_remote,aggregate_not_pushdowned,sort_not_pushdowned,limit_not_pushdowned",0.2,0.8,,
20260702T020726Z-clean-run-eu-us-gac-region-asymmetry-v1__pilot-region-local-skew-asymmetric-medium-v1__default__analytics_clients,pilot-region-local-skew-asymmetric-medium-v1,default,clean-run-eu-us-gac-region-asymmetry-v1,asymmetry_mr_daily_tenant_rollup__dataset-pilot-region-local-skew-asymmetric-medium-v1__runtime-default,daily_tenant_rollup,multiregion_union,20260702T020858Z-clean-run-eu-us-gac-region-asymmetry-v1__pilot-region-local-skew-asymmetric-medium-v1__default__analytics_clients__pilot-region-local-skew-asymmetric-medium-v1__default,20260702T022158Z-clean-run-eu-us-gac-region-asymmetry--9fab3c6d786a--_rollup__lookback_days-1__min_value-500__limit_k-50,asymmetry_mr_daily_tenant_rollup__dataset-pilot-region-local-skew-asymmetric-medium-v1__runtime-default__gac_fdw_multiregion_daily_tenant_rollup__lookback_days-1__min_value-500__limit_k-50,gac_fdw_multiregion_daily_tenant_rollup,completed,False,0,0,disabled,false,bd2869d4baf6a1b37f3bc14e1f26b15ced24803fb049e074025947925c37329f,f795cb9005c0b962920e2fc1d9a48c9faf4dd03f8db46e147ac3a46bffe182c9,0914b69a9ec4adcafd4187e94889f978fc7828e5e70ba0b441e3875f45330c49,71905da418ed61434000eb21f8ad3e5c10813fd3ef30b6a67abfc2604b74639a,"[{""fdw_region"":""eu"",""plan_fingerprint"":""b0d4753d68dc2d09c2ea6152fe3ab2532151574e17e3e8fd24914adb95487e18"",""remote_sql_id"":""auto_explain_eu_009""},{""fdw_region"":""us"",""plan_fingerprint"":""b0d4753d68dc2d09c2ea6152fe3ab2532151574e17e3e8fd24914adb95487e18"",""remote_sql_id"":""auto_explain_us_006""}]","{""limit_k"":50,""lookback_days"":1,""min_value"":500}","fdw_union_all,remote_aggregate_candidate,coordinator_fanin,daily_group_by",query-collections/20260702T022158Z-clean-run-eu-us-gac-region-asymmetry--9fab3c6d786a--_rollup__lookback_days-1__min_value-500__limit_k-50,master-regimes/generated/corpus/region-asymmetry-companion-v1/groups/clean-run-eu-us-gac-region-asymmetry-v1__pilot-region-local-skew-asymmetric-medium-v1__default__analytics_clients/queries/asymmetry_mr_daily_tenant_rollup__dataset-pilot-region-local-skew-asymmetric-medium-v1__runtime-default__gac_fdw_multiregion_daily_tenant_rollup__lookback_days-1__min_value-500__limit_k-50.sql,query-collections/20260702T022158Z-clean-run-eu-us-gac-region-asymmetry--9fab3c6d786a--_rollup__lookback_days-1__min_value-500__limit_k-50/input/query.sql,query-collections/20260702T022158Z-clean-run-eu-us-gac-region-asymmetry--9fab3c6d786a--_rollup__lookback_days-1__min_value-500__limit_k-50/input/query_bindings.json,eu-analytics-1,20260702T022158Z,1782958927.672056,1782958928.983316,0,46,mixed_cache_first_observed,,"{""limit_k"":""50"",""lookback_days"":""1"",""min_value"":""500""}",{},,,,{},,,,,pilot-region-local-skew-asymmetric-medium-v1,calibration,dataset_region_asymmetry,"gac_finalization_heavy,skew_imbalance",pilot,"{""fetch_size"":""high"",""wan_latency"":""high"",""work_mem"":""high""}",1.311261,12.0,0.0,1.0,0.0,0.0,300,,2,2,0,1.0,2,0,2,2,2,99657.0,99994.0,99825.5,1.0016879454648362,2392064.0,2400256.0,2396160.0,1.0017094017094017,32.0,32.0,32.0,1.0,true,168.738,194.713,181.7255,42.17333333333333,32.0,2.0,2.0,4.0,2.0,64.0,64.0,false,699.0,6179.0,699.0,6179.0,,,false,false,false,false,false,false,false,,,,,2,"{""Seq Scan"":64}","{""seq_scan"":64}",0.0,[],2,2,0,2,1,2,0,0,0,0.0,2,2,2,1,1,1,0,0,2,31.560385709769207,126.52,31.560385709769207,1.0,0.0,1854.0,4790272.0,0.40269695152699714,0.030996152201795638,fdw_pushdown_fidelity_v1,5,available,"local_filter_after_remote,aggregate_not_pushdowned,sort_not_pushdowned,limit_not_pushdowned",0.2,0.8,,
20260702T020726Z-clean-run-eu-us-gac-region-asymmetry-v1__pilot-region-local-skew-asymmetric-medium-v1__default__analytics_clients,pilot-region-local-skew-asymmetric-medium-v1,default,clean-run-eu-us-gac-region-asymmetry-v1,asymmetry_mr_global_user_join__dataset-pilot-region-local-skew-asymmetric-medium-v1__runtime-default,global_user_topk,multiregion_union,20260702T020858Z-clean-run-eu-us-gac-region-asymmetry-v1__pilot-region-local-skew-asymmetric-medium-v1__default__analytics_clients__pilot-region-local-skew-asymmetric-medium-v1__default,20260702T022214Z-clean-run-eu-us-gac-region-asymmetry--bb21839d8b65--gion_global_user_join__lookback_days-30__limit_k-25,asymmetry_mr_global_user_join__dataset-pilot-region-local-skew-asymmetric-medium-v1__runtime-default__gac_fdw_multiregion_global_user_join__lookback_days-30__limit_k-25,gac_fdw_multiregion_global_user_join,completed,False,0,0,disabled,false,a77ebdf1bca778e3be6bccf75904bd282be19ff442406f429dbf9364d5c193c7,fbe5524098c387d4882eb33b7d43d53978779aac6319309925b1ea5523cbc0cc,5f95d7d45ef0ac2b5b3fa855af821e6ac14bdcdcec6284b972d0e640c5aad5f1,a021dd0db8d0071717fcc2a6066c77a028f63e84abe8a6a03ba6adf8367d124c,"[{""fdw_region"":""eu"",""plan_fingerprint"":""b0d4753d68dc2d09c2ea6152fe3ab2532151574e17e3e8fd24914adb95487e18"",""remote_sql_id"":""auto_explain_eu_017""},{""fdw_region"":""eu"",""plan_fingerprint"":""b0d4753d68dc2d09c2ea6152fe3ab2532151574e17e3e8fd24914adb95487e18"",""remote_sql_id"":""auto_explain_eu_018""},{""fdw_region"":""us"",""plan_fingerprint"":""b0d4753d68dc2d09c2ea6152fe3ab2532151574e17e3e8fd24914adb95487e18"",""remote_sql_id"":""auto_explain_us_006""},{""fdw_region"":""us"",""plan_fingerprint"":""b0d4753d68dc2d09c2ea6152fe3ab2532151574e17e3e8fd24914adb95487e18"",""remote_sql_id"":""auto_explain_us_007""}]","{""limit_k"":25,""lookback_days"":30}","fdw_remote_join,non_colocated_join,fdw_union_all,topk",query-collections/20260702T022214Z-clean-run-eu-us-gac-region-asymmetry--bb21839d8b65--gion_global_user_join__lookback_days-30__limit_k-25,master-regimes/generated/corpus/region-asymmetry-companion-v1/groups/clean-run-eu-us-gac-region-asymmetry-v1__pilot-region-local-skew-asymmetric-medium-v1__default__analytics_clients/queries/asymmetry_mr_global_user_join__dataset-pilot-region-local-skew-asymmetric-medium-v1__runtime-default__gac_fdw_multiregion_global_user_join__lookback_days-30__limit_k-25.sql,query-collections/20260702T022214Z-clean-run-eu-us-gac-region-asymmetry--bb21839d8b65--gion_global_user_join__lookback_days-30__limit_k-25/input/query.sql,query-collections/20260702T022214Z-clean-run-eu-us-gac-region-asymmetry--bb21839d8b65--gion_global_user_join__lookback_days-30__limit_k-25/input/query_bindings.json,eu-analytics-1,20260702T022214Z,1782958943.596316,1782958948.194118,0,47,mixed_cache_first_observed,,"{""limit_k"":""25"",""lookback_days"":""30""}",{},,,,{},,,,,pilot-region-local-skew-asymmetric-medium-v1,calibration,dataset_region_asymmetry,"join_movement,gac_finalization_heavy,skew_imbalance",pilot,"{""fetch_size"":""high"",""wan_latency"":""high"",""work_mem"":""high""}",4.597803,6.0,0.0,1.0,8958.0,5784.0,300,,2,2,0,1.0,4,0,2,2,2,280000.0,280000.0,280000.0,1.0,8930304.0,8930304.0,8930304.0,1.0,64.0,64.0,64.0,1.0,true,436.397,488.727,462.562,8586.929292929293,32.0,2.0,2.0,4.0,2.0,64.0,64.0,false,0.0,12329.0,0.0,12329.0,,,false,false,false,false,false,false,false,,,,,2,"{""Seq Scan"":128}","{""seq_scan"":128}",0.0,[],4,2,0,2,1,0,0,0,0,0.0,4,4,4,1,1,1,0,0,4,1.024125470000439,30378.222222222223,1.024125470000439,0.9444444444444444,137050.0,6396.0,17852416.0,0.6322539447900944,0.022083285534013997,fdw_pushdown_fidelity_v1,5,available,"local_filter_after_remote,aggregate_not_pushdowned,sort_not_pushdowned,limit_not_pushdowned",0.2,0.8,,
20260702T020726Z-clean-run-eu-us-gac-region-asymmetry-v1__pilot-region-local-skew-asymmetric-medium-v1__default__analytics_clients,pilot-region-local-skew-asymmetric-medium-v1,default,clean-run-eu-us-gac-region-asymmetry-v1,asymmetry_mr_event_filter_summary__dataset-pilot-region-local-skew-asymmetric-medium-v1__runtime-default,event_filter_summary,multiregion_union,20260702T020858Z-clean-run-eu-us-gac-region-asymmetry-v1__pilot-region-local-skew-asymmetric-medium-v1__default__analytics_clients__pilot-region-local-skew-asymmetric-medium-v1__default,20260702T022234Z-clean-run-eu-us-gac-region-asymmetry--7ed84d8c81ca--vent_filter_summary__lookback_days-7__min_value-900,asymmetry_mr_event_filter_summary__dataset-pilot-region-local-skew-asymmetric-medium-v1__runtime-default__gac_fdw_multiregion_event_filter_summary__lookback_days-7__min_value-900,gac_fdw_multiregion_event_filter_summary,completed,False,0,0,disabled,false,bbe7abed7ec3fa20d9b0211e15005ac4028b7410ffe8507f3df23c0161777d45,f4a6faa9a44de6055a2102a6485f3ee56a1f8670f72823ad2fd041897258a974,8b2261d3fb2d47cecc5dbf1f4d6cf256fa8eb686e3f77b3778f69660e9f872d2,e5332aeadb625bfb7d733c55eab22a25566c3b0e43c16468333975148fddc416,"[{""fdw_region"":""eu"",""plan_fingerprint"":""b0d4753d68dc2d09c2ea6152fe3ab2532151574e17e3e8fd24914adb95487e18"",""remote_sql_id"":""auto_explain_eu_007""},{""fdw_region"":""us"",""plan_fingerprint"":""b0d4753d68dc2d09c2ea6152fe3ab2532151574e17e3e8fd24914adb95487e18"",""remote_sql_id"":""auto_explain_us_004""}]","{""lookback_days"":7,""min_value"":900}","fdw_union_all,selective_filter,remote_pushdown_candidate",query-collections/20260702T022234Z-clean-run-eu-us-gac-region-asymmetry--7ed84d8c81ca--vent_filter_summary__lookback_days-7__min_value-900,master-regimes/generated/corpus/region-asymmetry-companion-v1/groups/clean-run-eu-us-gac-region-asymmetry-v1__pilot-region-local-skew-asymmetric-medium-v1__default__analytics_clients/queries/asymmetry_mr_event_filter_summary__dataset-pilot-region-local-skew-asymmetric-medium-v1__runtime-default__gac_fdw_multiregion_event_filter_summary__lookback_days-7__min_value-900.sql,query-collections/20260702T022234Z-clean-run-eu-us-gac-region-asymmetry--7ed84d8c81ca--vent_filter_summary__lookback_days-7__min_value-900/input/query.sql,query-collections/20260702T022234Z-clean-run-eu-us-gac-region-asymmetry--7ed84d8c81ca--vent_filter_summary__lookback_days-7__min_value-900/input/query_bindings.json,eu-analytics-1,20260702T022234Z,1782958963.258629,1782958963.647415,0,48,mixed_cache_first_observed,,"{""lookback_days"":""7"",""min_value"":""900""}",{},,,,{},,,,,pilot-region-local-skew-asymmetric-medium-v1,calibration,dataset_region_asymmetry,well_reduced_localized,pilot,"{""fetch_size"":""low"",""wan_latency"":""low"",""work_mem"":""none""}",0.388787,0.0,0.0,,0.0,0.0,300,,2,2,0,1.0,2,0,2,2,2,19678.0,20269.0,19973.5,1.0147946028487747,314368.0,324608.0,319488.0,1.016025641025641,32.0,32.0,32.0,1.0,true,66.439,76.283,71.36099999999999,1979.7777777777778,32.0,2.0,2.0,4.0,2.0,64.0,64.0,false,132.0,1270.0,132.0,1270.0,,,false,false,false,false,false,false,false,,,,,2,"{""Seq Scan"":64}","{""seq_scan"":64}",0.0,[],2,2,0,2,1,2,0,0,0,0.0,2,0,0,1,0,0,0,0,2,4.48389269278258,8909.0,4.48389269278258,1.0,0.0,0.0,638192.0,0.4052457712638473,0.03209065610349236,fdw_pushdown_fidelity_v1,3,available,"local_filter_after_remote,aggregate_not_pushdowned",0.3333333333333333,0.6666666666666667,,
20260702T022303Z-clean-run-eu-us-gac-region-asymmetry-v1__pilot-region-local-skew-asymmetric-medium-v1__default__coordinators,pilot-region-local-skew-asymmetric-medium-v1,default,clean-run-eu-us-gac-region-asymmetry-v1,asymmetry_single_region_top_tenants_control__dataset-pilot-region-local-skew-asymmetric-medium-v1__runtime-default,top_tenants,single_region_citus,20260702T022331Z-clean-run-eu-us-gac-region-asymmetry-v1__pilot-region-local-skew-asymmetric-medium-v1__default__coordinators__pilot-region-local-skew-asymmetric-medium-v1__default,20260702T022331Z-clean-run-eu-us-gac-region-asymmetry--f181cf629b85--fault__q10_top_tenants__lookback_days-7__limit_k-25,asymmetry_single_region_top_tenants_control__dataset-pilot-region-local-skew-asymmetric-medium-v1__runtime-default__q10_top_tenants__lookback_days-7__limit_k-25,q10_top_tenants,completed,False,0,0,disabled,false,0d0e60b86d62863d6d89e5d918d7eac5d5ff2a88e25e193f6667b216e2fd2705,05f3f59ad2d389e8f699bf1bd83fa06e07e6c3f759f69f74b72099bb28418088,41fdf51cd70e75602bcd0511e2c6056f9294a6b4d491850b40ca7b3f9f5f1187,,,"{""limit_k"":25,""lookback_days"":7}","topk,final_ordering,high_group_cardinality",query-collections/20260702T022331Z-clean-run-eu-us-gac-region-asymmetry--f181cf629b85--fault__q10_top_tenants__lookback_days-7__limit_k-25,master-regimes/generated/corpus/region-asymmetry-companion-v1/groups/clean-run-eu-us-gac-region-asymmetry-v1__pilot-region-local-skew-asymmetric-medium-v1__default__coordinators/queries/asymmetry_single_region_top_tenants_control__dataset-pilot-region-local-skew-asymmetric-medium-v1__runtime-default__q10_top_tenants__lookback_days-7__limit_k-25.sql,query-collections/20260702T022331Z-clean-run-eu-us-gac-region-asymmetry--f181cf629b85--fault__q10_top_tenants__lookback_days-7__limit_k-25/input/query.sql,query-collections/20260702T022331Z-clean-run-eu-us-gac-region-asymmetry--f181cf629b85--fault__q10_top_tenants__lookback_days-7__limit_k-25/input/query_bindings.json,eu-coord-1,20260702T022331Z,1782959020.370781,1782959020.552583,0,1,mixed_cache_first_observed,,"{""limit_k"":""25"",""lookback_days"":""7""}",{},,,,{},,,,,pilot-region-local-skew-asymmetric-medium-v1,negative_control,dataset_region_asymmetry,"well_reduced_localized,gac_finalization_heavy",pilot,"{""fetch_size"":""none"",""wan_latency"":""none"",""work_mem"":""high""}",0.181802,78.0,0.0,1.0,0.0,0.0,300,,2,0,2,0.0,0,0,0,0,0,,,,,,,,,,,,,,,,,,32.0,2.0,2.0,4.0,1.0,64.0,32.0,false,,,,,,,,,,,,,,,,,,,,,,,,,,,,,,,,,,,,,,,,,,,,,,0.0,0.0,,,,fdw_pushdown_fidelity_v1,0,not_applicable_no_fdw,,,,,
20260702T022303Z-clean-run-eu-us-gac-region-asymmetry-v1__pilot-region-local-skew-asymmetric-medium-v1__default__coordinators,pilot-region-local-skew-asymmetric-medium-v1,default,clean-run-eu-us-gac-region-asymmetry-v1,asymmetry_single_region_top_tenants_control__dataset-pilot-region-local-skew-asymmetric-medium-v1__runtime-default,top_tenants,single_region_citus,20260702T022331Z-clean-run-eu-us-gac-region-asymmetry-v1__pilot-region-local-skew-asymmetric-medium-v1__default__coordinators__pilot-region-local-skew-asymmetric-medium-v1__default,20260702T022345Z-clean-run-eu-us-gac-region-asymmetry--2d518a52e3de--ault__q10_top_tenants__lookback_days-30__limit_k-25,asymmetry_single_region_top_tenants_control__dataset-pilot-region-local-skew-asymmetric-medium-v1__runtime-default__q10_top_tenants__lookback_days-30__limit_k-25,q10_top_tenants,completed,False,0,0,disabled,false,0d0e60b86d62863d6d89e5d918d7eac5d5ff2a88e25e193f6667b216e2fd2705,8429641a1c80cceb122d877fdfcef2b3edbe5619a9584417403320f2f350cfea,41fdf51cd70e75602bcd0511e2c6056f9294a6b4d491850b40ca7b3f9f5f1187,,,"{""limit_k"":25,""lookback_days"":30}","topk,final_ordering,high_group_cardinality",query-collections/20260702T022345Z-clean-run-eu-us-gac-region-asymmetry--2d518a52e3de--ault__q10_top_tenants__lookback_days-30__limit_k-25,master-regimes/generated/corpus/region-asymmetry-companion-v1/groups/clean-run-eu-us-gac-region-asymmetry-v1__pilot-region-local-skew-asymmetric-medium-v1__default__coordinators/queries/asymmetry_single_region_top_tenants_control__dataset-pilot-region-local-skew-asymmetric-medium-v1__runtime-default__q10_top_tenants__lookback_days-30__limit_k-25.sql,query-collections/20260702T022345Z-clean-run-eu-us-gac-region-asymmetry--2d518a52e3de--ault__q10_top_tenants__lookback_days-30__limit_k-25/input/query.sql,query-collections/20260702T022345Z-clean-run-eu-us-gac-region-asymmetry--2d518a52e3de--ault__q10_top_tenants__lookback_days-30__limit_k-25/input/query_bindings.json,eu-coord-1,20260702T022345Z,1782959035.614950,1782959035.800759,0,2,mixed_cache_first_observed,,"{""limit_k"":""25"",""lookback_days"":""30""}",{},,,,{},,,,,pilot-region-local-skew-asymmetric-medium-v1,negative_control,dataset_region_asymmetry,"well_reduced_localized,gac_finalization_heavy",pilot,"{""fetch_size"":""none"",""wan_latency"":""none"",""work_mem"":""high""}",0.185810,78.0,0.0,1.0,0.0,0.0,300,,2,0,2,0.0,0,0,0,0,0,,,,,,,,,,,,,,,,,,32.0,2.0,2.0,4.0,1.0,64.0,32.0,false,,,,,,,,,,,,,,,,,,,,,,,,,,,,,,,,,,,,,,,,,,,,,,0.0,0.0,,,,fdw_pushdown_fidelity_v1,0,not_applicable_no_fdw,,,,,
